routes,canonical_bitstring,provider_bitstrings,counts,probability,one_hot,joint_feasible,assignment,weighted_cost,worst_case_regret,base_energy,transformed_energy,scenario_costs,scenario_regrets
"[0, 0, 0, 0, 0, 1, 1, 1, 1, 1, 0, 1, 0, 1, 1, 1, 0, 0]",000001111101011100,"[""000001111101011100""]",2,0.00048828125,False,False,,,,7.961303500755676,0.27940505101162844,{},{}
"[0, 0, 0, 0, 1, 0, 1, 1, 0, 1, 1, 0, 0, 1, 0, 1, 0, 0]",000010110110010100,"[""000010110110010100""]",2,0.00048828125,False,False,,,,3.473169546037804,0.11755957749112998,{},{}
"[0, 0, 0, 1, 0, 1, 1, 1, 1, 0, 1, 1, 0, 0, 1, 0, 1, 0]",000101111011001010,"[""000101111011001010""]",2,0.00048828125,False,False,,,,7.993172521726568,0.280554271788394,{},{}
"[0, 0, 1, 0, 1, 0, 0, 1, 0, 1, 0, 1, 1, 1, 0, 1, 0, 0]",001010010101110100,"[""001010010101110100""]",2,0.00048828125,False,False,,,,2.683387392314975,0.08907944121691189,{},{}
"[0, 0, 1, 1, 0, 0, 0, 0, 0, 0, 0, 1, 0, 1, 0, 0, 1, 0]",001100000001010010,"[""001100000001010010""]",2,0.00048828125,False,False,,,,1.054946882327673,0.030356656180201867,{},{}
"[0, 0, 1, 1, 1, 1, 1, 0, 0, 0, 1, 1, 0, 1, 0, 0, 1, 0]",001111100011010010,"[""001111100011010010""]",2,0.00048828125,False,False,,,,6.016558361335535,0.20927608401961587,{},{}
"[0, 1, 0, 0, 0, 0, 0, 1, 0, 1, 0, 1, 1, 1, 0, 0, 0, 1]",010000010101110001,"[""010000010101110001""]",2,0.00048828125,False,False,,,,3.429705576178515,0.11599223416895423,{},{}
"[0, 1, 0, 0, 1, 0, 1, 1, 0, 0, 0, 1, 0, 0, 0, 1, 0, 0]",010010110001000100,"[""010010110001000100""]",2,0.00048828125,False,False,,,,2.2660993501623756,0.07403172172858515,{},{}
"[0, 1, 0, 1, 1, 1, 0, 1, 0, 0, 1, 0, 0, 0, 0, 0, 0, 0]",010111010010000000,"[""010111010010000000""]",2,0.00048828125,False,False,,,,6.393453847848328,0.2228672176840379,{},{}
"[0, 1, 1, 0, 0, 1, 0, 1, 1, 0, 1, 1, 0, 0, 1, 0, 0, 1]",011001011011001001,"[""011001011011001001""]",2,0.00048828125,False,False,,,,4.286418654639212,0.14688594974286726,{},{}
"[0, 1, 1, 0, 0, 1, 1, 0, 0, 0, 1, 0, 0, 1, 1, 0, 0, 1]",011001100010011001,"[""011001100010011001""]",2,0.00048828125,False,False,,,,2.826548058436961,0.09424192211248919,{},{}
"[0, 1, 1, 0, 0, 1, 1, 1, 1, 0, 1, 0, 0, 0, 0, 1, 0, 0]",011001111010000100,"[""011001111010000100""]",2,0.00048828125,False,False,,,,6.81252687777711,0.23797930516912663,{},{}
"[0, 1, 1, 0, 1, 0, 0, 1, 0, 1, 0, 0, 1, 1, 1, 1, 0, 1]",011010010100111101,"[""011010010100111101""]",2,0.00048828125,False,False,,,,7.300607490307884,0.2555798577926019,{},{}
"[0, 1, 1, 0, 1, 0, 1, 0, 0, 1, 0, 0, 0, 1, 0, 0, 1, 0]",011010100100010010,"[""011010100100010010""]",2,0.00048828125,False,False,,,,1.5489583080842309,0.048171078372761536,{},{}
"[0, 1, 1, 0, 1, 1, 0, 0, 0, 1, 0, 1, 0, 0, 1, 1, 1, 0]",011011000101001110,"[""011011000101001110""]",2,0.00048828125,False,False,,,,6.075407167525372,0.21139821606825898,{},{}
"[0, 1, 1, 0, 1, 1, 1, 0, 0, 1, 1, 1, 1, 0, 1, 1, 1, 0]",011011100111101110,"[""011011100111101110""]",2,0.00048828125,False,False,,,,9.81243384168719,0.34615819822134797,{},{}
"[0, 1, 1, 1, 0, 0, 1, 0, 0, 0, 0, 0, 1, 0, 1, 1, 0, 1]",011100100000101101,"[""011100100000101101""]",2,0.00048828125,False,False,,,,4.860578818212807,0.1675905954793194,{},{}
"[0, 1, 1, 1, 0, 1, 0, 0, 1, 1, 0, 1, 1, 0, 0, 1, 1, 1]",011101001101100111,"[""011101001101100111""]",2,0.00048828125,False,False,,,,8.655365246887177,0.30443343766150466,{},{}
"[1, 0, 0, 0, 0, 1, 1, 1, 0, 0, 1, 0, 0, 0, 1, 1, 0, 0]",100001110010001100,"[""100001110010001100""]",2,0.00048828125,False,False,,,,1.4645279804676616,0.045126457492355256,{},{}
"[1, 0, 0, 1, 0, 0, 0, 1, 1, 1, 1, 0, 1, 1, 0, 1, 1, 0]",100100011110110110,"[""100100011110110110""]",2,0.00048828125,False,False,,,,5.306724230413465,0.18367893335540056,{},{}
"[1, 0, 1, 0, 0, 1, 0, 0, 1, 0, 0, 0, 0, 0, 0, 1, 0, 0]",101001001000000100,"[""101001001000000100""]",2,0.00048828125,False,False,,,,3.1815294390195734,0.10704281669607449,{},{}
"[1, 0, 1, 0, 0, 1, 0, 1, 0, 0, 1, 1, 0, 0, 1, 0, 1, 0]",101001010011001010,"[""101001010011001010""]",2,0.00048828125,False,False,,,,2.812654853619204,0.09374092273610393,{},{}
"[1, 0, 1, 0, 1, 0, 0, 0, 1, 0, 0, 0, 1, 0, 0, 1, 1, 1]",101010001000100111,"[""101010001000100111""]",2,0.00048828125,False,False,,,,6.803932593188893,0.23766938882688204,{},{}
"[1, 0, 1, 1, 0, 0, 1, 1, 1, 0, 1, 0, 0, 0, 1, 1, 0, 1]",101100111010001101,"[""101100111010001101""]",2,0.00048828125,False,False,,,,7.382684173334633,0.2585396044854323,{},{}
"[1, 0, 1, 1, 0, 0, 1, 1, 1, 1, 1, 0, 0, 0, 0, 1, 1, 0]",101100111110000110,"[""101100111110000110""]",2,0.00048828125,False,False,,,,9.35685565545451,0.3297297074453696,{},{}
"[1, 1, 0, 0, 0, 1, 0, 0, 0, 1, 1, 1, 1, 0, 0, 0, 1, 0]",110001000111100010,"[""110001000111100010""]",2,0.00048828125,False,False,,,,6.654683850604308,0.23228736733205801,{},{}
"[1, 1, 0, 0, 1, 1, 0, 1, 1, 1, 0, 1, 1, 0, 1, 0, 1, 1]",110011011101101011,"[""110011011101101011""]",2,0.00048828125,False,False,,,,7.887686452737553,0.276750365096305,{},{}
"[1, 1, 0, 1, 1, 0, 0, 0, 0, 0, 1, 0, 1, 0, 1, 0, 0, 1]",110110000010101001,"[""110110000010101001""]",2,0.00048828125,False,False,,,,4.7307055941174845,0.16290726969996158,{},{}
"[1, 1, 0, 1, 1, 1, 0, 1, 0, 0, 0, 0, 0, 0, 1, 0, 1, 1]",110111010000001011,"[""110111010000001011""]",2,0.00048828125,False,False,,,,8.153755890445703,0.2863450283950557,{},{}
"[1, 1, 0, 1, 1, 1, 0, 1, 0, 0, 0, 1, 1, 0, 1, 0, 0, 0]",110111010001101000,"[""110111010001101000""]",2,0.00048828125,False,False,,,,8.011182679091847,0.2812037315586173,{},{}
"[1, 1, 0, 1, 1, 1, 1, 1, 1, 1, 0, 0, 1, 0, 1, 0, 1, 0]",110111111100101010,"[""110111111100101010""]",2,0.00048828125,False,False,,,,11.963345136363293,0.42372167125929233,{},{}
"[1, 1, 1, 0, 0, 0, 1, 0, 1, 0, 1, 0, 0, 1, 1, 1, 0, 1]",111000101010011101,"[""111000101010011101""]",2,0.00048828125,False,False,,,,9.283806772111246,0.32709550997396697,{},{}
"[1, 1, 1, 0, 0, 0, 1, 1, 0, 1, 0, 0, 1, 1, 1, 0, 1, 1]",111000110100111011,"[""111000110100111011""]",2,0.00048828125,False,False,,,,12.576020135162482,0.44581519081447213,{},{}
"[1, 1, 1, 0, 0, 1, 1, 0, 0, 0, 1, 1, 0, 1, 0, 0, 1, 0]",111001100011010010,"[""111001100011010010""]",2,0.00048828125,False,False,,,,6.009381421454205,0.20901727818956684,{},{}
"[0, 0, 0, 0, 0, 0, 0, 0, 0, 0, 0, 1, 1, 0, 1, 0, 1, 1]",000000000001101011,"[""000000000001101011""]",1,0.000244140625,False,False,,,,5.028057269170918,0.1736299939182412,{},{}
"[0, 0, 0, 0, 0, 0, 0, 0, 0, 0, 1, 0, 0, 1, 1, 0, 1, 0]",000000000010011010,"[""000000000010011010""]",1,0.000244140625,False,False,,,,3.840468962979442,0.1308046696961507,{},{}
"[0, 0, 0, 0, 0, 0, 0, 0, 0, 0, 1, 0, 1, 0, 1, 0, 0, 0]",000000000010101000,"[""000000000010101000""]",1,0.000244140625,False,False,,,,4.5663884429616175,0.15698187010077955,{},{}
"[0, 0, 0, 0, 0, 0, 0, 0, 0, 1, 0, 0, 1, 0, 1, 1, 1, 1]",000000000100101111,"[""000000000100101111""]",1,0.000244140625,False,False,,,,8.208067378589929,0.2883035413550054,{},{}
"[0, 0, 0, 0, 0, 0, 0, 0, 0, 1, 0, 1, 0, 0, 1, 0, 1, 0]",000000000101001010,"[""000000000101001010""]",1,0.000244140625,False,False,,,,3.805004834015811,0.12952580663122873,{},{}
"[0, 0, 0, 0, 0, 0, 0, 0, 0, 1, 0, 1, 0, 1, 1, 0, 1, 1]",000000000101011011,"[""000000000101011011""]",1,0.000244140625,False,False,,,,6.227667276901032,0.21688882970609005,{},{}
"[0, 0, 0, 0, 0, 0, 0, 0, 0, 1, 0, 1, 1, 1, 0, 1, 1, 1]",000000000101110111,"[""000000000101110111""]",1,0.000244140625,False,False,,,,9.391882353635049,0.33099279642847135,{},{}
"[0, 0, 0, 0, 0, 0, 0, 0, 0, 1, 1, 0, 0, 1, 0, 0, 0, 1]",000000000110010001,"[""000000000110010001""]",1,0.000244140625,False,False,,,,3.7804565516436446,0.1286405771740148,{},{}
"[0, 0, 0, 0, 0, 0, 0, 0, 0, 1, 1, 1, 1, 0, 1, 1, 0, 1]",000000000111101101,"[""000000000111101101""]",1,0.000244140625,False,False,,,,9.402434688627116,0.33137332153551335,{},{}
"[0, 0, 0, 0, 0, 0, 0, 0, 1, 0, 0, 0, 1, 0, 0, 1, 1, 0]",000000001000100110,"[""000000001000100110""]",1,0.000244140625,False,False,,,,3.812715926981624,0.12980387442176353,{},{}
"[0, 0, 0, 0, 0, 0, 0, 0, 1, 0, 1, 0, 1, 0, 1, 0, 1, 0]",000000001010101010,"[""000000001010101010""]",1,0.000244140625,False,False,,,,3.0040201183914768,0.10064169758037682,{},{}
"[0, 0, 0, 0, 0, 0, 0, 0, 1, 0, 1, 1, 0, 1, 0, 1, 0, 0]",000000001011010100,"[""000000001011010100""]",1,0.000244140625,False,False,,,,2.9816782695898745,0.09983603377107414,{},{}
"[0, 0, 0, 0, 0, 0, 0, 0, 1, 1, 0, 0, 1, 1, 1, 0, 1, 1]",000000001100111011,"[""000000001100111011""]",1,0.000244140625,False,False,,,,7.432718438445159,0.2603438775777162,{},{}
"[0, 0, 0, 0, 0, 0, 0, 0, 1, 1, 1, 0, 0, 0, 0, 0, 1, 1]",000000001110000011,"[""000000001110000011""]",1,0.000244140625,False,False,,,,5.078084292507885,0.17543400586674407,{},{}
"[0, 0, 0, 0, 0, 0, 0, 0, 1, 1, 1, 0, 1, 0, 0, 1, 0, 1]",000000001110100101,"[""000000001110100101""]",1,0.000244140625,False,False,,,,4.262190373498803,0.1460122597698585,{},{}
"[0, 0, 0, 0, 0, 0, 0, 0, 1, 1, 1, 1, 0, 0, 0, 0, 0, 1]",000000001111000001,"[""000000001111000001""]",1,0.000244140625,False,False,,,,7.064944078472462,0.24708165857110434,{},{}
"[0, 0, 0, 0, 0, 0, 0, 1, 0, 0, 1, 0, 1, 1, 0, 1, 1, 0]",000000010010110110,"[""000000010010110110""]",1,0.000244140625,False,False,,,,4.225610830341259,0.14469317403328574,{},{}
"[0, 0, 0, 0, 0, 0, 0, 1, 0, 0, 1, 1, 0, 0, 0, 1, 0, 0]",000000010011000100,"[""000000010011000100""]",1,0.000244140625,False,False,,,,3.7915606026077278,0.1290409975724275,{},{}
"[0, 0, 0, 0, 0, 0, 0, 1, 0, 0, 1, 1, 1, 1, 0, 1, 1, 0]",000000010011110110,"[""000000010011110110""]",1,0.000244140625,False,False,,,,5.418410131859458,0.18770641065163618,{},{}
"[0, 0, 0, 0, 0, 0, 0, 1, 0, 1, 0, 0, 0, 0, 1, 1, 1, 1]",000000010100001111,"[""000000010100001111""]",1,0.000244140625,False,False,,,,6.214367455375405,0.21640922817586156,{},{}
"[0, 0, 0, 0, 0, 0, 0, 1, 0, 1, 0, 0, 0, 1, 0, 1, 0, 0]",000000010100010100,"[""000000010100010100""]",1,0.000244140625,False,False,,,,1.7684936618510998,0.056087687734997595,{},{}
"[0, 0, 0, 0, 0, 0, 0, 1, 0, 1, 1, 1, 0, 0, 1, 1, 0, 0]",000000010111001100,"[""000000010111001100""]",1,0.000244140625,False,False,,,,6.187123483179826,0.21542679012364213,{},{}
"[0, 0, 0, 0, 0, 0, 0, 1, 0, 1, 1, 1, 0, 1, 0, 1, 1, 1]",000000010111010111,"[""000000010111010111""]",1,0.000244140625,False,False,,,,10.673052632384554,0.37719275670519997,{},{}
"[0, 0, 0, 0, 0, 0, 0, 1, 0, 1, 1, 1, 0, 1, 1, 0, 0, 1]",000000010111011001,"[""000000010111011001""]",1,0.000244140625,False,False,,,,7.442519072526958,0.26069729578665857,{},{}
"[0, 0, 0, 0, 0, 0, 0, 1, 1, 0, 0, 0, 0, 0, 1, 1, 0, 1]",000000011000001101,"[""000000011000001101""]",1,0.000244140625,False,False,,,,5.1123573062374055,0.17666991642378033,{},{}
"[0, 0, 0, 0, 0, 0, 0, 1, 1, 0, 0, 0, 0, 1, 0, 1, 0, 0]",000000011000010100,"[""000000011000010100""]",1,0.000244140625,False,False,,,,3.8390715537694313,0.13075427807291085,{},{}
"[0, 0, 0, 0, 0, 0, 0, 1, 1, 0, 0, 0, 1, 1, 0, 1, 1, 1]",000000011000110111,"[""000000011000110111""]",1,0.000244140625,False,False,,,,9.510429959521783,0.3352677119285516,{},{}
"[0, 0, 0, 0, 0, 0, 0, 1, 1, 0, 1, 0, 0, 0, 1, 1, 0, 0]",000000011010001100,"[""000000011010001100""]",1,0.000244140625,False,False,,,,3.0426506774748034,0.10203474448813017,{},{}
"[0, 0, 0, 0, 0, 0, 0, 1, 1, 0, 1, 0, 0, 1, 1, 1, 0, 1]",000000011010011101,"[""000000011010011101""]",1,0.000244140625,False,False,,,,5.522152181957082,0.19144742671564816,{},{}
"[0, 0, 0, 0, 0, 0, 0, 1, 1, 1, 0, 0, 0, 0, 1, 1, 0, 1]",000000011100001101,"[""000000011100001101""]",1,0.000244140625,False,False,,,,4.282089666998978,0.14672984320470087,{},{}
"[0, 0, 0, 0, 0, 0, 0, 1, 1, 1, 0, 0, 1, 1, 1, 1, 0, 1]",000000011100111101,"[""000000011100111101""]",1,0.000244140625,False,False,,,,8.690438388682217,0.3056982014361471,{},{}
"[0, 0, 0, 0, 0, 0, 0, 1, 1, 1, 0, 1, 1, 0, 0, 0, 0, 1]",000000011101100001,"[""000000011101100001""]",1,0.000244140625,False,False,,,,4.24927575699975,0.14554654902153563,{},{}
"[0, 0, 0, 0, 0, 0, 0, 1, 1, 1, 0, 1, 1, 0, 0, 1, 0, 0]",000000011101100100,"[""000000011101100100""]",1,0.000244140625,False,False,,,,4.207740727645935,0.14404876473940884,{},{}
"[0, 0, 0, 0, 0, 0, 0, 1, 1, 1, 1, 1, 1, 0, 1, 0, 0, 0]",000000011111101000,"[""000000011111101000""]",1,0.000244140625,False,False,,,,9.41329716439017,0.33176503055115636,{},{}
"[0, 0, 0, 0, 0, 0, 1, 0, 0, 0, 0, 1, 0, 1, 1, 0, 0, 1]",000000100001011001,"[""000000100001011001""]",1,0.000244140625,False,False,,,,3.0299689075827443,0.1015774303629355,{},{}
"[0, 0, 0, 0, 0, 0, 1, 0, 0, 1, 0, 1, 0, 0, 1, 0, 1, 0]",000000100101001010,"[""000000100101001010""]",1,0.000244140625,False,False,,,,3.0042177291820993,0.10064882357356324,{},{}
"[0, 0, 0, 0, 0, 0, 1, 0, 0, 1, 1, 0, 0, 1, 0, 1, 0, 0]",000000100110010100,"[""000000100110010100""]",1,0.000244140625,False,False,,,,2.9543585951276783,0.09885086583839423,{},{}
"[0, 0, 0, 0, 0, 0, 1, 0, 0, 1, 1, 0, 1, 1, 0, 0, 1, 0]",000000100110110010,"[""000000100110110010""]",1,0.000244140625,False,False,,,,4.166657931685232,0.14256728833231172,{},{}
"[0, 0, 0, 0, 0, 0, 1, 0, 0, 1, 1, 1, 1, 0, 0, 1, 0, 0]",000000100111100100,"[""000000100111100100""]",1,0.000244140625,False,False,,,,6.227895029366202,0.21689704263064685,{},{}
"[0, 0, 0, 0, 0, 0, 1, 0, 0, 1, 1, 1, 1, 1, 0, 0, 1, 1]",000000100111110011,"[""000000100111110011""]",1,0.000244140625,False,False,,,,8.615540886650866,0.30299734138961837,{},{}
"[0, 0, 0, 0, 0, 0, 1, 0, 1, 0, 0, 0, 0, 0, 1, 0, 1, 0]",000000101000001010,"[""000000101000001010""]",1,0.000244140625,False,False,,,,3.83562322946302,0.13062992891447348,{},{}
"[0, 0, 0, 0, 0, 0, 1, 0, 1, 0, 0, 1, 0, 1, 1, 0, 1, 0]",000000101001011010,"[""000000101001011010""]",1,0.000244140625,False,False,,,,4.245268724318666,0.14540205242044812,{},{}
"[0, 0, 0, 0, 0, 0, 1, 0, 1, 0, 1, 0, 0, 1, 1, 1, 0, 1]",000000101010011101,"[""000000101010011101""]",1,0.000244140625,False,False,,,,5.449916369774277,0.1888425491995539,{},{}
"[0, 0, 0, 0, 0, 0, 1, 0, 1, 0, 1, 1, 0, 0, 0, 1, 1, 0]",000000101011000110,"[""000000101011000110""]",1,0.000244140625,False,False,,,,6.2209724673331666,0.2166474098564214,{},{}
"[0, 0, 0, 0, 0, 0, 1, 0, 1, 0, 1, 1, 0, 0, 1, 0, 0, 0]",000000101011001000,"[""000000101011001000""]",1,0.000244140625,False,False,,,,5.048667878029879,0.1743732279179345,{},{}
"[0, 0, 0, 0, 0, 0, 1, 0, 1, 1, 0, 1, 0, 0, 1, 0, 0, 1]",000000101101001001,"[""000000101101001001""]",1,0.000244140625,False,False,,,,4.320933123918653,0.14813056736796465,{},{}
"[0, 0, 0, 0, 0, 0, 1, 0, 1, 1, 1, 0, 1, 1, 1, 1, 0, 0]",000000101110111100,"[""000000101110111100""]",1,0.000244140625,False,False,,,,8.645563893671065,0.3040799935200401,{},{}
"[0, 0, 0, 0, 0, 0, 1, 1, 0, 0, 0, 0, 1, 0, 0, 0, 1, 0]",000000110000100010,"[""000000110000100010""]",1,0.000244140625,False,False,,,,3.7923000372629136,0.1290676621401774,{},{}
"[0, 0, 0, 0, 0, 0, 1, 1, 0, 0, 0, 1, 1, 0, 0, 1, 0, 0]",000000110001100100,"[""000000110001100100""]",1,0.000244140625,False,False,,,,2.99947305901046,0.10047772721182915,{},{}
"[0, 0, 0, 0, 0, 0, 1, 1, 0, 0, 1, 1, 0, 1, 0, 1, 1, 1]",000000110011010111,"[""000000110011010111""]",1,0.000244140625,False,False,,,,8.68529698118194,0.3055127984290534,{},{}
"[0, 0, 0, 0, 0, 0, 1, 1, 0, 0, 1, 1, 1, 0, 0, 0, 0, 1]",000000110011100001,"[""000000110011100001""]",1,0.000244140625,False,False,,,,4.188909539272393,0.1433696979758008,{},{}
"[0, 0, 0, 0, 0, 0, 1, 1, 0, 0, 1, 1, 1, 1, 0, 0, 1, 0]",000000110011110010,"[""000000110011110010""]",1,0.000244140625,False,False,,,,5.43876930529244,0.18844057770145947,{},{}
"[0, 0, 0, 0, 0, 0, 1, 1, 0, 0, 1, 1, 1, 1, 1, 0, 1, 1]",000000110011111011,"[""000000110011111011""]",1,0.000244140625,False,False,,,,9.903447292943067,0.349440211473149,{},{}
"[0, 0, 0, 0, 0, 0, 1, 1, 0, 1, 0, 0, 1, 0, 0, 0, 1, 1]",000000110100100011,"[""000000110100100011""]",1,0.000244140625,False,False,,,,4.222650033448808,0.14458640547871685,{},{}
"[0, 0, 0, 0, 0, 0, 1, 1, 0, 1, 0, 1, 0, 0, 0, 1, 1, 0]",000000110101000110,"[""000000110101000110""]",1,0.000244140625,False,False,,,,6.209415777126132,0.2162306669477297,{},{}
"[0, 0, 0, 0, 0, 0, 1, 1, 1, 0, 1, 0, 1, 0, 0, 0, 0, 0]",000000111010100000,"[""000000111010100000""]",1,0.000244140625,False,False,,,,7.0421046395346645,0.24625805128862904,{},{}
"[0, 0, 0, 0, 0, 0, 1, 1, 1, 0, 1, 1, 0, 0, 1, 1, 0, 0]",000000111011001100,"[""000000111011001100""]",1,0.000244140625,False,False,,,,7.46051715257029,0.2613463200396025,{},{}
"[0, 0, 0, 0, 0, 0, 1, 1, 1, 0, 1, 1, 1, 0, 1, 0, 1, 1]",000000111011101011,"[""000000111011101011""]",1,0.000244140625,False,False,,,,9.954462989511674,0.3512798757192317,{},{}
"[0, 0, 0, 0, 0, 0, 1, 1, 1, 0, 1, 1, 1, 1, 0, 0, 0, 0]",000000111011110000,"[""000000111011110000""]",1,0.000244140625,False,False,,,,9.439644453558037,0.33271513354148097,{},{}
"[0, 0, 0, 0, 0, 0, 1, 1, 1, 1, 0, 0, 1, 1, 1, 0, 1, 0]",000000111100111010,"[""000000111100111010""]",1,0.000244140625,False,False,,,,10.658286732910152,0.37666028730555595,{},{}
"[0, 0, 0, 0, 0, 0, 1, 1, 1, 1, 0, 1, 1, 1, 1, 0, 1, 0]",000000111101111010,"[""000000111101111010""]",1,0.000244140625,False,False,,,,11.892014769063177,0.4211494447641489,{},{}
"[0, 0, 0, 0, 0, 0, 1, 1, 1, 1, 1, 0, 1, 0, 1, 0, 0, 1]",000000111110101001,"[""000000111110101001""]",1,0.000244140625,False,False,,,,8.696152250877939,0.3059042475885186,{},{}
"[0, 0, 0, 0, 0, 0, 1, 1, 1, 1, 1, 0, 1, 1, 1, 1, 0, 1]",000000111110111101,"[""000000111110111101""]",1,0.000244140625,False,False,,,,13.186037806038271,0.4678128851335067,{},{}
"[0, 0, 0, 0, 0, 1, 0, 0, 0, 0, 0, 0, 1, 1, 1, 0, 1, 0]",000001000000111010,"[""000001000000111010""]",1,0.000244140625,False,False,,,,7.011917634733974,0.24516948527535362,{},{}
"[0, 0, 0, 0, 0, 1, 0, 0, 0, 0, 0, 1, 1, 0, 0, 0, 0, 1]",000001000001100001,"[""000001000001100001""]",1,0.000244140625,False,False,,,,1.9045078017455048,0.06099245953967005,{},{}
"[0, 0, 0, 0, 0, 1, 0, 0, 0, 0, 1, 1, 1, 1, 0, 1, 0, 0]",000001000011110100,"[""000001000011110100""]",1,0.000244140625,False,False,,,,4.152851783273784,0.14206942827517233,{},{}
"[0, 0, 0, 0, 0, 1, 0, 0, 0, 1, 0, 0, 0, 0, 1, 1, 1, 1]",000001000100001111,"[""000001000100001111""]",1,0.000244140625,False,False,,,,6.311174534116108,0.21990016397613005,{},{}
"[0, 0, 0, 0, 0, 1, 0, 0, 0, 1, 0, 0, 0, 1, 0, 1, 0, 1]",000001000100010101,"[""000001000100010101""]",1,0.000244140625,False,False,,,,3.104148208431904,0.10425239153666153,{},{}
"[0, 0, 0, 0, 0, 1, 0, 0, 0, 1, 0, 1, 0, 1, 0, 0, 1, 0]",000001000101010010,"[""000001000101010010""]",1,0.000244140625,False,False,,,,3.021256303998809,0.10126324734904484,{},{}
"[0, 0, 0, 0, 0, 1, 0, 0, 0, 1, 0, 1, 1, 1, 1, 1, 0, 1]",000001000101111101,"[""000001000101111101""]",1,0.000244140625,False,False,,,,8.715292566042194,0.3065944616958391,{},{}
"[0, 0, 0, 0, 0, 1, 0, 0, 0, 1, 1, 0, 0, 0, 0, 0, 1, 0]",000001000110000010,"[""000001000110000010""]",1,0.000244140625,False,False,,,,3.819118333215775,0.13003474998811054,{},{}
"[0, 0, 0, 0, 0, 1, 0, 0, 0, 1, 1, 1, 1, 0, 1, 1, 0, 1]",000001000111101101,"[""000001000111101101""]",1,0.000244140625,False,False,,,,8.698056380434862,0.3059729119271711,{},{}
"[0, 0, 0, 0, 0, 1, 0, 0, 1, 0, 0, 0, 1, 0, 1, 1, 1, 1]",000001001000101111,"[""000001001000101111""]",1,0.000244140625,False,False,,,,7.615443143457881,0.26693306736239064,{},{}
"[0, 0, 0, 0, 0, 1, 0, 0, 1, 0, 1, 0, 1, 0, 1, 0, 0, 1]",000001001010101001,"[""000001001010101001""]",1,0.000244140625,False,False,,,,2.3814336629237447,0.0781907634707335,{},{}
"[0, 0, 0, 0, 0, 1, 0, 0, 1, 0, 1, 1, 0, 0, 0, 0, 1, 0]",000001001011000010,"[""000001001011000010""]",1,0.000244140625,False,False,,,,3.1570150837246564,0.10615881067468894,{},{}
"[0, 0, 0, 0, 0, 1, 0, 0, 1, 1, 0, 0, 0, 0, 1, 1, 0, 1]",000001001100001101,"[""000001001100001101""]",1,0.000244140625,False,False,,,,2.4300000203777463,0.07994210271296937,{},{}
"[0, 0, 0, 0, 0, 1, 0, 0, 1, 1, 0, 0, 1, 1, 1, 1, 1, 1]",000001001100111111,"[""000001001100111111""]",1,0.000244140625,False,False,,,,10.027686178921568,0.3539203587980106,{},{}
"[0, 0, 0, 0, 0, 1, 0, 0, 1, 1, 1, 1, 0, 0, 1, 1, 0, 1]",000001001111001101,"[""000001001111001101""]",1,0.000244140625,False,False,,,,6.8098104534950705,0.237881348874006,{},{}
"[0, 0, 0, 0, 0, 1, 0, 1, 0, 0, 0, 0, 1, 1, 0, 0, 1, 1]",000001010000110011,"[""000001010000110011""]",1,0.000244140625,False,False,,,,4.340194330592142,0.1488251409136963,{},{}
"[0, 0, 0, 0, 0, 1, 0, 1, 0, 0, 1, 1, 0, 1, 1, 1, 0, 1]",000001010011011101,"[""000001010011011101""]",1,0.000244140625,False,False,,,,4.755159641648937,0.16378910097820593,{},{}
"[0, 0, 0, 0, 0, 1, 0, 1, 0, 1, 0, 0, 0, 0, 1, 1, 0, 1]",000001010100001101,"[""000001010100001101""]",1,0.000244140625,False,False,,,,2.307943945409976,0.07554066918881021,{},{}
"[0, 0, 0, 0, 0, 1, 0, 1, 0, 1, 0, 0, 0, 1, 1, 0, 1, 0]",000001010100011010,"[""000001010100011010""]",1,0.000244140625,False,False,,,,2.2567914872108994,0.07369607321585259,{},{}
"[0, 0, 0, 0, 0, 1, 0, 1, 0, 1, 0, 0, 0, 1, 1, 1, 1, 0]",000001010100011110,"[""000001010100011110""]",1,0.000244140625,False,False,,,,3.4528813945515386,0.11682797154592449,{},{}
"[0, 0, 0, 0, 0, 1, 0, 1, 0, 1, 0, 1, 1, 0, 0, 1, 0, 0]",000001010101100100,"[""000001010101100100""]",1,0.000244140625,False,False,,,,2.205578998262428,0.07184931248908864,{},{}
"[0, 0, 0, 0, 0, 1, 0, 1, 1, 0, 0, 0, 1, 0, 1, 1, 0, 1]",000001011000101101,"[""000001011000101101""]",1,0.000244140625,False,False,,,,5.623712953400091,0.1951097842368675,{},{}
"[0, 0, 0, 0, 0, 1, 0, 1, 1, 0, 0, 1, 0, 0, 0, 1, 1, 1]",000001011001000111,"[""000001011001000111""]",1,0.000244140625,False,False,,,,7.646687125146858,0.26805974875428684,{},{}
"[0, 0, 0, 0, 0, 1, 0, 1, 1, 0, 0, 1, 0, 0, 1, 1, 0, 0]",000001011001001100,"[""000001011001001100""]",1,0.000244140625,False,False,,,,2.336797129773419,0.0765811366376409,{},{}
"[0, 0, 0, 0, 0, 1, 0, 1, 1, 0, 0, 1, 0, 1, 1, 0, 0, 1]",000001011001011001,"[""000001011001011001""]",1,0.000244140625,False,False,,,,3.6957627111579052,0.12558645382208697,{},{}
"[0, 0, 0, 0, 0, 1, 0, 1, 1, 0, 1, 0, 0, 1, 0, 0, 0, 0]",000001011010010000,"[""000001011010010000""]",1,0.000244140625,False,False,,,,3.189126823558388,0.10731678407552608,{},{}
"[0, 0, 0, 0, 0, 1, 0, 1, 1, 0, 1, 0, 1, 0, 1, 0, 0, 0]",000001011010101000,"[""000001011010101000""]",1,0.000244140625,False,False,,,,4.301884401707838,0.14744365617117894,{},{}
"[0, 0, 0, 0, 0, 1, 0, 1, 1, 0, 1, 1, 1, 1, 0, 1, 1, 1]",000001011011110111,"[""000001011011110111""]",1,0.000244140625,False,False,,,,9.296664307291925,0.32755916232717625,{},{}
"[0, 0, 0, 0, 0, 1, 0, 1, 1, 1, 0, 1, 0, 0, 1, 1, 1, 1]",000001011101001111,"[""000001011101001111""]",1,0.000244140625,False,False,,,,8.059486191326288,0.2829455924052768,{},{}
"[0, 0, 0, 0, 0, 1, 0, 1, 1, 1, 1, 1, 1, 0, 1, 0, 1, 0]",000001011111101010,"[""000001011111101010""]",1,0.000244140625,False,False,,,,7.930768698713772,0.2783039431692184,{},{}
"[0, 0, 0, 0, 0, 1, 1, 0, 0, 0, 1, 0, 1, 1, 1, 1, 1, 1]",000001100010111111,"[""000001100010111111""]",1,0.000244140625,False,False,,,,9.926740302850504,0.3502801748646659,{},{}
"[0, 0, 0, 0, 0, 1, 1, 0, 0, 0, 1, 1, 0, 1, 1, 1, 0, 0]",000001100011011100,"[""000001100011011100""]",1,0.000244140625,False,False,,,,3.405280531644352,0.11511144876052509,{},{}
"[0, 0, 0, 0, 0, 1, 1, 0, 0, 1, 0, 0, 1, 1, 0, 0, 0, 0]",000001100100110000,"[""000001100100110000""]",1,0.000244140625,False,False,,,,3.0103506045943926,0.10086997965650535,{},{}
"[0, 0, 0, 0, 0, 1, 1, 0, 0, 1, 0, 1, 0, 0, 1, 1, 0, 1]",000001100101001101,"[""000001100101001101""]",1,0.000244140625,False,False,,,,3.577560204094831,0.12132398284418233,{},{}
"[0, 0, 0, 0, 0, 1, 1, 0, 0, 1, 0, 1, 1, 0, 0, 0, 0, 0]",000001100101100000,"[""000001100101100000""]",1,0.000244140625,False,False,,,,3.0491699928057954,0.1022698358841133,{},{}
"[0, 0, 0, 0, 0, 1, 1, 0, 0, 1, 1, 0, 0, 1, 1, 0, 0, 0]",000001100110011000,"[""000001100110011000""]",1,0.000244140625,False,False,,,,4.16387228744193,0.14246683591351908,{},{}
"[0, 0, 0, 0, 0, 1, 1, 0, 0, 1, 1, 0, 1, 1, 0, 1, 0, 1]",000001100110110101,"[""000001100110110101""]",1,0.000244140625,False,False,,,,4.737584829855975,0.16315534009553986,{},{}
"[0, 0, 0, 0, 0, 1, 1, 0, 0, 1, 1, 1, 0, 0, 1, 0, 0, 0]",000001100111001000,"[""000001100111001000""]",1,0.000244140625,False,False,,,,6.212344195627496,0.21633626791325372,{},{}
"[0, 0, 0, 0, 0, 1, 1, 0, 0, 1, 1, 1, 1, 1, 1, 0, 1, 1]",000001100111111011,"[""000001100111111011""]",1,0.000244140625,False,False,,,,11.144890614611635,0.39420758790876165,{},{}
"[0, 0, 0, 0, 0, 1, 1, 0, 1, 0, 0, 0, 0, 0, 1, 0, 1, 1]",000001101000001011,"[""000001101000001011""]",1,0.000244140625,False,False,,,,4.428314958813745,0.15200283679918947,{},{}
"[0, 0, 0, 0, 0, 1, 1, 0, 1, 0, 1, 1, 1, 0, 1, 0, 1, 1]",000001101011101011,"[""000001101011101011""]",1,0.000244140625,False,False,,,,6.03181450844502,0.20982623211634044,{},{}
"[0, 0, 0, 0, 0, 1, 1, 0, 1, 1, 0, 0, 1, 1, 0, 1, 0, 1]",000001101100110101,"[""000001101100110101""]",1,0.000244140625,False,False,,,,4.894672564750799,0.16882004152709806,{},{}
"[0, 0, 0, 0, 0, 1, 1, 0, 1, 1, 1, 0, 1, 1, 1, 0, 0, 0]",000001101110111000,"[""000001101110111000""]",1,0.000244140625,False,False,,,,8.66826151793316,0.30489848685904297,{},{}
"[0, 0, 0, 0, 0, 1, 1, 0, 1, 1, 1, 1, 1, 1, 0, 0, 1, 0]",000001101111110010,"[""000001101111110010""]",1,0.000244140625,False,False,,,,7.922713433754778,0.27801346427870954,{},{}
"[0, 0, 0, 0, 0, 1, 1, 1, 0, 0, 0, 0, 0, 0, 1, 1, 1, 1]",000001110000001111,"[""000001110000001111""]",1,0.000244140625,False,False,,,,7.520792343058198,0.26351988857487296,{},{}
"[0, 0, 0, 0, 0, 1, 1, 1, 0, 0, 1, 1, 0, 0, 0, 1, 0, 1]",000001110011000101,"[""000001110011000101""]",1,0.000244140625,False,False,,,,5.490770286207198,0.19031577203937186,{},{}
"[0, 0, 0, 0, 0, 1, 1, 1, 0, 1, 0, 1, 0, 0, 1, 0, 1, 1]",000001110101001011,"[""000001110101001011""]",1,0.000244140625,False,False,,,,4.738942654819326,0.1632043042811833,{},{}
"[0, 0, 0, 0, 0, 1, 1, 1, 0, 1, 0, 1, 0, 1, 0, 0, 0, 1]",000001110101010001,"[""000001110101010001""]",1,0.000244140625,False,False,,,,3.500326263765132,0.11853886908184147,{},{}
"[0, 0, 0, 0, 0, 1, 1, 1, 0, 1, 1, 0, 1, 0, 1, 1, 1, 0]",000001110110101110,"[""000001110110101110""]",1,0.000244140625,False,False,,,,5.908959404350648,0.205395985003136,{},{}
"[0, 0, 0, 0, 0, 1, 1, 1, 0, 1, 1, 1, 0, 0, 1, 1, 0, 0]",000001110111001100,"[""000001110111001100""]",1,0.000244140625,False,False,,,,6.662050101911725,0.2325529998739893,{},{}
"[0, 0, 0, 0, 0, 1, 1, 1, 0, 1, 1, 1, 1, 0, 1, 1, 1, 0]",000001110111101110,"[""000001110111101110""]",1,0.000244140625,False,False,,,,9.15058495684617,0.32229143148781314,{},{}
"[0, 0, 0, 0, 0, 1, 1, 1, 0, 1, 1, 1, 1, 1, 0, 0, 0, 1]",000001110111110001,"[""000001110111110001""]",1,0.000244140625,False,False,,,,7.910923184378756,0.2775882990513702,{},{}
"[0, 0, 0, 0, 0, 1, 1, 1, 0, 1, 1, 1, 1, 1, 0, 0, 1, 1]",000001110111110011,"[""000001110111110011""]",1,0.000244140625,False,False,,,,9.189874695235908,0.3237082488953014,{},{}
"[0, 0, 0, 0, 0, 1, 1, 1, 1, 0, 0, 0, 0, 0, 0, 0, 1, 1]",000001111000000011,"[""000001111000000011""]",1,0.000244140625,False,False,,,,8.461625701695926,0.2974470444861933,{},{}
"[0, 0, 0, 0, 0, 1, 1, 1, 1, 0, 0, 0, 0, 1, 1, 1, 0, 0]",000001111000011100,"[""000001111000011100""]",1,0.000244140625,False,False,,,,7.518836750649529,0.26344936844722355,{},{}
"[0, 0, 0, 0, 0, 1, 1, 1, 1, 0, 0, 0, 1, 0, 1, 0, 0, 1]",000001111000101001,"[""000001111000101001""]",1,0.000244140625,False,False,,,,7.62110015426675,0.2671370634111515,{},{}
"[0, 0, 0, 0, 0, 1, 1, 1, 1, 0, 1, 0, 1, 0, 1, 0, 1, 0]",000001111010101010,"[""000001111010101010""]",1,0.000244140625,False,False,,,,6.736580442691469,0.23524061981065852,{},{}
"[0, 0, 0, 0, 0, 1, 1, 1, 1, 0, 1, 1, 0, 0, 0, 1, 1, 0]",000001111011000110,"[""000001111011000110""]",1,0.000244140625,False,False,,,,8.752158167083365,0.3079238628940485,{},{}
"[0, 0, 0, 0, 0, 1, 1, 1, 1, 1, 0, 0, 0, 0, 0, 1, 1, 1]",000001111100000111,"[""000001111100000111""]",1,0.000244140625,False,False,,,,10.878355041894238,0.3845961154322865,{},{}
"[0, 0, 0, 0, 0, 1, 1, 1, 1, 1, 1, 0, 0, 0, 1, 1, 1, 0]",000001111110001110,"[""000001111110001110""]",1,0.000244140625,False,False,,,,7.960896881036489,0.27939038799986043,{},{}
"[0, 0, 0, 0, 1, 0, 0, 0, 0, 0, 0, 1, 1, 0, 0, 0, 0, 1]",000010000001100001,"[""000010000001100001""]",1,0.000244140625,False,False,,,,1.819114652106267,0.05791311857565063,{},{}
"[0, 0, 0, 0, 1, 0, 0, 0, 0, 0, 1, 1, 1, 0, 0, 0, 1, 0]",000010000011100010,"[""000010000011100010""]",1,0.000244140625,False,False,,,,3.034437996599498,0.101738589061722,{},{}
"[0, 0, 0, 0, 1, 0, 0, 0, 0, 1, 0, 1, 1, 0, 0, 1, 1, 1]",000010000101100111,"[""000010000101100111""]",1,0.000244140625,False,False,,,,7.444236668716311,0.26075923359230063,{},{}
"[0, 0, 0, 0, 1, 0, 0, 0, 0, 1, 1, 0, 0, 0, 0, 0, 0, 1]",000010000110000001,"[""000010000110000001""]",1,0.000244140625,False,False,,,,3.8220310445377343,0.1301397845409753,{},{}
"[0, 0, 0, 0, 1, 0, 0, 0, 0, 1, 1, 0, 1, 0, 1, 1, 1, 1]",000010000110101111,"[""000010000110101111""]",1,0.000244140625,False,False,,,,8.646094875376809,0.3040991411182321,{},{}
"[0, 0, 0, 0, 1, 0, 0, 0, 0, 1, 1, 0, 1, 1, 0, 0, 0, 1]",000010000110110001,"[""000010000110110001""]",1,0.000244140625,False,False,,,,4.187165248539645,0.1433067975449208,{},{}
"[0, 0, 0, 0, 1, 0, 0, 0, 0, 1, 1, 1, 0, 1, 0, 1, 1, 1]",000010000111010111,"[""000010000111010111""]",1,0.000244140625,False,False,,,,10.710407309443895,0.378539794351106,{},{}
"[0, 0, 0, 0, 1, 0, 0, 0, 0, 1, 1, 1, 1, 0, 1, 0, 0, 0]",000010000111101000,"[""000010000111101000""]",1,0.000244140625,False,False,,,,8.162207089523097,0.2866497849665611,{},{}
"[0, 0, 0, 0, 1, 0, 0, 0, 1, 0, 0, 1, 1, 0, 0, 1, 0, 1]",000010001001100101,"[""000010001001100101""]",1,0.000244140625,False,False,,,,2.273471574195311,0.07429756965147422,{},{}
"[0, 0, 0, 0, 1, 0, 0, 0, 1, 0, 0, 1, 1, 1, 1, 1, 1, 0]",000010001001111110,"[""000010001001111110""]",1,0.000244140625,False,False,,,,6.667932092174892,0.23276510885045704,{},{}
"[0, 0, 0, 0, 1, 0, 0, 0, 1, 0, 1, 0, 0, 1, 0, 1, 0, 0]",000010001010010100,"[""000010001010010100""]",1,0.000244140625,False,False,,,,1.0402091839687602,0.029825203733914424,{},{}
"[0, 0, 0, 0, 1, 0, 0, 0, 1, 0, 1, 1, 0, 0, 0, 0, 0, 0]",000010001011000000,"[""000010001011000000""]",1,0.000244140625,False,False,,,,3.89231491822048,0.13267427369210266,{},{}
"[0, 0, 0, 0, 1, 0, 0, 0, 1, 0, 1, 1, 1, 1, 0, 1, 0, 1]",000010001011110101,"[""000010001011110101""]",1,0.000244140625,False,False,,,,4.683266449914987,0.16119657861223466,{},{}
"[0, 0, 0, 0, 1, 0, 0, 0, 1, 1, 1, 0, 1, 0, 0, 1, 1, 0]",000010001110100110,"[""000010001110100110""]",1,0.000244140625,False,False,,,,3.4446991129724065,0.11653291234091555,{},{}
"[0, 0, 0, 0, 1, 0, 0, 0, 1, 1, 1, 0, 1, 1, 1, 0, 0, 1]",000010001110111001,"[""000010001110111001""]",1,0.000244140625,False,False,,,,6.6569089033359194,0.2323676044008686,{},{}
"[0, 0, 0, 0, 1, 0, 0, 0, 1, 1, 1, 1, 1, 1, 1, 0, 1, 0]",000010001111111010,"[""000010001111111010""]",1,0.000244140625,False,False,,,,9.893386305446654,0.3490774047249839,{},{}
"[0, 0, 0, 0, 1, 0, 0, 1, 0, 0, 0, 1, 0, 1, 1, 1, 0, 0]",000010010001011100,"[""000010010001011100""]",1,0.000244140625,False,False,,,,2.2668286258159154,0.07405801995512316,{},{}
"[0, 0, 0, 0, 1, 0, 0, 1, 0, 0, 0, 1, 1, 0, 0, 0, 0, 0]",000010010001100000,"[""000010010001100000""]",1,0.000244140625,False,False,,,,1.7994404809389388,0.05720365322082262,{},{}
"[0, 0, 0, 0, 1, 0, 0, 1, 0, 0, 0, 1, 1, 0, 0, 1, 0, 1]",000010010001100101,"[""000010010001100101""]",1,0.000244140625,False,False,,,,2.2106853070921875,0.07203344981182287,{},{}
"[0, 0, 0, 0, 1, 0, 0, 1, 0, 0, 0, 1, 1, 0, 1, 1, 0, 0]",000010010001101100,"[""000010010001101100""]",1,0.000244140625,False,False,,,,2.2120222388252695,0.07208166057192682,{},{}
"[0, 0, 0, 0, 1, 0, 0, 1, 0, 0, 1, 0, 1, 1, 0, 0, 0, 1]",000010010010110001,"[""000010010010110001""]",1,0.000244140625,False,False,,,,2.3007086554761087,0.075279759212143,{},{}
"[0, 0, 0, 0, 1, 0, 0, 1, 0, 1, 0, 0, 0, 0, 0, 0, 1, 1]",000010010100000011,"[""000010010100000011""]",1,0.000244140625,False,False,,,,3.0921519355215614,0.10381979694629408,{},{}
"[0, 0, 0, 0, 1, 0, 0, 1, 0, 1, 0, 0, 1, 0, 1, 0, 1, 1]",000010010100101011,"[""000010010100101011""]",1,0.000244140625,False,False,,,,3.440329718038675,0.11637534868546706,{},{}
"[0, 0, 0, 0, 1, 0, 0, 1, 0, 1, 0, 1, 1, 0, 0, 0, 0, 1]",000010010101100001,"[""000010010101100001""]",1,0.000244140625,False,False,,,,2.1936664297779553,0.07141973634304065,{},{}
"[0, 0, 0, 0, 1, 0, 0, 1, 0, 1, 0, 1, 1, 0, 0, 0, 1, 1]",000010010101100011,"[""000010010101100011""]",1,0.000244140625,False,False,,,,3.4482272343811724,0.11666013904265855,{},{}
"[0, 0, 0, 0, 1, 0, 0, 1, 0, 1, 1, 1, 1, 1, 1, 0, 1, 1]",000010010111111011,"[""000010010111111011""]",1,0.000244140625,False,False,,,,11.212640434911105,0.39665069719603463,{},{}
"[0, 0, 0, 0, 1, 0, 0, 1, 1, 0, 0, 1, 0, 1, 1, 1, 0, 1]",000010011001011101,"[""000010011001011101""]",1,0.000244140625,False,False,,,,4.776884659975102,0.16457252141835202,{},{}
"[0, 0, 0, 0, 1, 0, 0, 1, 1, 0, 0, 1, 0, 1, 1, 1, 1, 0]",000010011001011110,"[""000010011001011110""]",1,0.000244140625,False,False,,,,4.775739712152365,0.1645312337419153,{},{}
"[0, 0, 0, 0, 1, 0, 0, 1, 1, 0, 1, 0, 0, 0, 1, 0, 1, 0]",000010011010001010,"[""000010011010001010""]",1,0.000244140625,False,False,,,,2.4046174683156982,0.07902678886559132,{},{}
"[0, 0, 0, 0, 1, 0, 0, 1, 1, 0, 1, 1, 1, 0, 0, 0, 1, 0]",000010011011100010,"[""000010011011100010""]",1,0.000244140625,False,False,,,,3.551567653557277,0.12038667199468468,{},{}
"[0, 0, 0, 0, 1, 0, 0, 1, 1, 1, 1, 0, 0, 1, 0, 0, 0, 1]",000010011110010001,"[""000010011110010001""]",1,0.000244140625,False,False,,,,3.587712254480187,0.12169007338835933,{},{}
"[0, 0, 0, 0, 1, 0, 0, 1, 1, 1, 1, 0, 1, 1, 1, 0, 1, 0]",000010011110111010,"[""000010011110111010""]",1,0.000244140625,False,False,,,,7.9739188201777225,0.27985996888308085,{},{}
"[0, 0, 0, 0, 1, 0, 0, 1, 1, 1, 1, 1, 1, 0, 0, 1, 0, 0]",000010011111100100,"[""000010011111100100""]",1,0.000244140625,False,False,,,,6.655776230837939,0.23232675938184089,{},{}
"[0, 0, 0, 0, 1, 0, 1, 0, 0, 0, 0, 0, 0, 0, 0, 1, 0, 0]",000010100000000100,"[""000010100000000100""]",1,0.000244140625,False,False,,,,2.605832559881634,0.08628275584485819,{},{}
"[0, 0, 0, 0, 1, 0, 1, 0, 0, 0, 0, 0, 0, 0, 1, 1, 0, 1]",000010100000001101,"[""000010100000001101""]",1,0.000244140625,False,False,,,,3.0231254494772775,0.1013306501356135,{},{}
"[0, 0, 0, 0, 1, 0, 1, 0, 0, 0, 0, 0, 1, 0, 0, 1, 0, 0]",000010100000100100,"[""000010100000100100""]",1,0.000244140625,False,False,,,,1.8131301209124202,0.05769731189638515,{},{}
"[0, 0, 0, 0, 1, 0, 1, 0, 0, 0, 0, 0, 1, 1, 1, 1, 0, 0]",000010100000111100,"[""000010100000111100""]",1,0.000244140625,False,False,,,,6.195188752960127,0.21571762979550427,{},{}
"[0, 0, 0, 0, 1, 0, 1, 0, 0, 0, 0, 1, 0, 0, 0, 1, 0, 0]",000010100001000100,"[""000010100001000100""]",1,0.000244140625,False,False,,,,1.8015141672445083,0.057278431902886034,{},{}
"[0, 0, 0, 0, 1, 0, 1, 0, 0, 0, 0, 1, 1, 0, 1, 1, 0, 0]",000010100001101100,"[""000010100001101100""]",1,0.000244140625,False,False,,,,2.233201095163484,0.07284538600152943,{},{}
"[0, 0, 0, 0, 1, 0, 1, 0, 0, 0, 1, 0, 0, 1, 0, 0, 1, 0]",000010100010010010,"[""000010100010010010""]",1,0.000244140625,False,False,,,,1.0880294731356144,0.0315496391946611,{},{}
"[0, 0, 0, 0, 1, 0, 1, 0, 0, 0, 1, 1, 0, 0, 1, 1, 0, 1]",000010100011001101,"[""000010100011001101""]",1,0.000244140625,False,False,,,,3.4396564527396487,0.11635107023428329,{},{}
"[0, 0, 0, 0, 1, 0, 1, 0, 0, 1, 0, 1, 0, 0, 1, 1, 1, 1]",000010100101001111,"[""000010100101001111""]",1,0.000244140625,False,False,,,,6.702109772571266,0.2339975816160635,{},{}
"[0, 0, 0, 0, 1, 0, 1, 0, 0, 1, 0, 1, 0, 1, 1, 1, 0, 1]",000010100101011101,"[""000010100101011101""]",1,0.000244140625,False,False,,,,4.670646562797928,0.1607414960262774,{},{}
"[0, 0, 0, 0, 1, 0, 1, 0, 0, 1, 0, 1, 1, 1, 0, 0, 1, 0]",000010100101110010,"[""000010100101110010""]",1,0.000244140625,False,False,,,,3.4330509364540758,0.11611287036728464,{},{}
"[0, 0, 0, 0, 1, 0, 1, 0, 0, 1, 1, 0, 1, 0, 1, 0, 0, 0]",000010100110101000,"[""000010100110101000""]",1,0.000244140625,False,False,,,,4.163815995883238,0.14246480599773143,{},{}
"[0, 0, 0, 0, 1, 0, 1, 0, 0, 1, 1, 0, 1, 1, 1, 0, 0, 0]",000010100110111000,"[""000010100110111000""]",1,0.000244140625,False,False,,,,7.375012871808571,0.258262971604032,{},{}
"[0, 0, 0, 0, 1, 0, 1, 0, 0, 1, 1, 1, 1, 0, 1, 0, 0, 0]",000010100111101000,"[""000010100111101000""]",1,0.000244140625,False,False,,,,7.406882701301096,0.2594122215366935,{},{}
"[0, 0, 0, 0, 1, 0, 1, 0, 1, 0, 0, 1, 0, 0, 0, 0, 0, 1]",000010101001000001,"[""000010101001000001""]",1,0.000244140625,False,False,,,,3.1208157607658404,0.1048534359633944,{},{}
"[0, 0, 0, 0, 1, 0, 1, 0, 1, 0, 1, 1, 0, 1, 1, 1, 0, 0]",000010101011011100,"[""000010101011011100""]",1,0.000244140625,False,False,,,,4.660213629847281,0.16036527664632103,{},{}
"[0, 0, 0, 0, 1, 0, 1, 0, 1, 0, 1, 1, 1, 0, 0, 0, 0, 0]",000010101011100000,"[""000010101011100000""]",1,0.000244140625,False,False,,,,4.234183364591694,0.14500230604205164,{},{}
"[0, 0, 0, 0, 1, 0, 1, 0, 1, 1, 0, 0, 0, 0, 0, 0, 1, 1]",000010101100000011,"[""000010101100000011""]",1,0.000244140625,False,False,,,,4.321033409951769,0.1481341837574666,{},{}
"[0, 0, 0, 0, 1, 0, 1, 0, 1, 1, 0, 0, 1, 0, 0, 0, 1, 0]",000010101100100010,"[""000010101100100010""]",1,0.000244140625,False,False,,,,2.2521288260831147,0.07352793416169207,{},{}
"[0, 0, 0, 0, 1, 0, 1, 0, 1, 1, 0, 0, 1, 1, 0, 0, 0, 1]",000010101100110001,"[""000010101100110001""]",1,0.000244140625,False,False,,,,3.498308914131557,0.11846612194238519,{},{}
"[0, 0, 0, 0, 1, 0, 1, 0, 1, 1, 0, 1, 0, 1, 1, 0, 1, 0]",000010101101011010,"[""000010101101011010""]",1,0.000244140625,False,False,,,,4.682555478648884,0.16117094045562375,{},{}
"[0, 0, 0, 0, 1, 0, 1, 0, 1, 1, 0, 1, 1, 0, 0, 0, 0, 1]",000010101101100001,"[""000010101101100001""]",1,0.000244140625,False,False,,,,3.512628707307422,0.11898250441462117,{},{}
"[0, 0, 0, 0, 1, 0, 1, 0, 1, 1, 1, 0, 1, 1, 1, 1, 0, 1]",000010101110111101,"[""000010101110111101""]",1,0.000244140625,False,False,,,,9.17453740738993,0.3231551748028174,{},{}
"[0, 0, 0, 0, 1, 0, 1, 0, 1, 1, 1, 1, 1, 0, 1, 0, 0, 0]",000010101111101000,"[""000010101111101000""]",1,0.000244140625,False,False,,,,8.657972776168172,0.30452746712128886,{},{}
"[0, 0, 0, 0, 1, 0, 1, 0, 1, 1, 1, 1, 1, 1, 1, 0, 1, 1]",000010101111111011,"[""000010101111111011""]",1,0.000244140625,False,False,,,,12.435103130037275,0.4407336180156911,{},{}
"[0, 0, 0, 0, 1, 0, 1, 1, 0, 0, 0, 0, 0, 1, 0, 1, 0, 1]",000010110000010101,"[""000010110000010101""]",1,0.000244140625,False,False,,,,4.26758182896391,0.14620667969393356,{},{}
"[0, 0, 0, 0, 1, 0, 1, 1, 0, 0, 0, 1, 1, 1, 0, 0, 0, 1]",000010110001110001,"[""000010110001110001""]",1,0.000244140625,False,False,,,,3.4476857119348896,0.11664061133746417,{},{}
"[0, 0, 0, 0, 1, 0, 1, 1, 0, 0, 0, 1, 1, 1, 0, 1, 0, 0]",000010110001110100,"[""000010110001110100""]",1,0.000244140625,False,False,,,,3.4302723765951324,0.11601267341670053,{},{}
"[0, 0, 0, 0, 1, 0, 1, 1, 0, 0, 1, 0, 1, 0, 1, 0, 1, 0]",000010110010101010,"[""000010110010101010""]",1,0.000244140625,False,False,,,,3.4824542882491567,0.11789439225264853,{},{}
"[0, 0, 0, 0, 1, 0, 1, 1, 0, 1, 0, 1, 0, 0, 0, 1, 1, 1]",000010110101000111,"[""000010110101000111""]",1,0.000244140625,False,False,,,,8.716378086893567,0.3066336063911578,{},{}
"[0, 0, 0, 0, 1, 0, 1, 1, 0, 1, 0, 1, 0, 1, 1, 0, 1, 0]",000010110101011010,"[""000010110101011010""]",1,0.000244140625,False,False,,,,4.725520993667015,0.16272030912271795,{},{}
"[0, 0, 0, 0, 1, 0, 1, 1, 0, 1, 0, 1, 1, 0, 0, 1, 0, 0]",000010110101100100,"[""000010110101100100""]",1,0.000244140625,False,False,,,,3.4609470673435236,0.11711882575068994,{},{}
"[0, 0, 0, 0, 1, 0, 1, 1, 0, 1, 0, 1, 1, 1, 1, 0, 1, 1]",000010110101111011,"[""000010110101111011""]",1,0.000244140625,False,False,,,,9.18100469180274,0.32338838992490226,{},{}
"[0, 0, 0, 0, 1, 0, 1, 1, 0, 1, 1, 0, 1, 0, 1, 0, 1, 0]",000010110110101010,"[""000010110110101010""]",1,0.000244140625,False,False,,,,4.681854332937446,0.16114565661587665,{},{}
"[0, 0, 0, 0, 1, 0, 1, 1, 0, 1, 1, 1, 1, 0, 1, 1, 0, 0]",000010110111101100,"[""000010110111101100""]",1,0.000244140625,False,False,,,,7.919213851248766,0.2778872667111851,{},{}
"[0, 0, 0, 0, 1, 0, 1, 1, 1, 0, 0, 0, 0, 1, 1, 0, 1, 1]",000010111000011011,"[""000010111000011011""]",1,0.000244140625,False,False,,,,8.836731521153222,0.31097364141553496,{},{}
"[0, 0, 0, 0, 1, 0, 1, 1, 1, 0, 0, 1, 0, 1, 0, 1, 1, 1]",000010111001010111,"[""000010111001010111""]",1,0.000244140625,False,False,,,,10.028927114713415,0.35396510787254054,{},{}
"[0, 0, 0, 0, 1, 0, 1, 1, 1, 0, 0, 1, 1, 1, 0, 0, 1, 0]",000010111001110010,"[""000010111001110010""]",1,0.000244140625,False,False,,,,6.745044761764575,0.2355458494990406,{},{}
"[0, 0, 0, 0, 1, 0, 1, 1, 1, 0, 1, 1, 0, 1, 0, 1, 1, 0]",000010111011010110,"[""000010111011010110""]",1,0.000244140625,False,False,,,,8.02903632470034,0.28184754739761114,{},{}
"[0, 0, 0, 0, 1, 0, 1, 1, 1, 0, 1, 1, 1, 0, 1, 0, 0, 1]",000010111011101001,"[""000010111011101001""]",1,0.000244140625,False,False,,,,7.973461382320176,0.2798434733311638,{},{}
"[0, 0, 0, 0, 1, 0, 1, 1, 1, 0, 1, 1, 1, 1, 0, 0, 1, 0]",000010111011110010,"[""000010111011110010""]",1,0.000244140625,False,False,,,,8.030694785915777,0.28190735275178197,{},{}
"[0, 0, 0, 0, 1, 0, 1, 1, 1, 0, 1, 1, 1, 1, 1, 0, 1, 0]",000010111011111010,"[""000010111011111010""]",1,0.000244140625,False,False,,,,11.2644228220688,0.3985180088792675,{},{}
"[0, 0, 0, 0, 1, 0, 1, 1, 1, 1, 0, 1, 1, 1, 0, 0, 0, 1]",000010111101110001,"[""000010111101110001""]",1,0.000244140625,False,False,,,,7.953487270618099,0.2791231918958969,{},{}
"[0, 0, 0, 0, 1, 0, 1, 1, 1, 1, 1, 1, 1, 0, 1, 1, 0, 1]",000010111111101101,"[""000010111111101101""]",1,0.000244140625,False,False,,,,12.459447622585966,0.44161149865916377,{},{}
"[0, 0, 0, 0, 1, 1, 0, 0, 0, 0, 0, 0, 1, 1, 0, 0, 1, 0]",000011000000110010,"[""000011000000110010""]",1,0.000244140625,False,False,,,,5.083390100683539,0.175625337285383,{},{}
"[0, 0, 0, 0, 1, 1, 0, 0, 0, 0, 0, 0, 1, 1, 1, 0, 1, 1]",000011000000111011,"[""000011000000111011""]",1,0.000244140625,False,False,,,,9.572510038553188,0.3375063660971657,{},{}
"[0, 0, 0, 0, 1, 1, 0, 0, 0, 0, 0, 1, 1, 1, 0, 0, 0, 0]",000011000001110000,"[""000011000001110000""]",1,0.000244140625,False,False,,,,5.017734283818073,0.1732577393310491,{},{}
"[0, 0, 0, 0, 1, 1, 0, 0, 0, 0, 1, 0, 1, 1, 1, 0, 1, 0]",000011000010111010,"[""000011000010111010""]",1,0.000244140625,False,False,,,,7.509323823522899,0.2631063251666733,{},{}
"[0, 0, 0, 0, 1, 1, 0, 0, 1, 0, 1, 0, 0, 1, 0, 0, 1, 0]",000011001010010010,"[""000011001010010010""]",1,0.000244140625,False,False,,,,2.4709606402602162,0.08141917335913465,{},{}
"[0, 0, 0, 0, 1, 1, 0, 0, 1, 0, 1, 0, 1, 1, 0, 1, 0, 1]",000011001010110101,"[""000011001010110101""]",1,0.000244140625,False,False,,,,4.842149680523905,0.16692602696466988,{},{}
"[0, 0, 0, 0, 1, 1, 0, 0, 1, 0, 1, 0, 1, 1, 1, 0, 0, 0]",000011001010111000,"[""000011001010111000""]",1,0.000244140625,False,False,,,,7.513081277633171,0.2632418217774795,{},{}
"[0, 0, 0, 0, 1, 1, 0, 0, 1, 0, 1, 1, 1, 0, 0, 1, 1, 1]",000011001011100111,"[""000011001011100111""]",1,0.000244140625,False,False,,,,8.083648377422776,0.2838168989414745,{},{}
"[0, 0, 0, 0, 1, 1, 0, 0, 1, 0, 1, 1, 1, 0, 1, 0, 0, 0]",000011001011101000,"[""000011001011101000""]",1,0.000244140625,False,False,,,,5.518376252253529,0.19131126386110386,{},{}
"[0, 0, 0, 0, 1, 1, 0, 0, 1, 0, 1, 1, 1, 0, 1, 1, 1, 1]",000011001011101111,"[""000011001011101111""]",1,0.000244140625,False,False,,,,9.308037744310962,0.32796929698859084,{},{}
"[0, 0, 0, 0, 1, 1, 0, 0, 1, 1, 0, 0, 0, 1, 0, 1, 1, 0]",000011001100010110,"[""000011001100010110""]",1,0.000244140625,False,False,,,,3.547835093228949,0.12025207307230915,{},{}
"[0, 0, 0, 0, 1, 1, 0, 0, 1, 1, 1, 0, 1, 0, 1, 0, 1, 1]",000011001110101011,"[""000011001110101011""]",1,0.000244140625,False,False,,,,6.041495798158712,0.21017534667794005,{},{}
"[0, 0, 0, 0, 1, 1, 0, 0, 1, 1, 1, 0, 1, 1, 1, 0, 1, 0]",000011001110111010,"[""000011001110111010""]",1,0.000244140625,False,False,,,,7.9581910916764125,0.27929281520799487,{},{}
"[0, 0, 0, 0, 1, 1, 0, 0, 1, 1, 1, 1, 0, 0, 0, 1, 1, 0]",000011001111000110,"[""000011001111000110""]",1,0.000244140625,False,False,,,,8.757870580354481,0.30812985679711297,{},{}
"[0, 0, 0, 0, 1, 1, 0, 1, 0, 0, 0, 0, 0, 1, 1, 0, 0, 0]",000011010000011000,"[""000011010000011000""]",1,0.000244140625,False,False,,,,5.143914151001649,0.17780787989260977,{},{}
"[0, 0, 0, 0, 1, 1, 0, 1, 0, 0, 0, 1, 1, 0, 0, 1, 0, 1]",000011010001100101,"[""000011010001100101""]",1,0.000244140625,False,False,,,,3.5084687282834404,0.11883249245380081,{},{}
"[0, 0, 0, 0, 1, 1, 0, 1, 0, 0, 0, 1, 1, 1, 1, 1, 0, 1]",000011010001111101,"[""000011010001111101""]",1,0.000244140625,False,False,,,,7.983971697796014,0.28022248318296394,{},{}
"[0, 0, 0, 0, 1, 1, 0, 1, 0, 0, 1, 0, 0, 1, 1, 1, 0, 1]",000011010010011101,"[""000011010010011101""]",1,0.000244140625,False,False,,,,4.8348851103719594,0.1666640611213981,{},{}
"[0, 0, 0, 0, 1, 1, 0, 1, 0, 1, 1, 1, 0, 1, 0, 0, 0, 1]",000011010111010001,"[""000011010111010001""]",1,0.000244140625,False,False,,,,6.817866233057727,0.23817184632150853,{},{}
"[0, 0, 0, 0, 1, 1, 0, 1, 0, 1, 1, 1, 1, 1, 0, 1, 0, 1]",000011010111110101,"[""000011010111110101""]",1,0.000244140625,False,False,,,,9.207911829602269,0.3243586814763985,{},{}
"[0, 0, 0, 0, 1, 1, 0, 1, 1, 0, 0, 1, 0, 0, 1, 1, 0, 1]",000011011001001101,"[""000011011001001101""]",1,0.000244140625,False,False,,,,4.888233411665006,0.16858784084174513,{},{}
"[0, 0, 0, 0, 1, 1, 0, 1, 1, 0, 0, 1, 1, 0, 0, 0, 0, 0]",000011011001100000,"[""000011011001100000""]",1,0.000244140625,False,False,,,,4.3196062174719545,0.1480827181272,{},{}
"[0, 0, 0, 0, 1, 1, 0, 1, 1, 0, 0, 1, 1, 0, 1, 0, 0, 0]",000011011001101000,"[""000011011001101000""]",1,0.000244140625,False,False,,,,5.54543673728248,0.19228708522860138,{},{}
"[0, 0, 0, 0, 1, 1, 0, 1, 1, 0, 1, 0, 1, 0, 1, 1, 0, 1]",000011011010101101,"[""000011011010101101""]",1,0.000244140625,False,False,,,,6.075351338897939,0.21139620284611946,{},{}
"[0, 0, 0, 0, 1, 1, 0, 1, 1, 0, 1, 0, 1, 1, 1, 0, 1, 0]",000011011010111010,"[""000011011010111010""]",1,0.000244140625,False,False,,,,8.117073161561592,0.2850222217038623,{},{}
"[0, 0, 0, 0, 1, 1, 0, 1, 1, 0, 1, 1, 0, 1, 0, 0, 0, 0]",000011011011010000,"[""000011011011010000""]",1,0.000244140625,False,False,,,,5.670245928002804,0.1967877981698021,{},{}
"[0, 0, 0, 0, 1, 1, 0, 1, 1, 0, 1, 1, 0, 1, 1, 1, 0, 0]",000011011011011100,"[""000011011011011100""]",1,0.000244140625,False,False,,,,6.052147994026645,0.210559472842995,{},{}
"[0, 0, 0, 0, 1, 1, 0, 1, 1, 1, 0, 0, 0, 0, 0, 1, 1, 0]",000011011100000110,"[""000011011100000110""]",1,0.000244140625,False,False,,,,5.5695601115551145,0.1931569921813479,{},{}
"[0, 0, 0, 0, 1, 1, 0, 1, 1, 1, 0, 1, 0, 0, 0, 0, 1, 0]",000011011101000010,"[""000011011101000010""]",1,0.000244140625,False,False,,,,5.583505691340006,0.19365988023829442,{},{}
"[0, 0, 0, 0, 1, 1, 0, 1, 1, 1, 0, 1, 0, 1, 0, 0, 1, 0]",000011011101010010,"[""000011011101010010""]",1,0.000244140625,False,False,,,,4.8393206537528854,0.16682401013941972,{},{}
"[0, 0, 0, 0, 1, 1, 0, 1, 1, 1, 0, 1, 0, 1, 0, 0, 1, 1]",000011011101010011,"[""000011011101010011""]",1,0.000244140625,False,False,,,,6.180893483506174,0.2152021316670569,{},{}
"[0, 0, 0, 0, 1, 1, 0, 1, 1, 1, 0, 1, 1, 0, 1, 0, 1, 0]",000011011101101010,"[""000011011101101010""]",1,0.000244140625,False,False,,,,5.972612208491945,0.20769135281770992,{},{}
"[0, 0, 0, 0, 1, 1, 0, 1, 1, 1, 1, 1, 1, 1, 0, 0, 0, 1]",000011011111110001,"[""000011011111110001""]",1,0.000244140625,False,False,,,,9.306249907654088,0.32790482625905637,{},{}
"[0, 0, 0, 0, 1, 1, 1, 0, 0, 0, 0, 0, 1, 1, 1, 0, 0, 0]",000011100000111000,"[""000011100000111000""]",1,0.000244140625,False,False,,,,8.214064873139687,0.288519815502599,{},{}
"[0, 0, 0, 0, 1, 1, 1, 0, 0, 0, 0, 1, 1, 1, 0, 0, 0, 1]",000011100001110001,"[""000011100001110001""]",1,0.000244140625,False,False,,,,3.5053702989933146,0.11872076077183909,{},{}
"[0, 0, 0, 0, 1, 1, 1, 0, 0, 0, 1, 1, 0, 0, 0, 1, 1, 0]",000011100011000110,"[""000011100011000110""]",1,0.000244140625,False,False,,,,5.492421174682261,0.19037530431485025,{},{}
"[0, 0, 0, 0, 1, 1, 1, 0, 0, 0, 1, 1, 1, 1, 1, 0, 0, 0]",000011100011111000,"[""000011100011111000""]",1,0.000244140625,False,False,,,,8.652533421797884,0.3043313199268007,{},{}
"[0, 0, 0, 0, 1, 1, 1, 0, 0, 1, 0, 0, 0, 1, 0, 1, 1, 0]",000011100100010110,"[""000011100100010110""]",1,0.000244140625,False,False,,,,3.506919434194848,0.11877662374802675,{},{}
"[0, 0, 0, 0, 1, 1, 1, 0, 0, 1, 0, 1, 0, 0, 1, 0, 1, 1]",000011100101001011,"[""000011100101001011""]",1,0.000244140625,False,False,,,,4.778459061262174,0.16462929550851696,{},{}
"[0, 0, 0, 0, 1, 1, 1, 0, 0, 1, 0, 1, 0, 1, 1, 0, 1, 0]",000011100101011010,"[""000011100101011010""]",1,0.000244140625,False,False,,,,4.710571486443389,0.16218121869005328,{},{}
"[0, 0, 0, 0, 1, 1, 1, 0, 0, 1, 0, 1, 0, 1, 1, 1, 0, 0]",000011100101011100,"[""000011100101011100""]",1,0.000244140625,False,False,,,,4.682889169824903,0.16118297360947728,{},{}
"[0, 0, 0, 0, 1, 1, 1, 0, 0, 1, 1, 0, 1, 1, 1, 1, 0, 0]",000011100110111100,"[""000011100110111100""]",1,0.000244140625,False,False,,,,7.898335262490489,0.27713436915551587,{},{}
"[0, 0, 0, 0, 1, 1, 1, 0, 1, 0, 0, 1, 1, 1, 1, 0, 0, 0]",000011101001111000,"[""000011101001111000""]",1,0.000244140625,False,False,,,,8.72908954606816,0.30709199113412783,{},{}
"[0, 0, 0, 0, 1, 1, 1, 0, 1, 0, 1, 0, 0, 1, 1, 0, 1, 0]",000011101010011010,"[""000011101010011010""]",1,0.000244140625,False,False,,,,4.811774333374002,0.16583066918515046,{},{}
"[0, 0, 0, 0, 1, 1, 1, 0, 1, 0, 1, 0, 1, 1, 1, 0, 1, 1]",000011101010111011,"[""000011101010111011""]",1,0.000244140625,False,False,,,,9.329965032295586,0.3287600114241886,{},{}
"[0, 0, 0, 0, 1, 1, 1, 0, 1, 0, 1, 1, 0, 0, 1, 0, 0, 0]",000011101011001000,"[""000011101011001000""]",1,0.000244140625,False,False,,,,5.5445741605573655,0.19225598006553532,{},{}
"[0, 0, 0, 0, 1, 1, 1, 0, 1, 1, 0, 0, 1, 0, 1, 1, 1, 0]",000011101100101110,"[""000011101100101110""]",1,0.000244140625,False,False,,,,6.006354596534102,0.20890812861484376,{},{}
"[0, 0, 0, 0, 1, 1, 1, 0, 1, 1, 0, 1, 0, 0, 0, 0, 0, 1]",000011101101000001,"[""000011101101000001""]",1,0.000244140625,False,False,,,,5.647675009138917,0.19597387392240334,{},{}
"[0, 0, 0, 0, 1, 1, 1, 0, 1, 1, 0, 1, 0, 1, 0, 0, 0, 1]",000011101101010001,"[""000011101101010001""]",1,0.000244140625,False,False,,,,4.8462730089332595,0.16707471727686324,{},{}
"[0, 0, 0, 0, 1, 1, 1, 0, 1, 1, 0, 1, 0, 1, 0, 1, 0, 1]",000011101101010101,"[""000011101101010101""]",1,0.000244140625,False,False,,,,6.078486963620776,0.21150927582325657,{},{}
"[0, 0, 0, 0, 1, 1, 1, 0, 1, 1, 1, 0, 0, 0, 0, 0, 0, 1]",000011101110000001,"[""000011101110000001""]",1,0.000244140625,False,False,,,,5.6347963688853895,0.1955094605044524,{},{}
"[0, 0, 0, 0, 1, 1, 1, 0, 1, 1, 1, 0, 0, 0, 0, 1, 0, 1]",000011101110000101,"[""000011101110000101""]",1,0.000244140625,False,False,,,,6.867010323572908,0.23994401905084578,{},{}
"[0, 0, 0, 0, 1, 1, 1, 0, 1, 1, 1, 0, 1, 1, 0, 0, 0, 0]",000011101110110000,"[""000011101110110000""]",1,0.000244140625,False,False,,,,6.730395314617892,0.23501757945759583,{},{}
"[0, 0, 0, 0, 1, 1, 1, 0, 1, 1, 1, 0, 1, 1, 1, 1, 0, 1]",000011101110111101,"[""000011101110111101""]",1,0.000244140625,False,False,,,,10.536999761704221,0.3722865882393646,{},{}
"[0, 0, 0, 0, 1, 1, 1, 1, 0, 0, 0, 0, 1, 0, 1, 0, 0, 1]",000011110000101001,"[""000011110000101001""]",1,0.000244140625,False,False,,,,5.510150563186751,0.19101463934956367,{},{}
"[0, 0, 0, 0, 1, 1, 1, 1, 0, 0, 0, 1, 1, 0, 0, 0, 1, 1]",000011110001100011,"[""000011110001100011""]",1,0.000244140625,False,False,,,,4.775491189977141,0.16452227184605048,{},{}
"[0, 0, 0, 0, 1, 1, 1, 1, 0, 0, 0, 1, 1, 1, 0, 1, 0, 1]",000011110001110101,"[""000011110001110101""]",1,0.000244140625,False,False,,,,5.977683087813658,0.20787421252583543,{},{}
"[0, 0, 0, 0, 1, 1, 1, 1, 0, 0, 1, 0, 1, 0, 0, 1, 0, 0]",000011110010100100,"[""000011110010100100""]",1,0.000244140625,False,False,,,,3.4763421748344987,0.11767398486289884,{},{}
"[0, 0, 0, 0, 1, 1, 1, 1, 0, 0, 1, 0, 1, 1, 1, 1, 0, 0]",000011110010111100,"[""000011110010111100""]",1,0.000244140625,False,False,,,,7.934295108030412,0.2784311081316364,{},{}
"[0, 0, 0, 0, 1, 1, 1, 1, 0, 1, 0, 0, 0, 1, 0, 0, 1, 0]",000011110100010010,"[""000011110100010010""]",1,0.000244140625,False,False,,,,3.548642577940531,0.1202811915760849,{},{}
"[0, 0, 0, 0, 1, 1, 1, 1, 0, 1, 0, 0, 1, 0, 1, 0, 1, 1]",000011110100101011,"[""000011110100101011""]",1,0.000244140625,False,False,,,,5.982788751007929,0.20805832656647014,{},{}
"[0, 0, 0, 0, 1, 1, 1, 1, 0, 1, 0, 1, 0, 0, 1, 0, 0, 1]",000011110101001001,"[""000011110101001001""]",1,0.000244140625,False,False,,,,4.754658421526948,0.1637710266050255,{},{}
"[0, 0, 0, 0, 1, 1, 1, 1, 0, 1, 0, 1, 1, 0, 1, 0, 0, 1]",000011110101101001,"[""000011110101101001""]",1,0.000244140625,False,False,,,,5.961955982557734,0.20730708132544512,{},{}
"[0, 0, 0, 0, 1, 1, 1, 1, 0, 1, 1, 0, 0, 0, 1, 1, 0, 1]",000011110110001101,"[""000011110110001101""]",1,0.000244140625,False,False,,,,5.976241934891321,0.20782224347155043,{},{}
"[0, 0, 0, 0, 1, 1, 1, 1, 0, 1, 1, 0, 1, 0, 1, 0, 0, 0]",000011110110101000,"[""000011110110101000""]",1,0.000244140625,False,False,,,,6.655004904883141,0.23229894478992977,{},{}
"[0, 0, 0, 0, 1, 1, 1, 1, 0, 1, 1, 1, 0, 0, 1, 1, 1, 0]",000011110111001110,"[""000011110111001110""]",1,0.000244140625,False,False,,,,9.208825023221609,0.32439161192259935,{},{}
"[0, 0, 0, 0, 1, 1, 1, 1, 0, 1, 1, 1, 1, 1, 0, 0, 1, 1]",000011110111110011,"[""000011110111110011""]",1,0.000244140625,False,False,,,,10.540048770257005,0.37239653777250514,{},{}
"[0, 0, 0, 0, 1, 1, 1, 1, 1, 0, 0, 0, 1, 1, 1, 0, 1, 0]",000011111000111010,"[""000011111000111010""]",1,0.000244140625,False,False,,,,12.040695278302682,0.4265109753387525,{},{}
"[0, 0, 0, 0, 1, 1, 1, 1, 1, 0, 0, 1, 1, 0, 1, 0, 1, 1]",000011111001101011,"[""000011111001101011""]",1,0.000244140625,False,False,,,,9.33792978569096,0.32904722639988987,{},{}
"[0, 0, 0, 0, 1, 1, 1, 1, 1, 0, 0, 1, 1, 1, 1, 0, 1, 0]",000011111001111010,"[""000011111001111010""]",1,0.000244140625,False,False,,,,11.275864467378042,0.39893060318273776,{},{}
"[0, 0, 0, 0, 1, 1, 1, 1, 1, 0, 1, 0, 1, 1, 1, 1, 0, 1]",000011111010111101,"[""000011111010111101""]",1,0.000244140625,False,False,,,,12.576562489549987,0.44583474852009036,{},{}
"[0, 0, 0, 0, 1, 1, 1, 1, 1, 1, 0, 0, 1, 1, 1, 1, 0, 1]",000011111100111101,"[""000011111100111101""]",1,0.000244140625,False,False,,,,12.585299634902553,0.44614981652854785,{},{}
"[0, 0, 0, 0, 1, 1, 1, 1, 1, 1, 0, 1, 0, 1, 0, 0, 0, 0]",000011111101010000,"[""000011111101010000""]",1,0.000244140625,False,False,,,,8.764196928303637,0.30835798964470995,{},{}
"[0, 0, 0, 0, 1, 1, 1, 1, 1, 1, 0, 1, 0, 1, 1, 0, 1, 1]",000011111101011011,"[""000011111101011011""]",1,0.000244140625,False,False,,,,10.61743729713133,0.37518722604148225,{},{}
"[0, 0, 0, 0, 1, 1, 1, 1, 1, 1, 0, 1, 1, 1, 1, 1, 0, 1]",000011111101111101,"[""000011111101111101""]",1,0.000244140625,False,False,,,,13.820468823977917,0.4906909430414259,{},{}
"[0, 0, 0, 0, 1, 1, 1, 1, 1, 1, 1, 0, 0, 0, 1, 1, 0, 0]",000011111110001100,"[""000011111110001100""]",1,0.000244140625,False,False,,,,7.979174697383821,0.2800494997535426,{},{}
"[0, 0, 0, 0, 1, 1, 1, 1, 1, 1, 1, 0, 0, 1, 0, 1, 1, 1]",000011111110010111,"[""000011111110010111""]",1,0.000244140625,False,False,,,,12.690096599769157,0.44992887360961326,{},{}
"[0, 0, 0, 0, 1, 1, 1, 1, 1, 1, 1, 1, 0, 0, 1, 0, 1, 1]",000011111111001011,"[""000011111111001011""]",1,0.000244140625,False,False,,,,12.609539780788833,0.4470239343531834,{},{}
"[0, 0, 0, 0, 1, 1, 1, 1, 1, 1, 1, 1, 0, 1, 0, 0, 1, 1]",000011111111010011,"[""000011111111010011""]",1,0.000244140625,False,False,,,,12.677256801472005,0.4494658608617148,{},{}
"[0, 0, 0, 1, 0, 0, 0, 0, 0, 0, 0, 0, 0, 0, 1, 1, 0, 0]",000100000000001100,"[""000100000000001100""]",1,0.000244140625,False,False,,,,2.645876487742674,0.08772676988982181,{},{}
"[0, 0, 0, 1, 0, 0, 0, 0, 0, 0, 0, 0, 1, 1, 0, 0, 1, 1]",000100000000110011,"[""000100000000110011""]",1,0.000244140625,False,False,,,,5.0096915036609335,0.17296771065185043,{},{}
"[0, 0, 0, 1, 0, 0, 0, 0, 0, 0, 1, 0, 0, 0, 0, 0, 1, 0]",000100000010000010,"[""000100000010000010""]",1,0.000244140625,False,False,,,,2.6021236829950323,0.08614901096513815,{},{}
"[0, 0, 0, 1, 0, 0, 0, 0, 0, 0, 1, 1, 0, 1, 1, 1, 1, 1]",000100000011011111,"[""000100000011011111""]",1,0.000244140625,False,False,,,,8.66832890835217,0.3049009170080504,{},{}
"[0, 0, 0, 1, 0, 0, 0, 0, 0, 0, 1, 1, 1, 0, 1, 1, 0, 0]",000100000011101100,"[""000100000011101100""]",1,0.000244140625,False,False,,,,4.223645812625949,0.1446223140220162,{},{}
"[0, 0, 0, 1, 0, 0, 0, 0, 1, 0, 0, 0, 0, 0, 0, 1, 0, 0]",000100001000000100,"[""000100001000000100""]",1,0.000244140625,False,False,,,,2.6725483709912012,0.08868857798592457,{},{}
"[0, 0, 0, 1, 0, 0, 0, 0, 1, 0, 0, 0, 1, 0, 0, 1, 1, 0]",000100001000100110,"[""000100001000100110""]",1,0.000244140625,False,False,,,,3.057391538759625,0.10256631099189599,{},{}
"[0, 0, 0, 1, 0, 0, 0, 0, 1, 0, 0, 0, 1, 1, 1, 0, 0, 0]",000100001000111000,"[""000100001000111000""]",1,0.000244140625,False,False,,,,7.003749861424303,0.24487494924941297,{},{}
"[0, 0, 0, 1, 0, 0, 0, 0, 1, 0, 0, 1, 0, 1, 1, 1, 1, 1]",000100001001011111,"[""000100001001011111""]",1,0.000244140625,False,False,,,,6.720843402659629,0.2346731303548042,{},{}
"[0, 0, 0, 1, 0, 0, 0, 0, 1, 0, 1, 0, 0, 0, 1, 1, 0, 1]",000100001010001101,"[""000100001010001101""]",1,0.000244140625,False,False,,,,2.2919556731401554,0.07496412011019735,{},{}
"[0, 0, 0, 1, 0, 0, 0, 0, 1, 0, 1, 1, 0, 0, 1, 1, 1, 1]",000100001011001111,"[""000100001011001111""]",1,0.000244140625,False,False,,,,6.722284555581966,0.2347250994090892,{},{}
"[0, 0, 0, 1, 0, 0, 0, 0, 1, 1, 0, 0, 0, 0, 1, 0, 1, 1]",000100001100001011,"[""000100001100001011""]",1,0.000244140625,False,False,,,,2.2783839978047546,0.07447471532787897,{},{}
"[0, 0, 0, 1, 0, 0, 0, 0, 1, 1, 0, 1, 0, 0, 0, 0, 0, 0]",000100001101000000,"[""000100001101000000""]",1,0.000244140625,False,False,,,,3.8310926095878353,0.13046655136682478,{},{}
"[0, 0, 0, 1, 0, 0, 0, 0, 1, 1, 1, 0, 0, 1, 0, 1, 0, 1]",000100001110010101,"[""000100001110010101""]",1,0.000244140625,False,False,,,,3.4888277547755253,0.11812422423144739,{},{}
"[0, 0, 0, 1, 0, 0, 0, 0, 1, 1, 1, 0, 1, 1, 0, 1, 0, 0]",000100001110110100,"[""000100001110110100""]",1,0.000244140625,False,False,,,,3.4520440156916976,0.11679777503676181,{},{}
"[0, 0, 0, 1, 0, 0, 0, 0, 1, 1, 1, 1, 1, 0, 1, 1, 0, 0]",000100001111101100,"[""000100001111101100""]",1,0.000244140625,False,False,,,,6.710551411002795,0.2343019934235149,{},{}
"[0, 0, 0, 1, 0, 0, 0, 0, 1, 1, 1, 1, 1, 1, 1, 0, 0, 0]",000100001111111000,"[""000100001111111000""]",1,0.000244140625,False,False,,,,10.60489788462574,0.37473504543031694,{},{}
"[0, 0, 0, 1, 0, 0, 0, 1, 0, 0, 0, 1, 0, 0, 1, 0, 0, 0]",000100010001001000,"[""000100010001001000""]",1,0.000244140625,False,False,,,,1.8351490934948427,0.05849133254728193,{},{}
"[0, 0, 0, 1, 0, 0, 0, 1, 0, 0, 1, 1, 0, 1, 1, 0, 0, 0]",000100010011011000,"[""000100010011011000""]",1,0.000244140625,False,False,,,,4.235605299949683,0.14505358209656588,{},{}
"[0, 0, 0, 1, 0, 0, 0, 1, 0, 0, 1, 1, 1, 1, 0, 1, 1, 1]",000100010011110111,"[""000100010011110111""]",1,0.000244140625,False,False,,,,7.911271880742396,0.2776008733035333,{},{}
"[0, 0, 0, 1, 0, 0, 0, 1, 0, 1, 1, 0, 1, 1, 0, 0, 0, 0]",000100010110110000,"[""000100010110110000""]",1,0.000244140625,False,False,,,,4.182213570290372,0.14312823631678892,{},{}
"[0, 0, 0, 1, 0, 0, 0, 1, 1, 0, 1, 0, 0, 0, 1, 1, 1, 1]",000100011010001111,"[""000100011010001111""]",1,0.000244140625,False,False,,,,6.752828286896707,0.23582652924776876,{},{}
"[0, 0, 0, 1, 0, 0, 0, 1, 1, 0, 1, 0, 1, 1, 1, 1, 0, 1]",000100011010111101,"[""000100011010111101""]",1,0.000244140625,False,False,,,,7.964576162291159,0.279523065638916,{},{}
"[0, 0, 0, 1, 0, 0, 0, 1, 1, 0, 1, 1, 1, 0, 1, 0, 0, 1]",000100011011101001,"[""000100011011101001""]",1,0.000244140625,False,False,,,,4.712523480274171,0.1622516090502875,{},{}
"[0, 0, 0, 1, 0, 0, 0, 1, 1, 1, 0, 1, 1, 1, 1, 0, 0, 0]",000100011101111000,"[""000100011101111000""]",1,0.000244140625,False,False,,,,8.648634106903337,0.3041907077098123,{},{}
"[0, 0, 0, 1, 0, 0, 0, 1, 1, 1, 1, 1, 0, 1, 0, 0, 1, 1]",000100011111010011,"[""000100011111010011""]",1,0.000244140625,False,False,,,,7.96462037213662,0.27952465987907127,{},{}
"[0, 0, 0, 1, 0, 0, 0, 1, 1, 1, 1, 1, 1, 0, 1, 0, 0, 1]",000100011111101001,"[""000100011111101001""]",1,0.000244140625,False,False,,,,7.927718557647456,0.27819395279679127,{},{}
"[0, 0, 0, 1, 0, 0, 1, 0, 0, 0, 0, 1, 0, 0, 1, 0, 1, 0]",000100100001001010,"[""000100100001001010""]",1,0.000244140625,False,False,,,,1.0249200426806682,0.029273865842385605,{},{}
"[0, 0, 0, 1, 0, 0, 1, 0, 0, 0, 1, 0, 1, 1, 0, 1, 0, 1]",000100100010110101,"[""000100100010110101""]",1,0.000244140625,False,False,,,,3.481451678858071,0.11785823740671622,{},{}
"[0, 0, 0, 1, 0, 0, 1, 0, 0, 0, 1, 0, 1, 1, 1, 1, 0, 1]",000100100010111101,"[""000100100010111101""]",1,0.000244140625,False,False,,,,6.691487165983602,0.23361452246262732,{},{}
"[0, 0, 0, 1, 0, 0, 1, 0, 0, 0, 1, 1, 0, 1, 1, 0, 1, 1]",000100100011011011,"[""000100100011011011""]",1,0.000244140625,False,False,,,,4.654776158929173,0.1601691973705298,{},{}
"[0, 0, 0, 1, 0, 0, 1, 0, 0, 0, 1, 1, 0, 1, 1, 1, 0, 1]",000100100011011101,"[""000100100011011101""]",1,0.000244140625,False,False,,,,4.656659891809132,0.16023712618972705,{},{}
"[0, 0, 0, 1, 0, 0, 1, 0, 0, 0, 1, 1, 1, 1, 0, 0, 1, 1]",000100100011110011,"[""000100100011110011""]",1,0.000244140625,False,False,,,,4.641687555633822,0.15969721252795813,{},{}
"[0, 0, 0, 1, 0, 0, 1, 0, 0, 1, 0, 0, 1, 1, 0, 1, 0, 0]",000100100100110100,"[""000100100100110100""]",1,0.000244140625,False,False,,,,2.3580242381628334,0.07734660207236671,{},{}
"[0, 0, 0, 1, 0, 0, 1, 0, 0, 1, 0, 1, 1, 1, 0, 1, 0, 0]",000100100101110100,"[""000100100101110100""]",1,0.000244140625,False,False,,,,3.552264692603371,0.1204118077450022,{},{}
"[0, 0, 0, 1, 0, 0, 1, 0, 0, 1, 1, 0, 0, 1, 1, 1, 0, 0]",000100100110011100,"[""000100100110011100""]",1,0.000244140625,False,False,,,,3.4433010288786665,0.11648249638086272,{},{}
"[0, 0, 0, 1, 0, 0, 1, 0, 0, 1, 1, 1, 1, 1, 1, 0, 1, 0]",000100100111111010,"[""000100100111111010""]",1,0.000244140625,False,False,,,,9.887887248666905,0.34887910461687344,{},{}
"[0, 0, 0, 1, 0, 0, 1, 0, 1, 0, 0, 0, 1, 1, 1, 1, 1, 1]",000100101000111111,"[""000100101000111111""]",1,0.000244140625,False,False,,,,12.008512821838682,0.42535045184323744,{},{}
"[0, 0, 0, 1, 0, 0, 1, 1, 0, 0, 0, 1, 0, 1, 0, 0, 1, 1]",000100110001010011,"[""000100110001010011""]",1,0.000244140625,False,False,,,,3.4572871489674535,0.11698684635154594,{},{}
"[0, 0, 0, 1, 0, 0, 1, 1, 0, 0, 0, 1, 1, 0, 1, 0, 0, 0]",000100110001101000,"[""000100110001101000""]",1,0.000244140625,False,False,,,,4.251667556097042,0.14563279908924143,{},{}
"[0, 0, 0, 1, 0, 0, 1, 1, 0, 0, 1, 1, 0, 1, 0, 1, 1, 0]",000100110011010110,"[""000100110011010110""]",1,0.000244140625,False,False,,,,4.687791259698078,0.16135974664360878,{},{}
"[0, 0, 0, 1, 0, 0, 1, 1, 0, 1, 1, 1, 1, 1, 0, 1, 0, 1]",000100110111110101,"[""000100110111110101""]",1,0.000244140625,False,False,,,,9.219800987965519,0.3247874134359332,{},{}
"[0, 0, 0, 1, 0, 0, 1, 1, 1, 0, 0, 0, 0, 1, 0, 1, 1, 1]",000100111000010111,"[""000100111000010111""]",1,0.000244140625,False,False,,,,10.78197281674391,0.38112050017084437,{},{}
"[0, 0, 0, 1, 0, 0, 1, 1, 1, 0, 0, 1, 0, 0, 0, 0, 1, 1]",000100111001000011,"[""000100111001000011""]",1,0.000244140625,False,False,,,,7.519460568744712,0.2634718637951843,{},{}
"[0, 0, 0, 1, 0, 0, 1, 1, 1, 0, 0, 1, 1, 0, 0, 1, 1, 1]",000100111001100111,"[""000100111001100111""]",1,0.000244140625,False,False,,,,10.01921782582395,0.35361498363968186,{},{}
"[0, 0, 0, 1, 0, 0, 1, 1, 1, 0, 1, 0, 0, 1, 0, 1, 0, 1]",000100111010010101,"[""000100111010010101""]",1,0.000244140625,False,False,,,,6.762730582080083,0.23618361343221217,{},{}
"[0, 0, 0, 1, 0, 0, 1, 1, 1, 0, 1, 0, 1, 1, 1, 1, 1, 0]",000100111010111110,"[""000100111010111110""]",1,0.000244140625,False,False,,,,11.22037819646333,0.39692972667577914,{},{}
"[0, 0, 0, 1, 0, 0, 1, 1, 1, 1, 0, 0, 0, 1, 1, 0, 0, 1]",000100111100011001,"[""000100111100011001""]",1,0.000244140625,False,False,,,,6.736652799623552,0.23524322905584896,{},{}
"[0, 0, 0, 1, 0, 0, 1, 1, 1, 1, 0, 0, 1, 0, 0, 0, 0, 0]",000100111100100000,"[""000100111100100000""]",1,0.000244140625,False,False,,,,6.328269994474226,0.22051663908686112,{},{}
"[0, 0, 0, 1, 0, 0, 1, 1, 1, 1, 0, 0, 1, 0, 0, 1, 0, 0]",000100111100100100,"[""000100111100100100""]",1,0.000244140625,False,False,,,,5.638067510558285,0.19562742032435612,{},{}
"[0, 0, 0, 1, 0, 0, 1, 1, 1, 1, 0, 0, 1, 1, 1, 0, 1, 0]",000100111100111010,"[""000100111100111010""]",1,0.000244140625,False,False,,,,9.945091195878106,0.3509419218181975,{},{}
"[0, 0, 0, 1, 0, 0, 1, 1, 1, 1, 0, 1, 0, 1, 0, 1, 1, 1]",000100111101010111,"[""000100111101010111""]",1,0.000244140625,False,False,,,,11.24476858151194,0.39780926223718766,{},{}
"[0, 0, 0, 1, 0, 0, 1, 1, 1, 1, 1, 1, 0, 0, 1, 0, 1, 1]",000100111111001011,"[""000100111111001011""]",1,0.000244140625,False,False,,,,11.20370225221041,0.39632837963015943,{},{}
"[0, 0, 0, 1, 0, 1, 0, 0, 0, 0, 1, 0, 1, 0, 1, 1, 1, 0]",000101000010101110,"[""000101000010101110""]",1,0.000244140625,False,False,,,,5.45628603615846,0.18907224414237797,{},{}
"[0, 0, 0, 1, 0, 1, 0, 0, 0, 0, 1, 1, 1, 1, 0, 0, 0, 0]",000101000011110000,"[""000101000011110000""]",1,0.000244140625,False,False,,,,6.166034016825437,0.2146662881638393,{},{}
"[0, 0, 0, 1, 0, 1, 0, 0, 0, 0, 1, 1, 1, 1, 1, 1, 1, 1]",000101000011111111,"[""000101000011111111""]",1,0.000244140625,False,False,,,,13.199984745446375,0.4683158222194851,{},{}
"[0, 0, 0, 1, 0, 1, 0, 0, 0, 1, 0, 0, 0, 1, 1, 1, 0, 0]",000101000100011100,"[""000101000100011100""]",1,0.000244140625,False,False,,,,4.26758270621217,0.14620671132816315,{},{}
"[0, 0, 0, 1, 0, 1, 0, 0, 0, 1, 0, 1, 0, 1, 1, 1, 0, 1]",000101000101011101,"[""000101000101011101""]",1,0.000244140625,False,False,,,,6.788292709451809,0.23710540289981916,{},{}
"[0, 0, 0, 1, 0, 1, 0, 0, 0, 1, 0, 1, 1, 1, 1, 0, 1, 1]",000101000101111011,"[""000101000101111011""]",1,0.000244140625,False,False,,,,9.959977162083867,0.35147872091414445,{},{}
"[0, 0, 0, 1, 0, 1, 0, 0, 0, 1, 1, 0, 0, 0, 0, 0, 0, 0]",000101000110000000,"[""000101000110000000""]",1,0.000244140625,False,False,,,,5.813112289289609,0.20193966621249004,{},{}
"[0, 0, 0, 1, 0, 1, 0, 0, 0, 1, 1, 0, 0, 0, 1, 1, 0, 1]",000101000110001101,"[""000101000110001101""]",1,0.000244140625,False,False,,,,5.546667156956286,0.1923314550840347,{},{}
"[0, 0, 0, 1, 0, 1, 0, 0, 0, 1, 1, 0, 0, 1, 1, 0, 1, 1]",000101000110011011,"[""000101000110011011""]",1,0.000244140625,False,False,,,,6.726145238263338,0.23486431851952197,{},{}
"[0, 0, 0, 1, 0, 1, 0, 0, 0, 1, 1, 1, 0, 0, 1, 0, 0, 0]",000101000111001000,"[""000101000111001000""]",1,0.000244140625,False,False,,,,8.223844594275839,0.2888724795750505,{},{}
"[0, 0, 0, 1, 0, 1, 0, 0, 1, 0, 0, 0, 0, 1, 1, 1, 1, 0]",000101001000011110,"[""000101001000011110""]",1,0.000244140625,False,False,,,,5.52524107667494,0.19155881457378932,{},{}
"[0, 0, 0, 1, 0, 1, 0, 0, 1, 0, 0, 1, 1, 1, 1, 0, 0, 1]",000101001001111001,"[""000101001001111001""]",1,0.000244140625,False,False,,,,6.825874992891399,0.23846064820235033,{},{}
"[0, 0, 0, 1, 0, 1, 0, 0, 1, 1, 0, 0, 0, 0, 0, 1, 0, 1]",000101001100000101,"[""000101001100000101""]",1,0.000244140625,False,False,,,,4.5106129148932235,0.1549705627641088,{},{}
"[0, 0, 0, 1, 0, 1, 0, 0, 1, 1, 0, 0, 0, 1, 0, 1, 1, 1]",000101001100010111,"[""000101001100010111""]",1,0.000244140625,False,False,,,,6.8892096822833135,0.2407445445606872,{},{}
"[0, 0, 0, 1, 0, 1, 0, 0, 1, 1, 1, 0, 0, 0, 1, 0, 1, 1]",000101001110001011,"[""000101001110001011""]",1,0.000244140625,False,False,,,,4.8167638108216675,0.1660105934807006,{},{}
"[0, 0, 0, 1, 0, 1, 0, 0, 1, 1, 1, 1, 0, 1, 1, 0, 1, 1]",000101001111011011,"[""000101001111011011""]",1,0.000244140625,False,False,,,,9.272039400100631,0.326671169721567,{},{}
"[0, 0, 0, 1, 0, 1, 0, 1, 0, 0, 0, 1, 0, 0, 0, 1, 0, 1]",000101010001000101,"[""000101010001000101""]",1,0.000244140625,False,False,,,,4.331688692855702,0.14851842124335293,{},{}
"[0, 0, 0, 1, 0, 1, 0, 1, 0, 0, 0, 1, 0, 0, 1, 1, 0, 1]",000101010001001101,"[""000101010001001101""]",1,0.000244140625,False,False,,,,3.566857881931064,0.12093804908733824,{},{}
"[0, 0, 0, 1, 0, 1, 0, 1, 0, 0, 0, 1, 0, 1, 0, 1, 0, 1]",000101010001010101,"[""000101010001010101""]",1,0.000244140625,False,False,,,,3.530286692650045,0.11961926459781283,{},{}
"[0, 0, 0, 1, 0, 1, 0, 1, 0, 0, 1, 1, 0, 0, 1, 0, 0, 1]",000101010011001001,"[""000101010011001001""]",1,0.000244140625,False,False,,,,3.5373467640282117,0.1198738560620642,{},{}
"[0, 0, 0, 1, 0, 1, 0, 1, 0, 1, 0, 1, 1, 0, 1, 0, 0, 0]",000101010101101000,"[""000101010101101000""]",1,0.000244140625,False,False,,,,5.45937477637383,0.18918362642904363,{},{}
"[0, 0, 0, 1, 0, 1, 0, 1, 0, 1, 1, 0, 0, 0, 0, 0, 1, 1]",000101010110000011,"[""000101010110000011""]",1,0.000244140625,False,False,,,,5.550907624406773,0.19248436951782757,{},{}
"[0, 0, 0, 1, 0, 1, 0, 1, 0, 1, 1, 0, 0, 0, 1, 1, 1, 1]",000101010110001111,"[""000101010110001111""]",1,0.000244140625,False,False,,,,8.005378041329333,0.280994411971286,{},{}
"[0, 0, 0, 1, 0, 1, 0, 1, 1, 0, 0, 1, 1, 1, 1, 1, 0, 1]",000101011001111101,"[""000101011001111101""]",1,0.000244140625,False,False,,,,9.313656152696138,0.32817190100502724,{},{}
"[0, 0, 0, 1, 0, 1, 0, 1, 1, 0, 1, 0, 0, 0, 1, 1, 1, 0]",000101011010001110,"[""000101011010001110""]",1,0.000244140625,False,False,,,,4.772276658535372,0.16440635343350113,{},{}
"[0, 0, 0, 1, 0, 1, 0, 1, 1, 0, 1, 1, 1, 1, 1, 0, 1, 1]",000101011011111011,"[""000101011011111011""]",1,0.000244140625,False,False,,,,10.554354399183776,0.37291240947130505,{},{}
"[0, 0, 0, 1, 0, 1, 0, 1, 1, 1, 0, 0, 1, 1, 0, 1, 0, 1]",000101011100110101,"[""000101011100110101""]",1,0.000244140625,False,False,,,,6.142342253525523,0.21381194542619006,{},{}
"[0, 0, 0, 1, 0, 1, 0, 1, 1, 1, 0, 0, 1, 1, 1, 0, 1, 0]",000101011100111010,"[""000101011100111010""]",1,0.000244140625,False,False,,,,7.962555342251926,0.2794501933540312,{},{}
"[0, 0, 0, 1, 0, 1, 0, 1, 1, 1, 0, 1, 1, 0, 0, 0, 0, 0]",000101011101100000,"[""000101011101100000""]",1,0.000244140625,False,False,,,,5.511958587494078,0.1910798380609008,{},{}
"[0, 0, 0, 1, 0, 1, 0, 1, 1, 1, 0, 1, 1, 1, 0, 1, 1, 1]",000101011101110111,"[""000101011101110111""]",1,0.000244140625,False,False,,,,10.576360487820056,0.37370596551744956,{},{}
"[0, 0, 0, 1, 0, 1, 0, 1, 1, 1, 1, 0, 0, 0, 1, 1, 0, 0]",000101011110001100,"[""000101011110001100""]",1,0.000244140625,False,False,,,,4.755591472397158,0.16380467311857244,{},{}
"[0, 0, 0, 1, 0, 1, 0, 1, 1, 1, 1, 0, 0, 1, 0, 1, 0, 1]",000101011110010101,"[""000101011110010101""]",1,0.000244140625,False,False,,,,6.106223207292745,0.21250946555379055,{},{}
"[0, 0, 0, 1, 0, 1, 0, 1, 1, 1, 1, 1, 0, 1, 1, 1, 1, 1]",000101011111011111,"[""000101011111011111""]",1,0.000244140625,False,False,,,,13.821040725085956,0.490711566223927,{},{}
"[0, 0, 0, 1, 0, 1, 1, 0, 0, 0, 1, 0, 0, 1, 0, 1, 1, 1]",000101100010010111,"[""000101100010010111""]",1,0.000244140625,False,False,,,,6.780926738228439,0.2368397804579285,{},{}
"[0, 0, 0, 1, 0, 1, 1, 0, 0, 0, 1, 1, 1, 1, 1, 0, 1, 0]",000101100011111010,"[""000101100011111010""]",1,0.000244140625,False,False,,,,7.886217045891482,0.27669737718435855,{},{}
"[0, 0, 0, 1, 0, 1, 1, 0, 0, 1, 0, 0, 0, 1, 0, 0, 0, 1]",000101100100010001,"[""000101100100010001""]",1,0.000244140625,False,False,,,,2.3507746719973004,0.07708517728408794,{},{}
"[0, 0, 0, 1, 0, 1, 1, 0, 0, 1, 0, 0, 1, 0, 1, 1, 0, 1]",000101100100101101,"[""000101100100101101""]",1,0.000244140625,False,False,,,,4.961490523200095,0.17122954717777758,{},{}
"[0, 0, 0, 1, 0, 1, 1, 0, 0, 1, 0, 0, 1, 1, 0, 0, 1, 1]",000101100100110011,"[""000101100100110011""]",1,0.000244140625,False,False,,,,4.810915618115761,0.16579970326947335,{},{}
"[0, 0, 0, 1, 0, 1, 1, 0, 0, 1, 0, 1, 0, 0, 0, 0, 0, 1]",000101100101000001,"[""000101100101000001""]",1,0.000244140625,False,False,,,,4.381696543866205,0.15032174182339703,{},{}
"[0, 0, 0, 1, 0, 1, 1, 0, 0, 1, 0, 1, 0, 1, 1, 1, 1, 0]",000101100101011110,"[""000101100101011110""]",1,0.000244140625,False,False,,,,5.976818535279435,0.20784303611361235,{},{}
"[0, 0, 0, 1, 0, 1, 1, 0, 0, 1, 0, 1, 1, 0, 0, 0, 0, 1]",000101100101100001,"[""000101100101100001""]",1,0.000244140625,False,False,,,,3.6265593051662073,0.12309092714553044,{},{}
"[0, 0, 0, 1, 0, 1, 1, 0, 0, 1, 0, 1, 1, 1, 0, 0, 0, 0]",000101100101110000,"[""000101100101110000""]",1,0.000244140625,False,False,,,,5.49355725138639,0.19041627209210255,{},{}
"[0, 0, 0, 1, 0, 1, 1, 0, 1, 0, 0, 0, 0, 1, 0, 1, 1, 1]",000101101000010111,"[""000101101000010111""]",1,0.000244140625,False,False,,,,8.898840742120104,0.3132133464641794,{},{}
"[0, 0, 0, 1, 0, 1, 1, 0, 1, 0, 0, 0, 1, 0, 1, 0, 0, 0]",000101101000101000,"[""000101101000101000""]",1,0.000244140625,False,False,,,,6.371687754788026,0.22208231605820014,{},{}
"[0, 0, 0, 1, 0, 1, 1, 0, 1, 0, 0, 1, 0, 0, 0, 0, 1, 0]",000101101001000010,"[""000101101001000010""]",1,0.000244140625,False,False,,,,4.327152775745653,0.14835485267344564,{},{}
"[0, 0, 0, 1, 0, 1, 1, 0, 1, 0, 1, 0, 0, 0, 0, 0, 0, 1]",000101101010000001,"[""000101101010000001""]",1,0.000244140625,False,False,,,,4.42866806152241,0.15201556994745596,{},{}
"[0, 0, 0, 1, 0, 1, 1, 0, 1, 0, 1, 0, 1, 0, 0, 1, 0, 0]",000101101010100100,"[""000101101010100100""]",1,0.000244140625,False,False,,,,3.6119861907981914,0.1225654097212832,{},{}
"[0, 0, 0, 1, 0, 1, 1, 0, 1, 0, 1, 1, 1, 0, 1, 0, 0, 0]",000101101011101000,"[""000101101011101000""]",1,0.000244140625,False,False,,,,6.752939340827687,0.23583053393573644,{},{}
"[0, 0, 0, 1, 0, 1, 1, 0, 1, 1, 1, 0, 0, 1, 1, 1, 1, 0]",000101101110011110,"[""000101101110011110""]",1,0.000244140625,False,False,,,,7.228698503420469,0.2529867658415608,{},{}
"[0, 0, 0, 1, 0, 1, 1, 0, 1, 1, 1, 1, 1, 0, 0, 0, 1, 1]",000101101111100011,"[""000101101111100011""]",1,0.000244140625,False,False,,,,9.338161266153744,0.3290555737588341,{},{}
"[0, 0, 0, 1, 0, 1, 1, 0, 1, 1, 1, 1, 1, 1, 0, 1, 1, 1]",000101101111110111,"[""000101101111110111""]",1,0.000244140625,False,False,,,,13.880286157550914,0.49284800091325676,{},{}
"[0, 0, 0, 1, 0, 1, 1, 1, 0, 0, 1, 0, 0, 0, 0, 0, 1, 0]",000101110010000010,"[""000101110010000010""]",1,0.000244140625,False,False,,,,4.264509479366718,0.14609588846524144,{},{}
"[0, 0, 0, 1, 0, 1, 1, 1, 0, 0, 1, 1, 0, 0, 0, 0, 0, 1]",000101110011000001,"[""000101110011000001""]",1,0.000244140625,False,False,,,,5.505954121039876,0.19086331250120872,{},{}
"[0, 0, 0, 1, 0, 1, 1, 1, 0, 0, 1, 1, 0, 1, 0, 1, 0, 0]",000101110011010100,"[""000101110011010100""]",1,0.000244140625,False,False,,,,4.677166009315333,0.16097659215294088,{},{}
"[0, 0, 0, 1, 0, 1, 1, 1, 0, 0, 1, 1, 1, 1, 0, 1, 1, 1]",000101110011110111,"[""000101110011110111""]",1,0.000244140625,False,False,,,,10.505198434166436,0.37113980853852196,{},{}
"[0, 0, 0, 1, 0, 1, 1, 1, 0, 1, 0, 1, 0, 0, 0, 0, 1, 0]",000101110101000010,"[""000101110101000010""]",1,0.000244140625,False,False,,,,5.47753116000443,0.18983835922796677,{},{}
"[0, 0, 0, 1, 0, 1, 1, 1, 0, 1, 1, 1, 0, 0, 0, 1, 0, 1]",000101110111000101,"[""000101110111000101""]",1,0.000244140625,False,False,,,,10.030845080068945,0.35403427114045843,{},{}
"[0, 0, 0, 1, 0, 1, 1, 1, 1, 0, 0, 0, 1, 0, 1, 0, 1, 1]",000101111000101011,"[""000101111000101011""]",1,0.000244140625,False,False,,,,10.094664839574175,0.35633565949056123,{},{}
"[0, 0, 0, 1, 0, 1, 1, 1, 1, 0, 0, 1, 0, 0, 0, 1, 1, 1]",000101111001000111,"[""000101111001000111""]",1,0.000244140625,False,False,,,,12.110242563966072,0.42901890257395114,{},{}
"[0, 0, 0, 1, 0, 1, 1, 1, 1, 0, 1, 0, 0, 0, 0, 0, 1, 1]",000101111010000011,"[""000101111010000011""]",1,0.000244140625,False,False,,,,8.889540675278962,0.3128779790850274,{},{}
"[0, 0, 0, 1, 0, 1, 1, 1, 1, 0, 1, 1, 0, 1, 1, 1, 0, 1]",000101111011011101,"[""000101111011011101""]",1,0.000244140625,False,False,,,,10.553161426987934,0.3728693899999878,{},{}
"[0, 0, 0, 1, 0, 1, 1, 1, 1, 0, 1, 1, 1, 0, 0, 1, 0, 0]",000101111011100100,"[""000101111011100100""]",1,0.000244140625,False,False,,,,8.025880326218948,0.2817337397274738,{},{}
"[0, 0, 0, 1, 0, 1, 1, 1, 1, 1, 0, 0, 0, 0, 1, 0, 1, 1]",000101111100001011,"[""000101111100001011""]",1,0.000244140625,False,False,,,,8.094664839574175,0.2842141608216685,{},{}
"[0, 0, 0, 1, 0, 1, 1, 1, 1, 1, 0, 1, 1, 0, 0, 1, 1, 0]",000101111101100110,"[""000101111101100110""]",1,0.000244140625,False,False,,,,9.340783505497276,0.32915013367449614,{},{}
"[0, 0, 0, 1, 0, 1, 1, 1, 1, 1, 1, 0, 0, 1, 0, 1, 1, 0]",000101111110010110,"[""000101111110010110""]",1,0.000244140625,False,False,,,,9.307434378798241,0.32794753917607955,{},{}
"[0, 0, 0, 1, 0, 1, 1, 1, 1, 1, 1, 0, 1, 0, 1, 1, 1, 1]",000101111110101111,"[""000101111110101111""]",1,0.000244140625,False,False,,,,13.912230549705566,0.4939999396313869,{},{}
"[0, 0, 0, 1, 0, 1, 1, 1, 1, 1, 1, 0, 1, 1, 0, 1, 1, 1]",000101111110110111,"[""000101111110110111""]",1,0.000244140625,False,False,,,,13.951124516586187,0.4954024852216912,{},{}
"[0, 0, 0, 1, 0, 1, 1, 1, 1, 1, 1, 1, 1, 1, 1, 0, 1, 0]",000101111111111010,"[""000101111111111010""]",1,0.000244140625,False,False,,,,15.735620177684902,0.5597527359449791,{},{}
"[0, 0, 0, 1, 0, 1, 1, 1, 1, 1, 1, 1, 1, 1, 1, 1, 1, 1]",000101111111111111,"[""000101111111111111""]",1,0.000244140625,False,False,,,,20.412124225472077,0.7283909761737559,{},{}
"[0, 0, 0, 1, 1, 0, 0, 0, 0, 0, 0, 0, 1, 1, 1, 0, 1, 1]",000110000000111011,"[""000110000000111011""]",1,0.000244140625,False,False,,,,9.473939512528226,0.333951839066415,{},{}
"[0, 0, 0, 1, 1, 0, 0, 0, 0, 0, 0, 1, 1, 1, 0, 1, 1, 0]",000110000001110110,"[""000110000001110110""]",1,0.000244140625,False,False,,,,5.450069813768309,0.18884808250495955,{},{}
"[0, 0, 0, 1, 1, 0, 0, 0, 0, 0, 1, 0, 0, 0, 0, 1, 1, 0]",000110000010000110,"[""000110000010000110""]",1,0.000244140625,False,False,,,,5.048531798296985,0.1743683207807971,{},{}
"[0, 0, 0, 1, 1, 0, 0, 0, 0, 0, 1, 0, 1, 1, 1, 0, 0, 0]",000110000010111000,"[""000110000010111000""]",1,0.000244140625,False,False,,,,8.184951496385118,0.2874699653211731,{},{}
"[0, 0, 0, 1, 1, 0, 0, 0, 0, 1, 0, 0, 1, 1, 0, 0, 1, 0]",000110000100110010,"[""000110000100110010""]",1,0.000244140625,False,False,,,,4.221574296406206,0.1445476135948738,{},{}
"[0, 0, 0, 1, 1, 0, 0, 0, 0, 1, 1, 0, 0, 0, 0, 1, 0, 0]",000110000110000100,"[""000110000110000100""]",1,0.000244140625,False,False,,,,5.0131692736291,0.17309312164291535,{},{}
"[0, 0, 0, 1, 1, 0, 0, 0, 0, 1, 1, 0, 1, 0, 0, 0, 1, 0]",000110000110100010,"[""000110000110100010""]",1,0.000244140625,False,False,,,,4.221574296406206,0.1445476135948738,{},{}
"[0, 0, 0, 1, 1, 0, 0, 0, 1, 0, 0, 0, 1, 1, 0, 0, 1, 0]",000110001000110010,"[""000110001000110010""]",1,0.000244140625,False,False,,,,4.252425258671816,0.14566012241186044,{},{}
"[0, 0, 0, 1, 1, 0, 0, 0, 1, 0, 0, 1, 0, 1, 0, 0, 1, 1]",000110001001010011,"[""000110001001010011""]",1,0.000244140625,False,False,,,,3.557029811030671,0.12058364148615801,{},{}
"[0, 0, 0, 1, 1, 0, 0, 0, 1, 0, 1, 1, 1, 0, 0, 1, 0, 1]",000110001011100101,"[""000110001011100101""]",1,0.000244140625,False,False,,,,4.726083855032489,0.16274060632532836,{},{}
"[0, 0, 0, 1, 1, 0, 0, 0, 1, 1, 0, 0, 0, 1, 1, 0, 0, 1]",000110001100011001,"[""000110001100011001""]",1,0.000244140625,False,False,,,,3.4816489252354614,0.11786535025888843,{},{}
"[0, 0, 0, 1, 1, 0, 0, 0, 1, 1, 1, 1, 1, 0, 0, 1, 0, 0]",000110001111100100,"[""000110001111100100""]",1,0.000244140625,False,False,,,,6.694315326446485,0.23371650804815694,{},{}
"[0, 0, 0, 1, 1, 0, 0, 1, 0, 0, 1, 0, 0, 0, 0, 0, 0, 0]",000110010010000000,"[""000110010010000000""]",1,0.000244140625,False,False,,,,3.8523338002486116,0.13123252461880822,{},{}
"[0, 0, 0, 1, 1, 0, 0, 1, 0, 0, 1, 1, 0, 0, 0, 0, 1, 0]",000110010011000010,"[""000110010011000010""]",1,0.000244140625,False,False,,,,4.323072604688192,0.14820771864770085,{},{}
"[0, 0, 0, 1, 1, 0, 0, 1, 0, 1, 0, 0, 0, 1, 1, 0, 1, 1]",000110010100011011,"[""000110010100011011""]",1,0.000244140625,False,False,,,,4.749317763883764,0.16357843848847356,{},{}
"[0, 0, 0, 1, 1, 0, 0, 1, 0, 1, 0, 0, 1, 0, 1, 1, 0, 1]",000110010100101101,"[""000110010100101101""]",1,0.000244140625,False,False,,,,4.737149212242966,0.16313963139799148,{},{}
"[0, 0, 0, 1, 1, 0, 0, 1, 0, 1, 0, 1, 0, 0, 0, 1, 0, 1]",000110010101000101,"[""000110010101000101""]",1,0.000244140625,False,False,,,,5.480494620820019,0.18994522384560017,{},{}
"[0, 0, 0, 1, 1, 0, 0, 1, 0, 1, 0, 1, 1, 1, 1, 1, 0, 1]",000110010101111101,"[""000110010101111101""]",1,0.000244140625,False,False,,,,9.195415996148208,0.3239080723584866,{},{}
"[0, 0, 0, 1, 1, 0, 0, 1, 0, 1, 1, 0, 0, 0, 1, 0, 0, 1]",000110010110001001,"[""000110010110001001""]",1,0.000244140625,False,False,,,,3.4570243811997248,0.1169773707489407,{},{}
"[0, 0, 0, 1, 1, 0, 0, 1, 0, 1, 1, 0, 1, 0, 0, 0, 1, 1]",000110010110100011,"[""000110010110100011""]",1,0.000244140625,False,False,,,,4.737241168524183,0.16314294741039817,{},{}
"[0, 0, 0, 1, 1, 0, 0, 1, 1, 0, 0, 0, 0, 1, 1, 0, 1, 1]",000110011000011011,"[""000110011000011011""]",1,0.000244140625,False,False,,,,6.843908461034551,0.23911094857669127,{},{}
"[0, 0, 0, 1, 1, 0, 0, 1, 1, 0, 0, 0, 1, 0, 0, 0, 0, 1]",000110011000100001,"[""000110011000100001""]",1,0.000244140625,False,False,,,,4.315910108746214,0.14794943367692823,{},{}
"[0, 0, 0, 1, 1, 0, 0, 1, 1, 0, 0, 0, 1, 0, 1, 0, 0, 0]",000110011000101000,"[""000110011000101000""]",1,0.000244140625,False,False,,,,6.248302298049966,0.21763294403125275,{},{}
"[0, 0, 0, 1, 1, 0, 0, 1, 1, 0, 0, 1, 1, 1, 0, 0, 1, 1]",000110011001110011,"[""000110011001110011""]",1,0.000244140625,False,False,,,,6.011187660938012,0.2090824125388304,{},{}
"[0, 0, 0, 1, 1, 0, 0, 1, 1, 0, 0, 1, 1, 1, 0, 1, 1, 0]",000110011001110110,"[""000110011001110110""]",1,0.000244140625,False,False,,,,5.957860801461252,0.2071594060264457,{},{}
"[0, 0, 0, 1, 1, 0, 0, 1, 1, 0, 1, 1, 1, 0, 1, 1, 1, 1]",000110011011101111,"[""000110011011101111""]",1,0.000244140625,False,False,,,,10.505145659573058,0.3711379054471389,{},{}
"[0, 0, 0, 1, 1, 0, 0, 1, 1, 1, 0, 0, 0, 0, 1, 0, 0, 0]",000110011100001000,"[""000110011100001000""]",1,0.000244140625,False,False,,,,4.231066112442633,0.1448898955936921,{},{}
"[0, 0, 0, 1, 1, 0, 0, 1, 1, 1, 0, 1, 0, 1, 0, 0, 1, 1]",000110011101010011,"[""000110011101010011""]",1,0.000244140625,False,False,,,,6.017644024358172,0.20931523384173686,{},{}
"[0, 0, 0, 1, 1, 0, 0, 1, 1, 1, 0, 1, 0, 1, 1, 0, 1, 1]",000110011101011011,"[""000110011101011011""]",1,0.000244140625,False,False,,,,7.252813213433534,0.25385636035461484,{},{}
"[0, 0, 0, 1, 1, 0, 0, 1, 1, 1, 1, 1, 0, 1, 1, 1, 0, 1]",000110011111011101,"[""000110011111011101""]",1,0.000244140625,False,False,,,,10.473682449799721,0.3700033185262455,{},{}
"[0, 0, 0, 1, 1, 0, 1, 0, 0, 0, 0, 1, 0, 1, 0, 1, 0, 1]",000110100001010101,"[""000110100001010101""]",1,0.000244140625,False,False,,,,3.473845017815033,0.11758393550957112,{},{}
"[0, 0, 0, 1, 1, 0, 1, 0, 0, 0, 0, 1, 1, 1, 1, 0, 0, 1]",000110100001111001,"[""000110100001111001""]",1,0.000244140625,False,False,,,,6.682656660311327,0.233296087811083,{},{}
"[0, 0, 0, 1, 1, 0, 1, 0, 0, 0, 1, 0, 0, 0, 1, 1, 0, 1]",000110100010001101,"[""000110100010001101""]",1,0.000244140625,False,False,,,,3.4645063485501977,0.11724717609809461,{},{}
"[0, 0, 0, 1, 1, 0, 1, 0, 0, 0, 1, 1, 0, 0, 1, 0, 1, 0]",000110100011001010,"[""000110100011001010""]",1,0.000244140625,False,False,,,,3.470845055810046,0.11747575463169643,{},{}
"[0, 0, 0, 1, 1, 0, 1, 0, 0, 1, 0, 0, 0, 0, 1, 1, 0, 1]",000110100100001101,"[""000110100100001101""]",1,0.000244140625,False,False,,,,3.5438023283481845,0.12010664854881914,{},{}
"[0, 0, 0, 1, 1, 0, 1, 0, 0, 1, 0, 1, 0, 1, 0, 1, 0, 1]",000110100101010101,"[""000110100101010101""]",1,0.000244140625,False,False,,,,4.742400328142527,0.16332899057217168,{},{}
"[0, 0, 0, 1, 1, 0, 1, 0, 0, 1, 0, 1, 1, 0, 0, 1, 0, 1]",000110100101100101,"[""000110100101100101""]",1,0.000244140625,False,False,,,,4.838022120040347,0.16677718404070954,{},{}
"[0, 0, 0, 1, 1, 0, 1, 0, 0, 1, 1, 0, 0, 1, 0, 1, 1, 0]",000110100110010110,"[""000110100110010110""]",1,0.000244140625,False,False,,,,4.757090905087214,0.1638587437849524,{},{}
"[0, 0, 0, 1, 1, 0, 1, 0, 0, 1, 1, 1, 0, 0, 1, 1, 0, 1]",000110100111001101,"[""000110100111001101""]",1,0.000244140625,False,False,,,,7.968230847953055,0.2796548563424658,{},{}
"[0, 0, 0, 1, 1, 0, 1, 0, 0, 1, 1, 1, 1, 1, 1, 0, 0, 0]",000110100111111000,"[""000110100111111000""]",1,0.000244140625,False,False,,,,11.904884040194382,0.4216135203245283,{},{}
"[0, 0, 0, 1, 1, 0, 1, 0, 1, 1, 0, 0, 0, 0, 0, 0, 0, 0]",000110101100000000,"[""000110101100000000""]",1,0.000244140625,False,False,,,,5.062568165261047,0.17487448269145447,{},{}
"[0, 0, 0, 1, 1, 0, 1, 0, 1, 1, 0, 1, 0, 1, 1, 1, 0, 1]",000110101101011101,"[""000110101101011101""]",1,0.000244140625,False,False,,,,7.245895777692297,0.25360691243831296,{},{}
"[0, 0, 0, 1, 1, 0, 1, 0, 1, 1, 0, 1, 1, 0, 0, 1, 1, 1]",000110101101100111,"[""000110101101100111""]",1,0.000244140625,False,False,,,,9.345748259347273,0.3293291664185881,{},{}
"[0, 0, 0, 1, 1, 0, 1, 0, 1, 1, 1, 0, 0, 0, 0, 1, 1, 0]",000110101110000110,"[""000110101110000110""]",1,0.000244140625,False,False,,,,6.765707889368295,0.23629097736402402,{},{}
"[0, 0, 0, 1, 1, 0, 1, 0, 1, 1, 1, 0, 0, 0, 1, 0, 0, 0]",000110101110001000,"[""000110101110001000""]",1,0.000244140625,False,False,,,,5.4396115868109325,0.18847095100416686,{},{}
"[0, 0, 0, 1, 1, 0, 1, 0, 1, 1, 1, 0, 0, 1, 1, 0, 1, 1]",000110101110011011,"[""000110101110011011""]",1,0.000244140625,False,False,,,,7.218183093602372,0.25260757228396147,{},{}
"[0, 0, 0, 1, 1, 0, 1, 1, 0, 0, 0, 0, 0, 0, 0, 1, 1, 1]",000110110000000111,"[""000110110000000111""]",1,0.000244140625,False,False,,,,9.540386785093487,0.33634797750634854,{},{}
"[0, 0, 0, 1, 1, 0, 1, 1, 0, 0, 0, 0, 1, 0, 1, 1, 0, 0]",000110110000101100,"[""000110110000101100""]",1,0.000244140625,False,False,,,,5.5162306408383595,0.1912338915056923,{},{}
"[0, 0, 0, 1, 1, 0, 1, 1, 0, 0, 0, 0, 1, 1, 1, 1, 0, 0]",000110110000111100,"[""000110110000111100""]",1,0.000244140625,False,False,,,,8.740769388590579,0.30751317500759456,{},{}
"[0, 0, 0, 1, 1, 0, 1, 1, 0, 0, 1, 1, 1, 0, 0, 1, 1, 1]",000110110011100111,"[""000110110011100111""]",1,0.000244140625,False,False,,,,9.2510999959319,0.32591607911662573,{},{}
"[0, 0, 0, 1, 1, 0, 1, 1, 0, 0, 1, 1, 1, 0, 1, 0, 1, 1]",000110110011101011,"[""000110110011101011""]",1,0.000244140625,False,False,,,,7.208592513708034,0.2522617287864197,{},{}
"[0, 0, 0, 1, 1, 0, 1, 1, 0, 1, 0, 0, 0, 0, 0, 0, 0, 0]",000110110100000000,"[""000110110100000000""]",1,0.000244140625,False,False,,,,5.034974845833758,0.17387944691628168,{},{}
"[0, 0, 0, 1, 1, 0, 1, 1, 0, 1, 0, 0, 0, 1, 1, 1, 0, 1]",000110110100011101,"[""000110110100011101""]",1,0.000244140625,False,False,,,,5.990396678617852,0.20833267413696618,{},{}
"[0, 0, 0, 1, 1, 0, 1, 1, 0, 1, 0, 0, 1, 0, 1, 0, 1, 1]",000110110100101011,"[""000110110100101011""]",1,0.000244140625,False,False,,,,5.971809792784629,0.20766241710602637,{},{}
"[0, 0, 0, 1, 1, 0, 1, 1, 0, 1, 0, 1, 0, 1, 1, 0, 0, 1]",000110110101011001,"[""000110110101011001""]",1,0.000244140625,False,False,,,,5.939991680051487,0.20651503211846137,{},{}
"[0, 0, 0, 1, 1, 0, 1, 1, 0, 1, 1, 1, 0, 0, 0, 1, 1, 0]",000110110111000110,"[""000110110111000110""]",1,0.000244140625,False,False,,,,10.009370222247124,0.3532598716755529,{},{}
"[0, 0, 0, 1, 1, 0, 1, 1, 0, 1, 1, 1, 1, 0, 0, 0, 1, 0]",000110110111100010,"[""000110110111100010""]",1,0.000244140625,False,False,,,,7.984453828590394,0.28023986918068644,{},{}
"[0, 0, 0, 1, 1, 0, 1, 1, 1, 0, 0, 0, 0, 0, 0, 0, 0, 1]",000110111000000001,"[""000110111000000001""]",1,0.000244140625,False,False,,,,8.337332998705952,0.29296495647957105,{},{}
"[0, 0, 0, 1, 1, 0, 1, 1, 1, 0, 0, 0, 1, 1, 1, 0, 0, 1]",000110111000111001,"[""000110111000111001""]",1,0.000244140625,False,False,,,,11.99542897228605,0.4248786384241904,{},{}
"[0, 0, 0, 1, 1, 0, 1, 1, 1, 0, 1, 0, 0, 0, 0, 0, 1, 1]",000110111010000011,"[""000110111010000011""]",1,0.000244140625,False,False,,,,8.83981124937955,0.31108469872312283,{},{}
"[0, 0, 0, 1, 1, 0, 1, 1, 1, 0, 1, 0, 0, 1, 1, 1, 1, 0]",000110111010011110,"[""000110111010011110""]",1,0.000244140625,False,False,,,,9.27037807105658,0.3266112609513474,{},{}
"[0, 0, 0, 1, 1, 0, 1, 1, 1, 0, 1, 1, 1, 0, 0, 0, 1, 0]",000110111011100010,"[""000110111011100010""]",1,0.000244140625,False,False,,,,7.9942840244633135,0.28059435340996836,{},{}
"[0, 0, 0, 1, 1, 0, 1, 1, 1, 1, 0, 1, 0, 0, 0, 1, 1, 0]",000110111101000110,"[""000110111101000110""]",1,0.000244140625,False,False,,,,9.998909547742333,0.35288265191436635,{},{}
"[0, 0, 0, 1, 1, 0, 1, 1, 1, 1, 0, 1, 1, 0, 0, 1, 0, 0]",000110111101100100,"[""000110111101100100""]",1,0.000244140625,False,False,,,,8.046466051173773,0.2824760763949376,{},{}
"[0, 0, 0, 1, 1, 0, 1, 1, 1, 1, 1, 0, 0, 0, 1, 1, 0, 0]",000110111110001100,"[""000110111110001100""]",1,0.000244140625,False,False,,,,7.978226160156167,0.28001529479034176,{},{}
"[0, 0, 0, 1, 1, 0, 1, 1, 1, 1, 1, 0, 0, 1, 1, 1, 0, 0]",000110111110011100,"[""000110111110011100""]",1,0.000244140625,False,False,,,,9.22470245330421,0.3249641639488832,{},{}
"[0, 0, 0, 1, 1, 0, 1, 1, 1, 1, 1, 0, 1, 0, 0, 0, 0, 0]",000110111110100000,"[""000110111110100000""]",1,0.000244140625,False,False,,,,8.7590693120589,0.30817308396062526,{},{}
"[0, 0, 0, 1, 1, 0, 1, 1, 1, 1, 1, 1, 0, 1, 1, 1, 0, 0]",000110111111011100,"[""000110111111011100""]",1,0.000244140625,False,False,,,,12.46776915872207,0.4419115794878454,{},{}
"[0, 0, 0, 1, 1, 0, 1, 1, 1, 1, 1, 1, 1, 0, 0, 1, 1, 0]",000110111111100110,"[""000110111111100110""]",1,0.000244140625,False,False,,,,12.556841818189868,0.44512360633346615,{},{}
"[0, 0, 0, 1, 1, 1, 0, 0, 0, 0, 0, 0, 1, 1, 0, 0, 1, 0]",000111000000110010,"[""000111000000110010""]",1,0.000244140625,False,False,,,,8.284764725233334,0.29106930514693036,{},{}
"[0, 0, 0, 1, 1, 1, 0, 0, 0, 0, 0, 1, 0, 0, 1, 1, 1, 0]",000111000001001110,"[""000111000001001110""]",1,0.000244140625,False,False,,,,7.519996370138133,0.2634911851949255,{},{}
"[0, 0, 0, 1, 1, 1, 0, 0, 0, 0, 0, 1, 0, 1, 1, 0, 1, 1]",000111000001011011,"[""000111000001011011""]",1,0.000244140625,False,False,,,,8.843215805197223,0.311207469557059,{},{}
"[0, 0, 0, 1, 1, 1, 0, 0, 0, 0, 1, 0, 0, 1, 0, 1, 1, 1]",000111000010010111,"[""000111000010010111""]",1,0.000244140625,False,False,,,,10.867152184357181,0.38419213199481317,{},{}
"[0, 0, 0, 1, 1, 1, 0, 0, 0, 0, 1, 0, 1, 1, 0, 0, 0, 0]",000111000010110000,"[""000111000010110000""]",1,0.000244140625,False,False,,,,8.236065329852664,0.289313168457369,{},{}
"[0, 0, 0, 1, 1, 1, 0, 0, 0, 0, 1, 1, 0, 0, 0, 1, 0, 1]",000111000011000101,"[""000111000011000101""]",1,0.000244140625,False,False,,,,9.551125760563222,0.3367352330088714,{},{}
"[0, 0, 0, 1, 1, 1, 0, 0, 0, 0, 1, 1, 0, 1, 1, 0, 1, 1]",000111000011011011,"[""000111000011011011""]",1,0.000244140625,False,False,,,,10.08424774286088,0.3559600111771904,{},{}
"[0, 0, 0, 1, 1, 1, 0, 0, 0, 1, 0, 0, 0, 0, 1, 0, 0, 0]",000111000100001000,"[""000111000100001000""]",1,0.000244140625,False,False,,,,7.037747094180859,0.24610091493791197,{},{}
"[0, 0, 0, 1, 1, 1, 0, 0, 0, 1, 0, 1, 0, 0, 1, 1, 0, 0]",000111000101001100,"[""000111000101001100""]",1,0.000244140625,False,False,,,,7.514468907208573,0.2632918607397672,{},{}
"[0, 0, 0, 1, 1, 1, 0, 0, 0, 1, 1, 0, 0, 1, 1, 0, 1, 1]",000111000110011011,"[""000111000110011011""]",1,0.000244140625,False,False,,,,10.03503509221865,0.3541853661182972,{},{}
"[0, 0, 0, 1, 1, 1, 0, 0, 0, 1, 1, 1, 1, 1, 0, 1, 0, 0]",000111000111110100,"[""000111000111110100""]",1,0.000244140625,False,False,,,,11.92995415259084,0.42251756736344337,{},{}
"[0, 0, 0, 1, 1, 1, 0, 0, 1, 0, 0, 0, 0, 0, 1, 0, 1, 0]",000111001000001010,"[""000111001000001010""]",1,0.000244140625,False,False,,,,6.350206850520177,0.22130769855391996,{},{}
"[0, 0, 0, 1, 1, 1, 0, 0, 1, 0, 1, 0, 1, 1, 0, 1, 0, 0]",000111001010110100,"[""000111001010110100""]",1,0.000244140625,False,False,,,,6.764650377539458,0.2362528426950461,{},{}
"[0, 0, 0, 1, 1, 1, 0, 0, 1, 0, 1, 1, 0, 0, 1, 1, 1, 0]",000111001011001110,"[""000111001011001110""]",1,0.000244140625,False,False,,,,8.01534336395323,0.2813537689724632,{},{}
"[0, 0, 0, 1, 1, 1, 0, 0, 1, 1, 0, 1, 0, 1, 0, 0, 0, 1]",000111001101010001,"[""000111001101010001""]",1,0.000244140625,False,False,,,,6.84627300893326,0.2391962159457559,{},{}
"[0, 0, 0, 1, 1, 1, 0, 0, 1, 1, 1, 0, 0, 1, 0, 1, 0, 0]",000111001110010100,"[""000111001110010100""]",1,0.000244140625,False,False,,,,6.764650377539458,0.2362528426950461,{},{}
"[0, 0, 0, 1, 1, 1, 0, 0, 1, 1, 1, 0, 0, 1, 1, 0, 1, 0]",000111001110011010,"[""000111001110011010""]",1,0.000244140625,False,False,,,,7.997730871807134,0.2807186493080279,{},{}
"[0, 0, 0, 1, 1, 1, 0, 0, 1, 1, 1, 1, 0, 1, 0, 1, 1, 0]",000111001111010110,"[""000111001111010110""]",1,0.000244140625,False,False,,,,11.256519681366818,0.3982330157034585,{},{}
"[0, 0, 0, 1, 1, 1, 0, 0, 1, 1, 1, 1, 0, 1, 1, 1, 1, 0]",000111001111011110,"[""000111001111011110""]",1,0.000244140625,False,False,,,,12.49024771751984,0.4427221731620513,{},{}
"[0, 0, 0, 1, 1, 1, 0, 1, 0, 0, 0, 0, 0, 0, 0, 0, 1, 0]",000111010000000010,"[""000111010000000010""]",1,0.000244140625,False,False,,,,7.127710145007698,0.24934504996314066,{},{}
"[0, 0, 0, 1, 1, 1, 0, 1, 0, 0, 0, 1, 0, 0, 0, 0, 0, 0]",000111010001000000,"[""000111010001000000""]",1,0.000244140625,False,False,,,,7.065948641922679,0.24711788388187317,{},{}
"[0, 0, 0, 1, 1, 1, 0, 1, 0, 0, 1, 0, 1, 0, 1, 0, 1, 1]",000111010010101011,"[""000111010010101011""]",1,0.000244140625,False,False,,,,8.042806551038364,0.28234411207786525,{},{}
"[0, 0, 0, 1, 1, 1, 0, 1, 0, 1, 1, 1, 0, 1, 0, 1, 0, 1]",000111010111010101,"[""000111010111010101""]",1,0.000244140625,False,False,,,,11.279470820089546,0.3990606509638789,{},{}
"[0, 0, 0, 1, 1, 1, 0, 1, 0, 1, 1, 1, 1, 1, 1, 0, 1, 1]",000111010111111011,"[""000111010111111011""]",1,0.000244140625,False,False,,,,15.794615874323208,0.561880164973264,{},{}
"[0, 0, 0, 1, 1, 1, 0, 1, 1, 0, 1, 0, 1, 1, 1, 0, 0, 1]",000111011010111001,"[""000111011010111001""]",1,0.000244140625,False,False,,,,11.355128357049646,0.40178891843945863,{},{}
"[0, 0, 0, 1, 1, 1, 0, 1, 1, 0, 1, 1, 0, 1, 0, 0, 1, 0]",000111011011010010,"[""000111011011010010""]",1,0.000244140625,False,False,,,,8.141829916943088,0.28591496885400863,{},{}
"[0, 0, 0, 1, 1, 1, 0, 1, 1, 0, 1, 1, 1, 0, 0, 1, 0, 0]",000111011011100100,"[""000111011011100100""]",1,0.000244140625,False,False,,,,7.997852035913492,0.2807230185764956,{},{}
"[0, 0, 0, 1, 1, 1, 0, 1, 1, 0, 1, 1, 1, 0, 1, 1, 0, 1]",000111011011101101,"[""000111011011101101""]",1,0.000244140625,False,False,,,,10.57603520766448,0.37369423567129584,{},{}
"[0, 0, 0, 1, 1, 1, 0, 1, 1, 1, 0, 0, 0, 1, 0, 1, 0, 0]",000111011100010100,"[""000111011100010100""]",1,0.000244140625,False,False,,,,6.803611581472955,0.23765781290386018,{},{}
"[0, 0, 0, 1, 1, 1, 0, 1, 1, 1, 0, 0, 0, 1, 1, 0, 0, 1]",000111011100011001,"[""000111011100011001""]",1,0.000244140625,False,False,,,,8.107210910979264,0.2846665815577395,{},{}
"[0, 0, 0, 1, 1, 1, 0, 1, 1, 1, 0, 0, 1, 0, 0, 1, 1, 0]",000111011100100110,"[""000111011100100110""]",1,0.000244140625,False,False,,,,8.074493197061908,0.28348675627736963,{},{}
"[0, 0, 0, 1, 1, 1, 0, 1, 1, 1, 1, 0, 1, 0, 1, 0, 1, 0]",000111011110101010,"[""000111011110101010""]",1,0.000244140625,False,False,,,,9.250875145178144,0.3259079708299569,{},{}
"[0, 0, 0, 1, 1, 1, 0, 1, 1, 1, 1, 1, 0, 0, 0, 0, 1, 1]",000111011111000011,"[""000111011111000011""]",1,0.000244140625,False,False,,,,13.391606777320803,0.47522585627786607,{},{}
"[0, 0, 0, 1, 1, 1, 1, 0, 0, 0, 1, 0, 0, 0, 0, 1, 0, 1]",000111100010000101,"[""000111100010000101""]",1,0.000244140625,False,False,,,,7.579549713949255,0.26563872339812644,{},{}
"[0, 0, 0, 1, 1, 1, 1, 0, 0, 0, 1, 0, 0, 0, 1, 0, 1, 1]",000111100010001011,"[""000111100010001011""]",1,0.000244140625,False,False,,,,6.778791943916559,0.2367627981753672,{},{}
"[0, 0, 0, 1, 1, 1, 1, 0, 0, 0, 1, 0, 1, 0, 0, 1, 0, 1]",000111100010100101,"[""000111100010100101""]",1,0.000244140625,False,False,,,,6.832309991591755,0.23869269907745136,{},{}
"[0, 0, 0, 1, 1, 1, 1, 0, 0, 1, 0, 0, 0, 0, 1, 1, 0, 0]",000111100100001100,"[""000111100100001100""]",1,0.000244140625,False,False,,,,5.556765511836329,0.1926956093280542,{},{}
"[0, 0, 0, 1, 1, 1, 1, 0, 0, 1, 1, 0, 0, 1, 1, 1, 0, 1]",000111100110011101,"[""000111100110011101""]",1,0.000244140625,False,False,,,,9.272219693172291,0.3266776712248308,{},{}
"[0, 0, 0, 1, 1, 1, 1, 0, 0, 1, 1, 1, 0, 0, 1, 1, 0, 1]",000111100111001101,"[""000111100111001101""]",1,0.000244140625,False,False,,,,11.286853337057483,0.39932687005771694,{},{}
"[0, 0, 0, 1, 1, 1, 1, 0, 0, 1, 1, 1, 1, 1, 1, 1, 1, 1]",000111100111111111,"[""000111100111111111""]",1,0.000244140625,False,False,,,,19.1056938867468,0.6812801192060679,{},{}
"[0, 0, 0, 1, 1, 1, 1, 0, 1, 0, 1, 0, 0, 1, 1, 0, 0, 1]",000111101010011001,"[""000111101010011001""]",1,0.000244140625,False,False,,,,8.07243641139817,0.28341258704511485,{},{}
"[0, 0, 0, 1, 1, 1, 1, 0, 1, 0, 1, 1, 1, 0, 0, 0, 0, 0]",000111101011100000,"[""000111101011100000""]",1,0.000244140625,False,False,,,,8.756101171262216,0.3080660505793667,{},{}
"[0, 0, 0, 1, 1, 1, 1, 0, 1, 1, 0, 0, 0, 0, 1, 1, 1, 1]",000111101100001111,"[""000111101100001111""]",1,0.000244140625,False,False,,,,11.40825503501041,0.4037047062563736,{},{}
"[0, 0, 0, 1, 1, 1, 1, 0, 1, 1, 0, 0, 1, 0, 0, 0, 0, 1]",000111101100100001,"[""000111101100100001""]",1,0.000244140625,False,False,,,,6.951139461002964,0.24297777878743423,{},{}
"[0, 0, 0, 1, 1, 1, 1, 0, 1, 1, 0, 1, 0, 1, 0, 1, 1, 0]",000111101101010110,"[""000111101101010110""]",1,0.000244140625,False,False,,,,9.295115266789786,0.3275033027659197,{},{}
"[0, 0, 0, 1, 1, 1, 1, 0, 1, 1, 1, 0, 0, 1, 0, 1, 0, 0]",000111101110010100,"[""000111101110010100""]",1,0.000244140625,False,False,,,,8.044277900626081,0.28239717004653125,{},{}
"[0, 0, 0, 1, 1, 1, 1, 0, 1, 1, 1, 0, 1, 0, 0, 0, 1, 1]",000111101110100011,"[""000111101110100011""]",1,0.000244140625,False,False,,,,9.401736215760813,0.3313481340805647,{},{}
"[0, 0, 0, 1, 1, 1, 1, 1, 0, 0, 0, 0, 0, 0, 0, 1, 1, 0]",000111110000000110,"[""000111110000000110""]",1,0.000244140625,False,False,,,,9.553349968581632,0.3368154396166909,{},{}
"[0, 0, 0, 1, 1, 1, 1, 1, 0, 0, 0, 1, 0, 0, 0, 0, 1, 1]",000111110001000011,"[""000111110001000011""]",1,0.000244140625,False,False,,,,8.81559141846655,0.31021131347164643,{},{}
"[0, 0, 0, 1, 1, 1, 1, 1, 0, 0, 1, 0, 1, 1, 0, 1, 0, 1]",000111110010110101,"[""000111110010110101""]",1,0.000244140625,False,False,,,,9.328223788137462,0.3286972208550724,{},{}
"[0, 0, 0, 1, 1, 1, 1, 1, 0, 0, 1, 1, 0, 0, 1, 1, 0, 1]",000111110011001101,"[""000111110011001101""]",1,0.000244140625,False,False,,,,9.258396860862815,0.32617920953382673,{},{}
"[0, 0, 0, 1, 1, 1, 1, 1, 0, 0, 1, 1, 0, 1, 0, 1, 0, 1]",000111110011010101,"[""000111110011010101""]",1,0.000244140625,False,False,,,,9.279042634200334,0.3269237115909668,{},{}
"[0, 0, 0, 1, 1, 1, 1, 1, 0, 1, 0, 0, 1, 1, 0, 1, 1, 1]",000111110100110111,"[""000111110100110111""]",1,0.000244140625,False,False,,,,12.677599338630454,0.44947821300832336,{},{}
"[0, 0, 0, 1, 1, 1, 1, 1, 0, 1, 0, 1, 0, 1, 0, 0, 0, 0]",000111110101010000,"[""000111110101010000""]",1,0.000244140625,False,False,,,,8.71778567446427,0.30668436505371116,{},{}
"[0, 0, 0, 1, 1, 1, 1, 1, 0, 1, 0, 1, 0, 1, 0, 1, 1, 1]",000111110101010111,"[""000111110101010111""]",1,0.000244140625,False,False,,,,12.604194856250995,0.4468311923692129,{},{}
"[0, 0, 0, 1, 1, 1, 1, 1, 0, 1, 1, 1, 0, 1, 1, 0, 1, 1]",000111110111011011,"[""000111110111011011""]",1,0.000244140625,False,False,,,,13.828660059648657,0.49098632513768786,{},{}
"[0, 0, 0, 1, 1, 1, 1, 1, 1, 0, 0, 0, 0, 0, 0, 1, 1, 0]",000111111000000110,"[""000111111000000110""]",1,0.000244140625,False,False,,,,12.843264698160748,0.45545223001174623,{},{}
"[0, 0, 0, 1, 1, 1, 1, 1, 1, 0, 0, 0, 0, 1, 1, 0, 1, 1]",000111111000011011,"[""000111111000011011""]",1,0.000244140625,False,False,,,,13.406573303860382,0.4757655604398172,{},{}
"[0, 0, 0, 1, 1, 1, 1, 1, 1, 0, 0, 1, 0, 0, 1, 0, 0, 0]",000111111001001000,"[""000111111001001000""]",1,0.000244140625,False,False,,,,10.779014073979187,0.3810138056896606,{},{}
"[0, 0, 0, 1, 1, 1, 1, 1, 1, 0, 0, 1, 1, 1, 1, 1, 1, 1]",000111111001111111,"[""000111111001111111""]",1,0.000244140625,False,False,,,,19.166633451964813,0.6834776455919448,{},{}
"[0, 0, 0, 1, 1, 1, 1, 1, 1, 1, 0, 0, 0, 0, 1, 0, 0, 0]",000111111100001000,"[""000111111100001000""]",1,0.000244140625,False,False,,,,10.773822987026332,0.38082661120428035,{},{}
"[0, 0, 0, 1, 1, 1, 1, 1, 1, 1, 0, 0, 0, 1, 0, 0, 1, 1]",000111111100010011,"[""000111111100010011""]",1,0.000244140625,False,False,,,,11.432972282277516,0.4045960287143103,{},{}
"[0, 0, 0, 1, 1, 1, 1, 1, 1, 1, 0, 1, 0, 0, 0, 1, 0, 0]",000111111101000100,"[""000111111101000100""]",1,0.000244140625,False,False,,,,12.060838327590396,0.4272373487899482,{},{}
"[0, 0, 0, 1, 1, 1, 1, 1, 1, 1, 0, 1, 1, 1, 1, 0, 0, 1]",000111111101111001,"[""000111111101111001""]",1,0.000244140625,False,False,,,,15.84798252270171,0.5638046063032607,{},{}
"[0, 0, 0, 1, 1, 1, 1, 1, 1, 1, 1, 1, 0, 1, 1, 1, 1, 0]",000111111111011110,"[""000111111111011110""]",1,0.000244140625,False,False,,,,17.10137197709789,0.6090027692366798,{},{}
"[0, 0, 1, 0, 0, 0, 0, 0, 0, 0, 1, 1, 1, 0, 1, 0, 0, 0]",001000000011101000,"[""001000000011101000""]",1,0.000244140625,False,False,,,,5.095333324604917,0.17605601888945696,{},{}
"[0, 0, 1, 0, 0, 0, 0, 0, 0, 1, 1, 0, 1, 1, 0, 1, 1, 0]",001000000110110110,"[""001000000110110110""]",1,0.000244140625,False,False,,,,5.387936749011626,0.1866075176313879,{},{}
"[0, 0, 1, 0, 0, 0, 0, 0, 0, 1, 1, 1, 0, 1, 1, 0, 1, 1]",001000000111011011,"[""001000000111011011""]",1,0.000244140625,False,False,,,,8.745872828439587,0.3076972088727331,{},{}
"[0, 0, 1, 0, 0, 0, 0, 0, 0, 1, 1, 1, 1, 1, 1, 1, 1, 0]",001000000111111110,"[""001000000111111110""]",1,0.000244140625,False,False,,,,11.914307142751358,0.4219533244637882,{},{}
"[0, 0, 1, 0, 0, 0, 0, 0, 1, 0, 0, 0, 0, 0, 1, 1, 0, 1]",001000001000001101,"[""001000001000001101""]",1,0.000244140625,False,False,,,,3.1937427272533294,0.10748323702162131,{},{}
"[0, 0, 1, 0, 0, 0, 0, 0, 1, 0, 0, 1, 1, 1, 1, 1, 0, 0]",001000001001111100,"[""001000001001111100""]",1,0.000244140625,False,False,,,,5.531012908164291,0.1917669511423275,{},{}
"[0, 0, 1, 0, 0, 0, 0, 0, 1, 1, 0, 0, 0, 0, 1, 0, 1, 0]",001000001100001010,"[""001000001100001010""]",1,0.000244140625,False,False,,,,1.067287489590119,0.030801667725327775,{},{}
"[0, 0, 1, 0, 0, 0, 0, 0, 1, 1, 0, 1, 0, 1, 0, 0, 1, 0]",001000001101010010,"[""001000001101010010""]",1,0.000244140625,False,False,,,,2.249661311712901,0.07343895374450865,{},{}
"[0, 0, 1, 0, 0, 0, 0, 0, 1, 1, 0, 1, 1, 1, 0, 1, 0, 1]",001000001101110101,"[""001000001101110101""]",1,0.000244140625,False,False,,,,4.720749359790435,0.16254824042957886,{},{}
"[0, 0, 1, 0, 0, 0, 0, 1, 0, 0, 0, 0, 0, 0, 1, 1, 0, 1]",001000010000001101,"[""001000010000001101""]",1,0.000244140625,False,False,,,,3.129188645527269,0.10515536846198247,{},{}
"[0, 0, 1, 0, 0, 0, 0, 1, 0, 0, 0, 0, 0, 1, 0, 1, 1, 0]",001000010000010110,"[""001000010000010110""]",1,0.000244140625,False,False,,,,3.07054697096346,0.10304070573498478,{},{}
"[0, 0, 1, 0, 0, 0, 0, 1, 0, 0, 0, 1, 1, 0, 0, 1, 1, 0]",001000010001100110,"[""001000010001100110""]",1,0.000244140625,False,False,,,,2.2434414016922433,0.0732146591283709,{},{}
"[0, 0, 1, 0, 0, 0, 0, 1, 0, 0, 1, 0, 0, 1, 0, 0, 1, 0]",001000010010010010,"[""001000010010010010""]",1,0.000244140625,False,False,,,,1.1555073624138021,0.033982942445539344,{},{}
"[0, 0, 1, 0, 0, 0, 0, 1, 0, 0, 1, 0, 0, 1, 1, 1, 1, 1]",001000010010011111,"[""001000010010011111""]",1,0.000244140625,False,False,,,,6.800698846496766,0.23755277749800613,{},{}
"[0, 0, 1, 0, 0, 0, 0, 1, 0, 0, 1, 1, 0, 0, 1, 0, 1, 0]",001000010011001010,"[""001000010011001010""]",1,0.000244140625,False,False,,,,2.4171532694623874,0.07947883924844855,{},{}
"[0, 0, 1, 0, 0, 0, 0, 1, 0, 1, 0, 0, 0, 1, 0, 1, 1, 1]",001000010100010111,"[""001000010100010111""]",1,0.000244140625,False,False,,,,5.479126799565132,0.18989589918619337,{},{}
"[0, 0, 1, 0, 0, 0, 0, 1, 0, 1, 0, 1, 0, 1, 0, 0, 0, 1]",001000010101010001,"[""001000010101010001""]",1,0.000244140625,False,False,,,,2.2734130909480377,0.07429546070175402,{},{}
"[0, 0, 1, 0, 0, 0, 0, 1, 0, 1, 0, 1, 0, 1, 0, 0, 1, 1]",001000010101010011,"[""001000010101010011""]",1,0.000244140625,False,False,,,,3.513190870802033,0.11900277645148531,{},{}
"[0, 0, 1, 0, 0, 0, 0, 1, 0, 1, 0, 1, 1, 1, 0, 0, 1, 0]",001000010101110010,"[""001000010101110010""]",1,0.000244140625,False,False,,,,3.437619400303344,0.1162776125969966,{},{}
"[0, 0, 1, 0, 0, 0, 0, 1, 0, 1, 1, 0, 0, 0, 0, 0, 0, 1]",001000010110000001,"[""001000010110000001""]",1,0.000244140625,False,False,,,,3.0339204431056634,0.10171992569491366,{},{}
"[0, 0, 1, 0, 0, 0, 0, 1, 0, 1, 1, 0, 0, 1, 0, 1, 0, 1]",001000010110010101,"[""001000010110010101""]",1,0.000244140625,False,False,,,,3.4505458956364716,0.11674375170497739,{},{}
"[0, 0, 1, 0, 0, 0, 0, 1, 0, 1, 1, 0, 1, 0, 1, 0, 0, 0]",001000010110101000,"[""001000010110101000""]",1,0.000244140625,False,False,,,,4.224416475321516,0.14465010469630246,{},{}
"[0, 0, 1, 0, 0, 0, 0, 1, 0, 1, 1, 1, 0, 1, 0, 0, 0, 1]",001000010111010001,"[""001000010111010001""]",1,0.000244140625,False,False,,,,5.484609966873371,0.19009362630805463,{},{}
"[0, 0, 1, 0, 0, 0, 0, 1, 1, 0, 0, 0, 1, 1, 1, 0, 1, 1]",001000011000111011,"[""001000011000111011""]",1,0.000244140625,False,False,,,,8.821754114180457,0.3104335448970101,{},{}
"[0, 0, 1, 0, 0, 0, 0, 1, 1, 0, 0, 1, 1, 0, 1, 0, 1, 1]",001000011001101011,"[""001000011001101011""]",1,0.000244140625,False,False,,,,4.839270063910327,0.16682218583178834,{},{}
"[0, 0, 1, 0, 0, 0, 0, 1, 1, 1, 0, 1, 0, 0, 1, 0, 1, 0]",001000011101001010,"[""001000011101001010""]",1,0.000244140625,False,False,,,,3.560185613166209,0.12069744207591676,{},{}
"[0, 0, 1, 0, 0, 0, 0, 1, 1, 1, 1, 0, 1, 0, 1, 1, 0, 1]",001000011110101101,"[""001000011110101101""]",1,0.000244140625,False,False,,,,5.979919447213502,0.20795485732157495,{},{}
"[0, 0, 1, 0, 0, 0, 0, 1, 1, 1, 1, 1, 1, 0, 1, 1, 1, 0]",001000011111101110,"[""001000011111101110""]",1,0.000244140625,False,False,,,,9.205239126115584,0.32426230178591986,{},{}
"[0, 0, 1, 0, 0, 0, 0, 1, 1, 1, 1, 1, 1, 1, 0, 1, 1, 0]",001000011111110110,"[""001000011111110110""]",1,0.000244140625,False,False,,,,9.157952164959545,0.3225570985328842,{},{}
"[0, 0, 1, 0, 0, 0, 1, 0, 0, 0, 0, 0, 1, 1, 0, 0, 1, 1]",001000100000110011,"[""001000100000110011""]",1,0.000244140625,False,False,,,,4.22875784211019,0.14480665763583772,{},{}
"[0, 0, 1, 0, 0, 0, 1, 0, 0, 1, 0, 0, 0, 0, 0, 1, 0, 0]",001000100100000100,"[""001000100100000100""]",1,0.000244140625,False,False,,,,1.8593225942525105,0.05936304709864024,{},{}
"[0, 0, 1, 0, 0, 0, 1, 0, 0, 1, 0, 0, 0, 0, 0, 1, 1, 0]",001000100100000110,"[""001000100100000110""]",1,0.000244140625,False,False,,,,3.0275295317253126,0.10148946464160817,{},{}
"[0, 0, 1, 0, 0, 0, 1, 0, 0, 1, 0, 1, 1, 0, 1, 0, 1, 1]",001000100101101011,"[""001000100101101011""]",1,0.000244140625,False,False,,,,4.754918272808099,0.1637803970369393,{},{}
"[0, 0, 1, 0, 0, 0, 1, 0, 0, 1, 1, 0, 1, 0, 0, 0, 0, 1]",001000100110100001,"[""001000100110100001""]",1,0.000244140625,False,False,,,,2.212879701980022,0.07211258133581387,{},{}
"[0, 0, 1, 0, 0, 0, 1, 0, 1, 0, 0, 0, 1, 0, 1, 0, 0, 0]",001000101000101000,"[""001000101000101000""]",1,0.000244140625,False,False,,,,5.12703003153928,0.17719902589294442,{},{}
"[0, 0, 1, 0, 0, 0, 1, 0, 1, 0, 1, 0, 0, 0, 0, 1, 0, 0]",001000101010000100,"[""001000101010000100""]",1,0.000244140625,False,False,,,,3.0398588357882645,0.10193406858489046,{},{}
"[0, 0, 1, 0, 0, 0, 1, 0, 1, 0, 1, 1, 0, 0, 0, 1, 1, 0]",001000101011000110,"[""001000101011000110""]",1,0.000244140625,False,False,,,,5.477393482841765,0.1898333944863148,{},{}
"[0, 0, 1, 0, 0, 0, 1, 0, 1, 0, 1, 1, 0, 1, 0, 1, 0, 1]",001000101011010101,"[""001000101011010101""]",1,0.000244140625,False,False,,,,4.717117207470047,0.1624172622952088,{},{}
"[0, 0, 1, 0, 0, 0, 1, 0, 1, 0, 1, 1, 0, 1, 0, 1, 1, 1]",001000101011010111,"[""001000101011010111""]",1,0.000244140625,False,False,,,,7.96078930110449,0.2793865085868992,{},{}
"[0, 0, 1, 0, 0, 0, 1, 0, 1, 1, 0, 0, 1, 0, 1, 1, 1, 0]",001000101100101110,"[""001000101100101110""]",1,0.000244140625,False,False,,,,4.766869329515213,0.16421136109713633,{},{}
"[0, 0, 1, 0, 0, 0, 1, 0, 1, 1, 0, 1, 0, 0, 0, 1, 0, 1]",001000101101000101,"[""001000101101000101""]",1,0.000244140625,False,False,,,,5.591635090646739,0.1939530324689341,{},{}
"[0, 0, 1, 0, 0, 0, 1, 0, 1, 1, 1, 0, 0, 1, 0, 0, 1, 1]",001000101110010011,"[""001000101110010011""]",1,0.000244140625,False,False,,,,4.704277775947882,0.16195426277349123,{},{}
"[0, 0, 1, 0, 0, 0, 1, 0, 1, 1, 1, 1, 0, 1, 0, 1, 0, 1]",001000101111010101,"[""001000101111010101""]",1,0.000244140625,False,False,,,,7.940209801185828,0.27864439639890404,{},{}
"[0, 0, 1, 0, 0, 0, 1, 1, 0, 0, 0, 0, 0, 1, 0, 1, 1, 0]",001000110000010110,"[""001000110000010110""]",1,0.000244140625,False,False,,,,4.2510825276000785,0.14561170252325895,{},{}
"[0, 0, 1, 0, 0, 0, 1, 1, 0, 0, 0, 0, 0, 1, 1, 1, 1, 0]",001000110000011110,"[""001000110000011110""]",1,0.000244140625,False,False,,,,5.509252513972124,0.190982255021945,{},{}
"[0, 0, 1, 0, 0, 0, 1, 1, 0, 0, 0, 1, 0, 0, 0, 0, 0, 1]",001000110001000001,"[""001000110001000001""]",1,0.000244140625,False,False,,,,3.0909537537315277,0.10377658961310655,{},{}
"[0, 0, 1, 0, 0, 0, 1, 1, 0, 0, 1, 0, 0, 1, 0, 0, 1, 0]",001000110010010010,"[""001000110010010010""]",1,0.000244140625,False,False,,,,2.299918871703542,0.07525127901749205,{},{}
"[0, 0, 1, 0, 0, 0, 1, 1, 0, 0, 1, 1, 0, 0, 1, 1, 1, 0]",001000110011001110,"[""001000110011001110""]",1,0.000244140625,False,False,,,,4.763099041577155,0.16407540168888332,{},{}
"[0, 0, 1, 0, 0, 0, 1, 1, 0, 1, 0, 0, 0, 0, 0, 1, 0, 1]",001000110100000101,"[""001000110100000101""]",1,0.000244140625,False,False,,,,4.274646809507623,0.14646144818637313,{},{}
"[0, 0, 1, 0, 0, 0, 1, 1, 0, 1, 0, 1, 1, 0, 1, 1, 1, 0]",001000110101101110,"[""001000110101101110""]",1,0.000244140625,False,False,,,,6.015854318105557,0.20925069569317903,{},{}
"[0, 0, 1, 0, 0, 0, 1, 1, 0, 1, 0, 1, 1, 1, 1, 0, 1, 0]",001000110101111010,"[""001000110101111010""]",1,0.000244140625,False,False,,,,7.9720550638233805,0.27979276043236645,{},{}
"[0, 0, 1, 0, 0, 0, 1, 1, 0, 1, 1, 0, 0, 1, 1, 0, 0, 1]",001000110110011001,"[""001000110110011001""]",1,0.000244140625,False,False,,,,4.694602684226832,0.16160537171615066,{},{}
"[0, 0, 1, 0, 0, 0, 1, 1, 1, 0, 0, 0, 0, 1, 1, 0, 1, 0]",001000111000011010,"[""001000111000011010""]",1,0.000244140625,False,False,,,,7.56097005539768,0.26496872698837853,{},{}
"[0, 0, 1, 0, 0, 0, 1, 1, 1, 0, 0, 0, 0, 1, 1, 1, 0, 1]",001000111000011101,"[""001000111000011101""]",1,0.000244140625,False,False,,,,8.797487530345816,0.3095584737001458,{},{}
"[0, 0, 1, 0, 0, 0, 1, 1, 1, 0, 1, 0, 0, 0, 0, 1, 1, 0]",001000111010000110,"[""001000111010000110""]",1,0.000244140625,False,False,,,,7.4949956625858265,0.26258964094669796,{},{}
"[0, 0, 1, 0, 0, 0, 1, 1, 1, 1, 0, 1, 0, 0, 0, 1, 0, 1]",001000111101000101,"[""001000111101000101""]",1,0.000244140625,False,False,,,,8.78750975305259,0.3091986675742598,{},{}
"[0, 0, 1, 0, 0, 0, 1, 1, 1, 1, 1, 0, 0, 1, 1, 0, 0, 1]",001000111110011001,"[""001000111110011001""]",1,0.000244140625,False,False,,,,7.985209165536757,0.2802671071969723,{},{}
"[0, 0, 1, 0, 0, 0, 1, 1, 1, 1, 1, 1, 0, 0, 0, 0, 0, 0]",001000111111000000,"[""001000111111000000""]",1,0.000244140625,False,False,,,,11.49348668594497,0.4067782234560858,{},{}
"[0, 0, 1, 0, 0, 0, 1, 1, 1, 1, 1, 1, 0, 0, 0, 1, 0, 0]",001000111111000100,"[""001000111111000100""]",1,0.000244140625,False,False,,,,10.717803124289988,0.37880649297639496,{},{}
"[0, 0, 1, 0, 0, 0, 1, 1, 1, 1, 1, 1, 0, 0, 1, 1, 0, 1]",001000111111001101,"[""001000111111001101""]",1,0.000244140625,False,False,,,,11.26797028824647,0.39864593316787295,{},{}
"[0, 0, 1, 0, 0, 1, 0, 0, 0, 0, 0, 0, 0, 1, 0, 0, 1, 1]",001001000000010011,"[""001001000000010011""]",1,0.000244140625,False,False,,,,3.2033501554598973,0.10782968808192704,{},{}
"[0, 0, 1, 0, 0, 1, 0, 0, 0, 0, 0, 0, 0, 1, 0, 1, 0, 1]",001001000000010101,"[""001001000000010101""]",1,0.000244140625,False,False,,,,3.153482186119589,0.10603141173972833,{},{}
"[0, 0, 1, 0, 0, 1, 0, 0, 0, 0, 1, 1, 1, 1, 1, 0, 1, 0]",001001000011111010,"[""001001000011111010""]",1,0.000244140625,False,False,,,,6.755953706083054,0.2359392342056127,{},{}
"[0, 0, 1, 0, 0, 1, 0, 0, 1, 0, 0, 1, 1, 0, 0, 0, 0, 0]",001001001001100000,"[""001001001001100000""]",1,0.000244140625,False,False,,,,1.1659944843997492,0.03436111592271435,{},{}
"[0, 0, 1, 0, 0, 1, 0, 0, 1, 0, 1, 0, 0, 0, 1, 1, 0, 1]",001001001010001101,"[""001001001010001101""]",1,0.000244140625,False,False,,,,1.6814484106187426,0.052948770749553654,{},{}
"[0, 0, 1, 0, 0, 1, 0, 0, 1, 0, 1, 1, 0, 0, 0, 0, 0, 1]",001001001011000001,"[""001001001011000001""]",1,0.000244140625,False,False,,,,2.4973608566109218,0.08237118494333262,{},{}
"[0, 0, 1, 0, 0, 1, 0, 0, 1, 1, 0, 1, 0, 0, 1, 1, 0, 0]",001001001101001100,"[""001001001101001100""]",1,0.000244140625,False,False,,,,1.6346082578750898,0.051259679742677616,{},{}
"[0, 0, 1, 0, 0, 1, 0, 0, 1, 1, 0, 1, 1, 1, 1, 1, 0, 1]",001001001101111101,"[""001001001101111101""]",1,0.000244140625,False,False,,,,7.36003021427608,0.257722685746389,{},{}
"[0, 0, 1, 0, 0, 1, 0, 1, 0, 0, 0, 1, 0, 0, 1, 0, 0, 0]",001001010001001000,"[""001001010001001000""]",1,0.000244140625,False,False,,,,1.2169260131104462,0.03619774501277095,{},{}
"[0, 0, 1, 0, 0, 1, 0, 1, 0, 0, 0, 1, 1, 0, 0, 1, 1, 0]",001001010001100110,"[""001001010001100110""]",1,0.000244140625,False,False,,,,1.4830310779109772,0.04579369305116949,{},{}
"[0, 0, 1, 0, 0, 1, 0, 1, 0, 0, 1, 0, 0, 0, 1, 0, 0, 1]",001001010010001001,"[""001001010010001001""]",1,0.000244140625,True,True,"[2, 2, 1, 1, 2, 2]",0.42352575043654156,0.7763464057440232,0.42352575043654184,0.007587137018603408,"{""degradation"": 0.33636134043624605, ""nominal"": 0.4627257736518484, ""surge"": 0.4714901372215303}","{""degradation"": 0.6083769778354252, ""nominal"": 0.5483444880447375, ""surge"": 0.7763464057440232}"
"[0, 0, 1, 0, 0, 1, 0, 1, 0, 1, 0, 0, 1, 1, 1, 0, 1, 0]",001001010100111010,"[""001001010100111010""]",1,0.000244140625,False,False,,,,4.714563753581419,0.1623251828345939,{},{}
"[0, 0, 1, 0, 0, 1, 0, 1, 0, 1, 0, 1, 0, 0, 0, 0, 0, 1]",001001010101000001,"[""001001010101000001""]",1,0.000244140625,False,False,,,,2.361098113696606,0.07745744832747535,{},{}
"[0, 0, 1, 0, 0, 1, 0, 1, 0, 1, 1, 0, 1, 1, 1, 0, 1, 1]",001001010110111011,"[""001001010110111011""]",1,0.000244140625,False,False,,,,7.24257765833169,0.2534872585677883,{},{}
"[0, 0, 1, 0, 0, 1, 0, 1, 1, 0, 1, 0, 0, 0, 0, 0, 0, 0]",001001011010000000,"[""001001011010000000""]",1,0.000244140625,False,False,,,,3.1977168625434795,0.10762654731814059,{},{}
"[0, 0, 1, 0, 0, 1, 0, 1, 1, 1, 0, 0, 1, 1, 0, 1, 0, 0]",001001011100110100,"[""001001011100110100""]",1,0.000244140625,False,False,,,,2.7483747723614487,0.09142293483867017,{},{}
"[0, 0, 1, 0, 0, 1, 0, 1, 1, 1, 1, 0, 0, 0, 1, 1, 1, 0]",001001011110001110,"[""001001011110001110""]",1,0.000244140625,False,False,,,,4.009996961826425,0.13691797636774203,{},{}
"[0, 0, 1, 0, 0, 1, 0, 1, 1, 1, 1, 1, 0, 1, 1, 0, 1, 0]",001001011111011010,"[""001001011111011010""]",1,0.000244140625,False,False,,,,7.3339192217043045,0.25678110378838465,{},{}
"[0, 0, 1, 0, 0, 1, 1, 0, 0, 0, 0, 0, 0, 0, 0, 0, 0, 0]",001001100000000000,"[""001001100000000000""]",1,0.000244140625,False,False,,,,2.688639293693093,0.08926882871603745,{},{}
"[0, 0, 1, 0, 0, 1, 1, 0, 0, 0, 0, 1, 0, 0, 0, 0, 0, 1]",001001100001000001,"[""001001100001000001""]",1,0.000244140625,False,False,,,,1.1835238432520938,0.0349932377382823,{},{}
"[0, 0, 1, 0, 0, 1, 1, 0, 0, 0, 0, 1, 0, 0, 1, 0, 1, 1]",001001100001001011,"[""001001100001001011""]",1,0.000244140625,False,False,,,,1.6414908324669306,0.05150787053980962,{},{}
"[0, 0, 1, 0, 0, 1, 1, 0, 0, 0, 0, 1, 1, 0, 0, 0, 0, 0]",001001100001100000,"[""001001100001100000""]",1,0.000244140625,False,False,,,,1.0889547780187703,0.03158300638211052,{},{}
"[0, 0, 1, 0, 0, 1, 1, 0, 0, 1, 0, 0, 0, 0, 1, 1, 0, 1]",001001100100001101,"[""001001100100001101""]",1,0.000244140625,False,False,,,,1.6268280383225724,0.05097911919562732,{},{}
"[0, 0, 1, 0, 0, 1, 1, 0, 0, 1, 0, 0, 1, 1, 0, 1, 1, 0]",001001100100110110,"[""001001100100110110""]",1,0.000244140625,False,False,,,,2.719809749521624,0.09039285871031053,{},{}
"[0, 0, 1, 0, 0, 1, 1, 0, 0, 1, 0, 1, 0, 0, 1, 0, 0, 1]",001001100101001001,"[""001001100101001001""]",1,0.000244140625,False,False,,,,1.64056309489759,0.05147441562787348,{},{}
"[0, 0, 1, 0, 0, 1, 1, 0, 0, 1, 1, 1, 0, 0, 0, 0, 0, 1]",001001100111000001,"[""001001100111000001""]",1,0.000244140625,False,False,,,,5.529916658412182,0.19172741955480874,{},{}
"[0, 0, 1, 0, 0, 1, 1, 0, 0, 1, 1, 1, 0, 1, 1, 0, 0, 0]",001001100111011000,"[""001001100111011000""]",1,0.000244140625,False,False,,,,6.710053354692562,0.23428403313975713,{},{}
"[0, 0, 1, 0, 0, 1, 1, 0, 1, 0, 0, 0, 1, 0, 0, 0, 0, 0]",001001101000100000,"[""001001101000100000""]",1,0.000244140625,False,False,,,,3.1530101630569995,0.10601439023438822,{},{}
"[0, 0, 1, 0, 0, 1, 1, 0, 1, 0, 1, 0, 0, 1, 0, 1, 0, 0]",001001101010010100,"[""001001101010010100""]",1,0.000244140625,False,False,,,,1.5028087182253267,0.046506889580972086,{},{}
"[0, 0, 1, 0, 0, 1, 1, 0, 1, 1, 0, 0, 0, 0, 1, 0, 1, 1]",001001101100001011,"[""001001101100001011""]",1,0.000244140625,False,False,,,,2.878590029097972,0.09611859457136653,{},{}
"[0, 0, 1, 0, 0, 1, 1, 0, 1, 1, 0, 1, 0, 0, 0, 0, 0, 1]",001001101101000001,"[""001001101101000001""]",1,0.000244140625,False,False,,,,3.6917057530955004,0.12544015687433824,{},{}
"[0, 0, 1, 0, 0, 1, 1, 0, 1, 1, 0, 1, 0, 1, 1, 1, 1, 1]",001001101101011111,"[""001001101101011111""]",1,0.000244140625,False,False,,,,8.609512712522474,0.30277996091343,{},{}
"[0, 0, 1, 0, 0, 1, 1, 0, 1, 1, 1, 0, 0, 0, 1, 1, 1, 0]",001001101110001110,"[""001001101110001110""]",1,0.000244140625,False,False,,,,3.9810621368718264,0.1358745648980182,{},{}
"[0, 0, 1, 0, 0, 1, 1, 0, 1, 1, 1, 1, 1, 0, 1, 1, 1, 1]",001001101111101111,"[""001001101111101111""]",1,0.000244140625,False,False,,,,11.858269787602921,0.41993257544641505,{},{}
"[0, 0, 1, 0, 0, 1, 1, 0, 1, 1, 1, 1, 1, 1, 1, 1, 1, 1]",001001101111111111,"[""001001101111111111""]",1,0.000244140625,False,False,,,,15.090597162916037,0.5364927226944501,{},{}
"[0, 0, 1, 0, 0, 1, 1, 1, 0, 0, 0, 0, 0, 0, 0, 0, 1, 1]",001001110000000011,"[""001001110000000011""]",1,0.000244140625,False,False,,,,4.355584362890232,0.14938011701064677,{},{}
"[0, 0, 1, 0, 0, 1, 1, 1, 0, 0, 0, 0, 0, 0, 0, 1, 0, 1]",001001110000000101,"[""001001110000000101""]",1,0.000244140625,False,False,,,,4.345734754677249,0.14902493275783588,{},{}
"[0, 0, 1, 0, 0, 1, 1, 1, 0, 0, 0, 1, 1, 0, 1, 0, 0, 1]",001001110001101001,"[""001001110001101001""]",1,0.000244140625,False,False,,,,2.8263785115774365,0.09423580812568744,{},{}
"[0, 0, 1, 0, 0, 1, 1, 1, 0, 0, 1, 0, 0, 1, 1, 0, 0, 1]",001001110010011001,"[""001001110010011001""]",1,0.000244140625,False,False,,,,2.805708990523784,0.09349044970810862,{},{}
"[0, 0, 1, 0, 0, 1, 1, 1, 0, 1, 0, 0, 0, 1, 0, 0, 0, 1]",001001110100010001,"[""001001110100010001""]",1,0.000244140625,False,False,,,,1.5366525464221943,0.0477273233860974,{},{}
"[0, 0, 1, 0, 0, 1, 1, 1, 0, 1, 0, 0, 0, 1, 1, 0, 0, 0]",001001110100011000,"[""001001110100011000""]",1,0.000244140625,False,False,,,,3.499943049365127,0.11852505008342155,{},{}
"[0, 0, 1, 0, 0, 1, 1, 1, 0, 1, 0, 0, 1, 1, 0, 0, 0, 0]",001001110100110000,"[""001001110100110000""]",1,0.000244140625,False,False,,,,3.458409293288704,0.11702731171663162,{},{}
"[0, 0, 1, 0, 0, 1, 1, 1, 0, 1, 0, 1, 0, 0, 1, 0, 1, 1]",001001110101001011,"[""001001110101001011""]",1,0.000244140625,False,False,,,,4.053557415300441,0.13848879896136335,{},{}
"[0, 0, 1, 0, 0, 1, 1, 1, 0, 1, 0, 1, 1, 0, 1, 0, 0, 1]",001001110101101001,"[""001001110101101001""]",1,0.000244140625,False,False,,,,4.050912258215556,0.13839341261477506,{},{}
"[0, 0, 1, 0, 0, 1, 1, 1, 0, 1, 1, 0, 0, 1, 0, 1, 0, 0]",001001110110010100,"[""001001110110010100""]",1,0.000244140625,False,False,,,,2.6866250465282695,0.08919619345392912,{},{}
"[0, 0, 1, 0, 0, 1, 1, 1, 0, 1, 1, 1, 1, 0, 0, 0, 1, 0]",001001110111100010,"[""001001110111100010""]",1,0.000244140625,False,False,,,,5.920443535377741,0.20581011137342792,{},{}
"[0, 0, 1, 0, 0, 1, 1, 1, 1, 0, 0, 0, 0, 0, 1, 1, 1, 0]",001001111000001110,"[""001001111000001110""]",1,0.000244140625,False,False,,,,6.810323858237307,0.23789986263372292,{},{}
"[0, 0, 1, 0, 0, 1, 1, 1, 1, 0, 1, 1, 0, 0, 1, 0, 1, 1]",001001111011001011,"[""001001111011001011""]",1,0.000244140625,False,False,,,,7.4168469816182725,0.25977154095150934,{},{}
"[0, 0, 1, 0, 0, 1, 1, 1, 1, 1, 1, 1, 1, 0, 0, 0, 1, 0]",001001111111100010,"[""001001111111100010""]",1,0.000244140625,False,False,,,,9.229035603486528,0.3251204205914363,{},{}
"[0, 0, 1, 0, 0, 1, 1, 1, 1, 1, 1, 1, 1, 0, 1, 0, 1, 1]",001001111111101011,"[""001001111111101011""]",1,0.000244140625,False,False,,,,11.83523478303202,0.4191019159206659,{},{}
"[0, 0, 1, 0, 0, 1, 1, 1, 1, 1, 1, 1, 1, 0, 1, 1, 1, 0]",001001111111101110,"[""001001111111101110""]",1,0.000244140625,False,False,,,,11.792469123965743,0.4175597542089546,{},{}
"[0, 0, 1, 0, 1, 0, 0, 0, 0, 0, 0, 0, 1, 1, 1, 0, 0, 1]",001010000000111001,"[""001010000000111001""]",1,0.000244140625,False,False,,,,6.299267369359037,0.21947078269254136,{},{}
"[0, 0, 1, 0, 1, 0, 0, 0, 0, 0, 0, 1, 0, 1, 0, 1, 0, 0]",001010000001010100,"[""001010000001010100""]",1,0.000244140625,False,False,,,,1.058761440303498,0.030494211999189797,{},{}
"[0, 0, 1, 0, 1, 0, 0, 0, 0, 0, 1, 0, 1, 0, 0, 1, 0, 0]",001010000010100100,"[""001010000010100100""]",1,0.000244140625,False,False,,,,0.9968986695651914,0.028263394130461403,{},{}
"[0, 0, 1, 0, 1, 0, 0, 0, 0, 0, 1, 1, 0, 0, 0, 0, 0, 0]",001010000011000000,"[""001010000011000000""]",1,0.000244140625,False,False,,,,3.9091462575103435,0.13328122439919746,{},{}
"[0, 0, 1, 0, 1, 0, 0, 0, 0, 1, 0, 0, 0, 1, 0, 0, 0, 1]",001010000100010001,"[""001010000100010001""]",1,0.000244140625,False,False,,,,1.048994899329489,0.030142023213261464,{},{}
"[0, 0, 1, 0, 1, 0, 0, 0, 0, 1, 0, 0, 1, 1, 1, 1, 0, 1]",001010000100111101,"[""001010000100111101""]",1,0.000244140625,False,False,,,,6.705107998588573,0.2341056998929216,{},{}
"[0, 0, 1, 0, 1, 0, 0, 0, 0, 1, 0, 1, 0, 1, 1, 1, 1, 1]",001010000101011111,"[""001010000101011111""]",1,0.000244140625,False,False,,,,8.01555643903087,0.2813614526194274,{},{}
"[0, 0, 1, 0, 1, 0, 0, 0, 0, 1, 1, 0, 0, 1, 1, 0, 0, 1]",001010000110011001,"[""001010000110011001""]",1,0.000244140625,False,False,,,,3.493228059677037,0.11828290252349594,{},{}
"[0, 0, 1, 0, 1, 0, 0, 0, 1, 0, 0, 0, 0, 0, 1, 0, 0, 0]",001010001000001000,"[""001010001000001000""]",1,0.000244140625,False,False,,,,1.9501379339347347,0.06263791629864351,{},{}
"[0, 0, 1, 0, 1, 0, 0, 0, 1, 0, 0, 0, 0, 1, 1, 0, 1, 1]",001010001000011011,"[""001010001000011011""]",1,0.000244140625,False,False,,,,3.6690393172495277,0.1246227882129913,{},{}
"[0, 0, 1, 0, 1, 0, 0, 0, 1, 0, 0, 0, 1, 0, 0, 0, 0, 1]",001010001000100001,"[""001010001000100001""]",1,0.000244140625,False,False,,,,1.1194437364707237,0.03268246107031476,{},{}
"[0, 0, 1, 0, 1, 0, 0, 0, 1, 0, 0, 0, 1, 0, 1, 0, 1, 0]",001010001000101010,"[""001010001000101010""]",1,0.000244140625,False,False,,,,2.311354296058999,0.07566364898870721,{},{}
"[0, 0, 1, 0, 1, 0, 0, 0, 1, 0, 0, 1, 0, 0, 1, 1, 0, 1]",001010001001001101,"[""001010001001001101""]",1,0.000244140625,False,False,,,,1.6312429421547008,0.051138323936053394,{},{}
"[0, 0, 1, 0, 1, 0, 0, 0, 1, 0, 1, 1, 0, 1, 0, 0, 1, 0]",001010001011010010,"[""001010001011010010""]",1,0.000244140625,False,False,,,,1.6324279570914046,0.05118105646264345,{},{}
"[0, 0, 1, 0, 1, 0, 0, 0, 1, 0, 1, 1, 1, 1, 0, 1, 1, 0]",001010001011110110,"[""001010001011110110""]",1,0.000244140625,False,False,,,,3.9611141699109655,0.13515522626171075,{},{}
"[0, 0, 1, 0, 1, 0, 0, 0, 1, 1, 0, 1, 1, 1, 0, 1, 1, 1]",001010001101110111,"[""001010001101110111""]",1,0.000244140625,False,False,,,,7.206035099035647,0.25216950649697456,{},{}
"[0, 0, 1, 0, 1, 0, 0, 0, 1, 1, 1, 1, 1, 0, 0, 1, 0, 1]",001010001111100101,"[""001010001111100101""]",1,0.000244140625,False,False,,,,5.947579980651984,0.20678867192429032,{},{}
"[0, 0, 1, 0, 1, 0, 0, 1, 0, 0, 0, 0, 0, 1, 0, 0, 1, 1]",001010010000010011,"[""001010010000010011""]",1,0.000244140625,False,False,,,,2.447378482475455,0.08056878307849304,{},{}
"[0, 0, 1, 0, 1, 0, 0, 1, 0, 0, 0, 0, 1, 0, 1, 1, 1, 1]",001010010000101111,"[""001010010000101111""]",1,0.000244140625,False,False,,,,6.769081049989348,0.2364126160636446,{},{}
"[0, 0, 1, 0, 1, 0, 0, 1, 0, 0, 0, 0, 1, 1, 0, 1, 0, 1]",001010010000110101,"[""001010010000110101""]",1,0.000244140625,False,False,,,,3.498125192373635,0.1184594967981255,{},{}
"[0, 0, 1, 0, 1, 0, 0, 1, 0, 0, 0, 1, 1, 1, 1, 1, 0, 1]",001010010001111101,"[""001010010001111101""]",1,0.000244140625,False,False,,,,6.019480375615548,0.2093814540441191,{},{}
"[0, 0, 1, 0, 1, 0, 0, 1, 0, 1, 0, 0, 0, 0, 0, 1, 1, 0]",001010010100000110,"[""001010010100000110""]",1,0.000244140625,False,False,,,,2.2612837735900277,0.07385806842890888,{},{}
"[0, 0, 1, 0, 1, 0, 0, 1, 0, 1, 0, 0, 1, 1, 0, 0, 1, 0]",001010010100110010,"[""001010010100110010""]",1,0.000244140625,False,False,,,,1.4921823423461764,0.046123694504060446,{},{}
"[0, 0, 1, 0, 1, 0, 0, 1, 0, 1, 1, 1, 1, 1, 1, 0, 1, 1]",001010010111111011,"[""001010010111111011""]",1,0.000244140625,False,False,,,,10.54593253392189,0.3726087106991677,{},{}
"[0, 0, 1, 0, 1, 0, 0, 1, 1, 0, 0, 0, 1, 1, 0, 1, 1, 0]",001010011000110110,"[""001010011000110110""]",1,0.000244140625,False,False,,,,4.768188810869983,0.16425894258352217,{},{}
"[0, 0, 1, 0, 1, 0, 0, 1, 1, 0, 0, 0, 1, 1, 1, 0, 0, 0]",001010011000111000,"[""001010011000111000""]",1,0.000244140625,False,False,,,,7.56956557258734,0.26527868777915475,{},{}
"[0, 0, 1, 0, 1, 0, 0, 1, 1, 0, 0, 1, 0, 0, 1, 1, 0, 1]",001010011001001101,"[""001010011001001101""]",1,0.000244140625,False,False,,,,2.8684018256263366,0.09575120031980754,{},{}
"[0, 0, 1, 0, 1, 0, 0, 1, 1, 0, 0, 1, 1, 0, 1, 1, 1, 1]",001010011001101111,"[""001010011001101111""]",1,0.000244140625,False,False,,,,7.311372329520797,0.25596804596108436,{},{}
"[0, 0, 1, 0, 1, 0, 0, 1, 1, 0, 1, 1, 0, 1, 1, 1, 1, 0]",001010011011011110,"[""001010011011011110""]",1,0.000244140625,False,False,,,,5.394681835314353,0.18685075049778974,{},{}
"[0, 0, 1, 0, 1, 0, 0, 1, 1, 0, 1, 1, 1, 0, 1, 1, 1, 0]",001010011011101110,"[""001010011011101110""]",1,0.000244140625,False,False,,,,5.297441510454393,0.1833441915178146,{},{}
"[0, 0, 1, 0, 1, 0, 0, 1, 1, 1, 0, 0, 0, 0, 1, 1, 0, 1]",001010011100001101,"[""001010011100001101""]",1,0.000244140625,False,False,,,,2.7828465058605394,0.09266601137950473,{},{}
"[0, 0, 1, 0, 1, 0, 0, 1, 1, 1, 0, 0, 0, 1, 0, 1, 0, 0]",001010011100010100,"[""001010011100010100""]",1,0.000244140625,False,False,,,,1.480910638683767,0.045717228423718136,{},{}
"[0, 0, 1, 0, 1, 0, 0, 1, 1, 1, 0, 1, 0, 0, 0, 1, 0, 0]",001010011101000100,"[""001010011101000100""]",1,0.000244140625,False,False,,,,3.486525869509088,0.11804121652385774,{},{}
"[0, 0, 1, 0, 1, 0, 0, 1, 1, 1, 1, 1, 0, 1, 0, 0, 1, 1]",001010011111010011,"[""001010011111010011""]",1,0.000244140625,False,False,,,,7.372002567500026,0.25815441777494114,{},{}
"[0, 0, 1, 0, 1, 0, 1, 0, 0, 0, 0, 0, 0, 0, 1, 1, 1, 1]",001010100000001111,"[""001010100000001111""]",1,0.000244140625,False,False,,,,5.518946343818389,0.19133182179012198,{},{}
"[0, 0, 1, 0, 1, 0, 1, 0, 0, 0, 0, 1, 1, 0, 1, 1, 1, 1]",001010100001101111,"[""001010100001101111""]",1,0.000244140625,False,False,,,,6.016003956591212,0.209256091769101,{},{}
"[0, 0, 1, 0, 1, 0, 1, 0, 0, 0, 1, 0, 1, 1, 0, 0, 1, 0]",001010100010110010,"[""001010100010110010""]",1,0.000244140625,False,False,,,,1.483713680753168,0.04581830822115671,{},{}
"[0, 0, 1, 0, 1, 0, 1, 0, 0, 0, 1, 0, 1, 1, 0, 1, 0, 0]",001010100010110100,"[""001010100010110100""]",1,0.000244140625,False,False,,,,1.4355349716611934,0.04408094786933381,{},{}
"[0, 0, 1, 0, 1, 0, 1, 0, 0, 0, 1, 1, 1, 1, 1, 1, 1, 0]",001010100011111110,"[""001010100011111110""]",1,0.000244140625,False,False,,,,7.245180335025095,0.2535811130396278,{},{}
"[0, 0, 1, 0, 1, 0, 1, 0, 0, 1, 0, 1, 0, 1, 0, 1, 0, 0]",001010100101010100,"[""001010100101010100""]",1,0.000244140625,False,False,,,,1.4638307435782356,0.045101314607658934,{},{}
"[0, 0, 1, 0, 1, 0, 1, 0, 0, 1, 0, 1, 1, 0, 0, 0, 1, 1]",001010100101100011,"[""001010100101100011""]",1,0.000244140625,False,False,,,,2.7185636967997793,0.09034792511545058,{},{}
"[0, 0, 1, 0, 1, 0, 1, 0, 0, 1, 1, 0, 0, 0, 1, 0, 0, 0]",001010100110001000,"[""001010100110001000""]",1,0.000244140625,False,False,,,,2.222278119625883,0.07245149531868171,{},{}
"[0, 0, 1, 0, 1, 0, 1, 0, 0, 1, 1, 0, 1, 0, 0, 1, 1, 0]",001010100110100110,"[""001010100110100110""]",1,0.000244140625,False,False,,,,2.7049754343278076,0.08985792218855815,{},{}
"[0, 0, 1, 0, 1, 0, 1, 0, 0, 1, 1, 0, 1, 0, 1, 0, 1, 0]",001010100110101010,"[""001010100110101010""]",1,0.000244140625,False,False,,,,2.681574435620176,0.08901406463998654,{},{}
"[0, 0, 1, 0, 1, 0, 1, 0, 0, 1, 1, 1, 0, 1, 0, 1, 0, 1]",001010100111010101,"[""001010100111010101""]",1,0.000244140625,False,False,,,,5.923213756608504,0.20591000762683145,{},{}
"[0, 0, 1, 0, 1, 0, 1, 0, 0, 1, 1, 1, 1, 1, 1, 0, 1, 0]",001010100111111010,"[""001010100111111010""]",1,0.000244140625,False,False,,,,9.220263941368364,0.3248041078825467,{},{}
"[0, 0, 1, 0, 1, 0, 1, 0, 1, 0, 0, 0, 1, 1, 0, 1, 0, 1]",001010101000110101,"[""001010101000110101""]",1,0.000244140625,False,False,,,,4.751630315502379,0.1636618308327154,{},{}
"[0, 0, 1, 0, 1, 0, 1, 0, 1, 0, 0, 1, 0, 0, 1, 1, 0, 1]",001010101001001101,"[""001010101001001101""]",1,0.000244140625,False,False,,,,2.8326175667044966,0.09446079312870814,{},{}
"[0, 0, 1, 0, 1, 0, 1, 0, 1, 0, 1, 0, 0, 1, 1, 1, 0, 0]",001010101010011100,"[""001010101010011100""]",1,0.000244140625,False,False,,,,2.709481464075023,0.09002041299776604,{},{}
"[0, 0, 1, 0, 1, 0, 1, 0, 1, 0, 1, 1, 1, 0, 0, 0, 0, 0]",001010101011100000,"[""001010101011100000""]",1,0.000244140625,False,False,,,,3.490604380100292,0.11818829067194503,{},{}
"[0, 0, 1, 0, 1, 0, 1, 0, 1, 0, 1, 1, 1, 0, 1, 1, 1, 0]",001010101011101110,"[""001010101011101110""]",1,0.000244140625,False,False,,,,5.245899802963679,0.18148555892372262,{},{}
"[0, 0, 1, 0, 1, 0, 1, 0, 1, 1, 0, 1, 1, 0, 0, 0, 0, 1]",001010101101100001,"[""001010101101100001""]",1,0.000244140625,False,False,,,,2.7690497228160194,0.09216848904451455,{},{}
"[0, 0, 1, 0, 1, 0, 1, 0, 1, 1, 0, 1, 1, 0, 1, 1, 0, 1]",001010101101101101,"[""001010101101101101""]",1,0.000244140625,False,False,,,,5.321703421108062,0.18421909419627128,{},{}
"[0, 0, 1, 0, 1, 0, 1, 0, 1, 1, 1, 1, 1, 1, 0, 0, 1, 1]",001010101111110011,"[""001010101111110011""]",1,0.000244140625,False,False,,,,8.476473447922519,0.297982465341052,{},{}
"[0, 0, 1, 0, 1, 0, 1, 1, 0, 0, 0, 0, 0, 0, 1, 0, 0, 0]",001010110000001000,"[""001010110000001000""]",1,0.000244140625,False,False,,,,3.0992955903587047,0.1040774024927081,{},{}
"[0, 0, 1, 0, 1, 0, 1, 1, 0, 0, 0, 1, 0, 1, 0, 1, 0, 1]",001010110001010101,"[""001010110001010101""]",1,0.000244140625,False,False,,,,2.7405235197485593,0.09113981278623536,{},{}
"[0, 0, 1, 0, 1, 0, 1, 1, 0, 0, 0, 1, 1, 1, 1, 0, 1, 1]",001010110001111011,"[""001010110001111011""]",1,0.000244140625,False,False,,,,7.299101713440239,0.2555255583504241,{},{}
"[0, 0, 1, 0, 1, 0, 1, 1, 0, 0, 1, 0, 0, 0, 0, 0, 0, 0]",001010110010000000,"[""001010110010000000""]",1,0.000244140625,False,False,,,,3.0735618680813754,0.10314942518422306,{},{}
"[0, 0, 1, 0, 1, 0, 1, 1, 0, 0, 1, 0, 0, 0, 1, 0, 0, 0]",001010110010001000,"[""001010110010001000""]",1,0.000244140625,False,False,,,,2.315936821768425,0.07582889829963349,{},{}
"[0, 0, 1, 0, 1, 0, 1, 1, 0, 1, 0, 0, 0, 0, 0, 0, 0, 0]",001010110100000000,"[""001010110100000000""]",1,0.000244140625,False,False,,,,3.024199836575116,0.1013693933394368,{},{}
"[0, 0, 1, 0, 1, 0, 1, 1, 0, 1, 0, 0, 1, 0, 0, 0, 0, 0]",001010110100100000,"[""001010110100100000""]",1,0.000244140625,False,False,,,,2.232938550528241,0.07283591844524882,{},{}
"[0, 0, 1, 0, 1, 0, 1, 1, 0, 1, 1, 1, 0, 0, 0, 0, 1, 0]",001010110111000010,"[""001010110111000010""]",1,0.000244140625,False,False,,,,6.766170735091091,0.23630766792761426,{},{}
"[0, 0, 1, 0, 1, 0, 1, 1, 0, 1, 1, 1, 0, 0, 1, 1, 0, 1]",001010110111001101,"[""001010110111001101""]",1,0.000244140625,False,False,,,,7.2361399795990415,0.25325511104871457,{},{}
"[0, 0, 1, 0, 1, 0, 1, 1, 1, 0, 1, 0, 0, 1, 1, 0, 0, 1]",001010111010011001,"[""001010111010011001""]",1,0.000244140625,False,False,,,,6.094749369911171,0.21209571038006944,{},{}
"[0, 0, 1, 0, 1, 0, 1, 1, 1, 0, 1, 1, 1, 1, 0, 0, 0, 0]",001010111011110000,"[""001010111011110000""]",1,0.000244140625,False,False,,,,8.001621457600185,0.28085894674707534,{},{}
"[0, 0, 1, 0, 1, 0, 1, 1, 1, 1, 0, 1, 0, 0, 1, 0, 0, 1]",001010111101001001,"[""001010111101001001""]",1,0.000244140625,False,False,,,,6.052757572861899,0.2105814547125727,{},{}
"[0, 0, 1, 0, 1, 1, 0, 0, 0, 0, 0, 0, 1, 1, 1, 1, 0, 0]",001011000000111100,"[""001011000000111100""]",1,0.000244140625,False,False,,,,7.51405624714681,0.26327697990871957,{},{}
"[0, 0, 1, 0, 1, 1, 0, 0, 0, 0, 1, 0, 1, 1, 0, 1, 0, 1]",001011000010110101,"[""001011000010110101""]",1,0.000244140625,False,False,,,,4.7569474096313895,0.1638535692312893,{},{}
"[0, 0, 1, 0, 1, 1, 0, 0, 0, 0, 1, 0, 1, 1, 1, 1, 0, 0]",001011000010111100,"[""001011000010111100""]",1,0.000244140625,False,False,,,,6.717355606729646,0.23454735782004338,{},{}
"[0, 0, 1, 0, 1, 1, 0, 0, 0, 0, 1, 1, 1, 0, 0, 0, 1, 0]",001011000011100010,"[""001011000011100010""]",1,0.000244140625,False,False,,,,3.5326104177103366,0.11970305986473417,{},{}
"[0, 0, 1, 0, 1, 1, 0, 0, 0, 1, 0, 1, 0, 1, 0, 0, 1, 0]",001011000101010010,"[""001011000101010010""]",1,0.000244140625,False,False,,,,3.551287756240007,0.12037657868768721,{},{}
"[0, 0, 1, 0, 1, 1, 0, 0, 0, 1, 0, 1, 0, 1, 0, 0, 1, 1]",001011000101010011,"[""001011000101010011""]",1,0.000244140625,False,False,,,,4.855505908933954,0.16740766256941828,{},{}
"[0, 0, 1, 0, 1, 1, 0, 0, 0, 1, 1, 0, 0, 0, 1, 0, 0, 0]",001011000110001000,"[""001011000110001000""]",1,0.000244140625,False,False,,,,4.2741552993266705,0.14644372396094246,{},{}
"[0, 0, 1, 0, 1, 1, 0, 0, 0, 1, 1, 1, 1, 0, 0, 0, 1, 1]",001011000111100011,"[""001011000111100011""]",1,0.000244140625,False,False,,,,8.000104567745696,0.2808042465622646,{},{}
"[0, 0, 1, 0, 1, 1, 0, 0, 1, 0, 0, 0, 0, 1, 1, 1, 0, 1]",001011001000011101,"[""001011001000011101""]",1,0.000244140625,False,False,,,,4.935574462813626,0.17029499462044476,{},{}
"[0, 0, 1, 0, 1, 1, 0, 0, 1, 0, 0, 0, 1, 1, 1, 1, 0, 0]",001011001000111100,"[""001011001000111100""]",1,0.000244140625,False,False,,,,6.790308848694078,0.23717810639165798,{},{}
"[0, 0, 1, 0, 1, 1, 0, 0, 1, 1, 0, 1, 1, 0, 0, 1, 1, 1]",001011001101100111,"[""001011001101100111""]",1,0.000244140625,False,False,,,,7.340064391817274,0.25700270322744595,{},{}
"[0, 0, 1, 0, 1, 1, 0, 1, 0, 0, 0, 0, 1, 0, 0, 0, 0, 0]",001011010000100000,"[""001011010000100000""]",1,0.000244140625,False,False,,,,3.0760770162759044,0.10324012331280497,{},{}
"[0, 0, 1, 0, 1, 1, 0, 1, 0, 0, 0, 0, 1, 0, 0, 0, 1, 1]",001011010000100011,"[""001011010000100011""]",1,0.000244140625,False,False,,,,3.6126045774679154,0.12258770920797188,{},{}
"[0, 0, 1, 0, 1, 1, 0, 1, 0, 0, 1, 1, 0, 1, 0, 0, 0, 1]",001011010011010001,"[""001011010011010001""]",1,0.000244140625,False,False,,,,2.9388374619730877,0.09829116214631994,{},{}
"[0, 0, 1, 0, 1, 1, 0, 1, 0, 0, 1, 1, 1, 1, 1, 1, 1, 0]",001011010011111110,"[""001011010011111110""]",1,0.000244140625,False,False,,,,8.59243020387043,0.3021639528509252,{},{}
"[0, 0, 1, 0, 1, 1, 0, 1, 0, 1, 0, 1, 0, 1, 1, 0, 1, 0]",001011010101011010,"[""001011010101011010""]",1,0.000244140625,False,False,,,,4.110690272378589,0.14054905259921918,{},{}
"[0, 0, 1, 0, 1, 1, 0, 1, 0, 1, 1, 0, 0, 1, 1, 1, 1, 0]",001011010110011110,"[""001011010110011110""]",1,0.000244140625,False,False,,,,5.313449974315569,0.183921468720342,{},{}
"[0, 0, 1, 0, 1, 1, 0, 1, 0, 1, 1, 1, 0, 0, 1, 0, 0, 0]",001011010111001000,"[""001011010111001000""]",1,0.000244140625,False,False,,,,6.80617591458504,0.2377502846774251,{},{}
"[0, 0, 1, 0, 1, 1, 0, 1, 1, 0, 0, 0, 0, 0, 1, 1, 0, 1]",001011011000001101,"[""001011011000001101""]",1,0.000244140625,False,False,,,,4.956899160883587,0.17106397921217836,{},{}
"[0, 0, 1, 0, 1, 1, 0, 1, 1, 0, 1, 0, 1, 1, 0, 1, 1, 0]",001011011010110110,"[""001011011010110110""]",1,0.000244140625,False,False,,,,5.3523716574039675,0.1853250137778675,{},{}
"[0, 0, 1, 0, 1, 1, 0, 1, 1, 0, 1, 1, 0, 1, 1, 0, 1, 1]",001011011011011011,"[""001011011011011011""]",1,0.000244140625,False,False,,,,6.869377271972272,0.24002937298376284,{},{}
"[0, 0, 1, 0, 1, 1, 0, 1, 1, 0, 1, 1, 1, 0, 1, 0, 1, 1]",001011011011101011,"[""001011011011101011""]",1,0.000244140625,False,False,,,,6.714882400377656,0.2344581721457319,{},{}
"[0, 0, 1, 0, 1, 1, 0, 1, 1, 1, 0, 1, 0, 1, 0, 0, 0, 0]",001011011101010000,"[""001011011101010000""]",1,0.000244140625,False,False,,,,4.821405048645947,0.16617795999448348,{},{}
"[0, 0, 1, 0, 1, 1, 0, 1, 1, 1, 1, 0, 1, 0, 0, 1, 0, 1]",001011011110100101,"[""001011011110100101""]",1,0.000244140625,False,False,,,,5.324310649288574,0.1843131127981464,{},{}
"[0, 0, 1, 0, 1, 1, 0, 1, 1, 1, 1, 0, 1, 1, 0, 1, 0, 0]",001011011110110100,"[""001011011110110100""]",1,0.000244140625,False,False,,,,5.247891451213,0.18155737925200377,{},{}
"[0, 0, 1, 0, 1, 1, 0, 1, 1, 1, 1, 1, 0, 0, 1, 0, 1, 1]",001011011111001011,"[""001011011111001011""]",1,0.000244140625,False,False,,,,8.713441247455318,0.30652770176033955,{},{}
"[0, 0, 1, 0, 1, 1, 0, 1, 1, 1, 1, 1, 1, 1, 1, 1, 0, 0]",001011011111111100,"[""001011011111111100""]",1,0.000244140625,False,False,,,,11.785041667139907,0.4172919145501657,{},{}
"[0, 0, 1, 0, 1, 1, 1, 0, 0, 0, 0, 0, 1, 0, 1, 1, 0, 1]",001011100000101101,"[""001011100000101101""]",1,0.000244140625,False,False,,,,4.820540971344917,0.16614680071952545,{},{}
"[0, 0, 1, 0, 1, 1, 1, 0, 0, 0, 0, 1, 0, 0, 0, 1, 1, 1]",001011100001000111,"[""001011100001000111""]",1,0.000244140625,False,False,,,,6.826068434274477,0.23846762384357642,{},{}
"[0, 0, 1, 0, 1, 1, 1, 0, 0, 0, 1, 1, 0, 0, 1, 0, 1, 1]",001011100011001011,"[""001011100011001011""]",1,0.000244140625,False,False,,,,4.1082549135094855,0.14046123173350103,{},{}
"[0, 0, 1, 0, 1, 1, 1, 0, 0, 0, 1, 1, 0, 1, 0, 0, 0, 1]",001011100011010001,"[""001011100011010001""]",1,0.000244140625,False,False,,,,2.805708990523784,0.09349044970810862,{},{}
"[0, 0, 1, 0, 1, 1, 1, 0, 0, 1, 0, 0, 1, 0, 1, 0, 0, 1]",001011100100101001,"[""001011100100101001""]",1,0.000244140625,False,False,,,,2.7877270613456897,0.09284200786746759,{},{}
"[0, 0, 1, 0, 1, 1, 1, 0, 0, 1, 1, 0, 0, 0, 1, 1, 0, 1]",001011100110001101,"[""001011100110001101""]",1,0.000244140625,False,False,,,,4.001902785531926,0.1366260943053173,{},{}
"[0, 0, 1, 0, 1, 1, 1, 0, 1, 0, 0, 1, 0, 1, 1, 1, 1, 0]",001011101001011110,"[""001011101001011110""]",1,0.000244140625,False,False,,,,5.318457725786004,0.18410205199084656,{},{}
"[0, 0, 1, 0, 1, 1, 1, 0, 1, 0, 1, 0, 0, 0, 1, 0, 0, 1]",001011101010001001,"[""001011101010001001""]",1,0.000244140625,False,False,,,,2.8930449369812328,0.0966398493811973,{},{}
"[0, 0, 1, 0, 1, 1, 1, 0, 1, 0, 1, 1, 1, 0, 1, 1, 1, 1]",001011101011101111,"[""001011101011101111""]",1,0.000244140625,False,False,,,,9.876666785834916,0.3484744863192726,{},{}
"[0, 0, 1, 0, 1, 1, 1, 0, 1, 1, 0, 0, 1, 1, 1, 0, 0, 0]",001011101100111000,"[""001011101100111000""]",1,0.000244140625,False,False,,,,7.994993610591524,0.28061994161746895,{},{}
"[0, 0, 1, 0, 1, 1, 1, 1, 0, 0, 0, 1, 1, 0, 1, 1, 1, 0]",001011110001101110,"[""001011110001101110""]",1,0.000244140625,False,False,,,,5.2784046434770175,0.18265770782963026,{},{}
"[0, 0, 1, 0, 1, 1, 1, 1, 0, 0, 0, 1, 1, 1, 1, 1, 1, 0]",001011110001111110,"[""001011110001111110""]",1,0.000244140625,False,False,,,,8.55145579149723,0.30068638483720894,{},{}
"[0, 0, 1, 0, 1, 1, 1, 1, 0, 0, 1, 1, 1, 0, 0, 0, 1, 1]",001011110011100011,"[""001011110011100011""]",1,0.000244140625,False,False,,,,5.297786413624623,0.1833566289845809,{},{}
"[0, 0, 1, 0, 1, 1, 1, 1, 0, 1, 0, 0, 0, 0, 0, 0, 1, 1]",001011110100000011,"[""001011110100000011""]",1,0.000244140625,False,False,,,,4.810376319711866,0.16578025576491404,{},{}
"[0, 0, 1, 0, 1, 1, 1, 1, 0, 1, 0, 1, 1, 1, 1, 0, 1, 0]",001011110101111010,"[""001011110101111010""]",1,0.000244140625,False,False,,,,8.5265393978405,0.2997878810112352,{},{}
"[0, 0, 1, 0, 1, 1, 1, 1, 0, 1, 1, 1, 0, 0, 0, 1, 0, 0]",001011110111000100,"[""001011110111000100""]",1,0.000244140625,False,False,,,,7.965078898304143,0.2795411946762616,{},{}
"[0, 0, 1, 0, 1, 1, 1, 1, 1, 0, 0, 0, 0, 1, 1, 0, 1, 1]",001011111000011011,"[""001011111000011011""]",1,0.000244140625,False,False,,,,9.476453958889289,0.3340425118863562,{},{}
"[0, 0, 1, 0, 1, 1, 1, 1, 1, 0, 0, 1, 0, 0, 1, 1, 0, 0]",001011111001001100,"[""001011111001001100""]",1,0.000244140625,False,False,,,,6.08778366889246,0.21184452198169498,{},{}
"[0, 0, 1, 0, 1, 1, 1, 1, 1, 0, 1, 0, 1, 1, 0, 1, 0, 0]",001011111010110100,"[""001011111010110100""]",1,0.000244140625,False,False,,,,7.282095764640935,0.25491231109357804,{},{}
"[0, 0, 1, 0, 1, 1, 1, 1, 1, 0, 1, 1, 1, 1, 0, 1, 0, 1]",001011111011110101,"[""001011111011110101""]",1,0.000244140625,False,False,,,,9.85670487881644,0.34775464499404185,{},{}
"[0, 0, 1, 0, 1, 1, 1, 1, 1, 1, 0, 1, 1, 0, 1, 1, 1, 1]",001011111101101111,"[""001011111101101111""]",1,0.000244140625,False,False,,,,13.175885463497204,0.4674467840539759,{},{}
"[0, 0, 1, 0, 1, 1, 1, 1, 1, 1, 1, 0, 1, 0, 1, 1, 0, 0]",001011111110101100,"[""001011111110101100""]",1,0.000244140625,False,False,,,,8.531766710758214,0.2999763818320536,{},{}
"[0, 0, 1, 1, 0, 0, 0, 0, 0, 0, 1, 0, 0, 0, 0, 1, 1, 1]",001100000010000111,"[""001100000010000111""]",1,0.000244140625,False,False,,,,6.2666157873376,0.2182933421778932,{},{}
"[0, 0, 1, 1, 0, 0, 0, 0, 0, 0, 1, 1, 0, 1, 1, 0, 1, 0]",001100000011011010,"[""001100000011011010""]",1,0.000244140625,False,False,,,,3.5425619381681566,0.12006191914946024,{},{}
"[0, 0, 1, 1, 0, 0, 0, 0, 0, 1, 1, 1, 0, 1, 1, 1, 1, 1]",001100000111011111,"[""001100000111011111""]",1,0.000244140625,False,False,,,,11.224713601078737,0.3970860646148787,{},{}
"[0, 0, 1, 1, 0, 0, 0, 0, 1, 0, 0, 0, 0, 0, 1, 0, 0, 1]",001100001000001001,"[""001100001000001001""]",1,0.000244140625,False,False,,,,1.204362911165271,0.03574471014266289,{},{}
"[0, 0, 1, 1, 0, 0, 0, 0, 1, 0, 0, 0, 0, 0, 1, 0, 1, 1]",001100001000001011,"[""001100001000001011""]",1,0.000244140625,False,False,,,,2.3804673649805705,0.0781559180428223,{},{}
"[0, 0, 1, 1, 0, 0, 0, 0, 1, 1, 0, 0, 1, 1, 1, 1, 0, 0]",001100001100111100,"[""001100001100111100""]",1,0.000244140625,False,False,,,,4.7899969824085495,0.165045361590817,{},{}
"[0, 0, 1, 1, 0, 0, 0, 0, 1, 1, 1, 0, 0, 0, 1, 1, 1, 1]",001100001110001111,"[""001100001110001111""]",1,0.000244140625,False,False,,,,5.9996890187536716,0.2086677628853344,{},{}
"[0, 0, 1, 1, 0, 0, 0, 0, 1, 1, 1, 1, 0, 0, 0, 0, 1, 0]",001100001111000010,"[""001100001111000010""]",1,0.000244140625,False,False,,,,5.458933452605194,0.18916771196324755,{},{}
"[0, 0, 1, 1, 0, 0, 0, 0, 1, 1, 1, 1, 0, 0, 0, 1, 1, 0]",001100001111000110,"[""001100001111000110""]",1,0.000244140625,False,False,,,,6.7019272294798835,0.23399099897540243,{},{}
"[0, 0, 1, 1, 0, 0, 0, 0, 1, 1, 1, 1, 0, 0, 1, 0, 0, 1]",001100001111001001,"[""001100001111001001""]",1,0.000244140625,False,False,,,,4.796704737587894,0.16528724826893618,{},{}
"[0, 0, 1, 1, 0, 0, 0, 0, 1, 1, 1, 1, 0, 0, 1, 1, 1, 0]",001100001111001110,"[""001100001111001110""]",1,0.000244140625,False,False,,,,5.983789764879422,0.20809442387677035,{},{}
"[0, 0, 1, 1, 0, 0, 0, 0, 1, 1, 1, 1, 1, 0, 1, 0, 0, 1]",001100001111101001,"[""001100001111101001""]",1,0.000244140625,False,False,,,,6.022679637148352,0.2094968218123089,{},{}
"[0, 0, 1, 1, 0, 0, 0, 0, 1, 1, 1, 1, 1, 0, 1, 1, 0, 0]",001100001111101100,"[""001100001111101100""]",1,0.000244140625,False,False,,,,6.043843510013581,0.210260006926648,{},{}
"[0, 0, 1, 1, 0, 0, 0, 1, 0, 0, 0, 0, 0, 1, 0, 1, 0, 1]",001100010000010101,"[""001100010000010101""]",1,0.000244140625,False,False,,,,2.297566138371529,0.07516643769055553,{},{}
"[0, 0, 1, 1, 0, 0, 0, 1, 0, 0, 0, 0, 1, 0, 1, 0, 1, 1]",001100010000101011,"[""001100010000101011""]",1,0.000244140625,False,False,,,,3.5263694167231794,0.11947800469254026,{},{}
"[0, 0, 1, 1, 0, 0, 0, 1, 0, 0, 1, 1, 0, 1, 1, 1, 0, 1]",001100010011011101,"[""001100010011011101""]",1,0.000244140625,False,False,,,,4.022220681196278,0.13735877284787293,{},{}
"[0, 0, 1, 1, 0, 0, 0, 1, 0, 1, 0, 0, 0, 0, 1, 1, 1, 1]",001100010100001111,"[""001100010100001111""]",1,0.000244140625,False,False,,,,4.775819557018028,0.16453411300760162,{},{}
"[0, 0, 1, 1, 0, 0, 0, 1, 0, 1, 0, 0, 1, 0, 1, 1, 0, 0]",001100010100101100,"[""001100010100101100""]",1,0.000244140625,False,False,,,,1.5901403259053617,0.04965613279449604,{},{}
"[0, 0, 1, 1, 0, 0, 0, 1, 0, 1, 0, 1, 0, 1, 0, 0, 0, 1]",001100010101010001,"[""001100010101010001""]",1,0.000244140625,False,False,,,,1.4841263847626682,0.04583319063699262,{},{}
"[0, 0, 1, 1, 0, 0, 0, 1, 0, 1, 0, 1, 1, 0, 0, 0, 0, 1]",001100010101100001,"[""001100010101100001""]",1,0.000244140625,False,False,,,,1.4942670989214513,0.04619887238834477,{},{}
"[0, 0, 1, 1, 0, 0, 0, 1, 0, 1, 1, 1, 1, 0, 0, 0, 1, 0]",001100010111100010,"[""001100010111100010""]",1,0.000244140625,False,False,,,,4.683015588542514,0.16118753236316424,{},{}
"[0, 0, 1, 1, 0, 0, 0, 1, 0, 1, 1, 1, 1, 0, 0, 1, 1, 0]",001100010111100110,"[""001100010111100110""]",1,0.000244140625,False,False,,,,5.96602772654453,0.20745391146470699,{},{}
"[0, 0, 1, 1, 0, 0, 0, 1, 1, 0, 0, 0, 0, 0, 1, 1, 0, 0]",001100011000001100,"[""001100011000001100""]",1,0.000244140625,False,False,,,,2.358600909789034,0.07736739728332742,{},{}
"[0, 0, 1, 1, 0, 0, 0, 1, 1, 0, 0, 0, 0, 1, 0, 0, 0, 0]",001100011000010000,"[""001100011000010000""]",1,0.000244140625,False,False,,,,3.086714838199131,0.10362373114264291,{},{}
"[0, 0, 1, 1, 0, 0, 0, 1, 1, 0, 0, 1, 1, 1, 1, 0, 0, 1]",001100011001111001,"[""001100011001111001""]",1,0.000244140625,False,False,,,,6.05587482501096,0.21069386516093225,{},{}
"[0, 0, 1, 1, 0, 0, 0, 1, 1, 0, 1, 0, 0, 0, 0, 0, 1, 0]",001100011010000010,"[""001100011010000010""]",1,0.000244140625,False,False,,,,2.3106975853681315,0.0756399675090986,{},{}
"[0, 0, 1, 1, 0, 0, 0, 1, 1, 0, 1, 1, 0, 0, 0, 0, 1, 0]",001100011011000010,"[""001100011011000010""]",1,0.000244140625,False,False,,,,3.5408515639456715,0.1200002417733551,{},{}
"[0, 0, 1, 1, 0, 0, 0, 1, 1, 0, 1, 1, 1, 1, 1, 0, 1, 0]",001100011011111010,"[""001100011011111010""]",1,0.000244140625,False,False,,,,7.268379913971668,0.25441770724068485,{},{}
"[0, 0, 1, 1, 0, 0, 0, 1, 1, 1, 0, 0, 0, 0, 0, 0, 1, 0]",001100011100000010,"[""001100011100000010""]",1,0.000244140625,False,False,,,,2.257441240081425,0.07371950379124594,{},{}
"[0, 0, 1, 1, 0, 0, 0, 1, 1, 1, 0, 0, 0, 1, 1, 1, 0, 1]",001100011100011101,"[""001100011100011101""]",1,0.000244140625,False,False,,,,4.0500372847784405,0.13836186041698495,{},{}
"[0, 0, 1, 1, 0, 0, 0, 1, 1, 1, 0, 1, 1, 1, 0, 0, 0, 1]",001100011101110001,"[""001100011101110001""]",1,0.000244140625,False,False,,,,3.9719711813773753,0.13554673823072216,{},{}
"[0, 0, 1, 1, 0, 0, 0, 1, 1, 1, 1, 0, 0, 1, 0, 0, 0, 0]",001100011110010000,"[""001100011110010000""]",1,0.000244140625,False,False,,,,3.4666320669502637,0.11732383109647501,{},{}
"[0, 0, 1, 1, 0, 0, 0, 1, 1, 1, 1, 0, 1, 1, 0, 1, 1, 0]",001100011110110110,"[""001100011110110110""]",1,0.000244140625,False,False,,,,5.221539397077562,0.18060710443337796,{},{}
"[0, 0, 1, 1, 0, 0, 0, 1, 1, 1, 1, 1, 0, 1, 0, 0, 0, 0]",001100011111010000,"[""001100011111010000""]",1,0.000244140625,False,False,,,,6.696786045527804,0.2338056040296242,{},{}
"[0, 0, 1, 1, 0, 0, 0, 1, 1, 1, 1, 1, 0, 1, 0, 0, 1, 0]",001100011111010010,"[""001100011111010010""]",1,0.000244140625,False,False,,,,5.9585013707776255,0.20718250543599478,{},{}
"[0, 0, 1, 1, 0, 0, 0, 1, 1, 1, 1, 1, 1, 0, 1, 0, 1, 0]",001100011111101010,"[""001100011111101010""]",1,0.000244140625,False,False,,,,7.225306868073963,0.2528644609294966,{},{}
"[0, 0, 1, 1, 0, 0, 1, 0, 0, 0, 0, 1, 0, 0, 1, 1, 0, 1]",001100100001001101,"[""001100100001001101""]",1,0.000244140625,False,False,,,,1.6428184332031655,0.05155574481717521,{},{}
"[0, 0, 1, 1, 0, 0, 1, 0, 0, 0, 0, 1, 0, 1, 0, 1, 0, 1]",001100100001010101,"[""001100100001010101""]",1,0.000244140625,False,False,,,,1.5242744803752601,0.047280961049133687,{},{}
"[0, 0, 1, 1, 0, 0, 1, 0, 0, 0, 1, 1, 0, 0, 0, 1, 1, 0]",001100100011000110,"[""001100100011000110""]",1,0.000244140625,False,False,,,,3.4884842222441055,0.11811183619094363,{},{}
"[0, 0, 1, 1, 0, 0, 1, 0, 0, 1, 0, 0, 1, 0, 0, 0, 0, 1]",001100100100100001,"[""001100100100100001""]",1,0.000244140625,True,False,"[2, 0, 0, 0, 0, 2]",0.365102166632017,0.8945698531437528,0.365102166632017,0.0054803388078084195,"{""degradation"": 0.3963745249662942, ""nominal"": 0.348017903243641, ""surge"": 0.35091407168611594}","{""degradation"": 0.8945698531437528, ""nominal"": 0.3158568392957645, ""surge"": 0.4349121759760068}"
"[0, 0, 1, 1, 0, 0, 1, 0, 0, 1, 0, 0, 1, 1, 0, 1, 1, 0]",001100100100110110,"[""001100100100110110""]",1,0.000244140625,False,False,,,,2.805310313001228,0.09347607309790244,{},{}
"[0, 0, 1, 1, 0, 0, 1, 0, 1, 0, 0, 1, 0, 0, 0, 1, 1, 1]",001100101001000111,"[""001100101001000111""]",1,0.000244140625,False,False,,,,6.814725281358172,0.23805858124959925,{},{}
"[0, 0, 1, 1, 0, 0, 1, 0, 1, 0, 1, 1, 0, 0, 0, 0, 1, 1]",001100101011000011,"[""001100101011000011""]",1,0.000244140625,False,False,,,,4.760881946231388,0.16399545156936904,{},{}
"[0, 0, 1, 1, 0, 0, 1, 0, 1, 0, 1, 1, 1, 1, 1, 0, 0, 0]",001100101011111000,"[""001100101011111000""]",1,0.000244140625,False,False,,,,7.983734567610323,0.2802139320907781,{},{}
"[0, 0, 1, 1, 0, 0, 1, 0, 1, 1, 0, 0, 1, 0, 0, 1, 0, 0]",001100101100100100,"[""001100101100100100""]",1,0.000244140625,False,False,,,,1.6935986531632095,0.053386917600302404,{},{}
"[0, 0, 1, 1, 0, 0, 1, 0, 1, 1, 0, 1, 1, 0, 1, 1, 0, 1]",001100101101101101,"[""001100101101101101""]",1,0.000244140625,False,False,,,,5.4925971342269015,0.19038164954788253,{},{}
"[0, 0, 1, 1, 0, 0, 1, 0, 1, 1, 1, 0, 0, 0, 0, 1, 1, 0]",001100101110000110,"[""001100101110000110""]",1,0.000244140625,False,False,,,,4.743503257646472,0.163368763036547,{},{}
"[0, 0, 1, 1, 0, 0, 1, 0, 1, 1, 1, 0, 1, 1, 1, 1, 1, 1]",001100101110111111,"[""001100101110111111""]",1,0.000244140625,False,False,,,,11.81376122518807,0.41832756333393656,{},{}
"[0, 0, 1, 1, 0, 0, 1, 0, 1, 1, 1, 1, 0, 1, 0, 0, 0, 0]",001100101111010000,"[""001100101111010000""]",1,0.000244140625,False,False,,,,6.683194693681115,0.23331548969756447,{},{}
"[0, 0, 1, 1, 0, 0, 1, 0, 1, 1, 1, 1, 1, 0, 0, 1, 1, 1]",001100101111100111,"[""001100101111100111""]",1,0.000244140625,False,False,,,,10.579992696952619,0.3738369457005092,{},{}
"[0, 0, 1, 1, 0, 0, 1, 1, 0, 0, 0, 1, 0, 0, 0, 0, 1, 1]",001100110001000011,"[""001100110001000011""]",1,0.000244140625,False,False,,,,3.5082759002400694,0.11882553893006416,{},{}
"[0, 0, 1, 1, 0, 0, 1, 1, 0, 0, 0, 1, 0, 1, 0, 0, 1, 1]",001100110001010011,"[""001100110001010011""]",1,0.000244140625,False,False,,,,2.7367089617727345,0.09100225696724742,{},{}
"[0, 0, 1, 1, 0, 0, 1, 1, 0, 0, 1, 0, 1, 1, 1, 0, 1, 0]",001100110010111010,"[""001100110010111010""]",1,0.000244140625,False,False,,,,5.9875488722484675,0.20822998010532678,{},{}
"[0, 0, 1, 1, 0, 0, 1, 1, 0, 0, 1, 1, 0, 0, 1, 0, 1, 1]",001100110011001011,"[""001100110011001011""]",1,0.000244140625,False,False,,,,4.010673980829775,0.1369423901803165,{},{}
"[0, 0, 1, 1, 0, 0, 1, 1, 0, 0, 1, 1, 1, 0, 1, 1, 1, 1]",001100110011101111,"[""001100110011101111""]",1,0.000244140625,False,False,,,,8.535564939858844,0.30011334881956625,{},{}
"[0, 0, 1, 1, 0, 0, 1, 1, 0, 1, 0, 0, 1, 0, 0, 0, 1, 0]",001100110100100010,"[""001100110100100010""]",1,0.000244140625,False,False,,,,1.5112330114002615,0.0468106759054733,{},{}
"[0, 0, 1, 1, 0, 0, 1, 1, 0, 1, 0, 0, 1, 0, 1, 0, 1, 1]",001100110100101011,"[""001100110100101011""]",1,0.000244140625,False,False,,,,4.011132771457084,0.13695893451412489,{},{}
"[0, 0, 1, 1, 0, 0, 1, 1, 0, 1, 1, 0, 0, 1, 0, 0, 0, 0]",001100110110010000,"[""001100110110010000""]",1,0.000244140625,False,False,,,,3.456883738439428,0.11697229906561593,{},{}
"[0, 0, 1, 1, 0, 0, 1, 1, 0, 1, 1, 1, 1, 0, 1, 0, 0, 1]",001100110111101001,"[""001100110111101001""]",1,0.000244140625,False,False,,,,7.261532097083283,0.2541707698323846,{},{}
"[0, 0, 1, 1, 0, 0, 1, 1, 1, 0, 0, 1, 0, 0, 1, 0, 1, 0]",001100111001001010,"[""001100111001001010""]",1,0.000244140625,False,False,,,,4.803101619127751,0.1655179246106671,{},{}
"[0, 0, 1, 1, 0, 0, 1, 1, 1, 0, 0, 1, 0, 0, 1, 1, 1, 1]",001100111001001111,"[""001100111001001111""]",1,0.000244140625,False,False,,,,9.327741896386271,0.3286798434774264,{},{}
"[0, 0, 1, 1, 0, 0, 1, 1, 1, 0, 0, 1, 1, 1, 0, 0, 1, 1]",001100111001110011,"[""001100111001110011""]",1,0.000244140625,False,False,,,,7.249396028862668,0.2537331341183753,{},{}
"[0, 0, 1, 1, 0, 0, 1, 1, 1, 0, 1, 0, 1, 0, 1, 0, 0, 0]",001100111010101000,"[""001100111010101000""]",1,0.000244140625,False,False,,,,6.775785991666393,0.23665440128476264,{},{}
"[0, 0, 1, 1, 0, 0, 1, 1, 1, 0, 1, 1, 0, 1, 1, 0, 0, 1]",001100111011011001,"[""001100111011011001""]",1,0.000244140625,False,False,,,,7.28993574381837,0.2551950266174828,{},{}
"[0, 0, 1, 1, 0, 0, 1, 1, 1, 1, 0, 1, 0, 0, 0, 0, 0, 1]",001100111101000001,"[""001100111101000001""]",1,0.000244140625,False,False,,,,6.808137943369655,0.23782103690561407,{},{}
"[0, 0, 1, 1, 0, 0, 1, 1, 1, 1, 1, 1, 0, 0, 0, 1, 0, 1]",001100111111000101,"[""001100111111000101""]",1,0.000244140625,False,False,,,,11.293751283728064,0.39957561518352713,{},{}
"[0, 0, 1, 1, 0, 1, 0, 0, 0, 0, 1, 1, 1, 1, 0, 0, 1, 1]",001101000011110011,"[""001101000011110011""]",1,0.000244140625,False,False,,,,5.984727983155443,0.20812825673084293,{},{}
"[0, 0, 1, 1, 0, 1, 0, 0, 0, 1, 0, 0, 0, 0, 0, 0, 1, 1]",001101000100000011,"[""001101000100000011""]",1,0.000244140625,False,False,,,,4.362124203247161,0.14961594855444527,{},{}
"[0, 0, 1, 1, 0, 1, 0, 0, 0, 1, 0, 0, 0, 0, 1, 0, 1, 0]",001101000100001010,"[""001101000100001010""]",1,0.000244140625,False,False,,,,2.308178520582762,0.07554912814531616,{},{}
"[0, 0, 1, 1, 0, 1, 0, 0, 0, 1, 0, 0, 1, 0, 1, 0, 1, 1]",001101000100101011,"[""001101000100101011""]",1,0.000244140625,False,False,,,,4.821135387229834,0.16616823580175186,{},{}
"[0, 0, 1, 1, 0, 1, 0, 0, 0, 1, 1, 0, 1, 1, 1, 0, 0, 0]",001101000110111000,"[""001101000110111000""]",1,0.000244140625,False,False,,,,8.687946338337339,0.3056083362333316,{},{}
"[0, 0, 1, 1, 0, 1, 0, 0, 1, 0, 0, 0, 0, 0, 1, 1, 0, 0]",001101001000001100,"[""001101001000001100""]",1,0.000244140625,False,False,,,,2.4411405783139566,0.08034383958015293,{},{}
"[0, 0, 1, 1, 0, 1, 0, 0, 1, 0, 0, 1, 0, 0, 0, 0, 0, 0]",001101001001000000,"[""001101001001000000""]",1,0.000244140625,False,False,,,,3.192912969164754,0.10745331532318096,{},{}
"[0, 0, 1, 1, 0, 1, 0, 0, 1, 0, 0, 1, 1, 0, 1, 0, 0, 1]",001101001001101001,"[""001101001001101001""]",1,0.000244140625,False,False,,,,2.978612323723219,0.09972547346570369,{},{}
"[0, 0, 1, 1, 0, 1, 0, 0, 1, 0, 1, 1, 1, 0, 0, 0, 1, 1]",001101001011100011,"[""001101001011100011""]",1,0.000244140625,False,False,,,,4.083244072056269,0.139559322049213,{},{}
"[0, 0, 1, 1, 0, 1, 0, 0, 1, 0, 1, 1, 1, 1, 0, 0, 0, 1]",001101001011110001,"[""001101001011110001""]",1,0.000244140625,False,False,,,,4.0546631681276075,0.13852867323688967,{},{}
"[0, 0, 1, 1, 0, 1, 0, 0, 1, 1, 0, 0, 0, 1, 1, 1, 1, 0]",001101001100011110,"[""001101001100011110""]",1,0.000244140625,False,False,,,,4.037814728922006,0.13792110589401982,{},{}
"[0, 0, 1, 1, 0, 1, 0, 0, 1, 1, 1, 1, 0, 1, 0, 1, 1, 1]",001101001111010111,"[""001101001111010111""]",1,0.000244140625,False,False,,,,10.574360256929067,0.37363383569267855,{},{}
"[0, 0, 1, 1, 0, 1, 0, 1, 0, 0, 1, 1, 1, 1, 0, 1, 1, 1]",001101010011110111,"[""001101010011110111""]",1,0.000244140625,False,False,,,,8.52583179179827,0.2997623642071188,{},{}
"[0, 0, 1, 1, 0, 1, 0, 1, 0, 1, 0, 0, 0, 0, 0, 0, 1, 1]",001101010100000011,"[""001101010100000011""]",1,0.000244140625,False,False,,,,3.572439214962545,0.12113931613873855,{},{}
"[0, 0, 1, 1, 0, 1, 0, 1, 0, 1, 0, 1, 0, 0, 0, 0, 1, 0]",001101010101000010,"[""001101010101000010""]",1,0.000244140625,False,False,,,,3.506272557188635,0.11875329687845548,{},{}
"[0, 0, 1, 1, 0, 1, 0, 1, 0, 1, 1, 1, 0, 1, 1, 0, 0, 0]",001101010111011000,"[""001101010111011000""]",1,0.000244140625,False,False,,,,7.997325919457011,0.28070404642283775,{},{}
"[0, 0, 1, 1, 0, 1, 0, 1, 0, 1, 1, 1, 0, 1, 1, 0, 1, 0]",001101010111011010,"[""001101010111011010""]",1,0.000244140625,False,False,,,,7.268379913971668,0.25441770724068485,{},{}
"[0, 0, 1, 1, 0, 1, 0, 1, 1, 0, 0, 1, 0, 1, 1, 1, 1, 0]",001101011001011110,"[""001101011001011110""]",1,0.000244140625,False,False,,,,5.341458523082688,0.18493147797665468,{},{}
"[0, 0, 1, 1, 0, 1, 0, 1, 1, 0, 1, 1, 1, 1, 0, 0, 0, 0]",001101011011110000,"[""001101011011110000""]",1,0.000244140625,False,False,,,,5.995318867910585,0.20851017197122815,{},{}
"[0, 0, 1, 1, 0, 1, 0, 1, 1, 1, 0, 0, 0, 0, 0, 0, 1, 0]",001101011100000010,"[""001101011100000010""]",1,0.000244140625,False,False,,,,3.5545329095418685,0.1204936013474575,{},{}
"[0, 0, 1, 1, 0, 1, 0, 1, 1, 1, 0, 1, 1, 1, 1, 0, 0, 0]",001101011101111000,"[""001101011101111000""]",1,0.000244140625,False,False,,,,9.29051827402291,0.3273375317620611,{},{}
"[0, 0, 1, 1, 0, 1, 0, 1, 1, 1, 0, 1, 1, 1, 1, 1, 1, 0]",001101011101111110,"[""001101011101111110""]",1,0.000244140625,False,False,,,,9.83198553040859,0.3468632467673955,{},{}
"[0, 0, 1, 1, 0, 1, 0, 1, 1, 1, 1, 0, 0, 0, 0, 1, 0, 1]",001101011110000101,"[""001101011110000101""]",1,0.000244140625,False,False,,,,6.127754797848518,0.21328591084359425,{},{}
"[0, 0, 1, 1, 0, 1, 0, 1, 1, 1, 1, 0, 0, 1, 0, 1, 1, 0]",001101011110010110,"[""001101011110010110""]",1,0.000244140625,False,False,,,,5.279212660722392,0.1826868455369736,{},{}
"[0, 0, 1, 1, 0, 1, 0, 1, 1, 1, 1, 1, 0, 1, 1, 0, 0, 0]",001101011111011000,"[""001101011111011000""]",1,0.000244140625,False,False,,,,9.285078919652621,0.3271413845675729,{},{}
"[0, 0, 1, 1, 0, 1, 0, 1, 1, 1, 1, 1, 1, 1, 0, 0, 0, 0]",001101011111110000,"[""001101011111110000""]",1,0.000244140625,False,False,,,,9.211955098206207,0.324504484772017,{},{}
"[0, 0, 1, 1, 0, 1, 1, 0, 0, 0, 0, 0, 1, 0, 0, 1, 1, 1]",001101100000100111,"[""001101100000100111""]",1,0.000244140625,False,False,,,,6.88258377382497,0.24050560933665785,{},{}
"[0, 0, 1, 1, 0, 1, 1, 0, 0, 0, 0, 0, 1, 0, 1, 0, 1, 1]",001101100000101011,"[""001101100000101011""]",1,0.000244140625,False,False,,,,4.836502234025618,0.16672237581211546,{},{}
"[0, 0, 1, 1, 0, 1, 1, 0, 0, 0, 1, 1, 0, 0, 1, 1, 0, 0]",001101100011001100,"[""001101100011001100""]",1,0.000244140625,False,False,,,,2.8061586476922615,0.09350666468254752,{},{}
"[0, 0, 1, 1, 0, 1, 1, 0, 0, 0, 1, 1, 0, 1, 0, 0, 0, 0]",001101100011010000,"[""001101100011010000""]",1,0.000244140625,False,False,,,,3.462555260823443,0.1171768184126506,{},{}
"[0, 0, 1, 1, 0, 1, 1, 0, 0, 0, 1, 1, 0, 1, 1, 1, 1, 0]",001101100011011110,"[""001101100011011110""]",1,0.000244140625,False,False,,,,5.245866691481336,0.18148436489885772,{},{}
"[0, 0, 1, 1, 0, 1, 1, 0, 0, 1, 0, 0, 0, 0, 1, 0, 1, 0]",001101100100001010,"[""001101100100001010""]",1,0.000244140625,False,False,,,,1.5401815976741675,0.047854583618683215,{},{}
"[0, 0, 1, 1, 0, 1, 1, 0, 0, 1, 0, 0, 0, 1, 1, 1, 0, 0]",001101100100011100,"[""001101100100011100""]",1,0.000244140625,False,False,,,,2.831647252601897,0.09442580287507862,{},{}
"[0, 0, 1, 1, 0, 1, 1, 0, 0, 1, 1, 0, 0, 1, 0, 0, 0, 0]",001101100110010000,"[""001101100110010000""]",1,0.000244140625,False,False,,,,3.4530407151035742,0.11683371676441527,{},{}
"[0, 0, 1, 1, 0, 1, 1, 0, 1, 0, 0, 1, 0, 1, 1, 1, 0, 1]",001101101001011101,"[""001101101001011101""]",1,0.000244140625,False,False,,,,5.436925630563495,0.18837409340920472,{},{}
"[0, 0, 1, 1, 0, 1, 1, 0, 1, 0, 0, 1, 0, 1, 1, 1, 1, 1]",001101101001011111,"[""001101101001011111""]",1,0.000244140625,False,False,,,,8.660101331724452,0.3046042244296483,{},{}
"[0, 0, 1, 1, 0, 1, 1, 0, 1, 0, 0, 1, 1, 1, 0, 0, 0, 1]",001101101001110001,"[""001101101001110001""]",1,0.000244140625,False,False,,,,4.122249185164732,0.140965875655779,{},{}
"[0, 0, 1, 1, 0, 1, 1, 0, 1, 0, 1, 0, 1, 0, 0, 0, 0, 0]",001101101010100000,"[""001101101010100000""]",1,0.000244140625,False,False,,,,3.563435103674223,0.12081462113859091,{},{}
"[0, 0, 1, 1, 0, 1, 1, 0, 1, 0, 1, 1, 1, 1, 0, 1, 0, 1]",001101101011110101,"[""001101101011110101""]",1,0.000244140625,False,False,,,,6.603859322961091,0.23045459678067431,{},{}
"[0, 0, 1, 1, 0, 1, 1, 0, 1, 1, 0, 1, 0, 0, 1, 0, 1, 1]",001101101101001011,"[""001101101101001011""]",1,0.000244140625,False,False,,,,5.4233539552280945,0.18788468862688637,{},{}
"[0, 0, 1, 1, 0, 1, 1, 0, 1, 1, 0, 1, 1, 1, 1, 0, 1, 0]",001101101101111010,"[""001101101101111010""]",1,0.000244140625,False,False,,,,8.563608571564265,0.30112462319292294,{},{}
"[0, 0, 1, 1, 0, 1, 1, 0, 1, 1, 1, 0, 0, 1, 1, 0, 1, 0]",001101101110011010,"[""001101101110011010""]",1,0.000244140625,False,False,,,,5.228281915543015,0.18085024470164354,{},{}
"[0, 0, 1, 1, 0, 1, 1, 0, 1, 1, 1, 0, 1, 0, 1, 1, 1, 0]",001101101110101110,"[""001101101110101110""]",1,0.000244140625,False,False,,,,6.611662043700795,0.23073596873739546,{},{}
"[0, 0, 1, 1, 0, 1, 1, 0, 1, 1, 1, 0, 1, 1, 1, 1, 0, 1]",001101101110111101,"[""001101101110111101""]",1,0.000244140625,False,False,,,,9.940449002210414,0.35077452083598487,{},{}
"[0, 0, 1, 1, 0, 1, 1, 0, 1, 1, 1, 1, 1, 0, 1, 0, 0, 0]",001101101111101000,"[""001101101111101000""]",1,0.000244140625,False,False,,,,9.338991717480974,0.32908552045597983,{},{}
"[0, 0, 1, 1, 0, 1, 1, 1, 0, 0, 0, 0, 0, 0, 1, 1, 1, 1]",001101110000001111,"[""001101110000001111""]",1,0.000244140625,False,False,,,,8.090410977927402,0.2840607633831208,{},{}
"[0, 0, 1, 1, 0, 1, 1, 1, 0, 0, 0, 0, 0, 1, 1, 0, 1, 0]",001101110000011010,"[""001101110000011010""]",1,0.000244140625,False,False,,,,4.775526423671877,0.1645235423994845,{},{}
"[0, 0, 1, 1, 0, 1, 1, 1, 0, 0, 0, 0, 1, 0, 1, 0, 0, 1]",001101110000101001,"[""001101110000101001""]",1,0.000244140625,False,False,,,,4.844772043967827,0.16702059135548497,{},{}
"[0, 0, 1, 1, 0, 1, 1, 1, 0, 0, 0, 1, 0, 0, 1, 1, 1, 0]",001101110001001110,"[""001101110001001110""]",1,0.000244140625,False,False,,,,4.057275538445818,0.1386228772681034,{},{}
"[0, 0, 1, 1, 0, 1, 1, 1, 0, 0, 0, 1, 1, 1, 1, 1, 0, 1]",001101110001111101,"[""001101110001111101""]",1,0.000244140625,False,False,,,,8.620145436068269,0.3031633848919574,{},{}
"[0, 0, 1, 1, 0, 1, 1, 1, 0, 0, 1, 0, 0, 0, 0, 1, 1, 1]",001101110010000111,"[""001101110010000111""]",1,0.000244140625,False,False,,,,8.041996714558351,0.2823149087675576,{},{}
"[0, 0, 1, 1, 0, 1, 1, 1, 0, 0, 1, 0, 0, 0, 1, 1, 1, 1]",001101110010001111,"[""001101110010001111""]",1,0.000244140625,False,False,,,,7.301607853852735,0.2556159316516361,{},{}
"[0, 0, 1, 1, 0, 1, 1, 1, 0, 0, 1, 1, 1, 0, 1, 1, 1, 1]",001101110011101111,"[""001101110011101111""]",1,0.000244140625,False,False,,,,9.84268703031493,0.34724915087302066,{},{}
"[0, 0, 1, 1, 0, 1, 1, 1, 0, 0, 1, 1, 1, 1, 1, 0, 0, 1]",001101110011111001,"[""001101110011111001""]",1,0.000244140625,False,False,,,,8.527090785822205,0.2998077644750295,{},{}
"[0, 0, 1, 1, 0, 1, 1, 1, 0, 1, 0, 0, 0, 0, 0, 1, 0, 1]",001101110100000101,"[""001101110100000101""]",1,0.000244140625,False,False,,,,4.889412430844841,0.16863035715684968,{},{}
"[0, 0, 1, 1, 0, 1, 1, 1, 0, 1, 0, 1, 0, 0, 1, 0, 0, 0]",001101110101001000,"[""001101110101001000""]",1,0.000244140625,False,False,,,,4.819534120828741,0.16611049293544436,{},{}
"[0, 0, 1, 1, 0, 1, 1, 1, 0, 1, 1, 0, 0, 1, 1, 1, 1, 0]",001101110110011110,"[""001101110110011110""]",1,0.000244140625,False,False,,,,6.527095440601945,0.22768643366098223,{},{}
"[0, 0, 1, 1, 0, 1, 1, 1, 0, 1, 1, 0, 1, 0, 0, 1, 0, 0]",001101110110100100,"[""001101110110100100""]",1,0.000244140625,False,False,,,,4.068673400372562,0.13903389270999233,{},{}
"[0, 0, 1, 1, 0, 1, 1, 1, 0, 1, 1, 1, 0, 0, 1, 0, 0, 1]",001101110111001001,"[""001101110111001001""]",1,0.000244140625,False,False,,,,7.297216571367201,0.2554575787146685,{},{}
"[0, 0, 1, 1, 0, 1, 1, 1, 0, 1, 1, 1, 0, 1, 0, 1, 1, 0]",001101110111010110,"[""001101110111010110""]",1,0.000244140625,False,False,,,,8.506976949149937,0.2990824444526369,{},{}
"[0, 0, 1, 1, 0, 1, 1, 1, 0, 1, 1, 1, 1, 1, 1, 0, 1, 0]",001101110111111010,"[""001101110111111010""]",1,0.000244140625,False,False,,,,11.771820607235242,0.41681515322300783,{},{}
"[0, 0, 1, 1, 0, 1, 1, 1, 1, 0, 0, 0, 0, 0, 1, 1, 1, 1]",001101111000001111,"[""001101111000001111""]",1,0.000244140625,False,False,,,,11.417680384565857,0.40404459142408217,{},{}
"[0, 0, 1, 1, 0, 1, 1, 1, 1, 0, 0, 1, 1, 0, 0, 0, 1, 1]",001101111001100011,"[""001101111001100011""]",1,0.000244140625,False,False,,,,7.364747983114622,0.25789281202589354,{},{}
"[0, 0, 1, 1, 0, 1, 1, 1, 1, 0, 1, 0, 1, 1, 0, 1, 0, 1]",001101111010110101,"[""001101111010110101""]",1,0.000244140625,False,False,,,,8.638697688312483,0.3038323930097254,{},{}
"[0, 0, 1, 1, 0, 1, 1, 1, 1, 0, 1, 1, 0, 0, 0, 1, 0, 0]",001101111011000100,"[""001101111011000100""]",1,0.000244140625,False,False,,,,8.043203192116895,0.2823584152523739,{},{}
"[0, 0, 1, 1, 0, 1, 1, 1, 1, 1, 0, 0, 1, 0, 1, 0, 0, 1]",001101111100101001,"[""001101111100101001""]",1,0.000244140625,False,False,,,,7.443479066778453,0.26073191389872424,{},{}
"[0, 0, 1, 1, 1, 0, 0, 0, 0, 0, 0, 0, 0, 0, 0, 1, 0, 1]",001110000000000101,"[""001110000000000101""]",1,0.000244140625,False,False,,,,5.09680640919368,0.17610913942356077,{},{}
"[0, 0, 1, 1, 1, 0, 0, 0, 0, 0, 0, 0, 1, 0, 0, 1, 1, 1]",001110000000100111,"[""001110000000100111""]",1,0.000244140625,False,False,,,,7.534165179792146,0.26400212308822635,{},{}
"[0, 0, 1, 1, 1, 0, 0, 0, 0, 1, 0, 1, 0, 1, 1, 0, 0, 0]",001110000101011000,"[""001110000101011000""]",1,0.000244140625,False,False,,,,5.52353857001626,0.19149742090793045,{},{}
"[0, 0, 1, 1, 1, 0, 0, 0, 0, 1, 0, 1, 0, 1, 1, 1, 1, 1]",001110000101011111,"[""001110000101011111""]",1,0.000244140625,False,False,,,,9.290409787986883,0.3273336196743097,{},{}
"[0, 0, 1, 1, 1, 0, 0, 0, 0, 1, 1, 0, 0, 1, 0, 1, 1, 0]",001110000110010110,"[""001110000110010110""]",1,0.000244140625,False,False,,,,4.728869187011364,0.1628410474836318,{},{}
"[0, 0, 1, 1, 1, 0, 0, 0, 1, 0, 0, 0, 0, 0, 0, 0, 1, 1]",001110001000000011,"[""001110001000000011""]",1,0.000244140625,False,False,,,,4.364923032155067,0.14971687642212328,{},{}
"[0, 0, 1, 1, 1, 0, 0, 0, 1, 0, 0, 0, 0, 0, 1, 1, 1, 1]",001110001000001111,"[""001110001000001111""]",1,0.000244140625,False,False,,,,6.826068434274477,0.23846762384357642,{},{}
"[0, 0, 1, 1, 1, 0, 0, 0, 1, 0, 0, 1, 0, 1, 1, 0, 0, 0]",001110001001011000,"[""001110001001011000""]",1,0.000244140625,False,False,,,,3.569274191459364,0.1210251830195527,{},{}
"[0, 0, 1, 1, 1, 0, 0, 0, 1, 0, 0, 1, 1, 0, 0, 1, 1, 1]",001110001001100111,"[""001110001001100111""]",1,0.000244140625,False,False,,,,6.033365995305264,0.20988217989510338,{},{}
"[0, 0, 1, 1, 1, 0, 0, 0, 1, 0, 1, 0, 0, 0, 1, 1, 1, 0]",001110001010001110,"[""001110001010001110""]",1,0.000244140625,False,False,,,,2.7596220123780295,0.09182851874161245,{},{}
"[0, 0, 1, 1, 1, 0, 0, 0, 1, 0, 1, 0, 1, 1, 1, 0, 1, 0]",001110001010111010,"[""001110001010111010""]",1,0.000244140625,False,False,,,,5.992973741992289,0.20842560497333074,{},{}
"[0, 0, 1, 1, 1, 0, 0, 0, 1, 1, 0, 0, 1, 1, 1, 1, 1, 0]",001110001100111110,"[""001110001100111110""]",1,0.000244140625,False,False,,,,7.240810350439098,0.25342352812087676,{},{}
"[0, 0, 1, 1, 1, 0, 0, 0, 1, 1, 0, 1, 0, 1, 1, 0, 0, 1]",001110001101011001,"[""001110001101011001""]",1,0.000244140625,False,False,,,,4.031432874791938,0.13769097145194642,{},{}
"[0, 0, 1, 1, 1, 0, 0, 0, 1, 1, 1, 0, 1, 0, 1, 1, 1, 1]",001110001110101111,"[""001110001110101111""]",1,0.000244140625,False,False,,,,8.527792317525712,0.29983306223393985,{},{}
"[0, 0, 1, 1, 1, 0, 0, 1, 0, 0, 0, 0, 0, 0, 1, 0, 1, 1]",001110010000001011,"[""001110010000001011""]",1,0.000244140625,False,False,,,,3.600630203874882,0.12215590432339649,{},{}
"[0, 0, 1, 1, 1, 0, 0, 1, 0, 0, 0, 1, 0, 1, 0, 0, 0, 0]",001110010001010000,"[""001110010001010000""]",1,0.000244140625,False,False,,,,2.318098551151932,0.07590685188106103,{},{}
"[0, 0, 1, 1, 1, 0, 0, 1, 0, 0, 1, 1, 0, 1, 1, 0, 1, 1]",001110010011011011,"[""001110010011011011""]",1,0.000244140625,False,False,,,,5.4117367507289895,0.18746576352747713,{},{}
"[0, 0, 1, 1, 1, 0, 0, 1, 0, 0, 1, 1, 1, 0, 1, 0, 1, 1]",001110010011101011,"[""001110010011101011""]",1,0.000244140625,False,False,,,,5.302704595746084,0.18353398231724408,{},{}
"[0, 0, 1, 1, 1, 0, 0, 1, 1, 0, 1, 0, 0, 1, 1, 1, 1, 1]",001110011010011111,"[""001110011010011111""]",1,0.000244140625,False,False,,,,8.638530568610566,0.30382636654804573,{},{}
"[0, 0, 1, 1, 1, 0, 0, 1, 1, 1, 0, 0, 1, 0, 0, 1, 0, 1]",001110011100100101,"[""001110011100100101""]",1,0.000244140625,False,False,,,,4.056184459867454,0.13858353215698482,{},{}
"[0, 0, 1, 1, 1, 0, 0, 1, 1, 1, 0, 1, 0, 1, 0, 0, 1, 0]",001110011101010010,"[""001110011101010010""]",1,0.000244140625,False,False,,,,4.002186353734341,0.1366363199871838,{},{}
"[0, 0, 1, 1, 1, 0, 0, 1, 1, 1, 1, 0, 1, 1, 1, 1, 1, 0]",001110011110111110,"[""001110011110111110""]",1,0.000244140625,False,False,,,,9.816941906900023,0.3463207624309713,{},{}
"[0, 0, 1, 1, 1, 0, 0, 1, 1, 1, 1, 1, 0, 0, 0, 0, 0, 0]",001110011111000000,"[""001110011111000000""]",1,0.000244140625,False,False,,,,8.733585520077796,0.30725411932590346,{},{}
"[0, 0, 1, 1, 1, 0, 0, 1, 1, 1, 1, 1, 1, 0, 0, 1, 0, 1]",001110011111100101,"[""001110011111100101""]",1,0.000244140625,False,False,,,,8.521657008384384,0.2996118183889051,{},{}
"[0, 0, 1, 1, 1, 0, 1, 0, 0, 0, 0, 0, 1, 1, 0, 1, 0, 1]",001110100000110101,"[""001110100000110101""]",1,0.000244140625,False,False,,,,4.780167763721927,0.16469091259960525,{},{}
"[0, 0, 1, 1, 1, 0, 1, 0, 0, 0, 0, 1, 0, 1, 0, 1, 1, 0]",001110100001010110,"[""001110100001010110""]",1,0.000244140625,False,False,,,,2.7520354132507014,0.09155494029218095,{},{}
"[0, 0, 1, 1, 1, 0, 1, 0, 0, 0, 0, 1, 1, 1, 0, 1, 0, 1]",001110100001110101,"[""001110100001110101""]",1,0.000244140625,False,False,,,,4.013204048144143,0.13703362630353919,{},{}
"[0, 0, 1, 1, 1, 0, 1, 0, 0, 0, 0, 1, 1, 1, 1, 1, 1, 0]",001110100001111110,"[""001110100001111110""]",1,0.000244140625,False,False,,,,7.3117919282425685,0.25598317700541123,{},{}
"[0, 0, 1, 1, 1, 0, 1, 0, 0, 0, 1, 0, 1, 1, 1, 0, 0, 1]",001110100010111001,"[""001110100010111001""]",1,0.000244140625,False,False,,,,5.954621769112744,0.20704260409283998,{},{}
"[0, 0, 1, 1, 1, 0, 1, 0, 0, 0, 1, 1, 0, 1, 1, 1, 1, 0]",001110100011011110,"[""001110100011011110""]",1,0.000244140625,False,False,,,,5.282827402656391,0.18281719583976427,{},{}
"[0, 0, 1, 1, 1, 0, 1, 0, 0, 0, 1, 1, 1, 0, 1, 0, 0, 1]",001110100011101001,"[""001110100011101001""]",1,0.000244140625,False,False,,,,3.99871257371478,0.1365110528766554,{},{}
"[0, 0, 1, 1, 1, 0, 1, 0, 0, 1, 0, 0, 1, 0, 0, 0, 1, 0]",001110100100100010,"[""001110100100100010""]",1,0.000244140625,False,False,,,,1.51840995128159,0.04706948173552228,{},{}
"[0, 0, 1, 1, 1, 0, 1, 0, 0, 1, 0, 0, 1, 1, 1, 0, 1, 1]",001110100100111011,"[""001110100100111011""]",1,0.000244140625,False,False,,,,7.254640289213576,0.25392224607633396,{},{}
"[0, 0, 1, 1, 1, 0, 1, 0, 0, 1, 1, 0, 0, 1, 0, 0, 0, 1]",001110100110010001,"[""001110100110010001""]",1,0.000244140625,False,False,,,,2.69501062981836,0.0894985838709762,{},{}
"[0, 0, 1, 1, 1, 0, 1, 0, 0, 1, 1, 1, 0, 0, 0, 0, 1, 0]",001110100111000010,"[""001110100111000010""]",1,0.000244140625,False,False,,,,6.732134230091793,0.23508028605261397,{},{}
"[0, 0, 1, 1, 1, 0, 1, 0, 0, 1, 1, 1, 1, 1, 1, 0, 1, 0]",001110100111111010,"[""001110100111111010""]",1,0.000244140625,False,False,,,,10.518568802984658,0.37162195405698495,{},{}
"[0, 0, 1, 1, 1, 0, 1, 0, 1, 0, 0, 0, 1, 0, 0, 1, 1, 0]",001110101000100110,"[""001110101000100110""]",1,0.000244140625,False,False,,,,4.794416419805397,0.165204729814984,{},{}
"[0, 0, 1, 1, 1, 0, 1, 0, 1, 0, 1, 0, 1, 1, 0, 1, 0, 0]",001110101010110100,"[""001110101010110100""]",1,0.000244140625,False,False,,,,3.984929908144565,0.1360140396283674,{},{}
"[0, 0, 1, 1, 1, 0, 1, 0, 1, 0, 1, 1, 0, 1, 0, 0, 0, 0]",001110101011010000,"[""001110101011010000""]",1,0.000244140625,False,False,,,,4.715326629642865,0.162352692717019,{},{}
"[0, 0, 1, 1, 1, 0, 1, 0, 1, 1, 0, 0, 0, 0, 1, 0, 1, 1]",001110101100001011,"[""001110101100001011""]",1,0.000244140625,False,False,,,,4.025978177827825,0.13749427099202816,{},{}
"[0, 0, 1, 1, 1, 0, 1, 0, 1, 1, 0, 0, 1, 1, 1, 1, 0, 0]",001110101100111100,"[""001110101100111100""]",1,0.000244140625,False,False,,,,7.323240504438763,0.2563960212418585,{},{}
"[0, 0, 1, 1, 1, 0, 1, 1, 0, 0, 0, 1, 0, 1, 1, 0, 0, 0]",001110110001011000,"[""001110110001011000""]",1,0.000244140625,False,False,,,,4.805178785560833,0.1655928287887364,{},{}
"[0, 0, 1, 1, 1, 0, 1, 1, 0, 0, 1, 0, 0, 0, 0, 0, 1, 0]",001110110010000010,"[""001110110010000010""]",1,0.000244140625,False,False,,,,3.540203460865955,0.11997687069065457,{},{}
"[0, 0, 1, 1, 1, 0, 1, 1, 0, 0, 1, 0, 0, 0, 0, 1, 1, 0]",001110110010000110,"[""001110110010000110""]",1,0.000244140625,False,False,,,,4.779302923960198,0.1646597258297431,{},{}
"[0, 0, 1, 1, 1, 0, 1, 1, 0, 1, 0, 0, 0, 0, 0, 0, 1, 0]",001110110100000010,"[""001110110100000010""]",1,0.000244140625,False,False,,,,3.5064690842330863,0.11876038379094288,{},{}
"[0, 0, 1, 1, 1, 0, 1, 1, 0, 1, 0, 1, 1, 0, 1, 0, 0, 0]",001110110101101000,"[""001110110101101000""]",1,0.000244140625,False,False,,,,6.054039748308786,0.21062769091996567,{},{}
"[0, 0, 1, 1, 1, 0, 1, 1, 0, 1, 1, 0, 1, 0, 1, 0, 0, 0]",001110110110101000,"[""001110110110101000""]",1,0.000244140625,False,False,,,,5.998157113583805,0.20861252123699972,{},{}
"[0, 0, 1, 1, 1, 0, 1, 1, 0, 1, 1, 0, 1, 1, 0, 0, 0, 0]",001110110110110000,"[""001110110110110000""]",1,0.000244140625,False,False,,,,5.9864634203598035,0.20819083789685505,{},{}
"[0, 0, 1, 1, 1, 0, 1, 1, 1, 0, 0, 1, 1, 1, 1, 0, 0, 1]",001110111001111001,"[""001110111001111001""]",1,0.000244140625,False,False,,,,10.567493142678039,0.37338620240702125,{},{}
"[0, 0, 1, 1, 1, 0, 1, 1, 1, 1, 0, 1, 0, 1, 1, 1, 1, 1]",001110111101011111,"[""001110111101011111""]",1,0.000244140625,False,False,,,,13.136022043738969,0.4660092792664603,{},{}
"[0, 0, 1, 1, 1, 1, 0, 0, 0, 0, 0, 0, 1, 1, 0, 0, 0, 0]",001111000000110000,"[""001111000000110000""]",1,0.000244140625,False,False,,,,8.272671376632264,0.2906332099344131,{},{}
"[0, 0, 1, 1, 1, 1, 0, 0, 0, 0, 0, 1, 0, 0, 1, 0, 0, 1]",001111000001001001,"[""001111000001001001""]",1,0.000244140625,False,False,,,,5.683541261892997,0.1972672378725341,{},{}
"[0, 0, 1, 1, 1, 1, 0, 0, 0, 0, 0, 1, 0, 1, 1, 1, 1, 0]",001111000001011110,"[""001111000001011110""]",1,0.000244140625,False,False,,,,8.081721530681584,0.28374741540413445,{},{}
"[0, 0, 1, 1, 1, 1, 0, 0, 0, 0, 0, 1, 1, 1, 0, 0, 0, 0]",001111000001110000,"[""001111000001110000""]",1,0.000244140625,False,False,,,,7.496368991789644,0.26263916422687045,{},{}
"[0, 0, 1, 1, 1, 1, 0, 0, 0, 0, 1, 0, 0, 0, 0, 0, 0, 1]",001111000010000001,"[""001111000010000001""]",1,0.000244140625,False,False,,,,6.367240441865587,0.22192194262169218,{},{}
"[0, 0, 1, 1, 1, 1, 0, 0, 0, 0, 1, 0, 0, 1, 0, 1, 1, 1]",001111000010010111,"[""001111000010010111""]",1,0.000244140625,False,False,,,,10.107057590719615,0.35678255138318105,{},{}
"[0, 0, 1, 1, 1, 1, 0, 0, 0, 0, 1, 0, 1, 0, 1, 1, 0, 1]",001111000010101101,"[""001111000010101101""]",1,0.000244140625,False,False,,,,8.062258259887951,0.28304555527481684,{},{}
"[0, 0, 1, 1, 1, 1, 0, 0, 0, 1, 0, 0, 0, 0, 0, 1, 1, 0]",001111000100000110,"[""001111000100000110""]",1,0.000244140625,False,False,,,,7.547128363280291,0.2644695851985687,{},{}
"[0, 0, 1, 1, 1, 1, 0, 0, 0, 1, 0, 1, 1, 0, 1, 0, 0, 1]",001111000101101001,"[""001111000101101001""]",1,0.000244140625,False,False,,,,8.09259039404191,0.2841393547613215,{},{}
"[0, 0, 1, 1, 1, 1, 0, 0, 0, 1, 1, 0, 1, 0, 0, 0, 1, 0]",001111000110100010,"[""001111000110100010""]",1,0.000244140625,False,False,,,,6.7147315070192235,0.23445273081815723,{},{}
"[0, 0, 1, 1, 1, 1, 0, 0, 0, 1, 1, 1, 0, 1, 1, 0, 0, 0]",001111000111011000,"[""001111000111011000""]",1,0.000244140625,False,False,,,,11.997325919457012,0.42494704376062314,{},{}
"[0, 0, 1, 1, 1, 1, 0, 0, 1, 0, 0, 1, 1, 1, 0, 0, 1, 0]",001111001001110010,"[""001111001001110010""]",1,0.000244140625,False,False,,,,6.032517864642913,0.2098515956678855,{},{}
"[0, 0, 1, 1, 1, 1, 0, 0, 1, 0, 1, 1, 1, 1, 1, 1, 1, 1]",001111001011111111,"[""001111001011111111""]",1,0.000244140625,False,False,,,,15.183789984813586,0.5398533256846674,{},{}
"[0, 0, 1, 1, 1, 1, 0, 0, 1, 1, 0, 1, 0, 1, 0, 0, 0, 0]",001111001101010000,"[""001111001101010000""]",1,0.000244140625,False,False,,,,6.771180440414572,0.23648832165552375,{},{}
"[0, 0, 1, 1, 1, 1, 0, 0, 1, 1, 1, 0, 1, 1, 0, 0, 1, 1]",001111001110110011,"[""001111001110110011""]",1,0.000244140625,False,False,,,,8.603046036700277,0.30254676773757866,{},{}
"[0, 0, 1, 1, 1, 1, 0, 1, 0, 0, 0, 0, 0, 0, 1, 0, 1, 1]",001111010000001011,"[""001111010000001011""]",1,0.000244140625,False,False,,,,6.909914023714476,0.24149115862717113,{},{}
"[0, 0, 1, 1, 1, 1, 0, 1, 0, 0, 0, 1, 0, 1, 0, 1, 0, 0]",001111010001010100,"[""001111010001010100""]",1,0.000244140625,False,False,,,,4.783664440414716,0.16481700538132754,{},{}
"[0, 0, 1, 1, 1, 1, 0, 1, 0, 0, 0, 1, 1, 1, 1, 1, 0, 1]",001111010001111101,"[""001111010001111101""]",1,0.000244140625,False,False,,,,10.61295621367599,0.3750256348142525,{},{}
"[0, 0, 1, 1, 1, 1, 0, 1, 0, 0, 1, 1, 0, 1, 1, 0, 1, 1]",001111010011011011,"[""001111010011011011""]",1,0.000244140625,False,False,,,,8.730359239833419,0.30713777724272834,{},{}
"[0, 0, 1, 1, 1, 1, 0, 1, 0, 0, 1, 1, 0, 1, 1, 1, 0, 0]",001111010011011100,"[""001111010011011100""]",1,0.000244140625,False,False,,,,7.329239454569629,0.2566123478787975,{},{}
"[0, 0, 1, 1, 1, 1, 0, 1, 0, 1, 0, 0, 0, 0, 1, 0, 0, 1]",001111010100001001,"[""001111010100001001""]",1,0.000244140625,False,False,,,,4.838427451699715,0.16679180060407534,{},{}
"[0, 0, 1, 1, 1, 1, 0, 1, 0, 1, 0, 1, 1, 0, 1, 1, 1, 1]",001111010101101111,"[""001111010101101111""]",1,0.000244140625,False,False,,,,11.890294192685104,0.4210873994906684,{},{}
"[0, 0, 1, 1, 1, 1, 0, 1, 0, 1, 1, 0, 0, 1, 0, 1, 0, 0]",001111010110010100,"[""001111010110010100""]",1,0.000244140625,False,False,,,,6.015181832358503,0.20922644535322352,{},{}
"[0, 0, 1, 1, 1, 1, 0, 1, 0, 1, 1, 1, 0, 0, 1, 1, 1, 0]",001111010111001110,"[""001111010111001110""]",1,0.000244140625,False,False,,,,10.574456588793913,0.3736373094919097,{},{}
"[0, 0, 1, 1, 1, 1, 0, 1, 1, 0, 1, 0, 0, 0, 1, 1, 1, 1]",001111011010001111,"[""001111011010001111""]",1,0.000244140625,False,False,,,,10.709607111814664,0.3785109386249803,{},{}
"[0, 0, 1, 1, 1, 1, 0, 1, 1, 0, 1, 1, 1, 0, 0, 1, 1, 0]",001111011011100110,"[""001111011011100110""]",1,0.000244140625,False,False,,,,8.572449537247488,0.3014434350403001,{},{}
"[0, 0, 1, 1, 1, 1, 0, 1, 1, 1, 0, 1, 0, 1, 0, 1, 0, 0]",001111011101010100,"[""001111011101010100""]",1,0.000244140625,False,False,,,,7.286612517983608,0.2550751886036737,{},{}
"[0, 0, 1, 1, 1, 1, 0, 1, 1, 1, 1, 0, 0, 0, 1, 1, 1, 1]",001111011110001111,"[""001111011110001111""]",1,0.000244140625,False,False,,,,11.934140858452784,0.422668543114068,{},{}
"[0, 0, 1, 1, 1, 1, 0, 1, 1, 1, 1, 0, 1, 0, 1, 0, 1, 1]",001111011110101011,"[""001111011110101011""]",1,0.000244140625,False,False,,,,9.891988279188721,0.34902699085053357,{},{}
"[0, 0, 1, 1, 1, 1, 0, 1, 1, 1, 1, 1, 1, 0, 1, 1, 1, 1]",001111011111101111,"[""001111011111101111""]",1,0.000244140625,False,False,,,,16.479114348695425,0.5865636928774114,{},{}
"[0, 0, 1, 1, 1, 1, 1, 0, 0, 0, 0, 0, 0, 1, 0, 1, 0, 0]",001111100000010100,"[""001111100000010100""]",1,0.000244140625,False,False,,,,5.531032000302736,0.19176763961914622,{},{}
"[0, 0, 1, 1, 1, 1, 1, 0, 0, 0, 0, 0, 0, 1, 1, 1, 1, 0]",001111100000011110,"[""001111100000011110""]",1,0.000244140625,False,False,,,,8.041200741638287,0.2822862053876102,{},{}
"[0, 0, 1, 1, 1, 1, 1, 0, 0, 0, 1, 0, 1, 1, 1, 0, 0, 0]",001111100010111000,"[""001111100010111000""]",1,0.000244140625,False,False,,,,9.966143799678552,0.35170109448668274,{},{}
"[0, 0, 1, 1, 1, 1, 1, 0, 0, 0, 1, 0, 1, 1, 1, 1, 0, 0]",001111100010111100,"[""001111100010111100""]",1,0.000244140625,False,False,,,,9.26249780950745,0.3263270928149343,{},{}
"[0, 0, 1, 1, 1, 1, 1, 0, 0, 1, 0, 0, 0, 1, 1, 0, 1, 0]",001111100100011010,"[""001111100100011010""]",1,0.000244140625,False,False,,,,6.006945678716724,0.20892944348126732,{},{}
"[0, 0, 1, 1, 1, 1, 1, 0, 0, 1, 0, 0, 1, 1, 1, 0, 0, 0]",001111100100111000,"[""001111100100111000""]",1,0.000244140625,False,False,,,,10.017045870660553,0.3535366613089689,{},{}
"[0, 0, 1, 1, 1, 1, 1, 0, 1, 0, 0, 0, 1, 1, 0, 0, 1, 0]",001111101000110010,"[""001111101000110010""]",1,0.000244140625,False,False,,,,8.044426208882783,0.2824025181534004,{},{}
"[0, 0, 1, 1, 1, 1, 1, 0, 1, 1, 0, 0, 1, 0, 1, 1, 1, 0]",001111101100101110,"[""001111101100101110""]",1,0.000244140625,False,False,,,,8.65539826597839,0.3044346283546761,{},{}
"[0, 0, 1, 1, 1, 1, 1, 0, 1, 1, 0, 1, 0, 1, 0, 1, 1, 0]",001111101101010110,"[""001111101101010110""]",1,0.000244140625,False,False,,,,8.57237535021156,0.30144075980019364,{},{}
"[0, 0, 1, 1, 1, 1, 1, 0, 1, 1, 1, 0, 0, 1, 1, 1, 1, 0]",001111101110011110,"[""001111101110011110""]",1,0.000244140625,False,False,,,,9.82418711006239,0.34658202988608655,{},{}
"[0, 0, 1, 1, 1, 1, 1, 1, 0, 0, 0, 0, 0, 1, 0, 1, 1, 0]",001111110000010110,"[""001111110000010110""]",1,0.000244140625,False,False,,,,8.060570736005287,0.2829847018990882,{},{}
"[0, 0, 1, 1, 1, 1, 1, 1, 0, 0, 0, 0, 1, 0, 0, 1, 0, 0]",001111110000100100,"[""001111110000100100""]",1,0.000244140625,False,False,,,,6.809411610051849,0.2378669662805763,{},{}
"[0, 0, 1, 1, 1, 1, 1, 1, 0, 0, 0, 0, 1, 1, 1, 1, 0, 1]",001111110000111101,"[""001111110000111101""]",1,0.000244140625,False,False,,,,12.625795657586904,0.4476101334516103,{},{}
"[0, 0, 1, 1, 1, 1, 1, 1, 0, 0, 0, 1, 1, 1, 1, 1, 0, 1]",001111110001111101,"[""001111110001111101""]",1,0.000244140625,False,False,,,,11.89042200737911,0.42109200858431023,{},{}
"[0, 0, 1, 1, 1, 1, 1, 1, 0, 0, 1, 1, 0, 0, 0, 1, 1, 0]",001111110011000110,"[""001111110011000110""]",1,0.000244140625,False,False,,,,9.290724714582828,0.3273449761633448,{},{}
"[0, 0, 1, 1, 1, 1, 1, 1, 0, 1, 0, 0, 1, 0, 1, 0, 1, 1]",001111110100101011,"[""001111110100101011""]",1,0.000244140625,False,False,,,,8.588531433224011,0.30202336025993215,{},{}
"[0, 0, 1, 1, 1, 1, 1, 1, 0, 1, 1, 0, 1, 0, 1, 0, 1, 0]",001111110110101010,"[""001111110110101010""]",1,0.000244140625,False,False,,,,8.529348420755769,0.29988917648245744,{},{}
"[0, 0, 1, 1, 1, 1, 1, 1, 1, 0, 1, 0, 0, 1, 0, 0, 1, 1]",001111111010010011,"[""001111111010010011""]",1,0.000244140625,False,False,,,,10.722813823709656,0.37898718255215785,{},{}
"[0, 0, 1, 1, 1, 1, 1, 1, 1, 0, 1, 0, 0, 1, 1, 1, 1, 0]",001111111010011110,"[""001111111010011110""]",1,0.000244140625,False,False,,,,11.895746629029988,0.4212840184309633,{},{}
"[0, 0, 1, 1, 1, 1, 1, 1, 1, 0, 1, 1, 0, 1, 1, 0, 0, 0]",001111111011011000,"[""001111111011011000""]",1,0.000244140625,False,False,,,,12.604160281803411,0.4468299455887252,{},{}
"[0, 0, 1, 1, 1, 1, 1, 1, 1, 1, 0, 0, 1, 1, 0, 1, 0, 0]",001111111100110100,"[""001111111100110100""]",1,0.000244140625,False,False,,,,10.638203370527354,0.375936066208877,{},{}
"[0, 0, 1, 1, 1, 1, 1, 1, 1, 1, 0, 1, 1, 0, 1, 0, 1, 1]",001111111101101011,"[""001111111101101011""]",1,0.000244140625,False,False,,,,13.205560891604502,0.4685169022283455,{},{}
"[0, 0, 1, 1, 1, 1, 1, 1, 1, 1, 0, 1, 1, 1, 1, 1, 1, 1]",001111111101111111,"[""001111111101111111""]",1,0.000244140625,False,False,,,,19.830779443265932,0.7074272477057318,{},{}
"[0, 1, 0, 0, 0, 0, 0, 0, 0, 0, 0, 0, 0, 1, 0, 1, 1, 0]",010000000000010110,"[""010000000000010110""]",1,0.000244140625,False,False,,,,3.8493189031306962,0.13112380516956992,{},{}
"[0, 1, 0, 0, 0, 0, 0, 0, 0, 0, 0, 0, 0, 1, 1, 1, 1, 0]",010000000000011110,"[""010000000000011110""]",1,0.000244140625,False,False,,,,5.05145687391373,0.17447380119939684,{},{}
"[0, 1, 0, 0, 0, 0, 0, 0, 0, 0, 0, 0, 1, 0, 1, 0, 1, 0]",010000000000101010,"[""010000000000101010""]",1,0.000244140625,False,False,,,,3.8060049350668326,0.1295618710245387,{},{}
"[0, 1, 0, 0, 0, 0, 0, 0, 0, 0, 0, 1, 0, 1, 1, 0, 0, 1]",010000000001011001,"[""010000000001011001""]",1,0.000244140625,False,False,,,,3.112388019154552,0.10454952528569422,{},{}
"[0, 1, 0, 0, 0, 0, 0, 0, 0, 0, 0, 1, 1, 1, 1, 0, 1, 1]",010000000001111011,"[""010000000001111011""]",1,0.000244140625,False,False,,,,7.491218467907628,0.26245343247622005,{},{}
"[0, 1, 0, 0, 0, 0, 0, 0, 0, 0, 1, 0, 1, 0, 0, 0, 1, 1]",010000000010100011,"[""010000000010100011""]",1,0.000244140625,False,False,,,,3.0460137917067347,0.10215602090743098,{},{}
"[0, 1, 0, 0, 0, 0, 0, 0, 0, 0, 1, 1, 0, 1, 0, 0, 1, 1]",010000000011010011,"[""010000000011010011""]",1,0.000244140625,False,False,,,,4.367367216861677,0.1498050155541554,{},{}
"[0, 1, 0, 0, 0, 0, 0, 0, 0, 0, 1, 1, 0, 1, 1, 1, 1, 1]",010000000011011111,"[""010000000011011111""]",1,0.000244140625,False,False,,,,8.74782812996318,0.3077677185108486,{},{}
"[0, 1, 0, 0, 0, 0, 0, 0, 0, 0, 1, 1, 1, 0, 1, 0, 0, 0]",010000000011101000,"[""010000000011101000""]",1,0.000244140625,False,False,,,,4.991033575839186,0.1722948917935702,{},{}
"[0, 1, 0, 0, 0, 0, 0, 0, 0, 0, 1, 1, 1, 1, 0, 0, 0, 0]",010000000011110000,"[""010000000011110000""]",1,0.000244140625,False,False,,,,4.977841084876331,0.17181916068386172,{},{}
"[0, 1, 0, 0, 0, 0, 0, 0, 0, 1, 0, 0, 0, 0, 1, 1, 0, 0]",010000000100001100,"[""010000000100001100""]",1,0.000244140625,False,False,,,,1.7813723021046264,0.05655210115294853,{},{}
"[0, 1, 0, 0, 0, 0, 0, 0, 0, 1, 1, 0, 0, 1, 0, 1, 1, 1]",010000000110010111,"[""010000000110010111""]",1,0.000244140625,False,False,,,,7.491033153053529,0.2624467498837184,{},{}
"[0, 1, 0, 0, 0, 0, 0, 0, 0, 1, 1, 1, 0, 1, 0, 0, 1, 0]",010000000111010010,"[""010000000111010010""]",1,0.000244140625,False,False,,,,6.256792595733484,0.21793911052779294,{},{}
"[0, 1, 0, 0, 0, 0, 0, 0, 0, 1, 1, 1, 1, 0, 0, 0, 1, 0]",010000000111100010,"[""010000000111100010""]",1,0.000244140625,False,False,,,,6.168256833224067,0.2147464445888068,{},{}
"[0, 1, 0, 0, 0, 0, 0, 0, 0, 1, 1, 1, 1, 1, 1, 1, 1, 0]",010000000111111110,"[""010000000111111110""]",1,0.000244140625,False,False,,,,11.871227559166215,0.420399842398692,{},{}
"[0, 1, 0, 0, 0, 0, 0, 0, 1, 0, 0, 0, 1, 1, 0, 0, 1, 1]",010000001000110011,"[""010000001000110011""]",1,0.000244140625,False,False,,,,4.340194330592142,0.1488251409136963,{},{}
"[0, 1, 0, 0, 0, 0, 0, 0, 1, 0, 0, 1, 1, 1, 1, 0, 0, 1]",010000001001111001,"[""010000001001111001""]",1,0.000244140625,False,False,,,,5.509707702802038,0.19099866947224037,{},{}
"[0, 1, 0, 0, 0, 0, 0, 0, 1, 0, 1, 1, 0, 0, 1, 0, 1, 1]",010000001011001011,"[""010000001011001011""]",1,0.000244140625,False,False,,,,3.6025352974144544,0.12222460342398568,{},{}
"[0, 1, 0, 0, 0, 0, 0, 0, 1, 0, 1, 1, 1, 0, 1, 0, 1, 1]",010000001011101011,"[""010000001011101011""]",1,0.000244140625,False,False,,,,4.741587966313536,0.16329969619588755,{},{}
"[0, 1, 0, 0, 0, 0, 0, 0, 1, 0, 1, 1, 1, 1, 1, 0, 1, 1]",010000001011111011,"[""010000001011111011""]",1,0.000244140625,False,False,,,,7.999856089584524,0.2807952862535795,{},{}
"[0, 1, 0, 0, 0, 0, 0, 0, 1, 1, 1, 1, 1, 0, 1, 0, 1, 0]",010000001111101010,"[""010000001111101010""]",1,0.000244140625,False,False,,,,6.6336770292533265,0.23152984561300677,{},{}
"[0, 1, 0, 0, 0, 0, 0, 0, 1, 1, 1, 1, 1, 1, 0, 0, 0, 0]",010000001111110000,"[""010000001111110000""]",1,0.000244140625,False,False,,,,7.3792656055141395,0.2584163283681747,{},{}
"[0, 1, 0, 0, 0, 0, 0, 1, 0, 0, 0, 0, 1, 1, 1, 1, 1, 1]",010000010000111111,"[""010000010000111111""]",1,0.000244140625,False,False,,,,10.75625402178412,0.38019306115261536,{},{}
"[0, 1, 0, 0, 0, 0, 0, 1, 0, 0, 1, 1, 0, 1, 0, 1, 1, 0]",010000010011010110,"[""010000010011010110""]",1,0.000244140625,False,False,,,,3.5787333546669746,0.12136628753289597,{},{}
"[0, 1, 0, 0, 0, 0, 0, 1, 0, 1, 0, 0, 1, 1, 0, 0, 1, 0]",010000010100110010,"[""010000010100110010""]",1,0.000244140625,False,False,,,,2.2637773346320853,0.07394798810859667,{},{}
"[0, 1, 0, 0, 0, 0, 0, 1, 0, 1, 0, 1, 1, 0, 1, 0, 0, 0]",010000010101101000,"[""010000010101101000""]",1,0.000244140625,False,False,,,,4.198606243816881,0.1437193684077498,{},{}
"[0, 1, 0, 0, 0, 0, 0, 1, 0, 1, 1, 0, 0, 0, 0, 1, 0, 1]",010000010110000101,"[""010000010110000101""]",1,0.000244140625,False,False,,,,4.251042846129873,0.14561027157970863,{},{}
"[0, 1, 0, 0, 0, 0, 0, 1, 0, 1, 1, 0, 1, 0, 1, 0, 1, 0]",010000010110101010,"[""010000010110101010""]",1,0.000244140625,False,False,,,,3.448679119807787,0.1166764343697556,{},{}
"[0, 1, 0, 0, 0, 0, 0, 1, 0, 1, 1, 1, 0, 0, 1, 1, 1, 1]",010000010111001111,"[""010000010111001111""]",1,0.000244140625,False,False,,,,9.95406853380014,0.35126565135069454,{},{}
"[0, 1, 0, 0, 0, 0, 0, 1, 0, 1, 1, 1, 1, 1, 0, 0, 1, 1]",010000010111110011,"[""010000010111110011""]",1,0.000244140625,False,False,,,,7.971735458876752,0.2797812352385,{},{}
"[0, 1, 0, 0, 0, 0, 0, 1, 1, 0, 0, 1, 1, 1, 0, 1, 0, 1]",010000011001110101,"[""010000011001110101""]",1,0.000244140625,False,False,,,,4.72583053615433,0.16273147145676137,{},{}
"[0, 1, 0, 0, 0, 0, 0, 1, 1, 0, 1, 0, 0, 0, 0, 0, 1, 1]",010000011010000011,"[""010000011010000011""]",1,0.000244140625,False,False,,,,4.480843371815612,0.15389705073338605,{},{}
"[0, 1, 0, 0, 0, 0, 0, 1, 1, 0, 1, 0, 1, 1, 0, 1, 1, 0]",010000011010110110,"[""010000011010110110""]",1,0.000244140625,False,False,,,,4.7988589724349255,0.16536493159176252,{},{}
"[0, 1, 0, 0, 0, 0, 0, 1, 1, 1, 0, 0, 1, 0, 1, 1, 1, 1]",010000011100101111,"[""010000011100101111""]",1,0.000244140625,False,False,,,,7.965603314894227,0.27956010553146343,{},{}
"[0, 1, 0, 0, 0, 0, 0, 1, 1, 1, 0, 1, 0, 1, 1, 0, 0, 1]",010000011101011001,"[""010000011101011001""]",1,0.000244140625,False,False,,,,4.780704850574046,0.16471028035395036,{},{}
"[0, 1, 0, 0, 0, 0, 0, 1, 1, 1, 1, 0, 0, 0, 0, 1, 1, 1]",010000011110000111,"[""010000011110000111""]",1,0.000244140625,False,False,,,,8.797308609525665,0.3095520216812996,{},{}
"[0, 1, 0, 0, 0, 0, 0, 1, 1, 1, 1, 0, 0, 0, 1, 1, 0, 1]",010000011110001101,"[""010000011110001101""]",1,0.000244140625,False,False,,,,4.7337280524968275,0.16301626181395287,{},{}
"[0, 1, 0, 0, 0, 0, 0, 1, 1, 1, 1, 1, 1, 1, 0, 1, 0, 1]",010000011111110101,"[""010000011111110101""]",1,0.000244140625,False,False,,,,9.18205755119127,0.3234263568233965,{},{}
"[0, 1, 0, 0, 0, 0, 1, 0, 0, 0, 0, 1, 0, 1, 1, 1, 1, 0]",010000100001011110,"[""010000100001011110""]",1,0.000244140625,False,False,,,,3.4578229503608746,0.11700616775128714,{},{}
"[0, 1, 0, 0, 0, 0, 1, 0, 0, 0, 1, 0, 0, 0, 0, 1, 1, 0]",010000100010000110,"[""010000100010000110""]",1,0.000244140625,False,False,,,,3.0111771212376435,0.10089978446599837,{},{}
"[0, 1, 0, 0, 0, 0, 1, 0, 0, 1, 0, 0, 0, 1, 0, 1, 1, 1]",010000100100010111,"[""010000100100010111""]",1,0.000244140625,False,False,,,,5.493235674245535,0.1904046757794345,{},{}
"[0, 1, 0, 0, 0, 0, 1, 0, 0, 1, 0, 1, 0, 0, 1, 0, 1, 0]",010000100101001010,"[""010000100101001010""]",1,0.000244140625,False,False,,,,2.2217096807788113,0.07243099698790549,{},{}
"[0, 1, 0, 0, 0, 0, 1, 0, 0, 1, 0, 1, 0, 0, 1, 1, 1, 1]",010000100101001111,"[""010000100101001111""]",1,0.000244140625,False,False,,,,6.6927711033064305,0.23366082220458698,{},{}
"[0, 1, 0, 0, 0, 0, 1, 0, 0, 1, 0, 1, 1, 0, 0, 1, 1, 1]",010000100101100111,"[""010000100101100111""]",1,0.000244140625,False,False,,,,6.706358989311518,0.23415081155580145,{},{}
"[0, 1, 0, 0, 0, 0, 1, 0, 0, 1, 0, 1, 1, 1, 0, 1, 0, 1]",010000100101110101,"[""010000100101110101""]",1,0.000244140625,False,False,,,,4.685675601725355,0.16128345443177697,{},{}
"[0, 1, 0, 0, 0, 0, 1, 0, 0, 1, 1, 1, 0, 1, 1, 0, 0, 1]",010000100111011001,"[""010000100111011001""]",1,0.000244140625,False,False,,,,6.651070636958082,0.23215707214046966,{},{}
"[0, 1, 0, 0, 0, 0, 1, 0, 1, 0, 0, 0, 0, 0, 1, 1, 1, 1]",010000101000001111,"[""010000101000001111""]",1,0.000244140625,False,False,,,,7.5136154031768685,0.2632610827448239,{},{}
"[0, 1, 0, 0, 0, 0, 1, 0, 1, 0, 0, 0, 1, 0, 0, 1, 0, 0]",010000101000100100,"[""010000101000100100""]",1,0.000244140625,False,False,,,,3.054881526514661,0.10247579806950394,{},{}
"[0, 1, 0, 0, 0, 0, 1, 0, 1, 0, 0, 0, 1, 1, 1, 0, 1, 0]",010000101000111010,"[""010000101000111010""]",1,0.000244140625,False,False,,,,7.466063628103194,0.26154633010348416,{},{}
"[0, 1, 0, 0, 0, 0, 1, 0, 1, 0, 0, 1, 0, 1, 0, 1, 1, 0]",010000101001010110,"[""010000101001010110""]",1,0.000244140625,False,False,,,,3.456507650545258,0.11695873705433654,{},{}
"[0, 1, 0, 0, 0, 0, 1, 0, 1, 0, 1, 1, 0, 0, 1, 0, 0, 1]",010000101011001001,"[""010000101011001001""]",1,0.000244140625,False,False,,,,3.5186694254985413,0.11920033723911115,{},{}
"[0, 1, 0, 0, 0, 0, 1, 0, 1, 0, 1, 1, 1, 0, 0, 0, 0, 0]",010000101011100000,"[""010000101011100000""]",1,0.000244140625,False,False,,,,4.215506026062024,0.14432878721909861,{},{}
"[0, 1, 0, 0, 0, 0, 1, 0, 1, 1, 0, 1, 1, 0, 0, 1, 1, 0]",010000101101100110,"[""010000101101100110""]",1,0.000244140625,False,False,,,,4.699924257808823,0.16179727164715568,{},{}
"[0, 1, 0, 0, 0, 0, 1, 0, 1, 1, 0, 1, 1, 0, 1, 1, 1, 1]",010000101101101111,"[""010000101101101111""]",1,0.000244140625,False,False,,,,9.219193108126126,0.3247654928334194,{},{}
"[0, 1, 0, 0, 0, 0, 1, 0, 1, 1, 1, 0, 0, 0, 0, 1, 0, 1]",010000101110000101,"[""010000101110000101""]",1,0.000244140625,False,False,,,,5.504547969258617,0.19081260561429855,{},{}
"[0, 1, 0, 0, 0, 0, 1, 0, 1, 1, 1, 0, 1, 1, 0, 0, 1, 1]",010000101110110011,"[""010000101110110011""]",1,0.000244140625,False,False,,,,5.982000937493884,0.20802991742081786,{},{}
"[0, 1, 0, 0, 0, 0, 1, 0, 1, 1, 1, 0, 1, 1, 0, 1, 0, 1]",010000101110110101,"[""010000101110110101""]",1,0.000244140625,False,False,,,,5.973840589529234,0.20773564915838277,{},{}
"[0, 1, 0, 0, 0, 0, 1, 0, 1, 1, 1, 0, 1, 1, 1, 1, 0, 0]",010000101110111100,"[""010000101110111100""]",1,0.000244140625,False,False,,,,7.898335262490489,0.27713436915551587,{},{}
"[0, 1, 0, 0, 0, 0, 1, 0, 1, 1, 1, 1, 1, 0, 0, 1, 1, 1]",010000101111100111,"[""010000101111100111""]",1,0.000244140625,False,False,,,,11.204559464240932,0.3963592913383185,{},{}
"[0, 1, 0, 0, 0, 0, 1, 1, 0, 0, 0, 0, 0, 0, 0, 0, 0, 1]",010000110000000001,"[""010000110000000001""]",1,0.000244140625,False,False,,,,3.8716865555646773,0.13193039947719173,{},{}
"[0, 1, 0, 0, 0, 0, 1, 1, 0, 0, 0, 0, 0, 1, 1, 0, 0, 0]",010000110000011000,"[""010000110000011000""]",1,0.000244140625,False,False,,,,5.0767519918671615,0.1753859621073008,{},{}
"[0, 1, 0, 0, 0, 0, 1, 1, 0, 0, 0, 1, 1, 1, 0, 0, 1, 1]",010000110001110011,"[""010000110001110011""]",1,0.000244140625,False,False,,,,4.734243307659938,0.16303484230123308,{},{}
"[0, 1, 0, 0, 0, 0, 1, 1, 0, 0, 1, 0, 0, 0, 1, 0, 1, 0]",010000110010001010,"[""010000110010001010""]",1,0.000244140625,False,False,,,,2.309439301386704,0.07559459284585278,{},{}
"[0, 1, 0, 0, 0, 0, 1, 1, 0, 0, 1, 1, 0, 0, 0, 0, 1, 0]",010000110011000010,"[""010000110011000010""]",1,0.000244140625,False,False,,,,4.315895664806863,0.14794891281765188,{},{}
"[0, 1, 0, 0, 0, 0, 1, 1, 0, 0, 1, 1, 0, 0, 0, 1, 0, 1]",010000110011000101,"[""010000110011000101""]",1,0.000244140625,False,False,,,,5.456086496445457,0.1890650485908051,{},{}
"[0, 1, 0, 0, 0, 0, 1, 1, 0, 0, 1, 1, 0, 1, 1, 1, 0, 1]",010000110011011101,"[""010000110011011101""]",1,0.000244140625,False,False,,,,5.954968164276195,0.20705509536199987,{},{}
"[0, 1, 0, 0, 0, 0, 1, 1, 0, 0, 1, 1, 1, 0, 1, 0, 0, 0]",010000110011101000,"[""010000110011101000""]",1,0.000244140625,False,False,,,,5.451184373051479,0.18888827434788832,{},{}
"[0, 1, 0, 0, 0, 0, 1, 1, 0, 1, 0, 1, 0, 0, 1, 1, 0, 0]",010000110101001100,"[""010000110101001100""]",1,0.000244140625,False,False,,,,3.458859579986777,0.11704354939237947,{},{}
"[0, 1, 0, 0, 0, 0, 1, 1, 0, 1, 1, 0, 0, 1, 0, 1, 1, 0]",010000110110010110,"[""010000110110010110""]",1,0.000244140625,False,False,,,,4.77376717081618,0.1644601024232393,{},{}
"[0, 1, 0, 0, 0, 0, 1, 1, 0, 1, 1, 0, 1, 0, 0, 1, 1, 1]",010000110110100111,"[""010000110110100111""]",1,0.000244140625,False,False,,,,7.9836192059280275,0.28020977206207004,{},{}
"[0, 1, 0, 0, 0, 0, 1, 1, 0, 1, 1, 1, 0, 0, 1, 1, 1, 0]",010000110111001110,"[""010000110111001110""]",1,0.000244140625,False,False,,,,7.941219339208367,0.2786808010964784,{},{}
"[0, 1, 0, 0, 0, 0, 1, 1, 1, 0, 1, 1, 0, 1, 0, 0, 1, 1]",010000111011010011,"[""010000111011010011""]",1,0.000244140625,False,False,,,,8.12454327468793,0.2852915995808112,{},{}
"[0, 1, 0, 0, 0, 0, 1, 1, 1, 0, 1, 1, 1, 0, 1, 0, 0, 1]",010000111011101001,"[""010000111011101001""]",1,0.000244140625,False,False,,,,7.9756231117036815,0.27992142691259125,{},{}
"[0, 1, 0, 0, 0, 0, 1, 1, 1, 0, 1, 1, 1, 0, 1, 1, 1, 1]",010000111011101111,"[""010000111011101111""]",1,0.000244140625,False,False,,,,12.481453110545567,0.44240503304445716,{},{}
"[0, 1, 0, 0, 0, 0, 1, 1, 1, 1, 0, 1, 1, 1, 1, 1, 1, 0]",010000111101111110,"[""010000111101111110""]",1,0.000244140625,False,False,,,,12.460464404146736,0.44164816456415457,{},{}
"[0, 1, 0, 0, 0, 0, 1, 1, 1, 1, 1, 1, 1, 1, 1, 1, 0, 0]",010000111111111100,"[""010000111111111100""]",1,0.000244140625,False,False,,,,14.439781016560568,0.5130238047779152,{},{}
"[0, 1, 0, 0, 0, 1, 0, 0, 0, 0, 1, 0, 1, 1, 0, 0, 1, 1]",010001000010110011,"[""010001000010110011""]",1,0.000244140625,False,False,,,,3.6035064890913144,0.12225962532360063,{},{}
"[0, 1, 0, 0, 0, 1, 0, 0, 0, 1, 1, 1, 1, 0, 0, 1, 1, 0]",010001000111100110,"[""010001000111100110""]",1,0.000244140625,False,False,,,,6.647557660216609,0.23203039156677768,{},{}
"[0, 1, 0, 0, 0, 1, 0, 0, 1, 0, 1, 0, 0, 1, 0, 0, 0, 0]",010001001010010000,"[""010001001010010000""]",1,0.000244140625,False,False,,,,1.1891268235583878,0.03519528540663341,{},{}
"[0, 1, 0, 0, 0, 1, 0, 0, 1, 1, 0, 0, 0, 1, 0, 1, 0, 0]",010001001100010100,"[""010001001100010100""]",1,0.000244140625,True,False,"[1, 2, 2, 0, 1, 0]",0.3051750075302771,0.4437153989450383,0.3051750075302779,0.0033193205451151207,"{""degradation"": 0.26314736274590933, ""nominal"": 0.2983547669068829, ""surge"": 0.35402289293803907}","{""degradation"": 0.25923171997186284, ""nominal"": 0.21520057433901882, ""surge"": 0.4437153989450383}"
"[0, 1, 0, 0, 0, 1, 0, 0, 1, 1, 0, 0, 1, 0, 1, 0, 0, 1]",010001001100101001,"[""010001001100101001""]",1,0.000244140625,False,False,,,,1.600237712665698,0.05002025212739348,{},{}
"[0, 1, 0, 0, 0, 1, 0, 0, 1, 1, 1, 0, 0, 1, 1, 1, 1, 1]",010001001110011111,"[""010001001110011111""]",1,0.000244140625,False,False,,,,7.332577831428926,0.25673273224990456,{},{}
"[0, 1, 0, 0, 0, 1, 0, 0, 1, 1, 1, 1, 1, 0, 1, 1, 1, 1]",010001001111101111,"[""010001001111101111""]",1,0.000244140625,False,False,,,,10.508449796935023,0.3712570551163153,{},{}
"[0, 1, 0, 0, 0, 1, 0, 1, 0, 0, 0, 0, 0, 1, 1, 0, 1, 0]",010001010000011010,"[""010001010000011010""]",1,0.000244140625,False,False,,,,2.4426927218362073,0.08039981103863991,{},{}
"[0, 1, 0, 0, 0, 1, 0, 1, 0, 0, 0, 1, 0, 0, 1, 0, 1, 1]",010001010001001011,"[""010001010001001011""]",1,0.000244140625,False,False,,,,1.67455654437064,0.0527002448883343,{},{}
"[0, 1, 0, 0, 0, 1, 0, 1, 0, 0, 1, 1, 0, 0, 0, 1, 1, 1]",010001010011000111,"[""010001010011000111""]",1,0.000244140625,False,False,,,,6.848391558076797,0.23927261241537368,{},{}
"[0, 1, 0, 0, 0, 1, 0, 1, 0, 1, 0, 1, 1, 0, 0, 1, 1, 1]",010001010101100111,"[""010001010101100111""]",1,0.000244140625,False,False,,,,5.984280653423897,0.20811212568552384,{},{}
"[0, 1, 0, 0, 0, 1, 0, 1, 0, 1, 1, 0, 1, 0, 0, 1, 1, 0]",010001010110100110,"[""010001010110100110""]",1,0.000244140625,False,False,,,,2.7244008230949586,0.09055841626361455,{},{}
"[0, 1, 0, 0, 0, 1, 0, 1, 0, 1, 1, 0, 1, 1, 1, 0, 0, 1]",010001010110111001,"[""010001010110111001""]",1,0.000244140625,False,False,,,,5.992642629047482,0.20841366479242665,{},{}
"[0, 1, 0, 0, 0, 1, 0, 1, 0, 1, 1, 1, 1, 1, 0, 0, 1, 1]",010001010111110011,"[""010001010111110011""]",1,0.000244140625,False,False,,,,7.288196218597674,0.2551322980345383,{},{}
"[0, 1, 0, 0, 0, 1, 0, 1, 1, 0, 0, 0, 0, 1, 1, 1, 0, 1]",010001011000011101,"[""010001011000011101""]",1,0.000244140625,False,False,,,,4.94225307873454,0.17053583051506985,{},{}
"[0, 1, 0, 0, 0, 1, 0, 1, 1, 0, 0, 1, 0, 0, 0, 1, 1, 0]",010001011001000110,"[""010001011001000110""]",1,0.000244140625,False,False,,,,3.5854501124304132,0.12160849885094352,{},{}
"[0, 1, 0, 0, 0, 1, 0, 1, 1, 0, 1, 0, 0, 1, 0, 0, 1, 0]",010001011010010010,"[""010001011010010010""]",1,0.000244140625,False,False,,,,1.785941767605478,0.05671687950296714,{},{}
"[0, 1, 0, 0, 0, 1, 0, 1, 1, 1, 0, 1, 0, 1, 0, 1, 1, 1]",010001011101010111,"[""010001011101010111""]",1,0.000244140625,False,False,,,,7.379145120230321,0.2584119835785564,{},{}
"[0, 1, 0, 0, 0, 1, 1, 0, 0, 0, 0, 0, 0, 1, 1, 0, 1, 0]",010001100000011010,"[""010001100000011010""]",1,0.000244140625,False,False,,,,2.300225581122068,0.07526233918895202,{},{}
"[0, 1, 0, 0, 0, 1, 1, 0, 0, 0, 1, 0, 0, 1, 0, 1, 1, 0]",010001100010010110,"[""010001100010010110""]",1,0.000244140625,False,False,,,,1.5140789559555494,0.04691330279870127,{},{}
"[0, 1, 0, 0, 0, 1, 1, 0, 0, 0, 1, 0, 0, 1, 1, 1, 0, 1]",010001100010011101,"[""010001100010011101""]",1,0.000244140625,False,False,,,,2.74004241565304,0.09112246381204306,{},{}
"[0, 1, 0, 0, 0, 1, 1, 0, 0, 0, 1, 1, 0, 0, 1, 1, 1, 0]",010001100011001110,"[""010001100011001110""]",1,0.000244140625,False,False,,,,2.690235686698281,0.08932639584403679,{},{}
"[0, 1, 0, 0, 0, 1, 1, 0, 0, 0, 1, 1, 0, 1, 1, 1, 0, 0]",010001100011011100,"[""010001100011011100""]",1,0.000244140625,False,False,,,,2.669552299112116,0.08858053738890488,{},{}
"[0, 1, 0, 0, 0, 1, 1, 0, 0, 0, 1, 1, 1, 1, 0, 0, 0, 0]",010001100011110000,"[""010001100011110000""]",1,0.000244140625,False,False,,,,3.41880538564486,0.1155991651304224,{},{}
"[0, 1, 0, 0, 0, 1, 1, 0, 0, 1, 0, 1, 1, 1, 1, 1, 0, 1]",010001100101111101,"[""010001100101111101""]",1,0.000244140625,False,False,,,,7.243761913941796,0.25352996371249226,{},{}
"[0, 1, 0, 0, 0, 1, 1, 0, 0, 1, 1, 0, 0, 1, 1, 0, 0, 1]",010001100110011001,"[""010001100110011001""]",1,0.000244140625,False,False,,,,2.7244646912611445,0.09056071939754583,{},{}
"[0, 1, 0, 0, 0, 1, 1, 0, 1, 0, 0, 1, 0, 1, 0, 0, 0, 0]",010001101001010000,"[""010001101001010000""]",1,0.000244140625,False,False,,,,2.328082310011674,0.07626687370671774,{},{}
"[0, 1, 0, 0, 0, 1, 1, 0, 1, 0, 1, 0, 1, 1, 1, 1, 0, 0]",010001101010111100,"[""010001101010111100""]",1,0.000244140625,False,False,,,,5.956008526135317,0.20709261159021877,{},{}
"[0, 1, 0, 0, 0, 1, 1, 0, 1, 0, 1, 1, 0, 1, 1, 1, 1, 0]",010001101011011110,"[""010001101011011110""]",1,0.000244140625,False,False,,,,5.237697963087216,0.1811897944318562,{},{}
"[0, 1, 0, 0, 0, 1, 1, 0, 1, 0, 1, 1, 1, 0, 1, 1, 0, 1]",010001101011101101,"[""010001101011101101""]",1,0.000244140625,False,False,,,,5.277742628559135,0.18263383507562084,{},{}
"[0, 1, 0, 0, 0, 1, 1, 0, 1, 0, 1, 1, 1, 1, 0, 1, 0, 0]",010001101011110100,"[""010001101011110100""]",1,0.000244140625,False,False,,,,3.9402134934503232,0.13440153220694318,{},{}
"[0, 1, 0, 0, 0, 1, 1, 0, 1, 1, 0, 1, 0, 1, 0, 0, 0, 1]",010001101101010001,"[""010001101101010001""]",1,0.000244140625,False,False,,,,2.8462730089332595,0.09495321860797058,{},{}
"[0, 1, 0, 0, 0, 1, 1, 0, 1, 1, 1, 0, 0, 1, 0, 1, 0, 0]",010001101110010100,"[""010001101110010100""]",1,0.000244140625,False,False,,,,2.7459730390097867,0.09133632653430772,{},{}
"[0, 1, 0, 0, 0, 1, 1, 0, 1, 1, 1, 0, 0, 1, 1, 1, 0, 0]",010001101110011100,"[""010001101110011100""]",1,0.000244140625,False,False,,,,3.9481110097928207,0.13468632256413468,{},{}
"[0, 1, 0, 0, 0, 1, 1, 0, 1, 1, 1, 0, 1, 1, 1, 0, 1, 1]",010001101110111011,"[""010001101110111011""]",1,0.000244140625,False,False,,,,8.546601262591208,0.30051132688719207,{},{}
"[0, 1, 0, 0, 0, 1, 1, 1, 0, 0, 0, 0, 0, 1, 0, 1, 1, 0]",010001110000010110,"[""010001110000010110""]",1,0.000244140625,False,False,,,,3.5678231846382706,0.12097285862629469,{},{}
"[0, 1, 0, 0, 0, 1, 1, 1, 0, 0, 0, 1, 0, 0, 1, 0, 0, 0]",010001110001001000,"[""010001110001001000""]",1,0.000244140625,False,False,,,,2.293220314655542,0.07500972403088163,{},{}
"[0, 1, 0, 0, 0, 1, 1, 1, 0, 0, 1, 0, 0, 0, 0, 1, 1, 0]",010001110010000110,"[""010001110010000110""]",1,0.000244140625,False,False,,,,3.539807176843765,0.11996258039186512,{},{}
"[0, 1, 0, 0, 0, 1, 1, 1, 0, 0, 1, 0, 1, 0, 0, 1, 0, 0]",010001110010100100,"[""010001110010100100""]",1,0.000244140625,False,False,,,,1.4785039042180048,0.04563043977543371,{},{}
"[0, 1, 0, 0, 0, 1, 1, 1, 0, 0, 1, 1, 1, 0, 1, 1, 0, 0]",010001110011101100,"[""010001110011101100""]",1,0.000244140625,False,False,,,,3.9158110640764017,0.13352156231813866,{},{}
"[0, 1, 0, 0, 0, 1, 1, 1, 0, 1, 0, 1, 0, 0, 0, 0, 0, 0]",010001110101000000,"[""010001110101000000""]",1,0.000244140625,False,False,,,,4.250464027433472,0.14558939894378764,{},{}
"[0, 1, 0, 0, 0, 1, 1, 1, 0, 1, 0, 1, 0, 1, 0, 0, 1, 0]",010001110101010010,"[""010001110101010010""]",1,0.000244140625,False,False,,,,2.7622809473719068,0.09192440192992325,{},{}
"[0, 1, 0, 0, 0, 1, 1, 1, 1, 0, 0, 0, 0, 0, 0, 0, 1, 0]",010001111000000010,"[""010001111000000010""]",1,0.000244140625,False,False,,,,6.408286205321978,0.22340208360893407,{},{}
"[0, 1, 0, 0, 0, 1, 1, 1, 1, 0, 1, 0, 0, 1, 0, 1, 0, 0]",010001111010010100,"[""010001111010010100""]",1,0.000244140625,False,False,,,,4.827715857366386,0.16640553248584888,{},{}
"[0, 1, 0, 0, 0, 1, 1, 1, 1, 0, 1, 0, 0, 1, 1, 0, 0, 1]",010001111010011001,"[""010001111010011001""]",1,0.000244140625,False,False,,,,6.172774700922358,0.21490936228340105,{},{}
"[0, 1, 0, 0, 0, 1, 1, 1, 1, 0, 1, 1, 0, 0, 0, 0, 0, 0]",010001111011000000,"[""010001111011000000""]",1,0.000244140625,False,False,,,,7.580402119254012,0.26566946177215267,{},{}
"[0, 1, 0, 0, 0, 1, 1, 1, 1, 1, 0, 1, 0, 0, 1, 1, 0, 1]",010001111101001101,"[""010001111101001101""]",1,0.000244140625,False,False,,,,7.33353969784376,0.2567674178735831,{},{}
"[0, 1, 0, 0, 0, 1, 1, 1, 1, 1, 0, 1, 0, 1, 0, 1, 0, 0]",010001111101010100,"[""010001111101010100""]",1,0.000244140625,False,False,,,,6.000013765296999,0.20867947348903054,{},{}
"[0, 1, 0, 0, 0, 1, 1, 1, 1, 1, 1, 0, 0, 1, 1, 1, 1, 0]",010001111110011110,"[""010001111110011110""]",1,0.000244140625,False,False,,,,8.554264623104746,0.3007876734097303,{},{}
"[0, 1, 0, 0, 0, 1, 1, 1, 1, 1, 1, 0, 1, 1, 0, 1, 1, 1]",010001111110110111,"[""010001111110110111""]",1,0.000244140625,False,False,,,,11.941015404233115,0.42291644438624065,{},{}
"[0, 1, 0, 0, 1, 0, 0, 0, 0, 0, 0, 0, 0, 0, 1, 0, 1, 0]",010010000000001010,"[""010010000000001010""]",1,0.000244140625,False,False,,,,1.93722883747859,0.062172404607204294,{},{}
"[0, 1, 0, 0, 1, 0, 0, 0, 0, 0, 0, 0, 1, 0, 0, 0, 0, 0]",010010000000100000,"[""010010000000100000""]",1,0.000244140625,False,False,,,,2.6245979414892413,0.08695944956717537,{},{}
"[0, 1, 0, 0, 1, 0, 0, 0, 0, 0, 1, 1, 1, 1, 0, 1, 1, 1]",010010000011110111,"[""010010000011110111""]",1,0.000244140625,False,False,,,,8.026109013250327,0.28174198635318837,{},{}
"[0, 1, 0, 0, 1, 0, 0, 0, 0, 1, 0, 0, 1, 0, 1, 1, 0, 0]",010010000100101100,"[""010010000100101100""]",1,0.000244140625,False,False,,,,2.199545323209485,0.07163173364543897,{},{}
"[0, 1, 0, 0, 1, 0, 0, 0, 1, 0, 0, 1, 1, 1, 1, 0, 1, 1]",010010001001111011,"[""010010001001111011""]",1,0.000244140625,False,False,,,,6.073718809719254,0.2113373326206257,{},{}
"[0, 1, 0, 0, 1, 0, 0, 0, 1, 0, 1, 0, 1, 1, 0, 0, 1, 0]",010010001010110010,"[""010010001010110010""]",1,0.000244140625,False,False,,,,1.6271821905829467,0.05099189019151491,{},{}
"[0, 1, 0, 0, 1, 0, 0, 0, 1, 1, 0, 1, 1, 0, 1, 0, 0, 0]",010010001101101000,"[""010010001101101000""]",1,0.000244140625,False,False,,,,3.428857250770781,0.11596164291907189,{},{}
"[0, 1, 0, 0, 1, 0, 0, 0, 1, 1, 1, 1, 1, 0, 0, 1, 1, 0]",010010001111100110,"[""010010001111100110""]",1,0.000244140625,False,False,,,,5.9322745808369834,0.2062367477380981,{},{}
"[0, 1, 0, 0, 1, 0, 0, 1, 0, 0, 1, 0, 0, 0, 0, 0, 0, 1]",010010010010000001,"[""010010010010000001""]",1,0.000244140625,False,False,,,,1.227461062266776,0.03657764677962343,{},{}
"[0, 1, 0, 0, 1, 0, 0, 1, 0, 0, 1, 0, 0, 0, 1, 0, 1, 0]",010010010010001010,"[""010010010010001010""]",1,0.000244140625,True,False,"[1, 1, 1, 1, 2, 1]",0.49319066316662746,1.2256830137898707,0.4931906631666286,0.010099305973969144,"{""degradation"": 0.2498280963921031, ""nominal"": 0.599572418235925, ""surge"": 0.6301714748718543}","{""degradation"": 0.19571435850132318, ""nominal"": 0.8257025675323848, ""surge"": 1.2256830137898707}"
"[0, 1, 0, 0, 1, 0, 0, 1, 0, 1, 0, 0, 1, 0, 0, 0, 0, 1]",010010010100100001,"[""010010010100100001""]",1,0.000244140625,True,False,"[1, 1, 1, 0, 0, 2]",0.26853041061000266,0.3262322666226997,0.26853041061000343,0.0019978889211112803,"{""degradation"": 0.2354144347592014, ""nominal"": 0.25764257933627227, ""surge"": 0.31253421773453427}","{""degradation"": 0.1269780083352016, ""nominal"": 0.13268591575425623, ""surge"": 0.3262322666226997}"
"[0, 1, 0, 0, 1, 0, 0, 1, 0, 1, 0, 1, 0, 0, 0, 1, 1, 0]",010010010101000110,"[""010010010101000110""]",1,0.000244140625,False,False,,,,3.5279001905059246,0.11953320554220759,{},{}
"[0, 1, 0, 0, 1, 0, 0, 1, 0, 1, 0, 1, 0, 0, 1, 1, 1, 0]",010010010101001110,"[""010010010101001110""]",1,0.000244140625,False,False,,,,2.763069379581286,0.09195283338619288,{},{}
"[0, 1, 0, 0, 1, 0, 0, 1, 0, 1, 0, 1, 0, 1, 0, 0, 1, 0]",010010010101010010,"[""010010010101010010""]",1,0.000244140625,False,False,,,,1.6401408484082074,0.0514591891030625,{},{}
"[0, 1, 0, 0, 1, 0, 0, 1, 0, 1, 0, 1, 0, 1, 0, 1, 0, 0]",010010010101010100,"[""010010010101010100""]",1,0.000244140625,False,False,,,,1.5072168029197597,0.04666584841818305,{},{}
"[0, 1, 0, 0, 1, 0, 0, 1, 0, 1, 1, 0, 1, 0, 0, 1, 1, 0]",010010010110100110,"[""010010010110100110""]",1,0.000244140625,False,False,,,,2.792134950032712,0.09300095963650444,{},{}
"[0, 1, 0, 0, 1, 0, 0, 1, 0, 1, 1, 1, 0, 0, 0, 1, 0, 1]",010010010111000101,"[""010010010111000101""]",1,0.000244140625,False,False,,,,6.74606427075986,0.23558261375736378,{},{}
"[0, 1, 0, 0, 1, 0, 0, 1, 0, 1, 1, 1, 1, 0, 1, 0, 1, 0]",010010010111101010,"[""010010010111101010""]",1,0.000244140625,False,False,,,,6.018467543372973,0.20934493055450173,{},{}
"[0, 1, 0, 0, 1, 0, 0, 1, 1, 0, 0, 1, 0, 1, 0, 1, 1, 1]",010010011001010111,"[""010010011001010111""]",1,0.000244140625,False,False,,,,6.176554429146461,0.21504566211544274,{},{}
"[0, 1, 0, 0, 1, 0, 0, 1, 1, 0, 0, 1, 1, 0, 0, 1, 0, 0]",010010011001100100,"[""010010011001100100""]",1,0.000244140625,False,False,,,,1.479811374282237,0.04567758812568228,{},{}
"[0, 1, 0, 0, 1, 0, 0, 1, 1, 1, 1, 0, 0, 1, 0, 1, 0, 1]",010010011110010101,"[""010010011110010101""]",1,0.000244140625,False,False,,,,4.114126762273998,0.1406729749999279,{},{}
"[0, 1, 0, 0, 1, 0, 0, 1, 1, 1, 1, 0, 1, 0, 1, 0, 0, 1]",010010011110101001,"[""010010011110101001""]",1,0.000244140625,False,False,,,,4.003136265609389,0.13667057452119974,{},{}
"[0, 1, 0, 0, 1, 0, 1, 0, 0, 0, 0, 1, 0, 1, 1, 0, 1, 0]",010010100001011010,"[""010010100001011010""]",1,0.000244140625,False,False,,,,1.5805220145990684,0.049309289281459126,{},{}
"[0, 1, 0, 0, 1, 0, 1, 0, 0, 0, 1, 0, 0, 0, 1, 0, 0, 1]",010010100010001001,"[""010010100010001001""]",1,0.000244140625,True,True,"[1, 1, 0, 1, 2, 2]",0.27467072507243706,0.2640619421599745,0.27467072507243784,0.002219313261775803,"{""degradation"": 0.24601089647842725, ""nominal"": 0.2874222502127334, ""surge"": 0.29057902852615064}","{""degradation"": 0.17751076828233375, ""nominal"": 0.19304276518358132, ""surge"": 0.2640619421599745}"
"[0, 1, 0, 0, 1, 0, 1, 0, 0, 0, 1, 0, 0, 1, 1, 0, 1, 1]",010010100010011011,"[""010010100010011011""]",1,0.000244140625,False,False,,,,2.8540552848300162,0.09523385330833502,{},{}
"[0, 1, 0, 0, 1, 0, 1, 0, 0, 0, 1, 1, 0, 0, 0, 1, 0, 0]",010010100011000100,"[""010010100011000100""]",1,0.000244140625,False,False,,,,2.233034061290349,0.07283936263489994,{},{}
"[0, 1, 0, 0, 1, 0, 1, 0, 0, 0, 1, 1, 1, 0, 1, 1, 0, 0]",010010100011101100,"[""010010100011101100""]",1,0.000244140625,False,False,,,,2.6740596584741603,0.08874307614501983,{},{}
"[0, 1, 0, 0, 1, 0, 1, 0, 0, 1, 0, 0, 1, 1, 0, 1, 0, 1]",010010100100110101,"[""010010100100110101""]",1,0.000244140625,False,False,,,,2.7523730493308216,0.09156711570223243,{},{}
"[0, 1, 0, 0, 1, 0, 1, 0, 0, 1, 0, 1, 0, 0, 0, 0, 1, 0]",010010100101000010,"[""010010100101000010""]",1,0.000244140625,False,False,,,,2.2740532486216227,0.0743185452671557,{},{}
"[0, 1, 0, 0, 1, 0, 1, 0, 0, 1, 0, 1, 0, 1, 1, 0, 1, 0]",010010100101011010,"[""010010100101011010""]",1,0.000244140625,False,False,,,,2.755698730845027,0.09168704226968238,{},{}
"[0, 1, 0, 0, 1, 0, 1, 0, 0, 1, 0, 1, 1, 1, 0, 0, 1, 1]",010010100101110011,"[""010010100101110011""]",1,0.000244140625,False,False,,,,3.9867930620925627,0.13608122635585762,{},{}
"[0, 1, 0, 0, 1, 0, 1, 0, 0, 1, 0, 1, 1, 1, 0, 1, 1, 0]",010010100101110110,"[""010010100101110110""]",1,0.000244140625,False,False,,,,3.9842643859303006,0.13599004039862228,{},{}
"[0, 1, 0, 0, 1, 0, 1, 0, 0, 1, 1, 0, 1, 0, 0, 1, 0, 0]",010010100110100100,"[""010010100110100100""]",1,0.000244140625,False,False,,,,1.4761709044313793,0.04554631005493089,{},{}
"[0, 1, 0, 0, 1, 0, 1, 0, 0, 1, 1, 0, 1, 0, 0, 1, 1, 1]",010010100110100111,"[""010010100110100111""]",1,0.000244140625,False,False,,,,6.011635213722533,0.20909855162760693,{},{}
"[0, 1, 0, 0, 1, 0, 1, 0, 0, 1, 1, 0, 1, 1, 0, 0, 1, 0]",010010100110110010,"[""010010100110110010""]",1,0.000244140625,False,False,,,,2.7768667849539552,0.09245037816280245,{},{}
"[0, 1, 0, 0, 1, 0, 1, 0, 0, 1, 1, 0, 1, 1, 1, 0, 0, 1]",010010100110111001,"[""010010100110111001""]",1,0.000244140625,False,False,,,,5.9208574811045604,0.20582503856652082,{},{}
"[0, 1, 0, 0, 1, 0, 1, 0, 0, 1, 1, 1, 1, 1, 0, 0, 1, 0]",010010100111110010,"[""010010100111110010""]",1,0.000244140625,False,False,,,,5.996240941344323,0.2085434226301901,{},{}
"[0, 1, 0, 0, 1, 0, 1, 0, 1, 0, 0, 0, 1, 0, 1, 1, 0, 0]",010010101000101100,"[""010010101000101100""]",1,0.000244140625,False,False,,,,3.4733393128561545,0.11756569940981183,{},{}
"[0, 1, 0, 0, 1, 0, 1, 0, 1, 0, 0, 0, 1, 1, 1, 0, 1, 0]",010010101000111010,"[""010010101000111010""]",1,0.000244140625,False,False,,,,6.762280947371908,0.23616739926770858,{},{}
"[0, 1, 0, 0, 1, 0, 1, 0, 1, 0, 0, 1, 1, 1, 0, 0, 1, 1]",010010101001110011,"[""010010101001110011""]",1,0.000244140625,False,False,,,,4.05070406738086,0.13838590509727136,{},{}
"[0, 1, 0, 0, 1, 0, 1, 0, 1, 0, 0, 1, 1, 1, 1, 1, 0, 0]",010010101001111100,"[""010010101001111100""]",1,0.000244140625,False,False,,,,5.934488402606071,0.20631657980998433,{},{}
"[0, 1, 0, 0, 1, 0, 1, 0, 1, 0, 1, 0, 1, 0, 0, 0, 0, 1]",010010101010100001,"[""010010101010100001""]",1,0.000244140625,False,False,,,,1.544051738804277,0.04799414380786502,{},{}
"[0, 1, 0, 0, 1, 0, 1, 0, 1, 0, 1, 1, 1, 1, 1, 1, 1, 0]",010010101011111110,"[""010010101011111110""]",1,0.000244140625,False,False,,,,8.496636776756317,0.2987095700878756,{},{}
"[0, 1, 0, 0, 1, 0, 1, 0, 1, 1, 0, 1, 0, 1, 0, 0, 0, 0]",010010101101010000,"[""010010101101010000""]",1,0.000244140625,False,False,,,,3.4764439281080284,0.11767765416218955,{},{}
"[0, 1, 0, 0, 1, 0, 1, 0, 1, 1, 0, 1, 1, 0, 1, 0, 0, 0]",010010101101101000,"[""010010101101101000""]",1,0.000244140625,False,False,,,,4.685033261197123,0.16126029115100107,{},{}
"[0, 1, 0, 0, 1, 0, 1, 0, 1, 1, 1, 0, 1, 0, 0, 0, 1, 1]",010010101110100011,"[""010010101110100011""]",1,0.000244140625,False,False,,,,4.037186319098942,0.137898444964911,{},{}
"[0, 1, 0, 0, 1, 0, 1, 1, 0, 0, 0, 0, 1, 1, 0, 0, 1, 1]",010010110000110011,"[""010010110000110011""]",1,0.000244140625,False,False,,,,4.877504393553901,0.16820094440903585,{},{}
"[0, 1, 0, 0, 1, 0, 1, 1, 0, 0, 0, 1, 1, 0, 0, 0, 0, 0]",010010110001100000,"[""010010110001100000""]",1,0.000244140625,False,False,,,,2.258419142112978,0.07375476767127942,{},{}
"[0, 1, 0, 0, 1, 0, 1, 1, 0, 0, 1, 0, 0, 1, 0, 0, 0, 0]",010010110010010000,"[""010010110010010000""]",1,0.000244140625,False,False,,,,2.42123717750733,0.07962610803276216,{},{}
"[0, 1, 0, 0, 1, 0, 1, 1, 0, 0, 1, 1, 1, 1, 0, 0, 0, 0]",010010110011110000,"[""010010110011110000""]",1,0.000244140625,False,False,,,,4.7920955011161634,0.16512103574790593,{},{}
"[0, 1, 0, 0, 1, 0, 1, 1, 0, 0, 1, 1, 1, 1, 0, 0, 1, 0]",010010110011110010,"[""010010110011110010""]",1,0.000244140625,False,False,,,,4.1337083300762405,0.14137910100802,{},{}
"[0, 1, 0, 0, 1, 0, 1, 1, 0, 1, 0, 0, 0, 0, 1, 0, 0, 0]",010010110100001000,"[""010010110100001000""]",1,0.000244140625,False,False,,,,2.258419142112978,0.07375476767127942,{},{}
"[0, 1, 0, 0, 1, 0, 1, 1, 0, 1, 1, 1, 1, 0, 0, 1, 1, 1]",010010110111100111,"[""010010110111100111""]",1,0.000244140625,False,False,,,,10.540494902652894,0.37241262564100325,{},{}
"[0, 1, 0, 0, 1, 0, 1, 1, 1, 0, 0, 1, 0, 1, 1, 1, 1, 1]",010010111001011111,"[""010010111001011111""]",1,0.000244140625,False,False,,,,10.620995759114114,0.3753155468470596,{},{}
"[0, 1, 0, 0, 1, 0, 1, 1, 1, 0, 0, 1, 1, 1, 1, 1, 1, 0]",010010111001111110,"[""010010111001111110""]",1,0.000244140625,False,False,,,,10.550650022323122,0.3727788268658927,{},{}
"[0, 1, 0, 0, 1, 0, 1, 1, 1, 0, 1, 0, 0, 1, 1, 0, 0, 0]",010010111010011000,"[""010010111010011000""]",1,0.000244140625,False,False,,,,6.878068105463285,0.24034277095178966,{},{}
"[0, 1, 0, 0, 1, 0, 1, 1, 1, 0, 1, 0, 1, 0, 0, 1, 0, 0]",010010111010100100,"[""010010111010100100""]",1,0.000244140625,False,False,,,,4.7828877567133015,0.16478899758505866,{},{}
"[0, 1, 0, 0, 1, 0, 1, 1, 1, 0, 1, 1, 0, 1, 1, 0, 1, 0]",010010111011011010,"[""010010111011011010""]",1,0.000244140625,False,False,,,,7.454850123498723,0.2611419627247817,{},{}
"[0, 1, 0, 0, 1, 0, 1, 1, 1, 1, 0, 0, 0, 0, 0, 1, 1, 0]",010010111100000110,"[""010010111100000110""]",1,0.000244140625,False,False,,,,6.795673627956969,0.23737156435189172,{},{}
"[0, 1, 0, 0, 1, 0, 1, 1, 1, 1, 1, 0, 1, 0, 1, 1, 0, 0]",010010111110101100,"[""010010111110101100""]",1,0.000244140625,False,False,,,,7.233782802576787,0.25317010947897817,{},{}
"[0, 1, 0, 0, 1, 0, 1, 1, 1, 1, 1, 1, 0, 0, 0, 0, 1, 0]",010010111111000010,"[""010010111111000010""]",1,0.000244140625,False,False,,,,10.081825725637906,0.35587267142122897,{},{}
"[0, 1, 0, 0, 1, 0, 1, 1, 1, 1, 1, 1, 1, 0, 0, 0, 0, 0]",010010111111100000,"[""010010111111100000""]",1,0.000244140625,False,False,,,,9.978786672369276,0.35215700594965027,{},{}
"[0, 1, 0, 0, 1, 1, 0, 0, 0, 0, 0, 1, 1, 1, 1, 0, 1, 1]",010011000001111011,"[""010011000001111011""]",1,0.000244140625,False,False,,,,8.124735614810444,0.2852985355097561,{},{}
"[0, 1, 0, 0, 1, 1, 0, 0, 0, 0, 1, 1, 0, 1, 0, 0, 0, 0]",010011000011010000,"[""010011000011010000""]",1,0.000244140625,False,False,,,,4.405493725103879,0.15117988601087518,{},{}
"[0, 1, 0, 0, 1, 1, 0, 0, 0, 1, 0, 1, 0, 0, 0, 1, 0, 1]",010011000101000101,"[""010011000101000101""]",1,0.000244140625,False,False,,,,5.565941896794789,0.19302651664583761,{},{}
"[0, 1, 0, 0, 1, 1, 0, 0, 0, 1, 0, 1, 0, 1, 0, 0, 0, 0]",010011000101010000,"[""010011000101010000""]",1,0.000244140625,False,False,,,,4.307408770119752,0.1476428690357121,{},{}
"[0, 1, 0, 0, 1, 1, 0, 0, 0, 1, 0, 1, 0, 1, 0, 1, 0, 1]",010011000101010101,"[""010011000101010101""]",1,0.000244140625,False,False,,,,4.809157983076678,0.16573632163290755,{},{}
"[0, 1, 0, 0, 1, 1, 0, 0, 0, 1, 0, 1, 1, 1, 1, 0, 0, 1]",010011000101111001,"[""010011000101111001""]",1,0.000244140625,False,False,,,,8.00073343996564,0.2808269241657514,{},{}
"[0, 1, 0, 0, 1, 1, 0, 0, 0, 1, 1, 0, 1, 1, 0, 1, 1, 1]",010011000110110111,"[""010011000110110111""]",1,0.000244140625,False,False,,,,9.363124075647791,0.32995575137468247,{},{}
"[0, 1, 0, 0, 1, 1, 0, 0, 0, 1, 1, 1, 0, 1, 0, 0, 1, 1]",010011000111010011,"[""010011000111010011""]",1,0.000244140625,False,False,,,,8.183113966228781,0.287403702606811,{},{}
"[0, 1, 0, 0, 1, 1, 0, 0, 0, 1, 1, 1, 1, 1, 1, 0, 0, 0]",010011000111111000,"[""010011000111111000""]",1,0.000244140625,False,False,,,,11.932211758232562,0.42259897831458554,{},{}
"[0, 1, 0, 0, 1, 1, 0, 0, 1, 0, 1, 1, 0, 1, 0, 0, 1, 1]",010011001011010011,"[""010011001011010011""]",1,0.000244140625,False,False,,,,4.349771059593809,0.14917048493766932,{},{}
"[0, 1, 0, 0, 1, 1, 0, 0, 1, 1, 1, 0, 1, 1, 0, 1, 1, 0]",010011001110110110,"[""010011001110110110""]",1,0.000244140625,False,False,,,,5.327261008158612,0.18441950494980552,{},{}
"[0, 1, 0, 0, 1, 1, 0, 0, 1, 1, 1, 0, 1, 1, 0, 1, 1, 1]",010011001110110111,"[""010011001110110111""]",1,0.000244140625,False,False,,,,8.686070023519234,0.3055406749150034,{},{}
"[0, 1, 0, 0, 1, 1, 0, 1, 0, 0, 0, 0, 0, 0, 1, 1, 0, 0]",010011010000001100,"[""010011010000001100""]",1,0.000244140625,False,False,,,,2.3467131141188373,0.07693871446352532,{},{}
"[0, 1, 0, 0, 1, 1, 0, 1, 0, 0, 0, 1, 1, 0, 0, 1, 1, 0]",010011010001100110,"[""010011010001100110""]",1,0.000244140625,False,False,,,,2.7825931476788455,0.09265687509362283,{},{}
"[0, 1, 0, 0, 1, 1, 0, 1, 0, 1, 1, 0, 0, 1, 1, 0, 0, 1]",010011010110011001,"[""010011010110011001""]",1,0.000244140625,False,False,,,,4.170471054346414,0.1427047923927781,{},{}
"[0, 1, 0, 0, 1, 1, 0, 1, 0, 1, 1, 0, 1, 1, 0, 0, 0, 0]",010011010110110000,"[""010011010110110000""]",1,0.000244140625,False,False,,,,4.815169953101333,0.16595311777697283,{},{}
"[0, 1, 0, 0, 1, 1, 0, 1, 0, 1, 1, 1, 1, 1, 0, 1, 0, 1]",010011010111110101,"[""010011010111110101""]",1,0.000244140625,False,False,,,,8.55907549796862,0.3009611571622758,{},{}
"[0, 1, 0, 0, 1, 1, 0, 1, 1, 0, 0, 0, 0, 1, 1, 0, 1, 0]",010011011000011010,"[""010011011000011010""]",1,0.000244140625,False,False,,,,5.060770322484988,0.17480965113376423,{},{}
"[0, 1, 0, 0, 1, 1, 0, 1, 1, 0, 1, 0, 0, 0, 0, 1, 0, 1]",010011011010000101,"[""010011011010000101""]",1,0.000244140625,False,False,,,,5.008585436309799,0.17292782503435414,{},{}
"[0, 1, 0, 0, 1, 1, 0, 1, 1, 0, 1, 0, 1, 0, 1, 0, 0, 1]",010011011010101001,"[""010011011010101001""]",1,0.000244140625,False,False,,,,4.187248166358441,0.14330978762359975,{},{}
"[0, 1, 0, 0, 1, 1, 0, 1, 1, 1, 0, 0, 1, 0, 0, 0, 1, 1]",010011011100100011,"[""010011011100100011""]",1,0.000244140625,False,False,,,,4.194203282452813,0.14356059432167087,{},{}
"[0, 1, 0, 0, 1, 1, 0, 1, 1, 1, 0, 1, 0, 0, 1, 1, 1, 1]",010011011101001111,"[""010011011101001111""]",1,0.000244140625,False,False,,,,8.664324352310436,0.3047565097164337,{},{}
"[0, 1, 0, 0, 1, 1, 0, 1, 1, 1, 0, 1, 1, 0, 1, 1, 1, 0]",010011011101101110,"[""010011011101101110""]",1,0.000244140625,False,False,,,,6.524604728103549,0.22759661670191342,{},{}
"[0, 1, 0, 0, 1, 1, 0, 1, 1, 1, 1, 0, 1, 0, 1, 1, 1, 1]",010011011110101111,"[""010011011110101111""]",1,0.000244140625,False,False,,,,9.923543901339402,0.35016491023100177,{},{}
"[0, 1, 0, 0, 1, 1, 0, 1, 1, 1, 1, 0, 1, 1, 1, 1, 0, 0]",010011011110111100,"[""010011011110111100""]",1,0.000244140625,False,False,,,,8.55984653107761,0.3009889611939477,{},{}
"[0, 1, 0, 0, 1, 1, 1, 0, 0, 0, 0, 1, 1, 1, 1, 1, 0, 0]",010011100001111100,"[""010011100001111100""]",1,0.000244140625,False,False,,,,5.955327470519249,0.20706805221436492,{},{}
"[0, 1, 0, 0, 1, 1, 1, 0, 0, 0, 1, 0, 1, 0, 0, 1, 0, 0]",010011100010100100,"[""010011100010100100""]",1,0.000244140625,False,False,,,,1.490004302866347,0.04604515276833779,{},{}
"[0, 1, 0, 0, 1, 1, 1, 0, 0, 1, 0, 1, 0, 1, 0, 1, 1, 0]",010011100101010110,"[""010011100101010110""]",1,0.000244140625,False,False,,,,4.026113792159775,0.13749916134645876,{},{}
"[0, 1, 0, 0, 1, 1, 1, 0, 0, 1, 0, 1, 1, 1, 0, 1, 0, 1]",010011100101110101,"[""010011100101110101""]",1,0.000244140625,False,False,,,,5.283913331405458,0.18285635524417942,{},{}
"[0, 1, 0, 0, 1, 1, 1, 0, 0, 1, 0, 1, 1, 1, 1, 0, 1, 0]",010011100101111010,"[""010011100101111010""]",1,0.000244140625,False,False,,,,7.234925434656068,0.2532113136479706,{},{}
"[0, 1, 0, 0, 1, 1, 1, 0, 0, 1, 1, 0, 0, 0, 0, 0, 1, 0]",010011100110000010,"[""010011100110000010""]",1,0.000244140625,False,False,,,,3.5623047059723794,0.1207738581504165,{},{}
"[0, 1, 0, 0, 1, 1, 1, 0, 0, 1, 1, 1, 0, 1, 0, 1, 1, 0]",010011100111010110,"[""010011100111010110""]",1,0.000244140625,False,False,,,,7.293086477781305,0.2553086444451397,{},{}
"[0, 1, 0, 0, 1, 1, 1, 0, 1, 0, 0, 0, 1, 0, 0, 0, 1, 0]",010011101000100010,"[""010011101000100010""]",1,0.000244140625,False,False,,,,3.6035814130199446,0.12226232713661012,{},{}
"[0, 1, 0, 0, 1, 1, 1, 0, 1, 0, 1, 0, 1, 1, 0, 1, 1, 1]",010011101010110111,"[""010011101010110111""]",1,0.000244140625,False,False,,,,8.712376820604671,0.30648931773049354,{},{}
"[0, 1, 0, 0, 1, 1, 1, 0, 1, 0, 1, 1, 1, 1, 1, 1, 1, 1]",010011101011111111,"[""010011101011111111""]",1,0.000244140625,False,False,,,,13.165479013148063,0.46707151965647414,{},{}
"[0, 1, 0, 0, 1, 1, 1, 0, 1, 1, 0, 0, 0, 0, 0, 1, 0, 1]",010011101100000101,"[""010011101100000101""]",1,0.000244140625,False,False,,,,4.913468723592697,0.16949784509954618,{},{}
"[0, 1, 0, 0, 1, 1, 1, 0, 1, 1, 0, 0, 0, 0, 1, 1, 1, 1]",010011101100001111,"[""010011101100001111""]",1,0.000244140625,False,False,,,,7.373049804823625,0.25819218193756116,{},{}
"[0, 1, 0, 0, 1, 1, 1, 0, 1, 1, 0, 0, 0, 1, 1, 0, 0, 0]",010011101100011000,"[""010011101100011000""]",1,0.000244140625,False,False,,,,4.775697326951979,0.1645297052998287,{},{}
"[0, 1, 0, 0, 1, 1, 1, 0, 1, 1, 0, 0, 1, 0, 0, 0, 0, 0]",010011101100100000,"[""010011101100100000""]",1,0.000244140625,False,False,,,,3.554877016525176,0.12050601010312678,{},{}
"[0, 1, 0, 0, 1, 1, 1, 0, 1, 1, 0, 0, 1, 0, 0, 1, 1, 1]",010011101100100111,"[""010011101100100111""]",1,0.000244140625,False,False,,,,7.427566425463537,0.26015809212901814,{},{}
"[0, 1, 0, 0, 1, 1, 1, 0, 1, 1, 0, 1, 0, 1, 0, 0, 1, 1]",010011101101010011,"[""010011101101010011""]",1,0.000244140625,False,False,,,,5.431123183763651,0.18816485282962908,{},{}
"[0, 1, 0, 0, 1, 1, 1, 1, 0, 0, 0, 0, 0, 1, 1, 1, 0, 0]",010011110000011100,"[""010011110000011100""]",1,0.000244140625,False,False,,,,4.805744174260055,0.1656132171288956,{},{}
"[0, 1, 0, 0, 1, 1, 1, 1, 0, 0, 1, 1, 0, 1, 0, 0, 1, 1]",010011110011010011,"[""010011110011010011""]",1,0.000244140625,False,False,,,,5.534678909304482,0.19189914989050372,{},{}
"[0, 1, 0, 0, 1, 1, 1, 1, 0, 0, 1, 1, 1, 0, 1, 0, 0, 1]",010011110011101001,"[""010011110011101001""]",1,0.000244140625,False,False,,,,5.277845234815471,0.1826375351341107,{},{}
"[0, 1, 0, 0, 1, 1, 1, 1, 0, 1, 0, 1, 0, 0, 1, 0, 1, 0]",010011110101001010,"[""010011110101001010""]",1,0.000244140625,False,False,,,,4.038121510187189,0.13793216865632404,{},{}
"[0, 1, 0, 0, 1, 1, 1, 1, 0, 1, 1, 1, 0, 0, 1, 1, 1, 1]",010011110111001111,"[""010011110111001111""]",1,0.000244140625,False,False,,,,11.864206844281902,0.4201466701591002,{},{}
"[0, 1, 0, 0, 1, 1, 1, 1, 1, 0, 0, 0, 0, 0, 1, 1, 0, 1]",010011111000001101,"[""010011111000001101""]",1,0.000244140625,False,False,,,,8.152279866667701,0.2862918018715855,{},{}
"[0, 1, 0, 0, 1, 1, 1, 1, 1, 0, 0, 0, 0, 1, 1, 0, 0, 0]",010011111000011000,"[""010011111000011000""]",1,0.000244140625,False,False,,,,8.90346331027898,0.31338003973583806,{},{}
"[0, 1, 0, 0, 1, 1, 1, 1, 1, 0, 0, 0, 0, 1, 1, 0, 1, 1]",010011111000011011,"[""010011111000011011""]",1,0.000244140625,False,False,,,,9.559696213098697,0.3370442899494359,{},{}
"[0, 1, 0, 0, 1, 1, 1, 1, 1, 0, 0, 1, 0, 1, 0, 0, 0, 1]",010011111001010001,"[""010011111001010001""]",1,0.000244140625,False,False,,,,6.23068226026961,0.21699755226559186,{},{}
"[0, 1, 0, 0, 1, 1, 1, 1, 1, 0, 1, 1, 1, 1, 1, 1, 1, 0]",010011111011111110,"[""010011111011111110""]",1,0.000244140625,False,False,,,,13.18017153180582,0.46760134288888316,{},{}
"[0, 1, 0, 0, 1, 1, 1, 1, 1, 1, 0, 0, 1, 1, 0, 0, 0, 1]",010011111100110001,"[""010011111100110001""]",1,0.000244140625,False,False,,,,7.4282547523706555,0.2601829137130759,{},{}
"[0, 1, 0, 0, 1, 1, 1, 1, 1, 1, 0, 1, 0, 1, 1, 1, 0, 1]",010011111101011101,"[""010011111101011101""]",1,0.000244140625,False,False,,,,9.898375822228278,0.349257330438946,{},{}
"[0, 1, 0, 0, 1, 1, 1, 1, 1, 1, 1, 0, 1, 0, 1, 0, 1, 0]",010011111110101010,"[""010011111110101010""]",1,0.000244140625,False,False,,,,8.583361475014822,0.301836927692881,{},{}
"[0, 1, 0, 0, 1, 1, 1, 1, 1, 1, 1, 1, 1, 1, 0, 1, 1, 1]",010011111111110111,"[""010011111111110111""]",1,0.000244140625,False,False,,,,16.54467091682903,0.5889277118481039,{},{}
"[0, 1, 0, 1, 0, 0, 0, 0, 0, 0, 0, 0, 1, 1, 0, 0, 1, 1]",010100000000110011,"[""010100000000110011""]",1,0.000244140625,False,False,,,,4.271801541745191,0.14635884569880267,{},{}
"[0, 1, 0, 1, 0, 0, 0, 0, 0, 0, 0, 1, 0, 0, 0, 1, 1, 1]",010100000001000111,"[""010100000001000111""]",1,0.000244140625,False,False,,,,6.262525328309794,0.21814583716022865,{},{}
"[0, 1, 0, 1, 0, 0, 0, 0, 0, 0, 1, 1, 0, 0, 0, 0, 0, 0]",010100000011000000,"[""010100000011000000""]",1,0.000244140625,False,False,,,,3.7877980820266512,0.12890531826088764,{},{}
"[0, 1, 0, 1, 0, 0, 0, 0, 0, 0, 1, 1, 1, 0, 0, 0, 1, 0]",010100000011100010,"[""010100000011100010""]",1,0.000244140625,False,False,,,,2.196296214706446,0.07151456835815047,{},{}
"[0, 1, 0, 1, 0, 0, 0, 0, 0, 0, 1, 1, 1, 1, 1, 1, 1, 0]",010100000011111110,"[""010100000011111110""]",1,0.000244140625,False,False,,,,7.9233886346626505,0.27803781252939874,{},{}
"[0, 1, 0, 1, 0, 0, 0, 0, 0, 1, 0, 1, 0, 0, 1, 0, 1, 1]",010100000101001011,"[""010100000101001011""]",1,0.000244140625,False,False,,,,3.471336970806086,0.11749349345506249,{},{}
"[0, 1, 0, 1, 0, 0, 0, 0, 0, 1, 0, 1, 0, 1, 0, 1, 0, 0]",010100000101010100,"[""010100000101010100""]",1,0.000244140625,False,False,,,,2.207409728069638,0.07191532997776555,{},{}
"[0, 1, 0, 1, 0, 0, 0, 0, 0, 1, 1, 1, 0, 1, 1, 1, 1, 0]",010100000111011110,"[""010100000111011110""]",1,0.000244140625,False,False,,,,7.9233886346626505,0.27803781252939874,{},{}
"[0, 1, 0, 1, 0, 0, 0, 0, 1, 0, 0, 1, 1, 1, 1, 0, 0, 0]",010100001001111000,"[""010100001001111000""]",1,0.000244140625,False,False,,,,5.439174816489044,0.18845520073907251,{},{}
"[0, 1, 0, 1, 0, 0, 0, 0, 1, 0, 1, 0, 0, 1, 1, 0, 0, 1]",010100001010011001,"[""010100001010011001""]",1,0.000244140625,False,False,,,,1.528448907102009,0.04743149400494199,{},{}
"[0, 1, 0, 1, 0, 0, 0, 0, 1, 0, 1, 0, 1, 0, 1, 0, 0, 0]",010100001010101000,"[""010100001010101000""]",1,0.000244140625,False,False,,,,2.213344296678517,0.07212933496877842,{},{}
"[0, 1, 0, 1, 0, 0, 0, 0, 1, 1, 0, 0, 0, 1, 0, 0, 0, 1]",010100001100010001,"[""010100001100010001""]",1,0.000244140625,True,False,"[1, 0, 2, 0, 1, 2]",0.29674714005975944,0.31718943623606755,0.29674714005976033,0.0030154053288368532,"{""degradation"": 0.2753007998898517, ""nominal"": 0.3105082040508252, ""surge"": 0.3044324162386015}","{""degradation"": 0.31718943623606755, ""nominal"": 0.23983292097537837, ""surge"": 0.3032904635275847}"
"[0, 1, 0, 1, 0, 0, 0, 0, 1, 1, 1, 1, 0, 0, 1, 0, 1, 0]",010100001111001010,"[""010100001111001010""]",1,0.000244140625,False,False,,,,4.661716410735707,0.16041946805124316,{},{}
"[0, 1, 0, 1, 0, 0, 0, 0, 1, 1, 1, 1, 1, 0, 0, 1, 1, 0]",010100001111100110,"[""010100001111100110""]",1,0.000244140625,False,False,,,,5.916856920693146,0.2056807753603275,{},{}
"[0, 1, 0, 1, 0, 0, 0, 0, 1, 1, 1, 1, 1, 1, 0, 1, 1, 0]",010100001111110110,"[""010100001111110110""]",1,0.000244140625,False,False,,,,7.15933001127914,0.25048528603474385,{},{}
"[0, 1, 0, 1, 0, 0, 0, 1, 0, 0, 0, 0, 1, 1, 1, 0, 1, 1]",010100010000111011,"[""010100010000111011""]",1,0.000244140625,False,False,,,,6.770156831796941,0.2364514095617468,{},{}
"[0, 1, 0, 1, 0, 0, 0, 1, 0, 0, 0, 1, 1, 1, 1, 1, 1, 1]",010100010001111111,"[""010100010001111111""]",1,0.000244140625,False,False,,,,9.23609882263748,0.32537512556673304,{},{}
"[0, 1, 0, 1, 0, 0, 0, 1, 0, 0, 1, 0, 1, 0, 1, 0, 1, 0]",010100010010101010,"[""010100010010101010""]",1,0.000244140625,False,False,,,,1.4939546868974989,0.046187606576659955,{},{}
"[0, 1, 0, 1, 0, 0, 0, 1, 0, 1, 0, 1, 0, 0, 0, 0, 1, 1]",010100010101000011,"[""010100010101000011""]",1,0.000244140625,False,False,,,,3.486325861589556,0.1180340040884066,{},{}
"[0, 1, 0, 1, 0, 0, 0, 1, 0, 1, 0, 1, 0, 0, 1, 1, 0, 0]",010100010101001100,"[""010100010101001100""]",1,0.000244140625,False,False,,,,1.477536918516448,0.04559556954643988,{},{}
"[0, 1, 0, 1, 0, 0, 0, 1, 0, 1, 0, 1, 1, 0, 1, 0, 0, 1]",010100010101101001,"[""010100010101101001""]",1,0.000244140625,False,False,,,,2.6850116292796598,0.08913801241895514,{},{}
"[0, 1, 0, 1, 0, 0, 0, 1, 1, 0, 0, 1, 1, 1, 0, 1, 1, 0]",010100011001110110,"[""010100011001110110""]",1,0.000244140625,False,False,,,,3.9600225308447587,0.1351158609389806,{},{}
"[0, 1, 0, 1, 0, 0, 0, 1, 1, 0, 0, 1, 1, 1, 1, 0, 1, 0]",010100011001111010,"[""010100011001111010""]",1,0.000244140625,False,False,,,,5.978772797917598,0.2079135082887408,{},{}
"[0, 1, 0, 1, 0, 0, 0, 1, 1, 0, 1, 0, 0, 0, 0, 0, 0, 1]",010100011010000001,"[""010100011010000001""]",1,0.000244140625,False,False,,,,2.3674338696359793,0.07768592043424932,{},{}
"[0, 1, 0, 1, 0, 0, 0, 1, 1, 1, 0, 0, 1, 0, 0, 1, 1, 1]",010100011100100111,"[""010100011100100111""]",1,0.000244140625,False,False,,,,6.053603672500906,0.2106119656995669,{},{}
"[0, 1, 0, 1, 0, 0, 0, 1, 1, 1, 0, 1, 0, 1, 0, 0, 1, 1]",010100011101010011,"[""010100011101010011""]",1,0.000244140625,False,False,,,,4.019805753741679,0.13727168875427176,{},{}
"[0, 1, 0, 1, 0, 0, 0, 1, 1, 1, 0, 1, 0, 1, 1, 1, 1, 0]",010100011101011110,"[""010100011101011110""]",1,0.000244140625,False,False,,,,5.210986752605114,0.1802265681662415,{},{}
"[0, 1, 0, 1, 0, 0, 0, 1, 1, 1, 0, 1, 1, 1, 1, 0, 0, 0]",010100011101111000,"[""010100011101111000""]",1,0.000244140625,False,False,,,,7.918910678214178,0.27787633406437984,{},{}
"[0, 1, 0, 1, 0, 0, 0, 1, 1, 1, 1, 1, 1, 1, 0, 0, 0, 0]",010100011111110000,"[""010100011111110000""]",1,0.000244140625,False,False,,,,7.912981596679527,0.2776625269413753,{},{}
"[0, 1, 0, 1, 0, 0, 1, 0, 0, 0, 0, 1, 1, 1, 0, 1, 0, 0]",010100100001110100,"[""010100100001110100""]",1,0.000244140625,False,False,,,,1.4769780054302588,0.04557541472173907,{},{}
"[0, 1, 0, 1, 0, 0, 1, 0, 0, 0, 1, 1, 1, 1, 1, 0, 1, 1]",010100100011111011,"[""010100100011111011""]",1,0.000244140625,False,False,,,,7.172805047093814,0.2509712059235295,{},{}
"[0, 1, 0, 1, 0, 0, 1, 0, 1, 0, 0, 1, 1, 0, 0, 1, 0, 0]",010100101001100100,"[""010100101001100100""]",1,0.000244140625,False,False,,,,1.5280289275806545,0.04741634922869682,{},{}
"[0, 1, 0, 1, 0, 0, 1, 0, 1, 0, 1, 1, 0, 1, 1, 1, 1, 1]",010100101011011111,"[""010100101011011111""]",1,0.000244140625,False,False,,,,8.476827523412124,0.2979952335685281,{},{}
"[0, 1, 0, 1, 0, 0, 1, 0, 1, 1, 0, 1, 1, 0, 0, 0, 1, 0]",010100101101100010,"[""010100101101100010""]",1,0.000244140625,False,False,,,,2.7223939213044313,0.09048604588120748,{},{}
"[0, 1, 0, 1, 0, 0, 1, 0, 1, 1, 1, 0, 0, 0, 1, 0, 1, 0]",010100101110001010,"[""010100101110001010""]",1,0.000244140625,False,False,,,,2.6729330032447685,0.0887024481132064,{},{}
"[0, 1, 0, 1, 0, 0, 1, 0, 1, 1, 1, 0, 0, 0, 1, 1, 1, 1]",010100101110001111,"[""010100101110001111""]",1,0.000244140625,False,False,,,,7.245489157973109,0.2535922494265449,{},{}
"[0, 1, 0, 1, 0, 0, 1, 0, 1, 1, 1, 0, 0, 1, 0, 1, 1, 0]",010100101110010110,"[""010100101110010110""]",1,0.000244140625,False,False,,,,3.989503641424619,0.13617897187770203,{},{}
"[0, 1, 0, 1, 0, 0, 1, 0, 1, 1, 1, 0, 0, 1, 1, 1, 1, 1]",010100101110011111,"[""010100101110011111""]",1,0.000244140625,False,False,,,,8.503757281244098,0.29896634081534423,{},{}
"[0, 1, 0, 1, 0, 0, 1, 1, 0, 0, 0, 1, 0, 0, 0, 0, 1, 1]",010100110001000011,"[""010100110001000011""]",1,0.000244140625,False,False,,,,3.499130658745627,0.1184957546689301,{},{}
"[0, 1, 0, 1, 0, 0, 1, 1, 0, 0, 0, 1, 1, 1, 0, 0, 0, 0]",010100110001110000,"[""010100110001110000""]",1,0.000244140625,False,False,,,,3.4587980832546954,0.11704133177413899,{},{}
"[0, 1, 0, 1, 0, 0, 1, 1, 0, 0, 1, 1, 0, 0, 1, 1, 1, 0]",010100110011001110,"[""010100110011001110""]",1,0.000244140625,False,False,,,,3.9767046774561603,0.13571743164629482,{},{}
"[0, 1, 0, 1, 0, 0, 1, 1, 0, 0, 1, 1, 1, 0, 0, 0, 0, 0]",010100110011100000,"[""010100110011100000""]",1,0.000244140625,False,False,,,,3.4480182610675225,0.11665260330837744,{},{}
"[0, 1, 0, 1, 0, 0, 1, 1, 0, 1, 0, 0, 1, 1, 1, 0, 0, 0]",010100110100111000,"[""010100110100111000""]",1,0.000244140625,False,False,,,,6.738133215769363,0.23529661397139373,{},{}
"[0, 1, 0, 1, 0, 0, 1, 1, 0, 1, 0, 1, 1, 1, 1, 1, 1, 0]",010100110101111110,"[""010100110101111110""]",1,0.000244140625,False,False,,,,8.548818448740652,0.300591280281155,{},{}
"[0, 1, 0, 1, 0, 0, 1, 1, 0, 1, 1, 1, 1, 0, 0, 1, 0, 1]",010100110111100101,"[""010100110111100101""]",1,0.000244140625,False,False,,,,7.260203344821354,0.2541228540301396,{},{}
"[0, 1, 0, 1, 0, 0, 1, 1, 1, 0, 0, 0, 0, 0, 1, 0, 1, 1]",010100111000001011,"[""010100111000001011""]",1,0.000244140625,False,False,,,,6.791178292977889,0.23720945920403677,{},{}
"[0, 1, 0, 1, 0, 0, 1, 1, 1, 0, 0, 0, 0, 1, 0, 0, 1, 0]",010100111000010010,"[""010100111000010010""]",1,0.000244140625,False,False,,,,5.562888528018941,0.19291640987978612,{},{}
"[0, 1, 0, 1, 0, 0, 1, 1, 1, 0, 0, 0, 0, 1, 0, 0, 1, 1]",010100111000010011,"[""010100111000010011""]",1,0.000244140625,False,False,,,,6.849870495105555,0.23932594399284918,{},{}
"[0, 1, 0, 1, 0, 0, 1, 1, 1, 0, 0, 0, 0, 1, 1, 0, 1, 0]",010100111000011010,"[""010100111000011010""]",1,0.000244140625,False,False,,,,6.775806320989148,0.23665513437537464,{},{}
"[0, 1, 0, 1, 0, 0, 1, 1, 1, 0, 0, 1, 0, 0, 1, 0, 1, 0]",010100111001001010,"[""010100111001001010""]",1,0.000244140625,False,False,,,,4.737924362044297,0.16316758388067393,{},{}
"[0, 1, 0, 1, 0, 0, 1, 1, 1, 0, 1, 0, 1, 1, 1, 0, 0, 0]",010100111010111000,"[""010100111010111000""]",1,0.000244140625,False,False,,,,9.985101035525492,0.35238470661663324,{},{}
"[0, 1, 0, 1, 0, 0, 1, 1, 1, 0, 1, 1, 1, 0, 0, 0, 1, 0]",010100111011100010,"[""010100111011100010""]",1,0.000244140625,False,False,,,,5.977768415317149,0.20787728949955014,{},{}
"[0, 1, 0, 1, 0, 0, 1, 1, 1, 0, 1, 1, 1, 1, 1, 1, 0, 1]",010100111011111101,"[""010100111011111101""]",1,0.000244140625,False,False,,,,11.775590193721861,0.4169510873363963,{},{}
"[0, 1, 0, 1, 0, 0, 1, 1, 1, 1, 0, 1, 0, 0, 0, 1, 0, 0]",010100111101000100,"[""010100111101000100""]",1,0.000244140625,False,False,,,,6.7544079888651165,0.2358834944844747,{},{}
"[0, 1, 0, 1, 0, 0, 1, 1, 1, 1, 1, 0, 0, 1, 0, 0, 1, 1]",010100111110010011,"[""010100111110010011""]",1,0.000244140625,False,False,,,,7.338923766507097,0.2569615714240511,{},{}
"[0, 1, 0, 1, 0, 0, 1, 1, 1, 1, 1, 0, 1, 0, 0, 0, 1, 0]",010100111110100010,"[""010100111110100010""]",1,0.000244140625,False,False,,,,6.020493205834116,0.20941797746074922,{},{}
"[0, 1, 0, 1, 0, 0, 1, 1, 1, 1, 1, 1, 1, 1, 0, 1, 1, 1]",010100111111110111,"[""010100111111110111""]",1,0.000244140625,False,False,,,,15.120855716624021,0.5375838688149367,{},{}
"[0, 1, 0, 1, 0, 1, 0, 0, 0, 0, 0, 0, 1, 0, 0, 0, 1, 1]",010101000000100011,"[""010101000000100011""]",1,0.000244140625,False,False,,,,4.352652300052119,0.14927438462760872,{},{}
"[0, 1, 0, 1, 0, 1, 0, 0, 0, 0, 0, 1, 0, 0, 0, 1, 1, 1]",010101000001000111,"[""010101000001000111""]",1,0.000244140625,False,False,,,,7.581147817414222,0.2656963522065871,{},{}
"[0, 1, 0, 1, 0, 1, 0, 0, 0, 0, 0, 1, 1, 1, 0, 0, 1, 0]",010101000001110010,"[""010101000001110010""]",1,0.000244140625,False,False,,,,3.469666510409037,0.11743325540141138,{},{}
"[0, 1, 0, 1, 0, 1, 0, 0, 0, 0, 1, 0, 0, 1, 1, 1, 0, 1]",010101000010011101,"[""010101000010011101""]",1,0.000244140625,False,False,,,,4.788897491360723,0.16500571311974588,{},{}
"[0, 1, 0, 1, 0, 1, 0, 0, 0, 1, 0, 1, 1, 1, 1, 1, 1, 0]",010101000101111110,"[""010101000101111110""]",1,0.000244140625,False,False,,,,9.22027910046703,0.3248046545310039,{},{}
"[0, 1, 0, 1, 0, 1, 0, 0, 0, 1, 1, 1, 1, 0, 1, 0, 0, 0]",010101000111101000,"[""010101000111101000""]",1,0.000244140625,False,False,,,,8.650795836286845,0.3042686612912399,{},{}
"[0, 1, 0, 1, 0, 1, 0, 0, 1, 0, 0, 0, 1, 1, 0, 1, 1, 1]",010101001000110111,"[""010101001000110111""]",1,0.000244140625,False,False,,,,8.154922602673416,0.2863871009122447,{},{}
"[0, 1, 0, 1, 0, 1, 0, 0, 1, 0, 0, 1, 1, 0, 1, 0, 0, 0]",010101001001101000,"[""010101001001101000""]",1,0.000244140625,False,False,,,,3.530491546273817,0.11962665177298992,{},{}
"[0, 1, 0, 1, 0, 1, 0, 0, 1, 0, 0, 1, 1, 1, 1, 1, 1, 0]",010101001001111110,"[""010101001001111110""]",1,0.000244140625,False,False,,,,7.239877110591349,0.2533898747926582,{},{}
"[0, 1, 0, 1, 0, 1, 0, 0, 1, 0, 1, 0, 0, 1, 0, 1, 0, 1]",010101001010010101,"[""010101001010010101""]",1,0.000244140625,False,False,,,,2.8910281299194613,0.09656712180728681,{},{}
"[0, 1, 0, 1, 0, 1, 0, 0, 1, 1, 0, 0, 0, 1, 0, 1, 0, 0]",010101001100010100,"[""010101001100010100""]",1,0.000244140625,False,False,,,,1.5613510179566212,0.04861796877704432,{},{}
"[0, 1, 0, 1, 0, 1, 0, 0, 1, 1, 0, 0, 1, 1, 0, 0, 0, 0]",010101001100110000,"[""010101001100110000""]",1,0.000244140625,False,False,,,,3.5270959550350556,0.1195042042084867,{},{}
"[0, 1, 0, 1, 0, 1, 0, 0, 1, 1, 0, 0, 1, 1, 1, 0, 0, 1]",010101001100111001,"[""010101001100111001""]",1,0.000244140625,False,False,,,,6.081586577758551,0.21162105023171238,{},{}
"[0, 1, 0, 1, 0, 1, 0, 0, 1, 1, 0, 1, 0, 1, 1, 1, 1, 1]",010101001101011111,"[""010101001101011111""]",1,0.000244140625,False,False,,,,8.598686125951971,0.30238954608896346,{},{}
"[0, 1, 0, 1, 0, 1, 0, 0, 1, 1, 0, 1, 1, 1, 1, 1, 1, 0]",010101001101111110,"[""010101001101111110""]",1,0.000244140625,False,False,,,,8.496531702014298,0.29870578101394224,{},{}
"[0, 1, 0, 1, 0, 1, 0, 0, 1, 1, 1, 0, 0, 1, 1, 0, 0, 0]",010101001110011000,"[""010101001110011000""]",1,0.000244140625,False,False,,,,4.725235724370139,0.16271002209811047,{},{}
"[0, 1, 0, 1, 0, 1, 0, 0, 1, 1, 1, 1, 0, 0, 1, 0, 0, 0]",010101001111001000,"[""010101001111001000""]",1,0.000244140625,False,False,,,,6.719750876803324,0.23463373305375856,{},{}
"[0, 1, 0, 1, 0, 1, 0, 1, 0, 0, 0, 0, 1, 0, 0, 1, 1, 0]",010101010000100110,"[""010101010000100110""]",1,0.000244140625,False,False,,,,3.540144851169355,0.1199747571810769,{},{}
"[0, 1, 0, 1, 0, 1, 0, 1, 0, 0, 0, 0, 1, 1, 1, 0, 0, 1]",010101010000111001,"[""010101010000111001""]",1,0.000244140625,False,False,,,,6.812280970902325,0.23797043758295539,{},{}
"[0, 1, 0, 1, 0, 1, 0, 1, 0, 0, 0, 1, 1, 0, 0, 0, 0, 0]",010101010001100000,"[""010101010001100000""]",1,0.000244140625,False,False,,,,2.2353895712096468,0.07292430408765453,{},{}
"[0, 1, 0, 1, 0, 1, 0, 1, 0, 0, 0, 1, 1, 0, 0, 1, 0, 1]",010101010001100101,"[""010101010001100101""]",1,0.000244140625,False,False,,,,2.7761451373581245,0.09242435500974139,{},{}
"[0, 1, 0, 1, 0, 1, 0, 1, 0, 0, 1, 0, 1, 0, 0, 1, 1, 0]",010101010010100110,"[""010101010010100110""]",1,0.000244140625,False,False,,,,2.777282475052564,0.09246536825924918,{},{}
"[0, 1, 0, 1, 0, 1, 0, 1, 0, 1, 0, 0, 0, 0, 0, 0, 0, 1]",010101010100000001,"[""010101010100000001""]",1,0.000244140625,False,False,,,,2.3654857609150657,0.07761567017398821,{},{}
"[0, 1, 0, 1, 0, 1, 0, 1, 0, 1, 0, 0, 0, 0, 1, 0, 0, 1]",010101010100001001,"[""010101010100001001""]",1,0.000244140625,False,False,,,,1.570506037542775,0.048948105643492563,{},{}
"[0, 1, 0, 1, 0, 1, 0, 1, 1, 0, 0, 1, 1, 1, 0, 1, 0, 1]",010101011001110101,"[""010101011001110101""]",1,0.000244140625,False,False,,,,5.344468900894963,0.18504003445634512,{},{}
"[0, 1, 0, 1, 0, 1, 0, 1, 1, 0, 1, 1, 0, 0, 0, 0, 1, 0]",010101011011000010,"[""010101011011000010""]",1,0.000244140625,False,False,,,,4.847561799988221,0.16712119204804068,{},{}
"[0, 1, 0, 1, 0, 1, 0, 1, 1, 1, 0, 1, 1, 1, 0, 1, 1, 1]",010101011101110111,"[""010101011101110111""]",1,0.000244140625,False,False,,,,9.893416875001948,0.3490785070860546,{},{}
"[0, 1, 0, 1, 0, 1, 0, 1, 1, 1, 1, 0, 1, 0, 1, 0, 0, 0]",010101011110101000,"[""010101011110101000""]",1,0.000244140625,False,False,,,,5.984436040905105,0.20811772907453335,{},{}
"[0, 1, 0, 1, 0, 1, 0, 1, 1, 1, 1, 0, 1, 1, 0, 1, 0, 1]",010101011110110101,"[""010101011110110101""]",1,0.000244140625,False,False,,,,6.662698000290252,0.23257636357501157,{},{}
"[0, 1, 0, 1, 0, 1, 0, 1, 1, 1, 1, 0, 1, 1, 1, 1, 1, 0]",010101011110111110,"[""010101011110111110""]",1,0.000244140625,False,False,,,,9.838935222322199,0.3471138578654438,{},{}
"[0, 1, 0, 1, 0, 1, 1, 0, 0, 0, 0, 0, 0, 0, 0, 0, 0, 0]",010101100000000000,"[""010101100000000000""]",1,0.000244140625,False,False,,,,3.861326647394215,0.13155681342552883,{},{}
"[0, 1, 0, 1, 0, 1, 1, 0, 0, 0, 1, 0, 1, 0, 0, 1, 0, 1]",010101100010100101,"[""010101100010100101""]",1,0.000244140625,False,False,,,,2.822971322326919,0.0941129423281895,{},{}
"[0, 1, 0, 1, 0, 1, 1, 0, 0, 0, 1, 0, 1, 1, 0, 0, 0, 1]",010101100010110001,"[""010101100010110001""]",1,0.000244140625,False,False,,,,2.765830196217858,0.09205239050288268,{},{}
"[0, 1, 0, 1, 0, 1, 1, 0, 0, 0, 1, 1, 0, 0, 0, 1, 1, 1]",010101100011000111,"[""010101100011000111""]",1,0.000244140625,False,False,,,,8.022906617508623,0.2816265055630771,{},{}
"[0, 1, 0, 1, 0, 1, 1, 0, 0, 0, 1, 1, 0, 1, 0, 0, 1, 0]",010101100011010010,"[""010101100011010010""]",1,0.000244140625,False,False,,,,2.729959608648924,0.09075887023608004,{},{}
"[0, 1, 0, 1, 0, 1, 1, 0, 0, 1, 0, 0, 0, 0, 1, 0, 0, 1]",010101100100001001,"[""010101100100001001""]",1,0.000244140625,False,False,,,,1.5768506298108869,0.04917689639490221,{},{}
"[0, 1, 0, 1, 0, 1, 1, 0, 0, 1, 0, 0, 0, 0, 1, 0, 1, 0]",010101100100001010,"[""010101100100001010""]",1,0.000244140625,False,False,,,,1.4919138644974472,0.046114012991655566,{},{}
"[0, 1, 0, 1, 0, 1, 1, 0, 0, 1, 0, 0, 1, 1, 1, 1, 0, 1]",010101100100111101,"[""010101100100111101""]",1,0.000244140625,False,False,,,,7.380376310888948,0.25845638123628006,{},{}
"[0, 1, 0, 1, 0, 1, 1, 0, 0, 1, 0, 1, 1, 0, 1, 1, 1, 0]",010101100101101110,"[""010101100101101110""]",1,0.000244140625,False,False,,,,5.30543587998436,0.18363247447352168,{},{}
"[0, 1, 0, 1, 0, 1, 1, 0, 0, 1, 1, 1, 0, 1, 1, 1, 1, 0]",010101100111011110,"[""010101100111011110""]",1,0.000244140625,False,False,,,,8.482122240410858,0.29818616503101625,{},{}
"[0, 1, 0, 1, 0, 1, 1, 0, 1, 0, 1, 0, 1, 1, 0, 0, 0, 1]",010101101010110001,"[""010101101010110001""]",1,0.000244140625,False,False,,,,4.100276542737643,0.14017352570500036,{},{}
"[0, 1, 0, 1, 0, 1, 1, 0, 1, 0, 1, 1, 0, 1, 1, 0, 0, 0]",010101101011011000,"[""010101101011011000""]",1,0.000244140625,False,False,,,,5.972489134140403,0.20768691466436945,{},{}
"[0, 1, 0, 1, 0, 1, 1, 0, 1, 1, 0, 1, 0, 0, 0, 0, 0, 0]",010101101101000000,"[""010101101101000000""]",1,0.000244140625,False,False,,,,5.556062018545536,0.19267024083283643,{},{}
"[0, 1, 0, 1, 0, 1, 1, 0, 1, 1, 0, 1, 0, 1, 0, 0, 0, 1]",010101101101010001,"[""010101101101010001""]",1,0.000244140625,False,False,,,,4.099115153937841,0.14013164515461085,{},{}
"[0, 1, 0, 1, 0, 1, 1, 0, 1, 1, 1, 0, 1, 1, 0, 0, 0, 1]",010101101110110001,"[""010101101110110001""]",1,0.000244140625,False,False,,,,5.362375489644979,0.18568575946469446,{},{}
"[0, 1, 0, 1, 0, 1, 1, 0, 1, 1, 1, 0, 1, 1, 0, 1, 1, 1]",010101101110110111,"[""010101101110110111""]",1,0.000244140625,False,False,,,,9.969801855115858,0.35183300670685896,{},{}
"[0, 1, 0, 1, 0, 1, 1, 0, 1, 1, 1, 1, 0, 1, 1, 0, 0, 0]",010101101111011000,"[""010101101111011000""]",1,0.000244140625,False,False,,,,9.20246723626291,0.3241623453607599,{},{}
"[0, 1, 0, 1, 0, 1, 1, 1, 0, 0, 0, 0, 0, 0, 1, 0, 0, 0]",010101110000001000,"[""010101110000001000""]",1,0.000244140625,False,False,,,,4.282666739580383,0.1467506528744067,{},{}
"[0, 1, 0, 1, 0, 1, 1, 1, 0, 0, 0, 0, 1, 1, 1, 1, 0, 1]",010101110000111101,"[""010101110000111101""]",1,0.000244140625,False,False,,,,9.339196904900295,0.3290929196680745,{},{}
"[0, 1, 0, 1, 0, 1, 1, 1, 0, 1, 0, 0, 1, 1, 1, 0, 1, 1]",010101110100111011,"[""010101110100111011""]",1,0.000244140625,False,False,,,,8.58288134490011,0.3018196138411665,{},{}
"[0, 1, 0, 1, 0, 1, 1, 1, 0, 1, 0, 1, 0, 1, 1, 1, 1, 1]",010101110101011111,"[""010101110101011111""]",1,0.000244140625,False,False,,,,9.858761960317196,0.3478288248944011,{},{}
"[0, 1, 0, 1, 0, 1, 1, 1, 0, 1, 1, 0, 0, 1, 0, 0, 1, 1]",010101110110010011,"[""010101110110010011""]",1,0.000244140625,False,False,,,,5.376278443566438,0.18618711040106456,{},{}
"[0, 1, 0, 1, 0, 1, 1, 1, 0, 1, 1, 0, 0, 1, 0, 1, 1, 1]",010101110110010111,"[""010101110110010111""]",1,0.000244140625,False,False,,,,8.663293784130502,0.30471934665562506,{},{}
"[0, 1, 0, 1, 0, 1, 1, 1, 0, 1, 1, 0, 1, 1, 0, 1, 1, 1]",010101110110110111,"[""010101110110110111""]",1,0.000244140625,False,False,,,,9.94817490655783,0.35105312273603895,{},{}
"[0, 1, 0, 1, 0, 1, 1, 1, 1, 0, 1, 0, 1, 1, 0, 1, 0, 0]",010101111010110100,"[""010101111010110100""]",1,0.000244140625,False,False,,,,7.342656949278304,0.25709619279218326,{},{}
"[0, 1, 0, 1, 0, 1, 1, 1, 1, 0, 1, 0, 1, 1, 0, 1, 1, 1]",010101111010110111,"[""010101111010110111""]",1,0.000244140625,False,False,,,,11.992004343691296,0.42475514375087137,{},{}
"[0, 1, 0, 1, 0, 1, 1, 1, 1, 0, 1, 1, 0, 0, 0, 0, 0, 0]",010101111011000000,"[""010101111011000000""]",1,0.000244140625,False,False,,,,8.778442878382048,0.30887170927951857,{},{}
"[0, 1, 0, 1, 0, 1, 1, 1, 1, 0, 1, 1, 0, 1, 0, 0, 1, 1]",010101111011010011,"[""010101111011010011""]",1,0.000244140625,False,False,,,,8.685046388130257,0.30550376185583167,{},{}
"[0, 1, 0, 1, 0, 1, 1, 1, 1, 0, 1, 1, 1, 1, 0, 0, 1, 0]",010101111011110010,"[""010101111011110010""]",1,0.000244140625,False,False,,,,8.564112991234639,0.3011428129442157,{},{}
"[0, 1, 0, 1, 0, 1, 1, 1, 1, 1, 1, 1, 0, 0, 1, 0, 0, 1]",010101111111001001,"[""010101111111001001""]",1,0.000244140625,False,False,,,,10.580147788835383,0.37384253843001736,{},{}
"[0, 1, 0, 1, 0, 1, 1, 1, 1, 1, 1, 1, 1, 1, 0, 1, 0, 1]",010101111111110101,"[""010101111111110101""]",1,0.000244140625,False,False,,,,13.189926210771624,0.46795310392190703,{},{}
"[0, 1, 0, 1, 1, 0, 0, 0, 0, 0, 0, 0, 1, 1, 0, 0, 0, 0]",010110000000110000,"[""010110000000110000""]",1,0.000244140625,False,False,,,,5.0404520680652505,0.1740769596542206,{},{}
"[0, 1, 0, 1, 1, 0, 0, 0, 0, 0, 1, 1, 0, 0, 0, 0, 1, 0]",010110000011000010,"[""010110000011000010""]",1,0.000244140625,False,False,,,,4.3345730033365335,0.1486224316406049,{},{}
"[0, 1, 0, 1, 1, 0, 0, 0, 0, 1, 0, 0, 0, 1, 0, 0, 0, 1]",010110000100010001,"[""010110000100010001""]",1,0.000244140625,False,False,,,,2.2994180273573592,0.07523321819506877,{},{}
"[0, 1, 0, 1, 1, 0, 0, 0, 0, 1, 0, 1, 1, 1, 1, 1, 1, 0]",010110000101111110,"[""010110000101111110""]",1,0.000244140625,False,False,,,,9.244567276955491,0.32568050437514506,{},{}
"[0, 1, 0, 1, 1, 0, 0, 0, 0, 1, 1, 1, 1, 0, 0, 1, 0, 0]",010110000111100100,"[""010110000111100100""]",1,0.000244140625,False,False,,,,6.696986213744084,0.23381282224549618,{},{}
"[0, 1, 0, 1, 1, 0, 0, 0, 1, 0, 0, 1, 0, 0, 1, 0, 0, 1]",010110001001001001,"[""010110001001001001""]",1,0.000244140625,False,False,,,,1.562245519673656,0.04865022517924155,{},{}
"[0, 1, 0, 1, 1, 0, 0, 0, 1, 0, 1, 0, 0, 0, 1, 0, 1, 0]",010110001010001010,"[""010110001010001010""]",1,0.000244140625,False,False,,,,1.5583676468702738,0.048510386180127915,{},{}
"[0, 1, 0, 1, 1, 0, 0, 0, 1, 0, 1, 0, 1, 1, 0, 0, 1, 0]",010110001010110010,"[""010110001010110010""]",1,0.000244140625,False,False,,,,2.8170564164844,0.09389964639126556,{},{}
"[0, 1, 0, 1, 1, 0, 0, 0, 1, 0, 1, 0, 1, 1, 1, 1, 1, 1]",010110001010111111,"[""010110001010111111""]",1,0.000244140625,False,False,,,,10.57430383317857,0.3736318010099554,{},{}
"[0, 1, 0, 1, 1, 0, 0, 0, 1, 0, 1, 1, 1, 1, 0, 1, 0, 1]",010110001011110101,"[""010110001011110101""]",1,0.000244140625,False,False,,,,5.2334980502265385,0.1810383424269608,{},{}
"[0, 1, 0, 1, 1, 0, 0, 0, 1, 1, 0, 0, 1, 0, 0, 0, 1, 1]",010110001100100011,"[""010110001100100011""]",1,0.000244140625,False,False,,,,2.7885482965673916,0.092871622224942,{},{}
"[0, 1, 0, 1, 1, 0, 0, 0, 1, 1, 0, 1, 0, 0, 1, 1, 0, 0]",010110001101001100,"[""010110001101001100""]",1,0.000244140625,False,False,,,,2.698449256205511,0.08962258331517807,{},{}
"[0, 1, 0, 1, 1, 0, 0, 0, 1, 1, 1, 0, 1, 0, 1, 1, 0, 0]",010110001110101100,"[""010110001110101100""]",1,0.000244140625,False,False,,,,3.9459145592276528,0.13460711691087865,{},{}
"[0, 1, 0, 1, 1, 0, 0, 0, 1, 1, 1, 0, 1, 0, 1, 1, 1, 0]",010110001110101110,"[""010110001110101110""]",1,0.000244140625,False,False,,,,5.2238540621490355,0.18069057299031357,{},{}
"[0, 1, 0, 1, 1, 0, 0, 1, 0, 0, 0, 0, 1, 1, 1, 0, 1, 1]",010110010000111011,"[""010110010000111011""]",1,0.000244140625,False,False,,,,8.10765837213144,0.284682717342185,{},{}
"[0, 1, 0, 1, 1, 0, 0, 1, 0, 0, 0, 1, 1, 1, 1, 0, 0, 0]",010110010001111000,"[""010110010001111000""]",1,0.000244140625,False,False,,,,6.762745165428103,0.23618413931866958,{},{}
"[0, 1, 0, 1, 1, 0, 0, 1, 0, 0, 1, 0, 0, 0, 1, 1, 1, 1]",010110010010001111,"[""010110010010001111""]",1,0.000244140625,False,False,,,,6.1074410638383405,0.2125533823734066,{},{}
"[0, 1, 0, 1, 1, 0, 0, 1, 0, 1, 0, 0, 0, 0, 0, 0, 0, 1]",010110010100000001,"[""010110010100000001""]",1,0.000244140625,False,False,,,,2.3138059776997144,0.07575205846580091,{},{}
"[0, 1, 0, 1, 1, 0, 0, 1, 0, 1, 0, 1, 0, 1, 1, 1, 1, 1]",010110010101011111,"[""010110010101011111""]",1,0.000244140625,False,False,,,,8.590836548579313,0.30210648444694665,{},{}
"[0, 1, 0, 1, 1, 0, 0, 1, 1, 0, 0, 0, 0, 0, 0, 0, 1, 0]",010110011000000010,"[""010110011000000010""]",1,0.000244140625,False,False,,,,4.401916260324981,0.15105087995023053,{},{}
"[0, 1, 0, 1, 1, 0, 0, 1, 1, 0, 0, 0, 0, 0, 1, 0, 0, 0]",010110011000001000,"[""010110011000001000""]",1,0.000244140625,False,False,,,,4.332891347811757,0.14856178988225907,{},{}
"[0, 1, 0, 1, 1, 0, 0, 1, 1, 0, 0, 1, 0, 1, 0, 1, 0, 1]",010110011001010101,"[""010110011001010101""]",1,0.000244140625,False,False,,,,4.065430710013333,0.13891695886577893,{},{}
"[0, 1, 0, 1, 1, 0, 0, 1, 1, 1, 0, 0, 0, 1, 1, 1, 1, 1]",010110011100011111,"[""010110011100011111""]",1,0.000244140625,False,False,,,,8.626875925823038,0.3034060913959022,{},{}
"[0, 1, 0, 1, 1, 0, 0, 1, 1, 1, 0, 0, 1, 0, 1, 0, 0, 1]",010110011100101001,"[""010110011100101001""]",1,0.000244140625,False,False,,,,4.005229898019794,0.1367460724747498,{},{}
"[0, 1, 0, 1, 1, 0, 0, 1, 1, 1, 0, 1, 0, 0, 0, 1, 1, 1]",010110011101000111,"[""010110011101000111""]",1,0.000244140625,False,False,,,,9.30920669131528,0.3280114500934988,{},{}
"[0, 1, 0, 1, 1, 0, 0, 1, 1, 1, 1, 0, 0, 0, 0, 1, 1, 1]",010110011110000111,"[""010110011110000111""]",1,0.000244140625,False,False,,,,9.388824430903,0.3308825254433468,{},{}
"[0, 1, 0, 1, 1, 0, 0, 1, 1, 1, 1, 0, 1, 1, 1, 1, 0, 0]",010110011110111100,"[""010110011110111100""]",1,0.000244140625,False,False,,,,8.54139279135854,0.30032350551165515,{},{}
"[0, 1, 0, 1, 1, 0, 0, 1, 1, 1, 1, 1, 0, 0, 1, 0, 0, 0]",010110011111001000,"[""010110011111001000""]",1,0.000244140625,False,False,,,,7.985819232500674,0.28028910666883533,{},{}
"[0, 1, 0, 1, 1, 0, 0, 1, 1, 1, 1, 1, 0, 1, 1, 0, 0, 0]",010110011111011000,"[""010110011111011000""]",1,0.000244140625,False,False,,,,9.276913612136264,0.3268469374599869,{},{}
"[0, 1, 0, 1, 1, 0, 1, 0, 0, 1, 1, 0, 1, 1, 0, 0, 0, 0]",010110100110110000,"[""010110100110110000""]",1,0.000244140625,False,False,,,,4.746558013997369,0.1634789198395945,{},{}
"[0, 1, 0, 1, 1, 0, 1, 0, 1, 0, 0, 0, 0, 0, 0, 0, 1, 0]",010110101000000010,"[""010110101000000010""]",1,0.000244140625,False,False,,,,4.31425050548739,0.14788958713981712,{},{}
"[0, 1, 0, 1, 1, 0, 1, 0, 1, 0, 0, 0, 1, 0, 0, 1, 1, 1]",010110101000100111,"[""010110101000100111""]",1,0.000244140625,False,False,,,,8.102430882575582,0.2844942101516628,{},{}
"[0, 1, 0, 1, 1, 0, 1, 0, 1, 0, 0, 1, 0, 0, 1, 1, 0, 1]",010110101001001101,"[""010110101001001101""]",1,0.000244140625,False,False,,,,4.015180774580927,0.13710490854007887,{},{}
"[0, 1, 0, 1, 1, 0, 1, 0, 1, 0, 0, 1, 0, 1, 0, 0, 1, 0]",010110101001010010,"[""010110101001010010""]",1,0.000244140625,False,False,,,,2.77364459160564,0.09233418345616173,{},{}
"[0, 1, 0, 1, 1, 0, 1, 0, 1, 0, 0, 1, 1, 1, 1, 1, 0, 1]",010110101001111101,"[""010110101001111101""]",1,0.000244140625,False,False,,,,8.52695217119031,0.29980276592753463,{},{}
"[0, 1, 0, 1, 1, 0, 1, 0, 1, 0, 1, 0, 1, 0, 0, 0, 1, 1]",010110101010100011,"[""010110101010100011""]",1,0.000244140625,False,False,,,,4.0712305044243955,0.1391261037982276,{},{}
"[0, 1, 0, 1, 1, 0, 1, 0, 1, 0, 1, 0, 1, 0, 1, 0, 1, 0]",010110101010101010,"[""010110101010101010""]",1,0.000244140625,False,False,,,,3.986386508120815,0.1360665657149915,{},{}
"[0, 1, 0, 1, 1, 0, 1, 0, 1, 0, 1, 0, 1, 1, 1, 1, 1, 0]",010110101010111110,"[""010110101010111110""]",1,0.000244140625,False,False,,,,8.549713203571246,0.3006235458108168,{},{}
"[0, 1, 0, 1, 1, 0, 1, 0, 1, 0, 1, 1, 0, 0, 0, 1, 0, 0]",010110101011000100,"[""010110101011000100""]",1,0.000244140625,False,False,,,,4.716127213248832,0.16238156236175502,{},{}
"[0, 1, 0, 1, 1, 0, 1, 0, 1, 0, 1, 1, 0, 1, 1, 0, 1, 0]",010110101011011010,"[""010110101011011010""]",1,0.000244140625,False,False,,,,5.28512513556737,0.18290005381030458,{},{}
"[0, 1, 0, 1, 1, 0, 1, 0, 1, 0, 1, 1, 1, 0, 0, 0, 1, 0]",010110101011100010,"[""010110101011100010""]",1,0.000244140625,False,False,,,,3.9942840244633127,0.136351356072183,{},{}
"[0, 1, 0, 1, 1, 0, 1, 0, 1, 0, 1, 1, 1, 0, 0, 1, 1, 0]",010110101011100110,"[""010110101011100110""]",1,0.000244140625,False,False,,,,5.264063179420043,0.18214054388918274,{},{}
"[0, 1, 0, 1, 1, 0, 1, 0, 1, 1, 0, 1, 0, 0, 0, 0, 1, 0]",010110101101000010,"[""010110101101000010""]",1,0.000244140625,False,False,,,,4.7384690620504335,0.1631872261710577,{},{}
"[0, 1, 0, 1, 1, 0, 1, 0, 1, 1, 0, 1, 0, 0, 1, 0, 1, 0]",010110101101001010,"[""010110101101001010""]",1,0.000244140625,False,False,,,,3.9657407347832976,0.1353220636578515,{},{}
"[0, 1, 0, 1, 1, 0, 1, 0, 1, 1, 1, 0, 0, 1, 1, 1, 1, 1]",010110101110011111,"[""010110101110011111""]",1,0.000244140625,False,False,,,,9.84459268700036,0.3473178702810714,{},{}
"[0, 1, 0, 1, 1, 0, 1, 0, 1, 1, 1, 0, 1, 0, 0, 0, 1, 1]",010110101110100011,"[""010110101110100011""]",1,0.000244140625,False,False,,,,5.323990782066895,0.18430157814644516,{},{}
"[0, 1, 0, 1, 1, 0, 1, 0, 1, 1, 1, 0, 1, 0, 1, 1, 0, 0]",010110101110101100,"[""010110101110101100""]",1,0.000244140625,False,False,,,,5.27100479892599,0.18239086389016176,{},{}
"[0, 1, 0, 1, 1, 0, 1, 0, 1, 1, 1, 1, 0, 1, 0, 0, 1, 0]",010110101111010010,"[""010110101111010010""]",1,0.000244140625,False,False,,,,7.270595379349679,0.25449759858234045,{},{}
"[0, 1, 0, 1, 1, 0, 1, 1, 0, 0, 0, 0, 1, 0, 0, 0, 0, 1]",010110110000100001,"[""010110110000100001""]",1,0.000244140625,False,False,,,,3.537911538448623,0.11989422225086915,{},{}
"[0, 1, 0, 1, 1, 0, 1, 1, 0, 1, 0, 1, 0, 0, 0, 0, 0, 1]",010110110101000001,"[""010110110101000001""]",1,0.000244140625,False,False,,,,4.749388178496493,0.16358097769217264,{},{}
"[0, 1, 0, 1, 1, 0, 1, 1, 1, 0, 0, 0, 1, 1, 0, 0, 1, 1]",010110111000110011,"[""010110111000110011""]",1,0.000244140625,False,False,,,,9.409452621220066,0.33162639344359374,{},{}
"[0, 1, 0, 1, 1, 0, 1, 1, 1, 0, 0, 1, 1, 1, 0, 1, 0, 1]",010110111001110101,"[""010110111001110101""]",1,0.000244140625,False,False,,,,8.571033132660414,0.3013923584295295,{},{}
"[0, 1, 0, 1, 1, 0, 1, 1, 1, 0, 0, 1, 1, 1, 0, 1, 1, 0]",010110111001110110,"[""010110111001110110""]",1,0.000244140625,False,False,,,,8.586490263530719,0.30194975415127323,{},{}
"[0, 1, 0, 1, 1, 0, 1, 1, 1, 0, 1, 0, 0, 1, 0, 1, 1, 1]",010110111010010111,"[""010110111010010111""]",1,0.000244140625,False,False,,,,10.728723601378539,0.37920029356329776,{},{}
"[0, 1, 0, 1, 1, 0, 1, 1, 1, 0, 1, 0, 0, 1, 1, 0, 1, 0]",010110111010011010,"[""010110111010011010""]",1,0.000244140625,False,False,,,,7.407662447825393,0.25944033978065056,{},{}
"[0, 1, 0, 1, 1, 0, 1, 1, 1, 0, 1, 0, 1, 0, 1, 0, 0, 1]",010110111010101001,"[""010110111010101001""]",1,0.000244140625,False,False,,,,7.293356461361187,0.2553183802553382,{},{}
"[0, 1, 0, 1, 1, 0, 1, 1, 1, 0, 1, 1, 1, 0, 0, 0, 1, 0]",010110111011100010,"[""010110111011100010""]",1,0.000244140625,False,False,,,,7.315269955651649,0.2561085972799884,{},{}
"[0, 1, 0, 1, 1, 0, 1, 1, 1, 1, 0, 1, 1, 1, 1, 0, 0, 0]",010110111101111000,"[""010110111101111000""]",1,0.000244140625,False,False,,,,12.510098993677426,0.4434380250555389,{},{}
"[0, 1, 0, 1, 1, 1, 0, 0, 0, 0, 0, 0, 1, 0, 1, 1, 1, 1]",010111000000101111,"[""010111000000101111""]",1,0.000244140625,False,False,,,,12.096797203276358,0.42853405279240814,{},{}
"[0, 1, 0, 1, 1, 1, 0, 0, 0, 0, 0, 0, 1, 1, 1, 0, 1, 0]",010111000000111010,"[""010111000000111010""]",1,0.000244140625,False,False,,,,10.803959083198261,0.3819133414142551,{},{}
"[0, 1, 0, 1, 1, 1, 0, 0, 0, 0, 0, 1, 0, 0, 0, 0, 0, 0]",010111000001000000,"[""010111000001000000""]",1,0.000244140625,False,False,,,,7.088949439219363,0.2479473098676813,{},{}
"[0, 1, 0, 1, 1, 1, 0, 0, 0, 0, 1, 0, 0, 1, 0, 1, 1, 1]",010111000010010111,"[""010111000010010111""]",1,0.000244140625,False,False,,,,10.210149319496947,0.3605001163730752,{},{}
"[0, 1, 0, 1, 1, 1, 0, 0, 0, 1, 0, 0, 1, 0, 1, 0, 0, 0]",010111000100101000,"[""010111000100101000""]",1,0.000244140625,False,False,,,,7.482203538683281,0.26212834737319307,{},{}
"[0, 1, 0, 1, 1, 1, 0, 0, 0, 1, 0, 0, 1, 1, 1, 0, 1, 1]",010111000100111011,"[""010111000100111011""]",1,0.000244140625,False,False,,,,11.335593288375005,0.4010844692247512,{},{}
"[0, 1, 0, 1, 1, 1, 0, 0, 0, 1, 0, 1, 1, 0, 0, 1, 0, 0]",010111000101100100,"[""010111000101100100""]",1,0.000244140625,False,False,,,,6.755877007420461,0.2359364683943666,{},{}
"[0, 1, 0, 1, 1, 1, 0, 0, 0, 1, 0, 1, 1, 0, 1, 1, 0, 1]",010111000101101101,"[""010111000101101101""]",1,0.000244140625,False,False,,,,9.31394168771944,0.32818219761192874,{},{}
"[0, 1, 0, 1, 1, 1, 0, 0, 0, 1, 0, 1, 1, 1, 1, 0, 0, 1]",010111000101111001,"[""010111000101111001""]",1,0.000244140625,False,False,,,,11.266248119656817,0.3985838304780498,{},{}
"[0, 1, 0, 1, 1, 1, 0, 0, 0, 1, 1, 0, 1, 0, 1, 1, 0, 1]",010111000110101101,"[""010111000110101101""]",1,0.000244140625,False,False,,,,9.2954137300538,0.32751406557486884,{},{}
"[0, 1, 0, 1, 1, 1, 0, 0, 1, 0, 0, 1, 0, 1, 0, 0, 0, 1]",010111001001010001,"[""010111001001010001""]",1,0.000244140625,False,False,,,,4.935637077039149,0.1702972525363361,{},{}
"[0, 1, 0, 1, 1, 1, 0, 0, 1, 0, 0, 1, 1, 0, 0, 1, 1, 1]",010111001001100111,"[""010111001001100111""]",1,0.000244140625,False,False,,,,9.393168296275634,0.33103916848369197,{},{}
"[0, 1, 0, 1, 1, 1, 0, 0, 1, 0, 1, 1, 0, 0, 1, 0, 0, 0]",010111001011001000,"[""010111001011001000""]",1,0.000244140625,False,False,,,,6.807673791986877,0.23780429925894647,{},{}
"[0, 1, 0, 1, 1, 1, 0, 0, 1, 1, 1, 0, 1, 0, 0, 0, 0, 1]",010111001110100001,"[""010111001110100001""]",1,0.000244140625,False,False,,,,6.115973383532861,0.21286106421515205,{},{}
"[0, 1, 0, 1, 1, 1, 0, 0, 1, 1, 1, 0, 1, 0, 1, 0, 0, 1]",010111001110101001,"[""010111001110101001""]",1,0.000244140625,False,False,,,,7.3195525072382335,0.2562630292992641,{},{}
"[0, 1, 0, 1, 1, 1, 0, 0, 1, 1, 1, 0, 1, 1, 0, 0, 0, 0]",010111001110110000,"[""010111001110110000""]",1,0.000244140625,False,False,,,,8.028774363270113,0.28183810087214045,{},{}
"[0, 1, 0, 1, 1, 1, 0, 0, 1, 1, 1, 1, 1, 1, 0, 0, 1, 0]",010111001111110010,"[""010111001111110010""]",1,0.000244140625,False,False,,,,10.555923084320186,0.3729689774327938,{},{}
"[0, 1, 0, 1, 1, 1, 0, 1, 0, 0, 0, 0, 0, 1, 0, 0, 0, 0]",010111010000010000,"[""010111010000010000""]",1,0.000244140625,False,False,,,,6.421469855642833,0.22387749591846745,{},{}
"[0, 1, 0, 1, 1, 1, 0, 1, 0, 0, 0, 0, 1, 1, 0, 1, 1, 1]",010111010000110111,"[""010111010000110111""]",1,0.000244140625,False,False,,,,11.467857243788695,0.4058540065669067,{},{}
"[0, 1, 0, 1, 1, 1, 0, 1, 0, 0, 0, 1, 0, 1, 1, 1, 0, 1]",010111010001011101,"[""010111010001011101""]",1,0.000244140625,False,False,,,,7.378191559052052,0.25837759744793176,{},{}
"[0, 1, 0, 1, 1, 1, 0, 1, 0, 0, 0, 1, 1, 0, 1, 0, 1, 0]",010111010001101010,"[""010111010001101010""]",1,0.000244140625,False,False,,,,6.040283239570695,0.21013162090664425,{},{}
"[0, 1, 0, 1, 1, 1, 0, 1, 0, 1, 1, 1, 0, 1, 0, 0, 1, 1]",010111010111010011,"[""010111010111010011""]",1,0.000244140625,False,False,,,,10.738592209806116,0.3795561629780844,{},{}
"[0, 1, 0, 1, 1, 1, 0, 1, 1, 0, 0, 0, 0, 0, 0, 1, 1, 0]",010111011000000110,"[""010111011000000110""]",1,0.000244140625,False,False,,,,8.915645473564638,0.3138193376724335,{},{}
"[0, 1, 0, 1, 1, 1, 0, 1, 1, 0, 0, 0, 0, 1, 0, 1, 1, 0]",010111011000010110,"[""010111011000010110""]",1,0.000244140625,False,False,,,,8.216078522465065,0.28859242920616884,{},{}
"[0, 1, 0, 1, 1, 1, 0, 1, 1, 0, 0, 1, 0, 1, 1, 0, 0, 0]",010111011001011000,"[""010111011001011000""]",1,0.000244140625,False,False,,,,8.130734983011845,0.28551487722263186,{},{}
"[0, 1, 0, 1, 1, 1, 0, 1, 1, 0, 1, 1, 0, 1, 1, 1, 0, 1]",010111011011011101,"[""010111011011011101""]",1,0.000244140625,False,False,,,,9.975716277412921,0.35204628520677145,{},{}
"[0, 1, 0, 1, 1, 1, 0, 1, 1, 0, 1, 1, 1, 0, 1, 0, 1, 1]",010111011011101011,"[""010111011011101011""]",1,0.000244140625,False,False,,,,9.96214460207752,0.35155688042445304,{},{}
"[0, 1, 0, 1, 1, 1, 0, 1, 1, 1, 0, 1, 1, 1, 0, 0, 1, 1]",010111011101110011,"[""010111011101110011""]",1,0.000244140625,False,False,,,,9.960847828905113,0.3515101178121392,{},{}
"[0, 1, 0, 1, 1, 1, 0, 1, 1, 1, 1, 0, 1, 1, 1, 0, 0, 0]",010111011110111000,"[""010111011110111000""]",1,0.000244140625,False,False,,,,12.579914273035989,0.44595561634420244,{},{}
"[0, 1, 0, 1, 1, 1, 0, 1, 1, 1, 1, 1, 1, 0, 1, 0, 0, 1]",010111011111101001,"[""010111011111101001""]",1,0.000244140625,False,False,,,,11.857664395886552,0.4199107445674819,{},{}
"[0, 1, 0, 1, 1, 1, 1, 0, 0, 0, 1, 1, 0, 1, 0, 0, 0, 1]",010111100011010001,"[""010111100011010001""]",1,0.000244140625,False,False,,,,6.064385121325113,0.21100075282307879,{},{}
"[0, 1, 0, 1, 1, 1, 1, 0, 0, 0, 1, 1, 1, 0, 1, 1, 0, 0]",010111100011101100,"[""010111100011101100""]",1,0.000244140625,False,False,,,,7.234954993605873,0.25321237956585013,{},{}
"[0, 1, 0, 1, 1, 1, 1, 0, 0, 1, 0, 0, 0, 1, 1, 1, 0, 1]",010111100100011101,"[""010111100100011101""]",1,0.000244140625,False,False,,,,7.360035972813472,0.2577228934035624,{},{}
"[0, 1, 0, 1, 1, 1, 1, 0, 0, 1, 1, 0, 0, 0, 0, 0, 0, 1]",010111100110000001,"[""010111100110000001""]",1,0.000244140625,False,False,,,,6.825630468064533,0.23845183045386267,{},{}
"[0, 1, 0, 1, 1, 1, 1, 0, 0, 1, 1, 0, 0, 0, 1, 1, 1, 0]",010111100110001110,"[""010111100110001110""]",1,0.000244140625,False,False,,,,7.288505129639066,0.2551434375981686,{},{}
"[0, 1, 0, 1, 1, 1, 1, 0, 0, 1, 1, 0, 1, 0, 1, 0, 0, 0]",010111100110101000,"[""010111100110101000""]",1,0.000244140625,False,False,,,,7.966971894531285,0.2796094575386996,{},{}
"[0, 1, 0, 1, 1, 1, 1, 0, 1, 0, 0, 0, 0, 1, 0, 1, 1, 1]",010111101000010111,"[""010111101000010111""]",1,0.000244140625,False,False,,,,11.489507566034597,0.40663473341042616,{},{}
"[0, 1, 0, 1, 1, 1, 1, 0, 1, 0, 0, 1, 0, 1, 1, 1, 0, 0]",010111101001011100,"[""010111101001011100""]",1,0.000244140625,False,False,,,,7.280727538346156,0.25486297182812917,{},{}
"[0, 1, 0, 1, 1, 1, 1, 0, 1, 0, 1, 1, 0, 0, 0, 1, 1, 1]",010111101011000111,"[""010111101011000111""]",1,0.000244140625,False,False,,,,12.674409351210299,0.4493631796715851,{},{}
"[0, 1, 0, 1, 1, 1, 1, 0, 1, 0, 1, 1, 1, 1, 1, 0, 0, 1]",010111101011111001,"[""010111101011111001""]",1,0.000244140625,False,False,,,,11.85464008977793,0.41980168582298827,{},{}
"[0, 1, 0, 1, 1, 1, 1, 0, 1, 1, 0, 1, 1, 1, 1, 0, 0, 0]",010111101101111000,"[""010111101101111000""]",1,0.000244140625,False,False,,,,12.525807607939258,0.44400448945682636,{},{}
"[0, 1, 0, 1, 1, 1, 1, 0, 1, 1, 1, 0, 0, 1, 1, 1, 1, 1]",010111101110011111,"[""010111101110011111""]",1,0.000244140625,False,False,,,,13.23939450787617,0.469736967783796,{},{}
"[0, 1, 0, 1, 1, 1, 1, 0, 1, 1, 1, 1, 1, 1, 0, 0, 1, 1]",010111101111110011,"[""010111101111110011""]",1,0.000244140625,False,False,,,,13.214478114219437,0.46883846395782214,{},{}
"[0, 1, 0, 1, 1, 1, 1, 1, 0, 0, 0, 0, 0, 1, 1, 0, 0, 1]",010111110000011001,"[""010111110000011001""]",1,0.000244140625,False,False,,,,8.128028467631356,0.28541727824992624,{},{}
"[0, 1, 0, 1, 1, 1, 1, 1, 0, 0, 0, 1, 0, 0, 1, 0, 1, 1]",010111110001001011,"[""010111110001001011""]",1,0.000244140625,False,False,,,,7.368086011607888,0.25801318383466043,{},{}
"[0, 1, 0, 1, 1, 1, 1, 1, 0, 0, 1, 0, 1, 0, 0, 0, 0, 0]",010111110010100000,"[""010111110010100000""]",1,0.000244140625,False,False,,,,6.792736124843195,0.23726563578843676,{},{}
"[0, 1, 0, 1, 1, 1, 1, 1, 0, 0, 1, 1, 0, 0, 0, 0, 0, 1]",010111110011000001,"[""010111110011000001""]",1,0.000244140625,False,False,,,,8.08277627422952,0.2837854502468287,{},{}
"[0, 1, 0, 1, 1, 1, 1, 1, 0, 0, 1, 1, 1, 0, 1, 1, 1, 0]",010111110011101110,"[""010111110011101110""]",1,0.000244140625,False,False,,,,9.848954883939417,0.34747517437143827,{},{}
"[0, 1, 0, 1, 1, 1, 1, 1, 0, 1, 0, 0, 0, 0, 0, 1, 0, 0]",010111110100000100,"[""010111110100000100""]",1,0.000244140625,False,False,,,,6.838610638962,0.2389199051429145,{},{}
"[0, 1, 0, 1, 1, 1, 1, 1, 0, 1, 1, 0, 0, 0, 1, 1, 0, 1]",010111110110001101,"[""010111110110001101""]",1,0.000244140625,False,False,,,,8.609108386180925,0.30276538060257807,{},{}
"[0, 1, 0, 1, 1, 1, 1, 1, 0, 1, 1, 1, 0, 0, 0, 1, 1, 1]",010111110111000111,"[""010111110111000111""]",1,0.000244140625,False,False,,,,15.936681186087673,0.5670031465699223,{},{}
"[0, 1, 0, 1, 1, 1, 1, 1, 1, 0, 0, 1, 0, 0, 1, 1, 0, 0]",010111111001001100,"[""010111111001001100""]",1,0.000244140625,False,False,,,,9.306615887336854,0.3279180237606581,{},{}
"[0, 1, 0, 1, 1, 1, 1, 1, 1, 0, 0, 1, 1, 1, 1, 1, 0, 0]",010111111001111100,"[""010111111001111100""]",1,0.000244140625,False,False,,,,13.855107854091285,0.4919400524235324,{},{}
"[0, 1, 0, 1, 1, 1, 1, 1, 1, 0, 1, 1, 1, 0, 0, 1, 0, 0]",010111111011100100,"[""010111111011100100""]",1,0.000244140625,False,False,,,,10.58402514087892,0.37398235865014073,{},{}
"[0, 1, 0, 1, 1, 1, 1, 1, 1, 0, 1, 1, 1, 1, 0, 0, 0, 1]",010111111011110001,"[""010111111011110001""]",1,0.000244140625,False,False,,,,11.941897984813243,0.4229482709033081,{},{}
"[0, 1, 1, 0, 0, 0, 0, 0, 0, 0, 1, 0, 1, 0, 1, 1, 1, 0]",011000000010101110,"[""011000000010101110""]",1,0.000244140625,False,False,,,,5.49055180175458,0.19030789332629255,{},{}
"[0, 1, 1, 0, 0, 0, 0, 0, 0, 0, 1, 0, 1, 1, 1, 1, 0, 0]",011000000010111100,"[""011000000010111100""]",1,0.000244140625,False,False,,,,7.487104599775747,0.26230508330872127,{},{}
"[0, 1, 1, 0, 0, 0, 0, 0, 0, 1, 0, 0, 0, 0, 0, 1, 0, 0]",011000000100000100,"[""011000000100000100""]",1,0.000244140625,False,False,,,,3.817698584761689,0.12998355279498974,{},{}
"[0, 1, 1, 0, 0, 0, 0, 0, 0, 1, 0, 0, 1, 1, 0, 1, 0, 0]",011000000100110100,"[""011000000100110100""]",1,0.000244140625,False,False,,,,4.221032095947106,0.1445280614400292,{},{}
"[0, 1, 1, 0, 0, 0, 0, 0, 0, 1, 1, 0, 1, 1, 1, 0, 1, 0]",011000000110111010,"[""011000000110111010""]",1,0.000244140625,False,False,,,,8.708108498683846,0.3063353988436279,{},{}
"[0, 1, 1, 0, 0, 0, 0, 0, 0, 1, 1, 1, 0, 1, 0, 1, 1, 1]",011000000111010111,"[""011000000111010111""]",1,0.000244140625,False,False,,,,11.968990054336,0.42392523123131964,{},{}
"[0, 1, 1, 0, 0, 0, 0, 0, 0, 1, 1, 1, 1, 1, 0, 0, 0, 1]",011000000111110001,"[""011000000111110001""]",1,0.000244140625,False,False,,,,8.657224633479618,0.3045004885353305,{},{}
"[0, 1, 1, 0, 0, 0, 0, 0, 0, 1, 1, 1, 1, 1, 1, 1, 1, 1]",011000000111111111,"[""011000000111111111""]",1,0.000244140625,False,False,,,,16.46994198088927,0.5862329304211503,{},{}
"[0, 1, 1, 0, 0, 0, 0, 0, 1, 0, 0, 0, 0, 1, 0, 1, 1, 1]",011000001000010111,"[""011000001000010111""]",1,0.000244140625,False,False,,,,7.595677461346471,0.2662203020543467,{},{}
"[0, 1, 1, 0, 0, 0, 0, 0, 1, 0, 1, 0, 1, 0, 1, 1, 1, 1]",011000001010101111,"[""011000001010101111""]",1,0.000244140625,False,False,,,,8.007784775795093,0.2810812006195703,{},{}
"[0, 1, 1, 0, 0, 0, 0, 0, 1, 0, 1, 1, 0, 1, 0, 1, 1, 0]",011000001011010110,"[""011000001011010110""]",1,0.000244140625,False,False,,,,4.773425047080893,0.16444776518497975,{},{}
"[0, 1, 1, 0, 0, 0, 0, 0, 1, 0, 1, 1, 0, 1, 1, 0, 0, 0]",011000001011011000,"[""011000001011011000""]",1,0.000244140625,False,False,,,,5.636059558094957,0.19555501205390058,{},{}
"[0, 1, 1, 0, 0, 0, 0, 0, 1, 1, 0, 0, 0, 1, 0, 1, 1, 0]",011000001100010110,"[""011000001100010110""]",1,0.000244140625,False,False,,,,3.471971491601268,0.11751637475040504,{},{}
"[0, 1, 1, 0, 0, 0, 0, 0, 1, 1, 0, 1, 0, 0, 1, 0, 0, 1]",011000001101001001,"[""011000001101001001""]",1,0.000244140625,False,False,,,,3.6163857942239748,0.12272406271759134,{},{}
"[0, 1, 1, 0, 0, 0, 0, 0, 1, 1, 1, 1, 0, 0, 0, 0, 1, 0]",011000001111000010,"[""011000001111000010""]",1,0.000244140625,False,False,,,,7.5031532569934924,0.2628838099138049,{},{}
"[0, 1, 1, 0, 0, 0, 0, 1, 0, 0, 0, 0, 0, 0, 0, 1, 0, 1]",011000010000000101,"[""011000010000000101""]",1,0.000244140625,False,False,,,,5.116075058969357,0.1768039813731347,{},{}
"[0, 1, 1, 0, 0, 0, 0, 1, 0, 0, 1, 1, 0, 1, 0, 1, 1, 0]",011000010011010110,"[""011000010011010110""]",1,0.000244140625,False,False,,,,4.867493836737091,0.16783995622896664,{},{}
"[0, 1, 1, 0, 0, 0, 0, 1, 0, 0, 1, 1, 1, 0, 1, 1, 1, 1]",011000010011101111,"[""011000010011101111""]",1,0.000244140625,False,False,,,,9.29096351511677,0.3273535874895402,{},{}
"[0, 1, 1, 0, 0, 0, 0, 1, 0, 1, 0, 0, 0, 0, 0, 1, 1, 0]",011000010100000110,"[""011000010100000110""]",1,0.000244140625,False,False,,,,4.2749459016218765,0.14647223367213313,{},{}
"[0, 1, 1, 0, 0, 0, 0, 1, 0, 1, 0, 1, 0, 0, 1, 1, 0, 0]",011000010101001100,"[""011000010101001100""]",1,0.000244140625,False,False,,,,3.5589764658679037,0.12065383931828415,{},{}
"[0, 1, 1, 0, 0, 0, 0, 1, 0, 1, 1, 1, 1, 0, 1, 1, 0, 1]",011000010111101101,"[""011000010111101101""]",1,0.000244140625,False,False,,,,9.225657039928961,0.3249985870578764,{},{}
"[0, 1, 1, 0, 0, 0, 0, 1, 1, 0, 0, 0, 0, 0, 0, 0, 1, 0]",011000011000000010,"[""011000011000000010""]",1,0.000244140625,False,False,,,,5.197349763669392,0.1797348081265538,{},{}
"[0, 1, 1, 0, 0, 0, 0, 1, 1, 0, 0, 0, 1, 0, 0, 0, 0, 0]",011000011000100000,"[""011000011000100000""]",1,0.000244140625,False,False,,,,5.1084164828374234,0.17652780737898227,{},{}
"[0, 1, 1, 0, 0, 0, 0, 1, 1, 0, 0, 0, 1, 1, 1, 1, 1, 0]",011000011000111110,"[""011000011000111110""]",1,0.000244140625,False,False,,,,10.066595780146045,0.35532346817446975,{},{}
"[0, 1, 1, 0, 0, 0, 0, 1, 1, 0, 0, 1, 1, 1, 1, 0, 0, 0]",011000011001111000,"[""011000011001111000""]",1,0.000244140625,False,False,,,,8.85719271967623,0.3117114875665555,{},{}
"[0, 1, 1, 0, 0, 0, 0, 1, 1, 0, 1, 1, 0, 0, 1, 0, 1, 0]",011000011011001010,"[""011000011011001010""]",1,0.000244140625,False,False,,,,4.95728372371685,0.17107784683611202,{},{}
"[0, 1, 1, 0, 0, 0, 0, 1, 1, 0, 1, 1, 0, 1, 0, 0, 0, 0]",011000011011010000,"[""011000011011010000""]",1,0.000244140625,False,False,,,,5.664076469995984,0.19656532289108877,{},{}
"[0, 1, 1, 0, 0, 0, 0, 1, 1, 0, 1, 1, 1, 1, 1, 0, 0, 1]",011000011011111001,"[""011000011011111001""]",1,0.000244140625,False,False,,,,9.373414794303557,0.33032684240059934,{},{}
"[0, 1, 1, 0, 0, 0, 0, 1, 1, 0, 1, 1, 1, 1, 1, 1, 0, 0]",011000011011111100,"[""011000011011111100""]",1,0.000244140625,False,False,,,,9.299758920164914,0.32767075638627624,{},{}
"[0, 1, 1, 0, 0, 0, 0, 1, 1, 1, 0, 1, 0, 1, 0, 1, 1, 0]",011000011101010110,"[""011000011101010110""]",1,0.000244140625,False,False,,,,6.0026662482145365,0.20877512401063378,{},{}
"[0, 1, 1, 0, 0, 0, 0, 1, 1, 1, 1, 1, 1, 1, 0, 0, 1, 0]",011000011111110010,"[""011000011111110010""]",1,0.000244140625,False,False,,,,9.26339987870901,0.3263596221062941,{},{}
"[0, 1, 1, 0, 0, 0, 1, 0, 0, 0, 0, 0, 0, 0, 0, 0, 1, 1]",011000100000000011,"[""011000100000000011""]",1,0.000244140625,False,False,,,,5.0879786788769925,0.1757908048534186,{},{}
"[0, 1, 1, 0, 0, 0, 1, 0, 0, 0, 0, 0, 0, 0, 1, 1, 0, 1]",011000100000001101,"[""011000100000001101""]",1,0.000244140625,False,False,,,,4.319062871428723,0.14806312466173316,{},{}
"[0, 1, 1, 0, 0, 0, 1, 0, 0, 0, 0, 0, 1, 0, 1, 0, 1, 0]",011000100000101010,"[""011000100000101010""]",1,0.000244140625,False,False,,,,4.282477913654896,0.14674384367003987,{},{}
"[0, 1, 1, 0, 0, 0, 1, 0, 0, 0, 0, 0, 1, 0, 1, 1, 0, 1]",011000100000101101,"[""011000100000101101""]",1,0.000244140625,False,False,,,,5.543596618066842,0.19222072915082078,{},{}
"[0, 1, 1, 0, 0, 0, 1, 0, 0, 0, 0, 0, 1, 1, 1, 0, 1, 0]",011000100000111010,"[""011000100000111010""]",1,0.000244140625,False,False,,,,7.520249644452396,0.26350031845648497,{},{}
"[0, 1, 1, 0, 0, 0, 1, 0, 0, 0, 0, 0, 1, 1, 1, 1, 0, 0]",011000100000111100,"[""011000100000111100""]",1,0.000244140625,False,False,,,,7.519142182706077,0.2634603825560535,{},{}
"[0, 1, 1, 0, 0, 0, 1, 0, 0, 0, 1, 0, 0, 0, 0, 0, 0, 0]",011000100010000000,"[""011000100010000000""]",1,0.000244140625,False,False,,,,3.8241243646837133,0.1302152712340362,{},{}
"[0, 1, 1, 0, 0, 0, 1, 0, 0, 0, 1, 0, 0, 1, 0, 1, 1, 1]",011000100010010111,"[""011000100010010111""]",1,0.000244140625,False,False,,,,6.741741755291009,0.23542674061054725,{},{}
"[0, 1, 1, 0, 0, 0, 1, 0, 0, 0, 1, 0, 1, 0, 0, 1, 0, 1]",011000100010100101,"[""011000100010100101""]",1,0.000244140625,False,False,,,,3.457449776616971,0.11699271082645003,{},{}
"[0, 1, 1, 0, 0, 0, 1, 0, 0, 0, 1, 0, 1, 1, 0, 0, 1, 1]",011000100010110011,"[""011000100010110011""]",1,0.000244140625,False,False,,,,4.726164030899114,0.1627434975271574,{},{}
"[0, 1, 1, 0, 0, 0, 1, 0, 0, 0, 1, 1, 0, 0, 1, 1, 1, 1]",011000100011001111,"[""011000100011001111""]",1,0.000244140625,False,False,,,,8.003387662339595,0.28092263741345647,{},{}
"[0, 1, 1, 0, 0, 0, 1, 0, 0, 0, 1, 1, 1, 1, 0, 1, 1, 0]",011000100011110110,"[""011000100011110110""]",1,0.000244140625,False,False,,,,5.949684496324069,0.20686456233641182,{},{}
"[0, 1, 1, 0, 0, 0, 1, 0, 0, 1, 0, 1, 0, 0, 1, 0, 0, 0]",011000100101001000,"[""011000100101001000""]",1,0.000244140625,False,False,,,,4.3249405702219175,0.14827507888457792,{},{}
"[0, 1, 1, 0, 0, 0, 1, 0, 0, 1, 0, 1, 1, 1, 0, 0, 0, 1]",011000100101110001,"[""011000100101110001""]",1,0.000244140625,False,False,,,,4.700042038597123,0.16180151891063893,{},{}
"[0, 1, 1, 0, 0, 0, 1, 0, 0, 1, 1, 0, 1, 0, 1, 1, 0, 0]",011000100110101100,"[""011000100110101100""]",1,0.000244140625,False,False,,,,4.722647064384689,0.16261667307926306,{},{}
"[0, 1, 1, 0, 0, 0, 1, 0, 0, 1, 1, 0, 1, 1, 1, 1, 0, 1]",011000100110111101,"[""011000100110111101""]",1,0.000244140625,False,False,,,,9.20070741594463,0.3240988849213887,{},{}
"[0, 1, 1, 0, 0, 0, 1, 0, 0, 1, 1, 1, 1, 0, 0, 1, 0, 0]",011000100111100100,"[""011000100111100100""]",1,0.000244140625,False,False,,,,6.703969725855019,0.23406465292520268,{},{}
"[0, 1, 1, 0, 0, 0, 1, 0, 1, 0, 0, 1, 0, 0, 0, 0, 0, 0]",011000101001000000,"[""011000101001000000""]",1,0.000244140625,False,False,,,,5.108211571256325,0.17652041811382052,{},{}
"[0, 1, 1, 0, 0, 0, 1, 0, 1, 0, 1, 1, 0, 0, 0, 0, 1, 1]",011000101011000011,"[""011000101011000011""]",1,0.000244140625,False,False,,,,6.808435616041447,0.2378317712052153,{},{}
"[0, 1, 1, 0, 0, 0, 1, 0, 1, 0, 1, 1, 1, 0, 1, 1, 0, 0]",011000101011101100,"[""011000101011101100""]",1,0.000244140625,False,False,,,,5.997503930306019,0.20858896695855,{},{}
"[0, 1, 1, 0, 0, 0, 1, 0, 1, 1, 0, 1, 0, 0, 1, 0, 1, 0]",011000101101001010,"[""011000101101001010""]",1,0.000244140625,False,False,,,,4.768737177597334,0.16427871709862052,{},{}
"[0, 1, 1, 0, 0, 0, 1, 0, 1, 1, 0, 1, 1, 0, 1, 1, 0, 0]",011000101101101100,"[""011000101101101100""]",1,0.000244140625,False,False,,,,6.055560521934623,0.21068253115648142,{},{}
"[0, 1, 1, 0, 0, 0, 1, 0, 1, 1, 0, 1, 1, 1, 1, 0, 0, 0]",011000101101111000,"[""011000101101111000""]",1,0.000244140625,False,False,,,,9.99126487517896,0.35260697929331464,{},{}
"[0, 1, 1, 0, 0, 0, 1, 0, 1, 1, 1, 0, 0, 1, 0, 1, 1, 1]",011000101110010111,"[""011000101110010111""]",1,0.000244140625,False,False,,,,9.236042915325875,0.3253731095071833,{},{}
"[0, 1, 1, 0, 0, 0, 1, 0, 1, 1, 1, 1, 1, 0, 0, 0, 0, 0]",011000101111100000,"[""011000101111100000""]",1,0.000244140625,False,False,,,,8.690725001249751,0.305708536900101,{},{}
"[0, 1, 1, 0, 0, 0, 1, 1, 0, 0, 0, 0, 1, 0, 1, 1, 0, 1]",011000110000101101,"[""011000110000101101""]",1,0.000244140625,False,False,,,,6.780755501538477,0.2368336055345749,{},{}
"[0, 1, 1, 0, 0, 0, 1, 1, 0, 0, 1, 1, 0, 1, 0, 1, 0, 0]",011000110011010100,"[""011000110011010100""]",1,0.000244140625,False,False,,,,4.760373320166013,0.1639771101323206,{},{}
"[0, 1, 1, 0, 0, 0, 1, 1, 0, 0, 1, 1, 1, 1, 0, 0, 0, 0]",011000110011110000,"[""011000110011110000""]",1,0.000244140625,False,False,,,,6.752693112116616,0.23582165474390757,{},{}
"[0, 1, 1, 0, 0, 0, 1, 1, 0, 1, 0, 0, 1, 0, 1, 0, 0, 0]",011000110100101000,"[""011000110100101000""]",1,0.000244140625,False,False,,,,5.515550487119308,0.19120936465292068,{},{}
"[0, 1, 1, 0, 0, 0, 1, 1, 0, 1, 1, 1, 0, 1, 1, 0, 0, 1]",011000110111011001,"[""011000110111011001""]",1,0.000244140625,False,False,,,,9.28274178462109,0.3270571057270401,{},{}
"[0, 1, 1, 0, 0, 0, 1, 1, 0, 1, 1, 1, 1, 1, 0, 1, 1, 0]",011000110111110110,"[""011000110111110110""]",1,0.000244140625,False,False,,,,10.521320215092278,0.37172117203931354,{},{}
"[0, 1, 1, 0, 0, 0, 1, 1, 1, 0, 0, 0, 1, 0, 0, 1, 1, 1]",011000111000100111,"[""011000111000100111""]",1,0.000244140625,False,False,,,,12.041177946207405,0.4265283807050765,{},{}
"[0, 1, 1, 0, 0, 0, 1, 1, 1, 0, 0, 1, 1, 0, 0, 0, 0, 0]",011000111001100000,"[""011000111001100000""]",1,0.000244140625,False,False,,,,7.533488722544599,0.26397772953298704,{},{}
"[0, 1, 1, 0, 0, 0, 1, 1, 1, 0, 0, 1, 1, 0, 0, 0, 1, 1]",011000111001100011,"[""011000111001100011""]",1,0.000244140625,False,False,,,,8.040559123019767,0.2822630681394394,{},{}
"[0, 1, 1, 0, 0, 0, 1, 1, 1, 0, 1, 0, 0, 1, 1, 1, 1, 0]",011000111010011110,"[""011000111010011110""]",1,0.000244140625,False,False,,,,9.338635874683634,0.3290726884980625,{},{}
"[0, 1, 1, 0, 0, 0, 1, 1, 1, 0, 1, 0, 1, 0, 1, 1, 1, 1]",011000111010101111,"[""011000111010101111""]",1,0.000244140625,False,False,,,,12.555162894992332,0.44506306310488797,{},{}
"[0, 1, 1, 0, 0, 0, 1, 1, 1, 0, 1, 1, 1, 0, 0, 0, 1, 1]",011000111011100011,"[""011000111011100011""]",1,0.000244140625,False,False,,,,9.294932932510308,0.32749672765517235,{},{}
"[0, 1, 1, 0, 0, 0, 1, 1, 1, 1, 0, 1, 1, 0, 1, 1, 0, 0]",011000111101101100,"[""011000111101101100""]",1,0.000244140625,False,False,,,,9.3042198040546,0.3278316192020323,{},{}
"[0, 1, 1, 0, 0, 0, 1, 1, 1, 1, 0, 1, 1, 1, 1, 1, 1, 1]",011000111101111111,"[""011000111101111111""]",1,0.000244140625,False,False,,,,17.10803390157747,0.6092430032254229,{},{}
"[0, 1, 1, 0, 0, 0, 1, 1, 1, 1, 1, 1, 0, 1, 1, 1, 1, 1]",011000111111011111,"[""011000111111011111""]",1,0.000244140625,False,False,,,,17.118351995776052,0.6096150814339272,{},{}
"[0, 1, 1, 0, 0, 1, 0, 0, 0, 0, 0, 0, 0, 1, 0, 0, 1, 0]",011001000000010010,"[""011001000000010010""]",1,0.000244140625,False,False,,,,3.1921403544893896,0.10742545425904053,{},{}
"[0, 1, 1, 0, 0, 1, 0, 0, 0, 0, 0, 1, 1, 0, 1, 0, 1, 1]",011001000001101011,"[""011001000001101011""]",1,0.000244140625,False,False,,,,4.8766247409696675,0.16816922347769442,{},{}
"[0, 1, 1, 0, 0, 1, 0, 0, 0, 0, 1, 0, 0, 1, 1, 0, 0, 0]",011001000010011000,"[""011001000010011000""]",1,0.000244140625,False,False,,,,4.393713429138268,0.15075507971097368,{},{}
"[0, 1, 1, 0, 0, 1, 0, 0, 0, 1, 1, 0, 0, 0, 1, 1, 0, 1]",011001000110001101,"[""011001000110001101""]",1,0.000244140625,False,False,,,,4.787404910931938,0.16495188955104195,{},{}
"[0, 1, 1, 0, 0, 1, 0, 0, 0, 1, 1, 0, 1, 1, 1, 0, 1, 0]",011001000110111010,"[""011001000110111010""]",1,0.000244140625,False,False,,,,7.968537242815755,0.27966590517080697,{},{}
"[0, 1, 1, 0, 0, 1, 0, 0, 1, 0, 0, 0, 0, 1, 0, 1, 0, 0]",011001001000010100,"[""011001001000010100""]",1,0.000244140625,False,False,,,,2.373906900208803,0.07791934276717014,{},{}
"[0, 1, 1, 0, 0, 1, 0, 0, 1, 0, 0, 0, 0, 1, 1, 0, 0, 0]",011001001000011000,"[""011001001000011000""]",1,0.000244140625,False,False,,,,4.466666671102698,0.1533858282825882,{},{}
"[0, 1, 1, 0, 0, 1, 0, 0, 1, 1, 0, 0, 0, 0, 1, 1, 1, 0]",011001001100001110,"[""011001001100001110""]",1,0.000244140625,False,False,,,,2.7988000859010915,0.0932413094303341,{},{}
"[0, 1, 1, 0, 0, 1, 0, 0, 1, 1, 0, 0, 1, 1, 1, 1, 0, 0]",011001001100111100,"[""011001001100111100""]",1,0.000244140625,False,False,,,,6.023780944340826,0.2095365357749169,{},{}
"[0, 1, 1, 0, 0, 1, 0, 0, 1, 1, 0, 1, 0, 1, 1, 0, 1, 1]",011001001101011011,"[""011001001101011011""]",1,0.000244140625,False,False,,,,5.443798783058771,0.1886219444384743,{},{}
"[0, 1, 1, 0, 0, 1, 0, 0, 1, 1, 1, 0, 0, 1, 1, 1, 0, 0]",011001001110011100,"[""011001001110011100""]",1,0.000244140625,False,False,,,,4.006549759847593,0.13679366768127818,{},{}
"[0, 1, 1, 0, 0, 1, 0, 0, 1, 1, 1, 1, 1, 0, 1, 0, 0, 1]",011001001111101001,"[""011001001111101001""]",1,0.000244140625,False,False,,,,7.329942323486847,0.2566376938586363,{},{}
"[0, 1, 1, 0, 0, 1, 0, 1, 0, 0, 0, 0, 0, 0, 1, 0, 0, 1]",011001010000001001,"[""011001010000001001""]",1,0.000244140625,False,False,,,,2.5001618876343445,0.08247219222094627,{},{}
"[0, 1, 1, 0, 0, 1, 0, 1, 0, 0, 0, 1, 1, 0, 1, 0, 1, 1]",011001010001101011,"[""011001010001101011""]",1,0.000244140625,False,False,,,,4.139724372399178,0.1415960440022129,{},{}
"[0, 1, 1, 0, 0, 1, 0, 1, 0, 0, 1, 0, 0, 0, 1, 0, 1, 0]",011001010010001010,"[""011001010010001010""]",1,0.000244140625,False,False,,,,1.6955396797693214,0.0534569124741969,{},{}
"[0, 1, 1, 0, 0, 1, 0, 1, 0, 0, 1, 1, 0, 1, 1, 1, 0, 0]",011001010011011100,"[""011001010011011100""]",1,0.000244140625,False,False,,,,4.120687890138505,0.14090957418720113,{},{}
"[0, 1, 1, 0, 0, 1, 0, 1, 0, 1, 0, 0, 0, 0, 1, 1, 0, 1]",011001010100001101,"[""011001010100001101""]",1,0.000244140625,False,False,,,,2.8525406494813987,0.09517923442269544,{},{}
"[0, 1, 1, 0, 0, 1, 0, 1, 0, 1, 0, 0, 1, 1, 1, 0, 0, 1]",011001010100111001,"[""011001010100111001""]",1,0.000244140625,False,False,,,,6.070840342106557,0.21123353292157693,{},{}
"[0, 1, 1, 0, 0, 1, 0, 1, 0, 1, 1, 1, 0, 0, 0, 0, 0, 0]",011001010111000000,"[""011001010111000000""]",1,0.000244140625,False,False,,,,7.5365343542950125,0.2640875572961037,{},{}
"[0, 1, 1, 0, 0, 1, 0, 1, 0, 1, 1, 1, 0, 0, 0, 1, 0, 0]",011001010111000100,"[""011001010111000100""]",1,0.000244140625,False,False,,,,6.73406541455799,0.23514992601156806,{},{}
"[0, 1, 1, 0, 0, 1, 0, 1, 0, 1, 1, 1, 0, 1, 1, 0, 1, 0]",011001010111011010,"[""011001010111011010""]",1,0.000244140625,False,False,,,,7.400663755296804,0.2591879616837083,{},{}
"[0, 1, 1, 0, 0, 1, 0, 1, 0, 1, 1, 1, 1, 0, 1, 0, 1, 1]",011001010111101011,"[""011001010111101011""]",1,0.000244140625,False,False,,,,8.56383054265129,0.30113262763665166,{},{}
"[0, 1, 1, 0, 0, 1, 0, 1, 1, 0, 0, 0, 0, 0, 0, 0, 0, 0]",011001011000000000,"[""011001011000000000""]",1,0.000244140625,False,False,,,,5.2463369919467775,0.1815013242860539,{},{}
"[0, 1, 1, 0, 0, 1, 0, 1, 1, 0, 0, 0, 0, 1, 0, 1, 0, 0]",011001011000010100,"[""011001011000010100""]",1,0.000244140625,False,False,,,,3.648506930286655,0.12388237495348531,{},{}
"[0, 1, 1, 0, 0, 1, 0, 1, 1, 0, 1, 0, 0, 1, 0, 1, 0, 0]",011001011010010100,"[""011001011010010100""]",1,0.000244140625,False,False,,,,2.8870857070922016,0.0964249550859426,{},{}
"[0, 1, 1, 0, 0, 1, 0, 1, 1, 1, 0, 0, 0, 1, 0, 1, 0, 1]",011001011100010101,"[""011001011100010101""]",1,0.000244140625,False,False,,,,4.161253273723853,0.142372392316328,{},{}
"[0, 1, 1, 0, 0, 1, 0, 1, 1, 1, 0, 1, 0, 0, 0, 0, 1, 0]",011001011101000010,"[""011001011101000010""]",1,0.000244140625,False,False,,,,4.846411894999124,0.16707972561247042,{},{}
"[0, 1, 1, 0, 0, 1, 0, 1, 1, 1, 1, 1, 0, 0, 0, 0, 1, 0]",011001011111000010,"[""011001011111000010""]",1,0.000244140625,False,False,,,,8.100785704489665,0.284434883797096,{},{}
"[0, 1, 1, 0, 0, 1, 1, 0, 0, 0, 0, 1, 1, 1, 1, 1, 0, 0]",011001100001111100,"[""011001100001111100""]",1,0.000244140625,False,False,,,,6.025519938100523,0.20959924519297948,{},{}
"[0, 1, 1, 0, 0, 1, 1, 0, 0, 1, 0, 0, 0, 0, 0, 1, 1, 1]",011001100100000111,"[""011001100100000111""]",1,0.000244140625,False,False,,,,6.811830109531391,0.23795417918407355,{},{}
"[0, 1, 1, 0, 0, 1, 1, 0, 0, 1, 0, 0, 1, 0, 1, 0, 0, 1]",011001100100101001,"[""011001100100101001""]",1,0.000244140625,False,False,,,,2.8085661292588666,0.09359348027184816,{},{}
"[0, 1, 1, 0, 0, 1, 1, 0, 0, 1, 0, 1, 0, 1, 0, 1, 1, 1]",011001100101010111,"[""011001100101010111""]",1,0.000244140625,False,False,,,,7.2984331574361025,0.25550144971994293,{},{}
"[0, 1, 1, 0, 0, 1, 1, 0, 1, 0, 0, 1, 1, 0, 1, 1, 0, 0]",011001101001101100,"[""011001101001101100""]",1,0.000244140625,False,False,,,,4.095997599972119,0.14001922382251633,{},{}
"[0, 1, 1, 0, 0, 1, 1, 0, 1, 0, 1, 1, 1, 0, 1, 1, 0, 1]",011001101011101101,"[""011001101011101101""]",1,0.000244140625,False,False,,,,6.611034727569921,0.23071334724764658,{},{}
"[0, 1, 1, 0, 0, 1, 1, 0, 1, 1, 0, 1, 0, 1, 1, 0, 1, 1]",011001101101011011,"[""011001101101011011""]",1,0.000244140625,False,False,,,,6.6545120768734005,0.2322811730426055,{},{}
"[0, 1, 1, 0, 0, 1, 1, 0, 1, 1, 1, 0, 0, 0, 0, 1, 0, 1]",011001101110000101,"[""011001101110000101""]",1,0.000244140625,False,False,,,,6.08823839140567,0.21186091961626058,{},{}
"[0, 1, 1, 0, 0, 1, 1, 0, 1, 1, 1, 0, 0, 1, 0, 1, 0, 1]",011001101110010101,"[""011001101110010101""]",1,0.000244140625,False,False,,,,5.327451275125508,0.1844263661192054,{},{}
"[0, 1, 1, 0, 0, 1, 1, 1, 0, 0, 0, 0, 1, 1, 1, 1, 0, 1]",011001110000111101,"[""011001110000111101""]",1,0.000244140625,False,False,,,,9.33899119461895,0.32908550160118344,{},{}
"[0, 1, 1, 0, 0, 1, 1, 1, 0, 0, 0, 1, 0, 1, 0, 1, 0, 0]",011001110001010100,"[""011001110001010100""]",1,0.000244140625,False,False,,,,2.77432577114988,0.09235874730095832,{},{}
"[0, 1, 1, 0, 0, 1, 1, 1, 0, 0, 0, 1, 1, 1, 1, 0, 0, 1]",011001110001111001,"[""011001110001111001""]",1,0.000244140625,False,False,,,,7.344828734851472,0.25717450900734545,{},{}
"[0, 1, 1, 0, 0, 1, 1, 1, 0, 0, 1, 0, 0, 0, 1, 0, 1, 1]",011001110010001011,"[""011001110010001011""]",1,0.000244140625,False,False,,,,4.128374309068015,0.14118675221349772,{},{}
"[0, 1, 1, 0, 0, 1, 1, 1, 0, 1, 0, 0, 0, 0, 0, 0, 0, 0]",011001110100000000,"[""011001110100000000""]",1,0.000244140625,False,False,,,,4.288952039474041,0.14697730549836374,{},{}
"[0, 1, 1, 0, 0, 1, 1, 1, 0, 1, 0, 1, 0, 1, 1, 1, 1, 1]",011001110101011111,"[""011001110101011111""]",1,0.000244140625,False,False,,,,9.886572257830357,0.3488316850619396,{},{}
"[0, 1, 1, 0, 0, 1, 1, 1, 0, 1, 1, 0, 1, 0, 1, 0, 0, 1]",011001110110101001,"[""011001110110101001""]",1,0.000244140625,False,False,,,,5.253027574875388,0.18174259171994384,{},{}
"[0, 1, 1, 0, 0, 1, 1, 1, 1, 0, 0, 0, 0, 0, 1, 1, 1, 1]",011001111000001111,"[""011001111000001111""]",1,0.000244140625,False,False,,,,11.427937870990787,0.404414484070853,{},{}
"[0, 1, 1, 0, 1, 0, 0, 0, 0, 0, 0, 0, 0, 1, 1, 0, 0, 0]",011010000000011000,"[""011010000000011000""]",1,0.000244140625,False,False,,,,5.209600565999195,0.18017658123851468,{},{}
"[0, 1, 1, 0, 1, 0, 0, 0, 0, 0, 0, 0, 1, 1, 0, 1, 1, 0]",011010000000110110,"[""011010000000110110""]",1,0.000244140625,False,False,,,,5.556615142445755,0.19269018689515313,{},{}
"[0, 1, 1, 0, 1, 0, 0, 0, 0, 0, 1, 1, 0, 0, 0, 0, 0, 1]",011010000011000001,"[""011010000011000001""]",1,0.000244140625,False,False,,,,4.396739477017299,0.15086420126501343,{},{}
"[0, 1, 1, 0, 1, 0, 0, 0, 0, 0, 1, 1, 0, 0, 0, 1, 1, 0]",011010000011000110,"[""011010000011000110""]",1,0.000244140625,False,False,,,,5.5969182688097145,0.1941435478323584,{},{}
"[0, 1, 1, 0, 1, 0, 0, 0, 0, 0, 1, 1, 0, 1, 0, 0, 0, 1]",011010000011010001,"[""011010000011010001""]",1,0.000244140625,False,False,,,,3.661893108695013,0.12436509057761527,{},{}
"[0, 1, 1, 0, 1, 0, 0, 0, 0, 0, 1, 1, 0, 1, 1, 1, 0, 1]",011010000011011101,"[""011010000011011101""]",1,0.000244140625,False,False,,,,6.1077247066503615,0.2125636107457514,{},{}
"[0, 1, 1, 0, 1, 0, 0, 0, 0, 0, 1, 1, 1, 0, 0, 0, 1, 0]",011010000011100010,"[""011010000011100010""]",1,0.000244140625,False,False,,,,3.5798993914954824,0.12140833569468353,{},{}
"[0, 1, 1, 0, 1, 0, 0, 0, 0, 0, 1, 1, 1, 0, 1, 0, 1, 1]",011010000011101011,"[""011010000011101011""]",1,0.000244140625,False,False,,,,6.103491700579796,0.21241096537490955,{},{}
"[0, 1, 1, 0, 1, 0, 0, 0, 0, 0, 1, 1, 1, 1, 1, 0, 1, 1]",011010000011111011,"[""011010000011111011""]",1,0.000244140625,False,False,,,,9.40637791033833,0.3315155170652116,{},{}
"[0, 1, 1, 0, 1, 0, 0, 0, 0, 1, 0, 0, 0, 0, 1, 0, 0, 0]",011010000100001000,"[""011010000100001000""]",1,0.000244140625,False,False,,,,3.0882009630090557,0.10367732191689331,{},{}
"[0, 1, 1, 0, 1, 0, 0, 0, 0, 1, 0, 0, 1, 0, 1, 1, 1, 0]",011010000100101110,"[""011010000100101110""]",1,0.000244140625,False,False,,,,4.743587186343988,0.1633717895682701,{},{}
"[0, 1, 1, 0, 1, 0, 0, 0, 0, 1, 0, 1, 1, 0, 0, 1, 0, 0]",011010000101100100,"[""011010000101100100""]",1,0.000244140625,False,False,,,,3.4689078902887616,0.11740589899141407,{},{}
"[0, 1, 1, 0, 1, 0, 0, 0, 0, 1, 1, 0, 0, 0, 1, 1, 1, 1]",011010000110001111,"[""011010000110001111""]",1,0.000244140625,False,False,,,,8.027057741785734,0.28177619821509015,{},{}
"[0, 1, 1, 0, 1, 0, 0, 0, 1, 0, 0, 0, 0, 1, 0, 0, 0, 1]",011010001000010001,"[""011010001000010001""]",1,0.000244140625,False,False,,,,2.459324884402829,0.08099957928384459,{},{}
"[0, 1, 1, 0, 1, 0, 0, 0, 1, 0, 0, 1, 1, 1, 1, 1, 0, 1]",011010001001111101,"[""011010001001111101""]",1,0.000244140625,False,False,,,,7.317263796806799,0.256180496686097,{},{}
"[0, 1, 1, 0, 1, 0, 0, 0, 1, 1, 1, 1, 0, 0, 0, 1, 0, 1]",011010001111000101,"[""011010001111000101""]",1,0.000244140625,False,False,,,,7.9980465843479225,0.2807300341388231,{},{}
"[0, 1, 1, 0, 1, 0, 0, 0, 1, 1, 1, 1, 1, 1, 1, 1, 0, 0]",011010001111111100,"[""011010001111111100""]",1,0.000244140625,False,False,,,,10.478611328414628,0.37018105758247755,{},{}
"[0, 1, 1, 0, 1, 0, 0, 1, 0, 0, 0, 1, 1, 0, 0, 0, 1, 0]",011010010001100010,"[""011010010001100010""]",1,0.000244140625,False,False,,,,1.620570765235402,0.0507534772393137,{},{}
"[0, 1, 1, 0, 1, 0, 0, 1, 0, 0, 1, 0, 0, 1, 0, 1, 0, 1]",011010010010010101,"[""011010010010010101""]",1,0.000244140625,False,False,,,,2.916694123861621,0.09749265678125446,{},{}
"[0, 1, 1, 0, 1, 0, 0, 1, 0, 0, 1, 0, 0, 1, 1, 0, 1, 0]",011010010010011010,"[""011010010010011010""]",1,0.000244140625,False,False,,,,3.112219255875492,0.10454343955539118,{},{}
"[0, 1, 1, 0, 1, 0, 0, 1, 0, 1, 0, 0, 0, 1, 0, 0, 1, 0]",011010010100010010,"[""011010010100010010""]",1,0.000244140625,False,False,,,,1.6800700133711137,0.05289906471192362,{},{}
"[0, 1, 1, 0, 1, 0, 0, 1, 1, 0, 0, 0, 0, 0, 1, 1, 1, 0]",011010011000001110,"[""011010011000001110""]",1,0.000244140625,False,False,,,,4.898018386681546,0.16894069437306042,{},{}
"[0, 1, 1, 0, 1, 0, 0, 1, 1, 0, 0, 0, 0, 1, 1, 0, 0, 0]",011010011000011000,"[""011010011000011000""]",1,0.000244140625,False,False,,,,5.746397154831897,0.19953386847199658,{},{}
"[0, 1, 1, 0, 1, 0, 0, 1, 1, 0, 0, 0, 1, 0, 1, 1, 1, 1]",011010011000101111,"[""011010011000101111""]",1,0.000244140625,False,False,,,,9.373410053059402,0.3303266714277824,{},{}
"[0, 1, 1, 0, 1, 0, 0, 1, 1, 0, 1, 0, 0, 0, 0, 1, 1, 1]",011010011010000111,"[""011010011010000111""]",1,0.000244140625,False,False,,,,8.207144924844533,0.28827027698172003,{},{}
"[0, 1, 1, 0, 1, 0, 0, 1, 1, 0, 1, 0, 1, 0, 1, 0, 1, 1]",011010011010101011,"[""011010011010101011""]",1,0.000244140625,False,False,,,,5.45117833974702,0.18888805678240858,{},{}
"[0, 1, 1, 0, 1, 0, 0, 1, 1, 1, 0, 0, 0, 0, 0, 0, 1, 1]",011010011100000011,"[""011010011100000011""]",1,0.000244140625,False,False,,,,4.89903166789471,0.16897723405289364,{},{}
"[0, 1, 1, 0, 1, 0, 1, 0, 0, 0, 0, 0, 0, 0, 0, 1, 1, 0]",011010100000000110,"[""011010100000000110""]",1,0.000244140625,False,False,,,,4.300823553720749,0.14740540119783457,{},{}
"[0, 1, 1, 0, 1, 0, 1, 0, 0, 0, 0, 0, 1, 0, 0, 1, 1, 1]",011010100000100111,"[""011010100000100111""]",1,0.000244140625,False,False,,,,6.767087074043646,0.23634071179688773,{},{}
"[0, 1, 1, 0, 1, 0, 1, 0, 0, 0, 1, 0, 1, 1, 1, 0, 0, 0]",011010100010111000,"[""011010100010111000""]",1,0.000244140625,False,False,,,,6.7677675683404415,0.23636525093114802,{},{}
"[0, 1, 1, 0, 1, 0, 1, 0, 0, 0, 1, 1, 0, 0, 0, 1, 1, 1]",011010100011000111,"[""011010100011000111""]",1,0.000244140625,False,False,,,,8.036419784738444,0.2821138004992661,{},{}
"[0, 1, 1, 0, 1, 0, 1, 0, 0, 1, 0, 0, 1, 0, 0, 0, 0, 1]",011010100100100001,"[""011010100100100001""]",1,0.000244140625,False,False,,,,1.4861687228613603,0.045906838879225746,{},{}
"[0, 1, 1, 0, 1, 0, 1, 0, 0, 1, 0, 1, 0, 0, 0, 1, 1, 1]",011010100101000111,"[""011010100101000111""]",1,0.000244140625,False,False,,,,8.014477238228519,0.2813225358298123,{},{}
"[0, 1, 1, 0, 1, 0, 1, 0, 0, 1, 1, 0, 0, 0, 0, 0, 1, 0]",011010100110000010,"[""011010100110000010""]",1,0.000244140625,False,False,,,,3.5209423002897253,0.11928229880722463,{},{}
"[0, 1, 1, 0, 1, 0, 1, 0, 0, 1, 1, 1, 1, 0, 0, 1, 0, 0]",011010100111100100,"[""011010100111100100""]",1,0.000244140625,False,False,,,,5.964907627901024,0.20741351986829365,{},{}
"[0, 1, 1, 0, 1, 0, 1, 0, 1, 0, 0, 0, 0, 1, 0, 0, 0, 0]",011010101000010000,"[""011010101000010000""]",1,0.000244140625,False,False,,,,4.336152341596794,0.14867938376172246,{},{}
"[0, 1, 1, 0, 1, 0, 1, 0, 1, 0, 1, 0, 1, 1, 0, 1, 1, 0]",011010101010110110,"[""011010101010110110""]",1,0.000244140625,False,False,,,,5.292778659840195,0.18317604563063203,{},{}
"[0, 1, 1, 0, 1, 0, 1, 0, 1, 0, 1, 0, 1, 1, 1, 0, 1, 1]",011010101010111011,"[""011010101010111011""]",1,0.000244140625,False,False,,,,8.613614174953836,0.302927862722072,{},{}
"[0, 1, 1, 0, 1, 0, 1, 0, 1, 1, 0, 1, 0, 0, 1, 0, 0, 1]",011010101101001001,"[""011010101101001001""]",1,0.000244140625,False,False,,,,4.062096242126734,0.13879671545515654,{},{}
"[0, 1, 1, 0, 1, 0, 1, 0, 1, 1, 1, 0, 0, 0, 0, 1, 1, 0]",011010101110000110,"[""011010101110000110""]",1,0.000244140625,False,False,,,,5.9870101442369865,0.20821055316954531,{},{}
"[0, 1, 1, 0, 1, 0, 1, 0, 1, 1, 1, 0, 0, 1, 0, 0, 0, 1]",011010101110010001,"[""011010101110010001""]",1,0.000244140625,False,False,,,,4.028992285392417,0.137602961969382,{},{}
"[0, 1, 1, 0, 1, 0, 1, 0, 1, 1, 1, 0, 0, 1, 0, 1, 1, 0]",011010101110010110,"[""011010101110010110""]",1,0.000244140625,False,False,,,,5.274101321310525,0.182502526807679,{},{}
"[0, 1, 1, 0, 1, 0, 1, 0, 1, 1, 1, 1, 1, 0, 1, 1, 1, 1]",011010101111101111,"[""011010101111101111""]",1,0.000244140625,False,False,,,,13.086474257203125,0.46422254895611464,{},{}
"[0, 1, 1, 0, 1, 0, 1, 1, 0, 0, 1, 1, 0, 0, 1, 1, 0, 0]",011010110011001100,"[""011010110011001100""]",1,0.000244140625,False,False,,,,4.0872018633421225,0.13970204296869024,{},{}
"[0, 1, 1, 0, 1, 0, 1, 1, 0, 0, 1, 1, 0, 0, 1, 1, 1, 0]",011010110011001110,"[""011010110011001110""]",1,0.000244140625,False,False,,,,5.398979630563877,0.1870057322149736,{},{}
"[0, 1, 1, 0, 1, 0, 1, 1, 0, 1, 1, 0, 0, 0, 0, 0, 1, 1]",011010110110000011,"[""011010110110000011""]",1,0.000244140625,False,False,,,,6.091555521505336,0.2119805378132944,{},{}
"[0, 1, 1, 0, 1, 0, 1, 1, 1, 0, 0, 0, 0, 0, 0, 0, 1, 0]",011010111000000010,"[""011010111000000010""]",1,0.000244140625,False,False,,,,7.64614512545443,0.2680402038392388,{},{}
"[0, 1, 1, 0, 1, 0, 1, 1, 1, 0, 0, 1, 0, 1, 0, 1, 0, 1]",011010111001010101,"[""011010111001010101""]",1,0.000244140625,False,False,,,,7.34701425220212,0.25725332040069326,{},{}
"[0, 1, 1, 0, 1, 0, 1, 1, 1, 0, 1, 0, 0, 1, 1, 0, 1, 1]",011010111010011011,"[""011010111010011011""]",1,0.000244140625,False,False,,,,8.796864536502431,0.30953600807532256,{},{}
"[0, 1, 1, 0, 1, 0, 1, 1, 1, 0, 1, 0, 1, 0, 0, 1, 1, 1]",011010111010100111,"[""011010111010100111""]",1,0.000244140625,False,False,,,,10.62515577968995,0.37546556030627093,{},{}
"[0, 1, 1, 0, 1, 0, 1, 1, 1, 0, 1, 0, 1, 0, 1, 0, 0, 0]",011010111010101000,"[""011010111010101000""]",1,0.000244140625,False,False,,,,8.069588262673442,0.2833098806678852,{},{}
"[0, 1, 1, 0, 1, 0, 1, 1, 1, 0, 1, 0, 1, 1, 1, 1, 0, 1]",011010111010111101,"[""011010111010111101""]",1,0.000244140625,False,False,,,,11.889217233347999,0.42104856352996967,{},{}
"[0, 1, 1, 0, 1, 0, 1, 1, 1, 1, 0, 0, 0, 0, 0, 1, 0, 0]",011010111100000100,"[""011010111100000100""]",1,0.000244140625,False,False,,,,6.763695574561975,0.2362184117842113,{},{}
"[0, 1, 1, 0, 1, 0, 1, 1, 1, 1, 0, 0, 1, 1, 1, 1, 0, 1]",011010111100111101,"[""011010111100111101""]",1,0.000244140625,False,False,,,,11.862674961477854,0.42009142931729365,{},{}
"[0, 1, 1, 0, 1, 0, 1, 1, 1, 1, 0, 1, 1, 1, 0, 0, 1, 1]",011010111101110011,"[""011010111101110011""]",1,0.000244140625,False,False,,,,9.875645558012598,0.34843766007875865,{},{}
"[0, 1, 1, 0, 1, 0, 1, 1, 1, 1, 1, 1, 1, 0, 0, 1, 1, 0]",011010111111100110,"[""011010111111100110""]",1,0.000244140625,False,False,,,,11.834321051868658,0.41906896609022487,{},{}
"[0, 1, 1, 0, 1, 0, 1, 1, 1, 1, 1, 1, 1, 1, 0, 1, 0, 1]",011010111111110101,"[""011010111111110101""]",1,0.000244140625,False,False,,,,13.109958300633942,0.4650694011596325,{},{}
"[0, 1, 1, 0, 1, 1, 0, 0, 0, 0, 0, 0, 1, 0, 1, 0, 0, 1]",011011000000101001,"[""011011000000101001""]",1,0.000244140625,False,False,,,,5.639214556533427,0.1956687836617408,{},{}
"[0, 1, 1, 0, 1, 1, 0, 0, 0, 0, 0, 1, 0, 0, 0, 0, 0, 1]",011011000001000001,"[""011011000001000001""]",1,0.000244140625,False,False,,,,4.481484549104675,0.15392017206688588,{},{}
"[0, 1, 1, 0, 1, 1, 0, 0, 0, 0, 0, 1, 1, 0, 0, 1, 1, 0]",011011000001100110,"[""011011000001100110""]",1,0.000244140625,False,False,,,,4.785647115783336,0.16488850214080691,{},{}
"[0, 1, 1, 0, 1, 1, 0, 0, 0, 0, 1, 0, 0, 1, 1, 0, 1, 1]",011011000010011011,"[""011011000010011011""]",1,0.000244140625,False,False,,,,6.314865017331314,0.22003324556627657,{},{}
"[0, 1, 1, 0, 1, 1, 0, 0, 0, 0, 1, 1, 0, 0, 1, 0, 0, 1]",011011000011001001,"[""011011000011001001""]",1,0.000244140625,False,False,,,,4.970649646649098,0.1715598320325953,{},{}
"[0, 1, 1, 0, 1, 1, 0, 0, 0, 1, 0, 0, 0, 0, 0, 0, 1, 1]",011011000100000011,"[""011011000100000011""]",1,0.000244140625,False,False,,,,5.662180229636768,0.1964969430428172,{},{}
"[0, 1, 1, 0, 1, 1, 0, 0, 0, 1, 0, 0, 0, 0, 0, 1, 1, 0]",011011000100000110,"[""011011000100000110""]",1,0.000244140625,False,False,,,,5.554051984283459,0.192597757491158,{},{}
"[0, 1, 1, 0, 1, 1, 0, 0, 0, 1, 0, 0, 0, 1, 0, 0, 0, 0]",011011000100010000,"[""011011000100010000""]",1,0.000244140625,False,False,,,,4.343735052776815,0.1489528220088607,{},{}
"[0, 1, 1, 0, 1, 1, 0, 0, 0, 1, 0, 0, 1, 0, 1, 1, 0, 1]",011011000100101101,"[""011011000100101101""]",1,0.000244140625,False,False,,,,6.063732524292633,0.2109772196850741,{},{}
"[0, 1, 1, 0, 1, 1, 0, 0, 0, 1, 0, 1, 0, 1, 1, 0, 0, 1]",011011000101011001,"[""011011000101011001""]",1,0.000244140625,False,False,,,,6.162852025292515,0.21455154316478625,{},{}
"[0, 1, 1, 0, 1, 1, 0, 0, 0, 1, 1, 0, 1, 0, 0, 0, 1, 0]",011011000110100010,"[""011011000110100010""]",1,0.000244140625,False,False,,,,4.756934545245103,0.16385310533188008,{},{}
"[0, 1, 1, 0, 1, 1, 0, 0, 0, 1, 1, 1, 1, 1, 1, 1, 0, 0]",011011000111111100,"[""011011000111111100""]",1,0.000244140625,False,False,,,,12.510950794976148,0.4434687416486549,{},{}
"[0, 1, 1, 0, 1, 1, 0, 0, 1, 0, 0, 0, 1, 0, 0, 0, 0, 0]",011011001000100000,"[""011011001000100000""]",1,0.000244140625,False,False,,,,4.375330415119855,0.15009217445044407,{},{}
"[0, 1, 1, 0, 1, 1, 0, 0, 1, 0, 0, 1, 0, 0, 0, 0, 0, 1]",011011001001000001,"[""011011001001000001""]",1,0.000244140625,False,False,,,,3.7857531584464468,0.12883157678425378,{},{}
"[0, 1, 1, 0, 1, 1, 0, 0, 1, 0, 0, 1, 0, 1, 0, 0, 0, 1]",011011001001010001,"[""011011001001010001""]",1,0.000244140625,False,False,,,,3.0383079139931697,0.1018781411828002,{},{}
"[0, 1, 1, 0, 1, 1, 0, 0, 1, 0, 1, 0, 0, 1, 0, 1, 0, 0]",011011001010010100,"[""011011001010010100""]",1,0.000244140625,False,False,,,,2.87558530844386,0.09601024209303854,{},{}
"[0, 1, 1, 0, 1, 1, 0, 0, 1, 0, 1, 1, 0, 0, 1, 1, 0, 1]",011011001011001101,"[""011011001011001101""]",1,0.000244140625,False,False,,,,5.457564657076352,0.18911835217079184,{},{}
"[0, 1, 1, 0, 1, 1, 0, 0, 1, 0, 1, 1, 0, 1, 1, 1, 1, 0]",011011001011011110,"[""011011001011011110""]",1,0.000244140625,False,False,,,,6.721951241952809,0.2347130798698584,{},{}
"[0, 1, 1, 0, 1, 1, 0, 0, 1, 0, 1, 1, 1, 0, 1, 1, 0, 1]",011011001011101101,"[""011011001011101101""]",1,0.000244140625,False,False,,,,6.645974356367594,0.23197329644355807,{},{}
"[0, 1, 1, 0, 1, 1, 0, 0, 1, 1, 0, 0, 0, 0, 1, 1, 1, 0]",011011001100001110,"[""011011001100001110""]",1,0.000244140625,False,False,,,,4.071238386595438,0.13912638803522176,{},{}
"[0, 1, 1, 0, 1, 1, 0, 0, 1, 1, 1, 0, 0, 1, 1, 0, 0, 1]",011011001110011001,"[""011011001110011001""]",1,0.000244140625,False,False,,,,5.442514214569966,0.1885756219361966,{},{}
"[0, 1, 1, 0, 1, 1, 0, 0, 1, 1, 1, 1, 1, 0, 1, 1, 1, 1]",011011001111101111,"[""011011001111101111""]",1,0.000244140625,False,False,,,,13.168136952392537,0.4671673669373153,{},{}
"[0, 1, 1, 0, 1, 1, 0, 0, 1, 1, 1, 1, 1, 1, 1, 1, 1, 1]",011011001111111111,"[""011011001111111111""]",1,0.000244140625,False,False,,,,16.480361831415905,0.5866086780390937,{},{}
"[0, 1, 1, 0, 1, 1, 0, 1, 0, 0, 0, 1, 1, 0, 1, 1, 0, 0]",011011010001101100,"[""011011010001101100""]",1,0.000244140625,False,False,,,,4.079170976007566,0.13941244315358559,{},{}
"[0, 1, 1, 0, 1, 1, 0, 1, 0, 0, 1, 0, 1, 1, 1, 1, 0, 1]",011011010010111101,"[""011011010010111101""]",1,0.000244140625,False,False,,,,8.681896298629338,0.305390167267958,{},{}
"[0, 1, 1, 0, 1, 1, 0, 1, 0, 0, 1, 1, 0, 1, 1, 0, 1, 0]",011011010011011010,"[""011011010011011010""]",1,0.000244140625,False,False,,,,5.645892442603275,0.19590959323738957,{},{}
"[0, 1, 1, 0, 1, 1, 0, 1, 0, 1, 0, 0, 0, 0, 0, 1, 1, 1]",011011010100000111,"[""011011010100000111""]",1,0.000244140625,False,False,,,,8.153315320207867,0.28632914110214486,{},{}
"[0, 1, 1, 0, 1, 1, 0, 1, 0, 1, 0, 0, 0, 1, 0, 0, 1, 1]",011011010100010011,"[""011011010100010011""]",1,0.000244140625,False,False,,,,4.26555597811015,0.14613362599410715,{},{}
"[0, 1, 1, 0, 1, 1, 0, 1, 0, 1, 0, 0, 1, 1, 0, 0, 0, 1]",011011010100110001,"[""011011010100110001""]",1,0.000244140625,False,False,,,,4.107715538964972,0.14044178148325395,{},{}
"[0, 1, 1, 0, 1, 1, 0, 1, 0, 1, 1, 1, 0, 1, 0, 1, 1, 0]",011011010111010110,"[""011011010111010110""]",1,0.000244140625,False,False,,,,8.691274967100963,0.3057283690808041,{},{}
"[0, 1, 1, 0, 1, 1, 0, 1, 0, 1, 1, 1, 1, 1, 1, 1, 0, 0]",011011010111111100,"[""011011010111111100""]",1,0.000244140625,False,False,,,,11.850614064694152,0.419656504341628,{},{}
"[0, 1, 1, 0, 1, 1, 0, 1, 1, 0, 0, 1, 0, 1, 0, 1, 0, 0]",011011011001010100,"[""011011011001010100""]",1,0.000244140625,False,False,,,,4.167249728674497,0.1425886289751985,{},{}
"[0, 1, 1, 0, 1, 1, 0, 1, 1, 0, 1, 0, 1, 0, 1, 0, 0, 0]",011011011010101000,"[""011011011010101000""]",1,0.000244140625,False,False,,,,6.158128367702763,0.21438120453250045,{},{}
"[0, 1, 1, 0, 1, 1, 0, 1, 1, 0, 1, 0, 1, 1, 0, 1, 0, 0]",011011011010110100,"[""011011011010110100""]",1,0.000244140625,False,False,,,,5.397922490494118,0.18696761095190662,{},{}
"[0, 1, 1, 0, 1, 1, 0, 1, 1, 0, 1, 1, 0, 1, 1, 0, 0, 0]",011011011011011000,"[""011011011011011000""]",1,0.000244140625,False,False,,,,7.582693944573972,0.26575210671053406,{},{}
"[0, 1, 1, 0, 1, 1, 0, 1, 1, 1, 0, 0, 0, 0, 0, 1, 0, 1]",011011011100000101,"[""011011011100000101""]",1,0.000244140625,False,False,,,,6.1778029534497145,0.21509068483738034,{},{}
"[0, 1, 1, 0, 1, 1, 0, 1, 1, 1, 0, 1, 0, 1, 0, 0, 1, 1]",011011011101010011,"[""011011011101010011""]",1,0.000244140625,False,False,,,,6.820817633942639,0.23827827604900478,{},{}
"[0, 1, 1, 0, 1, 1, 0, 1, 1, 1, 0, 1, 0, 1, 1, 0, 0, 0]",011011011101011000,"[""011011011101011000""]",1,0.000244140625,False,False,,,,7.439990903102299,0.26060612810276096,{},{}
"[0, 1, 1, 0, 1, 1, 0, 1, 1, 1, 1, 1, 1, 0, 1, 0, 1, 0]",011011011111101010,"[""011011011111101010""]",1,0.000244140625,False,False,,,,9.913603514743128,0.3498064524416661,{},{}
"[0, 1, 1, 0, 1, 1, 0, 1, 1, 1, 1, 1, 1, 1, 0, 0, 1, 0]",011011011111110010,"[""011011011111110010""]",1,0.000244140625,False,False,,,,9.95411157363984,0.3512672033995654,{},{}
"[0, 1, 1, 0, 1, 1, 1, 0, 0, 1, 0, 0, 0, 0, 0, 0, 0, 0]",011011100100000000,"[""011011100100000000""]",1,0.000244140625,False,False,,,,4.288952039474041,0.14697730549836374,{},{}
"[0, 1, 1, 0, 1, 1, 1, 0, 0, 1, 0, 0, 1, 1, 1, 0, 0, 1]",011011100100111001,"[""011011100100111001""]",1,0.000244140625,False,False,,,,7.306177284619723,0.25578070874912556,{},{}
"[0, 1, 1, 0, 1, 1, 1, 0, 0, 1, 1, 0, 0, 0, 1, 0, 0, 1]",011011100110001001,"[""011011100110001001""]",1,0.000244140625,False,False,,,,4.036391344579765,0.13786977758804767,{},{}
"[0, 1, 1, 0, 1, 1, 1, 0, 0, 1, 1, 0, 0, 1, 0, 0, 1, 0]",011011100110010010,"[""011011100110010010""]",1,0.000244140625,False,False,,,,4.079962620143518,0.13944099043433425,{},{}
"[0, 1, 1, 0, 1, 1, 1, 0, 1, 0, 1, 0, 0, 0, 1, 1, 0, 0]",011011101010001100,"[""011011101010001100""]",1,0.000244140625,False,False,,,,4.0512989491583165,0.13840735697993187,{},{}
"[0, 1, 1, 0, 1, 1, 1, 0, 1, 0, 1, 1, 0, 0, 0, 1, 1, 1]",011011101011000111,"[""011011101011000111""]",1,0.000244140625,False,False,,,,10.680149951097821,0.37744869133626574,{},{}
"[0, 1, 1, 0, 1, 1, 1, 0, 1, 0, 1, 1, 0, 1, 1, 0, 1, 0]",011011101011011010,"[""011011101011011010""]",1,0.000244140625,False,False,,,,6.721791603677579,0.23470732319403115,{},{}
"[0, 1, 1, 0, 1, 1, 1, 0, 1, 1, 0, 0, 0, 0, 1, 1, 1, 0]",011011101100001110,"[""011011101100001110""]",1,0.000244140625,False,False,,,,5.308737058492111,0.18375151744419796,{},{}
"[0, 1, 1, 0, 1, 1, 1, 0, 1, 1, 0, 0, 1, 0, 0, 1, 0, 0]",011011101100100100,"[""011011101100100100""]",1,0.000244140625,False,False,,,,4.059117222359955,0.13868928977008435,{},{}
"[0, 1, 1, 0, 1, 1, 1, 0, 1, 1, 0, 0, 1, 1, 1, 0, 0, 0]",011011101100111000,"[""011011101100111000""]",1,0.000244140625,False,False,,,,9.288270979199048,0.3272564926267372,{},{}
"[0, 1, 1, 0, 1, 1, 1, 0, 1, 1, 0, 1, 0, 0, 0, 0, 0, 1]",011011101101000001,"[""011011101101000001""]",1,0.000244140625,False,False,,,,6.143416637502656,0.2138506885174784,{},{}
"[0, 1, 1, 0, 1, 1, 1, 0, 1, 1, 0, 1, 0, 0, 1, 0, 1, 1]",011011101101001011,"[""011011101101001011""]",1,0.000244140625,False,False,,,,6.690619799692586,0.23358324458422583,{},{}
"[0, 1, 1, 0, 1, 1, 1, 0, 1, 1, 1, 0, 0, 0, 0, 1, 1, 0]",011011101110000110,"[""011011101110000110""]",1,0.000244140625,False,False,,,,7.304940881610607,0.25573612313013744,{},{}
"[0, 1, 1, 0, 1, 1, 1, 1, 0, 0, 1, 0, 0, 1, 0, 1, 1, 1]",011011110010010111,"[""011011110010010111""]",1,0.000244140625,False,False,,,,8.766803667827581,0.3084519906252631,{},{}
"[0, 1, 1, 0, 1, 1, 1, 1, 0, 0, 1, 1, 0, 0, 0, 1, 1, 0]",011011110011000110,"[""011011110011000110""]",1,0.000244140625,False,False,,,,7.370368899414922,0.25809550647962853,{},{}
"[0, 1, 1, 0, 1, 1, 1, 1, 0, 0, 1, 1, 0, 1, 1, 0, 1, 0]",011011110011011010,"[""011011110011011010""]",1,0.000244140625,False,False,,,,6.799642621157851,0.23751468922081884,{},{}
"[0, 1, 1, 0, 1, 1, 1, 1, 1, 1, 0, 0, 1, 0, 0, 0, 1, 0]",011011111100100010,"[""011011111100100010""]",1,0.000244140625,False,False,,,,7.340093776684636,0.2570037628677821,{},{}
"[0, 1, 1, 0, 1, 1, 1, 1, 1, 1, 0, 0, 1, 0, 0, 0, 1, 1]",011011111100100011,"[""011011111100100011""]",1,0.000244140625,False,False,,,,8.683107759360263,0.30543385344970436,{},{}
"[0, 1, 1, 0, 1, 1, 1, 1, 1, 1, 0, 0, 1, 0, 0, 1, 1, 1]",011011111100100111,"[""011011111100100111""]",1,0.000244140625,False,False,,,,11.964678744439938,0.42376976216585466,{},{}
"[0, 1, 1, 0, 1, 1, 1, 1, 1, 1, 1, 0, 1, 0, 1, 0, 0, 1]",011011111110101001,"[""011011111110101001""]",1,0.000244140625,False,False,,,,9.90335817253881,0.3494369977245905,{},{}
"[0, 1, 1, 0, 1, 1, 1, 1, 1, 1, 1, 1, 1, 0, 1, 0, 1, 1]",011011111111101011,"[""011011111111101011""]",1,0.000244140625,False,False,,,,14.512793507845096,0.51565668992441,{},{}
"[0, 1, 1, 0, 1, 1, 1, 1, 1, 1, 1, 1, 1, 1, 1, 1, 1, 0]",011011111111111110,"[""011011111111111110""]",1,0.000244140625,False,False,,,,17.79095729015273,0.6338697323554661,{},{}
"[0, 1, 1, 1, 0, 0, 0, 0, 0, 0, 0, 0, 1, 0, 0, 0, 1, 1]",011100000000100011,"[""011100000000100011""]",1,0.000244140625,False,False,,,,4.285435615958466,0.14685050063141483,{},{}
"[0, 1, 1, 1, 0, 0, 0, 0, 0, 0, 1, 0, 1, 1, 0, 0, 0, 1]",011100000010110001,"[""011100000010110001""]",1,0.000244140625,False,False,,,,3.4759491042976345,0.11765981044479822,{},{}
"[0, 1, 1, 1, 0, 0, 0, 0, 0, 0, 1, 1, 1, 0, 1, 0, 0, 0]",011100000011101000,"[""011100000011101000""]",1,0.000244140625,False,False,,,,5.525700299399767,0.191575374489358,{},{}
"[0, 1, 1, 1, 0, 0, 0, 0, 0, 0, 1, 1, 1, 1, 1, 0, 0, 0]",011100000011111000,"[""011100000011111000""]",1,0.000244140625,False,False,,,,8.755574513854771,0.30804705891861167,{},{}
"[0, 1, 1, 1, 0, 0, 0, 0, 0, 1, 0, 0, 0, 1, 0, 0, 1, 1]",011100000100010011,"[""011100000100010011""]",1,0.000244140625,False,False,,,,3.5217661938336295,0.11931200902578962,{},{}
"[0, 1, 1, 1, 0, 0, 0, 0, 0, 1, 0, 1, 1, 0, 1, 0, 0, 0]",011100000101101000,"[""011100000101101000""]",1,0.000244140625,False,False,,,,5.553077199165881,0.1925626060093781,{},{}
"[0, 1, 1, 1, 0, 0, 0, 0, 0, 1, 1, 0, 1, 0, 1, 1, 1, 1]",011100000110101111,"[""011100000110101111""]",1,0.000244140625,False,False,,,,9.253009693631146,0.3259849442466628,{},{}
"[0, 1, 1, 1, 0, 0, 0, 0, 0, 1, 1, 0, 1, 1, 0, 0, 1, 0]",011100000110110010,"[""011100000110110010""]",1,0.000244140625,False,False,,,,4.696775853473306,0.1616837378276091,{},{}
"[0, 1, 1, 1, 0, 0, 0, 0, 0, 1, 1, 1, 0, 0, 1, 1, 1, 0]",011100000111001110,"[""011100000111001110""]",1,0.000244140625,False,False,,,,8.008471856128452,0.2811059772512442,{},{}
"[0, 1, 1, 1, 0, 0, 0, 0, 0, 1, 1, 1, 0, 1, 1, 1, 1, 0]",011100000111011110,"[""011100000111011110""]",1,0.000244140625,False,False,,,,9.268181132321779,0.3265320376943286,{},{}
"[0, 1, 1, 1, 0, 0, 0, 0, 1, 0, 1, 0, 0, 1, 1, 1, 0, 0]",011100001010011100,"[""011100001010011100""]",1,0.000244140625,False,False,,,,2.7583365397827055,0.09178216363657618,{},{}
"[0, 1, 1, 1, 0, 0, 0, 0, 1, 0, 1, 1, 0, 0, 0, 1, 0, 1]",011100001011000101,"[""011100001011000101""]",1,0.000244140625,False,False,,,,4.770192099012479,0.16433118265507338,{},{}
"[0, 1, 1, 1, 0, 0, 0, 0, 1, 1, 0, 0, 1, 1, 0, 1, 1, 0]",011100001100110110,"[""011100001100110110""]",1,0.000244140625,False,False,,,,3.986243246372897,0.13606139958901062,{},{}
"[0, 1, 1, 1, 0, 0, 0, 0, 1, 1, 1, 0, 0, 0, 0, 1, 0, 0]",011100001110000100,"[""011100001110000100""]",1,0.000244140625,False,False,,,,3.476148747064105,0.11766700971255635,{},{}
"[0, 1, 1, 1, 0, 0, 0, 0, 1, 1, 1, 1, 0, 0, 0, 0, 0, 1]",011100001111000001,"[""011100001111000001""]",1,0.000244140625,False,False,,,,6.742393399511073,0.23545023938942222,{},{}
"[0, 1, 1, 1, 0, 0, 0, 1, 0, 0, 1, 1, 0, 0, 1, 0, 0, 0]",011100010011001000,"[""011100010011001000""]",1,0.000244140625,False,False,,,,3.6136232145833187,0.1226244420256532,{},{}
"[0, 1, 1, 1, 0, 0, 0, 1, 0, 0, 1, 1, 1, 1, 0, 1, 1, 1]",011100010011110111,"[""011100010011110111""]",1,0.000244140625,False,False,,,,8.552368167217116,0.3007192857893426,{},{}
"[0, 1, 1, 1, 0, 0, 0, 1, 0, 1, 0, 0, 0, 0, 0, 0, 0, 1]",011100010100000001,"[""011100010100000001""]",1,0.000244140625,False,False,,,,2.300430806204919,0.07526973975922187,{},{}
"[0, 1, 1, 1, 0, 0, 0, 1, 0, 1, 1, 0, 0, 0, 0, 0, 0, 0]",011100010110000000,"[""011100010110000000""]",1,0.000244140625,False,False,,,,4.266003594665028,0.14614976738249053,{},{}
"[0, 1, 1, 1, 0, 0, 0, 1, 0, 1, 1, 0, 0, 1, 0, 1, 1, 0]",011100010110010110,"[""011100010110010110""]",1,0.000244140625,False,False,,,,4.055350713004969,0.13855346662036835,{},{}
"[0, 1, 1, 1, 0, 0, 0, 1, 0, 1, 1, 1, 1, 0, 1, 0, 0, 0]",011100010111101000,"[""011100010111101000""]",1,0.000244140625,False,False,,,,8.005436161124901,0.28099650781466534,{},{}
"[0, 1, 1, 1, 0, 0, 0, 1, 1, 0, 0, 1, 0, 1, 0, 1, 1, 1]",011100011001010111,"[""011100011001010111""]",1,0.000244140625,False,False,,,,7.338526664696708,0.25694725163520643,{},{}
"[0, 1, 1, 1, 0, 0, 0, 1, 1, 0, 0, 1, 1, 0, 0, 0, 0, 0]",011100011001100000,"[""011100011001100000""]",1,0.000244140625,False,False,,,,3.5241500532797634,0.11939797278372521,{},{}
"[0, 1, 1, 1, 0, 0, 0, 1, 1, 0, 1, 0, 0, 1, 0, 1, 0, 0]",011100011010010100,"[""011100011010010100""]",1,0.000244140625,False,False,,,,2.8007073314463886,0.0933100861338623,{},{}
"[0, 1, 1, 1, 0, 0, 0, 1, 1, 0, 1, 0, 1, 0, 0, 0, 0, 1]",011100011010100001,"[""011100011010100001""]",1,0.000244140625,False,False,,,,2.79761927319856,0.09319872843945717,{},{}
"[0, 1, 1, 1, 0, 0, 0, 1, 1, 0, 1, 0, 1, 1, 1, 0, 0, 0]",011100011010111000,"[""011100011010111000""]",1,0.000244140625,False,False,,,,8.060535779033872,0.2829834413245045,{},{}
"[0, 1, 1, 1, 0, 0, 0, 1, 1, 0, 1, 1, 0, 0, 0, 0, 1, 1]",011100011011000011,"[""011100011011000011""]",1,0.000244140625,False,False,,,,6.108976394077176,0.21260874753229486,{},{}
"[0, 1, 1, 1, 0, 0, 0, 1, 1, 1, 0, 1, 0, 0, 1, 0, 0, 0]",011100011101001000,"[""011100011101001000""]",1,0.000244140625,False,False,,,,4.806012588679301,0.16562289635398575,{},{}
"[0, 1, 1, 1, 0, 0, 0, 1, 1, 1, 1, 0, 0, 1, 1, 0, 0, 1]",011100011110011001,"[""011100011110011001""]",1,0.000244140625,False,False,,,,5.32094289124832,0.18419166891963776,{},{}
"[0, 1, 1, 1, 0, 0, 0, 1, 1, 1, 1, 0, 0, 1, 1, 1, 1, 1]",011100011110011111,"[""011100011110011111""]",1,0.000244140625,False,False,,,,9.876726443280536,0.348476637611465,{},{}
"[0, 1, 1, 1, 0, 0, 0, 1, 1, 1, 1, 1, 0, 0, 1, 1, 1, 1]",011100011111001111,"[""011100011111001111""]",1,0.000244140625,False,False,,,,11.843481793812026,0.41939930930916225,{},{}
"[0, 1, 1, 1, 0, 0, 1, 0, 0, 0, 0, 0, 0, 1, 1, 0, 1, 1]",011100100000011011,"[""011100100000011011""]",1,0.000244140625,False,False,,,,4.792740977361746,0.16514431210499922,{},{}
"[0, 1, 1, 1, 0, 0, 1, 0, 0, 0, 1, 1, 1, 0, 0, 0, 1, 0]",011100100011100010,"[""011100100011100010""]",1,0.000244140625,False,False,,,,2.717059773867968,0.0902936925275882,{},{}
"[0, 1, 1, 1, 0, 0, 1, 0, 0, 1, 0, 0, 0, 0, 1, 0, 1, 1]",011100100100001011,"[""011100100100001011""]",1,0.000244140625,False,False,,,,2.7677111630794204,0.09212021957738388,{},{}
"[0, 1, 1, 1, 0, 0, 1, 0, 0, 1, 0, 0, 0, 1, 1, 0, 0, 1]",011100100100011001,"[""011100100100011001""]",1,0.000244140625,False,False,,,,2.7721614774430847,0.09228070124811145,{},{}
"[0, 1, 1, 1, 0, 0, 1, 0, 0, 1, 0, 1, 0, 0, 0, 0, 1, 1]",011100100101000011,"[""011100100101000011""]",1,0.000244140625,False,False,,,,4.755490187969909,0.16380102072622993,{},{}
"[0, 1, 1, 1, 0, 0, 1, 0, 0, 1, 0, 1, 1, 1, 0, 0, 1, 0]",011100100101110010,"[""011100100101110010""]",1,0.000244140625,False,False,,,,3.9899385429624754,0.13619465475304382,{},{}
"[0, 1, 1, 1, 0, 0, 1, 0, 0, 1, 0, 1, 1, 1, 0, 1, 1, 1]",011100100101110111,"[""011100100101110111""]",1,0.000244140625,False,False,,,,8.574497051023636,0.3015172699213406,{},{}
"[0, 1, 1, 1, 0, 0, 1, 0, 0, 1, 0, 1, 1, 1, 1, 0, 0, 1]",011100100101111001,"[""011100100101111001""]",1,0.000244140625,False,False,,,,7.297445621220286,0.25546583842400566,{},{}
"[0, 1, 1, 1, 0, 0, 1, 0, 0, 1, 1, 0, 0, 0, 0, 0, 0, 0]",011100100110000000,"[""011100100110000000""]",1,0.000244140625,False,False,,,,4.234907040326922,0.14502840233133912,{},{}
"[0, 1, 1, 1, 0, 0, 1, 0, 1, 0, 0, 0, 1, 1, 1, 0, 0, 1]",011100101000111001,"[""011100101000111001""]",1,0.000244140625,False,False,,,,8.060606229369501,0.28298598181639817,{},{}
"[0, 1, 1, 1, 0, 0, 1, 0, 1, 0, 0, 1, 0, 0, 0, 1, 0, 1]",011100101001000101,"[""011100101001000101""]",1,0.000244140625,False,False,,,,4.824436244222719,0.16628726717836115,{},{}
"[0, 1, 1, 1, 0, 0, 1, 0, 1, 0, 0, 1, 0, 1, 1, 0, 1, 0]",011100101001011010,"[""011100101001011010""]",1,0.000244140625,False,False,,,,4.038711620541744,0.13795344847789934,{},{}
"[0, 1, 1, 1, 0, 0, 1, 0, 1, 0, 0, 1, 1, 0, 0, 1, 1, 0]",011100101001100110,"[""011100101001100110""]",1,0.000244140625,False,False,,,,4.028173280688781,0.13757342804606043,{},{}
"[0, 1, 1, 1, 0, 0, 1, 0, 1, 0, 0, 1, 1, 0, 1, 0, 0, 1]",011100101001101001,"[""011100101001101001""]",1,0.000244140625,False,False,,,,4.100059724495196,0.14016570707670833,{},{}
"[0, 1, 1, 1, 0, 0, 1, 0, 1, 0, 0, 1, 1, 1, 1, 0, 1, 1]",011100101001111011,"[""011100101001111011""]",1,0.000244140625,False,False,,,,8.565010359015702,0.3011751726988294,{},{}
"[0, 1, 1, 1, 0, 0, 1, 0, 1, 0, 1, 0, 1, 0, 0, 1, 0, 1]",011100101010100101,"[""011100101010100101""]",1,0.000244140625,False,False,,,,4.053538059424518,0.13848810097397354,{},{}
"[0, 1, 1, 1, 0, 0, 1, 0, 1, 1, 0, 1, 1, 0, 0, 1, 0, 0]",011100101101100100,"[""011100101101100100""]",1,0.000244140625,False,False,,,,4.109568048420596,0.14050858436237287,{},{}
"[0, 1, 1, 1, 0, 0, 1, 0, 1, 1, 1, 0, 1, 1, 0, 1, 0, 1]",011100101110110101,"[""011100101110110101""]",1,0.000244140625,False,False,,,,6.576190912649347,0.2294568531719399,{},{}
"[0, 1, 1, 1, 0, 0, 1, 1, 0, 0, 0, 0, 1, 1, 0, 1, 0, 0]",011100110000110100,"[""011100110000110100""]",1,0.000244140625,False,False,,,,4.814479173037341,0.16592820773024,{},{}
"[0, 1, 1, 1, 0, 0, 1, 1, 0, 0, 1, 0, 1, 1, 1, 1, 1, 0]",011100110010111110,"[""011100110010111110""]",1,0.000244140625,False,False,,,,8.617561347952298,0.3030702007381493,{},{}
"[0, 1, 1, 1, 0, 0, 1, 1, 0, 0, 1, 1, 0, 1, 1, 0, 1, 0]",011100110011011010,"[""011100110011011010""]",1,0.000244140625,False,False,,,,5.371650618478091,0.18602022756059,{},{}
"[0, 1, 1, 1, 0, 0, 1, 1, 0, 1, 0, 1, 0, 0, 0, 1, 1, 1]",011100110101000111,"[""011100110101000111""]",1,0.000244140625,False,False,,,,9.29626649069865,0.32754481676272507,{},{}
"[0, 1, 1, 1, 0, 0, 1, 1, 0, 1, 1, 1, 1, 1, 1, 0, 1, 1]",011100110111111011,"[""011100110111111011""]",1,0.000244140625,False,False,,,,13.111913804612868,0.46513991809843913,{},{}
"[0, 1, 1, 1, 0, 0, 1, 1, 0, 1, 1, 1, 1, 1, 1, 1, 0, 1]",011100110111111101,"[""011100110111111101""]",1,0.000244140625,False,False,,,,13.141952763831727,0.46622314547709803,{},{}
"[0, 1, 1, 1, 0, 0, 1, 1, 1, 0, 0, 0, 1, 0, 1, 1, 1, 0]",011100111000101110,"[""011100111000101110""]",1,0.000244140625,False,False,,,,9.338686834903637,0.329074526161782,{},{}
"[0, 1, 1, 1, 0, 0, 1, 1, 1, 0, 0, 1, 0, 0, 1, 1, 1, 1]",011100111001001111,"[""011100111001001111""]",1,0.000244140625,False,False,,,,10.609518866345452,0.37490168149379055,{},{}
"[0, 1, 1, 1, 0, 0, 1, 1, 1, 0, 0, 1, 1, 1, 1, 1, 1, 1]",011100111001111111,"[""011100111001111111""]",1,0.000244140625,False,False,,,,15.169802663222828,0.5393489323869227,{},{}
"[0, 1, 1, 1, 0, 0, 1, 1, 1, 0, 1, 0, 1, 1, 0, 0, 1, 1]",011100111010110011,"[""011100111010110011""]",1,0.000244140625,False,False,,,,8.603271123088552,0.30255488452140483,{},{}
"[0, 1, 1, 1, 0, 0, 1, 1, 1, 0, 1, 1, 0, 1, 1, 1, 0, 0]",011100111011011100,"[""011100111011011100""]",1,0.000244140625,False,False,,,,8.574904659692884,0.3015319685953889,{},{}
"[0, 1, 1, 1, 0, 0, 1, 1, 1, 1, 0, 0, 0, 1, 1, 1, 0, 0]",011100111100011100,"[""011100111100011100""]",1,0.000244140625,False,False,,,,7.325900963659969,0.2564919593949489,{},{}
"[0, 1, 1, 1, 0, 0, 1, 1, 1, 1, 0, 1, 0, 0, 0, 0, 1, 1]",011100111101000011,"[""011100111101000011""]",1,0.000244140625,False,False,,,,9.290518962179673,0.3273375565775097,{},{}
"[0, 1, 1, 1, 0, 0, 1, 1, 1, 1, 1, 0, 0, 0, 0, 0, 1, 1]",011100111110000011,"[""011100111110000011""]",1,0.000244140625,False,False,,,,9.297502607485342,0.32758939206031806,{},{}
"[0, 1, 1, 1, 0, 1, 0, 0, 0, 0, 0, 0, 1, 0, 1, 1, 1, 0]",011101000000101110,"[""011101000000101110""]",1,0.000244140625,False,False,,,,6.816798748300678,0.2381333520212662,{},{}
"[0, 1, 1, 1, 0, 1, 0, 0, 0, 0, 0, 1, 1, 1, 0, 0, 1, 1]",011101000001110011,"[""011101000001110011""]",1,0.000244140625,False,False,,,,6.064086298095439,0.21098997703349817,{},{}
"[0, 1, 1, 1, 0, 1, 0, 0, 0, 1, 0, 0, 0, 1, 0, 1, 1, 0]",011101000100010110,"[""011101000100010110""]",1,0.000244140625,False,False,,,,4.788502976383636,0.16499148661404847,{},{}
"[0, 1, 1, 1, 0, 1, 0, 0, 0, 1, 0, 1, 0, 1, 1, 1, 1, 1]",011101000101011111,"[""011101000101011111""]",1,0.000244140625,False,False,,,,10.639210014269326,0.3759723665365253,{},{}
"[0, 1, 1, 1, 0, 1, 0, 0, 0, 1, 0, 1, 1, 0, 0, 1, 1, 0]",011101000101100110,"[""011101000101100110""]",1,0.000244140625,False,False,,,,6.028201146321787,0.20969593157055996,{},{}
"[0, 1, 1, 1, 0, 1, 0, 0, 1, 0, 0, 1, 0, 0, 1, 1, 1, 0]",011101001001001110,"[""011101001001001110""]",1,0.000244140625,False,False,,,,4.113025461550023,0.14063326127057876,{},{}
"[0, 1, 1, 1, 0, 1, 0, 0, 1, 1, 0, 1, 0, 0, 1, 0, 0, 1]",011101001101001001,"[""011101001101001001""]",1,0.000244140625,False,False,,,,4.1917231717364025,0.1434711596708047,{},{}
"[0, 1, 1, 1, 0, 1, 0, 0, 1, 1, 1, 0, 0, 0, 0, 1, 0, 0]",011101001110000100,"[""011101001110000100""]",1,0.000244140625,False,False,,,,4.784740815172892,0.16485582026167203,{},{}
"[0, 1, 1, 1, 0, 1, 0, 0, 1, 1, 1, 1, 0, 0, 0, 1, 0, 0]",011101001111000100,"[""011101001111000100""]",1,0.000244140625,False,False,,,,8.014894793750432,0.2813375931948212,{},{}
"[0, 1, 1, 1, 0, 1, 0, 0, 1, 1, 1, 1, 1, 0, 0, 0, 1, 0]",011101001111100010,"[""011101001111100010""]",1,0.000244140625,False,False,,,,7.231197332870035,0.2530768755039712,{},{}
"[0, 1, 1, 1, 0, 1, 0, 0, 1, 1, 1, 1, 1, 0, 1, 0, 0, 0]",011101001111101000,"[""011101001111101000""]",1,0.000244140625,False,False,,,,9.27184093549324,0.3266640129391081,{},{}
"[0, 1, 1, 1, 0, 1, 0, 0, 1, 1, 1, 1, 1, 1, 1, 0, 1, 1]",011101001111111011,"[""011101001111111011""]",1,0.000244140625,False,False,,,,13.142357982010692,0.4662377579482755,{},{}
"[0, 1, 1, 1, 0, 1, 0, 1, 0, 0, 0, 1, 1, 0, 1, 0, 1, 0]",011101010001101010,"[""011101010001101010""]",1,0.000244140625,False,False,,,,4.073514944853199,0.13920848243190015,{},{}
"[0, 1, 1, 1, 0, 1, 0, 1, 0, 0, 0, 1, 1, 1, 1, 0, 1, 0]",011101010001111010,"[""011101010001111010""]",1,0.000244140625,False,False,,,,7.355904762138245,0.25757391885095526,{},{}
"[0, 1, 1, 1, 0, 1, 0, 1, 0, 0, 1, 1, 0, 1, 1, 0, 0, 0]",011101010011011000,"[""011101010011011000""]",1,0.000244140625,False,False,,,,6.132028650511616,0.21344002917317056,{},{}
"[0, 1, 1, 1, 0, 1, 0, 1, 0, 0, 1, 1, 0, 1, 1, 0, 1, 1]",011101010011011011,"[""011101010011011011""]",1,0.000244140625,False,False,,,,6.744021367865269,0.2355089451481673,{},{}
"[0, 1, 1, 1, 0, 1, 0, 1, 0, 0, 1, 1, 0, 1, 1, 1, 0, 1]",011101010011011101,"[""011101010011011101""]",1,0.000244140625,False,False,,,,6.657899557482599,0.23240332813172912,{},{}
"[0, 1, 1, 1, 0, 1, 0, 1, 0, 1, 0, 0, 1, 0, 1, 0, 1, 0]",011101010100101010,"[""011101010100101010""]",1,0.000244140625,False,False,,,,4.028407131201291,0.1375818608707738,{},{}
"[0, 1, 1, 1, 0, 1, 0, 1, 0, 1, 0, 0, 1, 0, 1, 1, 0, 0]",011101010100101100,"[""011101010100101100""]",1,0.000244140625,False,False,,,,4.089889682892417,0.1397989677557496,{},{}
"[0, 1, 1, 1, 0, 1, 0, 1, 0, 1, 0, 1, 1, 1, 0, 0, 0, 1]",011101010101110001,"[""011101010101110001""]",1,0.000244140625,False,False,,,,5.293264557779404,0.18319356747441995,{},{}
"[0, 1, 1, 1, 0, 1, 0, 1, 0, 1, 1, 0, 1, 1, 1, 0, 0, 0]",011101010110111000,"[""011101010110111000""]",1,0.000244140625,False,False,,,,9.271436222370502,0.3266494186806367,{},{}
"[0, 1, 1, 1, 0, 1, 0, 1, 0, 1, 1, 1, 1, 1, 1, 1, 0, 1]",011101010111111101,"[""011101010111111101""]",1,0.000244140625,False,False,,,,13.146985411886163,0.46640462653707754,{},{}
"[0, 1, 1, 1, 0, 1, 0, 1, 1, 0, 0, 0, 0, 0, 0, 1, 0, 1]",011101011000000101,"[""011101011000000101""]",1,0.000244140625,False,False,,,,6.9611798498785316,0.24333984273389644,{},{}
"[0, 1, 1, 1, 0, 1, 0, 1, 1, 0, 0, 0, 0, 1, 1, 1, 0, 1]",011101011000011101,"[""011101011000011101""]",1,0.000244140625,False,False,,,,7.49058193032697,0.26243047845408196,{},{}
"[0, 1, 1, 1, 0, 1, 0, 1, 1, 0, 1, 0, 1, 1, 1, 0, 1, 0]",011101011010111010,"[""011101011010111010""]",1,0.000244140625,False,False,,,,8.658225073272693,0.3045365651439328,{},{}
"[0, 1, 1, 1, 0, 1, 0, 1, 1, 1, 0, 1, 0, 0, 1, 1, 0, 1]",011101011101001101,"[""011101011101001101""]",1,0.000244140625,False,False,,,,6.708509932680901,0.23422837618547737,{},{}
"[0, 1, 1, 1, 0, 1, 0, 1, 1, 1, 0, 1, 1, 0, 0, 1, 0, 1]",011101011101100101,"[""011101011101100101""]",1,0.000244140625,False,False,,,,6.666065803096977,0.23269780906783272,{},{}
"[0, 1, 1, 1, 0, 1, 0, 1, 1, 1, 1, 0, 0, 0, 0, 0, 1, 0]",011101011110000010,"[""011101011110000010""]",1,0.000244140625,False,False,,,,6.075609232767766,0.21140550269231417,{},{}
"[0, 1, 1, 1, 0, 1, 0, 1, 1, 1, 1, 0, 0, 0, 1, 1, 1, 0]",011101011110001110,"[""011101011110001110""]",1,0.000244140625,False,False,,,,6.596891487466509,0.23020333141150057,{},{}
"[0, 1, 1, 1, 0, 1, 0, 1, 1, 1, 1, 0, 0, 1, 1, 0, 0, 0]",011101011110011000,"[""011101011110011000""]",1,0.000244140625,False,False,,,,7.342552992270491,0.257092444024583,{},{}
"[0, 1, 1, 1, 0, 1, 0, 1, 1, 1, 1, 1, 0, 0, 0, 0, 1, 1]",011101011111000011,"[""011101011111000011""]",1,0.000244140625,False,False,,,,10.65667471036343,0.3766021565645771,{},{}
"[0, 1, 1, 1, 0, 1, 0, 1, 1, 1, 1, 1, 0, 0, 0, 1, 0, 0]",011101011111000100,"[""011101011111000100""]",1,0.000244140625,False,False,,,,9.289494823828285,0.32730062538113647,{},{}
"[0, 1, 1, 1, 0, 1, 0, 1, 1, 1, 1, 1, 1, 0, 0, 1, 0, 0]",011101011111100100,"[""011101011111100100""]",1,0.000244140625,False,False,,,,8.54759056817357,0.3005470019878128,{},{}
"[0, 1, 1, 1, 0, 1, 1, 0, 0, 0, 0, 0, 1, 1, 1, 1, 0, 0]",011101100000111100,"[""011101100000111100""]",1,0.000244140625,False,False,,,,8.089376187102626,0.284023448050575,{},{}
"[0, 1, 1, 1, 0, 1, 1, 0, 0, 0, 1, 1, 1, 0, 0, 1, 1, 0]",011101100011100110,"[""011101100011100110""]",1,0.000244140625,False,False,,,,5.258768071604953,0.1819495983335639,{},{}
"[0, 1, 1, 1, 0, 1, 1, 0, 0, 1, 0, 0, 0, 0, 0, 0, 1, 1]",011101100100000011,"[""011101100100000011""]",1,0.000244140625,False,False,,,,4.834620029231963,0.16665450209685537,{},{}
"[0, 1, 1, 1, 0, 1, 1, 0, 0, 1, 1, 0, 1, 0, 1, 1, 1, 1]",011101100110101111,"[""011101100110101111""]",1,0.000244140625,False,False,,,,9.894560693050403,0.34911975402198414,{},{}
"[0, 1, 1, 1, 0, 1, 1, 0, 1, 0, 0, 0, 0, 1, 0, 0, 0, 1]",011101101000010001,"[""011101101000010001""]",1,0.000244140625,False,False,,,,4.916963733120738,0.1696238777620584,{},{}
"[0, 1, 1, 1, 0, 1, 1, 0, 1, 0, 0, 1, 1, 1, 1, 1, 1, 1]",011101101001111111,"[""011101101001111111""]",1,0.000244140625,False,False,,,,13.233885968884895,0.46953832574003257,{},{}
"[0, 1, 1, 1, 0, 1, 1, 0, 1, 0, 1, 0, 1, 1, 0, 1, 0, 1]",011101101010110101,"[""011101101010110101""]",1,0.000244140625,False,False,,,,6.648036357577318,0.23204765375230926,{},{}
"[0, 1, 1, 1, 0, 1, 1, 0, 1, 0, 1, 0, 1, 1, 0, 1, 1, 1]",011101101010110111,"[""011101101010110111""]",1,0.000244140625,False,False,,,,9.928429021356811,0.3503410713194182,{},{}
"[0, 1, 1, 1, 0, 1, 1, 0, 1, 1, 0, 0, 0, 0, 0, 1, 0, 1]",011101101100000101,"[""011101101100000101""]",1,0.000244140625,False,False,,,,6.2260205067481325,0.21682944594039488,{},{}
"[0, 1, 1, 1, 0, 1, 1, 0, 1, 1, 1, 0, 1, 0, 1, 1, 0, 0]",011101101110101100,"[""011101101110101100""]",1,0.000244140625,False,False,,,,6.635435454853395,0.23159325575779413,{},{}
"[0, 1, 1, 1, 0, 1, 1, 1, 0, 0, 0, 0, 1, 0, 0, 0, 0, 1]",011101110000100001,"[""011101110000100001""]",1,0.000244140625,False,False,,,,4.833820186793421,0.16662565917917208,{},{}
"[0, 1, 1, 1, 0, 1, 1, 1, 0, 0, 0, 0, 1, 0, 1, 0, 0, 1]",011101110000101001,"[""011101110000101001""]",1,0.000244140625,False,False,,,,6.102769995352639,0.2123849401436197,{},{}
"[0, 1, 1, 1, 0, 1, 1, 1, 0, 0, 1, 0, 0, 1, 0, 1, 0, 1]",011101110010010101,"[""011101110010010101""]",1,0.000244140625,False,False,,,,5.349870112802421,0.18523480620504218,{},{}
"[0, 1, 1, 1, 0, 1, 1, 1, 0, 0, 1, 0, 1, 0, 1, 1, 1, 1]",011101110010101111,"[""011101110010101111""]",1,0.000244140625,False,False,,,,9.890822433667966,0.3489849495874469,{},{}
"[0, 1, 1, 1, 0, 1, 1, 1, 0, 1, 0, 0, 1, 0, 0, 1, 1, 0]",011101110100100110,"[""011101110100100110""]",1,0.000244140625,False,False,,,,5.365397970958918,0.1857947524057245,{},{}
"[0, 1, 1, 1, 0, 1, 1, 1, 0, 1, 1, 1, 1, 0, 1, 1, 0, 1]",011101110111101101,"[""011101110111101101""]",1,0.000244140625,False,False,,,,11.187524104915946,0.39574498351587795,{},{}
"[0, 1, 1, 1, 0, 1, 1, 1, 1, 0, 0, 0, 0, 1, 0, 0, 0, 1]",011101111000010001,"[""011101111000010001""]",1,0.000244140625,False,False,,,,8.191563763198591,0.2877084086172662,{},{}
"[0, 1, 1, 1, 0, 1, 1, 1, 1, 0, 0, 0, 1, 0, 0, 0, 0, 0]",011101111000100000,"[""011101111000100000""]",1,0.000244140625,False,False,,,,8.843209312706083,0.31120723543296347,{},{}
"[0, 1, 1, 1, 0, 1, 1, 1, 1, 0, 0, 1, 0, 1, 0, 0, 1, 0]",011101111001010010,"[""011101111001010010""]",1,0.000244140625,False,False,,,,7.356643262021887,0.2576005497101428,{},{}
"[0, 1, 1, 1, 0, 1, 1, 1, 1, 0, 1, 0, 1, 0, 1, 1, 1, 0]",011101111010101110,"[""011101111010101110""]",1,0.000244140625,False,False,,,,9.893755196160466,0.34909070720054647,{},{}
"[0, 1, 1, 1, 0, 1, 1, 1, 1, 0, 1, 1, 0, 0, 1, 1, 0, 0]",011101111011001100,"[""011101111011001100""]",1,0.000244140625,False,False,,,,8.609004426859121,0.30276163175153353,{},{}
"[0, 1, 1, 1, 0, 1, 1, 1, 1, 0, 1, 1, 0, 0, 1, 1, 0, 1]",011101111011001101,"[""011101111011001101""]",1,0.000244140625,False,False,,,,9.944120893192249,0.3509069319762642,{},{}
"[0, 1, 1, 1, 0, 1, 1, 1, 1, 1, 1, 0, 1, 0, 0, 0, 1, 1]",011101111110100011,"[""011101111110100011""]",1,0.000244140625,False,False,,,,9.925666791012812,0.3502414632233793,{},{}
"[0, 1, 1, 1, 0, 1, 1, 1, 1, 1, 1, 0, 1, 0, 0, 1, 1, 1]",011101111110100111,"[""011101111110100111""]",1,0.000244140625,False,False,,,,13.262039161969035,0.470553550978804,{},{}
"[0, 1, 1, 1, 0, 1, 1, 1, 1, 1, 1, 0, 1, 0, 1, 1, 0, 0]",011101111110101100,"[""011101111110101100""]",1,0.000244140625,False,False,,,,9.919374154196083,0.3500145460244785,{},{}
"[0, 1, 1, 1, 1, 0, 0, 0, 0, 0, 0, 0, 0, 0, 0, 0, 0, 1]",011110000000000001,"[""011110000000000001""]",1,0.000244140625,False,False,,,,5.123092360575454,0.17705703052735636,{},{}
"[0, 1, 1, 1, 1, 0, 0, 0, 0, 0, 0, 0, 0, 1, 0, 0, 0, 1]",011110000000010001,"[""011110000000010001""]",1,0.000244140625,False,False,,,,4.366308446857341,0.14976683551442624,{},{}
"[0, 1, 1, 1, 1, 0, 0, 0, 0, 0, 1, 1, 0, 1, 0, 0, 0, 1]",011110000011010001,"[""011110000011010001""]",1,0.000244140625,False,False,,,,4.827143685897931,0.16638489955394858,{},{}
"[0, 1, 1, 1, 1, 0, 0, 0, 0, 0, 1, 1, 0, 1, 0, 0, 1, 0]",011110000011010010,"[""011110000011010010""]",1,0.000244140625,False,False,,,,4.89174732395052,0.16871455515185632,{},{}
"[0, 1, 1, 1, 1, 0, 0, 0, 0, 0, 1, 1, 1, 0, 1, 0, 0, 1]",011110000011101001,"[""011110000011101001""]",1,0.000244140625,False,False,,,,6.029809128052886,0.20975391659669948,{},{}
"[0, 1, 1, 1, 1, 0, 0, 0, 0, 0, 1, 1, 1, 1, 0, 1, 1, 1]",011110000011110111,"[""011110000011110111""]",1,0.000244140625,False,False,,,,10.578222445628114,0.37377310911123723,{},{}
"[0, 1, 1, 1, 1, 0, 0, 0, 0, 1, 0, 0, 0, 1, 0, 0, 1, 1]",011110000100010011,"[""011110000100010011""]",1,0.000244140625,False,False,,,,4.82732218236718,0.16639133627038327,{},{}
"[0, 1, 1, 1, 1, 0, 0, 0, 0, 1, 0, 1, 0, 1, 0, 0, 1, 1]",011110000101010011,"[""011110000101010011""]",1,0.000244140625,False,False,,,,6.066814830209554,0.2110883699461163,{},{}
"[0, 1, 1, 1, 1, 0, 0, 0, 0, 1, 0, 1, 0, 1, 0, 1, 0, 0]",011110000101010100,"[""011110000101010100""]",1,0.000244140625,False,False,,,,4.757108112185759,0.16385936428581982,{},{}
"[0, 1, 1, 1, 1, 0, 0, 0, 0, 1, 0, 1, 1, 0, 1, 1, 0, 0]",011110000101101100,"[""011110000101101100""]",1,0.000244140625,False,False,,,,6.069645338333688,0.21119044019006977,{},{}
"[0, 1, 1, 1, 1, 0, 0, 0, 0, 1, 1, 1, 0, 1, 1, 0, 0, 1]",011110000111011001,"[""011110000111011001""]",1,0.000244140625,False,False,,,,9.30141912315076,0.32773062454999313,{},{}
"[0, 1, 1, 1, 1, 0, 0, 0, 0, 1, 1, 1, 1, 0, 1, 1, 1, 0]",011110000111101110,"[""011110000111101110""]",1,0.000244140625,False,False,,,,10.57068243608495,0.37350121071712183,{},{}
"[0, 1, 1, 1, 1, 0, 0, 0, 0, 1, 1, 1, 1, 1, 1, 0, 1, 0]",011110000111111010,"[""011110000111111010""]",1,0.000244140625,False,False,,,,12.574761475156473,0.4457698025914981,{},{}
"[0, 1, 1, 1, 1, 0, 0, 0, 1, 0, 1, 1, 1, 1, 0, 0, 0, 0]",011110001011110000,"[""011110001011110000""]",1,0.000244140625,False,False,,,,5.99228278833535,0.20840068866670616,{},{}
"[0, 1, 1, 1, 1, 0, 0, 0, 1, 0, 1, 1, 1, 1, 0, 1, 1, 0]",011110001011110110,"[""011110001011110110""]",1,0.000244140625,False,False,,,,6.550948646212241,0.22854659812931813,{},{}
"[0, 1, 1, 1, 1, 0, 0, 0, 1, 0, 1, 1, 1, 1, 1, 1, 0, 1]",011110001011111101,"[""011110001011111101""]",1,0.000244140625,False,False,,,,9.838593438910857,0.3471015328995207,{},{}
"[0, 1, 1, 1, 1, 0, 0, 0, 1, 1, 0, 0, 1, 0, 0, 0, 0, 1]",011110001100100001,"[""011110001100100001""]",1,0.000244140625,False,False,,,,2.7746134747877766,0.09236912210972711,{},{}
"[0, 1, 1, 1, 1, 0, 0, 0, 1, 1, 0, 0, 1, 0, 1, 0, 0, 1]",011110001100101001,"[""011110001100101001""]",1,0.000244140625,False,False,,,,4.03422461408216,0.13779164366269825,{},{}
"[0, 1, 1, 1, 1, 0, 0, 0, 1, 1, 0, 0, 1, 1, 1, 0, 0, 1]",011110001100111001,"[""011110001100111001""]",1,0.000244140625,False,False,,,,7.2853382167065455,0.25502923634474495,{},{}
"[0, 1, 1, 1, 1, 0, 0, 0, 1, 1, 1, 1, 1, 0, 0, 0, 0, 0]",011110001111100000,"[""011110001111100000""]",1,0.000244140625,False,False,,,,7.94232423403092,0.27872064443171546,{},{}
"[0, 1, 1, 1, 1, 0, 0, 0, 1, 1, 1, 1, 1, 1, 1, 0, 1, 1]",011110001111111011,"[""011110001111111011""]",1,0.000244140625,False,False,,,,13.118569304069156,0.4653799203960279,{},{}
"[0, 1, 1, 1, 1, 0, 0, 1, 0, 0, 0, 0, 1, 1, 1, 1, 0, 0]",011110010000111100,"[""011110010000111100""]",1,0.000244140625,False,False,,,,8.114641674425389,0.2849345404557338,{},{}
"[0, 1, 1, 1, 1, 0, 0, 1, 0, 0, 0, 1, 1, 0, 0, 1, 0, 1]",011110010001100101,"[""011110010001100101""]",1,0.000244140625,False,False,,,,4.034064904126068,0.1377858844020054,{},{}
"[0, 1, 1, 1, 1, 0, 0, 1, 0, 0, 0, 1, 1, 1, 1, 0, 0, 1]",011110010001111001,"[""011110010001111001""]",1,0.000244140625,False,False,,,,7.370106504685184,0.2580860443290528,{},{}
"[0, 1, 1, 1, 1, 0, 0, 1, 0, 0, 1, 0, 0, 0, 1, 1, 0, 0]",011110010010001100,"[""011110010010001100""]",1,0.000244140625,False,False,,,,2.8541944036502676,0.09523887003723981,{},{}
"[0, 1, 1, 1, 1, 0, 0, 1, 0, 0, 1, 0, 0, 1, 1, 1, 1, 0]",011110010010011110,"[""011110010010011110""]",1,0.000244140625,False,False,,,,5.488342765168273,0.1902282338116831,{},{}
"[0, 1, 1, 1, 1, 0, 0, 1, 0, 0, 1, 0, 0, 1, 1, 1, 1, 1]",011110010010011111,"[""011110010010011111""]",1,0.000244140625,False,False,,,,8.75520624080288,0.3080337787164008,{},{}
"[0, 1, 1, 1, 1, 0, 0, 1, 0, 0, 1, 0, 1, 0, 1, 1, 0, 1]",011110010010101101,"[""011110010010101101""]",1,0.000244140625,False,False,,,,5.329796593237999,0.18451094004776947,{},{}
"[0, 1, 1, 1, 1, 0, 0, 1, 0, 1, 0, 0, 1, 0, 1, 1, 1, 0]",011110010100101110,"[""011110010100101110""]",1,0.000244140625,False,False,,,,5.349609765877339,0.18522541789983682,{},{}
"[0, 1, 1, 1, 1, 0, 0, 1, 1, 0, 0, 1, 0, 1, 0, 0, 0, 0]",011110011001010000,"[""011110011001010000""]",1,0.000244140625,False,False,,,,4.866395538632977,0.1678003507763397,{},{}
"[0, 1, 1, 1, 1, 0, 0, 1, 1, 1, 1, 1, 1, 1, 1, 0, 0, 1]",011110011111111001,"[""011110011111111001""]",1,0.000244140625,False,False,,,,13.146163375090806,0.46637498327425647,{},{}
"[0, 1, 1, 1, 1, 0, 1, 0, 0, 0, 0, 1, 0, 0, 1, 0, 1, 0]",011110100001001010,"[""011110100001001010""]",1,0.000244140625,False,False,,,,2.8388037247176774,0.09468387062216473,{},{}
"[0, 1, 1, 1, 1, 0, 1, 0, 0, 0, 1, 0, 1, 1, 0, 1, 1, 0]",011110100010110110,"[""011110100010110110""]",1,0.000244140625,False,False,,,,5.339993446589414,0.18487864622047495,{},{}
"[0, 1, 1, 1, 1, 0, 1, 0, 0, 0, 1, 0, 1, 1, 1, 0, 0, 0]",011110100010111000,"[""011110100010111000""]",1,0.000244140625,False,False,,,,8.020609713345024,0.2815436774777883,{},{}
"[0, 1, 1, 1, 1, 0, 1, 0, 0, 0, 1, 1, 0, 1, 1, 1, 1, 0]",011110100011011110,"[""011110100011011110""]",1,0.000244140625,False,False,,,,6.625824537796159,0.231246678886919,{},{}
"[0, 1, 1, 1, 1, 0, 1, 0, 0, 1, 0, 1, 0, 0, 0, 0, 0, 0]",011110100101000000,"[""011110100101000000""]",1,0.000244140625,False,False,,,,5.520137511727919,0.19137477619752274,{},{}
"[0, 1, 1, 1, 1, 0, 1, 0, 0, 1, 1, 0, 0, 0, 0, 0, 0, 0]",011110100110000000,"[""011110100110000000""]",1,0.000244140625,False,False,,,,5.486506273108091,0.1901620085318462,{},{}
"[0, 1, 1, 1, 1, 0, 1, 0, 0, 1, 1, 0, 1, 0, 0, 0, 1, 1]",011110100110100011,"[""011110100110100011""]",1,0.000244140625,False,False,,,,5.27761316588642,0.18262916655463188,{},{}
"[0, 1, 1, 1, 1, 0, 1, 0, 0, 1, 1, 0, 1, 1, 1, 1, 0, 1]",011110100110111101,"[""011110100110111101""]",1,0.000244140625,False,False,,,,9.859369651971024,0.34785073871080247,{},{}
"[0, 1, 1, 1, 1, 0, 1, 0, 0, 1, 1, 1, 0, 0, 0, 0, 0, 1]",011110100111000001,"[""011110100111000001""]",1,0.000244140625,False,False,,,,7.986406033164913,0.2803102671404978,{},{}
"[0, 1, 1, 1, 1, 0, 1, 0, 0, 1, 1, 1, 0, 1, 1, 0, 1, 0]",011110100111011010,"[""011110100111011010""]",1,0.000244140625,False,False,,,,8.599466991217094,0.302417704675553,{},{}
"[0, 1, 1, 1, 1, 0, 1, 0, 0, 1, 1, 1, 1, 0, 1, 0, 0, 0]",011110100111101000,"[""011110100111101000""]",1,0.000244140625,False,False,,,,9.28074022544451,0.3269849280032954,{},{}
"[0, 1, 1, 1, 1, 0, 1, 0, 1, 0, 0, 1, 0, 0, 1, 1, 1, 1]",011110101001001111,"[""011110101001001111""]",1,0.000244140625,False,False,,,,8.614534076843272,0.30296103507351924,{},{}
"[0, 1, 1, 1, 1, 0, 1, 0, 1, 0, 1, 0, 0, 0, 1, 0, 1, 0]",011110101010001010,"[""011110101010001010""]",1,0.000244140625,False,False,,,,4.0451688880684245,0.1381863023835644,{},{}
"[0, 1, 1, 1, 1, 0, 1, 0, 1, 0, 1, 0, 1, 0, 1, 0, 0, 0]",011110101010101000,"[""011110101010101000""]",1,0.000244140625,False,False,,,,6.006546156534386,0.2089150364119965,{},{}
"[0, 1, 1, 1, 1, 0, 1, 0, 1, 0, 1, 0, 1, 1, 1, 1, 1, 1]",011110101010111111,"[""011110101010111111""]",1,0.000244140625,False,False,,,,13.170707846129815,0.4672600752919408,{},{}
"[0, 1, 1, 1, 1, 0, 1, 0, 1, 0, 1, 1, 1, 0, 1, 1, 0, 0]",011110101011101100,"[""011110101011101100""]",1,0.000244140625,False,False,,,,6.566085363233151,0.22909243948755562,{},{}
"[0, 1, 1, 1, 1, 0, 1, 0, 1, 1, 0, 0, 1, 1, 1, 0, 1, 0]",011110101100111010,"[""011110101100111010""]",1,0.000244140625,False,False,,,,8.555923275627936,0.300847485662602,{},{}
"[0, 1, 1, 1, 1, 0, 1, 0, 1, 1, 0, 1, 1, 1, 1, 1, 0, 1]",011110101101111101,"[""011110101101111101""]",1,0.000244140625,False,False,,,,11.181759493226595,0.39553710729873787,{},{}
"[0, 1, 1, 1, 1, 0, 1, 0, 1, 1, 1, 0, 0, 0, 0, 1, 0, 1]",011110101110000101,"[""011110101110000101""]",1,0.000244140625,False,False,,,,7.30369613928335,0.2556912367890882,{},{}
"[0, 1, 1, 1, 1, 0, 1, 0, 1, 1, 1, 0, 0, 0, 1, 0, 1, 1]",011110101110001011,"[""011110101110001011""]",1,0.000244140625,False,False,,,,6.55423144093505,0.2286649781669338,{},{}
"[0, 1, 1, 1, 1, 0, 1, 0, 1, 1, 1, 1, 0, 1, 1, 0, 1, 1]",011110101111011011,"[""011110101111011011""]",1,0.000244140625,False,False,,,,11.145436549513281,0.39422727473040287,{},{}
"[0, 1, 1, 1, 1, 0, 1, 1, 0, 0, 0, 0, 1, 1, 0, 0, 0, 0]",011110110000110000,"[""011110110000110000""]",1,0.000244140625,False,False,,,,6.818906133397892,0.238209345907008,{},{}
"[0, 1, 1, 1, 1, 0, 1, 1, 0, 0, 0, 0, 1, 1, 0, 1, 0, 0]",011110110000110100,"[""011110110000110100""]",1,0.000244140625,False,False,,,,6.09802395761946,0.2122137944665917,{},{}
"[0, 1, 1, 1, 1, 0, 1, 1, 0, 0, 0, 1, 0, 0, 0, 0, 1, 0]",011110110001000010,"[""011110110001000010""]",1,0.000244140625,False,False,,,,4.841206550361428,0.16689201698429107,{},{}
"[0, 1, 1, 1, 1, 0, 1, 1, 0, 0, 1, 0, 0, 0, 0, 0, 1, 1]",011110110010000011,"[""011110110010000011""]",1,0.000244140625,False,False,,,,6.1237582336522465,0.21314179174391346,{},{}
"[0, 1, 1, 1, 1, 0, 1, 1, 0, 1, 0, 0, 0, 0, 0, 1, 0, 1]",011110110100000101,"[""011110110100000101""]",1,0.000244140625,False,False,,,,6.077053260484632,0.21145757541384408,{},{}
"[0, 1, 1, 1, 1, 0, 1, 1, 0, 1, 0, 0, 1, 1, 0, 1, 1, 0]",011110110100110110,"[""011110110100110110""]",1,0.000244140625,False,False,,,,6.686785330926044,0.2334449707672048,{},{}
"[0, 1, 1, 1, 1, 0, 1, 1, 0, 1, 0, 0, 1, 1, 1, 0, 0, 1]",011110110100111001,"[""011110110100111001""]",1,0.000244140625,False,False,,,,8.59958217889172,0.30242185842941416,{},{}
"[0, 1, 1, 1, 1, 0, 1, 1, 0, 1, 0, 1, 0, 1, 1, 1, 0, 1]",011110110101011101,"[""011110110101011101""]",1,0.000244140625,False,False,,,,7.904919955025649,0.2773718181024707,{},{}
"[0, 1, 1, 1, 1, 0, 1, 1, 0, 1, 1, 0, 1, 1, 0, 1, 1, 0]",011110110110110110,"[""011110110110110110""]",1,0.000244140625,False,False,,,,7.9811399174277895,0.2801203670609352,{},{}
"[0, 1, 1, 1, 1, 0, 1, 1, 1, 0, 0, 0, 0, 1, 0, 0, 0, 0]",011110111000010000,"[""011110111000010000""]",1,0.000244140625,False,False,,,,8.840738682603632,0.3111181426601409,{},{}
"[0, 1, 1, 1, 1, 0, 1, 1, 1, 0, 0, 0, 0, 1, 0, 0, 1, 1]",011110111000010011,"[""011110111000010011""]",1,0.000244140625,False,False,,,,9.440939569834338,0.3327618364048796,{},{}
"[0, 1, 1, 1, 1, 0, 1, 1, 1, 0, 0, 1, 1, 1, 1, 0, 0, 1]",011110111001111001,"[""011110111001111001""]",1,0.000244140625,False,False,,,,11.902054732351349,0.4215114933636107,{},{}
"[0, 1, 1, 1, 1, 0, 1, 1, 1, 0, 1, 0, 0, 1, 1, 1, 1, 1]",011110111010011111,"[""011110111010011111""]",1,0.000244140625,False,False,,,,13.268477129939374,0.4707857089280056,{},{}
"[0, 1, 1, 1, 1, 0, 1, 1, 1, 0, 1, 1, 1, 0, 1, 1, 1, 1]",011110111011101111,"[""011110111011101111""]",1,0.000244140625,False,False,,,,14.490068017949994,0.5148371917298002,{},{}
"[0, 1, 1, 1, 1, 0, 1, 1, 1, 1, 0, 1, 0, 1, 1, 0, 1, 1]",011110111101011011,"[""011110111101011011""]",1,0.000244140625,False,False,,,,11.210950193728427,0.39658974583243134,{},{}
"[0, 1, 1, 1, 1, 0, 1, 1, 1, 1, 1, 0, 0, 0, 0, 0, 0, 0]",011110111110000000,"[""011110111110000000""]",1,0.000244140625,False,False,,,,10.034803260589136,0.35417700609601754,{},{}
"[0, 1, 1, 1, 1, 0, 1, 1, 1, 1, 1, 0, 1, 0, 0, 1, 1, 0]",011110111110100110,"[""011110111110100110""]",1,0.000244140625,False,False,,,,9.921359796646957,0.35008614977916735,{},{}
"[0, 1, 1, 1, 1, 1, 0, 0, 0, 0, 0, 0, 0, 0, 0, 0, 0, 1]",011111000000000001,"[""011111000000000001""]",1,0.000244140625,False,False,,,,8.434537909798554,0.29647023841255854,{},{}
"[0, 1, 1, 1, 1, 1, 0, 0, 0, 0, 0, 0, 0, 1, 0, 1, 0, 1]",011111000000010101,"[""011111000000010101""]",1,0.000244140625,False,False,,,,8.907304266699976,0.3135185475025401,{},{}
"[0, 1, 1, 1, 1, 1, 0, 0, 0, 0, 0, 0, 0, 1, 1, 1, 1, 0]",011111000000011110,"[""011111000000011110""]",1,0.000244140625,False,False,,,,10.147093119641951,0.35822626255612144,{},{}
"[0, 1, 1, 1, 1, 1, 0, 0, 0, 0, 1, 0, 1, 1, 1, 0, 0, 1]",011111000010111001,"[""011111000010111001""]",1,0.000244140625,False,False,,,,11.360459297691166,0.4019811561536493,{},{}
"[0, 1, 1, 1, 1, 1, 0, 0, 0, 1, 0, 1, 0, 0, 1, 1, 0, 1]",011111000101001101,"[""011111000101001101""]",1,0.000244140625,False,False,,,,9.402079593955621,0.3313605165555746,{},{}
"[0, 1, 1, 1, 1, 1, 0, 0, 0, 1, 1, 0, 1, 1, 1, 0, 0, 1]",011111000110111001,"[""011111000110111001""]",1,0.000244140625,False,False,,,,12.577095527986788,0.44585397028554546,{},{}
"[0, 1, 1, 1, 1, 1, 0, 0, 0, 1, 1, 1, 0, 0, 1, 1, 0, 0]",011111000111001100,"[""011111000111001100""]",1,0.000244140625,False,False,,,,11.302281697561883,0.3998832282985076,{},{}
"[0, 1, 1, 1, 1, 1, 0, 0, 0, 1, 1, 1, 0, 1, 1, 0, 0, 0]",011111000111011000,"[""011111000111011000""]",1,0.000244140625,False,False,,,,13.316544036022412,0.47251903757954844,{},{}
"[0, 1, 1, 1, 1, 1, 0, 0, 1, 0, 0, 0, 0, 1, 1, 0, 1, 0]",011111001000011010,"[""011111001000011010""]",1,0.000244140625,False,False,,,,8.193795450569686,0.2877888849361481,{},{}
"[0, 1, 1, 1, 1, 1, 0, 0, 1, 0, 0, 1, 0, 1, 1, 1, 1, 0]",011111001001011110,"[""011111001001011110""]",1,0.000244140625,False,False,,,,8.677192248794249,0.30522053570599805,{},{}
"[0, 1, 1, 1, 1, 1, 0, 0, 1, 0, 1, 1, 1, 0, 0, 0, 0, 1]",011111001011100001,"[""011111001011100001""]",1,0.000244140625,False,False,,,,7.3729994204830565,0.25819036504048554,{},{}
"[0, 1, 1, 1, 1, 1, 0, 0, 1, 1, 0, 1, 0, 0, 0, 0, 1, 0]",011111001101000010,"[""011111001101000010""]",1,0.000244140625,False,False,,,,8.075802527343425,0.2835339717084474,{},{}
"[0, 1, 1, 1, 1, 1, 0, 0, 1, 1, 0, 1, 0, 0, 1, 1, 0, 1]",011111001101001101,"[""011111001101001101""]",1,0.000244140625,False,False,,,,8.706348203297393,0.3062719212729425,{},{}
"[0, 1, 1, 1, 1, 1, 0, 0, 1, 1, 0, 1, 0, 1, 0, 0, 1, 1]",011111001101010011,"[""011111001101010011""]",1,0.000244140625,False,False,,,,8.710544996568935,0.306423260783116,{},{}
"[0, 1, 1, 1, 1, 1, 0, 0, 1, 1, 1, 0, 1, 1, 0, 1, 0, 1]",011111001110110101,"[""011111001110110101""]",1,0.000244140625,False,False,,,,9.932781143830699,0.3504980121170219,{},{}
"[0, 1, 1, 1, 1, 1, 0, 0, 1, 1, 1, 1, 1, 0, 1, 0, 1, 0]",011111001111101010,"[""011111001111101010""]",1,0.000244140625,False,False,,,,11.8394549247163,0.4192540973920986,{},{}
"[0, 1, 1, 1, 1, 1, 0, 0, 1, 1, 1, 1, 1, 0, 1, 1, 1, 1]",011111001111101111,"[""011111001111101111""]",1,0.000244140625,False,False,,,,16.499953416608605,0.5873151652817922,{},{}
"[0, 1, 1, 1, 1, 1, 0, 1, 0, 0, 0, 1, 1, 1, 0, 1, 1, 0]",011111010001110110,"[""011111010001110110""]",1,0.000244140625,False,False,,,,8.648801756988906,0.30419675329752394,{},{}
"[0, 1, 1, 1, 1, 1, 0, 1, 0, 0, 1, 1, 0, 1, 0, 0, 1, 0]",011111010011010010,"[""011111010011010010""]",1,0.000244140625,False,False,,,,7.5221035445253275,0.2635671714823061,{},{}
"[0, 1, 1, 1, 1, 1, 0, 1, 0, 1, 0, 0, 0, 0, 0, 0, 0, 0]",011111010100000000,"[""011111010100000000""]",1,0.000244140625,False,False,,,,7.571718602778476,0.2653563276611868,{},{}
"[0, 1, 1, 1, 1, 1, 0, 1, 0, 1, 0, 0, 1, 1, 1, 0, 1, 0]",011111010100111010,"[""011111010100111010""]",1,0.000244140625,False,False,,,,10.650460218204344,0.37637805732058743,{},{}
"[0, 1, 1, 1, 1, 1, 0, 1, 0, 1, 0, 1, 1, 0, 0, 0, 1, 1]",011111010101100011,"[""011111010101100011""]",1,0.000244140625,False,False,,,,8.618331797860865,0.30309798373917685,{},{}
"[0, 1, 1, 1, 1, 1, 0, 1, 0, 1, 1, 1, 1, 0, 0, 0, 1, 1]",011111010111100011,"[""011111010111100011""]",1,0.000244140625,False,False,,,,11.898646355309284,0.42138858473345947,{},{}
"[0, 1, 1, 1, 1, 1, 0, 1, 1, 0, 0, 0, 0, 0, 1, 0, 1, 0]",011111011000001010,"[""011111011000001010""]",1,0.000244140625,False,False,,,,8.217951215163442,0.2886599599081455,{},{}
"[0, 1, 1, 1, 1, 1, 0, 1, 1, 0, 0, 0, 1, 0, 1, 1, 1, 1]",011111011000101111,"[""011111011000101111""]",1,0.000244140625,False,False,,,,14.024387884361557,0.4980444171624362,{},{}
"[0, 1, 1, 1, 1, 1, 0, 1, 1, 0, 0, 1, 0, 1, 0, 0, 0, 1]",011111011001010001,"[""011111011001010001""]",1,0.000244140625,False,False,,,,7.521604471723235,0.2635491745430901,{},{}
"[0, 1, 1, 1, 1, 1, 0, 1, 1, 0, 1, 0, 0, 0, 1, 1, 1, 0]",011111011010001110,"[""011111011010001110""]",1,0.000244140625,False,False,,,,8.719918526888895,0.30676127731036296,{},{}
"[0, 1, 1, 1, 1, 1, 0, 1, 1, 0, 1, 0, 0, 1, 0, 0, 0, 1]",011111011010010001,"[""011111011010010001""]",1,0.000244140625,False,False,,,,7.571765050594111,0.26535800260422354,{},{}
"[0, 1, 1, 1, 1, 1, 0, 1, 1, 0, 1, 1, 0, 0, 0, 1, 1, 0]",011111011011000110,"[""011111011011000110""]",1,0.000244140625,False,False,,,,10.690461366172052,0.377820528690541,{},{}
"[0, 1, 1, 1, 1, 1, 0, 1, 1, 0, 1, 1, 0, 0, 1, 0, 0, 0]",011111011011001000,"[""011111011011001000""]",1,0.000244140625,False,False,,,,9.449673202259973,0.3330767777345596,{},{}
"[0, 1, 1, 1, 1, 1, 1, 0, 0, 0, 0, 0, 1, 0, 0, 0, 0, 1]",011111100000100001,"[""011111100000100001""]",1,0.000244140625,False,False,,,,6.843158856058257,0.23908391725954128,{},{}
"[0, 1, 1, 1, 1, 1, 1, 0, 0, 0, 0, 0, 1, 1, 1, 1, 1, 0]",011111100000111110,"[""011111100000111110""]",1,0.000244140625,False,False,,,,12.639753990718354,0.4481134814037902,{},{}
"[0, 1, 1, 1, 1, 1, 1, 0, 0, 0, 0, 1, 0, 0, 0, 0, 0, 0]",011111100001000000,"[""011111100001000000""]",1,0.000244140625,False,False,,,,7.554911612504338,0.2647502549978446,{},{}
"[0, 1, 1, 1, 1, 1, 1, 0, 0, 0, 0, 1, 0, 1, 1, 1, 0, 1]",011111100001011101,"[""011111100001011101""]",1,0.000244140625,False,False,,,,8.662103679955631,0.30467643060729316,{},{}
"[0, 1, 1, 1, 1, 1, 1, 0, 0, 0, 1, 0, 1, 0, 0, 0, 0, 1]",011111100010100001,"[""011111100010100001""]",1,0.000244140625,False,False,,,,6.050461418203141,0.2104986536549901,{},{}
"[0, 1, 1, 1, 1, 1, 1, 0, 0, 0, 1, 1, 1, 0, 0, 0, 0, 1]",011111100011100001,"[""011111100011100001""]",1,0.000244140625,False,False,,,,7.291395218967855,0.2552476563850082,{},{}
"[0, 1, 1, 1, 1, 1, 1, 0, 0, 1, 0, 0, 0, 0, 0, 1, 0, 1]",011111100100000101,"[""011111100100000101""]",1,0.000244140625,False,False,,,,8.147410382229653,0.28611620461387705,{},{}
"[0, 1, 1, 1, 1, 1, 1, 0, 0, 1, 0, 1, 1, 0, 1, 0, 0, 0]",011111100101101000,"[""011111100101101000""]",1,0.000244140625,False,False,,,,9.330292349856053,0.32877181474068934,{},{}
"[0, 1, 1, 1, 1, 1, 1, 0, 0, 1, 1, 1, 0, 0, 1, 1, 0, 1]",011111100111001101,"[""011111100111001101""]",1,0.000244140625,False,False,,,,11.894745466146121,0.42124791574716525,{},{}
"[0, 1, 1, 1, 1, 1, 1, 0, 0, 1, 1, 1, 1, 1, 0, 1, 0, 0]",011111100111110100,"[""011111100111110100""]",1,0.000244140625,False,False,,,,11.849360862892846,0.41961131294560555,{},{}
"[0, 1, 1, 1, 1, 1, 1, 0, 1, 0, 0, 1, 1, 1, 0, 0, 1, 0]",011111101001110010,"[""011111101001110010""]",1,0.000244140625,False,False,,,,8.604578126212894,0.3026020160334511,{},{}
"[0, 1, 1, 1, 1, 1, 1, 0, 1, 0, 1, 0, 0, 0, 0, 0, 1, 1]",011111101010000011,"[""011111101010000011""]",1,0.000244140625,False,False,,,,9.448664198206796,0.3330403922923206,{},{}
"[0, 1, 1, 1, 1, 1, 1, 0, 1, 0, 1, 0, 1, 0, 1, 1, 1, 0]",011111101010101110,"[""011111101010101110""]",1,0.000244140625,False,False,,,,9.891593466776959,0.3490127536191189,{},{}
"[0, 1, 1, 1, 1, 1, 1, 0, 1, 0, 1, 1, 0, 0, 0, 1, 0, 1]",011111101011000101,"[""011111101011000101""]",1,0.000244140625,False,False,,,,10.650757959144372,0.37638879408199233,{},{}
"[0, 1, 1, 1, 1, 1, 1, 0, 1, 0, 1, 1, 0, 1, 1, 0, 0, 0]",011111101011011000,"[""011111101011011000""]",1,0.000244140625,False,False,,,,10.615660680451752,0.3751231599127366,{},{}
"[0, 1, 1, 1, 1, 1, 1, 0, 1, 1, 0, 0, 1, 0, 0, 1, 0, 1]",011111101100100101,"[""011111101100100101""]",1,0.000244140625,False,False,,,,8.766737851176766,0.308449617227516,{},{}
"[0, 1, 1, 1, 1, 1, 1, 0, 1, 1, 0, 1, 0, 1, 0, 1, 1, 0]",011111101101010110,"[""011111101101010110""]",1,0.000244140625,False,False,,,,9.891593466776959,0.3490127536191189,{},{}
"[0, 1, 1, 1, 1, 1, 1, 0, 1, 1, 1, 0, 0, 1, 0, 0, 0, 1]",011111101110010001,"[""011111101110010001""]",1,0.000244140625,False,False,,,,8.657958912743137,0.30452696719579375,{},{}
"[0, 1, 1, 1, 1, 1, 1, 0, 1, 1, 1, 1, 0, 0, 0, 1, 0, 1]",011111101111000101,"[""011111101111000101""]",1,0.000244140625,False,False,,,,13.928651938736701,0.49459210722496205,{},{}
"[0, 1, 1, 1, 1, 1, 1, 0, 1, 1, 1, 1, 0, 1, 0, 1, 0, 0]",011111101111010100,"[""011111101111010100""]",1,0.000244140625,False,False,,,,11.842894071396291,0.4193781155984502,{},{}
"[0, 1, 1, 1, 1, 1, 1, 1, 0, 0, 0, 0, 0, 0, 0, 1, 1, 1]",011111110000000111,"[""011111110000000111""]",1,0.000244140625,False,False,,,,13.428461059735838,0.47655484931793557,{},{}
"[0, 1, 1, 1, 1, 1, 1, 1, 0, 0, 0, 0, 0, 0, 1, 1, 1, 1]",011111110000001111,"[""011111110000001111""]",1,0.000244140625,False,False,,,,12.697410868295059,0.4501926316134906,{},{}
"[0, 1, 1, 1, 1, 1, 1, 1, 0, 0, 0, 0, 1, 1, 0, 0, 1, 1]",011111110000110011,"[""011111110000110011""]",1,0.000244140625,False,False,,,,10.711875231322031,0.3785927287139961,{},{}
"[0, 1, 1, 1, 1, 1, 1, 1, 0, 0, 0, 1, 1, 0, 0, 1, 1, 1]",011111110001100111,"[""011111110001100111""]",1,0.000244140625,False,False,,,,11.931493807407886,0.4225730884698624,{},{}
"[0, 1, 1, 1, 1, 1, 1, 1, 0, 0, 1, 0, 1, 1, 0, 0, 0, 1]",011111110010110001,"[""011111110010110001""]",1,0.000244140625,False,False,,,,8.655278319598862,0.3044303029983504,{},{}
"[0, 1, 1, 1, 1, 1, 1, 1, 0, 0, 1, 1, 0, 0, 1, 0, 1, 1]",011111110011001011,"[""011111110011001011""]",1,0.000244140625,False,False,,,,9.986016126834103,0.35241770549493123,{},{}
"[0, 1, 1, 1, 1, 1, 1, 1, 0, 1, 0, 0, 1, 0, 1, 0, 0, 1]",011111110100101001,"[""011111110100101001""]",1,0.000244140625,False,False,,,,8.63397337753256,0.30366203082291254,{},{}
"[0, 1, 1, 1, 1, 1, 1, 1, 0, 1, 0, 1, 0, 1, 0, 0, 1, 0]",011111110101010010,"[""011111110101010010""]",1,0.000244140625,False,False,,,,8.64570857354812,0.3040852107848203,{},{}
"[0, 1, 1, 1, 1, 1, 1, 1, 1, 0, 1, 0, 0, 0, 1, 1, 0, 0]",011111111010001100,"[""011111111010001100""]",1,0.000244140625,False,False,,,,10.640864413219713,0.3760320254023744,{},{}
"[0, 1, 1, 1, 1, 1, 1, 1, 1, 0, 1, 0, 1, 1, 1, 1, 0, 0]",011111111010111100,"[""011111111010111100""]",1,0.000244140625,False,False,,,,15.229971263899643,0.5415186572137337,{},{}
"[0, 1, 1, 1, 1, 1, 1, 1, 1, 0, 1, 1, 1, 0, 0, 0, 0, 0]",011111111011100000,"[""011111111011100000""]",1,0.000244140625,False,False,,,,12.595829528110977,0.44652953236805537,{},{}
"[1, 0, 0, 0, 0, 0, 0, 0, 0, 0, 0, 0, 0, 1, 0, 1, 0, 0]",100000000000010100,"[""100000000000010100""]",1,0.000244140625,False,False,,,,2.588379761001602,0.08565339483926085,{},{}
"[1, 0, 0, 0, 0, 0, 0, 0, 0, 0, 1, 0, 1, 0, 0, 1, 1, 1]",100000000010100111,"[""100000000010100111""]",1,0.000244140625,False,False,,,,6.234007942005952,0.21711747884105226,{},{}
"[1, 0, 0, 0, 0, 0, 0, 0, 0, 0, 1, 0, 1, 1, 0, 0, 0, 1]",100000000010110001,"[""100000000010110001""]",1,0.000244140625,False,False,,,,2.9717719304674355,0.09947880375915787,{},{}
"[1, 0, 0, 0, 0, 0, 0, 0, 0, 0, 1, 1, 0, 1, 0, 1, 1, 1]",100000000011010111,"[""100000000011010111""]",1,0.000244140625,False,False,,,,7.415923533669476,0.2597382407265044,{},{}
"[1, 0, 0, 0, 0, 0, 0, 0, 0, 1, 0, 0, 1, 1, 1, 1, 0, 0]",100000000100111100,"[""100000000100111100""]",1,0.000244140625,False,False,,,,6.245131214973535,0.21751859239931487,{},{}
"[1, 0, 0, 0, 0, 0, 0, 0, 0, 1, 0, 1, 0, 0, 0, 0, 0, 1]",100000000101000001,"[""100000000101000001""]",1,0.000244140625,False,False,,,,3.8238940377890427,0.1302069654736225,{},{}
"[1, 0, 0, 0, 0, 0, 0, 0, 0, 1, 0, 1, 0, 1, 1, 0, 1, 0]",100000000101011010,"[""100000000101011010""]",1,0.000244140625,False,False,,,,4.178694034962384,0.14300131923555262,{},{}
"[1, 0, 0, 0, 0, 0, 0, 0, 0, 1, 1, 0, 0, 1, 1, 1, 0, 1]",100000000110011101,"[""100000000110011101""]",1,0.000244140625,False,False,,,,5.395344033750814,0.18687462986961664,{},{}
"[1, 0, 0, 0, 0, 0, 0, 0, 0, 1, 1, 0, 1, 1, 1, 1, 1, 0]",100000000110111110,"[""100000000110111110""]",1,0.000244140625,False,False,,,,8.641028218283108,0.30391643366681254,{},{}
"[1, 0, 0, 0, 0, 0, 0, 0, 0, 1, 1, 1, 1, 0, 0, 1, 0, 1]",100000000111100101,"[""100000000111100101""]",1,0.000244140625,False,False,,,,7.458844980863807,0.26128602027485087,{},{}
"[1, 0, 0, 0, 0, 0, 0, 0, 0, 1, 1, 1, 1, 0, 1, 0, 0, 0]",100000000111101000,"[""100000000111101000""]",1,0.000244140625,False,False,,,,8.189390749704383,0.28763004812235127,{},{}
"[1, 0, 0, 0, 0, 0, 0, 0, 1, 1, 0, 0, 0, 0, 1, 1, 1, 1]",100000001100001111,"[""100000001100001111""]",1,0.000244140625,False,False,,,,5.51131852895344,0.19105675707030748,{},{}
"[1, 0, 0, 0, 0, 0, 0, 0, 1, 1, 0, 0, 1, 1, 0, 0, 1, 0]",100000001100110010,"[""100000001100110010""]",1,0.000244140625,False,False,,,,2.210554333189024,0.07202872679473155,{},{}
"[1, 0, 0, 0, 0, 0, 0, 0, 1, 1, 1, 1, 0, 1, 0, 0, 0, 0]",100000001111010000,"[""100000001111010000""]",1,0.000244140625,False,False,,,,6.164592863903099,0.21461431910955425,{},{}
"[1, 0, 0, 0, 0, 0, 0, 0, 1, 1, 1, 1, 0, 1, 1, 1, 1, 1]",100000001111011111,"[""100000001111011111""]",1,0.000244140625,False,False,,,,11.142511576935027,0.3941217980274483,{},{}
"[1, 0, 0, 0, 0, 0, 0, 1, 0, 0, 0, 1, 1, 1, 0, 0, 0, 0]",100000010001110000,"[""100000010001110000""]",1,0.000244140625,False,False,,,,2.965857104117286,0.09926551068878833,{},{}
"[1, 0, 0, 0, 0, 0, 0, 1, 0, 0, 1, 0, 0, 0, 0, 1, 0, 1]",100000010010000101,"[""100000010010000101""]",1,0.000244140625,False,False,,,,3.019585478488586,0.10120299612913906,{},{}
"[1, 0, 0, 0, 0, 0, 0, 1, 0, 0, 1, 0, 0, 0, 0, 1, 1, 0]",100000010010000110,"[""100000010010000110""]",1,0.000244140625,False,False,,,,3.0205157905024786,0.10123654387747488,{},{}
"[1, 0, 0, 0, 0, 0, 0, 1, 0, 1, 0, 0, 0, 1, 0, 0, 1, 0]",100000010100010010,"[""100000010100010010""]",1,0.000244140625,False,False,,,,0.9941582439234115,0.02816457232832349,{},{}
"[1, 0, 0, 0, 0, 0, 0, 1, 0, 1, 0, 0, 1, 1, 0, 1, 1, 1]",100000010100110111,"[""100000010100110111""]",1,0.000244140625,False,False,,,,6.713976741531479,0.23442551340909737,{},{}
"[1, 0, 0, 0, 0, 0, 0, 1, 0, 1, 0, 1, 0, 0, 1, 1, 0, 1]",100000010101001101,"[""100000010101001101""]",1,0.000244140625,False,False,,,,3.4641510466610876,0.11723436364573335,{},{}
"[1, 0, 0, 0, 0, 0, 0, 1, 0, 1, 1, 0, 1, 0, 1, 1, 0, 0]",100000010110101100,"[""100000010110101100""]",1,0.000244140625,False,False,,,,3.4547256502277497,0.11689447678757298,{},{}
"[1, 0, 0, 0, 0, 0, 0, 1, 0, 1, 1, 1, 1, 1, 1, 1, 1, 0]",100000010111111110,"[""100000010111111110""]",1,0.000244140625,False,False,,,,11.152027218291092,0.39446493918514586,{},{}
"[1, 0, 0, 0, 0, 0, 0, 1, 1, 0, 0, 0, 1, 0, 0, 1, 0, 1]",100000011000100101,"[""100000011000100101""]",1,0.000244140625,False,False,,,,4.3454663759071215,0.14901525481827962,{},{}
"[1, 0, 0, 0, 0, 0, 0, 1, 1, 0, 0, 0, 1, 1, 1, 1, 1, 1]",100000011000111111,"[""100000011000111111""]",1,0.000244140625,False,False,,,,11.985980126338493,0.4245379059589757,{},{}
"[1, 0, 0, 0, 0, 0, 0, 1, 1, 0, 1, 0, 0, 0, 0, 1, 0, 1]",100000011010000101,"[""100000011010000101""]",1,0.000244140625,False,False,,,,4.310191959798509,0.14774323294106798,{},{}
"[1, 0, 0, 0, 0, 0, 0, 1, 1, 0, 1, 0, 1, 1, 0, 1, 1, 0]",100000011010110110,"[""100000011010110110""]",1,0.000244140625,False,False,,,,4.732876915634678,0.1629855691809176,{},{}
"[1, 0, 0, 0, 0, 0, 0, 1, 1, 0, 1, 1, 0, 0, 1, 0, 1, 0]",100000011011001010,"[""100000011011001010""]",1,0.000244140625,False,False,,,,3.5095404917864306,0.11887114104882796,{},{}
"[1, 0, 0, 0, 0, 0, 0, 1, 1, 0, 1, 1, 0, 1, 0, 0, 0, 0]",100000011011010000,"[""100000011011010000""]",1,0.000244140625,False,False,,,,4.253687915124906,0.14570565474971084,{},{}
"[1, 0, 0, 0, 0, 0, 0, 1, 1, 1, 0, 1, 0, 1, 0, 0, 0, 1]",100000011101010001,"[""100000011101010001""]",1,0.000244140625,False,False,,,,3.467295045472805,0.1173477385987905,{},{}
"[1, 0, 0, 0, 0, 0, 0, 1, 1, 1, 0, 1, 0, 1, 0, 1, 1, 0]",100000011101010110,"[""100000011101010110""]",1,0.000244140625,False,False,,,,4.655187118772378,0.16018401689042214,{},{}
"[1, 0, 0, 0, 0, 0, 0, 1, 1, 1, 1, 1, 1, 0, 0, 0, 0, 0]",100000011111100000,"[""100000011111100000""]",1,0.000244140625,False,False,,,,7.434303985741153,0.26040105360131494,{},{}
"[1, 0, 0, 0, 0, 0, 0, 1, 1, 1, 1, 1, 1, 0, 0, 1, 0, 0]",100000011111100100,"[""100000011111100100""]",1,0.000244140625,False,False,,,,6.6986387852134985,0.233872415211012,{},{}
"[1, 0, 0, 0, 0, 0, 1, 0, 0, 1, 0, 0, 0, 0, 0, 0, 1, 1]",100000100100000011,"[""100000100100000011""]",1,0.000244140625,False,False,,,,3.0586001821683877,0.1026098955788941,{},{}
"[1, 0, 0, 0, 0, 0, 1, 0, 0, 1, 0, 1, 0, 0, 0, 1, 1, 1]",100000100101000111,"[""100000100101000111""]",1,0.000244140625,False,False,,,,7.529076154985817,0.2638186090403285,{},{}
"[1, 0, 0, 0, 0, 0, 1, 0, 0, 1, 0, 1, 1, 1, 0, 0, 0, 0]",100000100101110000,"[""100000100101110000""]",1,0.000244140625,False,False,,,,4.253967575167655,0.14571573950041128,{},{}
"[1, 0, 0, 0, 0, 0, 1, 0, 0, 1, 1, 1, 0, 1, 1, 0, 1, 0]",100000100111011010,"[""100000100111011010""]",1,0.000244140625,False,False,,,,6.637288700407913,0.23166008518119077,{},{}
"[1, 0, 0, 0, 0, 0, 1, 0, 1, 0, 0, 1, 0, 1, 1, 1, 1, 0]",100000101001011110,"[""100000101001011110""]",1,0.000244140625,False,False,,,,4.692468192266947,0.16152840033662885,{},{}
"[1, 0, 0, 0, 0, 0, 1, 0, 1, 0, 1, 0, 1, 1, 1, 0, 0, 0]",100000101010111000,"[""100000101010111000""]",1,0.000244140625,False,False,,,,7.45695141535053,0.26121773688352823,{},{}
"[1, 0, 0, 0, 0, 0, 1, 0, 1, 1, 0, 0, 1, 0, 1, 0, 1, 1]",100000101100101011,"[""100000101100101011""]",1,0.000244140625,False,False,,,,4.797648548483686,0.16532128279706845,{},{}
"[1, 0, 0, 0, 0, 0, 1, 1, 0, 0, 0, 1, 1, 0, 0, 0, 1, 0]",100000110001100010,"[""100000110001100010""]",1,0.000244140625,False,False,,,,2.2393826367080325,0.07306829702166785,{},{}
"[1, 0, 0, 0, 0, 0, 1, 1, 0, 0, 1, 0, 1, 1, 0, 0, 0, 1]",100000110010110001,"[""100000110010110001""]",1,0.000244140625,False,False,,,,3.4587081057617706,0.11703808711832088,{},{}
"[1, 0, 0, 0, 0, 0, 1, 1, 0, 0, 1, 1, 0, 0, 0, 1, 0, 0]",100000110011000100,"[""100000110011000100""]",1,0.000244140625,False,False,,,,4.224938304248928,0.14466892223844932,{},{}
"[1, 0, 0, 0, 0, 0, 1, 1, 0, 1, 0, 0, 0, 0, 1, 1, 0, 0]",100000110100001100,"[""100000110100001100""]",1,0.000244140625,False,False,,,,2.2963367677044175,0.0751221056630897,{},{}
"[1, 0, 0, 0, 0, 0, 1, 1, 0, 1, 0, 1, 1, 1, 1, 1, 0, 1]",100000110101111101,"[""100000110101111101""]",1,0.000244140625,False,False,,,,9.252391393919211,0.32596264789573715,{},{}
"[1, 0, 0, 0, 0, 0, 1, 1, 0, 1, 1, 1, 0, 0, 1, 0, 0, 0]",100000110111001000,"[""100000110111001000""]",1,0.000244140625,False,False,,,,7.443088616010057,0.26071783395143766,{},{}
"[1, 0, 0, 0, 0, 0, 1, 1, 0, 1, 1, 1, 0, 1, 1, 1, 1, 0]",100000110111011110,"[""100000110111011110""]",1,0.000244140625,False,False,,,,9.184338819219604,0.32350862105793093,{},{}
"[1, 0, 0, 0, 0, 0, 1, 1, 0, 1, 1, 1, 1, 1, 0, 0, 0, 1]",100000110111110001,"[""100000110111110001""]",1,0.000244140625,False,False,,,,7.90426768492247,0.27734829675378153,{},{}
"[1, 0, 0, 0, 0, 0, 1, 1, 1, 0, 0, 1, 1, 0, 0, 0, 0, 1]",100000111001100001,"[""100000111001100001""]",1,0.000244140625,False,False,,,,5.5545992337057335,0.1926174917153981,{},{}
"[1, 0, 0, 0, 0, 0, 1, 1, 1, 0, 0, 1, 1, 0, 1, 0, 0, 0]",100000111001101000,"[""100000111001101000""]",1,0.000244140625,False,False,,,,7.537258826909145,0.26411368232144167,{},{}
"[1, 0, 0, 0, 0, 0, 1, 1, 1, 0, 0, 1, 1, 0, 1, 1, 1, 0]",100000111001101110,"[""100000111001101110""]",1,0.000244140625,False,False,,,,8.007642030716713,0.28107605312508016,{},{}
"[1, 0, 0, 0, 0, 0, 1, 1, 1, 0, 1, 0, 0, 0, 1, 1, 1, 1]",100000111010001111,"[""100000111010001111""]",1,0.000244140625,False,False,,,,9.991316552138633,0.3526088428032038,{},{}
"[1, 0, 0, 0, 0, 0, 1, 1, 1, 0, 1, 1, 0, 1, 0, 0, 1, 0]",100000111011010010,"[""100000111011010010""]",1,0.000244140625,False,False,,,,6.734283067415937,0.23515777473672042,{},{}
"[1, 0, 0, 0, 0, 0, 1, 1, 1, 1, 0, 0, 0, 0, 0, 1, 1, 0]",100000111100000110,"[""100000111100000110""]",1,0.000244140625,False,False,,,,7.542318863063812,0.26429615101683834,{},{}
"[1, 0, 0, 0, 0, 0, 1, 1, 1, 1, 1, 1, 1, 1, 0, 0, 0, 0]",100000111111110000,"[""100000111111110000""]",1,0.000244140625,False,False,,,,11.947408605588626,0.4231469880177664,{},{}
"[1, 0, 0, 0, 0, 1, 0, 0, 0, 0, 0, 0, 1, 0, 1, 0, 1, 1]",100001000000101011,"[""100001000000101011""]",1,0.000244140625,False,False,,,,4.306400005599261,0.1476064922312012,{},{}
"[1, 0, 0, 0, 0, 1, 0, 0, 0, 0, 0, 0, 1, 0, 1, 1, 0, 0]",100001000000101100,"[""100001000000101100""]",1,0.000244140625,False,False,,,,3.0913225720698576,0.10378988947875503,{},{}
"[1, 0, 0, 0, 0, 1, 0, 0, 0, 0, 1, 0, 0, 1, 0, 1, 1, 0]",100001000010010110,"[""100001000010010110""]",1,0.000244140625,False,False,,,,2.2332051097947443,0.07284553077214097,{},{}
"[1, 0, 0, 0, 0, 1, 0, 0, 0, 0, 1, 1, 0, 0, 0, 0, 0, 0]",100001000011000000,"[""100001000011000000""]",1,0.000244140625,False,False,,,,3.8098958066486732,0.12970217876934398,{},{}
"[1, 0, 0, 0, 0, 1, 0, 0, 0, 0, 1, 1, 0, 0, 1, 1, 0, 0]",100001000011001100,"[""100001000011001100""]",1,0.000244140625,False,False,,,,2.2293630729417293,0.07270698404425067,{},{}
"[1, 0, 0, 0, 0, 1, 0, 0, 0, 0, 1, 1, 0, 1, 0, 1, 1, 1]",100001000011010111,"[""100001000011010111""]",1,0.000244140625,False,False,,,,6.720883894742057,0.23467459052963865,{},{}
"[1, 0, 0, 0, 0, 1, 0, 0, 0, 1, 0, 0, 0, 0, 0, 1, 1, 1]",100001000100000111,"[""100001000100000111""]",1,0.000244140625,False,False,,,,6.352271022188737,0.22138213413104318,{},{}
"[1, 0, 0, 0, 0, 1, 0, 0, 0, 1, 0, 1, 1, 1, 1, 0, 1, 1]",100001000101111011,"[""100001000101111011""]",1,0.000244140625,False,False,,,,7.939138094170688,0.2786057498408711,{},{}
"[1, 0, 0, 0, 0, 1, 0, 0, 0, 1, 1, 0, 0, 0, 1, 1, 0, 0]",100001000110001100,"[""100001000110001100""]",1,0.000244140625,False,False,,,,2.2201687834268244,0.07237543107474538,{},{}
"[1, 0, 0, 0, 0, 1, 0, 0, 1, 0, 0, 0, 0, 1, 1, 0, 1, 1]",100001001000011011,"[""100001001000011011""]",1,0.000244140625,False,False,,,,3.638704788731033,0.12352890238390726,{},{}
"[1, 0, 0, 0, 0, 1, 0, 0, 1, 0, 0, 0, 1, 0, 1, 1, 0, 0]",100001001000101100,"[""100001001000101100""]",1,0.000244140625,False,False,,,,2.379075572265466,0.07810572895459743,{},{}
"[1, 0, 0, 0, 0, 1, 0, 0, 1, 0, 0, 1, 1, 1, 0, 0, 1, 1]",100001001001110011,"[""100001001001110011""]",1,0.000244140625,False,False,,,,2.815322657899329,0.09383712575752289,{},{}
"[1, 0, 0, 0, 0, 1, 0, 0, 1, 1, 0, 1, 1, 1, 1, 1, 0, 1]",100001001101111101,"[""100001001101111101""]",1,0.000244140625,False,False,,,,7.330538571686857,0.2566591950155179,{},{}
"[1, 0, 0, 0, 0, 1, 0, 1, 0, 0, 0, 0, 0, 0, 0, 1, 0, 1]",100001010000000101,"[""100001010000000101""]",1,0.000244140625,False,False,,,,3.124506686844485,0.10498653352352837,{},{}
"[1, 0, 0, 0, 0, 1, 0, 1, 0, 0, 0, 0, 1, 1, 1, 0, 0, 1]",100001010000111001,"[""100001010000111001""]",1,0.000244140625,False,False,,,,5.509664933029967,0.19099712716221065,{},{}
"[1, 0, 0, 0, 0, 1, 0, 1, 0, 0, 0, 0, 1, 1, 1, 0, 1, 1]",100001010000111011,"[""100001010000111011""]",1,0.000244140625,False,False,,,,6.750883865806301,0.23575641196622701,{},{}
"[1, 0, 0, 0, 0, 1, 0, 1, 0, 0, 0, 1, 1, 0, 0, 1, 1, 1]",100001010001100111,"[""100001010001100111""]",1,0.000244140625,False,False,,,,4.737428573353819,0.16314970536898374,{},{}
"[1, 0, 0, 0, 0, 1, 0, 1, 0, 0, 1, 0, 1, 1, 0, 0, 1, 0]",100001010010110010,"[""100001010010110010""]",1,0.000244140625,False,False,,,,1.4855596799929747,0.04588487633701496,{},{}
"[1, 0, 0, 0, 0, 1, 0, 1, 0, 0, 1, 0, 1, 1, 1, 0, 0, 0]",100001010010111000,"[""100001010010111000""]",1,0.000244140625,False,False,,,,5.433879841868686,0.18826425998655552,{},{}
"[1, 0, 0, 0, 0, 1, 0, 1, 0, 0, 1, 1, 0, 0, 0, 0, 0, 0]",100001010011000000,"[""100001010011000000""]",1,0.000244140625,False,False,,,,3.0180490889805505,0.10114759277220972,{},{}
"[1, 0, 0, 0, 0, 1, 0, 1, 0, 1, 0, 0, 0, 1, 1, 0, 0, 1]",100001010100011001,"[""100001010100011001""]",1,0.000244140625,False,False,,,,1.5003262637651318,0.04641737041294882,{},{}
"[1, 0, 0, 0, 0, 1, 0, 1, 0, 1, 0, 1, 0, 1, 1, 1, 0, 0]",100001010101011100,"[""100001010101011100""]",1,0.000244140625,False,False,,,,2.6713887711765603,0.08864676194768054,{},{}
"[1, 0, 0, 0, 0, 1, 0, 1, 0, 1, 1, 0, 1, 0, 1, 1, 1, 0]",100001010110101110,"[""100001010110101110""]",1,0.000244140625,False,False,,,,3.9276367428803196,0.13394800515719643,{},{}
"[1, 0, 0, 0, 0, 1, 0, 1, 1, 0, 0, 1, 0, 0, 0, 1, 0, 0]",100001011001000100,"[""100001011001000100""]",1,0.000244140625,False,False,,,,2.312341234512688,0.07569923872889421,{},{}
"[1, 0, 0, 0, 0, 1, 0, 1, 1, 0, 0, 1, 1, 1, 1, 0, 0, 1]",100001011001111001,"[""100001011001111001""]",1,0.000244140625,False,False,,,,6.054867343136452,0.21065753460959663,{},{}
"[1, 0, 0, 0, 0, 1, 0, 1, 1, 0, 1, 1, 1, 0, 0, 1, 0, 0]",100001011011100100,"[""100001011011100100""]",1,0.000244140625,False,False,,,,2.7369141338674874,0.09100965562672673,{},{}
"[1, 0, 0, 0, 0, 1, 0, 1, 1, 1, 0, 0, 1, 1, 1, 0, 1, 0]",100001011100111010,"[""100001011100111010""]",1,0.000244140625,False,False,,,,5.962555342251926,0.20732869468513854,{},{}
"[1, 0, 0, 0, 0, 1, 0, 1, 1, 1, 1, 1, 0, 1, 0, 1, 1, 1]",100001011111010111,"[""100001011111010111""]",1,0.000244140625,False,False,,,,10.549958011873592,0.3727538724505354,{},{}
"[1, 0, 0, 0, 0, 1, 1, 0, 0, 0, 0, 0, 0, 1, 0, 1, 0, 0]",100001100000010100,"[""100001100000010100""]",1,0.000244140625,False,False,,,,1.062134243695248,0.030615837816854063,{},{}
"[1, 0, 0, 0, 0, 1, 1, 0, 0, 0, 0, 0, 0, 1, 0, 1, 0, 1]",100001100000010101,"[""100001100000010101""]",1,0.000244140625,False,False,,,,2.349116210781863,0.07702537192991715,{},{}
"[1, 0, 0, 0, 0, 1, 1, 0, 0, 0, 0, 1, 0, 0, 1, 1, 1, 0]",100001100001001110,"[""100001100001001110""]",1,0.000244140625,False,False,,,,1.5043297584548134,0.04656173943141522,{},{}
"[1, 0, 0, 0, 0, 1, 1, 0, 0, 0, 1, 0, 0, 1, 1, 0, 0, 0]",100001100010011000,"[""100001100010011000""]",1,0.000244140625,False,False,,,,2.1946338466665027,0.07145462212096047,{},{}
"[1, 0, 0, 0, 0, 1, 1, 0, 0, 0, 1, 0, 0, 1, 1, 0, 1, 0]",100001100010011010,"[""100001100010011010""]",1,0.000244140625,False,False,,,,1.431849576880786,0.043948049771959055,{},{}
"[1, 0, 0, 0, 0, 1, 1, 0, 0, 0, 1, 0, 0, 1, 1, 1, 1, 0]",100001100010011110,"[""100001100010011110""]",1,0.000244140625,False,False,,,,2.6695078870526903,0.08857893585676252,{},{}
"[1, 0, 0, 0, 0, 1, 1, 0, 0, 0, 1, 0, 1, 0, 0, 0, 1, 1]",100001100010100011,"[""100001100010100011""]",1,0.000244140625,False,False,,,,1.531580485601093,0.0475444210722186,{},{}
"[1, 0, 0, 0, 0, 1, 1, 0, 0, 1, 0, 1, 1, 1, 0, 1, 1, 0]",100001100101110110,"[""100001100101110110""]",1,0.000244140625,False,False,,,,4.018632952288904,0.13722939665506417,{},{}
"[1, 0, 0, 0, 0, 1, 1, 0, 0, 1, 1, 0, 1, 1, 0, 0, 1, 1]",100001100110110011,"[""100001100110110011""]",1,0.000244140625,False,False,,,,3.999431952949374,0.1365369942309105,{},{}
"[1, 0, 0, 0, 0, 1, 1, 0, 0, 1, 1, 0, 1, 1, 1, 0, 0, 0]",100001100110111000,"[""100001100110111000""]",1,0.000244140625,False,False,,,,6.669474710089012,0.23282073680837692,{},{}
"[1, 0, 0, 0, 0, 1, 1, 0, 1, 0, 0, 0, 1, 1, 0, 0, 0, 1]",100001101000110001,"[""100001101000110001""]",1,0.000244140625,False,False,,,,3.67014656229326,0.12466271629896514,{},{}
"[1, 0, 0, 0, 0, 1, 1, 0, 1, 0, 0, 1, 0, 1, 1, 0, 1, 0]",100001101001011010,"[""100001101001011010""]",1,0.000244140625,False,False,,,,2.7497398221719793,0.09147215955771676,{},{}
"[1, 0, 0, 0, 0, 1, 1, 0, 1, 0, 0, 1, 1, 1, 0, 0, 0, 0]",100001101001110000,"[""100001101001110000""]",1,0.000244140625,False,False,,,,3.5400503725878405,0.11997135021263143,{},{}
"[1, 0, 0, 0, 0, 1, 1, 0, 1, 0, 1, 1, 1, 0, 1, 0, 0, 1]",100001101011101001,"[""100001101011101001""]",1,0.000244140625,False,False,,,,4.082320020201825,0.13952600004691787,{},{}
"[1, 0, 0, 0, 0, 1, 1, 0, 1, 1, 0, 0, 0, 0, 0, 1, 1, 0]",100001101100000110,"[""100001101100000110""]",1,0.000244140625,False,False,,,,3.6269337914253654,0.12310443140065114,{},{}
"[1, 0, 0, 0, 0, 1, 1, 0, 1, 1, 0, 1, 1, 0, 0, 1, 1, 1]",100001101101100111,"[""100001101101100111""]",1,0.000244140625,False,False,,,,7.46486438365385,0.2615030844500057,{},{}
"[1, 0, 0, 0, 0, 1, 1, 0, 1, 1, 1, 0, 1, 0, 0, 1, 0, 0]",100001101110100100,"[""100001101110100100""]",1,0.000244140625,False,False,,,,2.9083677118738613,0.09719240012570853,{},{}
"[1, 0, 0, 0, 0, 1, 1, 0, 1, 1, 1, 0, 1, 1, 0, 1, 1, 1]",100001101110110111,"[""100001101110110111""]",1,0.000244140625,False,False,,,,8.663073730544054,0.304711411358404,{},{}
"[1, 0, 0, 0, 0, 1, 1, 0, 1, 1, 1, 1, 1, 0, 0, 1, 0, 1]",100001101111100101,"[""100001101111100101""]",1,0.000244140625,False,False,,,,7.434842326802851,0.2604204665833973,{},{}
"[1, 0, 0, 0, 0, 1, 1, 1, 0, 0, 0, 0, 1, 1, 1, 1, 1, 0]",100001110000111110,"[""100001110000111110""]",1,0.000244140625,False,False,,,,7.985082045758663,0.28026252316251904,{},{}
"[1, 0, 0, 0, 0, 1, 1, 1, 0, 0, 0, 1, 0, 0, 0, 0, 0, 0]",100001110001000000,"[""100001110001000000""]",1,0.000244140625,False,False,,,,3.036169186843913,0.10180101707917608,{},{}
"[1, 0, 0, 0, 0, 1, 1, 1, 0, 0, 0, 1, 0, 0, 1, 0, 0, 1]",100001110001001001,"[""100001110001001001""]",1,0.000244140625,False,False,,,,1.5346277939783963,0.04765430929575729,{},{}
"[1, 0, 0, 0, 0, 1, 1, 1, 0, 0, 1, 0, 1, 1, 0, 1, 0, 0]",100001110010110100,"[""100001110010110100""]",1,0.000244140625,False,False,,,,2.7356858325172952,0.09096536215963029,{},{}
"[1, 0, 0, 0, 0, 1, 1, 1, 0, 0, 1, 1, 0, 0, 1, 0, 0, 0]",100001110011001000,"[""100001110011001000""]",1,0.000244140625,False,False,,,,3.4527001901062837,0.11682143717784586,{},{}
"[1, 0, 0, 0, 0, 1, 1, 1, 0, 1, 0, 0, 0, 1, 1, 0, 0, 1]",100001110100011001,"[""100001110100011001""]",1,0.000244140625,False,False,,,,2.7438297395048794,0.09125903754811261,{},{}
"[1, 0, 0, 0, 0, 1, 1, 1, 0, 1, 1, 0, 1, 1, 1, 1, 0, 0]",100001110110111100,"[""100001110110111100""]",1,0.000244140625,False,False,,,,7.239941111334991,0.25339218270743186,{},{}
"[1, 0, 0, 0, 0, 1, 1, 1, 0, 1, 1, 1, 0, 0, 0, 1, 0, 1]",100001110111000101,"[""100001110111000101""]",1,0.000244140625,False,False,,,,8.002829072274439,0.2809024942371362,{},{}
"[1, 0, 0, 0, 0, 1, 1, 1, 1, 0, 0, 1, 0, 0, 0, 0, 0, 1]",100001111001000001,"[""100001111001000001""]",1,0.000244140625,False,False,,,,5.646125926532331,0.19591801284282892,{},{}
"[1, 0, 0, 0, 0, 1, 1, 1, 1, 0, 1, 0, 1, 1, 1, 0, 0, 1]",100001111010111001,"[""100001111010111001""]",1,0.000244140625,False,False,,,,9.31391491216902,0.32818123206551675,{},{}
"[1, 0, 0, 0, 0, 1, 1, 1, 1, 1, 0, 1, 0, 1, 1, 1, 1, 0]",100001111101011110,"[""100001111101011110""]",1,0.000244140625,False,False,,,,8.50298902453181,0.29893863690261796,{},{}
"[1, 0, 0, 0, 0, 1, 1, 1, 1, 1, 0, 1, 1, 0, 0, 1, 0, 0]",100001111101100100,"[""100001111101100100""]",1,0.000244140625,False,False,,,,6.131561363842772,0.21342317846573805,{},{}
"[1, 0, 0, 0, 0, 1, 1, 1, 1, 1, 0, 1, 1, 1, 1, 1, 0, 1]",100001111101111101,"[""100001111101111101""]",1,0.000244140625,False,False,,,,11.905460229543428,0.4216342981442134,{},{}
"[1, 0, 0, 0, 0, 1, 1, 1, 1, 1, 1, 0, 0, 1, 1, 1, 1, 0]",100001111110011110,"[""100001111110011110""]",1,0.000244140625,False,False,,,,8.51173407896478,0.29925399011844134,{},{}
"[1, 0, 0, 0, 0, 1, 1, 1, 1, 1, 1, 0, 0, 1, 1, 1, 1, 1]",100001111110011111,"[""100001111110011111""]",1,0.000244140625,False,False,,,,11.851865755795732,0.41970164126068615,{},{}
"[1, 0, 0, 0, 0, 1, 1, 1, 1, 1, 1, 1, 1, 0, 1, 1, 1, 0]",100001111111101110,"[""100001111111101110""]",1,0.000244140625,False,False,,,,11.814445001831304,0.41835222083206897,{},{}
"[1, 0, 0, 0, 1, 0, 0, 0, 0, 0, 0, 0, 0, 1, 1, 1, 0, 0]",100010000000011100,"[""100010000000011100""]",1,0.000244140625,False,False,,,,2.9986710141165136,0.10044880487195357,{},{}
"[1, 0, 0, 0, 1, 0, 0, 0, 0, 0, 0, 0, 1, 1, 0, 1, 0, 0]",100010000000110100,"[""100010000000110100""]",1,0.000244140625,False,False,,,,3.0131692736291007,0.10097162297402272,{},{}
"[1, 0, 0, 0, 1, 0, 0, 0, 0, 0, 0, 0, 1, 1, 1, 1, 0, 1]",100010000000111101,"[""100010000000111101""]",1,0.000244140625,False,False,,,,7.463493381517073,0.26145364508561436,{},{}
"[1, 0, 0, 0, 1, 0, 0, 0, 0, 1, 0, 0, 0, 0, 0, 1, 0, 1]",100010000100000101,"[""100010000100000101""]",1,0.000244140625,False,False,,,,3.0534187416748595,0.10242304895206564,{},{}
"[1, 0, 0, 0, 1, 0, 0, 0, 0, 1, 0, 0, 1, 0, 1, 0, 0, 1]",100010000100101001,"[""100010000100101001""]",1,0.000244140625,False,False,,,,2.224183955381004,0.07252022118411976,{},{}
"[1, 0, 0, 0, 1, 0, 0, 0, 0, 1, 0, 1, 0, 1, 0, 1, 1, 1]",100010000101010111,"[""100010000101010111""]",1,0.000244140625,False,False,,,,6.695373645028569,0.23375467180926146,{},{}
"[1, 0, 0, 0, 1, 0, 0, 0, 0, 1, 0, 1, 1, 0, 1, 0, 0, 0]",100010000101101000,"[""100010000101101000""]",1,0.000244140625,False,False,,,,4.217623370771589,0.14440514025592485,{},{}
"[1, 0, 0, 0, 1, 0, 0, 0, 0, 1, 1, 0, 0, 0, 0, 0, 1, 1]",100010000110000011,"[""100010000110000011""]",1,0.000244140625,False,False,,,,4.2531242032155205,0.14568532687584965,{},{}
"[1, 0, 0, 0, 1, 0, 0, 0, 0, 1, 1, 1, 0, 0, 0, 1, 0, 1]",100010000111000101,"[""100010000111000101""]",1,0.000244140625,False,False,,,,7.436918526644905,0.2604953359054698,{},{}
"[1, 0, 0, 0, 1, 0, 0, 0, 0, 1, 1, 1, 1, 1, 0, 0, 1, 1]",100010000111110011,"[""100010000111110011""]",1,0.000244140625,False,False,,,,7.912930341957833,0.27766067865770405,{},{}
"[1, 0, 0, 0, 1, 0, 0, 0, 1, 0, 0, 0, 0, 0, 0, 1, 0, 1]",100010001000000101,"[""100010001000000101""]",1,0.000244140625,False,False,,,,3.117329746963157,0.10472772769347939,{},{}
"[1, 0, 0, 0, 1, 0, 0, 0, 1, 0, 0, 0, 0, 1, 0, 1, 1, 0]",100010001000010110,"[""100010001000010110""]",1,0.000244140625,False,False,,,,2.2716058653695557,0.07423029079317757,{},{}
"[1, 0, 0, 0, 1, 0, 0, 0, 1, 1, 0, 0, 0, 0, 0, 1, 1, 0]",100010001100000110,"[""100010001100000110""]",1,0.000244140625,False,False,,,,2.2583678812101735,0.07375291916471273,{},{}
"[1, 0, 0, 0, 1, 0, 0, 0, 1, 1, 0, 0, 0, 1, 1, 0, 1, 0]",100010001100011010,"[""100010001100011010""]",1,0.000244140625,False,False,,,,1.4394887732310249,0.04422352491666164,{},{}
"[1, 0, 0, 0, 1, 0, 0, 0, 1, 1, 0, 0, 1, 1, 0, 1, 1, 1]",100010001100110111,"[""100010001100110111""]",1,0.000244140625,False,False,,,,6.021098831987567,0.20943981679365922,{},{}
"[1, 0, 0, 0, 1, 0, 0, 0, 1, 1, 0, 1, 0, 0, 0, 0, 1, 1]",100010001101000011,"[""100010001101000011""]",1,0.000244140625,False,False,,,,3.513832711469969,0.11902592170692441,{},{}
"[1, 0, 0, 0, 1, 0, 0, 0, 1, 1, 0, 1, 0, 1, 0, 1, 0, 1]",100010001101010101,"[""100010001101010101""]",1,0.000244140625,False,False,,,,2.70668594004165,0.08991960430634016,{},{}
"[1, 0, 0, 0, 1, 0, 0, 1, 0, 0, 0, 1, 0, 0, 0, 0, 0, 0]",100010010001000000,"[""100010010001000000""]",1,0.000244140625,False,False,,,,1.8220355069369305,0.058018446789541496,{},{}
"[1, 0, 0, 0, 1, 0, 0, 1, 0, 0, 1, 0, 1, 1, 1, 1, 1, 1]",100010010010111111,"[""100010010010111111""]",1,0.000244140625,False,False,,,,9.257843073457646,0.3261592395450244,{},{}
"[1, 0, 0, 0, 1, 0, 0, 1, 0, 0, 1, 1, 0, 1, 0, 1, 1, 0]",100010010011010110,"[""100010010011010110""]",1,0.000244140625,False,False,,,,2.775784520449756,0.09241135089380295,{},{}
"[1, 0, 0, 0, 1, 0, 0, 1, 0, 1, 0, 1, 0, 0, 1, 1, 0, 0]",100010010101001100,"[""100010010101001100""]",1,0.000244140625,False,False,,,,1.4473591813384354,0.04450733773058277,{},{}
"[1, 0, 0, 0, 1, 0, 0, 1, 0, 1, 0, 1, 1, 0, 0, 1, 1, 1]",100010010101100111,"[""100010010101100111""]",1,0.000244140625,False,False,,,,5.95579649270918,0.20708496550598834,{},{}
"[1, 0, 0, 0, 1, 0, 0, 1, 0, 1, 1, 0, 0, 0, 0, 0, 1, 0]",100010010110000010,"[""100010010110000010""]",1,0.000244140625,False,False,,,,2.278875164543784,0.07449242716853652,{},{}
"[1, 0, 0, 0, 1, 0, 0, 1, 0, 1, 1, 0, 0, 0, 0, 1, 0, 0]",100010010110000100,"[""100010010110000100""]",1,0.000244140625,False,False,,,,2.2345907692322573,0.07289549868978003,{},{}
"[1, 0, 0, 0, 1, 0, 0, 1, 0, 1, 1, 0, 1, 1, 1, 1, 0, 1]",100010010110111101,"[""100010010110111101""]",1,0.000244140625,False,False,,,,7.189486914613557,0.2515727665665894,{},{}
"[1, 0, 0, 0, 1, 0, 0, 1, 1, 0, 0, 0, 0, 1, 1, 0, 1, 1]",100010011000011011,"[""100010011000011011""]",1,0.000244140625,False,False,,,,4.846070190418058,0.16706740348922616,{},{}
"[1, 0, 0, 0, 1, 0, 0, 1, 1, 0, 0, 0, 1, 0, 1, 0, 1, 0]",100010011000101010,"[""100010011000101010""]",1,0.000244140625,False,False,,,,3.507907137881366,0.11881224108308298,{},{}
"[1, 0, 0, 0, 1, 0, 0, 1, 1, 0, 0, 1, 0, 1, 0, 0, 1, 0]",100010011001010010,"[""100010011001010010""]",1,0.000244140625,False,False,,,,1.5590882233314431,0.048536370707270446,{},{}
"[1, 0, 0, 0, 1, 0, 0, 1, 1, 0, 0, 1, 1, 1, 0, 0, 1, 1]",100010011001110011,"[""100010011001110011""]",1,0.000244140625,False,False,,,,4.022688059586354,0.1373756268628418,{},{}
"[1, 0, 0, 0, 1, 0, 0, 1, 1, 0, 1, 0, 0, 0, 0, 0, 0, 1]",100010011010000001,"[""100010011010000001""]",1,0.000244140625,False,False,,,,2.3674338696359793,0.07768592043424932,{},{}
"[1, 0, 0, 0, 1, 0, 0, 1, 1, 0, 1, 0, 0, 1, 0, 0, 0, 0]",100010011010010000,"[""100010011010010000""]",1,0.000244140625,False,False,,,,2.344164381304741,0.07684680524839571,{},{}
"[1, 0, 0, 0, 1, 0, 0, 1, 1, 0, 1, 0, 1, 0, 0, 0, 1, 1]",100010011010100011,"[""100010011010100011""]",1,0.000244140625,False,False,,,,2.8298887580681553,0.09436239024449136,{},{}
"[1, 0, 0, 0, 1, 0, 0, 1, 1, 1, 0, 0, 0, 1, 0, 1, 1, 1]",100010011100010111,"[""100010011100010111""]",1,0.000244140625,False,False,,,,6.040543068381327,0.2101409905282543,{},{}
"[1, 0, 0, 0, 1, 0, 0, 1, 1, 1, 0, 0, 0, 1, 1, 1, 0, 1]",100010011100011101,"[""100010011100011101""]",1,0.000244140625,False,False,,,,3.975521358430152,0.13567476027551525,{},{}
"[1, 0, 0, 0, 1, 0, 0, 1, 1, 1, 0, 1, 0, 0, 0, 1, 1, 0]",100010011101000110,"[""100010011101000110""]",1,0.000244140625,False,False,,,,4.702766415509543,0.16189976198357028,{},{}
"[1, 0, 0, 0, 1, 0, 0, 1, 1, 1, 1, 0, 1, 1, 0, 1, 0, 0]",100010011110110100,"[""100010011110110100""]",1,0.000244140625,False,False,,,,3.9845170946336728,0.13599915326382922,{},{}
"[1, 0, 0, 0, 1, 0, 0, 1, 1, 1, 1, 0, 1, 1, 1, 0, 0, 1]",100010011110111001,"[""100010011110111001""]",1,0.000244140625,False,False,,,,7.209302233030977,0.25228732179702223,{},{}
"[1, 0, 0, 0, 1, 0, 0, 1, 1, 1, 1, 1, 0, 0, 1, 0, 0, 1]",100010011111001001,"[""100010011111001001""]",1,0.000244140625,False,False,,,,5.962681560133001,0.2073332461965095,{},{}
"[1, 0, 0, 0, 1, 0, 0, 1, 1, 1, 1, 1, 0, 1, 1, 1, 0, 1]",100010011111011101,"[""100010011111011101""]",1,0.000244140625,False,False,,,,8.457166840653558,0.29728625461582736,{},{}
"[1, 0, 0, 0, 1, 0, 1, 0, 0, 0, 0, 0, 0, 1, 0, 1, 0, 1]",100010100000010101,"[""100010100000010101""]",1,0.000244140625,False,False,,,,2.2709864705708305,0.0742079549526017,{},{}
"[1, 0, 0, 0, 1, 0, 1, 0, 0, 0, 0, 0, 0, 1, 1, 0, 1, 1]",100010100000011011,"[""100010100000011011""]",1,0.000244140625,False,False,,,,3.4874648861454656,0.11807507816740302,{},{}
"[1, 0, 0, 0, 1, 0, 1, 0, 0, 0, 0, 1, 0, 0, 0, 1, 0, 1]",100010100001000101,"[""100010100001000101""]",1,0.000244140625,False,False,,,,2.277408747404197,0.07443954706764615,{},{}
"[1, 0, 0, 0, 1, 0, 1, 0, 0, 0, 0, 1, 0, 1, 1, 1, 0, 1]",100010100001011101,"[""100010100001011101""]",1,0.000244140625,False,False,,,,2.700396114086728,0.08969278846922242,{},{}
"[1, 0, 0, 0, 1, 0, 1, 0, 0, 0, 0, 1, 1, 1, 1, 1, 1, 0]",100010100001111110,"[""100010100001111110""]",1,0.000244140625,False,False,,,,5.980661558615289,0.207981618414813,{},{}
"[1, 0, 0, 0, 1, 0, 1, 0, 0, 0, 1, 1, 1, 1, 0, 0, 0, 1]",100010100011110001,"[""100010100011110001""]",1,0.000244140625,False,False,,,,2.6716258987319783,0.08865531294501675,{},{}
"[1, 0, 0, 0, 1, 0, 1, 0, 0, 1, 0, 0, 1, 0, 1, 1, 0, 0]",100010100100101100,"[""100010100100101100""]",1,0.000244140625,False,False,,,,1.5891154064742419,0.04961917343180242,{},{}
"[1, 0, 0, 0, 1, 0, 1, 0, 0, 1, 0, 1, 1, 0, 1, 1, 1, 0]",100010100101101110,"[""100010100101101110""]",1,0.000244140625,False,False,,,,4.0450071358524475,0.13818046947744977,{},{}
"[1, 0, 0, 0, 1, 0, 1, 0, 0, 1, 1, 0, 1, 1, 1, 1, 0, 1]",100010100110111101,"[""100010100110111101""]",1,0.000244140625,False,False,,,,7.229860233691523,0.25302865870565955,{},{}
"[1, 0, 0, 0, 1, 0, 1, 0, 1, 0, 0, 1, 1, 1, 1, 1, 1, 1]",100010101001111111,"[""100010101001111111""]",1,0.000244140625,False,False,,,,10.51945417703015,0.37165388130850663,{},{}
"[1, 0, 0, 0, 1, 0, 1, 0, 1, 1, 0, 0, 1, 1, 0, 1, 0, 1]",100010101100110101,"[""100010101100110101""]",1,0.000244140625,False,False,,,,4.107131868293078,0.14042073388146092,{},{}
"[1, 0, 0, 0, 1, 0, 1, 0, 1, 1, 0, 1, 1, 0, 0, 1, 1, 1]",100010101101100111,"[""100010101101100111""]",1,0.000244140625,False,False,,,,7.350071718114286,0.2573635749125505,{},{}
"[1, 0, 0, 0, 1, 0, 1, 0, 1, 1, 1, 0, 0, 0, 0, 0, 1, 1]",100010101110000011,"[""100010101110000011""]",1,0.000244140625,False,False,,,,4.787234160265192,0.16494573215404973,{},{}
"[1, 0, 0, 0, 1, 0, 1, 1, 0, 0, 0, 0, 0, 1, 1, 0, 0, 0]",100010110000011000,"[""100010110000011000""]",1,0.000244140625,False,False,,,,4.253953683082018,0.14571523854139337,{},{}
"[1, 0, 0, 0, 1, 0, 1, 1, 0, 0, 0, 0, 1, 1, 1, 0, 0, 0]",100010110000111000,"[""100010110000111000""]",1,0.000244140625,False,False,,,,7.4839317852045255,0.2621906692377838,{},{}
"[1, 0, 0, 0, 1, 0, 1, 1, 0, 0, 0, 1, 0, 0, 1, 0, 0, 0]",100010110001001000,"[""100010110001001000""]",1,0.000244140625,False,False,,,,2.256686608062664,0.07369229119517766,{},{}
"[1, 0, 0, 0, 1, 0, 1, 1, 0, 0, 0, 1, 1, 0, 0, 1, 0, 0]",100010110001100100,"[""100010110001100100""]",1,0.000244140625,False,False,,,,1.5119360068017071,0.0468360264464281,{},{}
"[1, 0, 0, 0, 1, 0, 1, 1, 0, 0, 0, 1, 1, 1, 1, 1, 1, 0]",100010110001111110,"[""100010110001111110""]",1,0.000244140625,False,False,,,,7.256039809970828,0.2539727138435496,{},{}
"[1, 0, 0, 0, 1, 0, 1, 1, 0, 0, 1, 0, 0, 1, 1, 0, 1, 0]",100010110010011010,"[""100010110010011010""]",1,0.000244140625,False,False,,,,2.790968355282434,0.09295889135563978,{},{}
"[1, 0, 0, 0, 1, 0, 1, 1, 0, 1, 0, 0, 0, 1, 1, 1, 0, 0]",100010110100011100,"[""100010110100011100""]",1,0.000244140625,False,False,,,,2.7256949323667525,0.09060508281367609,{},{}
"[1, 0, 0, 0, 1, 0, 1, 1, 0, 1, 0, 0, 1, 1, 1, 1, 1, 0]",100010110100111110,"[""100010110100111110""]",1,0.000244140625,False,False,,,,7.296413074057957,0.255428603999609,{},{}
"[1, 0, 0, 0, 1, 0, 1, 1, 0, 1, 0, 1, 1, 0, 0, 0, 1, 0]",100010110101100010,"[""100010110101100010""]",1,0.000244140625,False,False,,,,2.741580417748195,0.0911779253200723,{},{}
"[1, 0, 0, 0, 1, 0, 1, 1, 0, 1, 0, 1, 1, 0, 1, 0, 1, 0]",100010110101101010,"[""100010110101101010""]",1,0.000244140625,False,False,,,,3.9767496068235557,0.13571905183295022,{},{}
"[1, 0, 0, 0, 1, 0, 1, 1, 0, 1, 1, 0, 0, 0, 1, 1, 0, 1]",100010110110001101,"[""100010110110001101""]",1,0.000244140625,False,False,,,,3.9580860367866935,0.13504602951216504,{},{}
"[1, 0, 0, 0, 1, 0, 1, 1, 0, 1, 1, 1, 1, 1, 0, 0, 0, 1]",100010110111110001,"[""100010110111110001""]",1,0.000244140625,False,False,,,,7.198323274807679,0.2518914123365785,{},{}
"[1, 0, 0, 0, 1, 0, 1, 1, 0, 1, 1, 1, 1, 1, 1, 1, 0, 0]",100010110111111100,"[""100010110111111100""]",1,0.000244140625,False,False,,,,10.509457722624816,0.3712934016719627,{},{}
"[1, 0, 0, 0, 1, 0, 1, 1, 1, 0, 0, 0, 0, 0, 1, 0, 0, 0]",100010111000001000,"[""100010111000001000""]",1,0.000244140625,False,False,,,,6.28482846896389,0.21895010512472693,{},{}
"[1, 0, 0, 0, 1, 0, 1, 1, 1, 0, 0, 0, 1, 1, 0, 1, 1, 0]",100010111000110110,"[""100010111000110110""]",1,0.000244140625,False,False,,,,8.066248667404025,0.28318945235999626,{},{}
"[1, 0, 0, 0, 1, 0, 1, 1, 1, 0, 0, 0, 1, 1, 1, 1, 0, 1]",100010111000111101,"[""100010111000111101""]",1,0.000244140625,False,False,,,,11.294665287959626,0.39960857486101214,{},{}
"[1, 0, 0, 0, 1, 0, 1, 1, 1, 0, 0, 1, 1, 1, 1, 0, 1, 0]",100010111001111010,"[""100010111001111010""]",1,0.000244140625,False,False,,,,9.25245401083536,0.32596490590865446,{},{}
"[1, 0, 0, 0, 1, 0, 1, 1, 1, 0, 1, 1, 1, 0, 0, 0, 1, 1]",100010111011100011,"[""100010111011100011""]",1,0.000244140625,False,False,,,,7.296369272504114,0.25542702448275534,{},{}
"[1, 0, 0, 0, 1, 1, 0, 0, 0, 0, 0, 0, 1, 0, 1, 0, 1, 1]",100011000000101011,"[""100011000000101011""]",1,0.000244140625,False,False,,,,5.54473102510915,0.1922616367188167,{},{}
"[1, 0, 0, 0, 1, 1, 0, 0, 0, 0, 0, 0, 1, 1, 0, 1, 1, 0]",100011000000110110,"[""100011000000110110""]",1,0.000244140625,False,False,,,,5.516258103459683,0.19123488182839593,{},{}
"[1, 0, 0, 0, 1, 1, 0, 0, 0, 0, 0, 0, 1, 1, 0, 1, 1, 1]",100011000000110111,"[""100011000000110111""]",1,0.000244140625,False,False,,,,8.82047625615363,0.31038746437901965,{},{}
"[1, 0, 0, 0, 1, 1, 0, 0, 0, 0, 0, 1, 0, 0, 1, 0, 1, 0]",100011000001001010,"[""100011000001001010""]",1,0.000244140625,False,False,,,,2.297623039399929,0.07516848958427753,{},{}
"[1, 0, 0, 0, 1, 1, 0, 0, 0, 0, 0, 1, 0, 0, 1, 1, 0, 0]",100011000001001100,"[""100011000001001100""]",1,0.000244140625,False,False,,,,2.2690960926572754,0.07413978650851362,{},{}
"[1, 0, 0, 0, 1, 1, 0, 0, 0, 0, 0, 1, 0, 1, 0, 1, 1, 1]",100011000001010111,"[""100011000001010111""]",1,0.000244140625,False,False,,,,6.7980804802985455,0.23745835725086634,{},{}
"[1, 0, 0, 0, 1, 1, 0, 0, 0, 0, 0, 1, 0, 1, 1, 0, 0, 0]",100011000001011000,"[""100011000001011000""]",1,0.000244140625,False,False,,,,4.266159829626592,0.14615540133227678,{},{}
"[1, 0, 0, 0, 1, 1, 0, 0, 0, 0, 0, 1, 0, 1, 1, 1, 0, 1]",100011000001011101,"[""100011000001011101""]",1,0.000244140625,False,False,,,,4.764014728803069,0.16410842205640577,{},{}
"[1, 0, 0, 0, 1, 1, 0, 0, 0, 0, 1, 1, 0, 1, 1, 0, 1, 0]",100011000011011010,"[""100011000011011010""]",1,0.000244140625,False,False,,,,4.767088038596251,0.16421924791048478,{},{}
"[1, 0, 0, 0, 1, 1, 0, 0, 0, 1, 0, 0, 0, 0, 1, 1, 1, 1]",100011000100001111,"[""100011000100001111""]",1,0.000244140625,False,False,,,,6.784842496139164,0.2369809856224015,{},{}
"[1, 0, 0, 0, 1, 1, 0, 0, 0, 1, 1, 1, 0, 1, 0, 0, 1, 1]",100011000111010011,"[""100011000111010011""]",1,0.000244140625,False,False,,,,8.020652387725631,0.2815452163479304,{},{}
"[1, 0, 0, 0, 1, 1, 0, 0, 0, 1, 1, 1, 0, 1, 1, 0, 1, 1]",100011000111011011,"[""100011000111011011""]",1,0.000244140625,False,False,,,,9.246482907536159,0.3257495834493319,{},{}
"[1, 0, 0, 0, 1, 1, 0, 0, 1, 0, 1, 0, 0, 1, 1, 0, 1, 1]",100011001010011011,"[""100011001010011011""]",1,0.000244140625,False,False,,,,4.154788316049627,0.14213926109817995,{},{}
"[1, 0, 0, 0, 1, 1, 0, 0, 1, 0, 1, 1, 0, 0, 1, 0, 0, 1]",100011001011001001,"[""100011001011001001""]",1,0.000244140625,False,False,,,,2.8624544412831616,0.0955367331838127,{},{}
"[1, 0, 0, 0, 1, 1, 0, 0, 1, 0, 1, 1, 0, 1, 0, 0, 0, 1]",100011001011010001,"[""100011001011010001""]",1,0.000244140625,False,False,,,,2.8650569830053003,0.09563058278848718,{},{}
"[1, 0, 0, 0, 1, 1, 0, 0, 1, 0, 1, 1, 1, 0, 1, 0, 1, 1]",100011001011101011,"[""100011001011101011""]",1,0.000244140625,False,False,,,,5.324102283707292,0.18430559897914991,{},{}
"[1, 0, 0, 0, 1, 1, 0, 0, 1, 1, 0, 0, 0, 1, 1, 1, 0, 0]",100011001100011100,"[""100011001100011100""]",1,0.000244140625,False,False,,,,2.7354729809451497,0.09095768657244171,{},{}
"[1, 0, 0, 0, 1, 1, 0, 0, 1, 1, 0, 1, 0, 1, 1, 0, 0, 0]",100011001101011000,"[""100011001101011000""]",1,0.000244140625,False,False,,,,4.7197508768033245,0.16251223438486595,{},{}
"[1, 0, 0, 0, 1, 1, 0, 1, 0, 0, 0, 0, 0, 0, 1, 1, 1, 1]",100011010000001111,"[""100011010000001111""]",1,0.000244140625,False,False,,,,6.809746252898707,0.23787903375239342,{},{}
"[1, 0, 0, 0, 1, 1, 0, 1, 0, 0, 0, 0, 1, 0, 1, 1, 0, 0]",100011010000101100,"[""100011010000101100""]",1,0.000244140625,False,False,,,,3.4898549220023174,0.11816126465133729,{},{}
"[1, 0, 0, 0, 1, 1, 0, 1, 0, 0, 0, 1, 0, 0, 1, 0, 0, 1]",100011010001001001,"[""100011010001001001""]",1,0.000244140625,False,False,,,,1.562245519673656,0.04865022517924155,{},{}
"[1, 0, 0, 0, 1, 1, 0, 1, 0, 0, 0, 1, 1, 1, 1, 0, 1, 0]",100011010001111010,"[""100011010001111010""]",1,0.000244140625,False,False,,,,5.9859497377989275,0.20817231411878984,{},{}
"[1, 0, 0, 0, 1, 1, 0, 1, 0, 0, 1, 0, 1, 1, 0, 0, 0, 1]",100011010010110001,"[""100011010010110001""]",1,0.000244140625,False,False,,,,2.7977049718336486,0.09320181879645542,{},{}
"[1, 0, 0, 0, 1, 1, 0, 1, 0, 0, 1, 0, 1, 1, 0, 1, 1, 0]",100011010010110110,"[""100011010010110110""]",1,0.000244140625,False,False,,,,4.050711524094255,0.13838617399194397,{},{}
"[1, 0, 0, 0, 1, 1, 0, 1, 0, 0, 1, 1, 1, 0, 1, 0, 1, 0]",100011010011101010,"[""100011010011101010""]",1,0.000244140625,False,False,,,,3.9766110685340923,0.13571405603842066,{},{}
"[1, 0, 0, 0, 1, 1, 0, 1, 0, 1, 0, 1, 0, 0, 0, 1, 1, 0]",100011010101000110,"[""100011010101000110""]",1,0.000244140625,False,False,,,,4.719282024655706,0.16249532722509574,{},{}
"[1, 0, 0, 0, 1, 1, 0, 1, 0, 1, 0, 1, 1, 1, 0, 1, 1, 0]",100011010101110110,"[""100011010101110110""]",1,0.000244140625,False,False,,,,5.2238540621490355,0.18069057299031357,{},{}
"[1, 0, 0, 0, 1, 1, 0, 1, 0, 1, 1, 0, 0, 1, 0, 1, 0, 1]",100011010110010101,"[""100011010110010101""]",1,0.000244140625,False,False,,,,4.037816442863663,0.1379211677000403,{},{}
"[1, 0, 0, 0, 1, 1, 0, 1, 0, 1, 1, 0, 1, 0, 1, 0, 1, 0]",100011010110101010,"[""100011010110101010""]",1,0.000244140625,False,False,,,,3.942283077069357,0.1344761629430558,{},{}
"[1, 0, 0, 0, 1, 1, 0, 1, 0, 1, 1, 1, 0, 0, 1, 1, 1, 1]",100011010111001111,"[""100011010111001111""]",1,0.000244140625,False,False,,,,10.513043175915556,0.3714226958043304,{},{}
"[1, 0, 0, 0, 1, 1, 0, 1, 0, 1, 1, 1, 1, 0, 0, 0, 1, 1]",100011010111100011,"[""100011010111100011""]",1,0.000244140625,False,False,,,,7.245060076840968,0.2535767764393946,{},{}
"[1, 0, 0, 0, 1, 1, 0, 1, 1, 0, 0, 0, 0, 0, 1, 1, 1, 0]",100011011000001110,"[""100011011000001110""]",1,0.000244140625,False,False,,,,4.803340346126372,0.16552653328512376,{},{}
"[1, 0, 0, 0, 1, 1, 0, 1, 1, 0, 1, 1, 0, 0, 0, 1, 1, 1]",100011011011000111,"[""100011011011000111""]",1,0.000244140625,False,False,,,,9.391389469027706,0.3309750226401951,{},{}
"[1, 0, 0, 0, 1, 1, 0, 1, 1, 0, 1, 1, 0, 1, 1, 1, 1, 0]",100011011011011110,"[""100011011011011110""]",1,0.000244140625,False,False,,,,6.578533368843477,0.22954132389758336,{},{}
"[1, 0, 0, 0, 1, 1, 0, 1, 1, 0, 1, 1, 1, 0, 0, 0, 1, 0]",100011011011100010,"[""100011011011100010""]",1,0.000244140625,False,False,,,,4.050033947567516,0.13836174007465832,{},{}
"[1, 0, 0, 0, 1, 1, 0, 1, 1, 1, 1, 0, 1, 1, 0, 0, 1, 0]",100011011110110010,"[""100011011110110010""]",1,0.000244140625,False,False,,,,5.325048529281476,0.18433972130360937,{},{}
"[1, 0, 0, 0, 1, 1, 0, 1, 1, 1, 1, 1, 1, 1, 0, 0, 0, 1]",100011011111110001,"[""100011011111110001""]",1,0.000244140625,False,False,,,,8.553087248815597,0.3007452164106164,{},{}
"[1, 0, 0, 0, 1, 1, 1, 0, 0, 0, 0, 1, 0, 0, 0, 0, 1, 0]",100011100001000010,"[""100011100001000010""]",1,0.000244140625,False,False,,,,2.2870694643247695,0.07478791975890994,{},{}
"[1, 0, 0, 0, 1, 1, 1, 0, 0, 0, 1, 0, 0, 1, 1, 1, 0, 0]",100011100010011100,"[""100011100010011100""]",1,0.000244140625,False,False,,,,2.687225255041337,0.08921783742266726,{},{}
"[1, 0, 0, 0, 1, 1, 1, 0, 0, 0, 1, 1, 0, 1, 0, 0, 1, 1]",100011100011010011,"[""100011100011010011""]",1,0.000244140625,False,False,,,,4.044957583530045,0.1381786825835727,{},{}
"[1, 0, 0, 0, 1, 1, 1, 0, 0, 0, 1, 1, 0, 1, 0, 1, 1, 1]",100011100011010111,"[""100011100011010111""]",1,0.000244140625,False,False,,,,7.28261589370195,0.25493106733726884,{},{}
"[1, 0, 0, 0, 1, 1, 1, 0, 0, 1, 0, 0, 0, 1, 1, 1, 0, 1]",100011100100011101,"[""100011100100011101""]",1,0.000244140625,False,False,,,,4.040904325794949,0.13803251907239947,{},{}
"[1, 0, 0, 0, 1, 1, 1, 0, 0, 1, 0, 0, 1, 0, 1, 0, 1, 1]",100011100100101011,"[""100011100100101011""]",1,0.000244140625,False,False,,,,4.040994778491396,0.1380357808644127,{},{}
"[1, 0, 0, 0, 1, 1, 1, 0, 0, 1, 0, 1, 0, 1, 0, 1, 1, 0]",100011100101010110,"[""100011100101010110""]",1,0.000244140625,False,False,,,,3.9980235973293423,0.13648620787192278,{},{}
"[1, 0, 0, 0, 1, 1, 1, 0, 0, 1, 0, 1, 0, 1, 1, 0, 0, 1]",100011100101011001,"[""100011100101011001""]",1,0.000244140625,False,False,,,,3.9904993272285836,0.13621487705389465,{},{}
"[1, 0, 0, 0, 1, 1, 1, 0, 0, 1, 1, 1, 0, 0, 1, 0, 1, 1]",100011100111001011,"[""100011100111001011""]",1,0.000244140625,False,False,,,,7.241056929269751,0.25343241993828014,{},{}
"[1, 0, 0, 0, 1, 1, 1, 0, 0, 1, 1, 1, 1, 0, 1, 0, 1, 1]",100011100111101011,"[""100011100111101011""]",1,0.000244140625,False,False,,,,8.503155876177086,0.29894465369797424,{},{}
"[1, 0, 0, 0, 1, 1, 1, 0, 0, 1, 1, 1, 1, 1, 1, 1, 1, 1]",100011100111111111,"[""100011100111111111""]",1,0.000244140625,False,False,,,,15.087016548217127,0.5363636030453295,{},{}
"[1, 0, 0, 0, 1, 1, 1, 0, 1, 0, 0, 0, 0, 0, 1, 1, 0, 0]",100011101000001100,"[""100011101000001100""]",1,0.000244140625,False,False,,,,3.575242625243275,0.12124040921415356,{},{}
"[1, 0, 0, 0, 1, 1, 1, 0, 1, 0, 0, 1, 1, 0, 1, 1, 0, 1]",100011101001101101,"[""100011101001101101""]",1,0.000244140625,False,False,,,,5.4076272275591,0.18731757104256366,{},{}
"[1, 0, 0, 0, 1, 1, 1, 0, 1, 0, 0, 1, 1, 1, 0, 1, 1, 1]",100011101001110111,"[""100011101001110111""]",1,0.000244140625,False,False,,,,8.640290978848919,0.3038898482603768,{},{}
"[1, 0, 0, 0, 1, 1, 1, 0, 1, 0, 1, 0, 0, 0, 0, 1, 0, 0]",100011101010000100,"[""100011101010000100""]",1,0.000244140625,False,False,,,,3.571702654254583,0.12111275520767913,{},{}
"[1, 0, 0, 0, 1, 1, 1, 0, 1, 0, 1, 1, 0, 1, 1, 1, 1, 1]",100011101011011111,"[""100011101011011111""]",1,0.000244140625,False,False,,,,9.852952005758265,0.347619313579407,{},{}
"[1, 0, 0, 0, 1, 1, 1, 0, 1, 1, 0, 0, 0, 1, 0, 1, 1, 0]",100011101100010110,"[""100011101100010110""]",1,0.000244140625,False,False,,,,4.076461686860588,0.13931474415678188,{},{}
"[1, 0, 0, 0, 1, 1, 1, 0, 1, 1, 0, 0, 1, 0, 0, 1, 0, 0]",100011101100100100,"[""100011101100100100""]",1,0.000244140625,False,False,,,,2.937320909402235,0.09823647412420992,{},{}
"[1, 0, 0, 0, 1, 1, 1, 0, 1, 1, 0, 1, 0, 0, 1, 0, 0, 0]",100011101101001000,"[""100011101101001000""]",1,0.000244140625,False,False,,,,4.785495420661906,0.16488303190105777,{},{}
"[1, 0, 0, 0, 1, 1, 1, 0, 1, 1, 0, 1, 1, 0, 1, 1, 0, 1]",100011101101101101,"[""100011101101101101""]",1,0.000244140625,False,False,,,,6.7083033826714225,0.23422092783736054,{},{}
"[1, 0, 0, 0, 1, 1, 1, 0, 1, 1, 1, 0, 1, 1, 0, 1, 0, 1]",100011101110110101,"[""100011101110110101""]",1,0.000244140625,False,False,,,,6.682232251455039,0.23328078330970106,{},{}
"[1, 0, 0, 0, 1, 1, 1, 0, 1, 1, 1, 0, 1, 1, 0, 1, 1, 1]",100011101110110111,"[""100011101110110111""]",1,0.000244140625,False,False,,,,9.971963584499365,0.3519109602882865,{},{}
"[1, 0, 0, 0, 1, 1, 1, 1, 0, 0, 0, 0, 1, 0, 0, 0, 1, 0]",100011110000100010,"[""100011110000100010""]",1,0.000244140625,False,False,,,,3.5363310912673995,0.11983723014123072,{},{}
"[1, 0, 0, 0, 1, 1, 1, 1, 0, 0, 0, 0, 1, 0, 1, 1, 0, 1]",100011110000101101,"[""100011110000101101""]",1,0.000244140625,False,False,,,,6.057905565097895,0.2107670951701706,{},{}
"[1, 0, 0, 0, 1, 1, 1, 1, 0, 0, 0, 1, 1, 0, 1, 0, 1, 0]",100011110001101010,"[""100011110001101010""]",1,0.000244140625,False,False,,,,3.9750794040481328,0.135658823069328,{},{}
"[1, 0, 0, 0, 1, 1, 1, 1, 0, 0, 1, 0, 0, 0, 0, 1, 0, 1]",100011110010000101,"[""100011110010000101""]",1,0.000244140625,False,False,,,,4.800971209552412,0.16544110044499113,{},{}
"[1, 0, 0, 0, 1, 1, 1, 1, 0, 0, 1, 0, 1, 1, 0, 0, 1, 0]",100011110010110010,"[""100011110010110010""]",1,0.000244140625,False,False,,,,4.0605598922241475,0.13874131352642938,{},{}
"[1, 0, 0, 0, 1, 1, 1, 1, 0, 0, 1, 1, 1, 1, 1, 1, 0, 0]",100011110011111100,"[""100011110011111100""]",1,0.000244140625,False,False,,,,8.477107827986904,0.2980053415615365,{},{}
"[1, 0, 0, 0, 1, 1, 1, 1, 0, 1, 0, 0, 0, 0, 1, 0, 0, 0]",100011110100001000,"[""100011110100001000""]",1,0.000244140625,False,False,,,,3.474569588182381,0.11761006405996323,{},{}
"[1, 0, 0, 0, 1, 1, 1, 1, 0, 1, 0, 0, 1, 1, 0, 1, 1, 0]",100011110100110110,"[""100011110100110110""]",1,0.000244140625,False,False,,,,5.346806331064338,0.1851243239397697,{},{}
"[1, 0, 0, 0, 1, 1, 1, 1, 0, 1, 0, 1, 0, 1, 1, 1, 0, 1]",100011110101011101,"[""100011110101011101""]",1,0.000244140625,False,False,,,,6.525511018267972,0.22762929820435693,{},{}
"[1, 0, 0, 0, 1, 1, 1, 1, 0, 1, 0, 1, 1, 0, 0, 0, 0, 1]",100011110101100001,"[""100011110101100001""]",1,0.000244140625,False,False,,,,4.0250916550986675,0.13746230231811274,{},{}
"[1, 0, 0, 0, 1, 1, 1, 1, 0, 1, 0, 1, 1, 0, 0, 1, 1, 0]",100011110101100110,"[""100011110101100110""]",1,0.000244140625,False,False,,,,5.302468008699327,0.18352545081105517,{},{}
"[1, 0, 0, 0, 1, 1, 1, 1, 0, 1, 1, 0, 0, 0, 0, 0, 0, 0]",100011110110000000,"[""100011110110000000""]",1,0.000244140625,False,False,,,,5.4955292122292265,0.19048738247775343,{},{}
"[1, 0, 0, 0, 1, 1, 1, 1, 0, 1, 1, 0, 0, 0, 1, 0, 0, 0]",100011110110001000,"[""100011110110001000""]",1,0.000244140625,False,False,,,,4.691210819592102,0.1614830585357813,{},{}
"[1, 0, 0, 0, 1, 1, 1, 1, 0, 1, 1, 1, 0, 0, 1, 0, 0, 1]",100011110111001001,"[""100011110111001001""]",1,0.000244140625,False,False,,,,7.222700645018913,0.2527704785731988,{},{}
"[1, 0, 0, 0, 1, 1, 1, 1, 1, 0, 0, 0, 0, 1, 0, 0, 1, 0]",100011111000010010,"[""100011111000010010""]",1,0.000244140625,False,False,,,,6.871480596127726,0.24010522042890173,{},{}
"[1, 0, 0, 0, 1, 1, 1, 1, 1, 1, 0, 1, 0, 1, 1, 0, 1, 0]",100011111101011010,"[""100011111101011010""]",1,0.000244140625,False,False,,,,8.530868341766132,0.2999439859730203,{},{}
"[1, 0, 0, 0, 1, 1, 1, 1, 1, 1, 1, 0, 1, 0, 1, 0, 1, 0]",100011111110101010,"[""100011111110101010""]",1,0.000244140625,False,False,,,,8.551341736177946,0.30068227191693,{},{}
"[1, 0, 0, 0, 1, 1, 1, 1, 1, 1, 1, 1, 0, 0, 0, 1, 0, 0]",100011111111000100,"[""100011111111000100""]",1,0.000244140625,False,False,,,,11.287538804726122,0.39935158853549263,{},{}
"[1, 0, 0, 0, 1, 1, 1, 1, 1, 1, 1, 1, 1, 0, 0, 1, 0, 1]",100011111111100101,"[""100011111111100101""]",1,0.000244140625,False,False,,,,11.924772579093908,0.4223307159404125,{},{}
"[1, 0, 0, 1, 0, 0, 0, 0, 0, 0, 0, 0, 1, 0, 0, 1, 0, 0]",100100000000100100,"[""100100000000100100""]",1,0.000244140625,False,False,,,,1.957238455949219,0.06289396644315155,{},{}
"[1, 0, 0, 1, 0, 0, 0, 0, 0, 0, 0, 0, 1, 1, 1, 0, 0, 1]",100100000000111001,"[""100100000000111001""]",1,0.000244140625,False,False,,,,6.268070773159763,0.2183458100569114,{},{}
"[1, 0, 0, 1, 0, 0, 0, 0, 0, 0, 0, 1, 1, 0, 1, 1, 1, 0]",100100000001101110,"[""100100000001101110""]",1,0.000244140625,False,False,,,,3.5534138840155816,0.12045324844845522,{},{}
"[1, 0, 0, 1, 0, 0, 0, 0, 0, 0, 0, 1, 1, 1, 1, 0, 1, 0]",100100000001111010,"[""100100000001111010""]",1,0.000244140625,False,False,,,,5.4502135184966365,0.18885326460514595,{},{}
"[1, 0, 0, 1, 0, 0, 0, 0, 0, 1, 0, 1, 0, 1, 1, 1, 0, 0]",100100000101011100,"[""100100000101011100""]",1,0.000244140625,False,False,,,,3.5126120049774086,0.11898190211608525,{},{}
"[1, 0, 0, 1, 0, 0, 0, 0, 0, 1, 0, 1, 1, 0, 0, 0, 0, 0]",100100000101100000,"[""100100000101100000""]",1,0.000244140625,False,False,,,,3.098546508938521,0.10405039005538377,{},{}
"[1, 0, 0, 1, 0, 0, 0, 0, 0, 1, 1, 1, 0, 0, 0, 1, 1, 1]",100100000111000111,"[""100100000111000111""]",1,0.000244140625,False,False,,,,10.731568468560607,0.37930288160564013,{},{}
"[1, 0, 0, 1, 0, 0, 0, 0, 0, 1, 1, 1, 1, 1, 0, 1, 0, 0]",100100000111110100,"[""100100000111110100""]",1,0.000244140625,False,False,,,,6.739682549954336,0.23535248412307333,{},{}
"[1, 0, 0, 1, 0, 0, 0, 0, 1, 0, 0, 0, 0, 1, 1, 1, 1, 0]",100100001000011110,"[""100100001000011110""]",1,0.000244140625,False,False,,,,3.4831532816025845,0.11791959847675293,{},{}
"[1, 0, 0, 1, 0, 0, 0, 0, 1, 0, 0, 1, 1, 0, 1, 0, 0, 1]",100100001001101001,"[""100100001001101001""]",1,0.000244140625,False,False,,,,1.593893760375244,0.04979148445405774,{},{}
"[1, 0, 0, 1, 0, 0, 0, 0, 1, 0, 1, 0, 0, 0, 0, 1, 1, 1]",100100001010000111,"[""100100001010000111""]",1,0.000244140625,False,False,,,,5.5586586086413305,0.1927638758174052,{},{}
"[1, 0, 0, 1, 0, 0, 0, 0, 1, 0, 1, 0, 1, 0, 0, 1, 1, 0]",100100001010100110,"[""100100001010100110""]",1,0.000244140625,False,False,,,,1.55245292699172,0.04829709694920392,{},{}
"[1, 0, 0, 1, 0, 0, 0, 0, 1, 0, 1, 0, 1, 0, 1, 0, 1, 1]",100100001010101011,"[""100100001010101011""]",1,0.000244140625,False,False,,,,2.746660007954808,0.09136109914923467,{},{}
"[1, 0, 0, 1, 0, 0, 0, 0, 1, 0, 1, 1, 0, 1, 1, 0, 0, 1]",100100001011011001,"[""100100001011011001""]",1,0.000244140625,False,False,,,,2.7017105466046543,0.0897401878907684,{},{}
"[1, 0, 0, 1, 0, 0, 0, 0, 1, 0, 1, 1, 1, 1, 1, 0, 1, 0]",100100001011111010,"[""100100001011111010""]",1,0.000244140625,False,False,,,,5.907056113804658,0.2053273509198464,{},{}
"[1, 0, 0, 1, 0, 0, 0, 0, 1, 1, 0, 0, 1, 0, 0, 0, 0, 1]",100100001100100001,"[""100100001100100001""]",1,0.000244140625,True,False,"[0, 0, 2, 0, 0, 2]",0.4251419108443418,0.9773380423363002,0.42514191084434244,0.007645416973953362,"{""degradation"": 0.4137305915905207, ""nominal"": 0.42685467316003795, ""surge"": 0.43484046778246677}","{""degradation"": 0.9773380423363002, ""nominal"": 0.4756416492447379, ""surge"": 0.6725658453101304}"
"[1, 0, 0, 1, 0, 0, 0, 0, 1, 1, 0, 1, 1, 0, 0, 0, 1, 1]",100100001101100011,"[""100100001101100011""]",1,0.000244140625,False,False,,,,2.7940456661778406,0.0930698614924632,{},{}
"[1, 0, 0, 1, 0, 0, 0, 1, 0, 0, 0, 0, 0, 1, 0, 0, 0, 0]",100100010000010000,"[""100100010000010000""]",1,0.000244140625,False,False,,,,1.8102757252438189,0.05759438024967838,{},{}
"[1, 0, 0, 1, 0, 0, 0, 1, 0, 0, 0, 1, 0, 1, 0, 0, 1, 1]",100100010001010011,"[""100100010001010011""]",1,0.000244140625,False,False,,,,1.45944887835096,0.044943301264080825,{},{}
"[1, 0, 0, 1, 0, 0, 0, 1, 0, 0, 1, 0, 1, 0, 1, 1, 1, 0]",100100010010101110,"[""100100010010101110""]",1,0.000244140625,False,False,,,,2.756272191727101,0.09170772169880397,{},{}
"[1, 0, 0, 1, 0, 0, 0, 1, 0, 0, 1, 1, 1, 0, 1, 1, 0, 0]",100100010011101100,"[""100100010011101100""]",1,0.000244140625,False,False,,,,2.7487812951037913,0.09143759435338054,{},{}
"[1, 0, 0, 1, 0, 0, 0, 1, 0, 1, 0, 0, 1, 0, 1, 0, 0, 0]",100100010100101000,"[""100100010100101000""]",1,0.000244140625,False,False,,,,2.299436381842193,0.07523388007154554,{},{}
"[1, 0, 0, 1, 0, 0, 0, 1, 0, 1, 0, 0, 1, 1, 1, 1, 1, 1]",100100010100111111,"[""100100010100111111""]",1,0.000244140625,False,False,,,,9.295795814679524,0.3275278438327816,{},{}
"[1, 0, 0, 1, 0, 0, 0, 1, 0, 1, 0, 1, 1, 0, 0, 0, 0, 0]",100100010101100000,"[""100100010101100000""]",1,0.000244140625,False,False,,,,2.2714203740476875,0.07422360183711599,{},{}
"[1, 0, 0, 1, 0, 0, 0, 1, 0, 1, 0, 1, 1, 1, 0, 0, 1, 1]",100100010101110011,"[""100100010101110011""]",1,0.000244140625,False,False,,,,3.932848588851132,0.13413594822831965,{},{}
"[1, 0, 0, 1, 0, 0, 0, 1, 0, 1, 1, 1, 1, 1, 0, 1, 0, 1]",100100010111110101,"[""100100010111110101""]",1,0.000244140625,False,False,,,,7.231301386613861,0.2530806277599446,{},{}
"[1, 0, 0, 1, 0, 0, 0, 1, 1, 0, 0, 0, 1, 1, 1, 1, 0, 1]",100100011000111101,"[""100100011000111101""]",1,0.000244140625,False,False,,,,8.07108206297296,0.2833637482260419,{},{}
"[1, 0, 0, 1, 0, 0, 0, 1, 1, 0, 0, 1, 1, 0, 0, 1, 1, 1]",100100011001100111,"[""100100011001100111""]",1,0.000244140625,False,False,,,,6.040056893737128,0.21012345870627708,{},{}
"[1, 0, 0, 1, 0, 0, 0, 1, 1, 0, 0, 1, 1, 1, 1, 1, 1, 0]",100100011001111110,"[""100100011001111110""]",1,0.000244140625,False,False,,,,7.233913362865874,0.25317481758083593,{},{}
"[1, 0, 0, 1, 0, 0, 0, 1, 1, 1, 1, 0, 0, 1, 0, 1, 0, 1]",100100011110010101,"[""100100011110010101""]",1,0.000244140625,False,False,,,,4.034888774713421,0.13781559379273994,{},{}
"[1, 0, 0, 1, 0, 0, 0, 1, 1, 1, 1, 1, 1, 0, 1, 0, 0, 1]",100100011111101001,"[""100100011111101001""]",1,0.000244140625,False,False,,,,7.237523817912093,0.25330501329524097,{},{}
"[1, 0, 0, 1, 0, 0, 1, 0, 0, 0, 0, 0, 1, 0, 0, 0, 1, 0]",100100100000100010,"[""100100100000100010""]",1,0.000244140625,False,False,,,,1.1319598961301525,0.03313380316642333,{},{}
"[1, 0, 0, 1, 0, 0, 1, 0, 0, 0, 0, 1, 0, 1, 0, 0, 1, 1]",100100100001010011,"[""100100100001010011""]",1,0.000244140625,False,False,,,,1.4748631276440296,0.04549915064401687,{},{}
"[1, 0, 0, 1, 0, 0, 1, 0, 0, 0, 0, 1, 1, 1, 1, 1, 0, 0]",100100100001111100,"[""100100100001111100""]",1,0.000244140625,False,False,,,,4.862384387048491,0.16765570564450907,{},{}
"[1, 0, 0, 1, 0, 0, 1, 0, 0, 0, 1, 0, 0, 0, 1, 0, 1, 0]",100100100010001010,"[""100100100010001010""]",1,0.000244140625,True,False,"[0, 0, 0, 1, 2, 1]",0.2360156598039277,0.2593655756636245,0.2360156598039283,0.0008253826426214184,"{""degradation"": 0.26317543160094786, ""nominal"": 0.20902883076050344, ""surge"": 0.23584271705033183}","{""degradation"": 0.2593655756636245, ""nominal"": 0.03415652920881866, ""surge"": 0.10906558972384924}"
"[1, 0, 0, 1, 0, 0, 1, 0, 0, 0, 1, 0, 0, 0, 1, 0, 1, 1]",100100100010001011,"[""100100100010001011""]",1,0.000244140625,False,False,,,,1.4684067642238703,0.04526632934111042,{},{}
"[1, 0, 0, 1, 0, 0, 1, 0, 0, 0, 1, 0, 0, 1, 1, 1, 1, 0]",100100100010011110,"[""100100100010011110""]",1,0.000244140625,False,False,,,,2.7248892070284914,0.09057602775422065,{},{}
"[1, 0, 0, 1, 0, 0, 1, 0, 0, 0, 1, 0, 1, 0, 1, 0, 1, 0]",100100100010101010,"[""100100100010101010""]",1,0.000244140625,False,False,,,,1.5114564785381477,0.0468187342979171,{},{}
"[1, 0, 0, 1, 0, 0, 1, 0, 0, 0, 1, 1, 0, 0, 1, 0, 1, 1]",100100100011001011,"[""100100100011001011""]",1,0.000244140625,False,False,,,,2.7021348003768937,0.08975548679970333,{},{}
"[1, 0, 0, 1, 0, 0, 1, 0, 0, 1, 0, 0, 0, 0, 1, 1, 0, 0]",100100100100001100,"[""100100100100001100""]",1,0.000244140625,True,False,"[0, 0, 0, 0, 2, 0]",0.46389661540149707,1.2474535257234172,0.4638966154014972,0.009042940660519444,"{""degradation"": 0.47037242913266764, ""nominal"": 0.45053916454734716, ""surge"": 0.47077825252447647}","{""degradation"": 1.2474535257234172, ""nominal"": 0.5236449091331443, ""surge"": 0.7743305678400171}"
"[1, 0, 0, 1, 0, 0, 1, 0, 0, 1, 0, 1, 1, 0, 1, 1, 0, 1]",100100100101101101,"[""100100100101101101""]",1,0.000244140625,False,False,,,,4.277595780620836,0.14656779029448122,{},{}
"[1, 0, 0, 1, 0, 0, 1, 0, 0, 1, 1, 0, 0, 1, 1, 0, 1, 0]",100100100110011010,"[""100100100110011010""]",1,0.000244140625,False,False,,,,2.6906341441069257,0.08934076451677038,{},{}
"[1, 0, 0, 1, 0, 0, 1, 0, 0, 1, 1, 1, 1, 1, 1, 0, 1, 1]",100100100111111011,"[""100100100111111011""]",1,0.000244140625,False,False,,,,10.488007497226432,0.37051989047070416,{},{}
"[1, 0, 0, 1, 0, 0, 1, 0, 1, 0, 0, 0, 0, 1, 1, 1, 1, 0]",100100101000011110,"[""100100101000011110""]",1,0.000244140625,False,False,,,,4.77094733791579,0.1643584171358533,{},{}
"[1, 0, 0, 1, 0, 0, 1, 0, 1, 0, 0, 0, 1, 1, 0, 0, 1, 1]",100100101000110011,"[""100100101000110011""]",1,0.000244140625,False,False,,,,4.838772456905138,0.16680424175030717,{},{}
"[1, 0, 0, 1, 0, 0, 1, 0, 1, 0, 0, 0, 1, 1, 0, 1, 1, 1]",100100101000110111,"[""100100101000110111""]",1,0.000244140625,False,False,,,,8.16191184481608,0.286639138221189,{},{}
"[1, 0, 0, 1, 0, 0, 1, 0, 1, 0, 0, 1, 0, 0, 1, 0, 0, 1]",100100101001001001,"[""100100101001001001""]",1,0.000244140625,False,False,,,,1.6155856672190652,0.05057371086933893,{},{}
"[1, 0, 0, 1, 0, 0, 1, 0, 1, 0, 0, 1, 0, 1, 0, 0, 1, 0]",100100101001010010,"[""100100101001010010""]",1,0.000244140625,False,False,,,,1.4784876418673383,0.04562985334288274,{},{}
"[1, 0, 0, 1, 0, 0, 1, 0, 1, 0, 1, 1, 1, 0, 1, 1, 0, 0]",100100101011101100,"[""100100101011101100""]",1,0.000244140625,False,False,,,,4.124974860563909,0.1410641655531158,{},{}
"[1, 0, 0, 1, 0, 0, 1, 0, 1, 0, 1, 1, 1, 1, 0, 1, 0, 0]",100100101011110100,"[""100100101011110100""]",1,0.000244140625,False,False,,,,4.049928097506176,0.13835792304212932,{},{}
"[1, 0, 0, 1, 0, 0, 1, 0, 1, 1, 1, 1, 1, 0, 0, 0, 1, 0]",100100101111100010,"[""100100101111100010""]",1,0.000244140625,False,False,,,,6.061490124120606,0.21089635705456314,{},{}
"[1, 0, 0, 1, 0, 0, 1, 1, 0, 0, 0, 1, 0, 1, 1, 0, 0, 1]",100100110001011001,"[""100100110001011001""]",1,0.000244140625,False,False,,,,2.7136872364199833,0.0901720763000554,{},{}
"[1, 0, 0, 1, 0, 0, 1, 1, 0, 0, 0, 1, 1, 0, 1, 0, 0, 0]",100100110001101000,"[""100100110001101000""]",1,0.000244140625,False,False,,,,3.5674776202047536,0.12096039731387873,{},{}
"[1, 0, 0, 1, 0, 0, 1, 1, 0, 0, 1, 0, 0, 1, 1, 0, 0, 1]",100100110010011001,"[""100100110010011001""]",1,0.000244140625,False,False,,,,2.6990535925347903,0.0896443761360619,{},{}
"[1, 0, 0, 1, 0, 0, 1, 1, 0, 0, 1, 0, 1, 0, 0, 0, 0, 1]",100100110010100001,"[""100100110010100001""]",1,0.000244140625,False,False,,,,1.5424822260309723,0.04793754600116967,{},{}
"[1, 0, 0, 1, 0, 0, 1, 1, 0, 0, 1, 0, 1, 0, 1, 1, 1, 1]",100100110010101111,"[""100100110010101111""]",1,0.000244140625,False,False,,,,7.318317186766118,0.2562184827173714,{},{}
"[1, 0, 0, 1, 0, 0, 1, 1, 0, 0, 1, 0, 1, 1, 1, 1, 1, 1]",100100110010111111,"[""100100110010111111""]",1,0.000244140625,False,False,,,,10.567246640772272,0.3733773133635869,{},{}
"[1, 0, 0, 1, 0, 0, 1, 1, 0, 0, 1, 1, 0, 0, 1, 0, 0, 0]",100100110011001000,"[""100100110011001000""]",1,0.000244140625,False,False,,,,3.4812961320000415,0.11785262827045906,{},{}
"[1, 0, 0, 1, 0, 0, 1, 1, 0, 0, 1, 1, 1, 0, 0, 0, 1, 0]",100100110011100010,"[""100100110011100010""]",1,0.000244140625,False,False,,,,2.7441093559055627,0.09126912072504745,{},{}
"[1, 0, 0, 1, 0, 0, 1, 1, 0, 1, 0, 0, 1, 0, 0, 1, 1, 1]",100100110100100111,"[""100100110100100111""]",1,0.000244140625,False,False,,,,6.2152076876447815,0.21643952758111024,{},{}
"[1, 0, 0, 1, 0, 0, 1, 1, 0, 1, 0, 0, 1, 1, 0, 1, 1, 1]",100100110100110111,"[""100100110100110111""]",1,0.000244140625,False,False,,,,7.434302079912612,0.2604009848757097,{},{}
"[1, 0, 0, 1, 0, 0, 1, 1, 0, 1, 1, 0, 0, 1, 1, 1, 1, 0]",100100110110011110,"[""100100110110011110""]",1,0.000244140625,False,False,,,,5.292485648795166,0.18316547943278502,{},{}
"[1, 0, 0, 1, 0, 0, 1, 1, 1, 0, 0, 0, 1, 1, 0, 1, 0, 0]",100100111000110100,"[""100100111000110100""]",1,0.000244140625,False,False,,,,6.897982712420897,0.24106090660138213,{},{}
"[1, 0, 0, 1, 0, 0, 1, 1, 1, 0, 0, 1, 0, 0, 0, 0, 1, 1]",100100111001000011,"[""100100111001000011""]",1,0.000244140625,False,False,,,,6.782630976359383,0.23690123656197465,{},{}
"[1, 0, 0, 1, 0, 0, 1, 1, 1, 0, 1, 0, 0, 0, 1, 1, 0, 1]",100100111010001101,"[""100100111010001101""]",1,0.000244140625,False,False,,,,6.07308462335134,0.21131446338498105,{},{}
"[1, 0, 0, 1, 0, 0, 1, 1, 1, 0, 1, 1, 1, 0, 1, 1, 0, 1]",100100111011101101,"[""100100111011101101""]",1,0.000244140625,False,False,,,,8.623712992288247,0.3032920336425426,{},{}
"[1, 0, 0, 1, 0, 0, 1, 1, 1, 0, 1, 1, 1, 0, 1, 1, 1, 1]",100100111011101111,"[""100100111011101111""]",1,0.000244140625,False,False,,,,11.86349077214224,0.42012084806116645,{},{}
"[1, 0, 0, 1, 0, 0, 1, 1, 1, 1, 0, 0, 1, 1, 1, 0, 0, 0]",100100111100111000,"[""100100111100111000""]",1,0.000244140625,False,False,,,,10.084542958812037,0.3559706568856046,{},{}
"[1, 0, 0, 1, 0, 0, 1, 1, 1, 1, 0, 1, 1, 1, 0, 1, 1, 0]",100100111101110110,"[""100100111101110110""]",1,0.000244140625,False,False,,,,8.645108600147138,0.30406357529440015,{},{}
"[1, 0, 0, 1, 0, 0, 1, 1, 1, 1, 1, 0, 0, 0, 0, 1, 0, 1]",100100111110000101,"[""100100111110000101""]",1,0.000244140625,False,False,,,,8.156948671713007,0.28646016248001566,{},{}
"[1, 0, 0, 1, 0, 0, 1, 1, 1, 1, 1, 1, 1, 0, 0, 0, 0, 0]",100100111111100000,"[""100100111111100000""]",1,0.000244140625,False,False,,,,10.075204289547202,0.35563389747412805,{},{}
"[1, 0, 0, 1, 0, 1, 0, 0, 0, 0, 0, 0, 0, 1, 0, 1, 1, 0]",100101000000010110,"[""100101000000010110""]",1,0.000244140625,False,False,,,,4.29969264934922,0.14736461993877165,{},{}
"[1, 0, 0, 1, 0, 1, 0, 0, 0, 0, 0, 0, 0, 1, 0, 1, 1, 1]",100101000000010111,"[""100101000000010111""]",1,0.000244140625,False,False,,,,7.603910802043169,0.2665172024893954,{},{}
"[1, 0, 0, 1, 0, 1, 0, 0, 0, 0, 1, 0, 0, 0, 1, 0, 0, 1]",100101000010001001,"[""100101000010001001""]",1,0.000244140625,False,False,,,,2.310742390278678,0.07564158320774675,{},{}
"[1, 0, 0, 1, 0, 1, 0, 0, 0, 0, 1, 0, 1, 0, 1, 1, 0, 0]",100101000010101100,"[""100101000010101100""]",1,0.000244140625,False,False,,,,3.556548898563629,0.1205662994222322,{},{}
"[1, 0, 0, 1, 0, 1, 0, 0, 0, 1, 1, 1, 1, 0, 0, 1, 0, 1]",100101000111100101,"[""100101000111100101""]",1,0.000244140625,False,False,,,,8.119073318812736,0.2850943488731253,{},{}
"[1, 0, 0, 1, 0, 1, 0, 0, 0, 1, 1, 1, 1, 1, 1, 1, 0, 1]",100101000111111101,"[""100101000111111101""]",1,0.000244140625,False,False,,,,12.55529366854055,0.44506777889702986,{},{}
"[1, 0, 0, 1, 0, 1, 0, 0, 1, 0, 1, 1, 1, 0, 1, 0, 1, 0]",100101001011101010,"[""100101001011101010""]",1,0.000244140625,False,False,,,,3.9890565935593223,0.13616285099669106,{},{}
"[1, 0, 0, 1, 0, 1, 0, 0, 1, 1, 0, 0, 0, 0, 1, 1, 0, 0]",100101001100001100,"[""100101001100001100""]",1,0.000244140625,False,False,,,,1.6716446469227706,0.05259523968437906,{},{}
"[1, 0, 0, 1, 0, 1, 0, 0, 1, 1, 0, 0, 1, 0, 1, 1, 0, 0]",100101001100101100,"[""100101001100101100""]",1,0.000244140625,False,False,,,,2.983100624222266,0.0998873249449375,{},{}
"[1, 0, 0, 1, 0, 1, 0, 0, 1, 1, 0, 0, 1, 1, 0, 1, 1, 1]",100101001100110111,"[""100101001100110111""]",1,0.000244140625,False,False,,,,7.483896064975276,0.2621893811395507,{},{}
"[1, 0, 0, 1, 0, 1, 0, 0, 1, 1, 1, 1, 0, 0, 0, 1, 1, 0]",100101001111000110,"[""100101001111000110""]",1,0.000244140625,False,False,,,,8.03156407578319,0.28193869999578974,{},{}
"[1, 0, 0, 1, 0, 1, 0, 0, 1, 1, 1, 1, 1, 0, 0, 0, 0, 0]",100101001111100000,"[""100101001111100000""]",1,0.000244140625,False,False,,,,6.791369497308002,0.2372163541754566,{},{}
"[1, 0, 0, 1, 0, 1, 0, 0, 1, 1, 1, 1, 1, 0, 0, 0, 1, 1]",100101001111100011,"[""100101001111100011""]",1,0.000244140625,False,False,,,,7.340322995537251,0.257012028671369,{},{}
"[1, 0, 0, 1, 0, 1, 0, 0, 1, 1, 1, 1, 1, 0, 1, 0, 0, 1]",100101001111101001,"[""100101001111101001""]",1,0.000244140625,False,False,,,,7.3523164834516574,0.2574445228326961,{},{}
"[1, 0, 0, 1, 0, 1, 0, 1, 0, 0, 1, 0, 1, 0, 0, 1, 1, 0]",100101010010100110,"[""100101010010100110""]",1,0.000244140625,False,False,,,,2.7865469572814723,0.09279945243061928,{},{}
"[1, 0, 0, 1, 0, 1, 0, 1, 0, 0, 1, 0, 1, 1, 1, 0, 1, 0]",100101010010111010,"[""100101010010111010""]",1,0.000244140625,False,False,,,,5.96137886369377,0.2072862699867555,{},{}
"[1, 0, 0, 1, 0, 1, 0, 1, 0, 1, 0, 0, 1, 1, 0, 0, 0, 0]",100101010100110000,"[""100101010100110000""]",1,0.000244140625,False,False,,,,3.5189704779260715,0.11921119341523685,{},{}
"[1, 0, 0, 1, 0, 1, 0, 1, 0, 1, 0, 1, 0, 1, 0, 1, 1, 1]",100101010101010111,"[""100101010101010111""]",1,0.000244140625,False,False,,,,7.2914619278361155,0.2552500619567849,{},{}
"[1, 0, 0, 1, 0, 1, 0, 1, 0, 1, 0, 1, 1, 0, 0, 1, 0, 0]",100101010101100100,"[""100101010101100100""]",1,0.000244140625,False,False,,,,2.8416466342636557,0.09478638807068276,{},{}
"[1, 0, 0, 1, 0, 1, 0, 1, 0, 1, 1, 1, 1, 0, 0, 0, 0, 0]",100101010111100000,"[""100101010111100000""]",1,0.000244140625,False,False,,,,6.702431110179436,0.23400916929100346,{},{}
"[1, 0, 0, 1, 0, 1, 0, 1, 0, 1, 1, 1, 1, 1, 1, 0, 1, 1]",100101010111111011,"[""100101010111111011""]",1,0.000244140625,False,False,,,,11.742746660918403,0.41576672493271316,{},{}
"[1, 0, 0, 1, 0, 1, 0, 1, 1, 0, 0, 0, 1, 0, 1, 1, 1, 1]",100101011000101111,"[""100101011000101111""]",1,0.000244140625,False,False,,,,9.429094102923585,0.3323346799918615,{},{}
"[1, 0, 0, 1, 0, 1, 0, 1, 1, 0, 0, 0, 1, 1, 1, 0, 0, 0]",100101011000111000,"[""100101011000111000""]",1,0.000244140625,False,False,,,,8.794176424782727,0.30943907275241533,{},{}
"[1, 0, 0, 1, 0, 1, 0, 1, 1, 0, 0, 1, 1, 1, 1, 0, 0, 1]",100101011001111001,"[""100101011001111001""]",1,0.000244140625,False,False,,,,7.328548556054212,0.25658743356061753,{},{}
"[1, 0, 0, 1, 0, 1, 0, 1, 1, 0, 0, 1, 1, 1, 1, 1, 0, 1]",100101011001111101,"[""100101011001111101""]",1,0.000244140625,False,False,,,,8.63280008222561,0.30361972091495343,{},{}
"[1, 0, 0, 1, 0, 1, 0, 1, 1, 0, 1, 0, 0, 0, 1, 1, 0, 0]",100101011010001100,"[""100101011010001100""]",1,0.000244140625,False,False,,,,2.8032977857544603,0.09340349985732802,{},{}
"[1, 0, 0, 1, 0, 1, 0, 1, 1, 1, 0, 0, 0, 1, 0, 1, 1, 1]",100101011100010111,"[""100101011100010111""]",1,0.000244140625,False,False,,,,7.425932032956373,0.2600991547105032,{},{}
"[1, 0, 0, 1, 0, 1, 0, 1, 1, 1, 0, 1, 0, 1, 0, 0, 1, 0]",100101011101010010,"[""100101011101010010""]",1,0.000244140625,False,False,,,,3.980804494892385,0.13586527413517951,{},{}
"[1, 0, 0, 1, 0, 1, 0, 1, 1, 1, 1, 1, 0, 1, 1, 1, 0, 0]",100101011111011100,"[""100101011111011100""]",1,0.000244140625,False,False,,,,8.500982975475317,0.2988662972704391,{},{}
"[1, 0, 0, 1, 0, 1, 0, 1, 1, 1, 1, 1, 1, 1, 1, 1, 0, 0]",100101011111111100,"[""100101011111111100""]",1,0.000244140625,False,False,,,,11.812438952774812,0.4182798811998902,{},{}
"[1, 0, 0, 1, 0, 1, 1, 0, 0, 0, 0, 1, 0, 0, 1, 0, 0, 0]",100101100001001000,"[""100101100001001000""]",1,0.000244140625,False,False,,,,2.3422370034339384,0.07677730255812394,{},{}
"[1, 0, 0, 1, 0, 1, 1, 0, 0, 0, 0, 1, 0, 1, 0, 1, 0, 1]",100101100001010101,"[""100101100001010101""]",1,0.000244140625,False,False,,,,2.8512692129876136,0.09513338546999839,{},{}
"[1, 0, 0, 1, 0, 1, 1, 0, 0, 0, 1, 0, 0, 1, 1, 0, 1, 0]",100101100010011010,"[""100101100010011010""]",1,0.000244140625,False,False,,,,2.6928582551119504,0.08942096762621456,{},{}
"[1, 0, 0, 1, 0, 1, 1, 0, 0, 0, 1, 0, 1, 1, 0, 0, 0, 0]",100101100010110000,"[""100101100010110000""]",1,0.000244140625,False,False,,,,3.5196067035840173,0.11923413618920818,{},{}
"[1, 0, 0, 1, 0, 1, 1, 0, 0, 0, 1, 1, 0, 0, 1, 1, 0, 0]",100101100011001100,"[""100101100011001100""]",1,0.000244140625,False,False,,,,2.788676612789187,0.0928762494040517,{},{}
"[1, 0, 0, 1, 0, 1, 1, 0, 0, 0, 1, 1, 0, 1, 1, 1, 1, 1]",100101100011011111,"[""100101100011011111""]",1,0.000244140625,False,False,,,,8.523264140007372,0.2996697727595091,{},{}
"[1, 0, 0, 1, 0, 1, 1, 0, 0, 1, 0, 0, 0, 1, 0, 1, 1, 1]",100101100100010111,"[""100101100100010111""]",1,0.000244140625,False,False,,,,6.186324970304742,0.21539799515101343,{},{}
"[1, 0, 0, 1, 0, 1, 1, 0, 0, 1, 0, 0, 1, 0, 0, 0, 0, 1]",100101100100100001,"[""100101100100100001""]",1,0.000244140625,False,False,,,,1.7749142929154242,0.05631922050237716,{},{}
"[1, 0, 0, 1, 0, 1, 1, 0, 0, 1, 1, 0, 0, 0, 0, 0, 0, 0]",100101100110000000,"[""100101100110000000""]",1,0.000244140625,False,False,,,,4.332909422694222,0.14856244167606486,{},{}
"[1, 0, 0, 1, 0, 1, 1, 0, 0, 1, 1, 0, 0, 0, 1, 0, 1, 1]",100101100110001011,"[""100101100110001011""]",1,0.000244140625,False,False,,,,4.032292334884507,0.1377219642269075,{},{}
"[1, 0, 0, 1, 0, 1, 1, 0, 1, 0, 0, 0, 0, 0, 1, 0, 1, 0]",100101101000001010,"[""100101101000001010""]",1,0.000244140625,False,False,,,,3.5917643362826626,0.12183619449452107,{},{}
"[1, 0, 0, 1, 0, 1, 1, 0, 1, 0, 0, 1, 1, 1, 1, 1, 1, 1]",100101101001111111,"[""100101101001111111""]",1,0.000244140625,False,False,,,,11.969578875331264,0.4239464645576327,{},{}
"[1, 0, 0, 1, 0, 1, 1, 0, 1, 0, 1, 0, 1, 1, 0, 1, 1, 1]",100101101010110111,"[""100101101010110111""]",1,0.000244140625,False,False,,,,8.731567872493656,0.30718136144212654,{},{}
"[1, 0, 0, 1, 0, 1, 1, 0, 1, 0, 1, 1, 1, 0, 0, 1, 0, 1]",100101101011100101,"[""100101101011100101""]",1,0.000244140625,False,False,,,,5.495438952409954,0.19048412764103564,{},{}
"[1, 0, 0, 1, 0, 1, 1, 0, 1, 0, 1, 1, 1, 1, 1, 0, 0, 0]",100101101011111000,"[""100101101011111000""]",1,0.000244140625,False,False,,,,9.2655059315512,0.32643556794992146,{},{}
"[1, 0, 0, 1, 0, 1, 1, 0, 1, 1, 0, 1, 1, 1, 0, 1, 0, 1]",100101101101110101,"[""100101101101110101""]",1,0.000244140625,False,False,,,,6.841577824133987,0.23902690406363042,{},{}
"[1, 0, 0, 1, 0, 1, 1, 1, 0, 0, 0, 1, 0, 0, 1, 0, 0, 1]",100101110001001001,"[""100101110001001001""]",1,0.000244140625,False,False,,,,2.8049751414743955,0.0934639865614893,{},{}
"[1, 0, 0, 1, 0, 1, 1, 1, 0, 0, 0, 1, 0, 1, 0, 1, 1, 1]",100101110001010111,"[""100101110001010111""]",1,0.000244140625,False,False,,,,7.308538944438322,0.2558658719718573,{},{}
"[1, 0, 0, 1, 0, 1, 1, 1, 0, 0, 1, 0, 0, 1, 0, 0, 0, 1]",100101110010010001,"[""100101110010010001""]",1,0.000244140625,False,False,,,,2.783919220755836,0.09270469428245134,{},{}
"[1, 0, 0, 1, 0, 1, 1, 1, 0, 0, 1, 1, 0, 1, 0, 0, 1, 1]",100101110011010011,"[""100101110011010011""]",1,0.000244140625,False,False,,,,5.2571111860535265,0.18188984979901804,{},{}
"[1, 0, 0, 1, 0, 1, 1, 1, 0, 0, 1, 1, 0, 1, 0, 1, 0, 1]",100101110011010101,"[""100101110011010101""]",1,0.000244140625,False,False,,,,5.270619371244825,0.18237696507916473,{},{}
"[1, 0, 0, 1, 0, 1, 1, 1, 0, 1, 0, 1, 0, 0, 1, 1, 0, 1]",100101110101001101,"[""100101110101001101""]",1,0.000244140625,False,False,,,,5.419350380804552,0.1877403167331572,{},{}
"[1, 0, 0, 1, 0, 1, 1, 1, 0, 1, 0, 1, 1, 0, 1, 0, 0, 1]",100101110101101001,"[""100101110101101001""]",1,0.000244140625,False,False,,,,5.386536470805323,0.18655702254999193,{},{}
"[1, 0, 0, 1, 0, 1, 1, 1, 0, 1, 1, 1, 1, 1, 1, 1, 1, 0]",100101110111111110,"[""100101110111111110""]",1,0.000244140625,False,False,,,,13.151458639333805,0.46656593447078293,{},{}
"[1, 0, 0, 1, 0, 1, 1, 1, 1, 0, 0, 0, 0, 0, 1, 0, 0, 0]",100101111000001000,"[""100101111000001000""]",1,0.000244140625,False,False,,,,7.607931662567369,0.26666219773286737,{},{}
"[1, 0, 0, 1, 0, 1, 1, 1, 1, 0, 0, 0, 0, 0, 1, 1, 1, 1]",100101111000001111,"[""100101111000001111""]",1,0.000244140625,False,False,,,,11.437553026722126,0.4047612137914925,{},{}
"[1, 0, 0, 1, 0, 1, 1, 1, 1, 0, 1, 0, 0, 0, 1, 1, 0, 0]",100101111010001100,"[""100101111010001100""]",1,0.000244140625,False,False,,,,6.091091842067668,0.2119638171853211,{},{}
"[1, 0, 0, 1, 0, 1, 1, 1, 1, 1, 0, 0, 0, 1, 0, 0, 0, 1]",100101111100010001,"[""100101111100010001""]",1,0.000244140625,False,False,,,,6.185491815929183,0.21536795097991948,{},{}
"[1, 0, 0, 1, 0, 1, 1, 1, 1, 1, 0, 1, 0, 0, 1, 0, 1, 1]",100101111101001011,"[""100101111101001011""]",1,0.000244140625,False,False,,,,8.637025999953583,0.3037721106748498,{},{}
"[1, 0, 0, 1, 0, 1, 1, 1, 1, 1, 1, 1, 1, 1, 0, 0, 1, 0]",100101111111110010,"[""100101111111110010""]",1,0.000244140625,False,False,,,,11.84664931310514,0.4195135324284032,{},{}
"[1, 0, 0, 1, 1, 0, 0, 0, 0, 0, 0, 0, 0, 0, 1, 1, 1, 1]",100110000000001111,"[""100110000000001111""]",1,0.000244140625,False,False,,,,7.534044811844045,0.2639977825298219,{},{}
"[1, 0, 0, 1, 1, 0, 0, 0, 0, 0, 0, 1, 0, 0, 0, 0, 1, 0]",100110000001000010,"[""100110000001000010""]",1,0.000244140625,False,False,,,,3.0359793894576934,0.1017941728432073,{},{}
"[1, 0, 0, 1, 1, 0, 0, 0, 0, 0, 0, 1, 1, 0, 1, 1, 0, 1]",100110000001101101,"[""100110000001101101""]",1,0.000244140625,False,False,,,,4.801251738259062,0.1654512165203627,{},{}
"[1, 0, 0, 1, 1, 0, 0, 0, 0, 0, 1, 0, 0, 0, 0, 0, 0, 1]",100110000010000001,"[""100110000010000001""]",1,0.000244140625,False,False,,,,3.044107982586099,0.10208729600245242,{},{}
"[1, 0, 0, 1, 1, 0, 0, 0, 0, 1, 0, 0, 1, 1, 0, 0, 1, 1]",100110000100110011,"[""100110000100110011""]",1,0.000244140625,False,False,,,,4.768065295127438,0.16425448851329139,{},{}
"[1, 0, 0, 1, 1, 0, 0, 0, 0, 1, 1, 0, 0, 1, 1, 0, 0, 1]",100110000110011001,"[""100110000110011001""]",1,0.000244140625,False,False,,,,4.670184745809641,0.16072484255962438,{},{}
"[1, 0, 0, 1, 1, 0, 0, 0, 0, 1, 1, 1, 0, 1, 0, 1, 0, 1]",100110000111010101,"[""100110000111010101""]",1,0.000244140625,False,False,,,,7.955758933451368,0.2792051097598998,{},{}
"[1, 0, 0, 1, 1, 0, 0, 0, 1, 0, 1, 1, 1, 0, 1, 1, 1, 0]",100110001011101110,"[""100110001011101110""]",1,0.000244140625,False,False,,,,5.2504289720120365,0.18164888415346875,{},{}
"[1, 0, 0, 1, 1, 0, 0, 0, 1, 1, 0, 0, 0, 1, 0, 1, 0, 1]",100110001100010101,"[""100110001100010101""]",1,0.000244140625,False,False,,,,2.8200890164822434,0.09400900421961945,{},{}
"[1, 0, 0, 1, 1, 0, 0, 0, 1, 1, 0, 0, 0, 1, 1, 0, 0, 0]",100110001100011000,"[""100110001100011000""]",1,0.000244140625,False,False,,,,3.4496708325369365,0.11671219627389323,{},{}
"[1, 0, 0, 1, 1, 0, 0, 0, 1, 1, 0, 0, 1, 1, 0, 1, 0, 0]",100110001100110100,"[""100110001100110100""]",1,0.000244140625,False,False,,,,2.8287679940101293,0.09432197465273183,{},{}
"[1, 0, 0, 1, 1, 0, 0, 0, 1, 1, 1, 0, 1, 1, 1, 1, 1, 1]",100110001110111111,"[""100110001110111111""]",1,0.000244140625,False,False,,,,11.836052326456771,0.41913139714917597,{},{}
"[1, 0, 0, 1, 1, 0, 0, 0, 1, 1, 1, 1, 1, 1, 1, 0, 0, 0]",100110001111111000,"[""100110001111111000""]",1,0.000244140625,False,False,,,,11.1674745137098,0.395021980233135,{},{}
"[1, 0, 0, 1, 1, 0, 0, 1, 0, 0, 0, 0, 1, 0, 1, 1, 1, 0]",100110010000101110,"[""100110010000101110""]",1,0.000244140625,False,False,,,,4.794512819199429,0.1652082060493682,{},{}
"[1, 0, 0, 1, 1, 0, 0, 1, 0, 0, 0, 1, 0, 0, 0, 0, 0, 0]",100110010001000000,"[""100110010001000000""]",1,0.000244140625,False,False,,,,3.0200762660649647,0.10122069429690733,{},{}
"[1, 0, 0, 1, 1, 0, 0, 1, 0, 0, 0, 1, 0, 0, 0, 0, 1, 0]",100110010001000010,"[""100110010001000010""]",1,0.000244140625,False,False,,,,2.266739554325685,0.0740548079704411,{},{}
"[1, 0, 0, 1, 1, 0, 0, 1, 0, 0, 0, 1, 1, 0, 0, 0, 0, 0]",100110010001100000,"[""100110010001100000""]",1,0.000244140625,False,False,,,,2.242156851844975,0.07316833729832097,{},{}
"[1, 0, 0, 1, 1, 0, 0, 1, 0, 0, 0, 1, 1, 0, 0, 0, 1, 0]",100110010001100010,"[""100110010001100010""]",1,0.000244140625,False,False,,,,1.4888201401056946,0.046002450971854715,{},{}
"[1, 0, 0, 1, 1, 0, 0, 1, 0, 0, 0, 1, 1, 1, 1, 1, 0, 0]",100110010001111100,"[""100110010001111100""]",1,0.000244140625,False,False,,,,5.998218798501453,0.2086147456413527,{},{}
"[1, 0, 0, 1, 1, 0, 0, 1, 0, 0, 1, 0, 1, 1, 0, 1, 0, 1]",100110010010110101,"[""100110010010110101""]",1,0.000244140625,False,False,,,,4.039779036211043,0.1379919402867856,{},{}
"[1, 0, 0, 1, 1, 0, 0, 1, 0, 1, 0, 0, 0, 0, 0, 1, 0, 1]",100110010100000101,"[""100110010100000101""]",1,0.000244140625,False,False,,,,3.5658816894661065,0.12090284685555723,{},{}
"[1, 0, 0, 1, 1, 0, 0, 1, 0, 1, 0, 0, 0, 0, 1, 0, 0, 1]",100110010100001001,"[""100110010100001001""]",1,0.000244140625,False,False,,,,1.4838866255297516,0.0458245447393938,{},{}
"[1, 0, 0, 1, 1, 0, 0, 1, 0, 1, 1, 0, 1, 0, 1, 1, 0, 1]",100110010110101101,"[""100110010110101101""]",1,0.000244140625,False,False,,,,5.297558021880693,0.183348393007153,{},{}
"[1, 0, 0, 1, 1, 0, 0, 1, 0, 1, 1, 0, 1, 0, 1, 1, 1, 0]",100110010110101110,"[""100110010110101110""]",1,0.000244140625,False,False,,,,5.316531565509965,0.18403259320795437,{},{}
"[1, 0, 0, 1, 1, 0, 0, 1, 0, 1, 1, 0, 1, 1, 0, 1, 1, 1]",100110010110110111,"[""100110010110110111""]",1,0.000244140625,False,False,,,,8.6295524174534,0.3035026076896804,{},{}
"[1, 0, 0, 1, 1, 0, 0, 1, 0, 1, 1, 1, 1, 0, 0, 0, 0, 0]",100110010111100000,"[""100110010111100000""]",1,0.000244140625,False,False,,,,6.710117207974857,0.23428633573696417,{},{}
"[1, 0, 0, 1, 1, 0, 0, 1, 0, 1, 1, 1, 1, 0, 0, 1, 0, 0]",100110010111100100,"[""100110010111100100""]",1,0.000244140625,False,False,,,,6.02925339332375,0.20973387638593569,{},{}
"[1, 0, 0, 1, 1, 0, 0, 1, 0, 1, 1, 1, 1, 0, 0, 1, 0, 1]",100110010111100101,"[""100110010111100101""]",1,0.000244140625,False,False,,,,7.278880683351025,0.2547963728530927,{},{}
"[1, 0, 0, 1, 1, 0, 0, 1, 0, 1, 1, 1, 1, 0, 1, 1, 1, 1]",100110010111101111,"[""100110010111101111""]",1,0.000244140625,False,False,,,,11.815681924375259,0.4183968251858726,{},{}
"[1, 0, 0, 1, 1, 0, 0, 1, 1, 0, 0, 0, 0, 1, 1, 1, 0, 1]",100110011000011101,"[""100110011000011101""]",1,0.000244140625,False,False,,,,6.041184433855956,0.21016411864786666,{},{}
"[1, 0, 0, 1, 1, 0, 0, 1, 1, 0, 1, 0, 1, 1, 1, 1, 0, 1]",100110011010111101,"[""100110011010111101""]",1,0.000244140625,False,False,,,,8.568437012441006,0.3012987403890553,{},{}
"[1, 0, 0, 1, 1, 0, 0, 1, 1, 0, 1, 1, 1, 0, 0, 0, 1, 0]",100110011011100010,"[""100110011011100010""]",1,0.000244140625,False,False,,,,4.005784423111654,0.13676606906508704,{},{}
"[1, 0, 0, 1, 1, 0, 0, 1, 1, 1, 1, 1, 1, 0, 0, 0, 0, 1]",100110011111100001,"[""100110011111100001""]",1,0.000244140625,False,False,,,,7.251792132234392,0.2538195394014425,{},{}
"[1, 0, 0, 1, 1, 0, 0, 1, 1, 1, 1, 1, 1, 0, 1, 0, 0, 1]",100110011111101001,"[""100110011111101001""]",1,0.000244140625,False,False,,,,8.49629999057459,0.298697425325797,{},{}
"[1, 0, 0, 1, 1, 0, 1, 0, 0, 0, 0, 0, 0, 0, 1, 0, 0, 1]",100110100000001001,"[""100110100000001001""]",1,0.000244140625,False,False,,,,2.29859738607995,0.07520362525567062,{},{}
"[1, 0, 0, 1, 1, 0, 1, 0, 0, 0, 0, 1, 1, 0, 0, 1, 1, 1]",100110100001100111,"[""100110100001100111""]",1,0.000244140625,False,False,,,,6.117900133027956,0.21293054424572497,{},{}
"[1, 0, 0, 1, 1, 0, 1, 0, 0, 0, 0, 1, 1, 0, 1, 0, 0, 1]",100110100001101001,"[""100110100001101001""]",1,0.000244140625,False,False,,,,2.801309877547033,0.09333181439776009,{},{}
"[1, 0, 0, 1, 1, 0, 1, 0, 0, 0, 0, 1, 1, 0, 1, 0, 1, 0]",100110100001101010,"[""100110100001101010""]",1,0.000244140625,False,False,,,,2.788200160507599,0.09285906817775554,{},{}
"[1, 0, 0, 1, 1, 0, 1, 0, 0, 0, 1, 0, 0, 1, 1, 1, 0, 0]",100110100010011100,"[""100110100010011100""]",1,0.000244140625,False,False,,,,2.7404448456336308,0.0911369757386978,{},{}
"[1, 0, 0, 1, 1, 0, 1, 0, 0, 0, 1, 1, 1, 0, 1, 1, 0, 1]",100110100011101101,"[""100110100011101101""]",1,0.000244140625,False,False,,,,5.321606112329981,0.18421558516881686,{},{}
"[1, 0, 0, 1, 1, 0, 1, 0, 0, 0, 1, 1, 1, 1, 1, 1, 1, 1]",100110100011111111,"[""100110100011111111""]",1,0.000244140625,False,False,,,,11.828990684719802,0.41887674905660943,{},{}
"[1, 0, 0, 1, 1, 0, 1, 0, 0, 1, 0, 0, 0, 1, 1, 0, 0, 0]",100110100100011000,"[""100110100100011000""]",1,0.000244140625,False,False,,,,3.5028904231292293,0.11863133458992375,{},{}
"[1, 0, 0, 1, 1, 0, 1, 0, 0, 1, 0, 1, 1, 0, 1, 1, 0, 1]",100110100101101101,"[""100110100101101101""]",1,0.000244140625,False,False,,,,5.469146984259671,0.18953601956805907,{},{}
"[1, 0, 0, 1, 1, 0, 1, 0, 0, 1, 0, 1, 1, 1, 0, 1, 0, 0]",100110100101110100,"[""100110100101110100""]",1,0.000244140625,False,False,,,,4.15781480300155,0.1422483984855172,{},{}
"[1, 0, 0, 1, 1, 0, 1, 0, 1, 0, 0, 0, 0, 0, 1, 1, 1, 0]",100110101000001110,"[""100110101000001110""]",1,0.000244140625,False,False,,,,4.804624314467382,0.1655728341456223,{},{}
"[1, 0, 0, 1, 1, 0, 1, 0, 1, 0, 0, 0, 0, 1, 0, 0, 1, 1]",100110101000010011,"[""100110101000010011""]",1,0.000244140625,False,False,,,,4.82400052333284,0.16627155475657143,{},{}
"[1, 0, 0, 1, 1, 0, 1, 0, 1, 0, 0, 1, 0, 0, 0, 0, 0, 0]",100110101001000000,"[""100110101001000000""]",1,0.000244140625,False,False,,,,4.308678263723418,0.1476886479263356,{},{}
"[1, 0, 0, 1, 1, 0, 1, 0, 1, 0, 0, 1, 1, 1, 1, 0, 1, 0]",100110101001111010,"[""100110101001111010""]",1,0.000244140625,False,False,,,,7.260546357026012,0.25413522330727045,{},{}
"[1, 0, 0, 1, 1, 0, 1, 0, 1, 0, 1, 0, 0, 1, 0, 1, 1, 1]",100110101010010111,"[""100110101010010111""]",1,0.000244140625,False,False,,,,7.349594640702451,0.2573463711435892,{},{}
"[1, 0, 0, 1, 1, 0, 1, 0, 1, 0, 1, 0, 0, 1, 1, 0, 0, 1]",100110101010011001,"[""100110101010011001""]",1,0.000244140625,False,False,,,,3.989660073844714,0.13618461294799086,{},{}
"[1, 0, 0, 1, 1, 0, 1, 0, 1, 0, 1, 1, 0, 0, 1, 0, 0, 1]",100110101011001001,"[""100110101011001001""]",1,0.000244140625,False,False,,,,4.005734870652245,0.13676428216626937,{},{}
"[1, 0, 0, 1, 1, 0, 1, 0, 1, 0, 1, 1, 0, 1, 0, 0, 1, 1]",100110101011010011,"[""100110101011010011""]",1,0.000244140625,False,False,,,,5.277950253966704,0.18264132220339865,{},{}
"[1, 0, 0, 1, 1, 0, 1, 0, 1, 1, 0, 0, 0, 1, 0, 1, 0, 1]",100110101100010101,"[""100110101100010101""]",1,0.000244140625,False,False,,,,4.153345789407163,0.14208724250651777,{},{}
"[1, 0, 0, 1, 1, 0, 1, 0, 1, 1, 0, 1, 0, 1, 1, 1, 1, 0]",100110101101011110,"[""100110101101011110""]",1,0.000244140625,False,False,,,,6.55566973714245,0.22871684420593752,{},{}
"[1, 0, 0, 1, 1, 0, 1, 0, 1, 1, 1, 0, 1, 0, 0, 0, 1, 1]",100110101110100011,"[""100110101110100011""]",1,0.000244140625,False,False,,,,5.39120797290111,0.18672548041608344,{},{}
"[1, 0, 0, 1, 1, 0, 1, 0, 1, 1, 1, 1, 1, 0, 1, 0, 1, 1]",100110101111101011,"[""100110101111101011""]",1,0.000244140625,False,False,,,,9.84575131836684,0.3473596513963491,{},{}
"[1, 0, 0, 1, 1, 0, 1, 1, 0, 0, 0, 0, 0, 0, 1, 0, 1, 1]",100110110000001011,"[""100110110000001011""]",1,0.000244140625,False,False,,,,4.759418760515622,0.16394268799604308,{},{}
"[1, 0, 0, 1, 1, 0, 1, 1, 0, 0, 0, 1, 1, 1, 0, 0, 0, 1]",100110110001110001,"[""100110110001110001""]",1,0.000244140625,False,False,,,,3.9954988531340065,0.1363951637043612,{},{}
"[1, 0, 0, 1, 1, 0, 1, 1, 0, 0, 1, 1, 0, 0, 0, 1, 1, 0]",100110110011000110,"[""100110110011000110""]",1,0.000244140625,False,False,,,,6.045845153840168,0.21033218770293538,{},{}
"[1, 0, 0, 1, 1, 0, 1, 1, 0, 0, 1, 1, 0, 1, 1, 0, 1, 1]",100110110011011011,"[""100110110011011011""]",1,0.000244140625,False,False,,,,6.533170630310389,0.22790550955421765,{},{}
"[1, 0, 0, 1, 1, 0, 1, 1, 0, 1, 0, 0, 1, 1, 1, 1, 1, 0]",100110110100111110,"[""100110110100111110""]",1,0.000244140625,False,False,,,,8.691648172740752,0.30574182715583076,{},{}
"[1, 0, 0, 1, 1, 0, 1, 1, 0, 1, 0, 1, 1, 0, 1, 0, 1, 1]",100110110101101011,"[""100110110101101011""]",1,0.000244140625,False,False,,,,6.566810609657077,0.2291185924170545,{},{}
"[1, 0, 0, 1, 1, 0, 1, 1, 0, 1, 1, 0, 1, 0, 1, 1, 0, 0]",100110110110101100,"[""100110110110101100""]",1,0.000244140625,False,False,,,,5.415149822741709,0.18758884146178822,{},{}
"[1, 0, 0, 1, 1, 0, 1, 1, 1, 0, 0, 0, 0, 1, 0, 0, 0, 0]",100110111000010000,"[""100110111000010000""]",1,0.000244140625,False,False,,,,7.545957703328723,0.2644273703234994,{},{}
"[1, 0, 0, 1, 1, 0, 1, 1, 1, 0, 0, 1, 1, 1, 0, 1, 0, 0]",100110111001110100,"[""100110111001110100""]",1,0.000244140625,False,False,,,,7.3337631539166,0.256775475867013,{},{}
"[1, 0, 0, 1, 1, 0, 1, 1, 1, 0, 1, 1, 1, 0, 0, 1, 1, 0]",100110111011100110,"[""100110111011100110""]",1,0.000244140625,False,False,,,,8.627497689522976,0.3034285126608309,{},{}
"[1, 0, 0, 1, 1, 0, 1, 1, 1, 0, 1, 1, 1, 1, 1, 0, 0, 0]",100110111011111000,"[""100110111011111000""]",1,0.000244140625,False,False,,,,12.526741619443726,0.4440381706115645,{},{}
"[1, 0, 0, 1, 1, 0, 1, 1, 1, 0, 1, 1, 1, 1, 1, 0, 1, 1]",100110111011111011,"[""100110111011111011""]",1,0.000244140625,False,False,,,,13.12005699826771,0.4654335677636082,{},{}
"[1, 0, 0, 1, 1, 0, 1, 1, 1, 1, 0, 0, 0, 0, 1, 0, 0, 1]",100110111100001001,"[""100110111100001001""]",1,0.000244140625,False,False,,,,6.062287163152881,0.21092509887931576,{},{}
"[1, 0, 0, 1, 1, 0, 1, 1, 1, 1, 0, 1, 0, 0, 1, 0, 0, 0]",100110111101001000,"[""100110111101001000""]",1,0.000244140625,False,False,,,,8.018371901484125,0.28146298030521477,{},{}
"[1, 0, 0, 1, 1, 0, 1, 1, 1, 1, 0, 1, 0, 1, 0, 1, 0, 1]",100110111101010101,"[""100110111101010101""]",1,0.000244140625,False,False,,,,8.608524145893703,0.30274431246002953,{},{}
"[1, 0, 0, 1, 1, 0, 1, 1, 1, 1, 1, 0, 0, 0, 0, 1, 1, 1]",100110111110000111,"[""100110111110000111""]",1,0.000244140625,False,False,,,,12.682884525109712,0.4496688007931377,{},{}
"[1, 0, 0, 1, 1, 0, 1, 1, 1, 1, 1, 0, 1, 0, 1, 1, 0, 1]",100110111110101101,"[""100110111110101101""]",1,0.000244140625,False,False,,,,9.976222661992086,0.3520645458141475,{},{}
"[1, 0, 0, 1, 1, 0, 1, 1, 1, 1, 1, 1, 1, 0, 0, 0, 1, 0]",100110111111100010,"[""100110111111100010""]",1,0.000244140625,False,False,,,,10.601140142943908,0.3745995384494648,{},{}
"[1, 0, 0, 1, 1, 1, 0, 0, 0, 0, 0, 0, 0, 1, 0, 0, 1, 1]",100111000000010011,"[""100111000000010011""]",1,0.000244140625,False,False,,,,7.6211855900741945,0.26714014429038796,{},{}
"[1, 0, 0, 1, 1, 1, 0, 0, 0, 0, 0, 0, 1, 0, 1, 1, 0, 0]",100111000000101100,"[""100111000000101100""]",1,0.000244140625,False,False,,,,7.594840765356838,0.26619013016999543,{},{}
"[1, 0, 0, 1, 1, 1, 0, 0, 0, 0, 1, 0, 0, 0, 0, 0, 0, 0]",100111000010000000,"[""100111000010000000""]",1,0.000244140625,False,False,,,,7.0541888602295675,0.24669381734201007,{},{}
"[1, 0, 0, 1, 1, 1, 0, 0, 0, 0, 1, 1, 0, 1, 1, 0, 1, 0]",100111000011011010,"[""100111000011011010""]",1,0.000244140625,False,False,,,,7.985967865637463,0.2802944664911239,{},{}
"[1, 0, 0, 1, 1, 1, 0, 0, 0, 1, 0, 1, 1, 0, 1, 1, 1, 0]",100111000101101110,"[""100111000101101110""]",1,0.000244140625,False,False,,,,9.335613617162373,0.32896370362716415,{},{}
"[1, 0, 0, 1, 1, 1, 0, 0, 1, 0, 0, 1, 1, 0, 1, 1, 1, 0]",100111001001101110,"[""100111001001101110""]",1,0.000244140625,False,False,,,,7.330587978588156,0.25666097666540105,{},{}
"[1, 0, 0, 1, 1, 1, 0, 0, 1, 0, 1, 0, 0, 0, 0, 0, 1, 1]",100111001010000011,"[""100111001010000011""]",1,0.000244140625,False,False,,,,6.929057081721811,0.2421814716434684,{},{}
"[1, 0, 0, 1, 1, 1, 0, 0, 1, 0, 1, 0, 1, 1, 0, 0, 1, 1]",100111001010110011,"[""100111001010110011""]",1,0.000244140625,False,False,,,,7.410846943695146,0.2595551750879663,{},{}
"[1, 0, 0, 1, 1, 1, 0, 0, 1, 0, 1, 1, 0, 0, 0, 0, 1, 0]",100111001011000010,"[""100111001011000010""]",1,0.000244140625,False,False,,,,6.796078586171717,0.23738616744856467,{},{}
"[1, 0, 0, 1, 1, 1, 0, 0, 1, 0, 1, 1, 1, 0, 0, 0, 0, 1]",100111001011100001,"[""100111001011100001""]",1,0.000244140625,False,False,,,,6.094820519901189,0.2120982761020246,{},{}
"[1, 0, 0, 1, 1, 1, 0, 0, 1, 0, 1, 1, 1, 1, 0, 0, 0, 0]",100111001011110000,"[""100111001011110000""]",1,0.000244140625,False,False,,,,7.980239598758229,0.280087900895071,{},{}
"[1, 0, 0, 1, 1, 1, 0, 0, 1, 1, 0, 0, 1, 1, 1, 0, 1, 1]",100111001100111011,"[""100111001100111011""]",1,0.000244140625,False,False,,,,10.632610770799522,0.37573439287196375,{},{}
"[1, 0, 0, 1, 1, 1, 0, 0, 1, 1, 1, 1, 0, 1, 1, 0, 1, 1]",100111001111011011,"[""100111001111011011""]",1,0.000244140625,False,False,,,,11.845271797708866,0.41946385819099385,{},{}
"[1, 0, 0, 1, 1, 1, 0, 1, 0, 0, 0, 0, 0, 0, 1, 1, 1, 0]",100111010000001110,"[""100111010000001110""]",1,0.000244140625,False,False,,,,6.787106829465015,0.23706263917887466,{},{}
"[1, 0, 0, 1, 1, 1, 0, 1, 0, 0, 1, 0, 0, 0, 1, 1, 1, 1]",100111010010001111,"[""100111010010001111""]",1,0.000244140625,False,False,,,,9.339242428229346,0.3290945612734323,{},{}
"[1, 0, 0, 1, 1, 1, 0, 1, 0, 0, 1, 0, 0, 1, 1, 0, 1, 0]",100111010010011010,"[""100111010010011010""]",1,0.000244140625,False,False,,,,6.062897498062687,0.21094710801350833,{},{}
"[1, 0, 0, 1, 1, 1, 0, 1, 0, 0, 1, 1, 0, 0, 0, 0, 0, 1]",100111010011000001,"[""100111010011000001""]",1,0.000244140625,False,False,,,,6.778392421734223,0.23674839110609638,{},{}
"[1, 0, 0, 1, 1, 1, 0, 1, 0, 1, 0, 1, 0, 1, 1, 1, 1, 1]",100111010101011111,"[""100111010101011111""]",1,0.000244140625,False,False,,,,11.858761960317196,0.41995032356329376,{},{}
"[1, 0, 0, 1, 1, 1, 0, 1, 0, 1, 1, 1, 0, 0, 1, 1, 1, 0]",100111010111001110,"[""100111010111001110""]",1,0.000244140625,False,False,,,,10.527968952751081,0.37196093050141815,{},{}
"[1, 0, 0, 1, 1, 1, 0, 1, 1, 0, 0, 1, 0, 0, 1, 0, 0, 0]",100111011001001000,"[""100111011001001000""]",1,0.000244140625,False,False,,,,6.790514472627528,0.23718552134477927,{},{}
"[1, 0, 0, 1, 1, 1, 0, 1, 1, 0, 0, 1, 1, 0, 1, 0, 0, 1]",100111011001101001,"[""100111011001101001""]",1,0.000244140625,False,False,,,,7.357050194005502,0.2576152239824001,{},{}
"[1, 0, 0, 1, 1, 1, 0, 1, 1, 0, 1, 1, 0, 0, 0, 0, 0, 1]",100111011011000001,"[""100111011011000001""]",1,0.000244140625,False,False,,,,8.115000497637514,0.2849474798896416,{},{}
"[1, 0, 0, 1, 1, 1, 0, 1, 1, 1, 0, 1, 0, 0, 0, 1, 0, 1]",100111011101000101,"[""100111011101000101""]",1,0.000244140625,False,False,,,,9.406014039649529,0.3315023956155126,{},{}
"[1, 0, 0, 1, 1, 1, 0, 1, 1, 1, 0, 1, 0, 1, 1, 1, 0, 0]",100111011101011100,"[""100111011101011100""]",1,0.000244140625,False,False,,,,8.541385332331153,0.30032323653353826,{},{}
"[1, 0, 0, 1, 1, 1, 0, 1, 1, 1, 1, 0, 0, 1, 1, 0, 1, 0]",100111011110011010,"[""100111011110011010""]",1,0.000244140625,False,False,,,,8.574892813421812,0.30153154140997723,{},{}
"[1, 0, 0, 1, 1, 1, 0, 1, 1, 1, 1, 0, 0, 1, 1, 1, 1, 0]",100111011110011110,"[""100111011110011110""]",1,0.000244140625,False,False,,,,9.871246823250713,0.3482790384071216,{},{}
"[1, 0, 0, 1, 1, 1, 0, 1, 1, 1, 1, 0, 1, 0, 0, 1, 1, 0]",100111011110100110,"[""100111011110100110""]",1,0.000244140625,False,False,,,,8.6762374670863,0.30518610556215864,{},{}
"[1, 0, 0, 1, 1, 1, 0, 1, 1, 1, 1, 1, 0, 0, 0, 0, 0, 0]",100111011111000000,"[""100111011111000000""]",1,0.000244140625,False,False,,,,12.008420980504553,0.4253471399759089,{},{}
"[1, 0, 0, 1, 1, 1, 1, 0, 0, 0, 0, 0, 1, 1, 0, 0, 0, 0]",100111100000110000,"[""100111100000110000""]",1,0.000244140625,False,False,,,,7.571240442204111,0.265339084832573,{},{}
"[1, 0, 0, 1, 1, 1, 1, 0, 0, 0, 0, 0, 1, 1, 1, 1, 0, 1]",100111100000111101,"[""100111100000111101""]",1,0.000244140625,False,False,,,,11.420854445044043,0.40415905042335837,{},{}
"[1, 0, 0, 1, 1, 1, 1, 0, 0, 0, 0, 1, 0, 0, 1, 1, 0, 0]",100111100001001100,"[""100111100001001100""]",1,0.000244140625,False,False,,,,4.8284096325047345,0.16643055053720734,{},{}
"[1, 0, 0, 1, 1, 1, 1, 0, 0, 0, 0, 1, 1, 1, 0, 0, 1, 0]",100111100001110010,"[""100111100001110010""]",1,0.000244140625,False,False,,,,6.026818320872989,0.20964606584867757,{},{}
"[1, 0, 0, 1, 1, 1, 1, 0, 0, 0, 1, 1, 0, 0, 0, 1, 0, 1]",100111100011000101,"[""100111100011000101""]",1,0.000244140625,False,False,,,,8.08026156323267,0.2836947678839227,{},{}
"[1, 0, 0, 1, 1, 1, 1, 0, 0, 0, 1, 1, 1, 1, 0, 0, 0, 0]",100111100011110000,"[""100111100011110000""]",1,0.000244140625,False,False,,,,7.9781189254923195,0.2800114278280088,{},{}
"[1, 0, 0, 1, 1, 1, 1, 0, 0, 1, 0, 0, 1, 1, 1, 0, 1, 0]",100111100100111010,"[""100111100100111010""]",1,0.000244140625,False,False,,,,9.325041315127201,0.32858245849358575,{},{}
"[1, 0, 0, 1, 1, 1, 1, 0, 0, 1, 0, 1, 1, 0, 0, 0, 0, 1]",100111100101100001,"[""100111100101100001""]",1,0.000244140625,False,False,,,,6.172206349643141,0.2148888671103873,{},{}
"[1, 0, 0, 1, 1, 1, 1, 0, 0, 1, 1, 0, 0, 1, 0, 1, 1, 0]",100111100110010110,"[""100111100110010110""]",1,0.000244140625,False,False,,,,7.371615490057222,0.2581404594723032,{},{}
"[1, 0, 0, 1, 1, 1, 1, 0, 1, 0, 0, 0, 0, 0, 1, 1, 1, 1]",100111101000001111,"[""100111101000001111""]",1,0.000244140625,False,False,,,,11.456230365251796,0.40543473261444557,{},{}
"[1, 0, 0, 1, 1, 1, 1, 0, 1, 0, 0, 0, 1, 0, 0, 1, 0, 0]",100111101000100100,"[""100111101000100100""]",1,0.000244140625,False,False,,,,7.004373898429497,0.24489745249143272,{},{}
"[1, 0, 0, 1, 1, 1, 1, 0, 1, 0, 0, 1, 1, 0, 0, 1, 0, 0]",100111101001100100,"[""100111101001100100""]",1,0.000244140625,False,False,,,,6.200055505792372,0.21589312854946058,{},{}
"[1, 0, 0, 1, 1, 1, 1, 0, 1, 0, 1, 0, 0, 0, 1, 1, 0, 1]",100111101010001101,"[""100111101010001101""]",1,0.000244140625,False,False,,,,7.41686963913596,0.25977235799857523,{},{}
"[1, 0, 0, 1, 1, 1, 1, 0, 1, 0, 1, 0, 1, 1, 0, 0, 0, 0]",100111101010110000,"[""100111101010110000""]",1,0.000244140625,False,False,,,,8.083131869895734,0.2837982732930125,{},{}
"[1, 0, 0, 1, 1, 1, 1, 0, 1, 0, 1, 1, 1, 0, 0, 0, 1, 1]",100111101011100011,"[""100111101011100011""]",1,0.000244140625,False,False,,,,8.669085702392564,0.30492820756823885,{},{}
"[1, 0, 0, 1, 1, 1, 1, 0, 1, 1, 0, 1, 1, 1, 1, 1, 0, 0]",100111101101111100,"[""100111101101111100""]",1,0.000244140625,False,False,,,,11.97996156638611,0.42432087217717857,{},{}
"[1, 0, 0, 1, 1, 1, 1, 0, 1, 1, 1, 0, 0, 0, 1, 1, 1, 0]",100111101110001110,"[""100111101110001110""]",1,0.000244140625,False,False,,,,8.631974922020548,0.3035899650196379,{},{}
"[1, 0, 0, 1, 1, 1, 1, 0, 1, 1, 1, 0, 0, 0, 1, 1, 1, 1]",100111101110001111,"[""100111101110001111""]",1,0.000244140625,False,False,,,,11.982886421038673,0.4244263446276443,{},{}
"[1, 0, 0, 1, 1, 1, 1, 1, 0, 0, 0, 0, 0, 0, 1, 1, 1, 1]",100111110000001111,"[""100111110000001111""]",1,0.000244140625,False,False,,,,11.369059792746167,0.4022912964499799,{},{}
"[1, 0, 0, 1, 1, 1, 1, 1, 0, 0, 0, 1, 0, 1, 0, 0, 0, 0]",100111110001010000,"[""100111110001010000""]",1,0.000244140625,False,False,,,,6.7394775813080905,0.23534509280009966,{},{}
"[1, 0, 0, 1, 1, 1, 1, 1, 0, 0, 0, 1, 0, 1, 0, 1, 1, 0]",100111110001010110,"[""100111110001010110""]",1,0.000244140625,False,False,,,,7.309876780277925,0.25591411533471986,{},{}
"[1, 0, 0, 1, 1, 1, 1, 1, 0, 0, 1, 1, 0, 1, 1, 0, 1, 1]",100111110011011011,"[""100111110011011011""]",1,0.000244140625,False,False,,,,9.851793119414818,0.34757752326946884,{},{}
"[1, 0, 0, 1, 1, 1, 1, 1, 0, 1, 0, 0, 0, 0, 0, 0, 0, 1]",100111110100000001,"[""100111110100000001""]",1,0.000244140625,False,False,,,,6.873782495671335,0.2401882286513369,{},{}
"[1, 0, 0, 1, 1, 1, 1, 1, 0, 1, 0, 0, 0, 0, 1, 1, 1, 0]",100111110100001110,"[""100111110100001110""]",1,0.000244140625,False,False,,,,7.3616234813840915,0.2577801401521938,{},{}
"[1, 0, 0, 1, 1, 1, 1, 1, 0, 1, 0, 0, 0, 1, 1, 0, 0, 0]",100111110100011000,"[""100111110100011000""]",1,0.000244140625,False,False,,,,8.014918400042312,0.2813384444553954,{},{}
"[1, 0, 0, 1, 1, 1, 1, 1, 0, 1, 1, 0, 1, 0, 0, 1, 0, 0]",100111110110100100,"[""100111110110100100""]",1,0.000244140625,False,False,,,,7.456924986944422,0.26121678385540026,{},{}
"[1, 0, 0, 1, 1, 1, 1, 1, 0, 1, 1, 1, 1, 0, 1, 0, 0, 1]",100111110111101001,"[""100111110111101001""]",1,0.000244140625,False,False,,,,11.84607237264567,0.4194927275231134,{},{}
"[1, 0, 0, 1, 1, 1, 1, 1, 0, 1, 1, 1, 1, 1, 1, 1, 1, 0]",100111110111111110,"[""100111110111111110""]",1,0.000244140625,False,False,,,,16.492294045090066,0.5870389626054027,{},{}
"[1, 0, 0, 1, 1, 1, 1, 1, 1, 0, 0, 0, 0, 0, 0, 1, 0, 1]",100111111000000101,"[""100111111000000101""]",1,0.000244140625,False,False,,,,12.238909847537201,0.4336587412343537,{},{}
"[1, 0, 0, 1, 1, 1, 1, 1, 1, 0, 0, 0, 1, 0, 0, 1, 0, 1]",100111111000100101,"[""100111111000100101""]",1,0.000244140625,False,False,,,,11.555810180321084,0.40902565536442964,{},{}
"[1, 0, 0, 1, 1, 1, 1, 1, 1, 0, 1, 0, 1, 0, 0, 0, 1, 1]",100111111010100011,"[""100111111010100011""]",1,0.000244140625,False,False,,,,10.73514904308374,0.3794319998059922,{},{}
"[1, 0, 0, 1, 1, 1, 1, 1, 1, 0, 1, 1, 0, 1, 0, 1, 1, 0]",100111111011010110,"[""100111111011010110""]",1,0.000244140625,False,False,,,,11.896941932656585,0.42132712197542055,{},{}
"[1, 0, 0, 1, 1, 1, 1, 1, 1, 0, 1, 1, 1, 0, 0, 0, 0, 1]",100111111011100001,"[""100111111011100001""]",1,0.000244140625,False,False,,,,10.652891147525235,0.3764657184534778,{},{}
"[1, 0, 0, 1, 1, 1, 1, 1, 1, 1, 0, 0, 0, 1, 1, 0, 1, 0]",100111111100011010,"[""100111111100011010""]",1,0.000244140625,False,False,,,,10.594273031191149,0.3743519052538969,{},{}
"[1, 0, 0, 1, 1, 1, 1, 1, 1, 1, 0, 1, 0, 0, 0, 0, 1, 1]",100111111101000011,"[""100111111101000011""]",1,0.000244140625,False,False,,,,12.680030898531559,0.4495658968804088,{},{}
"[1, 0, 0, 1, 1, 1, 1, 1, 1, 1, 0, 1, 1, 1, 0, 0, 1, 1]",100111111101110011,"[""100111111101110011""]",1,0.000244140625,False,False,,,,13.25274619372832,0.47021843958050263,{},{}
"[1, 0, 0, 1, 1, 1, 1, 1, 1, 1, 1, 0, 1, 0, 0, 0, 0, 0]",100111111110100000,"[""100111111110100000""]",1,0.000244140625,False,False,,,,11.412418551740945,0.4038548457895432,{},{}
"[1, 0, 0, 1, 1, 1, 1, 1, 1, 1, 1, 0, 1, 0, 1, 1, 0, 1]",100111111110101101,"[""100111111110101101""]",1,0.000244140625,False,False,,,,13.340846745689882,0.4733954115010149,{},{}
"[1, 0, 0, 1, 1, 1, 1, 1, 1, 1, 1, 1, 0, 0, 0, 0, 1, 0]",100111111111000010,"[""100111111111000010""]",1,0.000244140625,False,False,,,,14.600729394611308,0.5188277238945886,{},{}
"[1, 0, 0, 1, 1, 1, 1, 1, 1, 1, 1, 1, 1, 1, 0, 0, 1, 0]",100111111111110010,"[""100111111111110010""]",1,0.000244140625,False,False,,,,15.187484718861397,0.5399865605630229,{},{}
"[1, 0, 1, 0, 0, 0, 0, 0, 0, 0, 0, 0, 0, 1, 0, 0, 1, 0]",101000000000010010,"[""101000000000010010""]",1,0.000244140625,False,False,,,,3.8326904200926313,0.13052416961092217,{},{}
"[1, 0, 1, 0, 0, 0, 0, 0, 0, 0, 1, 1, 0, 0, 0, 1, 0, 1]",101000000011000101,"[""101000000011000101""]",1,0.000244140625,False,False,,,,6.26425539548935,0.21820822467912238,{},{}
"[1, 0, 1, 0, 0, 0, 0, 0, 0, 0, 1, 1, 1, 0, 1, 1, 0, 0]",101000000011101100,"[""101000000011101100""]",1,0.000244140625,False,False,,,,5.5569379116367354,0.19270182619404197,{},{}
"[1, 0, 1, 0, 0, 0, 0, 0, 0, 1, 0, 1, 1, 1, 0, 0, 1, 1]",101000000101110011,"[""101000000101110011""]",1,0.000244140625,False,False,,,,6.677709780366858,0.2331176996134179,{},{}
"[1, 0, 1, 0, 0, 0, 0, 0, 0, 1, 1, 0, 0, 0, 1, 1, 1, 1]",101000000110001111,"[""101000000110001111""]",1,0.000244140625,False,False,,,,8.704067326945927,0.30618967116256934,{},{}
"[1, 0, 1, 0, 0, 0, 0, 0, 0, 1, 1, 0, 0, 1, 1, 1, 0, 0]",101000000110011100,"[""101000000110011100""]",1,0.000244140625,False,False,,,,5.452433987862158,0.18893333639434085,{},{}
"[1, 0, 1, 0, 0, 0, 0, 0, 0, 1, 1, 0, 1, 0, 0, 0, 0, 0]",101000000110100000,"[""101000000110100000""]",1,0.000244140625,False,False,,,,5.001327665473258,0.1726661043794908,{},{}
"[1, 0, 1, 0, 0, 0, 0, 0, 0, 1, 1, 1, 1, 1, 1, 0, 0, 0]",101000000111111000,"[""101000000111111000""]",1,0.000244140625,False,False,,,,12.698600307417792,0.45023552367954406,{},{}
"[1, 0, 1, 0, 0, 0, 0, 0, 1, 0, 0, 0, 1, 0, 1, 0, 0, 1]",101000001000101001,"[""101000001000101001""]",1,0.000244140625,False,False,,,,4.409717364589242,0.1513321936156359,{},{}
"[1, 0, 1, 0, 0, 0, 0, 0, 1, 1, 1, 0, 0, 0, 0, 0, 1, 0]",101000001110000010,"[""101000001110000010""]",1,0.000244140625,False,False,,,,4.223043687068664,0.14460060092322707,{},{}
"[1, 0, 1, 0, 0, 0, 0, 0, 1, 1, 1, 0, 0, 1, 0, 1, 1, 0]",101000001110010110,"[""101000001110010110""]",1,0.000244140625,False,False,,,,4.6638924680418015,0.16049793830829562,{},{}
"[1, 0, 1, 0, 0, 0, 0, 0, 1, 1, 1, 0, 1, 0, 0, 1, 0, 1]",101000001110100101,"[""101000001110100101""]",1,0.000244140625,False,False,,,,4.794395837634458,0.16520398760647703,{},{}
"[1, 0, 1, 0, 0, 0, 0, 0, 1, 1, 1, 1, 0, 0, 1, 1, 0, 1]",101000001111001101,"[""101000001111001101""]",1,0.000244140625,False,False,,,,8.038977938001414,0.2822060494228412,{},{}
"[1, 0, 1, 0, 0, 0, 0, 1, 0, 0, 0, 1, 1, 1, 1, 0, 1, 0]",101000010001111010,"[""101000010001111010""]",1,0.000244140625,False,False,,,,6.785596570705771,0.23700817811632738,{},{}
"[1, 0, 1, 0, 0, 0, 0, 1, 0, 0, 1, 1, 0, 1, 0, 0, 1, 1]",101000010011010011,"[""101000010011010011""]",1,0.000244140625,False,False,,,,4.772523200427029,0.16441524391885665,{},{}
"[1, 0, 1, 0, 0, 0, 0, 1, 0, 1, 1, 1, 0, 0, 1, 0, 0, 0]",101000010111001000,"[""101000010111001000""]",1,0.000244140625,False,False,,,,7.5163616301349325,0.26336011374677415,{},{}
"[1, 0, 1, 0, 0, 0, 0, 1, 1, 0, 0, 0, 0, 1, 0, 0, 0, 1]",101000011000010001,"[""101000011000010001""]",1,0.000244140625,False,False,,,,4.35862234906192,0.14948966906846553,{},{}
"[1, 0, 1, 0, 0, 0, 0, 1, 1, 0, 0, 1, 0, 1, 0, 1, 0, 0]",101000011001010100,"[""101000011001010100""]",1,0.000244140625,False,False,,,,3.506210929222548,0.11875107452781843,{},{}
"[1, 0, 1, 0, 0, 0, 0, 1, 1, 0, 1, 0, 0, 0, 0, 1, 1, 0]",101000011010000110,"[""101000011010000110""]",1,0.000244140625,False,False,,,,5.515834730499003,0.19121961468218587,{},{}
"[1, 0, 1, 0, 0, 0, 0, 1, 1, 0, 1, 1, 1, 1, 0, 1, 0, 1]",101000011011110101,"[""101000011011110101""]",1,0.000244140625,False,False,,,,7.230364671794954,0.2530468491216621,{},{}
"[1, 0, 1, 0, 0, 0, 0, 1, 1, 1, 0, 0, 1, 1, 0, 0, 1, 0]",101000011100110010,"[""101000011100110010""]",1,0.000244140625,False,False,,,,4.707554567137895,0.1620724263192156,{},{}
"[1, 0, 1, 0, 0, 0, 0, 1, 1, 1, 1, 0, 1, 0, 1, 0, 1, 0]",101000011110101010,"[""101000011110101010""]",1,0.000244140625,False,False,,,,5.967165706432278,0.2074949478721867,{},{}
"[1, 0, 1, 0, 0, 0, 0, 1, 1, 1, 1, 1, 1, 0, 0, 0, 0, 1]",101000011111100001,"[""101000011111100001""]",1,0.000244140625,False,False,,,,7.974132910760882,0.27986768914993504,{},{}
"[1, 0, 1, 0, 0, 0, 1, 0, 0, 0, 0, 0, 1, 0, 0, 0, 1, 1]",101000100000100011,"[""101000100000100011""]",1,0.000244140625,False,False,,,,4.29994674145316,0.14737378269043966,{},{}
"[1, 0, 1, 0, 0, 0, 1, 0, 0, 0, 0, 0, 1, 0, 0, 1, 0, 1]",101000100000100101,"[""101000100000100101""]",1,0.000244140625,False,False,,,,4.40151895893709,0.15103655296447155,{},{}
"[1, 0, 1, 0, 0, 0, 1, 0, 0, 0, 1, 0, 0, 1, 0, 0, 0, 1]",101000100010010001,"[""101000100010010001""]",1,0.000244140625,False,False,,,,2.223761557524773,0.0725049892009068,{},{}
"[1, 0, 1, 0, 0, 0, 1, 0, 0, 0, 1, 1, 0, 1, 1, 0, 0, 0]",101000100011011000,"[""101000100011011000""]",1,0.000244140625,False,False,,,,5.514166789269081,0.19115946747158905,{},{}
"[1, 0, 1, 0, 0, 0, 1, 0, 0, 1, 0, 1, 1, 1, 0, 0, 1, 1]",101000100101110011,"[""101000100101110011""]",1,0.000244140625,False,False,,,,5.976014641983155,0.20781404711896354,{},{}
"[1, 0, 1, 0, 0, 0, 1, 0, 0, 1, 1, 1, 0, 1, 1, 0, 0, 0]",101000100111011000,"[""101000100111011000""]",1,0.000244140625,False,False,,,,8.725467552861918,0.3069613793450265,{},{}
"[1, 0, 1, 0, 0, 0, 1, 0, 0, 1, 1, 1, 0, 1, 1, 0, 0, 1]",101000100111011001,"[""101000100111011001""]",1,0.000244140625,False,False,,,,7.956417504359521,0.2792288583203377,{},{}
"[1, 0, 1, 0, 0, 0, 1, 0, 0, 1, 1, 1, 1, 0, 0, 0, 0, 1]",101000100111100001,"[""101000100111100001""]",1,0.000244140625,False,False,,,,6.752838940822199,0.23582691343630535,{},{}
"[1, 0, 1, 0, 0, 0, 1, 0, 0, 1, 1, 1, 1, 1, 0, 0, 0, 1]",101000100111110001,"[""101000100111110001""]",1,0.000244140625,False,False,,,,7.938095068789657,0.2785681375640563,{},{}
"[1, 0, 1, 0, 0, 0, 1, 0, 1, 0, 1, 0, 0, 0, 1, 0, 1, 1]",101000101010001011,"[""101000101010001011""]",1,0.000244140625,False,False,,,,4.777426380107912,0.16459205625227072,{},{}
"[1, 0, 1, 0, 0, 0, 1, 0, 1, 0, 1, 0, 1, 1, 1, 1, 0, 0]",101000101010111100,"[""101000101010111100""]",1,0.000244140625,False,False,,,,8.030565508601203,0.28190269091494646,{},{}
"[1, 0, 1, 0, 0, 0, 1, 0, 1, 0, 1, 1, 0, 1, 1, 0, 0, 1]",101000101011011001,"[""101000101011011001""]",1,0.000244140625,False,False,,,,6.027825705734111,0.20968239290163782,{},{}
"[1, 0, 1, 0, 0, 0, 1, 0, 1, 1, 0, 0, 0, 1, 1, 0, 1, 0]",101000101100011010,"[""101000101100011010""]",1,0.000244140625,False,False,,,,4.728320031486302,0.16282124452389687,{},{}
"[1, 0, 1, 0, 0, 0, 1, 0, 1, 1, 0, 1, 0, 0, 0, 0, 0, 1]",101000101101000001,"[""101000101101000001""]",1,0.000244140625,False,False,,,,5.616586739730819,0.1948528076320362,{},{}
"[1, 0, 1, 0, 0, 0, 1, 0, 1, 1, 0, 1, 1, 0, 0, 0, 0, 1]",101000101101100001,"[""101000101101100001""]",1,0.000244140625,False,False,,,,4.889465508825326,0.16863227118859914,{},{}
"[1, 0, 1, 0, 0, 0, 1, 0, 1, 1, 1, 0, 0, 1, 0, 1, 0, 1]",101000101110010101,"[""101000101110010101""]",1,0.000244140625,False,False,,,,6.003345473726762,0.2087996173915717,{},{}
"[1, 0, 1, 0, 0, 0, 1, 1, 0, 1, 0, 0, 0, 1, 0, 1, 0, 0]",101000110100010100,"[""101000110100010100""]",1,0.000244140625,False,False,,,,3.5255252631968315,0.11944756388382685,{},{}
"[1, 0, 1, 0, 0, 0, 1, 1, 0, 1, 0, 0, 1, 1, 1, 1, 0, 0]",101000110100111100,"[""101000110100111100""]",1,0.000244140625,False,False,,,,8.104489896133206,0.28456845972344047,{},{}
"[1, 0, 1, 0, 0, 0, 1, 1, 0, 1, 0, 1, 1, 0, 1, 1, 0, 0]",101000110101101100,"[""101000110101101100""]",1,0.000244140625,False,False,,,,6.169077093208732,0.21477602377850286,{},{}
"[1, 0, 1, 0, 0, 0, 1, 1, 0, 1, 1, 0, 0, 0, 1, 0, 0, 1]",101000110110001001,"[""101000110110001001""]",1,0.000244140625,False,False,,,,4.7211734970822565,0.16256353513814262,{},{}
"[1, 0, 1, 0, 0, 0, 1, 1, 0, 1, 1, 0, 0, 0, 1, 0, 1, 1]",101000110110001011,"[""101000110110001011""]",1,0.000244140625,False,False,,,,5.953053760593754,0.20698606053068241,{},{}
"[1, 0, 1, 0, 0, 0, 1, 1, 0, 1, 1, 0, 0, 1, 0, 1, 0, 1]",101000110110010101,"[""101000110110010101""]",1,0.000244140625,False,False,,,,5.967672090619768,0.20751320846543872,{},{}
"[1, 0, 1, 0, 0, 0, 1, 1, 0, 1, 1, 0, 1, 1, 1, 0, 0, 1]",101000110110111001,"[""101000110110111001""]",1,0.000244140625,False,False,,,,9.221044174787092,0.3248322436842819,{},{}
"[1, 0, 1, 0, 0, 0, 1, 1, 0, 1, 1, 0, 1, 1, 1, 1, 1, 0]",101000110110111110,"[""101000110110111110""]",1,0.000244140625,False,False,,,,10.561607064623367,0.3731739460217287,{},{}
"[1, 0, 1, 0, 0, 0, 1, 1, 0, 1, 1, 1, 0, 0, 1, 1, 1, 1]",101000110111001111,"[""101000110111001111""]",1,0.000244140625,False,False,,,,12.517608177790342,0.443708811861541,{},{}
"[1, 0, 1, 0, 0, 0, 1, 1, 0, 1, 1, 1, 1, 1, 0, 0, 0, 1]",101000110111110001,"[""101000110111110001""]",1,0.000244140625,False,False,,,,9.193028166992587,0.3238219654498523,{},{}
"[1, 0, 1, 0, 0, 0, 1, 1, 1, 0, 1, 1, 0, 1, 0, 1, 1, 0]",101000111011010110,"[""101000111011010110""]",1,0.000244140625,False,False,,,,9.243465674050626,0.3256407797489266,{},{}
"[1, 0, 1, 0, 0, 0, 1, 1, 1, 1, 0, 0, 0, 1, 0, 0, 1, 1]",101000111100010011,"[""101000111100010011""]",1,0.000244140625,False,False,,,,8.01134453394263,0.2812095681658199,{},{}
"[1, 0, 1, 0, 0, 0, 1, 1, 1, 1, 0, 0, 1, 0, 0, 0, 1, 1]",101000111100100011,"[""101000111100100011""]",1,0.000244140625,False,False,,,,8.055790241504475,0.2828123136851997,{},{}
"[1, 0, 1, 0, 0, 0, 1, 1, 1, 1, 0, 0, 1, 1, 1, 0, 1, 0]",101000111100111010,"[""101000111100111010""]",1,0.000244140625,False,False,,,,11.275529813774577,0.39891853532302934,{},{}
"[1, 0, 1, 0, 0, 0, 1, 1, 1, 1, 0, 1, 0, 0, 1, 0, 0, 0]",101000111101001000,"[""101000111101001000""]",1,0.000244140625,False,False,,,,8.835357978244097,0.31092411042898893,{},{}
"[1, 0, 1, 0, 0, 0, 1, 1, 1, 1, 0, 1, 1, 1, 0, 1, 0, 0]",101000111101110100,"[""101000111101110100""]",1,0.000244140625,False,False,,,,9.325431058552631,0.3285965129335549,{},{}
"[1, 0, 1, 0, 0, 0, 1, 1, 1, 1, 1, 0, 0, 1, 1, 0, 0, 0]",101000111110011000,"[""101000111110011000""]",1,0.000244140625,False,False,,,,9.983408810016243,0.35232368369672684,{},{}
"[1, 0, 1, 0, 0, 1, 0, 0, 0, 0, 0, 1, 1, 1, 1, 0, 0, 0]",101001000001111000,"[""101001000001111000""]",1,0.000244140625,False,False,,,,7.554974963903117,0.264752539496756,{},{}
"[1, 0, 1, 0, 0, 1, 0, 0, 0, 0, 0, 1, 1, 1, 1, 0, 1, 0]",101001000001111010,"[""101001000001111010""]",1,0.000244140625,False,False,,,,6.770253148721575,0.23645488282222268,{},{}
"[1, 0, 1, 0, 0, 1, 0, 0, 0, 0, 1, 0, 0, 1, 1, 1, 1, 0]",101001000010011110,"[""101001000010011110""]",1,0.000244140625,False,False,,,,4.731280502529224,0.1629280013280876,{},{}
"[1, 0, 1, 0, 0, 1, 0, 0, 0, 0, 1, 0, 1, 1, 0, 0, 0, 0]",101001000010110000,"[""101001000010110000""]",1,0.000244140625,False,False,,,,4.218875908628662,0.14445030770962064,{},{}
"[1, 0, 1, 0, 0, 1, 0, 0, 0, 0, 1, 0, 1, 1, 0, 0, 1, 1]",101001000010110011,"[""101001000010110011""]",1,0.000244140625,False,False,,,,4.743073605929561,0.16335326947368234,{},{}
"[1, 0, 1, 0, 0, 1, 0, 0, 0, 1, 0, 0, 0, 0, 0, 0, 1, 0]",101001000100000010,"[""101001000100000010""]",1,0.000244140625,False,False,,,,3.044964498982534,0.10211818262552512,{},{}
"[1, 0, 1, 0, 0, 1, 0, 0, 0, 1, 0, 0, 0, 0, 0, 1, 1, 0]",101001000100000110,"[""101001000100000110""]",1,0.000244140625,False,False,,,,4.287958275857224,0.14694146963768,{},{}
"[1, 0, 1, 0, 0, 1, 0, 0, 0, 1, 0, 0, 0, 1, 0, 0, 0, 1]",101001000100010001,"[""101001000100010001""]",1,0.000244140625,False,False,,,,2.3191605948254823,0.07594514997175515,{},{}
"[1, 0, 1, 0, 0, 1, 0, 0, 0, 1, 1, 0, 1, 0, 0, 0, 1, 1]",101001000110100011,"[""101001000110100011""]",1,0.000244140625,False,False,,,,4.725941307989732,0.16273546597215113,{},{}
"[1, 0, 1, 0, 0, 1, 0, 0, 0, 1, 1, 0, 1, 1, 1, 1, 1, 1]",101001000110111111,"[""101001000110111111""]",1,0.000244140625,False,False,,,,12.507348324019402,0.4433388338464991,{},{}
"[1, 0, 1, 0, 0, 1, 0, 0, 0, 1, 1, 1, 1, 0, 0, 1, 0, 1]",101001000111100101,"[""101001000111100101""]",1,0.000244140625,False,False,,,,8.031726756093327,0.2819445663696752,{},{}
"[1, 0, 1, 0, 0, 1, 0, 0, 0, 1, 1, 1, 1, 1, 1, 1, 1, 1]",101001000111111111,"[""101001000111111111""]",1,0.000244140625,False,False,,,,15.776989884309431,0.5612445585656058,{},{}
"[1, 0, 1, 0, 0, 1, 0, 0, 1, 0, 0, 0, 1, 1, 1, 1, 0, 0]",101001001000111100,"[""101001001000111100""]",1,0.000244140625,False,False,,,,6.847670246053378,0.23924660136330525,{},{}
"[1, 0, 1, 0, 0, 1, 0, 0, 1, 0, 0, 1, 0, 1, 1, 0, 1, 1]",101001001001011011,"[""101001001001011011""]",1,0.000244140625,False,False,,,,4.179150069022675,0.14301776416548873,{},{}
"[1, 0, 1, 0, 0, 1, 0, 0, 1, 0, 0, 1, 1, 1, 0, 1, 0, 0]",101001001001110100,"[""101001001001110100""]",1,0.000244140625,False,False,,,,2.7959616892313806,0.09313895471951593,{},{}
"[1, 0, 1, 0, 0, 1, 0, 0, 1, 0, 1, 0, 0, 0, 1, 0, 1, 0]",101001001010001010,"[""101001001010001010""]",1,0.000244140625,False,False,,,,1.5837307116643546,0.04942499730202059,{},{}
"[1, 0, 1, 0, 0, 1, 0, 0, 1, 0, 1, 0, 1, 1, 1, 0, 1, 0]",101001001010111010,"[""101001001010111010""]",1,0.000244140625,False,False,,,,6.011353294675436,0.20908838541551694,{},{}
"[1, 0, 1, 0, 0, 1, 0, 0, 1, 0, 1, 0, 1, 1, 1, 1, 1, 1]",101001001010111111,"[""101001001010111111""]",1,0.000244140625,False,False,,,,10.594478748381075,0.37435932356991664,{},{}
"[1, 0, 1, 0, 0, 1, 0, 0, 1, 0, 1, 1, 0, 1, 1, 1, 1, 1]",101001001011011111,"[""101001001011011111""]",1,0.000244140625,False,False,,,,8.613011707160815,0.3029061372820058,{},{}
"[1, 0, 1, 0, 0, 1, 0, 0, 1, 1, 0, 1, 0, 1, 0, 0, 0, 1]",101001001101010001,"[""101001001101010001""]",1,0.000244140625,False,False,,,,2.857186065050639,0.09534675158909214,{},{}
"[1, 0, 1, 0, 0, 1, 0, 0, 1, 1, 0, 1, 0, 1, 1, 0, 0, 0]",101001001101011000,"[""101001001101011000""]",1,0.000244140625,False,False,,,,4.814711956304221,0.16593660206927618,{},{}
"[1, 0, 1, 0, 0, 1, 0, 1, 0, 0, 0, 1, 0, 1, 0, 0, 1, 1]",101001010001010011,"[""101001010001010011""]",1,0.000244140625,False,False,,,,2.8271129545711178,0.09426229269038301,{},{}
"[1, 0, 1, 0, 0, 1, 0, 1, 0, 0, 0, 1, 0, 1, 1, 0, 0, 1]",101001010001011001,"[""101001010001011001""]",1,0.000244140625,False,False,,,,2.8691977101166595,0.09577990051091224,{},{}
"[1, 0, 1, 0, 0, 1, 0, 1, 0, 0, 0, 1, 1, 0, 1, 1, 0, 0]",101001010001101100,"[""101001010001101100""]",1,0.000244140625,False,False,,,,2.8269219383061808,0.09425540450073432,{},{}
"[1, 0, 1, 0, 0, 1, 0, 1, 0, 0, 0, 1, 1, 1, 0, 1, 0, 1]",101001010001110101,"[""101001010001110101""]",1,0.000244140625,False,False,,,,4.014844337102606,0.1370927763525064,{},{}
"[1, 0, 1, 0, 0, 1, 0, 1, 0, 0, 0, 1, 1, 1, 1, 0, 0, 1]",101001010001111001,"[""101001010001111001""]",1,0.000244140625,False,False,,,,6.06305176489229,0.21095267099098125,{},{}
"[1, 0, 1, 0, 0, 1, 0, 1, 0, 0, 1, 1, 0, 0, 1, 1, 0, 0]",101001010011001100,"[""101001010011001100""]",1,0.000244140625,False,False,,,,2.782308852932734,0.0926466232120462,{},{}
"[1, 0, 1, 0, 0, 1, 0, 1, 0, 0, 1, 1, 1, 0, 1, 0, 1, 1]",101001010011101011,"[""101001010011101011""]",1,0.000244140625,False,False,,,,5.28559335913895,0.1829169383031518,{},{}
"[1, 0, 1, 0, 0, 1, 0, 1, 0, 1, 0, 0, 1, 0, 0, 0, 1, 0]",101001010100100010,"[""101001010100100010""]",1,0.000244140625,False,False,,,,1.4733568939158777,0.04544483472710689,{},{}
"[1, 0, 1, 0, 0, 1, 0, 1, 0, 1, 0, 0, 1, 1, 1, 1, 1, 1]",101001010100111111,"[""101001010100111111""]",1,0.000244140625,False,False,,,,10.564426418123883,0.37327561402159604,{},{}
"[1, 0, 1, 0, 0, 1, 0, 1, 0, 1, 0, 1, 1, 0, 0, 0, 0, 1]",101001010101100001,"[""101001010101100001""]",1,0.000244140625,False,False,,,,2.771211452199526,0.09224644262594209,{},{}
"[1, 0, 1, 0, 0, 1, 0, 1, 0, 1, 1, 1, 1, 0, 1, 0, 1, 0]",101001010111101010,"[""101001010111101010""]",1,0.000244140625,False,False,,,,7.21380646942562,0.25244974793659253,{},{}
"[1, 0, 1, 0, 0, 1, 0, 1, 1, 0, 0, 1, 1, 1, 1, 0, 0, 1]",101001011001111001,"[""101001011001111001""]",1,0.000244140625,False,False,,,,7.3996598407955805,0.2591517597745264,{},{}
"[1, 0, 1, 0, 0, 1, 0, 1, 1, 0, 1, 0, 0, 1, 1, 1, 1, 0]",101001011010011110,"[""101001011010011110""]",1,0.000244140625,False,False,,,,5.320746416798816,0.18418458390376358,{},{}
"[1, 0, 1, 0, 0, 1, 0, 1, 1, 0, 1, 1, 0, 1, 0, 1, 1, 1]",101001011011010111,"[""101001011011010111""]",1,0.000244140625,False,False,,,,8.615625900227927,0.3030004070429108,{},{}
"[1, 0, 1, 0, 0, 1, 0, 1, 1, 1, 0, 1, 0, 0, 1, 0, 0, 0]",101001011101001000,"[""101001011101001000""]",1,0.000244140625,False,False,,,,4.847268036138439,0.16711059870349015,{},{}
"[1, 0, 1, 0, 0, 1, 0, 1, 1, 1, 0, 1, 0, 1, 0, 0, 0, 0]",101001011101010000,"[""101001011101010000""]",1,0.000244140625,False,False,,,,4.764003500533244,0.16410801715658213,{},{}
"[1, 0, 1, 0, 0, 1, 0, 1, 1, 1, 1, 1, 0, 1, 0, 1, 1, 1]",101001011111010111,"[""101001011111010111""]",1,0.000244140625,False,False,,,,11.83871849394371,0.41922754114660604,{},{}
"[1, 0, 1, 0, 0, 1, 1, 0, 0, 0, 0, 1, 0, 1, 0, 1, 0, 0]",101001100001010100,"[""101001100001010100""]",1,0.000244140625,False,False,,,,1.5257372652150618,0.047333710166572,{},{}
"[1, 0, 1, 0, 0, 1, 1, 0, 0, 0, 0, 1, 1, 0, 0, 0, 0, 1]",101001100001100001,"[""101001100001100001""]",1,0.000244140625,False,False,,,,1.6244842560733153,0.05089460065144234,{},{}
"[1, 0, 1, 0, 0, 1, 1, 0, 0, 0, 1, 0, 0, 0, 1, 0, 0, 1]",101001100010001001,"[""101001100010001001""]",1,0.000244140625,False,False,,,,1.5578247365224405,0.04849080842616362,{},{}
"[1, 0, 1, 0, 0, 1, 1, 0, 0, 0, 1, 0, 0, 0, 1, 1, 0, 1]",101001100010001101,"[""101001100010001101""]",1,0.000244140625,False,False,,,,2.812719232301678,0.09374324427963511,{},{}
"[1, 0, 1, 0, 0, 1, 1, 0, 0, 1, 0, 0, 0, 0, 0, 1, 0, 0]",101001100100000100,"[""101001100100000100""]",1,0.000244140625,False,False,,,,2.3900401922062113,0.07850112136582811,{},{}
"[1, 0, 1, 0, 0, 1, 1, 0, 0, 1, 0, 0, 0, 1, 0, 0, 1, 1]",101001100100010011,"[""101001100100010011""]",1,0.000244140625,False,False,,,,2.777942255383686,0.09248916043238559,{},{}
"[1, 0, 1, 0, 0, 1, 1, 0, 0, 1, 0, 1, 1, 0, 1, 1, 0, 0]",101001100101101100,"[""101001100101101100""]",1,0.000244140625,False,False,,,,4.214953836405122,0.14430887484629598,{},{}
"[1, 0, 1, 0, 0, 1, 1, 0, 0, 1, 1, 0, 0, 1, 0, 1, 0, 0]",101001100110010100,"[""101001100110010100""]",1,0.000244140625,False,False,,,,2.722819870060307,0.09050140591252244,{},{}
"[1, 0, 1, 0, 0, 1, 1, 0, 0, 1, 1, 0, 1, 1, 0, 0, 0, 0]",101001100110110000,"[""101001100110110000""]",1,0.000244140625,False,False,,,,4.7072421456684115,0.16206116016691785,{},{}
"[1, 0, 1, 0, 0, 1, 1, 0, 0, 1, 1, 1, 1, 0, 1, 1, 1, 0]",101001100111101110,"[""101001100111101110""]",1,0.000244140625,False,False,,,,8.584211934530376,0.3018675959002905,{},{}
"[1, 0, 1, 0, 0, 1, 1, 0, 0, 1, 1, 1, 1, 1, 0, 0, 0, 0]",101001100111110000,"[""101001100111110000""]",1,0.000244140625,False,False,,,,7.946734793510787,0.2788796925115436,{},{}
"[1, 0, 1, 0, 0, 1, 1, 0, 1, 0, 0, 0, 0, 1, 0, 1, 0, 0]",101001101000010100,"[""101001101000010100""]",1,0.000244140625,False,False,,,,3.591954379636798,0.12184304760027723,{},{}
"[1, 0, 1, 0, 0, 1, 1, 0, 1, 0, 0, 0, 0, 1, 0, 1, 0, 1]",101001101000010101,"[""101001101000010101""]",1,0.000244140625,False,False,,,,4.916291023782753,0.16959961935924636,{},{}
"[1, 0, 1, 0, 0, 1, 1, 0, 1, 1, 1, 0, 0, 1, 0, 0, 0, 0]",101001101110010000,"[""101001101110010000""]",1,0.000244140625,False,False,,,,4.74295544468269,0.1633490084905779,{},{}
"[1, 0, 1, 0, 0, 1, 1, 0, 1, 1, 1, 0, 1, 1, 0, 0, 1, 0]",101001101110110010,"[""101001101110110010""]",1,0.000244140625,False,False,,,,5.253049943991481,0.18174339836703213,{},{}
"[1, 0, 1, 0, 0, 1, 1, 0, 1, 1, 1, 1, 0, 1, 0, 1, 0, 0]",101001101111010100,"[""101001101111010100""]",1,0.000244140625,False,False,,,,7.261565916746633,0.2541719893947873,{},{}
"[1, 0, 1, 0, 0, 1, 1, 1, 0, 0, 0, 0, 1, 1, 0, 0, 1, 1]",101001110000110011,"[""101001110000110011""]",1,0.000244140625,False,False,,,,6.0343165065089535,0.20991645604135922,{},{}
"[1, 0, 1, 0, 0, 1, 1, 1, 0, 1, 0, 0, 1, 1, 0, 1, 0, 0]",101001110100110100,"[""101001110100110100""]",1,0.000244140625,False,False,,,,4.078012069637397,0.13937065212146885,{},{}
"[1, 0, 1, 0, 0, 1, 1, 1, 0, 1, 0, 1, 0, 1, 0, 0, 0, 1]",101001110101010001,"[""101001110101010001""]",1,0.000244140625,False,False,,,,4.013912883045326,0.13705918742123027,{},{}
"[1, 0, 1, 0, 0, 1, 1, 1, 0, 1, 1, 0, 1, 1, 0, 1, 0, 1]",101001110110110101,"[""101001110110110101""]",1,0.000244140625,False,False,,,,6.576190912649347,0.2294568531719399,{},{}
"[1, 0, 1, 0, 0, 1, 1, 1, 0, 1, 1, 1, 0, 0, 0, 1, 0, 0]",101001110111000100,"[""101001110111000100""]",1,0.000244140625,False,False,,,,7.995268917993105,0.28062986940866724,{},{}
"[1, 0, 1, 0, 0, 1, 1, 1, 0, 1, 1, 1, 1, 0, 0, 1, 1, 1]",101001110111100111,"[""101001110111100111""]",1,0.000244140625,False,False,,,,11.834925795155547,0.4190907735863051,{},{}
"[1, 0, 1, 0, 0, 1, 1, 1, 1, 0, 0, 0, 0, 0, 1, 0, 0, 0]",101001111000001000,"[""101001111000001000""]",1,0.000244140625,False,False,,,,7.635683466406322,0.2676629485746826,{},{}
"[1, 0, 1, 0, 0, 1, 1, 1, 1, 0, 0, 0, 0, 1, 0, 1, 1, 1]",101001111000010111,"[""101001111000010111""]",1,0.000244140625,False,False,,,,11.388664036187649,0.40299824015861463,{},{}
"[1, 0, 1, 0, 0, 1, 1, 1, 1, 0, 1, 0, 0, 1, 1, 1, 0, 1]",101001111010011101,"[""101001111010011101""]",1,0.000244140625,False,False,,,,8.627591787895867,0.3034319059186685,{},{}
"[1, 0, 1, 0, 0, 1, 1, 1, 1, 1, 0, 1, 1, 1, 0, 0, 0, 0]",101001111101110000,"[""101001111101110000""]",1,0.000244140625,False,False,,,,9.301224813280676,0.3277236175904748,{},{}
"[1, 0, 1, 0, 0, 1, 1, 1, 1, 1, 1, 0, 1, 1, 1, 1, 1, 1]",101001111110111111,"[""101001111110111111""]",1,0.000244140625,False,False,,,,16.480098222959853,0.5865991721206376,{},{}
"[1, 0, 1, 0, 0, 1, 1, 1, 1, 1, 1, 1, 0, 1, 0, 1, 0, 0]",101001111111010100,"[""101001111111010100""]",1,0.000244140625,False,False,,,,10.527999413597906,0.37196202894238,{},{}
"[1, 0, 1, 0, 0, 1, 1, 1, 1, 1, 1, 1, 1, 0, 0, 1, 0, 1]",101001111111100101,"[""101001111111100101""]",1,0.000244140625,False,False,,,,11.943256489853185,0.42299725961302304,{},{}
"[1, 0, 1, 0, 1, 0, 0, 0, 0, 0, 0, 0, 1, 1, 1, 0, 0, 0]",101010000000111000,"[""101010000000111000""]",1,0.000244140625,False,False,,,,8.286928228018562,0.29114732267855287,{},{}
"[1, 0, 1, 0, 1, 0, 0, 0, 0, 0, 0, 1, 1, 0, 1, 0, 0, 1]",101010000001101001,"[""101010000001101001""]",1,0.000244140625,False,False,,,,3.568111496829032,0.1209832553799358,{},{}
"[1, 0, 1, 0, 1, 0, 0, 0, 0, 0, 1, 0, 0, 1, 0, 0, 0, 1]",101010000010010001,"[""101010000010010001""]",1,0.000244140625,False,False,,,,2.278492167216161,0.07447861599790934,{},{}
"[1, 0, 1, 0, 1, 0, 0, 0, 0, 0, 1, 1, 0, 1, 1, 1, 1, 1]",101010000011011111,"[""101010000011011111""]",1,0.000244140625,False,False,,,,9.28967179340509,0.3273070070366854,{},{}
"[1, 0, 1, 0, 1, 0, 0, 0, 0, 1, 0, 0, 0, 0, 0, 1, 1, 1]",101010000100000111,"[""101010000100000111""]",1,0.000244140625,False,False,,,,7.504708019075303,0.2629398757995117,{},{}
"[1, 0, 1, 0, 1, 0, 0, 0, 0, 1, 0, 0, 0, 1, 1, 0, 0, 0]",101010000100011000,"[""101010000100011000""]",1,0.000244140625,False,False,,,,4.251014703881558,0.14560925674914643,{},{}
"[1, 0, 1, 0, 1, 0, 0, 0, 0, 1, 0, 1, 1, 0, 1, 1, 0, 1]",101010000101101101,"[""101010000101101101""]",1,0.000244140625,False,False,,,,6.063436406359656,0.2109665414505196,{},{}
"[1, 0, 1, 0, 1, 0, 0, 0, 0, 1, 0, 1, 1, 1, 0, 0, 1, 0]",101010000101110010,"[""101010000101110010""]",1,0.000244140625,False,False,,,,4.700972350611016,0.16183506665897476,{},{}
"[1, 0, 1, 0, 1, 0, 0, 0, 0, 1, 1, 0, 0, 1, 0, 1, 1, 0]",101010000110010110,"[""101010000110010110""]",1,0.000244140625,False,False,,,,4.710191848481695,0.16216752866067877,{},{}
"[1, 0, 1, 0, 1, 0, 0, 0, 0, 1, 1, 0, 1, 1, 1, 1, 0, 1]",101010000110111101,"[""101010000110111101""]",1,0.000244140625,False,False,,,,9.210046085209465,0.3244356443328652,{},{}
"[1, 0, 1, 0, 1, 0, 0, 0, 0, 1, 1, 1, 1, 1, 0, 0, 1, 1]",101010000111110011,"[""101010000111110011""]",1,0.000244140625,False,False,,,,9.190190425379608,0.32371963436087076,{},{}
"[1, 0, 1, 0, 1, 0, 0, 0, 1, 0, 0, 1, 0, 1, 0, 1, 0, 1]",101010001001010101,"[""101010001001010101""]",1,0.000244140625,False,False,,,,2.770192099012479,0.09220968398618071,{},{}
"[1, 0, 1, 0, 1, 0, 0, 0, 1, 0, 1, 0, 1, 0, 1, 0, 1, 0]",101010001010101010,"[""101010001010101010""]",1,0.000244140625,False,False,,,,2.763442202976975,0.09196627767721084,{},{}
"[1, 0, 1, 0, 1, 0, 0, 0, 1, 0, 1, 1, 0, 0, 0, 1, 1, 1]",101010001011000111,"[""101010001011000111""]",1,0.000244140625,False,False,,,,8.028647217396145,0.2818335158966504,{},{}
"[1, 0, 1, 0, 1, 0, 0, 0, 1, 1, 0, 1, 1, 0, 0, 0, 0, 0]",101010001101100000,"[""101010001101100000""]",1,0.000244140625,False,False,,,,3.5014656707202434,0.11857995695043967,{},{}
"[1, 0, 1, 0, 1, 0, 0, 0, 1, 1, 1, 0, 0, 0, 1, 1, 1, 1]",101010001110001111,"[""101010001110001111""]",1,0.000244140625,False,False,,,,7.245283447691767,0.2535848313596539,{},{}
"[1, 0, 1, 0, 1, 0, 0, 0, 1, 1, 1, 0, 0, 1, 1, 1, 0, 1]",101010001110011101,"[""101010001110011101""]",1,0.000244140625,False,False,,,,5.223158907183265,0.18066550518134433,{},{}
"[1, 0, 1, 0, 1, 0, 0, 1, 0, 0, 0, 0, 0, 0, 1, 0, 1, 0]",101010010000001010,"[""101010010000001010""]",1,0.000244140625,False,False,,,,2.358900430190105,0.07737819821343098,{},{}
"[1, 0, 1, 0, 1, 0, 0, 1, 0, 0, 0, 1, 0, 1, 0, 0, 0, 0]",101010010001010000,"[""101010010001010000""]",1,0.000244140625,False,False,,,,2.318098551151932,0.07590685188106103,{},{}
"[1, 0, 1, 0, 1, 0, 0, 1, 0, 0, 0, 1, 1, 0, 1, 1, 1, 0]",101010010001101110,"[""101010010001101110""]",1,0.000244140625,False,False,,,,4.057492305787953,0.138630694060892,{},{}
"[1, 0, 1, 0, 1, 0, 0, 1, 0, 0, 1, 0, 1, 0, 0, 0, 1, 1]",101010010010100011,"[""101010010010100011""]",1,0.000244140625,False,False,,,,2.7720107432393375,0.092275265659774,{},{}
"[1, 0, 1, 0, 1, 0, 0, 1, 0, 1, 0, 0, 1, 1, 0, 0, 0, 1]",101010010100110001,"[""101010010100110001""]",1,0.000244140625,False,False,,,,2.7107074706135785,0.09006462371223528,{},{}
"[1, 0, 1, 0, 1, 0, 0, 1, 0, 1, 0, 1, 0, 1, 0, 1, 1, 1]",101010010101010111,"[""101010010101010111""]",1,0.000244140625,False,False,,,,7.250173709189388,0.2537611778536995,{},{}
"[1, 0, 1, 0, 1, 0, 0, 1, 0, 1, 1, 0, 0, 0, 1, 0, 0, 1]",101010010110001001,"[""101010010110001001""]",1,0.000244140625,False,False,,,,2.7271075247401715,0.0906560219531657,{},{}
"[1, 0, 1, 0, 1, 0, 0, 1, 0, 1, 1, 0, 1, 1, 1, 1, 0, 0]",101010010110111100,"[""101010010110111100""]",1,0.000244140625,False,False,,,,7.258077267373244,0.2540461860842177,{},{}
"[1, 0, 1, 0, 1, 0, 0, 1, 1, 0, 0, 1, 0, 1, 0, 0, 0, 1]",101010011001010001,"[""101010011001010001""]",1,0.000244140625,False,False,,,,2.8317574676169635,0.09442977731110982,{},{}
"[1, 0, 1, 0, 1, 0, 0, 1, 1, 0, 0, 1, 0, 1, 1, 0, 1, 1]",101010011001011011,"[""101010011001011011""]",1,0.000244140625,False,False,,,,5.407354538622878,0.18730773767518824,{},{}
"[1, 0, 1, 0, 1, 0, 0, 1, 1, 0, 0, 1, 1, 1, 0, 0, 0, 0]",101010011001110000,"[""101010011001110000""]",1,0.000244140625,False,False,,,,4.757306893835648,0.16386653250106875,{},{}
"[1, 0, 1, 0, 1, 0, 0, 1, 1, 0, 1, 0, 1, 0, 0, 1, 1, 0]",101010011010100110,"[""101010011010100110""]",1,0.000244140625,False,False,,,,4.035865219944668,0.13785080513946277,{},{}
"[1, 0, 1, 0, 1, 0, 0, 1, 1, 0, 1, 1, 1, 1, 1, 0, 0, 0]",101010011011111000,"[""101010011011111000""]",1,0.000244140625,False,False,,,,9.312220577255397,0.32812013307890797,{},{}
"[1, 0, 1, 0, 1, 0, 0, 1, 1, 1, 0, 0, 0, 0, 0, 1, 0, 0]",101010011100000100,"[""101010011100000100""]",1,0.000244140625,False,False,,,,3.5039298085542256,0.11866881560719643,{},{}
"[1, 0, 1, 0, 1, 0, 0, 1, 1, 1, 0, 0, 0, 1, 1, 1, 0, 0]",101010011100011100,"[""101010011100011100""]",1,0.000244140625,False,False,,,,3.997418364865662,0.13646438273576092,{},{}
"[1, 0, 1, 0, 1, 0, 0, 1, 1, 1, 0, 0, 1, 0, 1, 1, 0, 1]",101010011100101101,"[""101010011100101101""]",1,0.000244140625,False,False,,,,5.316516175623006,0.18403203823709843,{},{}
"[1, 0, 1, 0, 1, 0, 0, 1, 1, 1, 0, 0, 1, 1, 1, 0, 1, 0]",101010011100111010,"[""101010011100111010""]",1,0.000244140625,False,False,,,,7.259780143395149,0.2541075930695913,{},{}
"[1, 0, 1, 0, 1, 0, 0, 1, 1, 1, 1, 1, 0, 1, 0, 0, 1, 1]",101010011111010011,"[""101010011111010011""]",1,0.000244140625,False,False,,,,8.575538921433328,0.3015548405490235,{},{}
"[1, 0, 1, 0, 1, 0, 0, 1, 1, 1, 1, 1, 0, 1, 0, 1, 0, 0]",101010011111010100,"[""101010011111010100""]",1,0.000244140625,False,False,,,,7.217319803141539,0.2525764413830505,{},{}
"[1, 0, 1, 0, 1, 0, 0, 1, 1, 1, 1, 1, 0, 1, 0, 1, 0, 1]",101010011111010101,"[""101010011111010101""]",1,0.000244140625,False,False,,,,8.502860617305815,0.2989340064418286,{},{}
"[1, 0, 1, 0, 1, 0, 1, 0, 0, 0, 0, 0, 0, 0, 1, 1, 0, 0]",101010100000001100,"[""101010100000001100""]",1,0.000244140625,False,False,,,,2.3301752427485276,0.07634234642951526,{},{}
"[1, 0, 1, 0, 1, 0, 1, 0, 0, 0, 0, 0, 1, 0, 1, 1, 1, 0]",101010100000101110,"[""101010100000101110""]",1,0.000244140625,False,False,,,,4.822335399223542,0.1662115091334553,{},{}
"[1, 0, 1, 0, 1, 0, 1, 0, 0, 0, 1, 1, 0, 1, 0, 0, 0, 0]",101010100011010000,"[""101010100011010000""]",1,0.000244140625,False,False,,,,3.4850756226889663,0.11798891953680425,{},{}
"[1, 0, 1, 0, 1, 0, 1, 0, 0, 1, 0, 0, 0, 0, 0, 0, 1, 0]",101010100100000010,"[""101010100100000010""]",1,0.000244140625,False,False,,,,2.26637025010026,0.07404149058333989,{},{}
"[1, 0, 1, 0, 1, 0, 1, 0, 0, 1, 0, 0, 0, 0, 1, 0, 1, 1]",101010100100001011,"[""101010100100001011""]",1,0.000244140625,False,False,,,,2.74903382454975,0.09144670075443083,{},{}
"[1, 0, 1, 0, 1, 0, 1, 0, 1, 0, 0, 1, 0, 0, 0, 1, 0, 0]",101010101001000100,"[""101010101001000100""]",1,0.000244140625,False,False,,,,3.556852192126944,0.12057723641539364,{},{}
"[1, 0, 1, 0, 1, 0, 1, 0, 1, 0, 0, 1, 0, 1, 1, 0, 1, 1]",101010101001011011,"[""101010101001011011""]",1,0.000244140625,False,False,,,,5.327855317011867,0.18444093617239,{},{}
"[1, 0, 1, 0, 1, 0, 1, 0, 1, 0, 1, 0, 1, 1, 0, 0, 1, 1]",101010101010110011,"[""101010101010110011""]",1,0.000244140625,False,False,,,,5.288289995743291,0.18301418103978706,{},{}
"[1, 0, 1, 0, 1, 0, 1, 0, 1, 0, 1, 1, 1, 1, 1, 0, 1, 0]",101010101011111010,"[""101010101011111010""]",1,0.000244140625,False,False,,,,8.549238066770757,0.3006064120217548,{},{}
"[1, 0, 1, 0, 1, 0, 1, 0, 1, 1, 0, 0, 0, 1, 0, 0, 1, 0]",101010101100010010,"[""101010101100010010""]",1,0.000244140625,False,False,,,,2.7308189302761763,0.09078985801787805,{},{}
"[1, 0, 1, 0, 1, 0, 1, 0, 1, 1, 0, 0, 1, 1, 0, 0, 0, 1]",101010101100110001,"[""101010101100110001""]",1,0.000244140625,False,False,,,,4.038680911493793,0.13795234108661886,{},{}
"[1, 0, 1, 0, 1, 0, 1, 1, 0, 0, 0, 0, 1, 0, 1, 0, 1, 1]",101010110000101011,"[""101010110000101011""]",1,0.000244140625,False,False,,,,6.028649065125424,0.2097120838582601,{},{}
"[1, 0, 1, 0, 1, 0, 1, 1, 0, 0, 1, 1, 1, 0, 0, 0, 0, 0]",101010110011100000,"[""101010110011100000""]",1,0.000244140625,False,False,,,,4.75545608166731,0.16379979082740118,{},{}
"[1, 0, 1, 0, 1, 0, 1, 1, 0, 0, 1, 1, 1, 0, 0, 1, 1, 0]",101010110011100110,"[""101010110011100110""]",1,0.000244140625,False,False,,,,5.301733586623085,0.18349896700065813,{},{}
"[1, 0, 1, 0, 1, 0, 1, 1, 0, 1, 0, 0, 0, 0, 0, 0, 0, 1]",101010110100000001,"[""101010110100000001""]",1,0.000244140625,False,False,,,,3.502256146118312,0.11860846208562448,{},{}
"[1, 0, 1, 0, 1, 0, 1, 1, 0, 1, 0, 0, 0, 0, 1, 0, 1, 1]",101010110100001011,"[""101010110100001011""]",1,0.000244140625,False,False,,,,4.000633057330919,0.13658030695493792,{},{}
"[1, 0, 1, 0, 1, 0, 1, 1, 0, 1, 0, 0, 0, 0, 1, 1, 0, 0]",101010110100001100,"[""101010110100001100""]",1,0.000244140625,False,False,,,,2.7992553359494856,0.09325772608821374,{},{}
"[1, 0, 1, 0, 1, 0, 1, 1, 0, 1, 0, 1, 0, 0, 1, 0, 0, 1]",101010110101001001,"[""101010110101001001""]",1,0.000244140625,False,False,,,,4.026493635204901,0.1375128587712955,{},{}
"[1, 0, 1, 0, 1, 0, 1, 1, 0, 1, 0, 1, 0, 0, 1, 1, 0, 0]",101010110101001100,"[""101010110101001100""]",1,0.000244140625,False,False,,,,4.071779202084187,0.13914589024699772,{},{}
"[1, 0, 1, 0, 1, 0, 1, 1, 0, 1, 1, 0, 1, 0, 1, 0, 0, 0]",101010110110101000,"[""101010110110101000""]",1,0.000244140625,False,False,,,,6.009657512232146,0.20902723422990374,{},{}
"[1, 0, 1, 0, 1, 0, 1, 1, 0, 1, 1, 1, 1, 1, 1, 0, 0, 1]",101010110111111001,"[""101010110111111001""]",1,0.000244140625,False,False,,,,11.786182477884664,0.41733305304047036,{},{}
"[1, 0, 1, 0, 1, 0, 1, 1, 1, 0, 0, 0, 1, 0, 0, 0, 1, 0]",101010111000100010,"[""101010111000100010""]",1,0.000244140625,False,False,,,,6.801399024310025,0.23757802643461962,{},{}
"[1, 0, 1, 0, 1, 0, 1, 1, 1, 0, 0, 0, 1, 1, 1, 0, 1, 1]",101010111000111011,"[""101010111000111011""]",1,0.000244140625,False,False,,,,12.602365940181564,0.4467652402852794,{},{}
"[1, 0, 1, 0, 1, 0, 1, 1, 1, 0, 0, 1, 0, 0, 0, 1, 0, 0]",101010111001000100,"[""101010111001000100""]",1,0.000244140625,False,False,,,,6.784672406333744,0.2369748520565639,{},{}
"[1, 0, 1, 0, 1, 0, 1, 1, 1, 0, 1, 1, 0, 1, 0, 1, 1, 0]",101010111011010110,"[""101010111011010110""]",1,0.000244140625,False,False,,,,8.572800681158546,0.30145609755285707,{},{}
"[1, 0, 1, 0, 1, 0, 1, 1, 1, 0, 1, 1, 1, 1, 1, 1, 0, 1]",101010111011111101,"[""101010111011111101""]",1,0.000244140625,False,False,,,,13.131883090029332,0.4658600254942302,{},{}
"[1, 0, 1, 0, 1, 0, 1, 1, 1, 1, 0, 0, 0, 0, 0, 1, 0, 1]",101010111100000101,"[""101010111100000101""]",1,0.000244140625,False,False,,,,8.072701028110972,0.2834221293220649,{},{}
"[1, 0, 1, 0, 1, 0, 1, 1, 1, 1, 0, 1, 0, 0, 1, 0, 1, 0]",101010111101001010,"[""101010111101001010""]",1,0.000244140625,False,False,,,,7.2961793526797685,0.255420175831576,{},{}
"[1, 0, 1, 0, 1, 0, 1, 1, 1, 1, 0, 1, 1, 1, 0, 1, 1, 0]",101010111101110110,"[""101010111101110110""]",1,0.000244140625,False,False,,,,9.851366911949338,0.34756215390889167,{},{}
"[1, 0, 1, 0, 1, 1, 0, 0, 0, 0, 0, 0, 1, 1, 1, 1, 1, 1]",101011000000111111,"[""101011000000111111""]",1,0.000244140625,False,False,,,,13.335787834495441,0.47321298337252693,{},{}
"[1, 0, 1, 0, 1, 1, 0, 0, 0, 0, 1, 0, 0, 1, 1, 0, 1, 0]",101011000010011010,"[""101011000010011010""]",1,0.000244140625,False,False,,,,4.8199587551298375,0.16612580556653503,{},{}
"[1, 0, 1, 0, 1, 1, 0, 0, 0, 0, 1, 0, 1, 0, 1, 0, 1, 1]",101011000010101011,"[""101011000010101011""]",1,0.000244140625,False,False,,,,6.042526653721093,0.21021252010197508,{},{}
"[1, 0, 1, 0, 1, 1, 0, 0, 0, 1, 0, 1, 1, 1, 0, 1, 1, 0]",101011000101110110,"[""101011000101110110""]",1,0.000244140625,False,False,,,,7.244413232744943,0.25355345075658936,{},{}
"[1, 0, 1, 0, 1, 1, 0, 0, 0, 1, 1, 0, 0, 0, 1, 0, 1, 1]",101011000110001011,"[""101011000110001011""]",1,0.000244140625,False,False,,,,6.0238493151914225,0.20953900127902206,{},{}
"[1, 0, 1, 0, 1, 1, 0, 0, 0, 1, 1, 0, 1, 1, 1, 1, 0, 1]",101011000110111101,"[""101011000110111101""]",1,0.000244140625,False,False,,,,10.526506844930388,0.3719082057977962,{},{}
"[1, 0, 1, 0, 1, 1, 0, 0, 0, 1, 1, 0, 1, 1, 1, 1, 1, 0]",101011000110111110,"[""101011000110111110""]",1,0.000244140625,False,False,,,,10.50412250893827,0.3711010098685664,{},{}
"[1, 0, 1, 0, 1, 1, 0, 0, 1, 0, 0, 1, 0, 1, 1, 0, 1, 0]",101011001001011010,"[""101011001001011010""]",1,0.000244140625,False,False,,,,4.128423861609319,0.14118853911526857,{},{}
"[1, 0, 1, 0, 1, 1, 0, 0, 1, 0, 1, 0, 0, 0, 0, 1, 1, 0]",101011001010000110,"[""101011001010000110""]",1,0.000244140625,False,False,,,,4.808602941192434,0.1657163064066497,{},{}
"[1, 0, 1, 0, 1, 1, 0, 0, 1, 1, 0, 1, 0, 0, 1, 0, 0, 1]",101011001101001001,"[""101011001101001001""]",1,0.000244140625,False,False,,,,4.16154543455839,0.14238292785494763,{},{}
"[1, 0, 1, 0, 1, 1, 0, 0, 1, 1, 0, 1, 1, 1, 0, 1, 1, 0]",101011001101110110,"[""101011001101110110""]",1,0.000244140625,False,False,,,,6.5321662329405505,0.22786929023243171,{},{}
"[1, 0, 1, 0, 1, 1, 0, 0, 1, 1, 1, 0, 0, 1, 1, 0, 1, 1]",101011001110011011,"[""101011001110011011""]",1,0.000244140625,False,False,,,,6.616563784982196,0.23091272920104638,{},{}
"[1, 0, 1, 0, 1, 1, 0, 1, 0, 0, 0, 0, 0, 1, 0, 1, 0, 1]",101011010000010101,"[""101011010000010101""]",1,0.000244140625,False,False,,,,4.835448393695608,0.16668437354013646,{},{}
"[1, 0, 1, 0, 1, 1, 0, 1, 0, 0, 0, 1, 1, 0, 1, 0, 0, 1]",101011010001101001,"[""101011010001101001""]",1,0.000244140625,False,False,,,,4.082214733578743,0.13952220333239465,{},{}
"[1, 0, 1, 0, 1, 1, 0, 1, 0, 0, 0, 1, 1, 1, 1, 1, 0, 0]",101011010001111100,"[""101011010001111100""]",1,0.000244140625,False,False,,,,7.295796509411362,0.2554063702164396,{},{}
"[1, 0, 1, 0, 1, 1, 0, 1, 0, 0, 1, 0, 0, 0, 1, 0, 1, 1]",101011010010001011,"[""101011010010001011""]",1,0.000244140625,False,False,,,,4.135551248949343,0.1414455580435467,{},{}
"[1, 0, 1, 0, 1, 1, 0, 1, 0, 0, 1, 1, 0, 0, 1, 0, 0, 0]",101011010011001000,"[""101011010011001000""]",1,0.000244140625,False,False,,,,4.832373822888877,0.1665735022129639,{},{}
"[1, 0, 1, 0, 1, 1, 0, 1, 0, 1, 0, 1, 0, 1, 1, 1, 1, 0]",101011010101011110,"[""101011010101011110""]",1,0.000244140625,False,False,,,,6.562956190145572,0.22897959916122032,{},{}
"[1, 0, 1, 0, 1, 1, 0, 1, 1, 0, 0, 1, 0, 0, 1, 0, 0, 0]",101011011001001000,"[""101011011001001000""]",1,0.000244140625,False,False,,,,4.897749804715774,0.16893100910611697,{},{}
"[1, 0, 1, 0, 1, 1, 0, 1, 1, 0, 0, 1, 1, 1, 1, 0, 0, 1]",101011011001111001,"[""101011011001111001""]",1,0.000244140625,False,False,,,,8.66993641210642,0.3049588847979866,{},{}
"[1, 0, 1, 0, 1, 1, 0, 1, 1, 1, 0, 1, 0, 1, 0, 0, 1, 1]",101011011101010011,"[""101011011101010011""]",1,0.000244140625,False,False,,,,6.652351251596416,0.23220325206393663,{},{}
"[1, 0, 1, 0, 1, 1, 0, 1, 1, 1, 0, 1, 0, 1, 1, 1, 0, 1]",101011011101011101,"[""101011011101011101""]",1,0.000244140625,False,False,,,,7.908606730214098,0.27750476597839374,{},{}
"[1, 0, 1, 0, 1, 1, 1, 0, 0, 0, 0, 1, 0, 0, 0, 1, 1, 0]",101011100001000110,"[""101011100001000110""]",1,0.000244140625,False,False,,,,4.784751672311116,0.16485621177821203,{},{}
"[1, 0, 1, 0, 1, 1, 1, 0, 0, 0, 0, 1, 0, 0, 1, 1, 1, 1]",101011100001001111,"[""101011100001001111""]",1,0.000244140625,False,False,,,,7.362934844062105,0.2578274288730122,{},{}
"[1, 0, 1, 0, 1, 1, 1, 0, 0, 0, 1, 0, 1, 0, 1, 1, 1, 1]",101011100010101111,"[""101011100010101111""]",1,0.000244140625,False,False,,,,8.580942986367402,0.3017497151799982,{},{}
"[1, 0, 1, 0, 1, 1, 1, 0, 0, 1, 0, 1, 0, 0, 0, 0, 0, 1]",101011100101000001,"[""101011100101000001""]",1,0.000244140625,False,False,,,,4.8246535525158185,0.16629510347824691,{},{}
"[1, 0, 1, 0, 1, 1, 1, 0, 1, 0, 0, 0, 0, 1, 1, 1, 0, 1]",101011101000011101,"[""101011101000011101""]",1,0.000244140625,False,False,,,,7.403453360399853,0.25928855693407143,{},{}
"[1, 0, 1, 0, 1, 1, 1, 0, 1, 0, 0, 1, 0, 1, 0, 0, 1, 1]",101011101001010011,"[""101011101001010011""]",1,0.000244140625,False,False,,,,5.399116466661784,0.18701066662720012,{},{}
"[1, 0, 1, 0, 1, 1, 1, 0, 1, 0, 1, 0, 1, 1, 0, 0, 0, 0]",101011101010110000,"[""101011101010110000""]",1,0.000244140625,False,False,,,,6.025904550680126,0.20961311461080345,{},{}
"[1, 0, 1, 0, 1, 1, 1, 0, 1, 1, 0, 0, 1, 0, 0, 1, 1, 0]",101011101100100110,"[""101011101100100110""]",1,0.000244140625,False,False,,,,5.399390008989851,0.1870205307685249,{},{}
"[1, 0, 1, 0, 1, 1, 1, 0, 1, 1, 1, 0, 0, 0, 0, 1, 1, 0]",101011101110000110,"[""101011101110000110""]",1,0.000244140625,False,False,,,,7.307028423958187,0.2558114014714586,{},{}
"[1, 0, 1, 0, 1, 1, 1, 0, 1, 1, 1, 0, 1, 1, 0, 1, 1, 1]",101011101110110111,"[""101011101110110111""]",1,0.000244140625,False,False,,,,11.221207660126636,0.39695963775702364,{},{}
"[1, 0, 1, 0, 1, 1, 1, 0, 1, 1, 1, 1, 1, 0, 1, 0, 1, 1]",101011101111101011,"[""101011101111101011""]",1,0.000244140625,False,False,,,,11.173056051091162,0.3952232546535452,{},{}
"[1, 0, 1, 0, 1, 1, 1, 1, 0, 0, 0, 0, 1, 1, 1, 1, 1, 0]",101011110000111110,"[""101011110000111110""]",1,0.000244140625,False,False,,,,10.598075854892,0.3744890379261364,{},{}
"[1, 0, 1, 0, 1, 1, 1, 1, 0, 0, 1, 0, 0, 0, 0, 0, 1, 1]",101011110010000011,"[""101011110010000011""]",1,0.000244140625,False,False,,,,6.081878385125492,0.21163157302402558,{},{}
"[1, 0, 1, 0, 1, 1, 1, 1, 0, 0, 1, 0, 1, 0, 0, 0, 1, 0]",101011110010100010,"[""101011110010100010""]",1,0.000244140625,False,False,,,,4.024874520161384,0.13745447226956758,{},{}
"[1, 0, 1, 0, 1, 1, 1, 1, 0, 1, 0, 1, 0, 1, 0, 0, 1, 1]",101011110101010011,"[""101011110101010011""]",1,0.000244140625,False,False,,,,6.577923989962542,0.22951934923850828,{},{}
"[1, 0, 1, 0, 1, 1, 1, 1, 0, 1, 0, 1, 1, 0, 1, 0, 0, 1]",101011110101101001,"[""101011110101101001""]",1,0.000244140625,False,False,,,,6.595714672568322,0.230160894584444,{},{}
"[1, 0, 1, 0, 1, 1, 1, 1, 0, 1, 0, 1, 1, 1, 1, 1, 0, 0]",101011110101111100,"[""101011110101111100""]",1,0.000244140625,False,False,,,,9.877541340532648,0.3485060234170068,{},{}
"[1, 0, 1, 0, 1, 1, 1, 1, 0, 1, 1, 0, 0, 0, 0, 1, 0, 1]",101011110110000101,"[""101011110110000101""]",1,0.000244140625,False,False,,,,7.30369613928335,0.2556912367890882,{},{}
"[1, 0, 1, 0, 1, 1, 1, 1, 0, 1, 1, 1, 1, 0, 1, 1, 0, 0]",101011110111101100,"[""101011110111101100""]",1,0.000244140625,False,False,,,,9.858864002002978,0.34783250459405374,{},{}
"[1, 0, 1, 0, 1, 1, 1, 1, 1, 0, 0, 1, 1, 0, 0, 0, 1, 1]",101011111001100011,"[""101011111001100011""]",1,0.000244140625,False,False,,,,8.655863622338641,0.30445140945373433,{},{}
"[1, 0, 1, 0, 1, 1, 1, 1, 1, 1, 0, 0, 1, 0, 1, 0, 1, 1]",101011111100101011,"[""101011111100101011""]",1,0.000244140625,False,False,,,,9.92730123851081,0.3503004026249049,{},{}
"[1, 0, 1, 0, 1, 1, 1, 1, 1, 1, 1, 0, 1, 0, 1, 0, 1, 1]",101011111110101011,"[""101011111110101011""]",1,0.000244140625,False,False,,,,11.183116200923688,0.39558603119492286,{},{}
"[1, 0, 1, 0, 1, 1, 1, 1, 1, 1, 1, 0, 1, 1, 0, 1, 0, 1]",101011111110110101,"[""101011111110110101""]",1,0.000244140625,False,False,,,,11.229855375734532,0.3972714808618756,{},{}
"[1, 0, 1, 0, 1, 1, 1, 1, 1, 1, 1, 1, 1, 1, 1, 0, 0, 1]",101011111111111001,"[""101011111111111001""]",1,0.000244140625,False,False,,,,16.45075171215722,0.5855409149507432,{},{}
"[1, 0, 1, 1, 0, 0, 0, 0, 0, 1, 0, 1, 1, 0, 1, 0, 0, 1]",101100000101101001,"[""101100000101101001""]",1,0.000244140625,False,False,,,,4.901560630828117,0.16906843035131133,{},{}
"[1, 0, 1, 1, 0, 0, 0, 0, 0, 1, 1, 0, 1, 1, 0, 1, 0, 1]",101100000110110101,"[""101100000110110101""]",1,0.000244140625,False,False,,,,6.055813859816684,0.21069166671034334,{},{}
"[1, 0, 1, 1, 0, 0, 0, 0, 0, 1, 1, 1, 1, 0, 0, 1, 0, 1]",101100000111100101,"[""101100000111100101""]",1,0.000244140625,False,False,,,,8.100711710426765,0.28443221551574155,{},{}
"[1, 0, 1, 1, 0, 0, 0, 0, 1, 0, 0, 0, 0, 1, 0, 1, 0, 1]",101100001000010101,"[""101100001000010101""]",1,0.000244140625,False,False,,,,3.6026837451761455,0.12222995656150928,{},{}
"[1, 0, 1, 1, 0, 0, 0, 0, 1, 0, 0, 0, 1, 0, 0, 1, 1, 1]",101100001000100111,"[""101100001000100111""]",1,0.000244140625,False,False,,,,6.896245901856818,0.24099827591098946,{},{}
"[1, 0, 1, 1, 0, 0, 0, 0, 1, 0, 1, 0, 1, 1, 1, 1, 0, 0]",101100001010111100,"[""101100001010111100""]",1,0.000244140625,False,False,,,,6.0585815163957095,0.21079147048048338,{},{}
"[1, 0, 1, 1, 0, 0, 0, 0, 1, 0, 1, 1, 1, 1, 0, 1, 0, 1]",101100001011110101,"[""101100001011110101""]",1,0.000244140625,False,False,,,,5.283075104473154,0.18282612815288823,{},{}
"[1, 0, 1, 1, 0, 0, 0, 0, 1, 0, 1, 1, 1, 1, 1, 1, 0, 0]",101100001011111100,"[""101100001011111100""]",1,0.000244140625,False,False,,,,7.31242804400074,0.25600611581631433,{},{}
"[1, 0, 1, 1, 0, 0, 0, 0, 1, 1, 0, 0, 0, 1, 0, 1, 0, 1]",101100001100010101,"[""101100001100010101""]",1,0.000244140625,False,False,,,,2.8540028698963074,0.09523196318654917,{},{}
"[1, 0, 1, 1, 0, 0, 0, 0, 1, 1, 1, 1, 0, 1, 1, 1, 0, 0]",101100001111011100,"[""101100001111011100""]",1,0.000244140625,False,False,,,,7.275073366941399,0.2546590781704082,{},{}
"[1, 0, 1, 1, 0, 0, 0, 0, 1, 1, 1, 1, 1, 0, 1, 1, 0, 0]",101100001111101100,"[""101100001111101100""]",1,0.000244140625,False,False,,,,7.410611885538271,0.25954669871469227,{},{}
"[1, 0, 1, 1, 0, 0, 0, 0, 1, 1, 1, 1, 1, 0, 1, 1, 0, 1]",101100001111101101,"[""101100001111101101""]",1,0.000244140625,False,False,,,,8.688255183360052,0.3056194734162789,{},{}
"[1, 0, 1, 1, 0, 0, 0, 0, 1, 1, 1, 1, 1, 1, 1, 0, 1, 0]",101100001111111010,"[""101100001111111010""]",1,0.000244140625,False,False,,,,10.49527021984145,0.3707817896904099,{},{}
"[1, 0, 1, 1, 0, 0, 0, 1, 0, 0, 0, 1, 0, 1, 1, 1, 0, 1]",101100010001011101,"[""101100010001011101""]",1,0.000244140625,False,False,,,,4.075366348923868,0.13927524545000933,{},{}
"[1, 0, 1, 1, 0, 0, 0, 1, 0, 0, 1, 0, 1, 1, 0, 1, 1, 1]",101100010010110111,"[""101100010010110111""]",1,0.000244140625,False,False,,,,7.289022313764445,0.25516208764527365,{},{}
"[1, 0, 1, 1, 0, 0, 0, 1, 0, 0, 1, 1, 1, 1, 0, 1, 1, 1]",101100010011110111,"[""101100010011110111""]",1,0.000244140625,False,False,,,,8.519176292341985,0.2995223619095302,{},{}
"[1, 0, 1, 1, 0, 0, 0, 1, 0, 1, 0, 0, 1, 1, 0, 1, 1, 0]",101100010100110110,"[""101100010100110110""]",1,0.000244140625,False,False,,,,4.083244208500842,0.13955932696950654,{},{}
"[1, 0, 1, 1, 0, 0, 0, 1, 1, 0, 1, 0, 0, 1, 0, 1, 1, 1]",101100011010010111,"[""101100011010010111""]",1,0.000244140625,False,False,,,,7.308191178902199,0.255853331286032,{},{}
"[1, 0, 1, 1, 0, 0, 0, 1, 1, 0, 1, 1, 0, 1, 0, 1, 1, 1]",101100011011010111,"[""101100011011010111""]",1,0.000244140625,False,False,,,,8.538345157479739,0.30021360555028853,{},{}
"[1, 0, 1, 1, 0, 0, 0, 1, 1, 1, 0, 0, 0, 0, 1, 0, 0, 0]",101100011100001000,"[""101100011100001000""]",1,0.000244140625,False,False,,,,3.5815114506390646,0.12146646775537254,{},{}
"[1, 0, 1, 1, 0, 0, 0, 1, 1, 1, 0, 0, 1, 1, 1, 0, 0, 0]",101100011100111000,"[""101100011100111000""]",1,0.000244140625,False,False,,,,8.06088573587041,0.2829960610302648,{},{}
"[1, 0, 1, 1, 0, 0, 0, 1, 1, 1, 0, 1, 0, 0, 1, 0, 1, 1]",101100011101001011,"[""101100011101001011""]",1,0.000244140625,False,False,,,,5.315046477839051,0.18397903983371383,{},{}
"[1, 0, 1, 1, 0, 0, 0, 1, 1, 1, 0, 1, 0, 0, 1, 1, 1, 0]",101100011101001110,"[""101100011101001110""]",1,0.000244140625,False,False,,,,5.333757189846171,0.18465376212927162,{},{}
"[1, 0, 1, 1, 0, 0, 0, 1, 1, 1, 1, 0, 0, 0, 1, 1, 1, 1]",101100011110001111,"[""101100011110001111""]",1,0.000244140625,False,False,,,,8.578089505253088,0.30164681651280434,{},{}
"[1, 0, 1, 1, 0, 0, 0, 1, 1, 1, 1, 0, 0, 1, 0, 0, 0, 0]",101100011110010000,"[""101100011110010000""]",1,0.000244140625,False,False,,,,4.72379767072186,0.1626581648059704,{},{}
"[1, 0, 1, 1, 0, 0, 0, 1, 1, 1, 1, 0, 1, 0, 1, 1, 1, 1]",101100011110101111,"[""101100011110101111""]",1,0.000244140625,False,False,,,,9.898884151817418,0.34927566118483927,{},{}
"[1, 0, 1, 1, 0, 0, 0, 1, 1, 1, 1, 0, 1, 1, 0, 0, 0, 1]",101100011110110001,"[""101100011110110001""]",1,0.000244140625,False,False,,,,5.274319737638146,0.1825104030641199,{},{}
"[1, 0, 1, 1, 0, 0, 0, 1, 1, 1, 1, 1, 0, 0, 1, 0, 0, 1]",101100011111001001,"[""101100011111001001""]",1,0.000244140625,False,False,,,,7.303701759517722,0.2556914394589512,{},{}
"[1, 0, 1, 1, 0, 0, 1, 0, 0, 0, 0, 0, 1, 0, 0, 1, 1, 0]",101100100000100110,"[""101100100000100110""]",1,0.000244140625,False,False,,,,3.6986075727093732,0.12568904166138567,{},{}
"[1, 0, 1, 1, 0, 0, 1, 0, 0, 0, 0, 1, 0, 0, 0, 1, 0, 0]",101100100001000100,"[""101100100001000100""]",1,0.000244140625,False,False,,,,2.4371979176100695,0.08020166428079929,{},{}
"[1, 0, 1, 1, 0, 0, 1, 0, 0, 0, 0, 1, 0, 0, 1, 0, 0, 0]",101100100001001000,"[""101100100001001000""]",1,0.000244140625,False,False,,,,2.43593942622599,0.08015628213845842,{},{}
"[1, 0, 1, 1, 0, 0, 1, 0, 0, 0, 0, 1, 1, 1, 1, 0, 0, 0]",101100100001111000,"[""101100100001111000""]",1,0.000244140625,False,False,,,,6.884037496796676,0.2405580316763423,{},{}
"[1, 0, 1, 1, 0, 0, 1, 0, 0, 0, 1, 1, 0, 0, 0, 0, 1, 1]",101100100011000011,"[""101100100011000011""]",1,0.000244140625,False,False,,,,4.744946271184476,0.16342079918602717,{},{}
"[1, 0, 1, 1, 0, 0, 1, 0, 0, 0, 1, 1, 1, 0, 1, 1, 0, 0]",101100100011101100,"[""101100100011101100""]",1,0.000244140625,False,False,,,,4.207176884707619,0.14402843214054623,{},{}
"[1, 0, 1, 1, 0, 0, 1, 0, 0, 1, 0, 0, 0, 0, 1, 1, 1, 1]",101100100100001111,"[""101100100100001111""]",1,0.000244140625,False,False,,,,6.178388841314187,0.2151118123927992,{},{}
"[1, 0, 1, 1, 0, 0, 1, 0, 0, 1, 0, 1, 0, 0, 1, 0, 0, 0]",101100100101001000,"[""101100100101001000""]",1,0.000244140625,False,False,,,,3.6927029064305392,0.12547611497080108,{},{}
"[1, 0, 1, 1, 0, 0, 1, 0, 0, 1, 1, 0, 1, 1, 1, 0, 0, 0]",101100100110111000,"[""101100100110111000""]",1,0.000244140625,False,False,,,,8.077756567276314,0.28360443585265677,{},{}
"[1, 0, 1, 1, 0, 0, 1, 0, 0, 1, 1, 1, 0, 1, 1, 0, 1, 1]",101100100111011011,"[""101100100111011011""]",1,0.000244140625,False,False,,,,8.515899662101676,0.29940420416777275,{},{}
"[1, 0, 1, 1, 0, 0, 1, 0, 1, 0, 0, 0, 1, 1, 0, 0, 1, 1]",101100101000110011,"[""101100101000110011""]",1,0.000244140625,False,False,,,,6.090178261915915,0.2119308728004718,{},{}
"[1, 0, 1, 1, 0, 0, 1, 0, 1, 0, 0, 1, 0, 0, 1, 1, 1, 1]",101100101001001111,"[""101100101001001111""]",1,0.000244140625,False,False,,,,7.426060008897268,0.26010376961882864,{},{}
"[1, 0, 1, 1, 0, 0, 1, 0, 1, 0, 0, 1, 0, 1, 0, 1, 1, 1]",101100101001010111,"[""101100101001010111""]",1,0.000244140625,False,False,,,,7.328012448542852,0.25656810112203404,{},{}
"[1, 0, 1, 1, 0, 0, 1, 0, 1, 0, 1, 0, 0, 0, 1, 0, 1, 0]",101100101010001010,"[""101100101010001010""]",1,0.000244140625,False,False,,,,2.7780279461246282,0.09249225050471498,{},{}
"[1, 0, 1, 1, 0, 0, 1, 0, 1, 0, 1, 1, 0, 0, 0, 0, 1, 0]",101100101011000010,"[""101100101011000010""]",1,0.000244140625,False,False,,,,4.765806971015118,0.16417305165356105,{},{}
"[1, 0, 1, 1, 0, 0, 1, 0, 1, 0, 1, 1, 0, 1, 0, 1, 0, 0]",101100101011010100,"[""101100101011010100""]",1,0.000244140625,False,False,,,,4.0217882467924095,0.13734317893923143,{},{}
"[1, 0, 1, 1, 0, 0, 1, 0, 1, 1, 0, 1, 1, 1, 0, 0, 0, 0]",101100101101110000,"[""101100101101110000""]",1,0.000244140625,False,False,,,,6.127074905029767,0.21326139339908295,{},{}
"[1, 0, 1, 1, 0, 0, 1, 0, 1, 1, 1, 0, 1, 1, 1, 1, 0, 0]",101100101110111100,"[""101100101110111100""]",1,0.000244140625,False,False,,,,8.712843459094834,0.3065061450641171,{},{}
"[1, 0, 1, 1, 0, 0, 1, 1, 0, 0, 0, 0, 0, 1, 0, 0, 1, 1]",101100110000010011,"[""101100110000010011""]",1,0.000244140625,False,False,,,,4.768284237887528,0.1642623837532816,{},{}
"[1, 0, 1, 1, 0, 0, 1, 1, 0, 0, 0, 0, 0, 1, 1, 1, 1, 1]",101100110000011111,"[""101100110000011111""]",1,0.000244140625,False,False,,,,9.337591258837696,0.3290350188678913,{},{}
"[1, 0, 1, 1, 0, 0, 1, 1, 0, 0, 0, 0, 1, 0, 0, 1, 0, 1]",101100110000100101,"[""101100110000100101""]",1,0.000244140625,False,False,,,,4.947166003414022,0.17071299426043568,{},{}
"[1, 0, 1, 1, 0, 0, 1, 1, 0, 0, 0, 1, 1, 0, 1, 1, 1, 1]",101100110001101111,"[""101100110001101111""]",1,0.000244140625,False,False,,,,8.689243726958779,0.30565512103919873,{},{}
"[1, 0, 1, 1, 0, 0, 1, 1, 0, 0, 1, 1, 0, 1, 1, 1, 1, 1]",101100110011011111,"[""101100110011011111""]",1,0.000244140625,False,False,,,,9.841808393371219,0.3472174665664375,{},{}
"[1, 0, 1, 1, 0, 0, 1, 1, 0, 1, 0, 1, 0, 0, 0, 1, 1, 1]",101100110101000111,"[""101100110101000111""]",1,0.000244140625,False,False,,,,9.368585361577564,0.33015268943763976,{},{}
"[1, 0, 1, 1, 0, 0, 1, 1, 0, 1, 1, 0, 1, 0, 0, 0, 1, 1]",101100110110100011,"[""101100110110100011""]",1,0.000244140625,False,False,,,,5.31681434892613,0.1840427905898406,{},{}
"[1, 0, 1, 1, 0, 0, 1, 1, 0, 1, 1, 0, 1, 1, 1, 0, 1, 1]",101100110110111011,"[""101100110110111011""]",1,0.000244140625,False,False,,,,9.844032280756338,0.3472976616119803,{},{}
"[1, 0, 1, 1, 0, 0, 1, 1, 0, 1, 1, 0, 1, 1, 1, 1, 1, 1]",101100110110111111,"[""101100110110111111""]",1,0.000244140625,False,False,,,,13.224426215401937,0.469197199940918,{},{}
"[1, 0, 1, 1, 0, 0, 1, 1, 0, 1, 1, 1, 0, 0, 0, 1, 0, 1]",101100110111000101,"[""101100110111000101""]",1,0.000244140625,False,False,,,,9.3479019739914,0.3294068309825079,{},{}
"[1, 0, 1, 1, 0, 0, 1, 1, 1, 0, 1, 0, 1, 1, 0, 0, 1, 1]",101100111010110011,"[""101100111010110011""]",1,0.000244140625,False,False,,,,8.589746180088344,0.30206716494211167,{},{}
"[1, 0, 1, 1, 0, 0, 1, 1, 1, 1, 0, 0, 1, 0, 0, 1, 0, 0]",101100111100100100,"[""101100111100100100""]",1,0.000244140625,False,False,,,,6.30053227166721,0.21951639601760894,{},{}
"[1, 0, 1, 1, 0, 0, 1, 1, 1, 1, 0, 0, 1, 0, 0, 1, 1, 0]",101100111100100110,"[""101100111100100110""]",1,0.000244140625,False,False,,,,7.494679957097887,0.26257825637023385,{},{}
"[1, 0, 1, 1, 0, 0, 1, 1, 1, 1, 0, 1, 0, 1, 1, 1, 0, 1]",101100111101011101,"[""101100111101011101""]",1,0.000244140625,False,False,,,,9.958446244221369,0.35142351486885326,{},{}
"[1, 0, 1, 1, 0, 0, 1, 1, 1, 1, 0, 1, 1, 1, 0, 0, 0, 0]",101100111101110000,"[""101100111101110000""]",1,0.000244140625,False,False,,,,9.358228984658327,0.3297792307255421,{},{}
"[1, 0, 1, 1, 0, 0, 1, 1, 1, 1, 0, 1, 1, 1, 1, 0, 0, 0]",101100111101111000,"[""101100111101111000""]",1,0.000244140625,False,False,,,,12.666666374930033,0.44908396214483987,{},{}
"[1, 0, 1, 1, 0, 0, 1, 1, 1, 1, 1, 0, 0, 1, 1, 1, 1, 1]",101100111110011111,"[""101100111110011111""]",1,0.000244140625,False,False,,,,13.169614401448996,0.4672206448573947,{},{}
"[1, 0, 1, 1, 0, 0, 1, 1, 1, 1, 1, 1, 0, 1, 0, 0, 0, 1]",101100111111010001,"[""101100111111010001""]",1,0.000244140625,False,False,,,,10.538066341964056,0.3723250499227596,{},{}
"[1, 0, 1, 1, 0, 1, 0, 0, 0, 0, 0, 0, 1, 0, 1, 0, 0, 1]",101101000000101001,"[""101101000000101001""]",1,0.000244140625,False,False,,,,5.692737246771838,0.19759885197813337,{},{}
"[1, 0, 1, 1, 0, 1, 0, 0, 0, 0, 0, 1, 0, 0, 1, 0, 1, 1]",101101000001001011,"[""101101000001001011""]",1,0.000244140625,False,False,,,,4.8927101260696615,0.16874927451773333,{},{}
"[1, 0, 1, 1, 0, 1, 0, 0, 0, 0, 0, 1, 0, 1, 1, 0, 0, 1]",101101000001011001,"[""101101000001011001""]",1,0.000244140625,False,False,,,,4.879924254825994,0.16828820641979295,{},{}
"[1, 0, 1, 1, 0, 1, 0, 0, 0, 0, 1, 0, 0, 0, 0, 0, 1, 0]",101101000010000010,"[""101101000010000010""]",1,0.000244140625,False,False,,,,4.274644314206413,0.14646135820394168,{},{}
"[1, 0, 1, 1, 0, 1, 0, 0, 0, 0, 1, 1, 1, 0, 1, 0, 0, 0]",101101000011101000,"[""101101000011101000""]",1,0.000244140625,False,False,,,,6.812140567674714,0.23796537453735875,{},{}
"[1, 0, 1, 1, 0, 1, 0, 0, 0, 1, 0, 1, 0, 1, 1, 0, 0, 1]",101101000101011001,"[""101101000101011001""]",1,0.000244140625,False,False,,,,6.108461204026164,0.2125901693930057,{},{}
"[1, 0, 1, 1, 0, 1, 0, 0, 0, 1, 0, 1, 1, 0, 1, 0, 0, 0]",101101000101101000,"[""101101000101101000""]",1,0.000244140625,False,False,,,,6.910920932010416,0.2415274684948338,{},{}
"[1, 0, 1, 1, 0, 1, 0, 0, 0, 1, 0, 1, 1, 1, 1, 0, 1, 1]",101101000101111011,"[""101101000101111011""]",1,0.000244140625,False,False,,,,10.603074521359288,0.37466929358461976,{},{}
"[1, 0, 1, 1, 0, 1, 0, 0, 0, 1, 1, 0, 1, 1, 1, 1, 1, 1]",101101000110111111,"[""101101000110111111""]",1,0.000244140625,False,False,,,,13.892794038073767,0.4932990444574965,{},{}
"[1, 0, 1, 1, 0, 1, 0, 0, 1, 0, 0, 0, 0, 0, 1, 1, 1, 0]",101101001000001110,"[""101101001000001110""]",1,0.000244140625,False,False,,,,4.89452912735286,0.16881486906704582,{},{}
"[1, 0, 1, 1, 0, 1, 0, 0, 1, 0, 0, 0, 1, 0, 1, 1, 0, 0]",101101001000101100,"[""101101001000101100""]",1,0.000244140625,False,False,,,,5.005657322394725,0.17282223505243996,{},{}
"[1, 0, 1, 1, 0, 1, 0, 0, 1, 0, 0, 0, 1, 1, 1, 0, 0, 1]",101101001000111001,"[""101101001000111001""]",1,0.000244140625,False,False,,,,8.19839969220575,0.2879549173396615,{},{}
"[1, 0, 1, 1, 0, 1, 0, 0, 1, 0, 0, 1, 1, 1, 1, 1, 0, 0]",101101001001111100,"[""101101001001111100""]",1,0.000244140625,False,False,,,,7.424263585493728,0.26003898924477503,{},{}
"[1, 0, 1, 1, 0, 1, 0, 0, 1, 0, 1, 0, 0, 0, 0, 0, 1, 1]",101101001010000011,"[""101101001010000011""]",1,0.000244140625,False,False,,,,4.888175111470316,0.1685857384930383,{},{}
"[1, 0, 1, 1, 0, 1, 0, 0, 1, 0, 1, 0, 0, 1, 1, 1, 0, 1]",101101001010011101,"[""101101001010011101""]",1,0.000244140625,False,False,,,,5.400674697487441,0.18706685759840933,{},{}
"[1, 0, 1, 1, 0, 1, 0, 0, 1, 0, 1, 1, 0, 0, 0, 0, 1, 0]",101101001011000010,"[""101101001011000010""]",1,0.000244140625,False,False,,,,4.792551292979563,0.16513747194404066,{},{}
"[1, 0, 1, 1, 0, 1, 0, 0, 1, 1, 1, 0, 1, 0, 0, 0, 0, 0]",101101001110100000,"[""101101001110100000""]",1,0.000244140625,False,False,,,,4.840637331535745,0.16687149052690164,{},{}
"[1, 0, 1, 1, 0, 1, 0, 1, 0, 0, 0, 0, 0, 0, 1, 0, 0, 1]",101101010000001001,"[""101101010000001001""]",1,0.000244140625,False,False,,,,3.647133408406839,0.12383284472527188,{},{}
"[1, 0, 1, 1, 0, 1, 0, 1, 0, 0, 1, 0, 1, 0, 0, 0, 1, 0]",101101010010100010,"[""101101010010100010""]",1,0.000244140625,False,False,,,,2.751657998189353,0.09154133042225862,{},{}
"[1, 0, 1, 1, 0, 1, 0, 1, 0, 0, 1, 0, 1, 1, 1, 0, 0, 1]",101101010010111001,"[""101101010010111001""]",1,0.000244140625,False,False,,,,7.3055837247786926,0.25575930453648316,{},{}
"[1, 0, 1, 1, 0, 1, 0, 1, 0, 0, 1, 1, 0, 0, 0, 1, 0, 0]",101101010011000100,"[""101101010011000100""]",1,0.000244140625,False,False,,,,4.766950590569628,0.16421429143165026,{},{}
"[1, 0, 1, 1, 0, 1, 0, 1, 0, 0, 1, 1, 0, 0, 1, 1, 1, 1]",101101010011001111,"[""101101010011001111""]",1,0.000244140625,False,False,,,,8.605030033626619,0.3026183121534198,{},{}
"[1, 0, 1, 1, 0, 1, 0, 1, 0, 1, 0, 0, 0, 0, 1, 1, 1, 1]",101101010100001111,"[""101101010100001111""]",1,0.000244140625,False,False,,,,7.392746907738752,0.25890247422839835,{},{}
"[1, 0, 1, 1, 0, 1, 0, 1, 0, 1, 0, 1, 1, 0, 1, 1, 0, 0]",101101010101101100,"[""101101010101101100""]",1,0.000244140625,False,False,,,,5.45034490525382,0.1888580025100626,{},{}
"[1, 0, 1, 1, 0, 1, 0, 1, 0, 1, 0, 1, 1, 1, 1, 1, 1, 1]",101101010101111111,"[""101101010101111111""]",1,0.000244140625,False,False,,,,13.211616176125775,0.4687352603256159,{},{}
"[1, 0, 1, 1, 0, 1, 0, 1, 0, 1, 1, 0, 1, 1, 0, 1, 0, 0]",101101010110110100,"[""101101010110110100""]",1,0.000244140625,False,False,,,,5.322989565046589,0.1842654735104465,{},{}
"[1, 0, 1, 1, 0, 1, 0, 1, 0, 1, 1, 1, 0, 0, 1, 0, 0, 0]",101101010111001000,"[""101101010111001000""]",1,0.000244140625,False,False,,,,8.022455579390098,0.2816102407905447,{},{}
"[1, 0, 1, 1, 0, 1, 0, 1, 0, 1, 1, 1, 1, 1, 1, 1, 0, 0]",101101010111111100,"[""101101010111111100""]",1,0.000244140625,False,False,,,,11.869478450238331,0.4203367682200849,{},{}
"[1, 0, 1, 1, 0, 1, 0, 1, 1, 0, 1, 0, 1, 0, 0, 1, 0, 0]",101101011010100100,"[""101101011010100100""]",1,0.000244140625,False,False,,,,4.1247238126155406,0.14105511257597877,{},{}
"[1, 0, 1, 1, 0, 1, 0, 1, 1, 0, 1, 0, 1, 1, 1, 0, 0, 0]",101101011010111000,"[""101101011010111000""]",1,0.000244140625,False,False,,,,9.325752672878526,0.3286081105871434,{},{}
"[1, 0, 1, 1, 0, 1, 0, 1, 1, 0, 1, 1, 0, 0, 1, 1, 0, 1]",101101011011001101,"[""101101011011001101""]",1,0.000244140625,False,False,,,,6.69252166041108,0.23365182710686447,{},{}
"[1, 0, 1, 1, 0, 1, 0, 1, 1, 0, 1, 1, 1, 1, 0, 0, 1, 0]",101101011011110010,"[""101101011011110010""]",1,0.000244140625,False,False,,,,6.542215804726508,0.22823168532152366,{},{}
"[1, 0, 1, 1, 0, 1, 0, 1, 1, 1, 0, 0, 0, 0, 1, 0, 0, 0]",101101011100001000,"[""101101011100001000""]",1,0.000244140625,False,False,,,,4.869264450834674,0.16790380590010762,{},{}
"[1, 0, 1, 1, 0, 1, 0, 1, 1, 1, 0, 0, 0, 1, 1, 1, 1, 1]",101101011100011111,"[""101101011100011111""]",1,0.000244140625,False,False,,,,9.965685561517208,0.3516845700752111,{},{}
"[1, 0, 1, 1, 0, 1, 0, 1, 1, 1, 1, 1, 0, 1, 0, 1, 1, 1]",101101011111010111,"[""101101011111010111""]",1,0.000244140625,False,False,,,,13.169362822121526,0.467211572718329,{},{}
"[1, 0, 1, 1, 0, 1, 0, 1, 1, 1, 1, 1, 1, 0, 0, 1, 0, 1]",101101011111100101,"[""101101011111100101""]",1,0.000244140625,False,False,,,,9.973434227031198,0.3519639927599875,{},{}
"[1, 0, 1, 1, 0, 1, 1, 0, 0, 1, 0, 0, 0, 1, 0, 0, 0, 0]",101101100100010000,"[""101101100100010000""]",1,0.000244140625,False,False,,,,3.584315227704997,0.12156757405733681,{},{}
"[1, 0, 1, 1, 0, 1, 1, 0, 0, 1, 0, 0, 0, 1, 0, 0, 1, 1]",101101100100010011,"[""101101100100010011""]",1,0.000244140625,False,False,,,,4.0959140488749055,0.1400162109073431,{},{}
"[1, 0, 1, 1, 0, 1, 1, 0, 0, 1, 0, 0, 0, 1, 1, 0, 1, 1]",101101100100011011,"[""101101100100011011""]",1,0.000244140625,False,False,,,,5.355525188169288,0.1854387324603142,{},{}
"[1, 0, 1, 1, 0, 1, 1, 0, 0, 1, 0, 0, 1, 0, 1, 0, 1, 1]",101101100100101011,"[""101101100100101011""]",1,0.000244140625,False,False,,,,5.462035691035883,0.1892795810056723,{},{}
"[1, 0, 1, 1, 0, 1, 1, 0, 0, 1, 0, 1, 0, 0, 0, 0, 1, 0]",101101100101000010,"[""101101100101000010""]",1,0.000244140625,False,False,,,,4.836593746791039,0.16672567583101022,{},{}
"[1, 0, 1, 1, 0, 1, 1, 0, 0, 1, 0, 1, 1, 1, 1, 1, 0, 1]",101101100101111101,"[""101101100101111101""]",1,0.000244140625,False,False,,,,10.110065136915015,0.35689100575264515,{},{}
"[1, 0, 1, 1, 0, 1, 1, 0, 0, 1, 1, 0, 0, 0, 1, 0, 1, 1]",101101100110001011,"[""101101100110001011""]",1,0.000244140625,False,False,,,,5.321052816954623,0.18419563292297816,{},{}
"[1, 0, 1, 1, 0, 1, 1, 0, 0, 1, 1, 0, 1, 0, 1, 0, 1, 1]",101101100110101011,"[""101101100110101011""]",1,0.000244140625,False,False,,,,6.637953149738506,0.2316840457219467,{},{}
"[1, 0, 1, 1, 0, 1, 1, 0, 0, 1, 1, 1, 1, 0, 0, 1, 1, 1]",101101100111100111,"[""101101100111100111""]",1,0.000244140625,False,False,,,,12.007567262196934,0.42531635425401565,{},{}
"[1, 0, 1, 1, 0, 1, 1, 0, 1, 0, 1, 0, 1, 0, 1, 0, 1, 0]",101101101010101010,"[""101101101010101010""]",1,0.000244140625,False,False,,,,5.359899103584127,0.18559645912769876,{},{}
"[1, 0, 1, 1, 0, 1, 1, 0, 1, 0, 1, 1, 1, 0, 0, 1, 1, 1]",101101101011100111,"[""101101101011100111""]",1,0.000244140625,False,False,,,,10.007375135641025,0.35318792735754984,{},{}
"[1, 0, 1, 1, 0, 1, 1, 0, 1, 0, 1, 1, 1, 1, 0, 0, 1, 1]",101101101011110011,"[""101101101011110011""]",1,0.000244140625,False,False,,,,7.889988268171027,0.2768333702856657,{},{}
"[1, 0, 1, 1, 0, 1, 1, 0, 1, 1, 1, 0, 0, 0, 1, 0, 1, 0]",101101101110001010,"[""101101101110001010""]",1,0.000244140625,False,False,,,,5.323985579447124,0.1843013905360777,{},{}
"[1, 0, 1, 1, 0, 1, 1, 0, 1, 1, 1, 0, 0, 0, 1, 0, 1, 1]",101101101110001011,"[""101101101110001011""]",1,0.000244140625,False,False,,,,6.657660892857914,0.23239472170652334,{},{}
"[1, 0, 1, 1, 0, 1, 1, 0, 1, 1, 1, 1, 1, 0, 1, 0, 1, 1]",101101101111101011,"[""101101101111101011""]",1,0.000244140625,False,False,,,,11.262880124461494,0.39846237804755164,{},{}
"[1, 0, 1, 1, 0, 1, 1, 1, 0, 0, 0, 0, 0, 0, 1, 1, 0, 0]",101101110000001100,"[""101101110000001100""]",1,0.000244140625,False,False,,,,4.908575780371657,0.1693214019005446,{},{}
"[1, 0, 1, 1, 0, 1, 1, 1, 0, 0, 0, 0, 1, 0, 0, 0, 1, 0]",101101110000100010,"[""101101110000100010""]",1,0.000244140625,False,False,,,,4.826093449193719,0.16634702723141617,{},{}
"[1, 0, 1, 1, 0, 1, 1, 1, 0, 0, 1, 0, 0, 0, 1, 1, 0, 1]",101101110010001101,"[""101101110010001101""]",1,0.000244140625,False,False,,,,5.37836071456762,0.18626219865368457,{},{}
"[1, 0, 1, 1, 0, 1, 1, 1, 0, 1, 0, 1, 0, 0, 0, 1, 0, 0]",101101110101000100,"[""101101110101000100""]",1,0.000244140625,False,False,,,,6.1694440975665295,0.21478925823065403,{},{}
"[1, 0, 1, 1, 0, 1, 1, 1, 0, 1, 1, 0, 0, 0, 0, 1, 1, 1]",101101110110000111,"[""101101110110000111""]",1,0.000244140625,False,False,,,,10.656750349381445,0.37660488416424565,{},{}
"[1, 0, 1, 1, 0, 1, 1, 1, 0, 1, 1, 0, 0, 0, 1, 1, 1, 1]",101101110110001111,"[""101101110110001111""]",1,0.000244140625,False,False,,,,9.925700157940662,0.35024266645980057,{},{}
"[1, 0, 1, 1, 0, 1, 1, 1, 0, 1, 1, 1, 0, 0, 0, 0, 1, 1]",101101110111000011,"[""101101110111000011""]",1,0.000244140625,False,False,,,,10.562323787125704,0.3731997915722279,{},{}
"[1, 0, 1, 1, 0, 1, 1, 1, 0, 1, 1, 1, 0, 0, 1, 1, 1, 0]",101101110111001110,"[""101101110111001110""]",1,0.000244140625,False,False,,,,9.900462234801576,0.34933256803976,{},{}
"[1, 0, 1, 1, 0, 1, 1, 1, 1, 0, 0, 1, 1, 0, 0, 0, 1, 1]",101101111001100011,"[""101101111001100011""]",1,0.000244140625,False,False,,,,8.694220175254184,0.3058345754937552,{},{}
"[1, 0, 1, 1, 0, 1, 1, 1, 1, 0, 0, 1, 1, 1, 0, 0, 1, 1]",101101111001110011,"[""101101111001110011""]",1,0.000244140625,False,False,,,,9.931991906051683,0.3504695516113076,{},{}
"[1, 0, 1, 1, 0, 1, 1, 1, 1, 0, 1, 0, 0, 1, 1, 0, 0, 0]",101101111010011000,"[""101101111010011000""]",1,0.000244140625,False,False,,,,9.328767241192677,0.32871681817947157,{},{}
"[1, 0, 1, 1, 0, 1, 1, 1, 1, 0, 1, 0, 0, 1, 1, 1, 0, 0]",101101111010011100,"[""101101111010011100""]",1,0.000244140625,False,False,,,,8.630565606505964,0.30353914404613336,{},{}
"[1, 0, 1, 1, 0, 1, 1, 1, 1, 0, 1, 0, 1, 0, 1, 1, 0, 0]",101101111010101100,"[""101101111010101100""]",1,0.000244140625,False,False,,,,8.734827910442174,0.3072989208534089,{},{}
"[1, 0, 1, 1, 0, 1, 1, 1, 1, 1, 0, 0, 1, 0, 1, 1, 0, 1]",101101111100101101,"[""101101111100101101""]",1,0.000244140625,False,False,,,,10.208146579440161,0.36042789606590536,{},{}
"[1, 0, 1, 1, 0, 1, 1, 1, 1, 1, 0, 1, 1, 0, 0, 1, 1, 1]",101101111101100111,"[""101101111101100111""]",1,0.000244140625,False,False,,,,13.38217577341883,0.47488576721018483,{},{}
"[1, 0, 1, 1, 0, 1, 1, 1, 1, 1, 1, 0, 1, 1, 0, 1, 0, 1]",101101111110110101,"[""101101111110110101""]",1,0.000244140625,False,False,,,,11.351873952445292,0.4016715621707882,{},{}
"[1, 0, 1, 1, 0, 1, 1, 1, 1, 1, 1, 0, 1, 1, 1, 0, 1, 0]",101101111110111010,"[""101101111110111010""]",1,0.000244140625,False,False,,,,13.17636735454044,0.46746416140609254,{},{}
"[1, 0, 1, 1, 0, 1, 1, 1, 1, 1, 1, 1, 0, 0, 1, 1, 0, 0]",101101111111001100,"[""101101111111001100""]",1,0.000244140625,False,False,,,,11.969997099517537,0.4239615460351795,{},{}
"[1, 0, 1, 1, 0, 1, 1, 1, 1, 1, 1, 1, 0, 0, 1, 1, 1, 1]",101101111111001111,"[""101101111111001111""]",1,0.000244140625,False,False,,,,16.55278886204716,0.5892204510357256,{},{}
"[1, 0, 1, 1, 1, 0, 0, 0, 0, 1, 1, 0, 1, 1, 0, 0, 1, 0]",101110000110110010,"[""101110000110110010""]",1,0.000244140625,False,False,,,,5.995080715089601,0.20850158400204732,{},{}
"[1, 0, 1, 1, 1, 0, 0, 0, 0, 1, 1, 0, 1, 1, 1, 0, 0, 1]",101110000110111001,"[""101110000110111001""]",1,0.000244140625,False,False,,,,9.239721513316763,0.3255057625072349,{},{}
"[1, 0, 1, 1, 1, 0, 0, 0, 1, 0, 0, 0, 1, 1, 0, 0, 0, 0]",101110001000110000,"[""101110001000110000""]",1,0.000244140625,False,False,,,,5.525513521636845,0.19156863914326802,{},{}
"[1, 0, 1, 1, 1, 0, 0, 0, 1, 0, 0, 1, 0, 1, 0, 0, 1, 0]",101110001001010010,"[""101110001001010010""]",1,0.000244140625,False,False,,,,2.7590108145257135,0.09180647848906634,{},{}
"[1, 0, 1, 1, 1, 0, 0, 0, 1, 0, 1, 1, 1, 1, 0, 1, 0, 0]",101110001011110100,"[""101110001011110100""]",1,0.000244140625,False,False,,,,5.258203175470797,0.1819292277556701,{},{}
"[1, 0, 1, 1, 1, 0, 0, 0, 1, 0, 1, 1, 1, 1, 0, 1, 0, 1]",101110001011110101,"[""101110001011110101""]",1,0.000244140625,False,False,,,,6.545185142557413,0.22833876186873323,{},{}
"[1, 0, 1, 1, 1, 0, 0, 0, 1, 1, 0, 0, 0, 0, 0, 0, 1, 0]",101110001100000010,"[""101110001100000010""]",1,0.000244140625,False,False,,,,3.510283385086008,0.11889793033788625,{},{}
"[1, 0, 1, 1, 1, 0, 0, 0, 1, 1, 0, 0, 0, 0, 1, 0, 0, 0]",101110001100001000,"[""101110001100001000""]",1,0.000244140625,False,False,,,,3.549171984077545,0.12030028235808787,{},{}
"[1, 0, 1, 1, 1, 0, 0, 0, 1, 1, 0, 1, 0, 1, 1, 1, 1, 0]",101110001101011110,"[""101110001101011110""]",1,0.000244140625,False,False,,,,6.557866792611822,0.22879607167249244,{},{}
"[1, 0, 1, 1, 1, 0, 0, 0, 1, 1, 0, 1, 1, 1, 0, 0, 0, 0]",101110001101110000,"[""101110001101110000""]",1,0.000244140625,False,False,,,,5.99263274517189,0.2084133083724665,{},{}
"[1, 0, 1, 1, 1, 0, 0, 0, 1, 1, 1, 0, 1, 1, 1, 1, 1, 1]",101110001110111111,"[""101110001110111111""]",1,0.000244140625,False,False,,,,13.152828816321394,0.4666153440796762,{},{}
"[1, 0, 1, 1, 1, 0, 0, 1, 0, 0, 0, 0, 1, 0, 0, 1, 1, 0]",101110010000100110,"[""101110010000100110""]",1,0.000244140625,False,False,,,,4.836603713545844,0.16672603523965693,{},{}
"[1, 0, 1, 1, 1, 0, 0, 1, 0, 0, 0, 1, 1, 1, 1, 0, 0, 1]",101110010001111001,"[""101110010001111001""]",1,0.000244140625,False,False,,,,7.3092261279296356,0.2558906523234843,{},{}
"[1, 0, 1, 1, 1, 0, 0, 1, 0, 0, 1, 0, 1, 1, 0, 0, 1, 0]",101110010010110010,"[""101110010010110010""]",1,0.000244140625,False,False,,,,4.07237602101619,0.13916741198490273,{},{}
"[1, 0, 1, 1, 1, 0, 0, 1, 0, 0, 1, 1, 0, 0, 1, 0, 0, 1]",101110010011001001,"[""101110010011001001""]",1,0.000244140625,False,False,,,,4.052673170934961,0.13845691244694935,{},{}
"[1, 0, 1, 1, 1, 0, 0, 1, 0, 0, 1, 1, 0, 1, 0, 1, 1, 1]",101110010011010111,"[""101110010011010111""]",1,0.000244140625,False,False,,,,8.58641235254257,0.30194694462265925,{},{}
"[1, 0, 1, 1, 1, 0, 0, 1, 0, 0, 1, 1, 1, 1, 0, 1, 1, 1]",101110010011110111,"[""101110010011110111""]",1,0.000244140625,False,False,,,,9.857849968714739,0.3477959377938298,{},{}
"[1, 0, 1, 1, 1, 0, 0, 1, 0, 1, 0, 0, 0, 0, 0, 1, 1, 1]",101110010100000111,"[""101110010100000111""]",1,0.000244140625,False,False,,,,8.06611251212111,0.28318454249846853,{},{}
"[1, 0, 1, 1, 1, 0, 0, 1, 0, 1, 0, 0, 0, 0, 1, 1, 0, 0]",101110010100001100,"[""101110010100001100""]",1,0.000244140625,False,False,,,,2.8387717423923338,0.09468271731554738,{},{}
"[1, 0, 1, 1, 1, 0, 0, 1, 0, 1, 0, 0, 0, 0, 1, 1, 1, 1]",101110010100001111,"[""101110010100001111""]",1,0.000244140625,False,False,,,,7.335062320680329,0.2568223247940235,{},{}
"[1, 0, 1, 1, 1, 0, 0, 1, 0, 1, 1, 0, 0, 1, 1, 0, 0, 1]",101110010110011001,"[""101110010110011001""]",1,0.000244140625,False,False,,,,5.264501216413308,0.18215633983139606,{},{}
"[1, 0, 1, 1, 1, 0, 0, 1, 1, 0, 0, 0, 0, 1, 0, 0, 0, 0]",101110011000010000,"[""101110011000010000""]",1,0.000244140625,False,False,,,,5.547855228756677,0.19237429784341992,{},{}
"[1, 0, 1, 1, 1, 0, 0, 1, 1, 0, 0, 0, 1, 1, 1, 1, 0, 1]",101110011000111101,"[""101110011000111101""]",1,0.000244140625,False,False,,,,10.648796454883588,0.37631806076852575,{},{}
"[1, 0, 1, 1, 1, 0, 0, 1, 1, 0, 0, 1, 0, 0, 1, 0, 0, 0]",101110011001001000,"[""101110011001001000""]",1,0.000244140625,False,False,,,,4.838215300826211,0.1667841502846048,{},{}
"[1, 0, 1, 1, 1, 0, 0, 1, 1, 0, 1, 1, 0, 0, 0, 0, 0, 1]",101110011011000001,"[""101110011011000001""]",1,0.000244140625,False,False,,,,6.050637294658174,0.21050499589174887,{},{}
"[1, 0, 1, 1, 1, 0, 0, 1, 1, 0, 1, 1, 0, 0, 0, 1, 0, 1]",101110011011000101,"[""101110011011000101""]",1,0.000244140625,False,False,,,,7.3069729433597495,0.25580940079950537,{},{}
"[1, 0, 1, 1, 1, 0, 0, 1, 1, 0, 1, 1, 0, 1, 0, 0, 1, 0]",101110011011010010,"[""101110011011010010""]",1,0.000244140625,False,False,,,,5.333701218064302,0.18465174374487583,{},{}
"[1, 0, 1, 1, 1, 0, 0, 1, 1, 0, 1, 1, 0, 1, 1, 1, 0, 1]",101110011011011101,"[""101110011011011101""]",1,0.000244140625,False,False,,,,7.871225296044335,0.27615676345103585,{},{}
"[1, 0, 1, 1, 1, 0, 0, 1, 1, 1, 1, 0, 1, 1, 1, 1, 1, 1]",101110011110111111,"[""101110011110111111""]",1,0.000244140625,False,False,,,,14.486487282196327,0.5147080677153544,{},{}
"[1, 0, 1, 1, 1, 0, 0, 1, 1, 1, 1, 1, 0, 0, 0, 1, 1, 1]",101110011111000111,"[""101110011111000111""]",1,0.000244140625,False,False,,,,13.850585450763948,0.491776971170756,{},{}
"[1, 0, 1, 1, 1, 0, 0, 1, 1, 1, 1, 1, 0, 0, 1, 1, 0, 0]",101110011111001100,"[""101110011111001100""]",1,0.000244140625,False,False,,,,8.579747491265001,0.30170660473078,{},{}
"[1, 0, 1, 1, 1, 0, 0, 1, 1, 1, 1, 1, 0, 1, 1, 1, 0, 0]",101110011111011100,"[""101110011111011100""]",1,0.000244140625,False,False,,,,9.83556245367788,0.3469922333007979,{},{}
"[1, 0, 1, 1, 1, 0, 0, 1, 1, 1, 1, 1, 1, 1, 1, 1, 1, 1]",101110011111111111,"[""101110011111111111""]",1,0.000244140625,False,False,,,,17.76546751175119,0.6329505518459375,{},{}
"[1, 0, 1, 1, 1, 0, 1, 0, 0, 0, 0, 0, 0, 0, 1, 1, 1, 1]",101110100000001111,"[""101110100000001111""]",1,0.000244140625,False,False,,,,8.108437620843862,0.2847108176346729,{},{}
"[1, 0, 1, 1, 1, 0, 1, 0, 0, 0, 0, 0, 0, 1, 0, 1, 0, 1]",101110100000010101,"[""101110100000010101""]",1,0.000244140625,False,False,,,,4.826701941040976,0.16636896990339214,{},{}
"[1, 0, 1, 1, 1, 0, 1, 0, 0, 0, 0, 1, 1, 1, 0, 0, 0, 0]",101110100001110000,"[""101110100001110000""]",1,0.000244140625,False,False,,,,4.802430727386519,0.165493731751756,{},{}
"[1, 0, 1, 1, 1, 0, 1, 0, 0, 0, 1, 0, 1, 0, 0, 0, 1, 0]",101110100010100010,"[""101110100010100010""]",1,0.000244140625,False,False,,,,2.8027158593981385,0.09338251515686158,{},{}
"[1, 0, 1, 1, 1, 0, 1, 0, 0, 0, 1, 0, 1, 1, 1, 1, 0, 0]",101110100010111100,"[""101110100010111100""]",1,0.000244140625,False,False,,,,7.3726805153597965,0.25817886508277416,{},{}
"[1, 0, 1, 1, 1, 0, 1, 0, 0, 1, 0, 0, 0, 0, 0, 0, 1, 0]",101110100100000010,"[""101110100100000010""]",1,0.000244140625,False,False,,,,3.5635029756783005,0.12081706865391678,{},{}
"[1, 0, 1, 1, 1, 0, 1, 0, 0, 1, 0, 0, 1, 1, 1, 1, 1, 0]",101110100100111110,"[""101110100100111110""]",1,0.000244140625,False,False,,,,8.733046411249838,0.3072346786575945,{},{}
"[1, 0, 1, 1, 1, 0, 1, 0, 0, 1, 0, 1, 0, 0, 1, 1, 0, 1]",101110100101001101,"[""101110100101001101""]",1,0.000244140625,False,False,,,,5.457020788007593,0.18909873984463257,{},{}
"[1, 0, 1, 1, 1, 0, 1, 0, 0, 1, 1, 1, 0, 1, 0, 0, 0, 0]",101110100111010000,"[""101110100111010000""]",1,0.000244140625,False,False,,,,7.9935091118598445,0.2805664094808185,{},{}
"[1, 0, 1, 1, 1, 0, 1, 0, 1, 0, 0, 1, 0, 0, 1, 1, 0, 0]",101110101001001100,"[""101110101001001100""]",1,0.000244140625,False,False,,,,4.154524791634191,0.14212975821029142,{},{}
"[1, 0, 1, 1, 1, 0, 1, 0, 1, 0, 0, 1, 0, 1, 0, 0, 0, 1]",101110101001010001,"[""101110101001010001""]",1,0.000244140625,False,False,,,,4.0485463414598275,0.13830809588370058,{},{}
"[1, 0, 1, 1, 1, 0, 1, 0, 1, 0, 0, 1, 1, 1, 1, 0, 1, 0]",101110101001111010,"[""101110101001111010""]",1,0.000244140625,False,False,,,,8.60533885468514,0.3026294484722003,{},{}
"[1, 0, 1, 1, 1, 0, 1, 0, 1, 0, 1, 0, 0, 1, 0, 1, 1, 1]",101110101010010111,"[""101110101010010111""]",1,0.000244140625,False,False,,,,8.601000445713227,0.30247300219375384,{},{}
"[1, 0, 1, 1, 1, 0, 1, 0, 1, 0, 1, 1, 0, 1, 0, 1, 1, 0]",101110101011010110,"[""101110101011010110""]",1,0.000244140625,False,False,,,,6.554952279391324,0.22869097214181613,{},{}
"[1, 0, 1, 1, 1, 0, 1, 0, 1, 0, 1, 1, 1, 0, 0, 1, 0, 1]",101110101011100101,"[""101110101011100101""]",1,0.000244140625,False,False,,,,6.667245039556997,0.23274033321822354,{},{}
"[1, 0, 1, 1, 1, 0, 1, 0, 1, 1, 0, 0, 0, 0, 1, 1, 0, 0]",101110101100001100,"[""101110101100001100""]",1,0.000244140625,False,False,,,,4.178782766831365,0.1430045189732379,{},{}
"[1, 0, 1, 1, 1, 0, 1, 0, 1, 1, 1, 1, 0, 0, 0, 1, 1, 1]",101110101111000111,"[""101110101111000111""]",1,0.000244140625,False,False,,,,13.904140513566318,0.49370820686606287,{},{}
"[1, 0, 1, 1, 1, 0, 1, 1, 0, 0, 0, 0, 0, 0, 0, 1, 0, 1]",101110110000000101,"[""101110110000000101""]",1,0.000244140625,False,False,,,,6.8444237568050905,0.2391295305283058,{},{}
"[1, 0, 1, 1, 1, 0, 1, 1, 0, 0, 0, 1, 0, 0, 1, 0, 1, 0]",101110110001001010,"[""101110110001001010""]",1,0.000244140625,False,False,,,,4.090473733684005,0.13982002906494367,{},{}
"[1, 0, 1, 1, 1, 0, 1, 1, 0, 0, 0, 1, 0, 0, 1, 1, 1, 1]",101110110001001111,"[""101110110001001111""]",1,0.000244140625,False,False,,,,8.632560719759732,0.3036110893250713,{},{}
"[1, 0, 1, 1, 1, 0, 1, 1, 0, 0, 0, 1, 1, 1, 1, 1, 0, 0]",101110110001111100,"[""101110110001111100""]",1,0.000244140625,False,False,,,,8.69494540761517,0.30586072791613395,{},{}
"[1, 0, 1, 1, 1, 0, 1, 1, 0, 0, 1, 0, 1, 0, 0, 0, 1, 0]",101110110010100010,"[""101110110010100010""]",1,0.000244140625,False,False,,,,4.080255840137183,0.13945156416702567,{},{}
"[1, 0, 1, 1, 1, 0, 1, 1, 0, 0, 1, 1, 0, 1, 1, 1, 0, 0]",101110110011011100,"[""101110110011011100""]",1,0.000244140625,False,False,,,,6.6166238516368345,0.23091489524962266,{},{}
"[1, 0, 1, 1, 1, 0, 1, 1, 0, 1, 0, 1, 1, 1, 0, 0, 1, 0]",101110110101110010,"[""101110110101110010""]",1,0.000244140625,False,False,,,,6.61941263515611,0.23101546087305927,{},{}
"[1, 0, 1, 1, 1, 0, 1, 1, 0, 1, 1, 1, 0, 0, 1, 1, 1, 1]",101110110111001111,"[""101110110111001111""]",1,0.000244140625,False,False,,,,13.191613886924646,0.4680139627886189,{},{}
"[1, 0, 1, 1, 1, 0, 1, 1, 1, 0, 0, 0, 0, 1, 0, 1, 1, 1]",101110111000010111,"[""101110111000010111""]",1,0.000244140625,False,False,,,,12.647567734514618,0.4483952508601909,{},{}
"[1, 0, 1, 1, 1, 0, 1, 1, 1, 0, 1, 0, 0, 1, 1, 0, 0, 0]",101110111010011000,"[""101110111010011000""]",1,0.000244140625,False,False,,,,9.316392492352605,0.328270575463473,{},{}
"[1, 0, 1, 1, 1, 0, 1, 1, 1, 1, 0, 0, 1, 1, 0, 1, 1, 1]",101110111100110111,"[""101110111100110111""]",1,0.000244140625,False,False,,,,13.302709422680039,0.47202015105567013,{},{}
"[1, 0, 1, 1, 1, 0, 1, 1, 1, 1, 1, 0, 0, 0, 0, 1, 1, 1]",101110111110000111,"[""101110111110000111""]",1,0.000244140625,False,False,,,,13.936452059503994,0.4948733854247298,{},{}
"[1, 0, 1, 1, 1, 0, 1, 1, 1, 1, 1, 1, 0, 0, 0, 0, 0, 0]",101110111111000000,"[""101110111111000000""]",1,0.000244140625,False,False,,,,13.297222518692267,0.47182228918634495,{},{}
"[1, 0, 1, 1, 1, 1, 0, 0, 0, 0, 1, 1, 1, 1, 0, 0, 1, 0]",101111000011110010,"[""101111000011110010""]",1,0.000244140625,False,False,,,,9.261639744412228,0.32629615034462295,{},{}
"[1, 0, 1, 1, 1, 1, 0, 0, 1, 0, 0, 0, 0, 1, 0, 0, 1, 1]",101111001000010011,"[""101111001000010011""]",1,0.000244140625,False,False,,,,8.179021733810249,0.287256133639348,{},{}
"[1, 0, 1, 1, 1, 1, 0, 0, 1, 0, 0, 0, 1, 1, 1, 0, 0, 1]",101111001000111001,"[""101111001000111001""]",1,0.000244140625,False,False,,,,11.427392042450807,0.4043948010846932,{},{}
"[1, 0, 1, 1, 1, 1, 0, 0, 1, 0, 0, 1, 0, 0, 0, 0, 0, 0]",101111001001000000,"[""101111001001000000""]",1,0.000244140625,False,False,,,,7.607667458611816,0.26665267034025303,{},{}
"[1, 0, 1, 1, 1, 1, 0, 0, 1, 0, 0, 1, 0, 0, 0, 0, 1, 0]",101111001001000010,"[""101111001001000010""]",1,0.000244140625,False,False,,,,6.837728668179496,0.23888810061560634,{},{}
"[1, 0, 1, 1, 1, 1, 0, 0, 1, 0, 0, 1, 0, 0, 0, 1, 1, 1]",101111001001000111,"[""101111001001000111""]",1,0.000244140625,False,False,,,,11.438519452479035,0.4047960638284627,{},{}
"[1, 0, 1, 1, 1, 1, 0, 0, 1, 0, 1, 1, 1, 1, 0, 1, 1, 0]",101111001011110110,"[""101111001011110110""]",1,0.000244140625,False,False,,,,9.85652657662391,0.34774821528337124,{},{}
"[1, 0, 1, 1, 1, 1, 0, 0, 1, 1, 0, 0, 0, 0, 1, 1, 0, 0]",101111001100001100,"[""101111001100001100""]",1,0.000244140625,False,False,,,,6.154118062015232,0.21423658990434788,{},{}
"[1, 0, 1, 1, 1, 1, 0, 0, 1, 1, 0, 0, 1, 0, 1, 0, 0, 1]",101111001100101001,"[""101111001100101001""]",1,0.000244140625,False,False,,,,7.464318134691631,0.26148338630310486,{},{}
"[1, 0, 1, 1, 1, 1, 0, 0, 1, 1, 0, 1, 1, 1, 1, 1, 1, 1]",101111001101111111,"[""101111001101111111""]",1,0.000244140625,False,False,,,,16.564739861175234,0.5896514130195794,{},{}
"[1, 0, 1, 1, 1, 1, 0, 0, 1, 1, 1, 0, 1, 0, 0, 0, 1, 0]",101111001110100010,"[""101111001110100010""]",1,0.000244140625,False,False,,,,7.31228976747947,0.25600112946134196,{},{}
"[1, 0, 1, 1, 1, 1, 0, 0, 1, 1, 1, 0, 1, 1, 0, 0, 1, 0]",101111001110110010,"[""101111001110110010""]",1,0.000244140625,False,False,,,,8.5641015273303,0.3011423995472349,{},{}
"[1, 0, 1, 1, 1, 1, 0, 1, 0, 0, 0, 0, 1, 0, 0, 0, 1, 1]",101111010000100011,"[""101111010000100011""]",1,0.000244140625,False,False,,,,8.099160813583811,0.2843762890134442,{},{}
"[1, 0, 1, 1, 1, 1, 0, 1, 0, 0, 0, 0, 1, 0, 1, 0, 0, 0]",101111010000101000,"[""101111010000101000""]",1,0.000244140625,False,False,,,,8.822244391686185,0.31045122467124847,{},{}
"[1, 0, 1, 1, 1, 1, 0, 1, 0, 0, 1, 0, 0, 1, 0, 1, 0, 0]",101111010010010100,"[""101111010010010100""]",1,0.000244140625,False,False,,,,6.053549476450972,0.2106100113493953,{},{}
"[1, 0, 1, 1, 1, 1, 0, 1, 0, 0, 1, 0, 1, 0, 1, 0, 1, 0]",101111010010101010,"[""101111010010101010""]",1,0.000244140625,False,False,,,,7.316825126017285,0.256164677888716,{},{}
"[1, 0, 1, 1, 1, 1, 0, 1, 0, 0, 1, 0, 1, 1, 1, 0, 0, 0]",101111010010111000,"[""101111010010111000""]",1,0.000244140625,False,False,,,,11.304039254773619,0.39994660712856095,{},{}
"[1, 0, 1, 1, 1, 1, 0, 1, 0, 1, 0, 0, 1, 1, 1, 1, 0, 0]",101111010100111100,"[""101111010100111100""]",1,0.000244140625,False,False,,,,10.656034279489136,0.37657906214735315,{},{}
"[1, 0, 1, 1, 1, 1, 0, 1, 0, 1, 0, 1, 1, 1, 0, 0, 0, 0]",101111010101110000,"[""101111010101110000""]",1,0.000244140625,False,False,,,,9.265071045866236,0.32641988564624685,{},{}
"[1, 0, 1, 1, 1, 1, 0, 1, 0, 1, 1, 1, 1, 1, 0, 0, 0, 1]",101111010111110001,"[""101111010111110001""]",1,0.000244140625,False,False,,,,11.817206644630568,0.4184518077408045,{},{}
"[1, 0, 1, 1, 1, 1, 0, 1, 1, 0, 0, 1, 0, 0, 1, 0, 0, 0]",101111011001001000,"[""101111011001001000""]",1,0.000244140625,False,False,,,,8.128130030405327,0.28542094067966006,{},{}
"[1, 0, 1, 1, 1, 1, 0, 1, 1, 0, 1, 1, 0, 0, 1, 1, 1, 1]",101111011011001111,"[""101111011011001111""]",1,0.000244140625,False,False,,,,13.256532767328295,0.4703549862619278,{},{}
"[1, 0, 1, 1, 1, 1, 0, 1, 1, 1, 1, 1, 0, 1, 1, 1, 1, 0]",101111011111011110,"[""101111011111011110""]",1,0.000244140625,False,False,,,,14.469165272053703,0.5140834230496325,{},{}
"[1, 0, 1, 1, 1, 1, 1, 0, 0, 0, 0, 0, 0, 1, 1, 0, 0, 1]",101111100000011001,"[""101111100000011001""]",1,0.000244140625,False,False,,,,8.1031372041265,0.28451968063606,{},{}
"[1, 0, 1, 1, 1, 1, 1, 0, 0, 0, 0, 0, 1, 0, 1, 0, 1, 0]",101111100000101010,"[""101111100000101010""]",1,0.000244140625,False,False,,,,8.104381927017773,0.284564566276233,{},{}
"[1, 0, 1, 1, 1, 1, 1, 0, 0, 0, 0, 1, 1, 0, 1, 0, 1, 1]",101111100001101011,"[""101111100001101011""]",1,0.000244140625,False,False,,,,8.674667582426263,0.305129494344949,{},{}
"[1, 0, 1, 1, 1, 1, 1, 0, 0, 0, 1, 1, 0, 0, 0, 0, 1, 1]",101111100011000011,"[""101111100011000011""]",1,0.000244140625,False,False,,,,9.325678798373163,0.32860544661712326,{},{}
"[1, 0, 1, 1, 1, 1, 1, 0, 0, 0, 1, 1, 1, 1, 0, 0, 1, 1]",101111100011110011,"[""101111100011110011""]",1,0.000244140625,False,False,,,,9.862270046223047,0.3479553291008957,{},{}
"[1, 0, 1, 1, 1, 1, 1, 0, 0, 1, 0, 0, 0, 0, 1, 0, 0, 1]",101111100100001001,"[""101111100100001001""]",1,0.000244140625,False,False,,,,6.15340516819421,0.21421088241896594,{},{}
"[1, 0, 1, 1, 1, 1, 1, 0, 0, 1, 0, 0, 0, 0, 1, 1, 1, 1]",101111100100001111,"[""101111100100001111""]",1,0.000244140625,False,False,,,,10.733180620545001,0.3793610170142384,{},{}
"[1, 0, 1, 1, 1, 1, 1, 0, 0, 1, 0, 0, 1, 0, 0, 0, 0, 0]",101111100100100000,"[""101111100100100000""]",1,0.000244140625,False,False,,,,6.912932572409921,0.24160000975503138,{},{}
"[1, 0, 1, 1, 1, 1, 1, 0, 0, 1, 0, 1, 1, 0, 0, 1, 0, 1]",101111100101100101,"[""101111100101100101""]",1,0.000244140625,False,False,,,,8.833463250016361,0.3108557851093116,{},{}
"[1, 0, 1, 1, 1, 1, 1, 0, 0, 1, 1, 1, 0, 1, 0, 0, 0, 1]",101111100111010001,"[""101111100111010001""]",1,0.000244140625,False,False,,,,10.561758890991548,0.3731794209943341,{},{}
"[1, 0, 1, 1, 1, 1, 1, 0, 0, 1, 1, 1, 1, 1, 0, 0, 0, 0]",101111100111110000,"[""101111100111110000""]",1,0.000244140625,False,False,,,,12.565102401816647,0.4454214891689876,{},{}
"[1, 0, 1, 1, 1, 1, 1, 0, 1, 0, 0, 0, 0, 1, 1, 1, 1, 1]",101111101000011111,"[""101111101000011111""]",1,0.000244140625,False,False,,,,13.999998763726746,0.49716492719673666,{},{}
"[1, 0, 1, 1, 1, 1, 1, 0, 1, 0, 0, 1, 1, 0, 1, 0, 1, 1]",101111101001101011,"[""101111101001101011""]",1,0.000244140625,False,False,,,,10.011275658329554,0.3533285831284942,{},{}
"[1, 0, 1, 1, 1, 1, 1, 0, 1, 0, 1, 1, 0, 1, 0, 1, 0, 0]",101111101011010100,"[""101111101011010100""]",1,0.000244140625,False,False,,,,8.583151683720619,0.3018293624616082,{},{}
"[1, 0, 1, 1, 1, 1, 1, 0, 1, 0, 1, 1, 0, 1, 1, 1, 1, 0]",101111101011011110,"[""101111101011011110""]",1,0.000244140625,False,False,,,,11.171981737771818,0.39518451411022965,{},{}
"[1, 0, 1, 1, 1, 1, 1, 0, 1, 1, 0, 0, 0, 1, 1, 0, 0, 0]",101111101100011000,"[""101111101100011000""]",1,0.000244140625,False,False,,,,9.353494777558716,0.3296085116700257,{},{}
"[1, 0, 1, 1, 1, 1, 1, 0, 1, 1, 0, 0, 0, 1, 1, 0, 1, 1]",101111101100011011,"[""101111101100011011""]",1,0.000244140625,False,False,,,,9.956405031540346,0.3513499072100246,{},{}
"[1, 0, 1, 1, 1, 1, 1, 0, 1, 1, 0, 1, 0, 1, 0, 0, 0, 1]",101111101101010001,"[""101111101101010001""]",1,0.000244140625,False,False,,,,8.677831421704672,0.3052435847601022,{},{}
"[1, 0, 1, 1, 1, 1, 1, 0, 1, 1, 0, 1, 1, 0, 1, 1, 0, 1]",101111101101101101,"[""101111101101101101""]",1,0.000244140625,False,False,,,,11.469170046926521,0.40590134723178534,{},{}
"[1, 0, 1, 1, 1, 1, 1, 0, 1, 1, 1, 1, 0, 1, 1, 1, 1, 0]",101111101111011110,"[""101111101111011110""]",1,0.000244140625,False,False,,,,14.478102248368524,0.5144056971123292,{},{}
"[1, 0, 1, 1, 1, 1, 1, 1, 0, 0, 1, 0, 1, 1, 1, 0, 1, 0]",101111110010111010,"[""101111110010111010""]",1,0.000244140625,False,False,,,,11.897446146363023,0.42134530429949946,{},{}
"[1, 0, 1, 1, 1, 1, 1, 1, 0, 0, 1, 1, 0, 0, 0, 0, 1, 1]",101111110011000011,"[""101111110011000011""]",1,0.000244140625,False,False,,,,10.60321877911221,0.37467449562728744,{},{}
"[1, 0, 1, 1, 1, 1, 1, 1, 0, 1, 0, 0, 1, 0, 1, 1, 1, 1]",101111110100101111,"[""101111110100101111""]",1,0.000244140625,False,False,,,,13.341698547237376,0.47342612810310175,{},{}
"[1, 0, 1, 1, 1, 1, 1, 1, 0, 1, 0, 0, 1, 1, 0, 1, 1, 1]",101111110100110111,"[""101111110100110111""]",1,0.000244140625,False,False,,,,13.337902370355874,0.4732892351201487,{},{}
"[1, 1, 0, 0, 0, 0, 0, 0, 0, 0, 0, 0, 0, 1, 1, 1, 0, 1]",110000000000011101,"[""110000000000011101""]",1,0.000244140625,False,False,,,,6.257636973408623,0.2179695594194797,{},{}
"[1, 1, 0, 0, 0, 0, 0, 0, 0, 0, 1, 0, 0, 0, 0, 0, 1, 1]",110000000010000011,"[""110000000010000011""]",1,0.000244140625,False,False,,,,5.068608817704727,0.17509231314504253,{},{}
"[1, 1, 0, 0, 0, 0, 0, 0, 0, 0, 1, 1, 0, 1, 0, 0, 1, 1]",110000000011010011,"[""110000000011010011""]",1,0.000244140625,False,False,,,,5.511778726151417,0.19107335212610813,{},{}
"[1, 1, 0, 0, 0, 0, 0, 0, 0, 0, 1, 1, 0, 1, 0, 1, 0, 1]",110000000011010101,"[""110000000011010101""]",1,0.000244140625,False,False,,,,5.4250228088544565,0.18794486873918248,{},{}
"[1, 1, 0, 0, 0, 0, 0, 0, 0, 0, 1, 1, 0, 1, 1, 1, 1, 0]",110000000011011110,"[""110000000011011110""]",1,0.000244140625,False,False,,,,6.698854888024531,0.23388020804031112,{},{}
"[1, 1, 0, 0, 0, 0, 0, 0, 0, 1, 1, 0, 1, 1, 1, 1, 0, 0]",110000000110111100,"[""110000000110111100""]",1,0.000244140625,False,False,,,,8.665922526153084,0.3048141410627663,{},{}
"[1, 1, 0, 0, 0, 0, 0, 0, 0, 1, 1, 1, 0, 0, 1, 1, 0, 0]",110000000111001100,"[""110000000111001100""]",1,0.000244140625,False,False,,,,7.413121756428156,0.2596372065397142,{},{}
"[1, 1, 0, 0, 0, 0, 0, 0, 1, 0, 0, 1, 1, 0, 1, 0, 1, 1]",110000001001101011,"[""110000001001101011""]",1,0.000244140625,False,False,,,,4.742545537125171,0.1633342269168959,{},{}
"[1, 1, 0, 0, 0, 0, 0, 0, 1, 1, 0, 0, 0, 0, 0, 1, 0, 0]",110000001100000100,"[""110000001100000100""]",1,0.000244140625,False,False,,,,3.045542857249826,0.10213903865802743,{},{}
"[1, 1, 0, 0, 0, 0, 0, 0, 1, 1, 0, 1, 1, 0, 0, 1, 0, 0]",110000001101100100,"[""110000001101100100""]",1,0.000244140625,False,False,,,,3.488540386770814,0.11811386152586276,{},{}
"[1, 1, 0, 0, 0, 0, 0, 0, 1, 1, 1, 0, 0, 1, 0, 1, 1, 0]",110000001110010110,"[""110000001110010110""]",1,0.000244140625,False,False,,,,4.702699178456665,0.16189733736506048,{},{}
"[1, 1, 0, 0, 0, 0, 0, 0, 1, 1, 1, 0, 1, 0, 1, 0, 1, 1]",110000001110101011,"[""110000001110101011""]",1,0.000244140625,False,False,,,,5.935209454270764,0.206342581473322,{},{}
"[1, 1, 0, 0, 0, 0, 0, 0, 1, 1, 1, 0, 1, 1, 0, 0, 0, 0]",110000001110110000,"[""110000001110110000""]",1,0.000244140625,False,False,,,,5.433303645157448,0.18824348190138424,{},{}
"[1, 1, 0, 0, 0, 0, 0, 0, 1, 1, 1, 1, 0, 0, 0, 0, 1, 1]",110000001111000011,"[""110000001111000011""]",1,0.000244140625,False,False,,,,8.714249765208129,0.3065568575163561,{},{}
"[1, 1, 0, 0, 0, 0, 0, 1, 0, 0, 0, 0, 0, 0, 1, 1, 0, 0]",110000010000001100,"[""110000010000001100""]",1,0.000244140625,False,False,,,,3.044408837675134,0.10209814506240411,{},{}
"[1, 1, 0, 0, 0, 0, 0, 1, 0, 0, 0, 1, 1, 0, 1, 1, 0, 0]",110000010001101100,"[""110000010001101100""]",1,0.000244140625,False,False,,,,3.4775369185164475,0.11771706821533251,{},{}
"[1, 1, 0, 0, 0, 0, 0, 1, 0, 0, 1, 0, 0, 1, 1, 0, 0, 1]",110000010010011001,"[""110000010010011001""]",1,0.000244140625,False,False,,,,3.547721873092649,0.12024799026935441,{},{}
"[1, 1, 0, 0, 0, 0, 0, 1, 0, 0, 1, 1, 0, 0, 0, 0, 0, 0]",110000010011000000,"[""110000010011000000""]",1,0.000244140625,False,False,,,,5.039397314807821,0.17403892446139474,{},{}
"[1, 1, 0, 0, 0, 0, 0, 1, 0, 0, 1, 1, 0, 1, 1, 0, 0, 1]",110000010011011001,"[""110000010011011001""]",1,0.000244140625,False,False,,,,4.76421372363834,0.16411559795927932,{},{}
"[1, 1, 0, 0, 0, 0, 0, 1, 0, 1, 1, 1, 1, 1, 0, 0, 1, 1]",110000010111110011,"[""110000010111110011""]",1,0.000244140625,False,False,,,,9.207072401389919,0.3243284110660487,{},{}
"[1, 1, 0, 0, 0, 0, 0, 1, 1, 0, 0, 0, 0, 0, 0, 1, 0, 1]",110000011000000101,"[""110000011000000101""]",1,0.000244140625,False,False,,,,6.345149961169957,0.22112534333464967,{},{}
"[1, 1, 0, 0, 0, 0, 0, 1, 1, 0, 0, 1, 0, 0, 1, 1, 1, 1]",110000011001001111,"[""110000011001001111""]",1,0.000244140625,False,False,,,,8.011884223681742,0.2812290297822204,{},{}
"[1, 1, 0, 0, 0, 0, 0, 1, 1, 0, 0, 1, 0, 1, 1, 1, 0, 1]",110000011001011101,"[""110000011001011101""]",1,0.000244140625,False,False,,,,6.0084370217029095,0.20898322242686385,{},{}
"[1, 1, 0, 0, 0, 0, 0, 1, 1, 1, 0, 1, 0, 1, 0, 1, 1, 1]",110000011101010111,"[""110000011101010111""]",1,0.000244140625,False,False,,,,9.244842768547867,0.3256904388084015,{},{}
"[1, 1, 0, 0, 0, 0, 0, 1, 1, 1, 1, 1, 1, 1, 1, 0, 0, 1]",110000011111111001,"[""110000011111111001""]",1,0.000244140625,False,False,,,,12.454530667832342,0.44143418958630454,{},{}
"[1, 1, 0, 0, 0, 0, 1, 0, 0, 0, 0, 0, 0, 0, 0, 1, 1, 0]",110000100000000110,"[""110000100000000110""]",1,0.000244140625,False,False,,,,5.052822390316893,0.17452304274412342,{},{}
"[1, 1, 0, 0, 0, 0, 1, 0, 0, 0, 0, 1, 0, 0, 0, 0, 0, 1]",110000100001000001,"[""110000100001000001""]",1,0.000244140625,False,False,,,,3.0397504372322937,0.10193015965173535,{},{}
"[1, 1, 0, 0, 0, 0, 1, 0, 0, 0, 0, 1, 0, 0, 0, 1, 0, 1]",110000100001000101,"[""110000100001000101""]",1,0.000244140625,False,False,,,,4.268070078139362,0.1462242863250623,{},{}
"[1, 1, 0, 0, 0, 0, 1, 0, 0, 0, 0, 1, 1, 1, 0, 1, 0, 0]",110000100001110100,"[""110000100001110100""]",1,0.000244140625,False,False,,,,3.4884784040786005,0.11811162638353577,{},{}
"[1, 1, 0, 0, 0, 0, 1, 0, 0, 0, 1, 0, 0, 1, 0, 0, 0, 0]",110000100010010000,"[""110000100010010000""]",1,0.000244140625,False,False,,,,3.0135750848266545,0.1009862568298948,{},{}
"[1, 1, 0, 0, 0, 0, 1, 0, 0, 0, 1, 0, 0, 1, 0, 1, 0, 0]",110000100010010100,"[""110000100010010100""]",1,0.000244140625,False,False,,,,2.233997209391227,0.07287409447713765,{},{}
"[1, 1, 0, 0, 0, 0, 1, 0, 0, 0, 1, 0, 1, 0, 0, 1, 1, 1]",110000100010100111,"[""110000100010100111""]",1,0.000244140625,False,False,,,,6.7570681646471655,0.23597942241653674,{},{}
"[1, 1, 0, 0, 0, 0, 1, 0, 0, 0, 1, 0, 1, 1, 0, 1, 1, 1]",110000100010110111,"[""110000100010110111""]",1,0.000244140625,False,False,,,,8.007438771575657,0.2810687234481446,{},{}
"[1, 1, 0, 0, 0, 0, 1, 0, 0, 1, 0, 1, 0, 1, 1, 1, 0, 0]",110000100101011100,"[""110000100101011100""]",1,0.000244140625,False,False,,,,4.720765287309286,0.16254881478784364,{},{}
"[1, 1, 0, 0, 0, 0, 1, 0, 1, 0, 0, 0, 1, 1, 0, 0, 1, 1]",110000101000110011,"[""110000101000110011""]",1,0.000244140625,False,False,,,,6.8059114987948615,0.2377407496458954,{},{}
"[1, 1, 0, 0, 0, 0, 1, 0, 1, 0, 1, 0, 0, 0, 0, 0, 0, 1]",110000101010000001,"[""110000101010000001""]",1,0.000244140625,False,False,,,,4.316037125366352,0.1479540139914283,{},{}
"[1, 1, 0, 0, 0, 0, 1, 0, 1, 0, 1, 1, 0, 1, 0, 1, 1, 1]",110000101011010111,"[""110000101011010111""]",1,0.000244140625,False,False,,,,9.23808427676128,0.3254467225302064,{},{}
"[1, 1, 0, 0, 0, 0, 1, 0, 1, 1, 0, 1, 0, 0, 0, 0, 1, 0]",110000101101000010,"[""110000101101000010""]",1,0.000244140625,False,False,,,,5.481854618771443,0.18999426639082184,{},{}
"[1, 1, 0, 0, 0, 0, 1, 0, 1, 1, 0, 1, 0, 1, 1, 0, 1, 1]",110000101101011011,"[""110000101101011011""]",1,0.000244140625,False,False,,,,7.223100167201251,0.25278488564246965,{},{}
"[1, 1, 0, 0, 0, 0, 1, 0, 1, 1, 1, 0, 1, 1, 0, 0, 1, 0]",110000101110110010,"[""110000101110110010""]",1,0.000244140625,False,False,,,,5.996926714329407,0.20856815211790558,{},{}
"[1, 1, 0, 0, 0, 0, 1, 0, 1, 1, 1, 1, 0, 0, 0, 0, 1, 1]",110000101111000011,"[""110000101111000011""]",1,0.000244140625,False,False,,,,9.978592308861053,0.3521499970559005,{},{}
"[1, 1, 0, 0, 0, 0, 1, 0, 1, 1, 1, 1, 0, 0, 0, 1, 0, 0]",110000101111000100,"[""110000101111000100""]",1,0.000244140625,False,False,,,,8.720170563954838,0.3067703659558209,{},{}
"[1, 1, 0, 0, 0, 0, 1, 1, 0, 0, 0, 0, 1, 1, 1, 1, 0, 1]",110000110000111101,"[""110000110000111101""]",1,0.000244140625,False,False,,,,10.02273614517937,0.3537418568720362,{},{}
"[1, 1, 0, 0, 0, 0, 1, 1, 0, 0, 0, 1, 0, 0, 1, 1, 0, 0]",110000110001001100,"[""110000110001001100""]",1,0.000244140625,False,False,,,,3.4965066476180757,0.11840113086140867,{},{}
"[1, 1, 0, 0, 0, 0, 1, 1, 0, 0, 0, 1, 0, 0, 1, 1, 1, 1]",110000110001001111,"[""110000110001001111""]",1,0.000244140625,False,False,,,,7.9741198873764,0.2798672195169317,{},{}
"[1, 1, 0, 0, 0, 0, 1, 1, 0, 0, 0, 1, 0, 1, 0, 0, 0, 0]",110000110001010000,"[""110000110001010000""]",1,0.000244140625,False,False,,,,4.257556565387863,0.14584516117710597,{},{}
"[1, 1, 0, 0, 0, 0, 1, 1, 0, 0, 1, 0, 1, 0, 0, 0, 0, 1]",110000110010100001,"[""110000110010100001""]",1,0.000244140625,False,False,,,,3.4991104626176064,0.11849502638142002,{},{}
"[1, 1, 0, 0, 0, 0, 1, 1, 0, 1, 0, 1, 0, 0, 0, 0, 0, 0]",110000110101000000,"[""110000110101000000""]",1,0.000244140625,False,False,,,,6.242877428306144,0.2174373191632488,{},{}
"[1, 1, 0, 0, 0, 0, 1, 1, 0, 1, 0, 1, 0, 1, 0, 1, 1, 1]",110000110101010111,"[""110000110101010111""]",1,0.000244140625,False,False,,,,9.252541148854238,0.32596804817091074,{},{}
"[1, 1, 0, 0, 0, 0, 1, 1, 0, 1, 0, 1, 1, 1, 0, 1, 1, 1]",110000110101110111,"[""110000110101110111""]",1,0.000244140625,False,False,,,,10.546760940546402,0.3726385836628012,{},{}
"[1, 1, 0, 0, 0, 0, 1, 1, 0, 1, 1, 0, 1, 0, 0, 1, 0, 1]",110000110110100101,"[""110000110110100101""]",1,0.000244140625,False,False,,,,6.05088843415699,0.21051405217026364,{},{}
"[1, 1, 0, 0, 0, 0, 1, 1, 1, 0, 0, 0, 0, 1, 1, 0, 0, 1]",110000111000011001,"[""110000111000011001""]",1,0.000244140625,False,False,,,,8.809290735373404,0.3099841061179887,{},{}
"[1, 1, 0, 0, 0, 0, 1, 1, 1, 0, 0, 0, 1, 1, 1, 0, 0, 1]",110000111000111001,"[""110000111000111001""]",1,0.000244140625,False,False,,,,12.048607506760746,0.42679629622585563,{},{}
"[1, 1, 0, 0, 0, 0, 1, 1, 1, 0, 0, 1, 0, 1, 0, 0, 1, 0]",110000111001010010,"[""110000111001010010""]",1,0.000244140625,False,False,,,,6.7801297797561615,0.2368110415382297,{},{}
"[1, 1, 0, 0, 0, 0, 1, 1, 1, 0, 1, 1, 0, 0, 0, 1, 0, 1]",110000111011000101,"[""110000111011000101""]",1,0.000244140625,False,False,,,,10.001696852143471,0.3529831641996946,{},{}
"[1, 1, 0, 0, 0, 0, 1, 1, 1, 1, 1, 1, 1, 0, 1, 1, 0, 0]",110000111111101100,"[""110000111111101100""]",1,0.000244140625,False,False,,,,12.53923403102404,0.4444886563341449,{},{}
"[1, 1, 0, 0, 0, 0, 1, 1, 1, 1, 1, 1, 1, 1, 1, 1, 1, 0]",110000111111111110,"[""110000111111111110""]",1,0.000244140625,False,False,,,,17.09204373590945,0.6086663858694521,{},{}
"[1, 1, 0, 0, 0, 1, 0, 0, 0, 0, 0, 0, 1, 0, 0, 0, 1, 1]",110001000000100011,"[""110001000000100011""]",1,0.000244140625,False,False,,,,4.341151901403777,0.14885967163470468,{},{}
"[1, 1, 0, 0, 0, 1, 0, 0, 0, 0, 0, 1, 0, 0, 0, 1, 1, 1]",110001000001000111,"[""110001000001000111""]",1,0.000244140625,False,False,,,,7.550970080236209,0.26460812039073,{},{}
"[1, 1, 0, 0, 0, 1, 0, 0, 0, 1, 0, 1, 0, 0, 1, 1, 1, 1]",110001000101001111,"[""110001000101001111""]",1,0.000244140625,False,False,,,,8.009231863027352,0.2811333836695179,{},{}
"[1, 1, 0, 0, 0, 1, 0, 0, 0, 1, 1, 1, 0, 1, 0, 1, 1, 0]",110001000111010110,"[""110001000111010110""]",1,0.000244140625,False,False,,,,7.931412004111868,0.27832714124392466,{},{}
"[1, 1, 0, 0, 0, 1, 0, 0, 0, 1, 1, 1, 1, 0, 0, 0, 0, 1]",110001000111100001,"[""110001000111100001""]",1,0.000244140625,False,False,,,,6.692549368572093,0.2336528262839133,{},{}
"[1, 1, 0, 0, 0, 1, 0, 0, 1, 0, 0, 0, 1, 1, 0, 0, 0, 0]",110001001000110000,"[""110001001000110000""]",1,0.000244140625,False,False,,,,4.327695910346766,0.14837443851415125,{},{}
"[1, 1, 0, 0, 0, 1, 0, 0, 1, 0, 0, 1, 0, 0, 0, 0, 1, 0]",110001001001000010,"[""110001001001000010""]",1,0.000244140625,False,False,,,,2.339427028333003,0.07667597275037309,{},{}
"[1, 1, 0, 0, 0, 1, 0, 0, 1, 0, 1, 0, 0, 1, 0, 0, 0, 0]",110001001010010000,"[""110001001010010000""]",1,0.000244140625,False,False,,,,2.34503873149647,0.07687833497149019,{},{}
"[1, 1, 0, 0, 0, 1, 0, 0, 1, 0, 1, 0, 1, 0, 1, 1, 0, 0]",110001001010101100,"[""110001001010101100""]",1,0.000244140625,False,False,,,,2.75415031947482,0.09163120539539475,{},{}
"[1, 1, 0, 0, 0, 1, 0, 0, 1, 0, 1, 1, 0, 0, 1, 0, 1, 0]",110001001011001010,"[""110001001011001010""]",1,0.000244140625,False,False,,,,2.785793093333698,0.09277226753176632,{},{}
"[1, 1, 0, 0, 0, 1, 0, 0, 1, 1, 1, 1, 0, 0, 0, 0, 0, 1]",110001001111000001,"[""110001001111000001""]",1,0.000244140625,False,False,,,,6.808918331873918,0.23784917829984978,{},{}
"[1, 1, 0, 0, 0, 1, 0, 0, 1, 1, 1, 1, 1, 1, 0, 1, 0, 1]",110001001111110101,"[""110001001111110101""]",1,0.000244140625,False,False,,,,8.538440914626559,0.300217058624757,{},{}
"[1, 1, 0, 0, 0, 1, 0, 1, 0, 0, 0, 0, 0, 0, 1, 0, 1, 0]",110001010000001010,"[""110001010000001010""]",1,0.000244140625,False,False,,,,2.323391752370572,0.07609772868338319,{},{}
"[1, 1, 0, 0, 0, 1, 0, 1, 0, 0, 0, 0, 0, 1, 0, 0, 0, 1]",110001010000010001,"[""110001010000010001""]",1,0.000244140625,False,False,,,,2.403347393772982,0.07898098902587038,{},{}
"[1, 1, 0, 0, 0, 1, 0, 1, 0, 0, 0, 1, 0, 0, 0, 1, 0, 0]",110001010001000100,"[""110001010001000100""]",1,0.000244140625,False,False,,,,2.2502467191403728,0.07346006397500922,{},{}
"[1, 1, 0, 0, 0, 1, 0, 1, 0, 0, 1, 0, 1, 0, 1, 0, 1, 0]",110001010010101010,"[""110001010010101010""]",1,0.000244140625,False,False,,,,2.745044761764575,0.09130285216125526,{},{}
"[1, 1, 0, 0, 0, 1, 0, 1, 0, 0, 1, 1, 0, 1, 0, 0, 0, 1]",110001010011010001,"[""110001010011010001""]",1,0.000244140625,False,False,,,,2.817489286489396,0.09391525600801014,{},{}
"[1, 1, 0, 0, 0, 1, 0, 1, 0, 0, 1, 1, 1, 0, 0, 0, 1, 1]",110001010011100011,"[""110001010011100011""]",1,0.000244140625,False,False,,,,4.013349390321519,0.1370388674513653,{},{}
"[1, 1, 0, 0, 0, 1, 0, 1, 0, 1, 0, 1, 1, 0, 1, 1, 1, 0]",110001010101101110,"[""110001010101101110""]",1,0.000244140625,False,False,,,,5.213267534537522,0.1803088148717926,{},{}
"[1, 1, 0, 0, 0, 1, 0, 1, 0, 1, 1, 1, 0, 0, 1, 0, 1, 1]",110001010111001011,"[""110001010111001011""]",1,0.000244140625,False,False,,,,7.256416095739377,0.25398628299032733,{},{}
"[1, 1, 0, 0, 0, 1, 0, 1, 1, 0, 0, 0, 1, 0, 0, 1, 0, 0]",110001011000100100,"[""110001011000100100""]",1,0.000244140625,False,False,,,,3.589132079446741,0.12174127334057702,{},{}
"[1, 1, 0, 0, 0, 1, 0, 1, 1, 0, 0, 0, 1, 0, 0, 1, 1, 0]",110001011000100110,"[""110001011000100110""]",1,0.000244140625,False,False,,,,4.8278978513649635,0.16641209532581194,{},{}
"[1, 1, 0, 0, 0, 1, 0, 1, 1, 0, 0, 0, 1, 1, 1, 1, 0, 1]",110001011000111101,"[""110001011000111101""]",1,0.000244140625,False,False,,,,9.386838788452124,0.33081092168865794,{},{}
"[1, 1, 0, 0, 0, 1, 0, 1, 1, 0, 1, 1, 0, 0, 0, 0, 0, 1]",110001011011000001,"[""110001011011000001""]",1,0.000244140625,False,False,,,,4.888943730714973,0.1686134554789535,{},{}
"[1, 1, 0, 0, 0, 1, 0, 1, 1, 0, 1, 1, 0, 0, 0, 1, 0, 1]",110001011011000101,"[""110001011011000101""]",1,0.000244140625,False,False,,,,6.09047799354,0.21194168134743557,{},{}
"[1, 1, 0, 0, 0, 1, 0, 1, 1, 0, 1, 1, 1, 0, 0, 0, 0, 0]",110001011011100000,"[""110001011011100000""]",1,0.000244140625,False,False,,,,4.757019988422309,0.16385618647687564,{},{}
"[1, 1, 0, 0, 0, 1, 0, 1, 1, 1, 1, 0, 0, 0, 0, 1, 0, 1]",110001011110000101,"[""110001011110000101""]",1,0.000244140625,False,False,,,,6.120771285737582,0.21303408016388767,{},{}
"[1, 1, 0, 0, 0, 1, 0, 1, 1, 1, 1, 0, 0, 1, 1, 0, 0, 1]",110001011110011001,"[""110001011110011001""]",1,0.000244140625,False,False,,,,5.357290086433151,0.18550237601420816,{},{}
"[1, 1, 0, 0, 0, 1, 0, 1, 1, 1, 1, 1, 0, 0, 0, 1, 0, 1]",110001011111000101,"[""110001011111000101""]",1,0.000244140625,False,False,,,,9.31357058725578,0.3281688154511308,{},{}
"[1, 1, 0, 0, 0, 1, 0, 1, 1, 1, 1, 1, 1, 0, 0, 1, 1, 1]",110001011111100111,"[""110001011111100111""]",1,0.000244140625,False,False,,,,11.856062197942608,0.41985296810904116,{},{}
"[1, 1, 0, 0, 0, 1, 1, 0, 0, 0, 0, 1, 0, 1, 1, 1, 0, 0]",110001100001011100,"[""110001100001011100""]",1,0.000244140625,False,False,,,,2.7205362374562005,0.09041905640961378,{},{}
"[1, 1, 0, 0, 0, 1, 1, 0, 0, 0, 0, 1, 0, 1, 1, 1, 0, 1]",110001100001011101,"[""110001100001011101""]",1,0.000244140625,False,False,,,,4.016856873807651,0.13716534993415339,{},{}
"[1, 1, 0, 0, 0, 1, 1, 0, 0, 0, 1, 0, 0, 1, 1, 1, 0, 0]",110001100010011100,"[""110001100010011100""]",1,0.000244140625,False,False,,,,2.6965639243061723,0.08955459683414377,{},{}
"[1, 1, 0, 0, 0, 1, 1, 0, 0, 0, 1, 1, 0, 0, 1, 1, 0, 1]",110001100011001101,"[""110001100011001101""]",1,0.000244140625,False,False,,,,3.980943349670649,0.13587028134253237,{},{}
"[1, 1, 0, 0, 0, 1, 1, 0, 0, 1, 0, 0, 0, 1, 0, 0, 1, 0]",110001100100010010,"[""110001100100010010""]",1,0.000244140625,False,False,,,,1.5167678023247402,0.04701026461361949,{},{}
"[1, 1, 0, 0, 0, 1, 1, 0, 0, 1, 0, 0, 0, 1, 1, 0, 1, 1]",110001100100011011,"[""110001100100011011""]",1,0.000244140625,False,False,,,,4.02456507872406,0.13744331357946257,{},{}
"[1, 1, 0, 0, 0, 1, 1, 0, 0, 1, 0, 0, 1, 1, 1, 1, 0, 0]",110001100100111100,"[""110001100100111100""]",1,0.000244140625,False,False,,,,6.05748081966533,0.21075177853159593,{},{}
"[1, 1, 0, 0, 0, 1, 1, 0, 1, 0, 0, 0, 1, 0, 1, 1, 0, 1]",110001101000101101,"[""110001101000101101""]",1,0.000244140625,False,False,,,,6.1896942240910695,0.2155194929672463,{},{}
"[1, 1, 0, 0, 0, 1, 1, 0, 1, 0, 0, 0, 1, 1, 1, 0, 0, 0]",110001101000111000,"[""110001101000111000""]",1,0.000244140625,False,False,,,,8.794176424782727,0.30943907275241533,{},{}
"[1, 1, 0, 0, 0, 1, 1, 0, 1, 0, 0, 1, 1, 1, 0, 0, 1, 0]",110001101001110010,"[""110001101001110010""]",1,0.000244140625,False,False,,,,4.019600324874063,0.13726428083537062,{},{}
"[1, 1, 0, 0, 0, 1, 1, 0, 1, 0, 0, 1, 1, 1, 1, 1, 1, 1]",110001101001111111,"[""110001101001111111""]",1,0.000244140625,False,False,,,,11.88191653134444,0.4207852947450539,{},{}
"[1, 1, 0, 0, 0, 1, 1, 0, 1, 0, 1, 0, 1, 1, 0, 0, 0, 1]",110001101010110001,"[""110001101010110001""]",1,0.000244140625,False,False,,,,4.111776941385985,0.1405882386979044,{},{}
"[1, 1, 0, 0, 0, 1, 1, 0, 1, 0, 1, 1, 0, 0, 0, 0, 0, 1]",110001101011000001,"[""110001101011000001""]",1,0.000244140625,False,False,,,,4.844723926326674,0.16701885619728882,{},{}
"[1, 1, 0, 0, 0, 1, 1, 0, 1, 0, 1, 1, 1, 0, 1, 0, 0, 0]",110001101011101000,"[""110001101011101000""]",1,0.000244140625,False,False,,,,5.993432089721083,0.20844213333588682,{},{}
"[1, 1, 0, 0, 0, 1, 1, 0, 1, 1, 0, 1, 1, 1, 1, 1, 0, 1]",110001101101111101,"[""110001101101111101""]",1,0.000244140625,False,False,,,,9.924137568073096,0.35018631829827374,{},{}
"[1, 1, 0, 0, 0, 1, 1, 0, 1, 1, 1, 0, 0, 1, 1, 1, 0, 1]",110001101110011101,"[""110001101110011101""]",1,0.000244140625,False,False,,,,6.590150430545911,0.22996024384763764,{},{}
"[1, 1, 0, 0, 0, 1, 1, 0, 1, 1, 1, 1, 1, 0, 0, 1, 0, 0]",110001101111100100,"[""110001101111100100""]",1,0.000244140625,False,False,,,,7.320820694372278,0.256308761077614,{},{}
"[1, 1, 0, 0, 0, 1, 1, 1, 0, 0, 0, 0, 1, 0, 1, 0, 1, 1]",110001110000101011,"[""110001110000101011""]",1,0.000244140625,False,False,,,,6.039833733630066,0.21011541138559486,{},{}
"[1, 1, 0, 0, 0, 1, 1, 1, 0, 0, 0, 1, 0, 1, 0, 0, 0, 0]",110001110001010000,"[""110001110001010000""]",1,0.000244140625,False,False,,,,3.4993079709901034,0.11850214868133209,{},{}
"[1, 1, 0, 0, 0, 1, 1, 1, 0, 0, 1, 0, 0, 0, 0, 0, 0, 0]",110001110010000000,"[""110001110010000000""]",1,0.000244140625,False,False,,,,4.284949025097559,0.14683295380035122,{},{}
"[1, 1, 0, 0, 0, 1, 1, 1, 0, 1, 0, 0, 0, 0, 0, 1, 0, 1]",110001110100000101,"[""110001110100000101""]",1,0.000244140625,False,False,,,,4.8564881707760295,0.16744308366748617,{},{}
"[1, 1, 0, 0, 0, 1, 1, 1, 0, 1, 0, 0, 1, 1, 1, 1, 1, 0]",110001110100111110,"[""110001110100111110""]",1,0.000244140625,False,False,,,,8.587019555367881,0.30196884081153796,{},{}
"[1, 1, 0, 0, 0, 1, 1, 1, 0, 1, 0, 1, 1, 0, 1, 1, 0, 1]",110001110101101101,"[""110001110101101101""]",1,0.000244140625,False,False,,,,6.5973537915914235,0.23022000244466537,{},{}
"[1, 1, 0, 0, 0, 1, 1, 1, 0, 1, 1, 1, 0, 1, 1, 1, 0, 0]",110001110111011100,"[""110001110111011100""]",1,0.000244140625,False,False,,,,8.479269557370412,0.2980832951429641,{},{}
"[1, 1, 0, 0, 0, 1, 1, 1, 0, 1, 1, 1, 1, 0, 0, 0, 0, 0]",110001110111100000,"[""110001110111100000""]",1,0.000244140625,False,False,,,,7.954030342960604,0.2791427754915105,{},{}
"[1, 1, 0, 0, 0, 1, 1, 1, 1, 0, 0, 0, 1, 0, 1, 0, 0, 1]",110001111000101001,"[""110001111000101001""]",1,0.000244140625,False,False,,,,8.141278919920978,0.28589509948851033,{},{}
"[1, 1, 0, 0, 0, 1, 1, 1, 1, 0, 0, 1, 0, 1, 0, 0, 0, 1]",110001111001010001,"[""110001111001010001""]",1,0.000244140625,False,False,,,,6.126500896285855,0.213240694213653,{},{}
"[1, 1, 0, 0, 0, 1, 1, 1, 1, 0, 0, 1, 1, 0, 0, 0, 0, 1]",110001111001100001,"[""110001111001100001""]",1,0.000244140625,False,False,,,,6.114704065048811,0.21281529163947316,{},{}
"[1, 1, 0, 0, 0, 1, 1, 1, 1, 0, 1, 0, 0, 0, 0, 0, 1, 1]",110001111010000011,"[""110001111010000011""]",1,0.000244140625,False,False,,,,8.190081453314692,0.28765495541210695,{},{}
"[1, 1, 0, 0, 0, 1, 1, 1, 1, 0, 1, 1, 0, 1, 1, 0, 1, 0]",110001111011011010,"[""110001111011011010""]",1,0.000244140625,False,False,,,,8.598040662443168,0.30236627019116796,{},{}
"[1, 1, 0, 0, 0, 1, 1, 1, 1, 0, 1, 1, 1, 1, 0, 0, 1, 0]",110001111011110010,"[""110001111011110010""]",1,0.000244140625,False,False,,,,8.584952059147817,0.3018942853485963,{},{}
"[1, 1, 0, 0, 0, 1, 1, 1, 1, 1, 0, 1, 0, 1, 1, 0, 1, 0]",110001111101011010,"[""110001111101011010""]",1,0.000244140625,False,False,,,,8.542368740414473,0.3003586989659243,{},{}
"[1, 1, 0, 0, 0, 1, 1, 1, 1, 1, 1, 0, 0, 0, 0, 1, 1, 1]",110001111110000111,"[""110001111110000111""]",1,0.000244140625,False,False,,,,12.688397557471593,0.44986760487121213,{},{}
"[1, 1, 0, 0, 0, 1, 1, 1, 1, 1, 1, 0, 0, 1, 0, 1, 0, 1]",110001111110010101,"[""110001111110010101""]",1,0.000244140625,False,False,,,,8.677052839150262,0.30521550848977147,{},{}
"[1, 1, 0, 0, 0, 1, 1, 1, 1, 1, 1, 0, 1, 0, 0, 0, 0, 1]",110001111110100001,"[""110001111110100001""]",1,0.000244140625,False,False,,,,7.397762636002993,0.2590833451480648,{},{}
"[1, 1, 0, 0, 1, 0, 0, 0, 0, 0, 0, 0, 0, 1, 1, 1, 1, 0]",110010000000011110,"[""110010000000011110""]",1,0.000244140625,False,False,,,,5.546887088348734,0.1923393859748485,{},{}
"[1, 1, 0, 0, 1, 0, 0, 0, 0, 0, 0, 1, 0, 0, 0, 0, 1, 0]",110010000001000010,"[""110010000001000010""]",1,0.000244140625,False,False,,,,3.0895378631108277,0.10372553153634852,{},{}
"[1, 1, 0, 0, 1, 0, 0, 0, 0, 0, 1, 1, 1, 0, 0, 0, 1, 1]",110010000011100011,"[""110010000011100011""]",1,0.000244140625,False,False,,,,4.752920646189608,0.1637083611241861,{},{}
"[1, 1, 0, 0, 1, 0, 0, 0, 0, 0, 1, 1, 1, 1, 1, 0, 1, 0]",110010000011111010,"[""110010000011111010""]",1,0.000244140625,False,False,,,,8.032010085731395,0.2819547834487326,{},{}
"[1, 1, 0, 0, 1, 0, 0, 0, 0, 0, 1, 1, 1, 1, 1, 1, 1, 1]",110010000011111111,"[""110010000011111111""]",1,0.000244140625,False,False,,,,12.521748846788684,0.4438581274883671,{},{}
"[1, 1, 0, 0, 1, 0, 0, 0, 0, 1, 0, 1, 1, 1, 0, 0, 0, 0]",110010000101110000,"[""110010000101110000""]",1,0.000244140625,False,False,,,,5.434092567194077,0.18827193102119155,{},{}
"[1, 1, 0, 0, 1, 0, 0, 0, 0, 1, 1, 1, 0, 1, 1, 0, 0, 1]",110010000111011001,"[""110010000111011001""]",1,0.000244140625,False,False,,,,7.9472879562267975,0.2788996399735868,{},{}
"[1, 1, 0, 0, 1, 0, 0, 0, 0, 1, 1, 1, 1, 1, 0, 1, 0, 0]",110010000111110100,"[""110010000111110100""]",1,0.000244140625,False,False,,,,7.93556499054963,0.27847690104684614,{},{}
"[1, 1, 0, 0, 1, 0, 0, 0, 1, 0, 1, 1, 1, 1, 0, 0, 0, 1]",110010001011110001,"[""110010001011110001""]",1,0.000244140625,False,False,,,,4.003445824922527,0.13668173746199494,{},{}
"[1, 1, 0, 0, 1, 0, 0, 0, 1, 0, 1, 1, 1, 1, 1, 0, 0, 1]",110010001011111001,"[""110010001011111001""]",1,0.000244140625,False,False,,,,7.246512530340386,0.253629153000957,{},{}
"[1, 1, 0, 0, 1, 0, 0, 0, 1, 0, 1, 1, 1, 1, 1, 1, 1, 1]",110010001011111111,"[""110010001011111111""]",1,0.000244140625,False,False,,,,11.8101935987151,0.41819891204997584,{},{}
"[1, 1, 0, 0, 1, 0, 0, 0, 1, 1, 0, 0, 0, 0, 0, 0, 0, 0]",110010001100000000,"[""110010001100000000""]",1,0.000244140625,False,False,,,,3.0375462344632647,0.1018506744481991,{},{}
"[1, 1, 0, 0, 1, 0, 0, 0, 1, 1, 0, 0, 1, 1, 1, 1, 0, 1]",110010001100111101,"[""110010001100111101""]",1,0.000244140625,False,False,,,,7.260191957647605,0.2541224434001214,{},{}
"[1, 1, 0, 0, 1, 0, 0, 0, 1, 1, 0, 1, 1, 1, 0, 0, 0, 1]",110010001101110001,"[""110010001101110001""]",1,0.000244140625,False,False,,,,3.962825939882933,0.1352169539695881,{},{}
"[1, 1, 0, 0, 1, 0, 0, 0, 1, 1, 1, 0, 1, 0, 0, 0, 1, 0]",110010001110100010,"[""110010001110100010""]",1,0.000244140625,False,False,,,,2.750204352012327,0.0914889108518479,{},{}
"[1, 1, 0, 0, 1, 0, 0, 0, 1, 1, 1, 0, 1, 1, 0, 0, 1, 0]",110010001110110010,"[""110010001110110010""]",1,0.000244140625,False,False,,,,4.027956859821031,0.13756562374739775,{},{}
"[1, 1, 0, 0, 1, 0, 0, 0, 1, 1, 1, 0, 1, 1, 1, 0, 1, 0]",110010001110111010,"[""110010001110111010""]",1,0.000244140625,False,False,,,,7.239433499868902,0.25337387785759397,{},{}
"[1, 1, 0, 0, 1, 0, 0, 0, 1, 1, 1, 1, 1, 0, 0, 1, 1, 1]",110010001111100111,"[""110010001111100111""]",1,0.000244140625,False,False,,,,10.519454122039315,0.37165387932549593,{},{}
"[1, 1, 0, 0, 1, 0, 0, 1, 0, 0, 0, 0, 0, 0, 0, 0, 0, 1]",110010010000000001,"[""110010010000000001""]",1,0.000244140625,False,False,,,,3.1292905921889207,0.10515904473499378,{},{}
"[1, 1, 0, 0, 1, 0, 0, 1, 0, 0, 0, 1, 0, 1, 0, 1, 1, 1]",110010010001010111,"[""110010010001010111""]",1,0.000244140625,False,False,,,,6.096661241651168,0.21216465390764505,{},{}
"[1, 1, 0, 0, 1, 0, 0, 1, 0, 0, 0, 1, 1, 0, 1, 0, 0, 1]",110010010001101001,"[""110010010001101001""]",1,0.000244140625,False,False,,,,2.7367592577954545,0.09100407067951526,{},{}
"[1, 1, 0, 0, 1, 0, 0, 1, 0, 0, 1, 0, 0, 0, 0, 0, 1, 1]",110010010010000011,"[""110010010010000011""]",1,0.000244140625,False,False,,,,3.6836503387782713,0.12514967259785953,{},{}
"[1, 1, 0, 0, 1, 0, 0, 1, 0, 0, 1, 0, 0, 0, 0, 1, 0, 1]",110010010010000101,"[""110010010010000101""]",1,0.000244140625,False,False,,,,3.5640681651167085,0.12083744980858169,{},{}
"[1, 1, 0, 0, 1, 0, 0, 1, 0, 0, 1, 1, 0, 1, 1, 1, 0, 1]",110010010011011101,"[""110010010011011101""]",1,0.000244140625,False,False,,,,5.301808373875529,0.18350166388502195,{},{}
"[1, 1, 0, 0, 1, 0, 0, 1, 0, 0, 1, 1, 1, 1, 0, 0, 0, 0]",110010010011110000,"[""110010010011110000""]",1,0.000244140625,False,False,,,,4.7920955011161634,0.16512103574790593,{},{}
"[1, 1, 0, 0, 1, 0, 0, 1, 0, 1, 1, 0, 0, 1, 0, 0, 0, 0]",110010010110010000,"[""110010010110010000""]",1,0.000244140625,False,False,,,,3.5791777081459557,0.1213823112523174,{},{}
"[1, 1, 0, 0, 1, 0, 0, 1, 0, 1, 1, 1, 0, 0, 0, 1, 1, 0]",110010010111000110,"[""110010010111000110""]",1,0.000244140625,False,False,,,,8.034213021202671,0.28203422295256225,{},{}
"[1, 1, 0, 0, 1, 0, 0, 1, 0, 1, 1, 1, 0, 1, 1, 1, 0, 0]",110010010111011100,"[""110010010111011100""]",1,0.000244140625,False,False,,,,7.258037491956705,0.2540447517528922,{},{}
"[1, 1, 0, 0, 1, 0, 0, 1, 1, 0, 0, 1, 1, 0, 0, 0, 1, 1]",110010011001100011,"[""110010011001100011""]",1,0.000244140625,False,False,,,,4.07269810259111,0.13917902648784117,{},{}
"[1, 1, 0, 0, 1, 0, 0, 1, 1, 0, 1, 0, 1, 0, 1, 0, 1, 1]",110010011010101011,"[""110010011010101011""]",1,0.000244140625,False,False,,,,5.373131151491535,0.18607361669046918,{},{}
"[1, 1, 0, 0, 1, 0, 0, 1, 1, 1, 1, 0, 0, 0, 1, 1, 0, 1]",110010011110001101,"[""110010011110001101""]",1,0.000244140625,False,False,,,,5.273448847505289,0.1824789981133411,{},{}
"[1, 1, 0, 0, 1, 0, 0, 1, 1, 1, 1, 1, 1, 0, 1, 1, 1, 0]",110010011111101110,"[""110010011111101110""]",1,0.000244140625,False,False,,,,9.797965944481234,0.34563647500680744,{},{}
"[1, 1, 0, 0, 1, 0, 0, 1, 1, 1, 1, 1, 1, 1, 0, 0, 1, 0]",110010011111110010,"[""110010011111110010""]",1,0.000244140625,False,False,,,,8.594257695357612,0.30222985356335524,{},{}
"[1, 1, 0, 0, 1, 0, 1, 0, 0, 0, 0, 0, 0, 0, 0, 1, 1, 0]",110010100000000110,"[""110010100000000110""]",1,0.000244140625,False,False,,,,4.313760292362897,0.1478719096872143,{},{}
"[1, 1, 0, 0, 1, 0, 1, 0, 0, 0, 0, 0, 1, 0, 1, 0, 1, 0]",110010100000101010,"[""110010100000101010""]",1,0.000244140625,False,False,,,,3.5189978772837067,0.11921218145660446,{},{}
"[1, 1, 0, 0, 1, 0, 1, 0, 0, 0, 0, 0, 1, 0, 1, 1, 0, 0]",110010100000101100,"[""110010100000101100""]",1,0.000244140625,False,False,,,,3.539231438135044,0.11994181882260779,{},{}
"[1, 1, 0, 0, 1, 0, 1, 0, 0, 0, 0, 0, 1, 1, 1, 0, 0, 1]",110010100000111001,"[""110010100000111001""]",1,0.000244140625,False,False,,,,6.74650062680248,0.23559834908323726,{},{}
"[1, 1, 0, 0, 1, 0, 1, 0, 0, 0, 0, 1, 0, 1, 1, 0, 1, 1]",110010100001011011,"[""110010100001011011""]",1,0.000244140625,False,False,,,,4.0375287330192124,0.13791079266745848,{},{}
"[1, 1, 0, 0, 1, 0, 1, 0, 0, 0, 1, 0, 1, 0, 0, 0, 1, 0]",110010100010100010,"[""110010100010100010""]",1,0.000244140625,False,False,,,,1.5525563774615438,0.04830082745066477,{},{}
"[1, 1, 0, 0, 1, 0, 1, 0, 0, 0, 1, 1, 1, 0, 1, 1, 1, 1]",110010100011101111,"[""110010100011101111""]",1,0.000244140625,False,False,,,,8.517167498646444,0.29944992330361064,{},{}
"[1, 1, 0, 0, 1, 0, 1, 0, 0, 1, 0, 0, 1, 0, 1, 0, 0, 1]",110010100100101001,"[""110010100100101001""]",1,0.000244140625,False,False,,,,2.748147301820593,0.09141473208051541,{},{}
"[1, 1, 0, 0, 1, 0, 1, 0, 0, 1, 0, 0, 1, 1, 0, 0, 0, 0]",110010100100110000,"[""110010100100110000""]",1,0.000244140625,False,False,,,,3.5288183051049993,0.11956631344262511,{},{}
"[1, 1, 0, 0, 1, 0, 1, 0, 0, 1, 0, 1, 0, 1, 0, 1, 1, 0]",110010100101010110,"[""110010100101010110""]",1,0.000244140625,False,False,,,,4.02447350320131,0.13744001129749153,{},{}
"[1, 1, 0, 0, 1, 0, 1, 0, 0, 1, 0, 1, 1, 0, 1, 1, 0, 1]",110010100101101101,"[""110010100101101101""]",1,0.000244140625,False,False,,,,5.299570370400172,0.18342095980268747,{},{}
"[1, 1, 0, 0, 1, 0, 1, 0, 0, 1, 1, 0, 0, 0, 0, 1, 0, 1]",110010100110000101,"[""110010100110000101""]",1,0.000244140625,False,False,,,,4.7660073117296635,0.16418027608984978,{},{}
"[1, 1, 0, 0, 1, 0, 1, 0, 0, 1, 1, 0, 1, 0, 1, 0, 1, 1]",110010100110101011,"[""110010100110101011""]",1,0.000244140625,False,False,,,,5.241286883229357,0.18131921358148329,{},{}
"[1, 1, 0, 0, 1, 0, 1, 0, 0, 1, 1, 0, 1, 1, 0, 0, 0, 1]",110010100110110001,"[""110010100110110001""]",1,0.000244140625,False,False,,,,4.007685702672986,0.13683463063076293,{},{}
"[1, 1, 0, 0, 1, 0, 1, 0, 0, 1, 1, 0, 1, 1, 0, 0, 1, 1]",110010100110110011,"[""110010100110110011""]",1,0.000244140625,False,False,,,,5.323357783675187,0.18427875175011266,{},{}
"[1, 1, 0, 0, 1, 0, 1, 0, 0, 1, 1, 1, 0, 0, 1, 0, 0, 0]",110010100111001000,"[""110010100111001000""]",1,0.000244140625,False,False,,,,6.694687848791225,0.23372994148305207,{},{}
"[1, 1, 0, 0, 1, 0, 1, 0, 0, 1, 1, 1, 0, 1, 0, 0, 1, 1]",110010100111010011,"[""110010100111010011""]",1,0.000244140625,False,False,,,,7.288530509500717,0.2551443528149977,{},{}
"[1, 1, 0, 0, 1, 0, 1, 0, 0, 1, 1, 1, 0, 1, 0, 1, 1, 1]",110010100111010111,"[""110010100111010111""]",1,0.000244140625,False,False,,,,10.55686851153511,0.3730030702466052,{},{}
"[1, 1, 0, 0, 1, 0, 1, 0, 1, 0, 0, 0, 0, 1, 0, 1, 0, 1]",110010101000010101,"[""110010101000010101""]",1,0.000244140625,False,False,,,,4.822530853926758,0.16621855737651423,{},{}
"[1, 1, 0, 0, 1, 0, 1, 0, 1, 0, 0, 1, 1, 0, 0, 0, 1, 0]",110010101001100010,"[""110010101001100010""]",1,0.000244140625,False,False,,,,2.7722496815342907,0.09228388195373471,{},{}
"[1, 1, 0, 0, 1, 0, 1, 0, 1, 0, 1, 1, 0, 0, 0, 1, 1, 1]",110010101011000111,"[""110010101011000111""]",1,0.000244140625,False,False,,,,9.302608327631175,0.32777350815466877,{},{}
"[1, 1, 0, 0, 1, 0, 1, 0, 1, 0, 1, 1, 0, 0, 1, 1, 1, 0]",110010101011001110,"[""110010101011001110""]",1,0.000244140625,False,False,,,,5.2507955496199195,0.18166210321669823,{},{}
"[1, 1, 0, 0, 1, 0, 1, 0, 1, 0, 1, 1, 1, 0, 1, 0, 0, 0]",110010101011101000,"[""110010101011101000""]",1,0.000244140625,False,False,,,,5.975955660836315,0.20781192021461192,{},{}
"[1, 1, 0, 0, 1, 0, 1, 0, 1, 0, 1, 1, 1, 0, 1, 1, 1, 1]",110010101011101111,"[""110010101011101111""]",1,0.000244140625,False,False,,,,9.817112649221203,0.34632691952701616,{},{}
"[1, 1, 0, 0, 1, 0, 1, 0, 1, 1, 0, 1, 0, 0, 1, 1, 0, 1]",110010101101001101,"[""110010101101001101""]",1,0.000244140625,False,False,,,,5.278720874410599,0.18266911135405794,{},{}
"[1, 1, 0, 0, 1, 0, 1, 0, 1, 1, 0, 1, 1, 1, 0, 0, 1, 1]",110010101101110011,"[""110010101101110011""]",1,0.000244140625,False,False,,,,6.566365735753946,0.22910254993074827,{},{}
"[1, 1, 0, 0, 1, 0, 1, 0, 1, 1, 1, 0, 0, 0, 1, 0, 1, 1]",110010101110001011,"[""110010101110001011""]",1,0.000244140625,False,False,,,,5.269794417631946,0.18234721663371817,{},{}
"[1, 1, 0, 0, 1, 0, 1, 0, 1, 1, 1, 1, 0, 1, 1, 0, 1, 0]",110010101111011010,"[""110010101111011010""]",1,0.000244140625,False,False,,,,8.51942669645689,0.29953139166955006,{},{}
"[1, 1, 0, 0, 1, 0, 1, 1, 0, 0, 1, 0, 0, 0, 1, 1, 0, 0]",110010110010001100,"[""110010110010001100""]",1,0.000244140625,False,False,,,,2.769420990877051,0.09218187724899929,{},{}
"[1, 1, 0, 0, 1, 0, 1, 1, 0, 0, 1, 1, 0, 0, 1, 0, 0, 1]",110010110011001001,"[""110010110011001001""]",1,0.000244140625,False,False,,,,4.010102796387622,0.1369217928413243,{},{}
"[1, 1, 0, 0, 1, 0, 1, 1, 0, 1, 0, 0, 0, 1, 0, 1, 0, 1]",110010110100010101,"[""110010110100010101""]",1,0.000244140625,False,False,,,,4.07612695118395,0.13930267333745336,{},{}
"[1, 1, 0, 0, 1, 0, 1, 1, 0, 1, 0, 1, 0, 0, 0, 1, 1, 0]",110010110101000110,"[""110010110101000110""]",1,0.000244140625,False,False,,,,6.042864656105715,0.2102247087212414,{},{}
"[1, 1, 0, 0, 1, 0, 1, 1, 0, 1, 0, 1, 0, 1, 1, 1, 1, 1]",110010110101011111,"[""110010110101011111""]",1,0.000244140625,False,False,,,,9.851786733136269,0.3475772929754789,{},{}
"[1, 1, 0, 0, 1, 0, 1, 1, 0, 1, 0, 1, 1, 1, 1, 1, 0, 1]",110010110101111101,"[""110010110101111101""]",1,0.000244140625,False,False,,,,9.834228757606677,0.34694413922108597,{},{}
"[1, 1, 0, 0, 1, 0, 1, 1, 0, 1, 1, 0, 1, 1, 0, 1, 1, 1]",110010110110110111,"[""110010110110110111""]",1,0.000244140625,False,False,,,,9.976479096599611,0.35207379303825015,{},{}
"[1, 1, 0, 0, 1, 0, 1, 1, 0, 1, 1, 1, 1, 0, 1, 1, 0, 1]",110010110111101101,"[""110010110111101101""]",1,0.000244140625,False,False,,,,9.80765390273451,0.3459858300409414,{},{}
"[1, 1, 0, 0, 1, 0, 1, 1, 0, 1, 1, 1, 1, 1, 0, 0, 1, 1]",110010110111110011,"[""110010110111110011""]",1,0.000244140625,False,False,,,,9.887496889828258,0.34886502798464253,{},{}
"[1, 1, 0, 0, 1, 0, 1, 1, 1, 0, 0, 0, 0, 0, 0, 1, 1, 1]",110010111000000111,"[""110010111000000111""]",1,0.000244140625,False,False,,,,12.130361908400886,0.42974442121038836,{},{}
"[1, 1, 0, 0, 1, 0, 1, 1, 1, 0, 0, 1, 1, 0, 0, 0, 1, 0]",110010111001100010,"[""110010111001100010""]",1,0.000244140625,False,False,,,,6.057956195499917,0.2107689209404066,{},{}
"[1, 1, 0, 0, 1, 0, 1, 1, 1, 0, 0, 1, 1, 1, 0, 1, 0, 1]",110010111001110101,"[""110010111001110101""]",1,0.000244140625,False,False,,,,8.584695260692264,0.3018850250038611,{},{}
"[1, 1, 0, 0, 1, 0, 1, 1, 1, 1, 1, 0, 1, 0, 0, 1, 1, 0]",110010111110100110,"[""110010111110100110""]",1,0.000244140625,False,False,,,,8.672115721019688,0.30503747231043027,{},{}
"[1, 1, 0, 0, 1, 0, 1, 1, 1, 1, 1, 1, 1, 1, 1, 0, 1, 0]",110010111111111010,"[""110010111111111010""]",1,0.000244140625,False,False,,,,15.156468330304943,0.5388680863500288,{},{}
"[1, 1, 0, 0, 1, 1, 0, 0, 0, 0, 0, 0, 0, 0, 0, 1, 1, 0]",110011000000000110,"[""110011000000000110""]",1,0.000244140625,False,False,,,,6.342185959403404,0.2210184592099191,{},{}
"[1, 1, 0, 0, 1, 1, 0, 0, 0, 0, 1, 0, 0, 1, 0, 0, 0, 0]",110011000010010000,"[""110011000010010000""]",1,0.000244140625,False,False,,,,4.3556647799530825,0.14938301691019243,{},{}
"[1, 1, 0, 0, 1, 1, 0, 0, 0, 0, 1, 1, 0, 1, 0, 1, 1, 0]",110011000011010110,"[""110011000011010110""]",1,0.000244140625,False,False,,,,6.0685527311431855,0.21115103995605206,{},{}
"[1, 1, 0, 0, 1, 1, 0, 0, 0, 1, 0, 0, 1, 0, 1, 0, 1, 1]",110011000100101011,"[""110011000100101011""]",1,0.000244140625,False,False,,,,6.033805556099118,0.20989803078670782,{},{}
"[1, 1, 0, 0, 1, 1, 0, 0, 0, 1, 0, 0, 1, 0, 1, 1, 0, 0]",110011000100101100,"[""110011000100101100""]",1,0.000244140625,False,False,,,,4.752274125114616,0.1636850470897614,{},{}
"[1, 1, 0, 0, 1, 1, 0, 0, 0, 1, 0, 1, 0, 1, 0, 1, 0, 0]",110011000101010100,"[""110011000101010100""]",1,0.000244140625,False,False,,,,4.721599434366225,0.162578894755772,{},{}
"[1, 1, 0, 0, 1, 1, 0, 0, 0, 1, 1, 1, 0, 0, 0, 0, 1, 0]",110011000111000010,"[""110011000111000010""]",1,0.000244140625,False,False,,,,8.763001523833076,0.3083148824637438,{},{}
"[1, 1, 0, 0, 1, 1, 0, 0, 0, 1, 1, 1, 1, 0, 1, 0, 0, 0]",110011000111101000,"[""110011000111101000""]",1,0.000244140625,False,False,,,,9.911733738332849,0.3497390269032235,{},{}
"[1, 1, 0, 0, 1, 1, 0, 0, 1, 0, 1, 0, 0, 1, 1, 1, 0, 1]",110011001010011101,"[""110011001010011101""]",1,0.000244140625,False,False,,,,5.391545149354716,0.1867376392516584,{},{}
"[1, 1, 0, 0, 1, 1, 0, 0, 1, 0, 1, 1, 0, 0, 0, 0, 0, 0]",110011001011000000,"[""110011001011000000""]",1,0.000244140625,False,False,,,,5.580402119254012,0.19354796310326,{},{}
"[1, 1, 0, 0, 1, 1, 0, 0, 1, 1, 0, 0, 0, 0, 1, 1, 0, 1]",110011001100001101,"[""110011001100001101""]",1,0.000244140625,False,False,,,,4.117047847298069,0.14077831151476553,{},{}
"[1, 1, 0, 0, 1, 1, 0, 0, 1, 1, 1, 0, 1, 1, 1, 1, 0, 0]",110011001110111100,"[""110011001110111100""]",1,0.000244140625,False,False,,,,8.52182198839766,0.29961776769180903,{},{}
"[1, 1, 0, 0, 1, 1, 0, 0, 1, 1, 1, 1, 1, 0, 0, 0, 1, 1]",110011001111100011,"[""110011001111100011""]",1,0.000244140625,False,False,,,,8.61184588992227,0.30286409703879685,{},{}
"[1, 1, 0, 0, 1, 1, 0, 0, 1, 1, 1, 1, 1, 1, 1, 0, 1, 1]",110011001111111011,"[""110011001111111011""]",1,0.000244140625,False,False,,,,13.149901288756165,0.46650977524197684,{},{}
"[1, 1, 0, 0, 1, 1, 0, 1, 0, 0, 0, 0, 0, 0, 0, 0, 1, 0]",110011010000000010,"[""110011010000000010""]",1,0.000244140625,False,False,,,,4.422755328238158,0.1518023523546111,{},{}
"[1, 1, 0, 0, 1, 1, 0, 1, 0, 0, 0, 1, 0, 0, 0, 0, 1, 0]",110011010001000010,"[""110011010001000010""]",1,0.000244140625,False,False,,,,3.6169957826786945,0.12274605935835389,{},{}
"[1, 1, 0, 0, 1, 1, 0, 1, 0, 1, 0, 0, 0, 0, 0, 1, 0, 1]",110011010100000101,"[""110011010100000101""]",1,0.000244140625,False,False,,,,4.845965082961992,0.16706361323559976,{},{}
"[1, 1, 0, 0, 1, 1, 0, 1, 0, 1, 0, 1, 0, 0, 1, 1, 0, 1]",110011010101001101,"[""110011010101001101""]",1,0.000244140625,False,False,,,,5.284713395742724,0.18288520616369702,{},{}
"[1, 1, 0, 0, 1, 1, 0, 1, 0, 1, 0, 1, 0, 0, 1, 1, 1, 1]",110011010101001111,"[""110011010101001111""]",1,0.000244140625,False,False,,,,8.583892286833487,0.30185606916481766,{},{}
"[1, 1, 0, 0, 1, 1, 0, 1, 0, 1, 1, 1, 0, 0, 0, 1, 1, 0]",110011010111000110,"[""110011010111000110""]",1,0.000244140625,False,False,,,,9.306142163982926,0.3279009409415382,{},{}
"[1, 1, 0, 0, 1, 1, 0, 1, 0, 1, 1, 1, 0, 0, 1, 0, 0, 1]",110011010111001001,"[""110011010111001001""]",1,0.000244140625,False,False,,,,7.285742751157969,0.2550438241601949,{},{}
"[1, 1, 0, 0, 1, 1, 0, 1, 0, 1, 1, 1, 0, 1, 1, 0, 1, 1]",110011010111011011,"[""110011010111011011""]",1,0.000244140625,False,False,,,,9.9529223309683,0.35122431841768914,{},{}
"[1, 1, 0, 0, 1, 1, 0, 1, 1, 0, 0, 0, 0, 0, 0, 1, 1, 0]",110011011000000110,"[""110011011000000110""]",1,0.000244140625,False,False,,,,6.9063068042998035,0.24136107959206426,{},{}
"[1, 1, 0, 0, 1, 1, 0, 1, 1, 0, 0, 0, 1, 0, 0, 0, 1, 0]",110011011000100010,"[""110011011000100010""]",1,0.000244140625,False,False,,,,4.898626596250406,0.16896262686586588,{},{}
"[1, 1, 0, 0, 1, 1, 0, 1, 1, 1, 0, 1, 0, 1, 1, 0, 0, 1]",110011011101011001,"[""110011011101011001""]",1,0.000244140625,False,False,,,,6.648925681933427,0.23207972345499192,{},{}
"[1, 1, 0, 0, 1, 1, 0, 1, 1, 1, 1, 0, 0, 0, 0, 1, 0, 0]",110011011110000100,"[""110011011110000100""]",1,0.000244140625,False,False,,,,6.082141155557253,0.21164104872269784,{},{}
"[1, 1, 0, 0, 1, 1, 0, 1, 1, 1, 1, 0, 0, 1, 0, 0, 1, 0]",110011011110010010,"[""110011011110010010""]",1,0.000244140625,False,False,,,,5.484075562387741,0.19007435528185507,{},{}
"[1, 1, 0, 0, 1, 1, 0, 1, 1, 1, 1, 1, 1, 1, 1, 0, 0, 0]",110011011111111000,"[""110011011111111000""]",1,0.000244140625,False,False,,,,13.813642309189014,0.4904447738027954,{},{}
"[1, 1, 0, 0, 1, 1, 1, 0, 0, 0, 0, 0, 0, 1, 0, 0, 1, 0]",110011100000010010,"[""110011100000010010""]",1,0.000244140625,False,False,,,,3.611743603726623,0.1225566618497036,{},{}
"[1, 1, 0, 0, 1, 1, 1, 0, 0, 0, 0, 1, 0, 1, 0, 1, 1, 1]",110011100001010111,"[""110011100001010111""]",1,0.000244140625,False,False,,,,7.358640343220186,0.2576725659546352,{},{}
"[1, 1, 0, 0, 1, 1, 1, 0, 0, 0, 0, 1, 1, 0, 0, 0, 1, 0]",110011100001100010,"[""110011100001100010""]",1,0.000244140625,False,False,,,,2.7722496815342907,0.09228388195373471,{},{}
"[1, 1, 0, 0, 1, 1, 1, 0, 0, 0, 1, 1, 0, 0, 1, 1, 0, 1]",110011100011001101,"[""110011100011001101""]",1,0.000244140625,False,False,,,,5.262720319629828,0.1820921193588965,{},{}
"[1, 1, 0, 0, 1, 1, 1, 0, 0, 1, 0, 1, 1, 0, 1, 0, 0, 1]",110011100101101001,"[""110011100101101001""]",1,0.000244140625,False,False,,,,5.292600310735548,0.18316961422827532,{},{}
"[1, 1, 0, 0, 1, 1, 1, 0, 0, 1, 1, 0, 0, 0, 1, 1, 0, 1]",110011100110001101,"[""110011100110001101""]",1,0.000244140625,False,False,,,,5.288208924539466,0.1830112575514277,{},{}
"[1, 1, 0, 0, 1, 1, 1, 0, 0, 1, 1, 1, 0, 1, 1, 1, 0, 0]",110011100111011100,"[""110011100111011100""]",1,0.000244140625,False,False,,,,8.490769956018752,0.29849800813586813,{},{}
"[1, 1, 0, 0, 1, 1, 1, 0, 1, 0, 0, 0, 1, 0, 1, 0, 1, 1]",110011101000101011,"[""110011101000101011""]",1,0.000244140625,False,False,,,,7.4066195467113705,0.2594027319849972,{},{}
"[1, 1, 0, 0, 1, 1, 1, 0, 1, 0, 0, 1, 0, 0, 0, 0, 0, 0]",110011101001000000,"[""110011101001000000""]",1,0.000244140625,False,False,,,,5.574743198543006,0.19334389818199688,{},{}
"[1, 1, 0, 0, 1, 1, 1, 0, 1, 1, 0, 1, 0, 0, 1, 1, 1, 0]",110011101101001110,"[""110011101101001110""]",1,0.000244140625,False,False,,,,6.565671602223162,0.22907751895549003,{},{}
"[1, 1, 0, 0, 1, 1, 1, 0, 1, 1, 0, 1, 1, 0, 0, 1, 0, 0]",110011101101100100,"[""110011101101100100""]",1,0.000244140625,False,False,,,,5.368720247314409,0.18591455618059957,{},{}
"[1, 1, 0, 0, 1, 1, 1, 0, 1, 1, 1, 1, 0, 0, 0, 0, 0, 1]",110011101111000001,"[""110011101111000001""]",1,0.000244140625,False,False,,,,9.355037845486025,0.3296641558557584,{},{}
"[1, 1, 0, 0, 1, 1, 1, 0, 1, 1, 1, 1, 1, 0, 0, 0, 0, 0]",110011101111100000,"[""110011101111100000""]",1,0.000244140625,False,False,,,,9.283461478982568,0.3270830584450068,{},{}
"[1, 1, 0, 0, 1, 1, 1, 1, 0, 0, 0, 0, 0, 1, 0, 1, 1, 1]",110011110000010111,"[""110011110000010111""]",1,0.000244140625,False,False,,,,9.464546752054806,0.3336131290854245,{},{}
"[1, 1, 0, 0, 1, 1, 1, 1, 0, 0, 1, 1, 1, 1, 0, 0, 1, 1]",110011110011110011,"[""110011110011110011""]",1,0.000244140625,False,False,,,,7.954800254212527,0.27917053906817585,{},{}
"[1, 1, 0, 0, 1, 1, 1, 1, 0, 0, 1, 1, 1, 1, 1, 0, 1, 0]",110011110011111010,"[""110011110011111010""]",1,0.000244140625,False,False,,,,9.901546323278936,0.3493716610825984,{},{}
"[1, 1, 0, 0, 1, 1, 1, 1, 0, 1, 1, 1, 0, 1, 1, 0, 0, 0]",110011110111011000,"[""110011110111011000""]",1,0.000244140625,False,False,,,,10.541256155789188,0.37244007699953124,{},{}
"[1, 1, 0, 0, 1, 1, 1, 1, 0, 1, 1, 1, 1, 1, 1, 0, 1, 1]",110011110111111011,"[""110011110111111011""]",1,0.000244140625,False,False,,,,14.46786342288022,0.5140364773929162,{},{}
"[1, 1, 0, 0, 1, 1, 1, 1, 1, 0, 0, 0, 0, 0, 0, 1, 0, 1]",110011111000000101,"[""110011111000000101""]",1,0.000244140625,False,False,,,,10.203704617350418,0.36026771558443405,{},{}
"[1, 1, 0, 0, 1, 1, 1, 1, 1, 0, 0, 0, 0, 1, 1, 0, 1, 1]",110011111000011011,"[""110011111000011011""]",1,0.000244140625,False,False,,,,10.778576040139908,0.3809980098611824,{},{}
"[1, 1, 0, 0, 1, 1, 1, 1, 1, 0, 1, 0, 1, 0, 0, 0, 1, 0]",110011111010100010,"[""110011111010100010""]",1,0.000244140625,False,False,,,,7.43538618100925,0.2604400783736087,{},{}
"[1, 1, 0, 0, 1, 1, 1, 1, 1, 1, 1, 1, 0, 1, 1, 0, 1, 1]",110011111111011011,"[""110011111111011011""]",1,0.000244140625,False,False,,,,14.553872950524514,0.5171380454096713,{},{}
"[1, 1, 0, 1, 0, 0, 0, 0, 0, 0, 0, 0, 1, 0, 1, 0, 0, 1]",110100000000101001,"[""110100000000101001""]",1,0.000244140625,False,False,,,,4.297744547149306,0.14729436991366265,{},{}
"[1, 1, 0, 1, 0, 0, 0, 0, 0, 0, 0, 1, 0, 0, 1, 0, 1, 0]",110100000001001010,"[""110100000001001010""]",1,0.000244140625,False,False,,,,2.2539123929257223,0.07359225091852457,{},{}
"[1, 1, 0, 1, 0, 0, 0, 0, 0, 0, 0, 1, 0, 1, 1, 1, 1, 1]",110100000001011111,"[""110100000001011111""]",1,0.000244140625,False,False,,,,7.986867240264899,0.28032689861412163,{},{}
"[1, 1, 0, 1, 0, 0, 0, 0, 0, 0, 1, 1, 0, 1, 1, 0, 1, 1]",110100000011011011,"[""110100000011011011""]",1,0.000244140625,False,False,,,,5.9636660128844845,0.20736874630041235,{},{}
"[1, 1, 0, 1, 0, 0, 0, 0, 0, 1, 0, 1, 0, 1, 1, 0, 0, 1]",110100000101011001,"[""110100000101011001""]",1,0.000244140625,False,False,,,,4.702054575302166,0.1618740924922859,{},{}
"[1, 1, 0, 1, 0, 0, 0, 0, 0, 1, 0, 1, 1, 1, 0, 0, 1, 1]",110100000101110011,"[""110100000101110011""]",1,0.000244140625,False,False,,,,5.960864596645638,0.20726772513164185,{},{}
"[1, 1, 0, 1, 0, 0, 0, 0, 0, 1, 1, 0, 1, 0, 1, 1, 1, 1]",110100000110101111,"[""110100000110101111""]",1,0.000244140625,False,False,,,,9.289339451259366,0.3272950225298752,{},{}
"[1, 1, 0, 1, 0, 0, 0, 0, 1, 0, 0, 0, 0, 1, 1, 0, 0, 1]",110100001000011001,"[""110100001000011001""]",1,0.000244140625,False,False,,,,3.5440293745603855,0.12011483600536464,{},{}
"[1, 1, 0, 1, 0, 0, 0, 0, 1, 0, 0, 0, 0, 1, 1, 0, 1, 0]",110100001000011010,"[""110100001000011010""]",1,0.000244140625,False,False,,,,3.498266340250103,0.11846458669631788,{},{}
"[1, 1, 0, 1, 0, 0, 0, 0, 1, 0, 1, 0, 0, 0, 1, 1, 0, 0]",110100001010001100,"[""110100001010001100""]",1,0.000244140625,False,False,,,,1.4947057176456737,0.04621468930821235,{},{}
"[1, 1, 0, 1, 0, 0, 0, 0, 1, 0, 1, 1, 0, 0, 0, 1, 1, 1]",110100001011000111,"[""110100001011000111""]",1,0.000244140625,False,False,,,,7.994890609714117,0.28061622732864755,{},{}
"[1, 1, 0, 1, 0, 0, 0, 0, 1, 0, 1, 1, 1, 0, 0, 0, 1, 1]",110100001011100011,"[""110100001011100011""]",1,0.000244140625,False,False,,,,3.979312885322222,0.135811485576365,{},{}
"[1, 1, 0, 1, 0, 0, 0, 0, 1, 0, 1, 1, 1, 0, 1, 1, 0, 1]",110100001011101101,"[""110100001011101101""]",1,0.000244140625,False,False,,,,5.26961715145015,0.18234082428237094,{},{}
"[1, 1, 0, 1, 0, 0, 0, 0, 1, 1, 1, 0, 0, 0, 1, 1, 0, 1]",110100001110001101,"[""110100001110001101""]",1,0.000244140625,False,False,,,,4.025109293109954,0.13746293835801648,{},{}
"[1, 1, 0, 1, 0, 0, 0, 0, 1, 1, 1, 0, 0, 1, 1, 1, 1, 1]",110100001110011111,"[""110100001110011111""]",1,0.000244140625,False,False,,,,8.524596349157274,0.2997178132197248,{},{}
"[1, 1, 0, 1, 0, 0, 0, 0, 1, 1, 1, 1, 1, 1, 1, 1, 0, 1]",110100001111111101,"[""110100001111111101""]",1,0.000244140625,False,False,,,,11.789387698830302,0.41744863570955254,{},{}
"[1, 1, 0, 1, 0, 0, 0, 1, 0, 0, 0, 0, 1, 1, 0, 0, 0, 0]",110100010000110000,"[""110100010000110000""]",1,0.000244140625,False,False,,,,4.293294213069832,0.1471338875319682,{},{}
"[1, 1, 0, 1, 0, 0, 0, 1, 0, 0, 0, 0, 1, 1, 1, 0, 0, 1]",110100010000111001,"[""110100010000111001""]",1,0.000244140625,False,False,,,,6.765177965332151,0.2362718679061903,{},{}
"[1, 1, 0, 1, 0, 0, 0, 1, 0, 0, 0, 1, 1, 0, 1, 0, 0, 1]",110100010001101001,"[""110100010001101001""]",1,0.000244140625,False,False,,,,2.7319973661757935,0.09083235329946085,{},{}
"[1, 1, 0, 1, 0, 0, 0, 1, 0, 0, 1, 1, 1, 1, 1, 0, 1, 1]",110100010011111011,"[""110100010011111011""]",1,0.000244140625,False,False,,,,8.515802182233582,0.2994006889706842,{},{}
"[1, 1, 0, 1, 0, 0, 0, 1, 0, 1, 0, 1, 1, 1, 1, 1, 1, 0]",110100010101111110,"[""110100010101111110""]",1,0.000244140625,False,False,,,,8.56965751665383,0.3013427526855356,{},{}
"[1, 1, 0, 1, 0, 0, 0, 1, 0, 1, 1, 0, 0, 0, 0, 1, 1, 1]",110100010110000111,"[""110100010110000111""]",1,0.000244140625,False,False,,,,8.051844330993543,0.2826700211953688,{},{}
"[1, 1, 0, 1, 0, 0, 0, 1, 1, 0, 0, 0, 1, 0, 0, 1, 1, 0]",110100011000100110,"[""110100011000100110""]",1,0.000244140625,False,False,,,,4.8291110435208155,0.16645584394403865,{},{}
"[1, 1, 0, 1, 0, 0, 0, 1, 1, 0, 0, 0, 1, 1, 0, 0, 1, 1]",110100011000110011,"[""110100011000110011""]",1,0.000244140625,False,False,,,,6.092790148798742,0.21202505939864338,{},{}
"[1, 1, 0, 1, 0, 0, 0, 1, 1, 0, 0, 1, 0, 0, 1, 1, 1, 1]",110100011001001111,"[""110100011001001111""]",1,0.000244140625,False,False,,,,7.283403707215994,0.25495947648292105,{},{}
"[1, 1, 0, 1, 0, 0, 0, 1, 1, 0, 0, 1, 1, 0, 1, 0, 1, 1]",110100011001101011,"[""110100011001101011""]",1,0.000244140625,False,False,,,,5.267825982824098,0.18227623339953114,{},{}
"[1, 1, 0, 1, 0, 0, 0, 1, 1, 0, 1, 0, 0, 0, 0, 1, 0, 0]",110100011010000100,"[""110100011010000100""]",1,0.000244140625,False,False,,,,3.544887556104978,0.12014578267492765,{},{}
"[1, 1, 0, 1, 0, 0, 0, 1, 1, 0, 1, 0, 1, 0, 1, 0, 0, 0]",110100011010101000,"[""110100011010101000""]",1,0.000244140625,False,False,,,,4.759463810290623,0.16394431252468697,{},{}
"[1, 1, 0, 1, 0, 0, 0, 1, 1, 1, 0, 0, 0, 1, 0, 1, 1, 0]",110100011100010110,"[""110100011100010110""]",1,0.000244140625,False,False,,,,4.056909998139189,0.1386096956107344,{},{}
"[1, 1, 0, 1, 0, 0, 0, 1, 1, 1, 0, 0, 1, 1, 1, 0, 0, 0]",110100011100111000,"[""110100011100111000""]",1,0.000244140625,False,False,,,,8.012224087933124,0.2812412855417972,{},{}
"[1, 1, 0, 1, 0, 0, 0, 1, 1, 1, 0, 1, 1, 1, 0, 0, 1, 1]",110100011101110011,"[""110100011101110011""]",1,0.000244140625,False,False,,,,6.529011058694605,0.2277555122848422,{},{}
"[1, 1, 0, 1, 0, 0, 0, 1, 1, 1, 0, 1, 1, 1, 1, 1, 0, 0]",110100011101111100,"[""110100011101111100""]",1,0.000244140625,False,False,,,,8.555749640170204,0.3008412242378851,{},{}
"[1, 1, 0, 1, 0, 0, 0, 1, 1, 1, 1, 0, 0, 0, 0, 1, 1, 0]",110100011110000110,"[""110100011110000110""]",1,0.000244140625,False,False,,,,6.047571328874354,0.21039443486815054,{},{}
"[1, 1, 0, 1, 0, 0, 1, 0, 0, 0, 0, 1, 1, 1, 0, 0, 1, 0]",110100100001110010,"[""110100100001110010""]",1,0.000244140625,False,False,,,,2.7548891780927356,0.091657849190809,{},{}
"[1, 1, 0, 1, 0, 0, 1, 0, 0, 0, 1, 0, 1, 1, 1, 0, 0, 1]",110100100010111001,"[""110100100010111001""]",1,0.000244140625,False,False,,,,5.983833080533845,0.20809598587172676,{},{}
"[1, 1, 0, 1, 0, 0, 1, 0, 0, 0, 1, 1, 1, 0, 0, 0, 1, 0]",110100100011100010,"[""110100100011100010""]",1,0.000244140625,False,False,,,,2.7441093559055627,0.09126912072504745,{},{}
"[1, 1, 0, 1, 0, 0, 1, 0, 0, 0, 1, 1, 1, 1, 0, 1, 1, 1]",110100100011110111,"[""110100100011110111""]",1,0.000244140625,False,False,,,,8.559349124429774,0.3009710243375028,{},{}
"[1, 1, 0, 1, 0, 0, 1, 0, 0, 0, 1, 1, 1, 1, 1, 1, 1, 0]",110100100011111110,"[""110100100011111110""]",1,0.000244140625,False,False,,,,8.562127209085192,0.30107120415189165,{},{}
"[1, 1, 0, 1, 0, 0, 1, 0, 0, 1, 0, 0, 1, 0, 0, 1, 1, 1]",110100100100100111,"[""110100100100100111""]",1,0.000244140625,False,False,,,,6.233885026174452,0.2171130464040633,{},{}
"[1, 1, 0, 1, 0, 0, 1, 0, 1, 0, 1, 0, 0, 0, 1, 0, 0, 0]",110100101010001000,"[""110100101010001000""]",1,0.000244140625,False,False,,,,3.499378747175263,0.11850470092360399,{},{}
"[1, 1, 0, 1, 0, 0, 1, 0, 1, 0, 1, 0, 0, 1, 0, 0, 0, 1]",110100101010010001,"[""110100101010010001""]",1,0.000244140625,False,False,,,,2.7860809501393424,0.09278264786387888,{},{}
"[1, 1, 0, 1, 0, 0, 1, 0, 1, 0, 1, 0, 1, 0, 1, 0, 0, 0]",110100101010101000,"[""110100101010101000""]",1,0.000244140625,False,False,,,,4.784158235174319,0.16483481199037622,{},{}
"[1, 1, 0, 1, 0, 0, 1, 0, 1, 0, 1, 1, 0, 0, 0, 0, 0, 0]",110100101011000000,"[""110100101011000000""]",1,0.000244140625,False,False,,,,5.48859892498809,0.19023747112673509,{},{}
"[1, 1, 0, 1, 0, 0, 1, 0, 1, 0, 1, 1, 1, 0, 1, 1, 0, 0]",110100101011101100,"[""110100101011101100""]",1,0.000244140625,False,False,,,,5.333128142895786,0.18463107822487418,{},{}
"[1, 1, 0, 1, 0, 0, 1, 0, 1, 0, 1, 1, 1, 1, 1, 0, 0, 1]",110100101011111001,"[""110100101011111001""]",1,0.000244140625,False,False,,,,8.50960875091913,0.29917734919653366,{},{}
"[1, 1, 0, 1, 0, 0, 1, 0, 1, 0, 1, 1, 1, 1, 1, 0, 1, 1]",110100101011111011,"[""110100101011111011""]",1,0.000244140625,False,False,,,,9.788560261776285,0.34529729904046497,{},{}
"[1, 1, 0, 1, 0, 0, 1, 0, 1, 1, 0, 0, 0, 0, 0, 0, 1, 1]",110100101100000011,"[""110100101100000011""]",1,0.000244140625,False,False,,,,4.8523309420047225,0.1672931708828381,{},{}
"[1, 1, 0, 1, 0, 0, 1, 0, 1, 1, 1, 0, 0, 1, 0, 1, 1, 1]",110100101110010111,"[""110100101110010111""]",1,0.000244140625,False,False,,,,8.637037812769488,0.30377253665384313,{},{}
"[1, 1, 0, 1, 0, 0, 1, 0, 1, 1, 1, 1, 0, 1, 1, 1, 0, 0]",110100101111011100,"[""110100101111011100""]",1,0.000244140625,False,False,,,,8.52564768029145,0.2997557250082218,{},{}
"[1, 1, 0, 1, 0, 0, 1, 1, 0, 0, 0, 0, 0, 0, 1, 0, 1, 0]",110100110000001010,"[""110100110000001010""]",1,0.000244140625,False,False,,,,3.529189385479187,0.11957969487898162,{},{}
"[1, 1, 0, 1, 0, 0, 1, 1, 0, 0, 0, 0, 0, 1, 0, 0, 0, 1]",110100110000010001,"[""110100110000010001""]",1,0.000244140625,False,False,,,,3.553113011292586,0.1204423987526097,{},{}
"[1, 1, 0, 1, 0, 0, 1, 1, 0, 0, 0, 1, 0, 0, 0, 1, 0, 1]",110100110001000101,"[""110100110001000101""]",1,0.000244140625,False,False,,,,4.78869955915719,0.16499857553616906,{},{}
"[1, 1, 0, 1, 0, 0, 1, 1, 0, 0, 0, 1, 0, 0, 1, 1, 0, 0]",110100110001001100,"[""110100110001001100""]",1,0.000244140625,False,False,,,,2.800816313077445,0.09331401609314188,{},{}
"[1, 1, 0, 1, 0, 0, 1, 1, 0, 0, 1, 0, 0, 1, 1, 1, 0, 0]",110100110010011100,"[""110100110010011100""]",1,0.000244140625,False,False,,,,4.046000834167181,0.13821630298329143,{},{}
"[1, 1, 0, 1, 0, 0, 1, 1, 0, 0, 1, 0, 1, 1, 1, 1, 1, 1]",110100110010111111,"[""110100110010111111""]",1,0.000244140625,False,False,,,,11.908082046528532,0.42172884282931405,{},{}
"[1, 1, 0, 1, 0, 0, 1, 1, 0, 0, 1, 1, 0, 1, 1, 0, 0, 0]",110100110011011000,"[""110100110011011000""]",1,0.000244140625,False,False,,,,5.988710327194091,0.20827186304098413,{},{}
"[1, 1, 0, 1, 0, 0, 1, 1, 0, 0, 1, 1, 0, 1, 1, 1, 1, 0]",110100110011011110,"[""110100110011011110""]",1,0.000244140625,False,False,,,,6.568826096450238,0.22919127238108958,{},{}
"[1, 1, 0, 1, 0, 0, 1, 1, 0, 0, 1, 1, 1, 0, 1, 0, 0, 0]",110100110011101000,"[""110100110011101000""]",1,0.000244140625,False,False,,,,6.008336183515429,0.2089795861262618,{},{}
"[1, 1, 0, 1, 0, 0, 1, 1, 0, 1, 0, 0, 0, 1, 0, 0, 1, 1]",110100110100010011,"[""110100110100010011""]",1,0.000244140625,False,False,,,,4.077036172231344,0.13933546052973306,{},{}
"[1, 1, 0, 1, 0, 0, 1, 1, 0, 1, 0, 1, 0, 1, 1, 1, 0, 1]",110100110101011101,"[""110100110101011101""]",1,0.000244140625,False,False,,,,6.589000377796145,0.22991877208370692,{},{}
"[1, 1, 0, 1, 0, 0, 1, 1, 0, 1, 1, 0, 0, 1, 1, 0, 0, 1]",110100110110011001,"[""110100110110011001""]",1,0.000244140625,False,False,,,,5.26137306127289,0.18204353621299818,{},{}
"[1, 1, 0, 1, 0, 0, 1, 1, 0, 1, 1, 0, 1, 1, 1, 1, 1, 1]",110100110110111111,"[""110100110110111111""]",1,0.000244140625,False,False,,,,13.236984732645231,0.46965006948324073,{},{}
"[1, 1, 0, 1, 0, 0, 1, 1, 1, 0, 0, 0, 0, 1, 1, 1, 0, 1]",110100111000011101,"[""110100111000011101""]",1,0.000244140625,False,False,,,,9.359156227347174,0.32981266779171686,{},{}
"[1, 1, 0, 1, 0, 0, 1, 1, 1, 0, 0, 0, 1, 0, 0, 1, 0, 1]",110100111000100101,"[""110100111000100101""]",1,0.000244140625,False,False,,,,8.212025164536463,0.28844626208194274,{},{}
"[1, 1, 0, 1, 0, 0, 1, 1, 1, 0, 1, 1, 0, 1, 1, 0, 1, 0]",110100111011011010,"[""110100111011011010""]",1,0.000244140625,False,False,,,,8.550457272565545,0.30065037749630774,{},{}
"[1, 1, 0, 1, 0, 0, 1, 1, 1, 1, 0, 0, 0, 0, 0, 0, 1, 1]",110100111100000011,"[""110100111100000011""]",1,0.000244140625,False,False,,,,8.1060919041694,0.28462622933366544,{},{}
"[1, 1, 0, 1, 0, 0, 1, 1, 1, 1, 0, 0, 0, 0, 0, 1, 1, 0]",110100111100000110,"[""110100111100000110""]",1,0.000244140625,False,False,,,,8.134351808651228,0.28564530266540006,{},{}
"[1, 1, 0, 1, 0, 0, 1, 1, 1, 1, 0, 1, 1, 0, 0, 1, 0, 0]",110100111101100100,"[""110100111101100100""]",1,0.000244140625,False,False,,,,7.448186338007089,0.2609016616265493,{},{}
"[1, 1, 0, 1, 0, 0, 1, 1, 1, 1, 0, 1, 1, 1, 1, 0, 0, 0]",110100111101111000,"[""110100111101111000""]",1,0.000244140625,False,False,,,,12.580650049933404,0.4459821490104662,{},{}
"[1, 1, 0, 1, 0, 0, 1, 1, 1, 1, 1, 0, 0, 1, 1, 0, 0, 0]",110100111110011000,"[""110100111110011000""]",1,0.000244140625,False,False,,,,9.27649797414454,0.32683194924255343,{},{}
"[1, 1, 0, 1, 0, 0, 1, 1, 1, 1, 1, 1, 0, 0, 1, 0, 1, 1]",110100111111001011,"[""110100111111001011""]",1,0.000244140625,False,False,,,,11.808552695705508,0.4181397398578648,{},{}
"[1, 1, 0, 1, 0, 1, 0, 0, 0, 0, 0, 1, 0, 0, 0, 0, 0, 0]",110101000001000000,"[""110101000001000000""]",1,0.000244140625,False,False,,,,5.049831314875762,0.17441518232240036,{},{}
"[1, 1, 0, 1, 0, 1, 0, 0, 0, 0, 1, 0, 0, 1, 1, 0, 1, 0]",110101000010011010,"[""110101000010011010""]",1,0.000244140625,False,False,,,,4.752239829484439,0.1636838103636383,{},{}
"[1, 1, 0, 1, 0, 1, 0, 0, 0, 1, 0, 1, 0, 1, 0, 1, 1, 0]",110101000101010110,"[""110101000101010110""]",1,0.000244140625,False,False,,,,6.009523995977684,0.2090224195337195,{},{}
"[1, 1, 0, 1, 0, 1, 0, 0, 0, 1, 1, 0, 1, 0, 0, 0, 0, 0]",110101000110100000,"[""110101000110100000""]",1,0.000244140625,False,False,,,,5.511793538044743,0.19107388625408053,{},{}
"[1, 1, 0, 1, 0, 1, 0, 0, 0, 1, 1, 0, 1, 1, 0, 1, 1, 0]",110101000110110110,"[""110101000110110110""]",1,0.000244140625,False,False,,,,7.334740238207971,0.25681071025872276,{},{}
"[1, 1, 0, 1, 0, 1, 0, 0, 0, 1, 1, 1, 0, 1, 1, 0, 1, 1]",110101000111011011,"[""110101000111011011""]",1,0.000244140625,False,False,,,,10.510825451189083,0.3713427229888763,{},{}
"[1, 1, 0, 1, 0, 1, 0, 0, 1, 0, 0, 0, 0, 0, 1, 1, 0, 1]",110101001000001101,"[""110101001000001101""]",1,0.000244140625,False,False,,,,4.947713768635744,0.17073274708479033,{},{}
"[1, 1, 0, 1, 0, 1, 0, 0, 1, 0, 0, 1, 0, 0, 1, 0, 1, 1]",110101001001001011,"[""110101001001001011""]",1,0.000244140625,False,False,,,,4.120694994440207,0.140909830373644,{},{}
"[1, 1, 0, 1, 0, 1, 0, 0, 1, 0, 0, 1, 1, 1, 0, 1, 1, 1]",110101001001110111,"[""110101001001110111""]",1,0.000244140625,False,False,,,,8.649629648113754,0.3042266076718533,{},{}
"[1, 1, 0, 1, 0, 1, 0, 0, 1, 0, 0, 1, 1, 1, 1, 1, 0, 0]",110101001001111100,"[""110101001001111100""]",1,0.000244140625,False,False,,,,7.308463438079654,0.2558631491559842,{},{}
"[1, 1, 0, 1, 0, 1, 0, 0, 1, 0, 1, 0, 0, 0, 1, 0, 0, 0]",110101001010001000,"[""110101001010001000""]",1,0.000244140625,False,False,,,,3.537623467788051,0.11988383420698766,{},{}
"[1, 1, 0, 1, 0, 1, 0, 0, 1, 1, 0, 1, 1, 1, 1, 0, 1, 1]",110101001101111011,"[""110101001101111011""]",1,0.000244140625,False,False,,,,9.866338806952546,0.348102051661664,{},{}
"[1, 1, 0, 1, 0, 1, 0, 0, 1, 1, 1, 0, 0, 1, 0, 1, 0, 1]",110101001110010101,"[""110101001110010101""]",1,0.000244140625,False,False,,,,5.406689798292547,0.1872837666407637,{},{}
"[1, 1, 0, 1, 0, 1, 0, 1, 0, 0, 0, 0, 0, 1, 1, 1, 0, 0]",110101010000011100,"[""110101010000011100""]",1,0.000244140625,False,False,,,,4.803057542477024,0.16551633517361375,{},{}
"[1, 1, 0, 1, 0, 1, 0, 1, 0, 0, 0, 1, 0, 1, 0, 0, 0, 1]",110101010001010001,"[""110101010001010001""]",1,0.000244140625,False,False,,,,2.799231489647399,0.09325686617269163,{},{}
"[1, 1, 0, 1, 0, 1, 0, 1, 0, 0, 0, 1, 0, 1, 1, 1, 0, 0]",110101010001011100,"[""110101010001011100""]",1,0.000244140625,False,False,,,,4.011651876680217,0.13697765383745447,{},{}
"[1, 1, 0, 1, 0, 1, 0, 1, 0, 0, 0, 1, 0, 1, 1, 1, 1, 0]",110101010001011110,"[""110101010001011110""]",1,0.000244140625,False,False,,,,5.28815022667926,0.1830091408626043,{},{}
"[1, 1, 0, 1, 0, 1, 0, 1, 0, 0, 0, 1, 1, 1, 0, 1, 0, 1]",110101010001110101,"[""110101010001110101""]",1,0.000244140625,False,False,,,,5.31766608525631,0.18407350484014226,{},{}
"[1, 1, 0, 1, 0, 1, 0, 1, 0, 0, 1, 0, 0, 1, 0, 0, 0, 1]",110101010010010001,"[""110101010010010001""]",1,0.000244140625,False,False,,,,2.8514673283549055,0.0951405296585976,{},{}
"[1, 1, 0, 1, 0, 1, 0, 1, 0, 0, 1, 1, 0, 0, 0, 0, 1, 1]",110101010011000011,"[""110101010011000011""]",1,0.000244140625,False,False,,,,6.055611348194434,0.21068436398949605,{},{}
"[1, 1, 0, 1, 0, 1, 0, 1, 0, 1, 0, 0, 1, 1, 0, 1, 1, 1]",110101010100110111,"[""110101010100110111""]",1,0.000244140625,False,False,,,,8.709938805191971,0.30640140106782265,{},{}
"[1, 1, 0, 1, 0, 1, 0, 1, 0, 1, 0, 1, 0, 1, 0, 0, 1, 1]",110101010101010011,"[""110101010101010011""]",1,0.000244140625,False,False,,,,5.312164305189109,0.18387510652824568,{},{}
"[1, 1, 0, 1, 0, 1, 0, 1, 0, 1, 0, 1, 1, 0, 1, 0, 1, 0]",110101010101101010,"[""110101010101101010""]",1,0.000244140625,False,False,,,,5.241501809722481,0.18132696399187714,{},{}
"[1, 1, 0, 1, 0, 1, 0, 1, 0, 1, 1, 0, 1, 0, 0, 0, 1, 0]",110101010110100010,"[""110101010110100010""]",1,0.000244140625,False,False,,,,4.031993604482459,0.13771119178476066,{},{}
"[1, 1, 0, 1, 0, 1, 0, 1, 0, 1, 1, 1, 0, 0, 0, 0, 1, 1]",110101010111000011,"[""110101010111000011""]",1,0.000244140625,False,False,,,,9.284148297394603,0.32710782563160146,{},{}
"[1, 1, 0, 1, 0, 1, 0, 1, 1, 0, 0, 1, 0, 1, 1, 1, 0, 1]",110101011001011101,"[""110101011001011101""]",1,0.000244140625,False,False,,,,6.644580588934959,0.2319230361455393,{},{}
"[1, 1, 0, 1, 0, 1, 0, 1, 1, 0, 1, 0, 0, 0, 0, 0, 1, 0]",110101011010000010,"[""110101011010000010""]",1,0.000244140625,False,False,,,,4.864303656246398,0.16772491592996014,{},{}
"[1, 1, 0, 1, 0, 1, 0, 1, 1, 0, 1, 0, 0, 0, 1, 0, 1, 1]",110101011010001011,"[""110101011010001011""]",1,0.000244140625,False,False,,,,5.413779068472072,0.18753941103567173,{},{}
"[1, 1, 0, 1, 0, 1, 0, 1, 1, 1, 0, 0, 1, 1, 0, 0, 1, 1]",110101011100110011,"[""110101011100110011""]",1,0.000244140625,False,False,,,,6.710174510139037,0.23428840209594298,{},{}
"[1, 1, 0, 1, 0, 1, 0, 1, 1, 1, 1, 1, 0, 0, 0, 1, 0, 1]",110101011111000101,"[""110101011111000101""]",1,0.000244140625,False,False,,,,10.632714516785255,0.3757381340299497,{},{}
"[1, 1, 0, 1, 0, 1, 0, 1, 1, 1, 1, 1, 0, 0, 1, 0, 1, 0]",110101011111001010,"[""110101011111001010""]",1,0.000244140625,False,False,,,,8.523691401884802,0.2996851801429713,{},{}
"[1, 1, 0, 1, 0, 1, 0, 1, 1, 1, 1, 1, 1, 1, 1, 0, 1, 0]",110101011111111010,"[""110101011111111010""]",1,0.000244140625,False,False,,,,13.090117711473011,0.4643539346472525,{},{}
"[1, 1, 0, 1, 0, 1, 1, 0, 0, 0, 0, 0, 0, 0, 1, 0, 0, 0]",110101100000001000,"[""110101100000001000""]",1,0.000244140625,False,False,,,,4.318016932988253,0.1480254073378121,{},{}
"[1, 1, 0, 1, 0, 1, 1, 0, 0, 0, 0, 1, 0, 1, 0, 1, 0, 1]",110101100001010101,"[""110101100001010101""]",1,0.000244140625,False,False,,,,4.089600232497504,0.1397885299576139,{},{}
"[1, 1, 0, 1, 0, 1, 1, 0, 0, 0, 0, 1, 1, 0, 0, 1, 1, 1]",110101100001100111,"[""110101100001100111""]",1,0.000244140625,False,False,,,,7.4178452836027144,0.2598075404691304,{},{}
"[1, 1, 0, 1, 0, 1, 1, 0, 0, 0, 0, 1, 1, 0, 1, 1, 1, 1]",110101100001101111,"[""110101100001101111""]",1,0.000244140625,False,False,,,,8.67025065828541,0.3049702167506764,{},{}
"[1, 1, 0, 1, 0, 1, 1, 0, 0, 0, 1, 0, 0, 1, 0, 0, 1, 1]",110101100010010011,"[""110101100010010011""]",1,0.000244140625,False,False,,,,4.085150952448504,0.13962808558504816,{},{}
"[1, 1, 0, 1, 0, 1, 1, 0, 0, 0, 1, 0, 0, 1, 0, 1, 1, 0]",110101100010010110,"[""110101100010010110""]",1,0.000244140625,False,False,,,,4.0640538265381725,0.13886730741591843,{},{}
"[1, 1, 0, 1, 0, 1, 1, 0, 0, 0, 1, 0, 1, 1, 0, 0, 1, 0]",110101100010110010,"[""110101100010110010""]",1,0.000244140625,False,False,,,,4.04703494922394,0.13825359394713624,{},{}
"[1, 1, 0, 1, 0, 1, 1, 0, 0, 0, 1, 1, 0, 1, 0, 0, 0, 0]",110101100011010000,"[""110101100011010000""]",1,0.000244140625,False,False,,,,4.701236953835761,0.1618446084495354,{},{}
"[1, 1, 0, 1, 0, 1, 1, 0, 0, 0, 1, 1, 0, 1, 1, 1, 0, 1]",110101100011011101,"[""110101100011011101""]",1,0.000244140625,False,False,,,,6.543863813840696,0.22829111376509129,{},{}
"[1, 1, 0, 1, 0, 1, 1, 0, 0, 0, 1, 1, 1, 1, 1, 0, 0, 0]",110101100011111000,"[""110101100011111000""]",1,0.000244140625,False,False,,,,9.221185630910178,0.32483734469807823,{},{}
"[1, 1, 0, 1, 0, 1, 1, 0, 0, 1, 1, 0, 0, 0, 1, 0, 1, 1]",110101100110001011,"[""110101100110001011""]",1,0.000244140625,False,False,,,,5.2965641023522725,0.18331255152418002,{},{}
"[1, 1, 0, 1, 0, 1, 1, 0, 0, 1, 1, 0, 1, 0, 1, 1, 0, 1]",110101100110101101,"[""110101100110101101""]",1,0.000244140625,False,False,,,,6.73396209847575,0.2351462003562242,{},{}
"[1, 1, 0, 1, 0, 1, 1, 0, 1, 0, 0, 0, 0, 1, 0, 1, 0, 1]",110101101000010101,"[""110101101000010101""]",1,0.000244140625,False,False,,,,6.2305267010379195,0.2169919426831312,{},{}
"[1, 1, 0, 1, 0, 1, 1, 0, 1, 0, 0, 0, 0, 1, 0, 1, 1, 1]",110101101000010111,"[""110101101000010111""]",1,0.000244140625,False,False,,,,9.481084303079088,0.3342094855675168,{},{}
"[1, 1, 0, 1, 0, 1, 1, 0, 1, 0, 0, 0, 0, 1, 1, 1, 1, 1]",110101101000011111,"[""110101101000011111""]",1,0.000244140625,False,False,,,,10.701899612391793,0.3782330004202968,{},{}
"[1, 1, 0, 1, 0, 1, 1, 0, 1, 0, 0, 0, 1, 1, 1, 0, 1, 1]",110101101000111011,"[""110101101000111011""]",1,0.000244140625,False,False,,,,10.686321887999897,0.37767125600579954,{},{}
"[1, 1, 0, 1, 0, 1, 1, 0, 1, 0, 0, 1, 1, 0, 1, 1, 0, 1]",110101101001101101,"[""110101101001101101""]",1,0.000244140625,False,False,,,,6.778238677543358,0.23674284697536802,{},{}
"[1, 1, 0, 1, 0, 1, 1, 0, 1, 0, 1, 0, 1, 0, 1, 0, 0, 1]",110101101010101001,"[""110101101010101001""]",1,0.000244140625,False,False,,,,5.401291914744066,0.1870891149151854,{},{}
"[1, 1, 0, 1, 0, 1, 1, 0, 1, 0, 1, 1, 0, 0, 0, 0, 1, 1]",110101101011000011,"[""110101101011000011""]",1,0.000244140625,False,False,,,,7.364187722941503,0.2578726086242286,{},{}
"[1, 1, 0, 1, 0, 1, 1, 0, 1, 1, 0, 0, 0, 0, 0, 1, 1, 1]",110101101100000111,"[""110101101100000111""]",1,0.000244140625,False,False,,,,9.549433082878297,0.3366741937831713,{},{}
"[1, 1, 0, 1, 0, 1, 1, 0, 1, 1, 0, 0, 1, 0, 0, 0, 0, 1]",110101101100100001,"[""110101101100100001""]",1,0.000244140625,False,False,,,,4.30523530184106,0.14756449214092784,{},{}
"[1, 1, 0, 1, 0, 1, 1, 0, 1, 1, 0, 0, 1, 1, 0, 1, 1, 0]",110101101100110110,"[""110101101100110110""]",1,0.000244140625,False,False,,,,6.777416975883888,0.23671321579779814,{},{}
"[1, 1, 0, 1, 0, 1, 1, 0, 1, 1, 0, 1, 1, 0, 0, 0, 0, 0]",110101101101100000,"[""110101101101100000""]",1,0.000244140625,False,False,,,,6.164359289948469,0.21460589625772528,{},{}
"[1, 1, 0, 1, 0, 1, 1, 0, 1, 1, 1, 0, 0, 0, 0, 0, 0, 1]",110101101110000001,"[""110101101110000001""]",1,0.000244140625,False,False,,,,6.177594299586685,0.21508316062272798,{},{}
"[1, 1, 0, 1, 0, 1, 1, 1, 0, 0, 0, 0, 1, 0, 1, 1, 1, 1]",110101110000101111,"[""110101110000101111""]",1,0.000244140625,False,False,,,,10.696019371256053,0.3780209545186748,{},{}
"[1, 1, 0, 1, 0, 1, 1, 1, 0, 0, 0, 0, 1, 1, 0, 0, 0, 0]",110101110000110000,"[""110101110000110000""]",1,0.000244140625,False,False,,,,6.8321783442501145,0.23868795177566393,{},{}
"[1, 1, 0, 1, 0, 1, 1, 1, 0, 0, 0, 0, 1, 1, 0, 0, 0, 1]",110101110000110001,"[""110101110000110001""]",1,0.000244140625,False,False,,,,6.1299401335239025,0.2133647156855959,{},{}
"[1, 1, 0, 1, 0, 1, 1, 1, 0, 0, 1, 0, 1, 0, 1, 0, 0, 1]",110101110010101001,"[""110101110010101001""]",1,0.000244140625,False,False,,,,5.3162830716219425,0.18402363233214722,{},{}
"[1, 1, 0, 1, 0, 1, 1, 1, 0, 1, 0, 0, 0, 1, 0, 0, 0, 1]",110101110100010001,"[""110101110100010001""]",1,0.000244140625,False,False,,,,4.128498980601565,0.14119124796241822,{},{}
"[1, 1, 0, 1, 0, 1, 1, 1, 0, 1, 1, 0, 0, 0, 1, 1, 1, 1]",110101110110001111,"[""110101110110001111""]",1,0.000244140625,False,False,,,,9.923818325874427,0.3501748061853705,{},{}
"[1, 1, 0, 1, 0, 1, 1, 1, 0, 1, 1, 0, 1, 0, 1, 1, 1, 0]",110101110110101110,"[""110101110110101110""]",1,0.000244140625,False,False,,,,7.957841528562014,0.27928020970015,{},{}
"[1, 1, 0, 1, 0, 1, 1, 1, 0, 1, 1, 1, 1, 0, 1, 1, 0, 0]",110101110111101100,"[""110101110111101100""]",1,0.000244140625,False,False,,,,9.922968731058493,0.3501441691596773,{},{}
"[1, 1, 0, 1, 0, 1, 1, 1, 1, 0, 0, 0, 1, 0, 0, 0, 0, 1]",110101111000100001,"[""110101111000100001""]",1,0.000244140625,False,False,,,,8.234832521793649,0.2892687124749753,{},{}
"[1, 1, 0, 1, 0, 1, 1, 1, 1, 0, 1, 0, 1, 0, 1, 1, 0, 1]",110101111010101101,"[""110101111010101101""]",1,0.000244140625,False,False,,,,10.014105788956686,0.3534306397596229,{},{}
"[1, 1, 0, 1, 0, 1, 1, 1, 1, 0, 1, 1, 0, 0, 0, 0, 1, 0]",110101111011000010,"[""110101111011000010""]",1,0.000244140625,False,False,,,,9.318111635995761,0.32833256907145875,{},{}
"[1, 1, 0, 1, 0, 1, 1, 1, 1, 0, 1, 1, 0, 0, 1, 1, 0, 1]",110101111011001101,"[""110101111011001101""]",1,0.000244140625,False,False,,,,9.915138459640833,0.34986180370486436,{},{}
"[1, 1, 0, 1, 0, 1, 1, 1, 1, 0, 1, 1, 0, 1, 1, 1, 0, 0]",110101111011011100,"[""110101111011011100""]",1,0.000244140625,False,False,,,,9.845175624985417,0.3473388914616281,{},{}
"[1, 1, 0, 1, 0, 1, 1, 1, 1, 1, 0, 0, 0, 0, 0, 1, 1, 0]",110101111100000110,"[""110101111100000110""]",1,0.000244140625,False,False,,,,9.45228254602485,0.33317087262599226,{},{}
"[1, 1, 0, 1, 0, 1, 1, 1, 1, 1, 0, 0, 0, 1, 1, 1, 0, 0]",110101111100011100,"[""110101111100011100""]",1,0.000244140625,False,False,,,,8.678989322623556,0.3052853395348922,{},{}
"[1, 1, 0, 1, 0, 1, 1, 1, 1, 1, 0, 1, 0, 1, 1, 1, 0, 1]",110101111101011101,"[""110101111101011101""]",1,0.000244140625,False,False,,,,11.255731341452206,0.39820458757540733,{},{}
"[1, 1, 0, 1, 0, 1, 1, 1, 1, 1, 1, 0, 0, 0, 0, 1, 1, 1]",110101111110000111,"[""110101111110000111""]",1,0.000244140625,False,False,,,,14.049670338191019,0.49895612139254014,{},{}
"[1, 1, 0, 1, 0, 1, 1, 1, 1, 1, 1, 0, 0, 1, 0, 0, 1, 1]",110101111110010011,"[""110101111110010011""]",1,0.000244140625,False,False,,,,10.012180974431276,0.35336122950550686,{},{}
"[1, 1, 0, 1, 0, 1, 1, 1, 1, 1, 1, 1, 0, 0, 0, 0, 1, 0]",110101111111000010,"[""110101111111000010""]",1,0.000244140625,False,False,,,,12.584213785465144,0.4461106599841705,{},{}
"[1, 1, 0, 1, 1, 0, 0, 0, 0, 0, 0, 1, 0, 1, 0, 0, 1, 1]",110110000001010011,"[""110110000001010011""]",1,0.000244140625,False,False,,,,4.802359543943851,0.16549116482347317,{},{}
"[1, 1, 0, 1, 1, 0, 0, 0, 0, 0, 0, 1, 0, 1, 0, 1, 1, 0]",110110000001010110,"[""110110000001010110""]",1,0.000244140625,False,False,,,,4.782493047745984,0.16477476408392816,{},{}
"[1, 1, 0, 1, 1, 0, 0, 0, 0, 0, 0, 1, 1, 0, 0, 0, 0, 1]",110110000001100001,"[""110110000001100001""]",1,0.000244140625,False,False,,,,3.496828177100431,0.11841272545547553,{},{}
"[1, 1, 0, 1, 1, 0, 0, 0, 0, 0, 0, 1, 1, 1, 0, 1, 1, 1]",110110000001110111,"[""110110000001110111""]",1,0.000244140625,False,False,,,,9.311455470287925,0.32809254274833993,{},{}
"[1, 1, 0, 1, 1, 0, 0, 0, 0, 0, 1, 1, 0, 1, 1, 1, 0, 0]",110110000011011100,"[""110110000011011100""]",1,0.000244140625,False,False,,,,5.986199027048007,0.20818130367591267,{},{}
"[1, 1, 0, 1, 1, 0, 0, 0, 0, 1, 0, 1, 1, 1, 0, 0, 0, 1]",110110000101110001,"[""110110000101110001""]",1,0.000244140625,False,False,,,,5.982024718837645,0.20803077499389408,{},{}
"[1, 1, 0, 1, 1, 0, 0, 0, 0, 1, 1, 0, 1, 1, 0, 1, 1, 1]",110110000110110111,"[""110110000110110111""]",1,0.000244140625,False,False,,,,10.659730154631413,0.37671233817443023,{},{}
"[1, 1, 0, 1, 1, 0, 0, 0, 1, 0, 1, 0, 0, 1, 1, 0, 0, 0]",110110001010011000,"[""110110001010011000""]",1,0.000244140625,False,False,,,,4.7551229334029825,0.16378777725135008,{},{}
"[1, 1, 0, 1, 1, 0, 0, 0, 1, 0, 1, 0, 1, 0, 1, 1, 0, 0]",110110001010101100,"[""110110001010101100""]",1,0.000244140625,False,False,,,,4.025640082941511,0.13748207903708154,{},{}
"[1, 1, 0, 1, 1, 0, 0, 0, 1, 0, 1, 0, 1, 0, 1, 1, 1, 1]",110110001010101111,"[""110110001010101111""]",1,0.000244140625,False,False,,,,8.599900222214343,0.3024333273099487,{},{}
"[1, 1, 0, 1, 1, 0, 0, 0, 1, 1, 0, 0, 0, 0, 0, 0, 1, 0]",110110001100000010,"[""110110001100000010""]",1,0.000244140625,False,False,,,,3.529154151386071,0.11957842431118174,{},{}
"[1, 1, 0, 1, 1, 0, 0, 0, 1, 1, 0, 0, 1, 1, 0, 0, 1, 1]",110110001100110011,"[""110110001100110011""]",1,0.000244140625,False,False,,,,5.35272736632257,0.18533784090801725,{},{}
"[1, 1, 0, 1, 1, 0, 0, 0, 1, 1, 1, 0, 1, 0, 1, 1, 1, 0]",110110001110101110,"[""110110001110101110""]",1,0.000244140625,False,False,,,,6.579122039025384,0.22956255178545376,{},{}
"[1, 1, 0, 1, 1, 0, 0, 0, 1, 1, 1, 1, 0, 1, 1, 1, 1, 1]",110110001111011111,"[""110110001111011111""]",1,0.000244140625,False,False,,,,13.107057307409058,0.46496478917012907,{},{}
"[1, 1, 0, 1, 1, 0, 0, 1, 0, 0, 1, 0, 1, 0, 0, 1, 1, 1]",110110010010100111,"[""110110010010100111""]",1,0.000244140625,False,False,,,,7.400125693515216,0.25916855877267597,{},{}
"[1, 1, 0, 1, 1, 0, 0, 1, 0, 1, 0, 0, 0, 0, 1, 1, 1, 0]",110110010100001110,"[""110110010100001110""]",1,0.000244140625,False,False,,,,4.072321816822558,0.1391654573410633,{},{}
"[1, 1, 0, 1, 1, 0, 0, 1, 0, 1, 0, 0, 0, 1, 0, 0, 0, 1]",110110010100010001,"[""110110010100010001""]",1,0.000244140625,False,False,,,,2.817127618414391,0.09390221398621511,{},{}
"[1, 1, 0, 1, 1, 0, 0, 1, 0, 1, 0, 1, 1, 1, 1, 0, 1, 0]",110110010101111010,"[""110110010101111010""]",1,0.000244140625,False,False,,,,8.58012535529694,0.3017202307909182,{},{}
"[1, 1, 0, 1, 1, 0, 0, 1, 0, 1, 1, 0, 1, 0, 1, 0, 1, 0]",110110010110101010,"[""110110010110101010""]",1,0.000244140625,False,False,,,,5.319822464271748,0.18415126548328806,{},{}
"[1, 1, 0, 1, 1, 0, 0, 1, 0, 1, 1, 1, 1, 1, 0, 0, 0, 1]",110110010111110001,"[""110110010111110001""]",1,0.000244140625,False,False,,,,8.537986544525685,0.30020067369844433,{},{}
"[1, 1, 0, 1, 1, 0, 0, 1, 1, 0, 0, 0, 0, 1, 1, 1, 1, 1]",110110011000011111,"[""110110011000011111""]",1,0.000244140625,False,False,,,,10.676023392102676,0.377299884526728,{},{}
"[1, 1, 0, 1, 1, 0, 0, 1, 1, 0, 0, 0, 1, 1, 0, 0, 0, 0]",110110011000110000,"[""110110011000110000""]",1,0.000244140625,False,False,,,,6.830090801902534,0.23861267343434278,{},{}
"[1, 1, 0, 1, 1, 0, 0, 1, 1, 0, 0, 1, 0, 1, 0, 1, 0, 0]",110110011001010100,"[""110110011001010100""]",1,0.000244140625,False,False,,,,4.024113948049972,0.1374270454693072,{},{}
"[1, 1, 0, 1, 1, 0, 0, 1, 1, 0, 1, 0, 1, 0, 1, 1, 0, 0]",110110011010101100,"[""110110011010101100""]",1,0.000244140625,False,False,,,,5.330023935436806,0.1845191381778138,{},{}
"[1, 1, 0, 1, 1, 0, 0, 1, 1, 0, 1, 1, 0, 0, 1, 1, 0, 1]",110110011011001101,"[""110110011011001101""]",1,0.000244140625,False,False,,,,6.56494244274162,0.2290512249182013,{},{}
"[1, 1, 0, 1, 1, 0, 0, 1, 1, 0, 1, 1, 0, 1, 0, 1, 1, 0]",110110011011010110,"[""110110011011010110""]",1,0.000244140625,False,False,,,,6.647482487380804,0.23202768077798894,{},{}
"[1, 1, 0, 1, 1, 0, 0, 1, 1, 0, 1, 1, 1, 1, 1, 0, 1, 1]",110110011011111011,"[""110110011011111011""]",1,0.000244140625,False,False,,,,11.197866959630387,0.396117954607138,{},{}
"[1, 1, 0, 1, 1, 0, 0, 1, 1, 1, 0, 0, 0, 0, 1, 1, 1, 0]",110110011100001110,"[""110110011100001110""]",1,0.000244140625,False,False,,,,5.3162349518083065,0.18402189709560968,{},{}
"[1, 1, 0, 1, 1, 0, 0, 1, 1, 1, 0, 0, 1, 1, 0, 0, 1, 0]",110110011100110010,"[""110110011100110010""]",1,0.000244140625,False,False,,,,5.369495144816959,0.18594249956519893,{},{}
"[1, 1, 0, 1, 1, 0, 0, 1, 1, 1, 0, 1, 0, 0, 0, 1, 0, 0]",110110011101000100,"[""110110011101000100""]",1,0.000244140625,False,False,,,,6.014173754872867,0.2091900933237043,{},{}
"[1, 1, 0, 1, 1, 0, 0, 1, 1, 1, 1, 1, 1, 1, 1, 0, 0, 0]",110110011111111000,"[""110110011111111000""]",1,0.000244140625,False,False,,,,13.803355102696523,0.490073809428118,{},{}
"[1, 1, 0, 1, 1, 0, 1, 0, 0, 0, 0, 1, 0, 1, 0, 0, 1, 1]",110110100001010011,"[""110110100001010011""]",1,0.000244140625,False,False,,,,4.051867823526672,0.13842787101593193,{},{}
"[1, 1, 0, 1, 1, 0, 1, 0, 0, 0, 1, 0, 0, 0, 1, 0, 0, 1]",110110100010001001,"[""110110100010001001""]",1,0.000244140625,False,False,,,,2.740897102312964,0.09115328445344607,{},{}
"[1, 1, 0, 1, 1, 0, 1, 0, 0, 0, 1, 0, 0, 1, 1, 0, 1, 1]",110110100010011011,"[""110110100010011011""]",1,0.000244140625,False,False,,,,5.320281662070544,0.18416782450000535,{},{}
"[1, 1, 0, 1, 1, 0, 1, 0, 0, 0, 1, 0, 0, 1, 1, 1, 0, 0]",110110100010011100,"[""110110100010011100""]",1,0.000244140625,False,False,,,,4.036662164902346,0.13787954357181492,{},{}
"[1, 1, 0, 1, 1, 0, 1, 0, 0, 0, 1, 1, 0, 1, 1, 0, 1, 1]",110110100011011011,"[""110110100011011011""]",1,0.000244140625,False,False,,,,6.5633483674884,0.2289937413700747,{},{}
"[1, 1, 0, 1, 1, 0, 1, 0, 0, 0, 1, 1, 1, 1, 0, 0, 0, 1]",110110100011110001,"[""110110100011110001""]",1,0.000244140625,False,False,,,,5.262814214195227,0.18209550526728321,{},{}
"[1, 1, 0, 1, 1, 0, 1, 0, 0, 1, 0, 0, 0, 0, 0, 1, 1, 0]",110110100100000110,"[""110110100100000110""]",1,0.000244140625,False,False,,,,4.897615613546808,0.16892617007201,{},{}
"[1, 1, 0, 1, 1, 0, 1, 0, 0, 1, 1, 1, 0, 0, 1, 1, 0, 0]",110110100111001100,"[""110110100111001100""]",1,0.000244140625,False,False,,,,7.312798232896702,0.256019465105298,{},{}
"[1, 1, 0, 1, 1, 0, 1, 0, 0, 1, 1, 1, 1, 1, 1, 1, 0, 1]",110110100111111101,"[""110110100111111101""]",1,0.000244140625,False,False,,,,13.183056695590562,0.4677053840569136,{},{}
"[1, 1, 0, 1, 1, 0, 1, 0, 1, 0, 0, 0, 0, 0, 1, 0, 0, 0]",110110101000001000,"[""110110101000001000""]",1,0.000244140625,False,False,,,,5.534336748546711,0.19188681131718566,{},{}
"[1, 1, 0, 1, 1, 0, 1, 0, 1, 0, 0, 1, 0, 1, 0, 0, 0, 0]",110110101001010000,"[""110110101001010000""]",1,0.000244140625,False,False,,,,4.750977979956432,0.16363830712411107,{},{}
"[1, 1, 0, 1, 1, 0, 1, 0, 1, 0, 1, 0, 1, 1, 0, 1, 0, 1]",110110101010110101,"[""110110101010110101""]",1,0.000244140625,False,False,,,,6.6823196289755575,0.23328393420856597,{},{}
"[1, 1, 0, 1, 1, 0, 1, 0, 1, 0, 1, 0, 1, 1, 1, 0, 0, 1]",110110101010111001,"[""110110101010111001""]",1,0.000244140625,False,False,,,,8.579995550377319,0.3017155499282494,{},{}
"[1, 1, 0, 1, 1, 0, 1, 0, 1, 1, 0, 0, 1, 1, 1, 0, 1, 0]",110110101100111010,"[""110110101100111010""]",1,0.000244140625,False,False,,,,8.611919965131081,0.3028667682463337,{},{}
"[1, 1, 0, 1, 1, 0, 1, 1, 0, 1, 0, 1, 0, 0, 0, 1, 0, 0]",110110110101000100,"[""110110110101000100""]",1,0.000244140625,False,False,,,,6.101355663428531,0.2123339382746287,{},{}
"[1, 1, 0, 1, 1, 0, 1, 1, 0, 1, 0, 1, 1, 0, 0, 0, 0, 1]",110110110101100001,"[""110110110101100001""]",1,0.000244140625,False,False,,,,5.336846381986248,0.1847651607126809,{},{}
"[1, 1, 0, 1, 1, 0, 1, 1, 1, 0, 0, 0, 0, 0, 1, 1, 0, 1]",110110111000001101,"[""110110111000001101""]",1,0.000244140625,False,False,,,,9.374985330611867,0.330383477116734,{},{}
"[1, 1, 0, 1, 1, 0, 1, 1, 1, 0, 0, 1, 1, 1, 1, 0, 1, 0]",110110111001111010,"[""110110111001111010""]",1,0.000244140625,False,False,,,,11.896426946012733,0.421308551171146,{},{}
"[1, 1, 0, 1, 1, 0, 1, 1, 1, 0, 1, 0, 0, 1, 1, 0, 0, 0]",110110111010011000,"[""110110111010011000""]",1,0.000244140625,False,False,,,,9.346456212087318,0.3293546957248875,{},{}
"[1, 1, 0, 1, 1, 0, 1, 1, 1, 0, 1, 0, 1, 1, 0, 1, 0, 0]",110110111010110100,"[""110110111010110100""]",1,0.000244140625,False,False,,,,8.716323593077277,0.3066316413033083,{},{}
"[1, 1, 0, 1, 1, 0, 1, 1, 1, 0, 1, 0, 1, 1, 1, 0, 1, 1]",110110111010111011,"[""110110111010111011""]",1,0.000244140625,False,False,,,,13.261271649055402,0.4705258738880146,{},{}
"[1, 1, 0, 1, 1, 0, 1, 1, 1, 0, 1, 1, 1, 0, 0, 1, 1, 0]",110110111011100110,"[""110110111011100110""]",1,0.000244140625,False,False,,,,9.948483620711313,0.3510642551997437,{},{}
"[1, 1, 0, 1, 1, 0, 1, 1, 1, 1, 0, 0, 0, 1, 0, 0, 1, 0]",110110111100010010,"[""110110111100010010""]",1,0.000244140625,False,False,,,,7.403087770565326,0.25927537349068935,{},{}
"[1, 1, 0, 1, 1, 0, 1, 1, 1, 1, 1, 0, 0, 0, 0, 0, 1, 0]",110110111110000010,"[""110110111110000010""]",1,0.000244140625,False,False,,,,9.393749101300491,0.3310601127481055,{},{}
"[1, 1, 0, 1, 1, 0, 1, 1, 1, 1, 1, 0, 1, 1, 0, 1, 0, 1]",110110111110110101,"[""110110111110110101""]",1,0.000244140625,False,False,,,,11.34154691554543,0.4012991614817747,{},{}
"[1, 1, 0, 1, 1, 1, 0, 0, 0, 0, 0, 0, 0, 1, 1, 1, 1, 1]",110111000000011111,"[""110111000000011111""]",1,0.000244140625,False,False,,,,13.415392935270365,0.4760836029573148,{},{}
"[1, 1, 0, 1, 1, 1, 0, 0, 0, 0, 0, 0, 1, 0, 0, 1, 0, 1]",110111000000100101,"[""110111000000100101""]",1,0.000244140625,False,False,,,,8.918284798054394,0.3139145136912708,{},{}
"[1, 1, 0, 1, 1, 1, 0, 0, 0, 0, 0, 1, 1, 1, 0, 0, 1, 0]",110111000001110010,"[""110111000001110010""]",1,0.000244140625,False,False,,,,8.039565042595513,0.2822272208544421,{},{}
"[1, 1, 0, 1, 1, 1, 0, 0, 0, 0, 1, 1, 0, 1, 0, 1, 0, 0]",110111000011010100,"[""110111000011010100""]",1,0.000244140625,False,False,,,,8.007884524529075,0.2810847976336629,{},{}
"[1, 1, 0, 1, 1, 1, 0, 0, 0, 0, 1, 1, 1, 1, 0, 0, 1, 1]",110111000011110011,"[""110111000011110011""]",1,0.000244140625,False,False,,,,10.621535703098163,0.375335017631723,{},{}
"[1, 1, 0, 1, 1, 1, 0, 0, 0, 1, 0, 0, 0, 1, 0, 1, 1, 1]",110111000100010111,"[""110111000100010111""]",1,0.000244140625,False,False,,,,11.455235419942657,0.4053988541410512,{},{}
"[1, 1, 0, 1, 1, 1, 0, 0, 0, 1, 0, 1, 1, 1, 0, 1, 1, 0]",110111000101110110,"[""110111000101110110""]",1,0.000244140625,False,False,,,,10.620800174851738,0.3753084939320003,{},{}
"[1, 1, 0, 1, 1, 1, 0, 0, 0, 1, 1, 1, 0, 0, 1, 1, 1, 1]",110111000111001111,"[""110111000111001111""]",1,0.000244140625,False,False,,,,15.873865241271382,0.5647379565296957,{},{}
"[1, 1, 0, 1, 1, 1, 0, 0, 1, 0, 0, 1, 0, 0, 1, 1, 1, 1]",110111001001001111,"[""110111001001001111""]",1,0.000244140625,False,False,,,,10.676043798708296,0.377300620404218,{},{}
"[1, 1, 0, 1, 1, 1, 0, 0, 1, 0, 0, 1, 1, 0, 1, 0, 1, 0]",110111001001101010,"[""110111001001101010""]",1,0.000244140625,False,False,,,,7.3066722694536015,0.2557985582731444,{},{}
"[1, 1, 0, 1, 1, 1, 0, 0, 1, 0, 0, 1, 1, 1, 1, 1, 0, 1]",110111001001111101,"[""110111001001111101""]",1,0.000244140625,False,False,,,,11.93325439071446,0.4226365764231632,{},{}
"[1, 1, 0, 1, 1, 1, 0, 0, 1, 0, 0, 1, 1, 1, 1, 1, 1, 1]",110111001001111111,"[""110111001001111111""]",1,0.000244140625,False,False,,,,15.236327595585673,0.5417478712973502,{},{}
"[1, 1, 0, 1, 1, 1, 0, 0, 1, 0, 1, 0, 0, 1, 0, 0, 0, 0]",110111001010010000,"[""110111001010010000""]",1,0.000244140625,False,False,,,,6.852958937925068,0.2394373155551974,{},{}
"[1, 1, 0, 1, 1, 1, 0, 0, 1, 0, 1, 0, 1, 0, 0, 1, 0, 1]",110111001010100101,"[""110111001010100101""]",1,0.000244140625,False,False,,,,7.460033706719063,0.26132888661994463,{},{}
"[1, 1, 0, 1, 1, 1, 0, 0, 1, 0, 1, 0, 1, 1, 1, 1, 1, 0]",110111001010111110,"[""110111001010111110""]",1,0.000244140625,False,False,,,,11.918660746036059,0.4221103186605394,{},{}
"[1, 1, 0, 1, 1, 1, 0, 0, 1, 1, 1, 0, 0, 1, 0, 1, 0, 0]",110111001110010100,"[""110111001110010100""]",1,0.000244140625,False,False,,,,7.354157347926646,0.2575109057850874,{},{}
"[1, 1, 0, 1, 1, 1, 0, 0, 1, 1, 1, 0, 1, 1, 1, 0, 0, 0]",110111001110111000,"[""110111001110111000""]",1,0.000244140625,False,False,,,,12.55005626358262,0.44487891414967895,{},{}
"[1, 1, 0, 1, 1, 1, 0, 0, 1, 1, 1, 0, 1, 1, 1, 0, 1, 0]",110111001110111010,"[""110111001110111010""]",1,0.000244140625,False,False,,,,11.867169497507161,0.42025350565442116,{},{}
"[1, 1, 0, 1, 1, 1, 0, 0, 1, 1, 1, 1, 0, 1, 0, 0, 0, 1]",110111001111010001,"[""110111001111010001""]",1,0.000244140625,False,False,,,,10.62019147716374,0.3752865438372529,{},{}
"[1, 1, 0, 1, 1, 1, 0, 1, 0, 0, 0, 0, 1, 0, 0, 1, 1, 1]",110111010000100111,"[""110111010000100111""]",1,0.000244140625,False,False,,,,11.457831540162069,0.40549247218152545,{},{}
"[1, 1, 0, 1, 1, 1, 0, 1, 0, 0, 0, 1, 1, 0, 1, 1, 0, 0]",110111010001101100,"[""110111010001101100""]",1,0.000244140625,False,False,,,,7.307536688920745,0.25582972988686886,{},{}
"[1, 1, 0, 1, 1, 1, 0, 1, 0, 0, 0, 1, 1, 0, 1, 1, 1, 0]",110111010001101110,"[""110111010001101110""]",1,0.000244140625,False,False,,,,8.598818063669013,0.3023943038619054,{},{}
"[1, 1, 0, 1, 1, 1, 0, 1, 0, 1, 0, 0, 1, 0, 0, 0, 1, 1]",110111010100100011,"[""110111010100100011""]",1,0.000244140625,False,False,,,,7.414237807975667,0.2596774521948133,{},{}
"[1, 1, 0, 1, 1, 1, 0, 1, 0, 1, 0, 0, 1, 1, 1, 1, 1, 0]",110111010100111110,"[""110111010100111110""]",1,0.000244140625,False,False,,,,11.966199231528735,0.42382459206963,{},{}
"[1, 1, 0, 1, 1, 1, 0, 1, 0, 1, 1, 1, 0, 1, 1, 0, 0, 0]",110111010111011000,"[""110111010111011000""]",1,0.000244140625,False,False,,,,12.552756554437531,0.444976288661328,{},{}
"[1, 1, 0, 1, 1, 1, 0, 1, 1, 0, 0, 0, 0, 1, 0, 0, 0, 0]",110111011000010000,"[""110111011000010000""]",1,0.000244140625,False,False,,,,8.909425344349984,0.31359503515199594,{},{}
"[1, 1, 0, 1, 1, 1, 0, 1, 1, 0, 0, 1, 0, 0, 0, 0, 1, 1]",110111011001000011,"[""110111011001000011""]",1,0.000244140625,False,False,,,,9.46090680563215,0.3334818698898863,{},{}
"[1, 1, 0, 1, 1, 1, 0, 1, 1, 0, 1, 0, 0, 1, 1, 1, 0, 1]",110111011010011101,"[""110111011010011101""]",1,0.000244140625,False,False,,,,10.014228301255319,0.35343505764491434,{},{}
"[1, 1, 0, 1, 1, 1, 0, 1, 1, 0, 1, 1, 0, 1, 1, 1, 1, 0]",110111011011011110,"[""110111011011011110""]",1,0.000244140625,False,False,,,,11.238657667350296,0.3975888980934003,{},{}
"[1, 1, 0, 1, 1, 1, 0, 1, 1, 1, 0, 1, 1, 0, 0, 1, 1, 0]",110111011101100110,"[""110111011101100110""]",1,0.000244140625,False,False,,,,9.92910605733526,0.35036548574412746,{},{}
"[1, 1, 0, 1, 1, 1, 0, 1, 1, 1, 1, 0, 1, 1, 0, 1, 1, 1]",110111011110110111,"[""110111011110110111""]",1,0.000244140625,False,False,,,,14.699242075844685,0.5223801649988097,{},{}
"[1, 1, 0, 1, 1, 1, 0, 1, 1, 1, 1, 1, 1, 0, 1, 0, 1, 0]",110111011111101010,"[""110111011111101010""]",1,0.000244140625,False,False,,,,13.144130957039817,0.46630169275637695,{},{}
"[1, 1, 0, 1, 1, 1, 1, 0, 0, 0, 1, 0, 0, 0, 1, 0, 1, 0]",110111100010001010,"[""110111100010001010""]",1,0.000244140625,False,False,,,,6.040417881526156,0.21013647619645,{},{}
"[1, 1, 0, 1, 1, 1, 1, 0, 0, 0, 1, 1, 0, 1, 0, 0, 1, 1]",110111100011010011,"[""110111100011010011""]",1,0.000244140625,False,False,,,,8.648963396900976,0.3042025821538755,{},{}
"[1, 1, 0, 1, 1, 1, 1, 0, 0, 1, 0, 0, 1, 0, 0, 1, 1, 1]",110111100100100111,"[""110111100100100111""]",1,0.000244140625,False,False,,,,10.843623154502897,0.38334365754715516,{},{}
"[1, 1, 0, 1, 1, 1, 1, 0, 0, 1, 0, 1, 1, 0, 0, 0, 0, 0]",110111100101100000,"[""110111100101100000""]",1,0.000244140625,False,False,,,,8.102264774576152,0.2844882201727329,{},{}
"[1, 1, 0, 1, 1, 1, 1, 0, 0, 1, 1, 0, 1, 0, 1, 1, 1, 0]",110111100110101110,"[""110111100110101110""]",1,0.000244140625,False,False,,,,9.978680596475192,0.3521531807734233,{},{}
"[1, 1, 0, 1, 1, 1, 1, 0, 1, 0, 0, 0, 0, 0, 1, 0, 0, 0]",110111101000001000,"[""110111101000001000""]",1,0.000244140625,False,False,,,,8.83575187677417,0.31093831470514505,{},{}
"[1, 1, 0, 1, 1, 1, 1, 0, 1, 0, 0, 1, 0, 1, 1, 1, 1, 0]",110111101001011110,"[""110111101001011110""]",1,0.000244140625,False,False,,,,9.893875020366087,0.34909502815118953,{},{}
"[1, 1, 0, 1, 1, 1, 1, 0, 1, 1, 0, 0, 1, 1, 0, 0, 0, 0]",110111101100110000,"[""110111101100110000""]",1,0.000244140625,False,False,,,,9.433257619654123,0.33248481952503117,{},{}
"[1, 1, 0, 1, 1, 1, 1, 0, 1, 1, 1, 0, 1, 0, 1, 1, 1, 1]",110111101110101111,"[""110111101110101111""]",1,0.000244140625,False,False,,,,14.647522832866938,0.5205151303420219,{},{}
"[1, 1, 0, 1, 1, 1, 1, 1, 0, 0, 0, 0, 1, 0, 0, 0, 0, 0]",110111110000100000,"[""110111110000100000""]",1,0.000244140625,False,False,,,,8.856625540318474,0.3116910346539078,{},{}
"[1, 1, 0, 1, 1, 1, 1, 1, 0, 0, 0, 0, 1, 0, 0, 0, 1, 0]",110111110000100010,"[""110111110000100010""]",1,0.000244140625,False,False,,,,8.140009398724242,0.28584931960286003,{},{}
"[1, 1, 0, 1, 1, 1, 1, 1, 0, 0, 0, 0, 1, 0, 1, 1, 1, 1]",110111110000101111,"[""110111110000101111""]",1,0.000244140625,False,False,,,,14.009741893016184,0.4975162717397762,{},{}
"[1, 1, 0, 1, 1, 1, 1, 1, 0, 0, 0, 1, 0, 0, 0, 0, 1, 1]",110111110001000011,"[""110111110001000011""]",1,0.000244140625,False,False,,,,9.383145678576517,0.33067774537916905,{},{}
"[1, 1, 0, 1, 1, 1, 1, 1, 0, 0, 0, 1, 0, 1, 1, 1, 1, 0]",110111110001011110,"[""110111110001011110""]",1,0.000244140625,False,False,,,,9.9227844925918,0.35013752538251214,{},{}
"[1, 1, 0, 1, 1, 1, 1, 1, 0, 0, 1, 0, 0, 1, 1, 0, 1, 1]",110111110010011011,"[""110111110010011011""]",1,0.000244140625,False,False,,,,10.004508168850855,0.35308454238677933,{},{}
"[1, 1, 0, 1, 1, 1, 1, 1, 0, 0, 1, 0, 1, 0, 0, 1, 1, 1]",110111110010100111,"[""110111110010100111""]",1,0.000244140625,False,False,,,,12.052004955544561,0.4269188107748254,{},{}
"[1, 1, 0, 1, 1, 1, 1, 1, 0, 0, 1, 1, 0, 1, 0, 1, 1, 0]",110111110011010110,"[""110111110011010110""]",1,0.000244140625,False,False,,,,9.963292551488514,0.3515982763404115,{},{}
"[1, 1, 0, 1, 1, 1, 1, 1, 0, 0, 1, 1, 0, 1, 1, 0, 0, 1]",110111110011011001,"[""110111110011011001""]",1,0.000244140625,False,False,,,,9.888725859701303,0.34890934555917397,{},{}
"[1, 1, 0, 1, 1, 1, 1, 1, 0, 1, 0, 0, 0, 1, 1, 1, 0, 0]",110111110100011100,"[""110111110100011100""]",1,0.000244140625,False,False,,,,8.67261937762656,0.30505563454508133,{},{}
"[1, 1, 0, 1, 1, 1, 1, 1, 0, 1, 0, 1, 0, 1, 1, 1, 1, 1]",110111110101011111,"[""110111110101011111""]",1,0.000244140625,False,False,,,,14.559698010754627,0.5173481014464875,{},{}
"[1, 1, 0, 1, 1, 1, 1, 1, 0, 1, 1, 0, 1, 0, 1, 1, 1, 0]",110111110110101110,"[""110111110110101110""]",1,0.000244140625,False,False,,,,11.297504798280023,0.3997109697309086,{},{}
"[1, 1, 0, 1, 1, 1, 1, 1, 1, 0, 0, 0, 0, 0, 1, 0, 1, 1]",110111111000001011,"[""110111111000001011""]",1,0.000244140625,False,False,,,,12.732695306050486,0.451465014878796,{},{}
"[1, 1, 0, 1, 1, 1, 1, 1, 1, 0, 0, 0, 0, 1, 0, 0, 0, 0]",110111111000010000,"[""110111111000010000""]",1,0.000244140625,False,False,,,,12.161095353316313,0.43085269226366757,{},{}
"[1, 1, 0, 1, 1, 1, 1, 1, 1, 0, 0, 1, 1, 1, 0, 0, 0, 0]",110111111001110000,"[""110111111001110000""]",1,0.000244140625,False,False,,,,12.633658932335743,0.4478936890312761,{},{}
"[1, 1, 0, 1, 1, 1, 1, 1, 1, 0, 1, 1, 0, 1, 1, 0, 0, 1]",110111111011011001,"[""110111111011011001""]",1,0.000244140625,False,False,,,,13.236834334252936,0.4696446460045159,{},{}
"[1, 1, 0, 1, 1, 1, 1, 1, 1, 0, 1, 1, 1, 0, 0, 1, 0, 1]",110111111011100101,"[""110111111011100101""]",1,0.000244140625,False,False,,,,13.291914786579815,0.4716308883891034,{},{}
"[1, 1, 0, 1, 1, 1, 1, 1, 1, 0, 1, 1, 1, 0, 1, 0, 1, 1]",110111111011101011,"[""110111111011101011""]",1,0.000244140625,False,False,,,,14.542297209838155,0.51672061552642,{},{}
"[1, 1, 0, 1, 1, 1, 1, 1, 1, 0, 1, 1, 1, 1, 1, 0, 0, 0]",110111111011111000,"[""110111111011111000""]",1,0.000244140625,False,False,,,,17.177158686654025,0.611735694772866,{},{}
"[1, 1, 0, 1, 1, 1, 1, 1, 1, 1, 0, 0, 0, 1, 0, 0, 0, 1]",110111111100010001,"[""110111111100010001""]",1,0.000244140625,False,False,,,,10.77165263838366,0.38074834680590863,{},{}
"[1, 1, 0, 1, 1, 1, 1, 1, 1, 1, 0, 1, 0, 1, 1, 1, 0, 1]",110111111101011101,"[""110111111101011101""]",1,0.000244140625,False,False,,,,14.569453863212338,0.5176999047965088,{},{}
"[1, 1, 0, 1, 1, 1, 1, 1, 1, 1, 0, 1, 1, 0, 1, 0, 0, 0]",110111111101101000,"[""110111111101101000""]",1,0.000244140625,False,False,,,,13.915130467032887,0.494104512823218,{},{}
"[1, 1, 0, 1, 1, 1, 1, 1, 1, 1, 1, 0, 1, 0, 0, 1, 0, 0]",110111111110100100,"[""110111111110100100""]",1,0.000244140625,False,False,,,,12.07422436631552,0.42772005937699603,{},{}
"[1, 1, 0, 1, 1, 1, 1, 1, 1, 1, 1, 1, 0, 1, 1, 0, 1, 0]",110111111111011010,"[""110111111111011010""]",1,0.000244140625,False,False,,,,16.50943284634927,0.5876570006215037,{},{}
"[1, 1, 0, 1, 1, 1, 1, 1, 1, 1, 1, 1, 1, 0, 0, 0, 1, 0]",110111111111100010,"[""110111111111100010""]",1,0.000244140625,False,False,,,,15.242218540889374,0.54196030319929,{},{}
"[1, 1, 0, 1, 1, 1, 1, 1, 1, 1, 1, 1, 1, 0, 1, 0, 1, 1]",110111111111101011,"[""110111111111101011""]",1,0.000244140625,False,False,,,,17.848417720434867,0.6359417985285196,{},{}
"[1, 1, 1, 0, 0, 0, 0, 0, 0, 0, 0, 0, 1, 1, 0, 0, 0, 1]",111000000000110001,"[""111000000000110001""]",1,0.000244140625,False,False,,,,8.281988413979633,0.29096918928273624,{},{}
"[1, 1, 1, 0, 0, 0, 0, 0, 0, 1, 0, 1, 0, 0, 1, 1, 0, 1]",111000000101001101,"[""111000000101001101""]",1,0.000244140625,False,False,,,,8.808943544320217,0.30997158614844855,{},{}
"[1, 1, 1, 0, 0, 0, 0, 0, 0, 1, 0, 1, 0, 0, 1, 1, 1, 0]",111000000101001110,"[""111000000101001110""]",1,0.000244140625,False,False,,,,8.780038794595786,0.30892925921406095,{},{}
"[1, 1, 1, 0, 0, 0, 0, 0, 0, 1, 0, 1, 0, 1, 0, 1, 0, 1]",111000000101010101,"[""111000000101010101""]",1,0.000244140625,False,False,,,,8.725679008715021,0.30696900460154053,{},{}
"[1, 1, 1, 0, 0, 0, 0, 0, 0, 1, 1, 1, 0, 0, 0, 0, 0, 1]",111000000111000001,"[""111000000111000001""]",1,0.000244140625,False,False,,,,11.456110376968162,0.4054304057470263,{},{}
"[1, 1, 1, 0, 0, 0, 0, 0, 0, 1, 1, 1, 0, 1, 1, 0, 0, 1]",111000000111011001,"[""111000000111011001""]",1,0.000244140625,False,False,,,,11.97718579608754,0.42422077582023177,{},{}
"[1, 1, 1, 0, 0, 0, 0, 0, 0, 1, 1, 1, 1, 1, 0, 0, 1, 0]",111000000111110010,"[""111000000111110010""]",1,0.000244140625,False,False,,,,11.934827348393345,0.42269329845573517,{},{}
"[1, 1, 1, 0, 0, 0, 0, 0, 0, 1, 1, 1, 1, 1, 1, 0, 0, 0]",111000000111111000,"[""111000000111111000""]",1,0.000244140625,False,False,,,,15.962872074885556,0.5679476096457092,{},{}
"[1, 1, 1, 0, 0, 0, 0, 0, 1, 0, 0, 0, 1, 0, 0, 0, 1, 0]",111000001000100010,"[""111000001000100010""]",1,0.000244140625,False,False,,,,6.294795917140766,0.2193095387749373,{},{}
"[1, 1, 1, 0, 0, 0, 0, 0, 1, 0, 0, 1, 0, 0, 0, 0, 1, 1]",111000001001000011,"[""111000001001000011""]",1,0.000244140625,False,False,,,,7.591502953157124,0.2660697661609361,{},{}
"[1, 1, 1, 0, 0, 0, 0, 0, 1, 0, 0, 1, 0, 1, 1, 0, 1, 1]",111000001001011011,"[""111000001001011011""]",1,0.000244140625,False,False,,,,8.120475888618996,0.2851449265913329,{},{}
"[1, 1, 1, 0, 0, 0, 0, 0, 1, 0, 1, 0, 0, 0, 0, 0, 1, 1]",111000001010000011,"[""111000001010000011""]",1,0.000244140625,False,False,,,,7.5804433668474145,0.265670949191279,{},{}
"[1, 1, 1, 0, 0, 0, 0, 0, 1, 0, 1, 0, 1, 0, 0, 1, 0, 1]",111000001010100101,"[""111000001010100101""]",1,0.000244140625,False,False,,,,6.776072265721401,0.23666472454170123,{},{}
"[1, 1, 1, 0, 0, 0, 0, 0, 1, 0, 1, 1, 0, 1, 0, 1, 1, 0]",111000001011010110,"[""111000001011010110""]",1,0.000244140625,False,False,,,,7.9863000702790305,0.2803064460394312,{},{}
"[1, 1, 1, 0, 0, 0, 0, 0, 1, 1, 0, 0, 1, 1, 0, 1, 0, 0]",111000001100110100,"[""111000001100110100""]",1,0.000244140625,False,False,,,,6.755083559322569,0.23590785606139864,{},{}
"[1, 1, 1, 0, 0, 0, 0, 0, 1, 1, 0, 1, 0, 0, 0, 0, 1, 1]",111000001101000011,"[""111000001101000011""]",1,0.000244140625,False,False,,,,8.765238516480746,0.3083955500948744,{},{}
"[1, 1, 1, 0, 0, 0, 0, 0, 1, 1, 0, 1, 1, 1, 0, 1, 0, 1]",111000001101110101,"[""111000001101110101""]",1,0.000244140625,False,False,,,,9.262880835721887,0.3263409050272417,{},{}
"[1, 1, 1, 0, 0, 0, 0, 0, 1, 1, 1, 0, 0, 0, 0, 1, 0, 1]",111000001110000101,"[""111000001110000101""]",1,0.000244140625,False,False,,,,8.746615105004558,0.30772397592187933,{},{}
"[1, 1, 1, 0, 0, 0, 0, 1, 0, 0, 0, 0, 0, 0, 0, 1, 1, 0]",111000010000000110,"[""111000010000000110""]",1,0.000244140625,False,False,,,,8.314485681752597,0.2921410651099515,{},{}
"[1, 1, 1, 0, 0, 0, 0, 1, 0, 0, 0, 0, 0, 1, 1, 1, 1, 0]",111000010000011110,"[""111000010000011110""]",1,0.000244140625,False,False,,,,8.856486638332028,0.31168602574419246,{},{}
"[1, 1, 1, 0, 0, 0, 0, 1, 0, 0, 0, 0, 1, 0, 1, 0, 0, 0]",111000010000101000,"[""111000010000101000""]",1,0.000244140625,False,False,,,,8.346328179609031,0.293289329443335,{},{}
"[1, 1, 1, 0, 0, 0, 0, 1, 0, 0, 0, 1, 0, 0, 1, 0, 0, 0]",111000010001001000,"[""111000010001001000""]",1,0.000244140625,False,False,,,,6.398423136095936,0.2230464139419055,{},{}
"[1, 1, 1, 0, 0, 0, 0, 1, 0, 0, 1, 1, 0, 0, 1, 0, 1, 0]",111000010011001010,"[""111000010011001010""]",1,0.000244140625,False,False,,,,6.880782895317528,0.2404406683082192,{},{}
"[1, 1, 1, 0, 0, 0, 0, 1, 0, 1, 0, 0, 0, 1, 1, 0, 1, 1]",111000010100011011,"[""111000010100011011""]",1,0.000244140625,False,False,,,,8.061079043250565,0.283003031839245,{},{}
"[1, 1, 1, 0, 0, 0, 0, 1, 0, 1, 0, 0, 1, 1, 1, 0, 1, 0]",111000010100111010,"[""111000010100111010""]",1,0.000244140625,False,False,,,,10.038867805706085,0.3543235766386384,{},{}
"[1, 1, 1, 0, 0, 0, 0, 1, 0, 1, 1, 1, 0, 0, 0, 0, 0, 0]",111000010111000000,"[""111000010111000000""]",1,0.000244140625,False,False,,,,11.486818903977731,0.4065377782419485,{},{}
"[1, 1, 1, 0, 0, 0, 0, 1, 0, 1, 1, 1, 1, 0, 1, 1, 0, 0]",111000010111101100,"[""111000010111101100""]",1,0.000244140625,False,False,,,,11.287007146204578,0.3993324165308157,{},{}
"[1, 1, 1, 0, 0, 0, 0, 1, 1, 0, 0, 0, 1, 0, 0, 0, 1, 1]",111000011000100011,"[""111000011000100011""]",1,0.000244140625,False,False,,,,8.829803059433067,0.3107237958941711,{},{}
"[1, 1, 1, 0, 0, 0, 0, 1, 1, 0, 0, 1, 0, 1, 0, 0, 1, 0]",111000011001010010,"[""111000011001010010""]",1,0.000244140625,False,False,,,,6.852172164168573,0.2394089439039815,{},{}
"[1, 1, 1, 0, 0, 0, 0, 1, 1, 0, 0, 1, 0, 1, 1, 0, 0, 1]",111000011001011001,"[""111000011001011001""]",1,0.000244140625,False,False,,,,8.155298138842856,0.28640064302791685,{},{}
"[1, 1, 1, 0, 0, 0, 0, 1, 1, 0, 0, 1, 0, 1, 1, 1, 0, 0]",111000011001011100,"[""111000011001011100""]",1,0.000244140625,False,False,,,,8.087086620188598,0.2839408845520038,{},{}
"[1, 1, 1, 0, 0, 0, 0, 1, 1, 0, 0, 1, 1, 0, 0, 0, 1, 1]",111000011001100011,"[""111000011001100011""]",1,0.000244140625,False,False,,,,8.05205952166811,0.2826777811323435,{},{}
"[1, 1, 1, 0, 0, 0, 0, 1, 1, 0, 1, 1, 0, 0, 0, 0, 1, 1]",111000011011000011,"[""111000011011000011""]",1,0.000244140625,False,False,,,,10.111138123460684,0.3569296984515078,{},{}
"[1, 1, 1, 0, 0, 0, 0, 1, 1, 0, 1, 1, 0, 1, 0, 1, 1, 0]",111000011011010110,"[""111000011011010110""]",1,0.000244140625,False,False,,,,9.32212026553747,0.32847712325653694,{},{}
"[1, 1, 1, 0, 0, 0, 0, 1, 1, 0, 1, 1, 1, 0, 0, 1, 0, 1]",111000011011100101,"[""111000011011100101""]",1,0.000244140625,False,False,,,,9.272928758034297,0.3267032406350815,{},{}
"[1, 1, 1, 0, 0, 0, 0, 1, 1, 1, 0, 1, 1, 0, 0, 0, 0, 0]",111000011101100000,"[""111000011101100000""]",1,0.000244140625,False,False,,,,8.742948012958893,0.30759173783483423,{},{}
"[1, 1, 1, 0, 0, 0, 0, 1, 1, 1, 0, 1, 1, 0, 0, 1, 1, 1]",111000011101100111,"[""111000011101100111""]",1,0.000244140625,False,False,,,,12.539486914856237,0.4444977755146285,{},{}
"[1, 1, 1, 0, 0, 0, 0, 1, 1, 1, 1, 0, 1, 0, 0, 1, 0, 0]",111000011110100100,"[""111000011110100100""]",1,0.000244140625,False,False,,,,8.011006250870752,0.2811973694247608,{},{}
"[1, 1, 1, 0, 0, 0, 1, 0, 0, 0, 1, 1, 1, 0, 0, 0, 1, 1]",111000100011100011,"[""111000100011100011""]",1,0.000244140625,False,False,,,,7.970289946201088,0.27972910896824316,{},{}
"[1, 1, 1, 0, 0, 0, 1, 0, 0, 1, 0, 0, 0, 0, 0, 0, 1, 1]",111000100100000011,"[""111000100100000011""]",1,0.000244140625,False,False,,,,7.508820600246207,0.26308817855823324,{},{}
"[1, 1, 1, 0, 0, 0, 1, 0, 0, 1, 1, 1, 1, 0, 1, 0, 0, 1]",111000100111101001,"[""111000100111101001""]",1,0.000244140625,False,False,,,,11.26369382646679,0.39849172075159756,{},{}
"[1, 1, 1, 0, 0, 0, 1, 0, 1, 0, 0, 0, 1, 1, 1, 1, 1, 0]",111000101000111110,"[""111000101000111110""]",1,0.000244140625,False,False,,,,13.324859332919967,0.47281889341661265,{},{}
"[1, 1, 1, 0, 0, 0, 1, 0, 1, 1, 1, 1, 0, 1, 0, 1, 1, 1]",111000101111010111,"[""111000101111010111""]",1,0.000244140625,False,False,,,,15.786061399894058,0.5615716842151866,{},{}
"[1, 1, 1, 0, 0, 0, 1, 0, 1, 1, 1, 1, 0, 1, 1, 1, 1, 0]",111000101111011110,"[""111000101111011110""]",1,0.000244140625,False,False,,,,13.791721790394153,0.48965430346925287,{},{}
"[1, 1, 1, 0, 0, 0, 1, 0, 1, 1, 1, 1, 1, 1, 0, 0, 1, 0]",111000101111110010,"[""111000101111110010""]",1,0.000244140625,False,False,,,,12.495722683525056,0.44291960453878004,{},{}
"[1, 1, 1, 0, 0, 0, 1, 1, 0, 0, 0, 0, 1, 0, 1, 0, 1, 1]",111000110000101011,"[""111000110000101011""]",1,0.000244140625,False,False,,,,10.05164986242211,0.35478450718185367,{},{}
"[1, 1, 1, 0, 0, 0, 1, 1, 0, 0, 0, 0, 1, 0, 1, 1, 0, 0]",111000110000101100,"[""111000110000101100""]",1,0.000244140625,False,False,,,,8.867508326648007,0.31208347608379744,{},{}
"[1, 1, 1, 0, 0, 0, 1, 1, 0, 0, 0, 1, 0, 0, 1, 0, 0, 0]",111000110001001000,"[""111000110001001000""]",1,0.000244140625,False,False,,,,7.6058025644888065,0.2665854208607479,{},{}
"[1, 1, 1, 0, 0, 0, 1, 1, 0, 0, 1, 0, 1, 0, 0, 1, 1, 1]",111000110010100111,"[""111000110010100111""]",1,0.000244140625,False,False,,,,11.297514349045327,0.3997113141386621,{},{}
"[1, 1, 1, 0, 0, 0, 1, 1, 0, 0, 1, 1, 1, 0, 0, 0, 1, 1]",111000110011100011,"[""111000110011100011""]",1,0.000244140625,False,False,,,,9.259330325588474,0.3262128709713113,{},{}
"[1, 1, 1, 0, 0, 0, 1, 1, 0, 0, 1, 1, 1, 1, 0, 0, 1, 1]",111000110011110011,"[""111000110011110011""]",1,0.000244140625,False,False,,,,10.55431901900451,0.3729111336355291,{},{}
"[1, 1, 1, 0, 0, 0, 1, 1, 0, 1, 0, 0, 1, 1, 1, 0, 1, 0]",111000110100111010,"[""111000110100111010""]",1,0.000244140625,False,False,,,,11.327833998057544,0.4008046634016001,{},{}
"[1, 1, 1, 0, 0, 0, 1, 1, 0, 1, 0, 1, 0, 1, 0, 0, 0, 0]",111000110101010000,"[""111000110101010000""]",1,0.000244140625,False,False,,,,8.759779540434323,0.3081986953280416,{},{}
"[1, 1, 1, 0, 0, 0, 1, 1, 0, 1, 0, 1, 1, 0, 1, 0, 0, 1]",111000110101101001,"[""111000110101101001""]",1,0.000244140625,False,False,,,,9.320932048673754,0.32843427526605956,{},{}
"[1, 1, 1, 0, 0, 0, 1, 1, 0, 1, 0, 1, 1, 1, 0, 1, 1, 1]",111000110101110111,"[""111000110101110111""]",1,0.000244140625,False,False,,,,13.856360490529694,0.49198522343214507,{},{}
"[1, 1, 1, 0, 0, 0, 1, 1, 0, 1, 1, 0, 0, 1, 0, 0, 1, 0]",111000110110010010,"[""111000110110010010""]",1,0.000244140625,False,False,,,,8.046521742605192,0.28247808466968605,{},{}
"[1, 1, 1, 0, 0, 0, 1, 1, 0, 1, 1, 0, 1, 0, 0, 1, 0, 1]",111000110110100101,"[""111000110110100101""]",1,0.000244140625,False,False,,,,9.313794637816109,0.32817689488222507,{},{}
"[1, 1, 1, 0, 0, 0, 1, 1, 1, 0, 1, 0, 0, 0, 0, 0, 1, 0]",111000111010000010,"[""111000111010000010""]",1,0.000244140625,False,False,,,,10.820779521180237,0.3825198990120187,{},{}
"[1, 1, 1, 0, 0, 0, 1, 1, 1, 0, 1, 0, 0, 0, 1, 0, 1, 1]",111000111010001011,"[""111000111010001011""]",1,0.000244140625,False,False,,,,11.351577594876241,0.4016608752947773,{},{}
"[1, 1, 1, 0, 0, 0, 1, 1, 1, 0, 1, 0, 0, 1, 0, 1, 1, 1]",111000111010010111,"[""111000111010010111""]",1,0.000244140625,False,False,,,,14.623172306247461,0.5196370321054351,{},{}
"[1, 1, 1, 0, 0, 0, 1, 1, 1, 1, 0, 1, 1, 0, 1, 0, 1, 1]",111000111101101011,"[""111000111101101011""]",1,0.000244140625,False,False,,,,13.868261063970404,0.4924143670279267,{},{}
"[1, 1, 1, 0, 0, 0, 1, 1, 1, 1, 1, 1, 0, 1, 1, 0, 0, 0]",111000111111011000,"[""111000111111011000""]",1,0.000244140625,False,False,,,,16.562209241145666,0.5895601569650324,{},{}
"[1, 1, 1, 0, 0, 0, 1, 1, 1, 1, 1, 1, 1, 1, 1, 0, 0, 0]",111000111111111000,"[""111000111111111000""]",1,0.000244140625,False,False,,,,19.84298552658267,0.707867408216572,{},{}
"[1, 1, 1, 0, 0, 1, 0, 0, 0, 0, 0, 0, 0, 1, 1, 0, 0, 0]",111001000000011000,"[""111001000000011000""]",1,0.000244140625,False,False,,,,8.365003316023184,0.29396276885635236,{},{}
"[1, 1, 1, 0, 0, 1, 0, 0, 0, 0, 0, 0, 1, 1, 1, 1, 1, 1]",111001000000111111,"[""111001000000111111""]",1,0.000244140625,False,False,,,,15.356626902408621,0.5460859544458003,{},{}
"[1, 1, 1, 0, 0, 1, 0, 0, 0, 0, 0, 1, 1, 1, 1, 0, 0, 0]",111001000001111000,"[""111001000001111000""]",1,0.000244140625,False,False,,,,10.804806382061347,0.38194389564616815,{},{}
"[1, 1, 1, 0, 0, 1, 0, 0, 0, 0, 1, 0, 1, 1, 1, 1, 0, 1]",111001000010111101,"[""111001000010111101""]",1,0.000244140625,False,False,,,,11.300029990685452,0.39980203006126197,{},{}
"[1, 1, 1, 0, 0, 1, 0, 0, 0, 0, 1, 1, 0, 0, 0, 0, 1, 0]",111001000011000010,"[""111001000011000010""]",1,0.000244140625,False,False,,,,7.540851563945672,0.26424323911114045,{},{}
"[1, 1, 1, 0, 0, 1, 0, 0, 0, 1, 0, 1, 0, 1, 1, 1, 0, 0]",111001000101011100,"[""111001000101011100""]",1,0.000244140625,False,False,,,,8.037020336748865,0.28213545685477626,{},{}
"[1, 1, 1, 0, 0, 1, 0, 0, 0, 1, 1, 0, 0, 0, 1, 0, 1, 0]",111001000110001010,"[""111001000110001010""]",1,0.000244140625,False,False,,,,6.72969040822348,0.23499216000480266,{},{}
"[1, 1, 1, 0, 0, 1, 0, 0, 0, 1, 1, 1, 0, 0, 1, 1, 1, 0]",111001000111001110,"[""111001000111001110""]",1,0.000244140625,False,False,,,,11.250223261730692,0.39800596209325567,{},{}
"[1, 1, 1, 0, 0, 1, 0, 0, 0, 1, 1, 1, 0, 1, 1, 1, 1, 1]",111001000111011111,"[""111001000111011111""]",1,0.000244140625,False,False,,,,15.831386876225299,0.5632061548556317,{},{}
"[1, 1, 1, 0, 0, 1, 0, 0, 1, 0, 0, 0, 1, 0, 1, 1, 1, 0]",111001001000101110,"[""111001001000101110""]",1,0.000244140625,False,False,,,,8.093051349847945,0.28415597717309726,{},{}
"[1, 1, 1, 0, 0, 1, 0, 0, 1, 0, 1, 0, 0, 0, 1, 1, 1, 0]",111001001010001110,"[""111001001010001110""]",1,0.000244140625,False,False,,,,6.061037140605489,0.21088002212957185,{},{}
"[1, 1, 1, 0, 0, 1, 0, 0, 1, 0, 1, 0, 0, 1, 1, 1, 0, 1]",111001001010011101,"[""111001001010011101""]",1,0.000244140625,False,False,,,,7.3912652520374476,0.2588490446135536,{},{}
"[1, 1, 1, 0, 0, 1, 0, 0, 1, 0, 1, 0, 1, 1, 0, 0, 0, 1]",111001001010110001,"[""111001001010110001""]",1,0.000244140625,False,False,,,,6.108178872008672,0.21257998828889382,{},{}
"[1, 1, 1, 0, 0, 1, 0, 0, 1, 1, 0, 0, 0, 0, 1, 0, 1, 1]",111001001100001011,"[""111001001100001011""]",1,0.000244140625,False,False,,,,6.139921845904546,0.21372466371368282,{},{}
"[1, 1, 1, 0, 0, 1, 0, 0, 1, 1, 0, 0, 1, 1, 0, 0, 1, 0]",111001001100110010,"[""111001001100110010""]",1,0.000244140625,False,False,,,,6.021161845744503,0.2094420891169527,{},{}
"[1, 1, 1, 0, 0, 1, 0, 0, 1, 1, 0, 0, 1, 1, 1, 0, 0, 1]",111001001100111001,"[""111001001100111001""]",1,0.000244140625,False,False,,,,9.379685729093504,0.33055297700815234,{},{}
"[1, 1, 1, 0, 0, 1, 0, 0, 1, 1, 0, 1, 0, 1, 0, 0, 1, 1]",111001001101010011,"[""111001001101010011""]",1,0.000244140625,False,False,,,,7.365472601592536,0.2579189423111887,{},{}
"[1, 1, 1, 0, 0, 1, 0, 0, 1, 1, 0, 1, 1, 0, 1, 0, 1, 1]",111001001101101011,"[""111001001101101011""]",1,0.000244140625,False,False,,,,8.636979458677366,0.3037704323615545,{},{}
"[1, 1, 1, 0, 0, 1, 0, 0, 1, 1, 1, 1, 1, 0, 0, 0, 0, 0]",111001001111100000,"[""111001001111100000""]",1,0.000244140625,False,False,,,,9.980639730828866,0.3522238286262636,{},{}
"[1, 1, 1, 0, 0, 1, 0, 1, 0, 0, 0, 0, 0, 0, 0, 1, 1, 0]",111001010000000110,"[""111001010000000110""]",1,0.000244140625,False,False,,,,7.565575756619674,0.2651348120256542,{},{}
"[1, 1, 1, 0, 0, 1, 0, 1, 0, 0, 0, 1, 0, 0, 0, 0, 0, 0]",111001010001000000,"[""111001010001000000""]",1,0.000244140625,False,False,,,,6.3381935148466315,0.22087448866752568,{},{}
"[1, 1, 1, 0, 0, 1, 0, 1, 0, 0, 0, 1, 1, 1, 1, 1, 0, 1]",111001010001111101,"[""111001010001111101""]",1,0.000244140625,False,False,,,,10.624456612324332,0.37544034780715657,{},{}
"[1, 1, 1, 0, 0, 1, 0, 1, 0, 0, 1, 0, 0, 0, 0, 0, 1, 1]",111001010010000011,"[""111001010010000011""]",1,0.000244140625,False,False,,,,6.888161084764471,0.24070673134840748,{},{}
"[1, 1, 1, 0, 0, 1, 0, 1, 0, 0, 1, 0, 1, 0, 1, 0, 1, 0]",111001010010101010,"[""111001010010101010""]",1,0.000244140625,False,False,,,,6.054644311747869,0.2106494919305992,{},{}
"[1, 1, 1, 0, 0, 1, 0, 1, 0, 0, 1, 0, 1, 1, 0, 1, 1, 0]",111001010010110110,"[""111001010010110110""]",1,0.000244140625,False,False,,,,7.325118126401716,0.25646372969680936,{},{}
"[1, 1, 1, 0, 0, 1, 0, 1, 0, 0, 1, 0, 1, 1, 1, 0, 0, 0]",111001010010111000,"[""111001010010111000""]",1,0.000244140625,False,False,,,,10.060535779033872,0.3551049399933972,{},{}
"[1, 1, 1, 0, 0, 1, 0, 1, 0, 0, 1, 1, 0, 0, 0, 1, 1, 0]",111001010011000110,"[""111001010011000110""]",1,0.000244140625,False,False,,,,8.032867359080424,0.281985697368083,{},{}
"[1, 1, 1, 0, 0, 1, 0, 1, 0, 0, 1, 1, 0, 1, 1, 1, 1, 1]",111001010011011111,"[""111001010011011111""]",1,0.000244140625,False,False,,,,11.94195274838445,0.4229502457187221,{},{}
"[1, 1, 1, 0, 0, 1, 0, 1, 0, 0, 1, 1, 1, 1, 1, 0, 0, 1]",111001010011111001,"[""111001010011111001""]",1,0.000244140625,False,False,,,,10.602805426647857,0.3746595898276836,{},{}
"[1, 1, 1, 0, 0, 1, 0, 1, 0, 1, 0, 1, 0, 0, 1, 1, 1, 0]",111001010101001110,"[""111001010101001110""]",1,0.000244140625,False,False,,,,7.3035671701572085,0.2556865860657586,{},{}
"[1, 1, 1, 0, 0, 1, 0, 1, 0, 1, 0, 1, 1, 1, 1, 1, 1, 0]",111001010101111110,"[""111001010101111110""]",1,0.000244140625,False,False,,,,11.851950248130036,0.4197046881175742,{},{}
"[1, 1, 1, 0, 0, 1, 0, 1, 0, 1, 1, 0, 1, 1, 1, 0, 1, 1]",111001010110111011,"[""111001010110111011""]",1,0.000244140625,False,False,,,,11.862589871810977,0.42008836092014545,{},{}
"[1, 1, 1, 0, 0, 1, 0, 1, 1, 0, 0, 0, 0, 1, 0, 1, 1, 1]",111001011000010111,"[""111001011000010111""]",1,0.000244140625,False,False,,,,11.471555616894628,0.405987372672425,{},{}
"[1, 1, 1, 0, 0, 1, 0, 1, 1, 0, 0, 0, 1, 1, 1, 1, 0, 0]",111001011000111100,"[""111001011000111100""]",1,0.000244140625,False,False,,,,11.381440363554299,0.4027377491105093,{},{}
"[1, 1, 1, 0, 0, 1, 0, 1, 1, 0, 0, 1, 1, 1, 1, 1, 1, 0]",111001011001111110,"[""111001011001111110""]",1,0.000244140625,False,False,,,,11.903887724815874,0.4215775924454059,{},{}
"[1, 1, 1, 0, 0, 1, 0, 1, 1, 0, 1, 0, 0, 1, 1, 1, 1, 0]",111001011010011110,"[""111001011010011110""]",1,0.000244140625,False,False,,,,8.675243950586925,0.305150278612715,{},{}
"[1, 1, 1, 0, 0, 1, 0, 1, 1, 0, 1, 1, 1, 1, 1, 0, 0, 1]",111001011011111001,"[""111001011011111001""]",1,0.000244140625,False,False,,,,11.948752171815984,0.4231954380227054,{},{}
"[1, 1, 1, 0, 0, 1, 0, 1, 1, 1, 0, 0, 0, 0, 1, 0, 0, 0]",111001011100001000,"[""111001011100001000""]",1,0.000244140625,False,False,,,,6.842080790653385,0.23904504141321004,{},{}
"[1, 1, 1, 0, 0, 1, 0, 1, 1, 1, 0, 0, 1, 0, 1, 1, 1, 1]",111001011100101111,"[""111001011100101111""]",1,0.000244140625,False,False,,,,11.9486426154947,0.42319148733966555,{},{}
"[1, 1, 1, 0, 0, 1, 0, 1, 1, 1, 0, 1, 0, 0, 0, 0, 0, 1]",111001011101000001,"[""111001011101000001""]",1,0.000244140625,False,False,,,,8.129062757740002,0.2854545755262732,{},{}
"[1, 1, 1, 0, 0, 1, 0, 1, 1, 1, 0, 1, 1, 1, 1, 1, 0, 1]",111001011101111101,"[""111001011101111101""]",1,0.000244140625,False,False,,,,13.216278126728234,0.46890337375770075,{},{}
"[1, 1, 1, 0, 0, 1, 0, 1, 1, 1, 1, 1, 0, 0, 0, 0, 1, 1]",111001011111000011,"[""111001011111000011""]",1,0.000244140625,False,False,,,,12.63799737183376,0.4480501364105167,{},{}
"[1, 1, 1, 0, 0, 1, 1, 0, 0, 0, 0, 1, 0, 1, 1, 0, 0, 0]",111001100001011000,"[""111001100001011000""]",1,0.000244140625,False,False,,,,6.818331755678589,0.23818863341604893,{},{}
"[1, 1, 1, 0, 0, 1, 1, 0, 0, 0, 0, 1, 1, 0, 1, 0, 1, 0]",111001100001101010,"[""111001100001101010""]",1,0.000244140625,False,False,,,,6.061095729044763,0.2108821348725944,{},{}
"[1, 1, 1, 0, 0, 1, 1, 0, 0, 0, 1, 0, 0, 0, 0, 1, 1, 0]",111001100010000110,"[""111001100010000110""]",1,0.000244140625,False,False,,,,6.7478378075904075,0.23564656882444554,{},{}
"[1, 1, 1, 0, 0, 1, 1, 0, 0, 0, 1, 0, 1, 1, 0, 1, 0, 0]",111001100010110100,"[""111001100010110100""]",1,0.000244140625,False,False,,,,6.0079307054412485,0.20896496428306816,{},{}
"[1, 1, 1, 0, 0, 1, 1, 0, 0, 0, 1, 1, 1, 0, 1, 0, 1, 1]",111001100011101011,"[""111001100011101011""]",1,0.000244140625,False,False,,,,8.559274572056712,0.30096833592306543,{},{}
"[1, 1, 1, 0, 0, 1, 1, 0, 0, 1, 0, 1, 0, 0, 1, 1, 0, 0]",111001100101001100,"[""111001100101001100""]",1,0.000244140625,False,False,,,,6.108711190776313,0.21259918410253978,{},{}
"[1, 1, 1, 0, 0, 1, 1, 0, 0, 1, 1, 0, 1, 0, 0, 1, 1, 1]",111001100110100111,"[""111001100110100111""]",1,0.000244140625,False,False,,,,10.608374698883853,0.3748604219577612,{},{}
"[1, 1, 1, 0, 0, 1, 1, 0, 1, 0, 0, 1, 0, 1, 0, 1, 0, 0]",111001101001010100,"[""111001101001010100""]",1,0.000244140625,False,False,,,,6.056144743687574,0.2107035986306703,{},{}
"[1, 1, 1, 0, 0, 1, 1, 0, 1, 0, 0, 1, 1, 0, 0, 0, 0, 0]",111001101001100000,"[""111001101001100000""]",1,0.000244140625,False,False,,,,6.848425382921496,0.23927383216461967,{},{}
"[1, 1, 1, 0, 0, 1, 1, 0, 1, 0, 1, 0, 0, 1, 1, 0, 0, 0]",111001101010011000,"[""111001101010011000""]",1,0.000244140625,False,False,,,,8.05625816431317,0.28282918733231194,{},{}
"[1, 1, 1, 0, 0, 1, 1, 0, 1, 0, 1, 0, 1, 1, 1, 0, 0, 0]",111001101010111000,"[""111001101010111000""]",1,0.000244140625,False,False,,,,11.304913604965348,0.39997813685165545,{},{}
"[1, 1, 1, 0, 0, 1, 1, 0, 1, 0, 1, 1, 0, 1, 0, 0, 0, 1]",111001101011010001,"[""111001101011010001""]",1,0.000244140625,False,False,,,,7.35401995358696,0.25750595124224396,{},{}
"[1, 1, 1, 0, 0, 1, 1, 0, 1, 1, 1, 0, 1, 0, 0, 0, 1, 0]",111001101110100010,"[""111001101110100010""]",1,0.000244140625,False,False,,,,7.2936124289498,0.25532761063838894,{},{}
"[1, 1, 1, 0, 0, 1, 1, 1, 0, 0, 0, 0, 1, 1, 1, 1, 0, 1]",111001110000111101,"[""111001110000111101""]",1,0.000244140625,False,False,,,,12.658135124148421,0.44877631884889485,{},{}
"[1, 1, 1, 0, 0, 1, 1, 1, 0, 0, 0, 1, 1, 0, 1, 1, 0, 1]",111001110001101101,"[""111001110001101101""]",1,0.000244140625,False,False,,,,8.652970532786572,0.3043470824765951,{},{}
"[1, 1, 1, 0, 0, 1, 1, 1, 0, 0, 1, 1, 0, 1, 1, 0, 1, 1]",111001110011011011,"[""111001110011011011""]",1,0.000244140625,False,False,,,,9.930561728344962,0.3504179783315218,{},{}
"[1, 1, 1, 0, 0, 1, 1, 1, 0, 1, 0, 1, 1, 0, 0, 0, 0, 1]",111001110101100001,"[""111001110101100001""]",1,0.000244140625,False,False,,,,7.318175595935799,0.2562133768459312,{},{}
"[1, 1, 1, 0, 0, 1, 1, 1, 0, 1, 0, 1, 1, 0, 0, 1, 1, 0]",111001110101100110,"[""111001110101100110""]",1,0.000244140625,False,False,,,,8.595551949536459,0.3022765253388737,{},{}
"[1, 1, 1, 0, 0, 1, 1, 1, 0, 1, 1, 0, 0, 0, 0, 1, 1, 0]",111001110110000110,"[""111001110110000110""]",1,0.000244140625,False,False,,,,9.289638464620294,0.3273058051757313,{},{}
"[1, 1, 1, 0, 0, 1, 1, 1, 0, 1, 1, 0, 0, 1, 1, 0, 0, 0]",111001110110011000,"[""111001110110011000""]",1,0.000244140625,False,False,,,,9.27746439990145,0.3268667992795238,{},{}
"[1, 1, 1, 0, 0, 1, 1, 1, 0, 1, 1, 0, 1, 1, 0, 0, 0, 0]",111001110110110000,"[""111001110110110000""]",1,0.000244140625,False,False,,,,9.272054691171904,0.32667172112905524,{},{}
"[1, 1, 1, 0, 0, 1, 1, 1, 0, 1, 1, 1, 0, 1, 0, 1, 0, 0]",111001110111010100,"[""111001110111010100""]",1,0.000244140625,False,False,,,,10.527125063406174,0.3719304992192855,{},{}
"[1, 1, 1, 0, 0, 1, 1, 1, 0, 1, 1, 1, 1, 1, 0, 0, 1, 0]",111001110111110010,"[""111001110111110010""]",1,0.000244140625,False,False,,,,11.817880750751646,0.41847611651266153,{},{}
"[1, 1, 1, 0, 0, 1, 1, 1, 1, 0, 0, 0, 0, 0, 0, 1, 0, 0]",111001111000000100,"[""111001111000000100""]",1,0.000244140625,False,False,,,,10.862389919403821,0.38402040115206587,{},{}
"[1, 1, 1, 0, 0, 1, 1, 1, 1, 0, 0, 0, 1, 0, 0, 0, 1, 0]",111001111000100010,"[""111001111000100010""]",1,0.000244140625,False,False,,,,10.102814152537482,0.35662952982257895,{},{}
"[1, 1, 1, 0, 0, 1, 1, 1, 1, 0, 0, 1, 0, 0, 1, 1, 0, 1]",111001111001001101,"[""111001111001001101""]",1,0.000244140625,False,False,,,,10.712405205558701,0.37861183998209835,{},{}
"[1, 1, 1, 0, 0, 1, 1, 1, 1, 0, 0, 1, 1, 0, 0, 0, 1, 1]",111001111001100011,"[""111001111001100011""]",1,0.000244140625,False,False,,,,10.660187081105654,0.3767288152854821,{},{}
"[1, 1, 1, 0, 0, 1, 1, 1, 1, 0, 1, 0, 0, 0, 0, 1, 0, 1]",111001111010000101,"[""111001111010000101""]",1,0.000244140625,False,False,,,,11.404808947881836,0.40358043777224545,{},{}
"[1, 1, 1, 0, 0, 1, 1, 1, 1, 0, 1, 0, 1, 0, 0, 0, 0, 1]",111001111010100001,"[""111001111010100001""]",1,0.000244140625,False,False,,,,9.398569892754775,0.3312339541003321,{},{}
"[1, 1, 1, 0, 0, 1, 1, 1, 1, 0, 1, 1, 1, 0, 1, 0, 1, 1]",111001111011101011,"[""111001111011101011""]",1,0.000244140625,False,False,,,,13.2151007645254,0.4688609171944285,{},{}
"[1, 1, 1, 0, 0, 1, 1, 1, 1, 1, 0, 0, 1, 1, 1, 0, 0, 1]",111001111100111001,"[""111001111100111001""]",1,0.000244140625,False,False,,,,13.964091019435994,0.49587006703070247,{},{}
"[1, 1, 1, 0, 0, 1, 1, 1, 1, 1, 1, 0, 0, 0, 1, 1, 0, 0]",111001111110001100,"[""111001111110001100""]",1,0.000244140625,False,False,,,,10.60074123701526,0.3745851536027638,{},{}
"[1, 1, 1, 0, 0, 1, 1, 1, 1, 1, 1, 0, 1, 0, 1, 1, 0, 1]",111001111110101101,"[""111001111110101101""]",1,0.000244140625,False,False,,,,13.255211196990382,0.47030732944524445,{},{}
"[1, 1, 1, 0, 1, 0, 0, 0, 0, 0, 0, 0, 0, 0, 0, 0, 0, 1]",111010000000000001,"[""111010000000000001""]",1,0.000244140625,False,False,,,,7.1137536913106185,0.2488417697847725,{},{}
"[1, 1, 1, 0, 1, 0, 0, 0, 0, 0, 0, 0, 0, 1, 1, 0, 1, 0]",111010000000011010,"[""111010000000011010""]",1,0.000244140625,False,False,,,,7.652790646123495,0.26827984629428286,{},{}
"[1, 1, 1, 0, 1, 0, 0, 0, 0, 0, 0, 0, 1, 0, 0, 0, 0, 1]",111010000000100001,"[""111010000000100001""]",1,0.000244140625,False,False,,,,6.29971022974375,0.21948675256986466,{},{}
"[1, 1, 1, 0, 1, 0, 0, 0, 0, 0, 0, 0, 1, 1, 0, 1, 0, 0]",111010000000110100,"[""111010000000110100""]",1,0.000244140625,False,False,,,,7.534851649950717,0.2640268777165401,{},{}
"[1, 1, 1, 0, 1, 0, 0, 0, 0, 0, 0, 1, 1, 0, 0, 0, 1, 1]",111010000001100011,"[""111010000001100011""]",1,0.000244140625,False,False,,,,6.787307318769185,0.23706986897341656,{},{}
"[1, 1, 1, 0, 1, 0, 0, 0, 0, 0, 1, 1, 0, 0, 0, 1, 1, 1]",111010000011000111,"[""111010000011000111""]",1,0.000244140625,False,False,,,,12.047920183386786,0.42677151082995557,{},{}
"[1, 1, 1, 0, 1, 0, 0, 0, 0, 1, 0, 0, 0, 1, 0, 0, 1, 1]",111010000100010011,"[""111010000100010011""]",1,0.000244140625,False,False,,,,6.8086448438375085,0.23783931611632284,{},{}
"[1, 1, 1, 0, 1, 0, 0, 0, 1, 0, 0, 0, 0, 1, 0, 1, 1, 0]",111010001000010110,"[""111010001000010110""]",1,0.000244140625,False,False,,,,6.819228989649046,0.23822098834535194,{},{}
"[1, 1, 1, 0, 1, 0, 0, 0, 1, 0, 0, 0, 0, 1, 1, 1, 1, 0]",111010001000011110,"[""111010001000011110""]",1,0.000244140625,False,False,,,,8.086737645285927,0.2839283002555146,{},{}
"[1, 1, 1, 0, 1, 0, 0, 0, 1, 1, 0, 0, 1, 1, 1, 0, 1, 1]",111010001100111011,"[""111010001100111011""]",1,0.000244140625,False,False,,,,10.573336965353931,0.37359693503169156,{},{}
"[1, 1, 1, 0, 1, 0, 0, 0, 1, 1, 0, 1, 0, 1, 1, 1, 1, 0]",111010001101011110,"[""111010001101011110""]",1,0.000244140625,False,False,,,,8.555779250264242,0.300842292000064,{},{}
"[1, 1, 1, 0, 1, 0, 0, 0, 1, 1, 1, 1, 0, 0, 1, 1, 1, 0]",111010001111001110,"[""111010001111001110""]",1,0.000244140625,False,False,,,,10.537101911734572,0.3722902718460036,{},{}
"[1, 1, 1, 0, 1, 0, 0, 1, 0, 0, 0, 0, 0, 1, 0, 1, 0, 1]",111010010000010101,"[""111010010000010101""]",1,0.000244140625,False,False,,,,6.853549223647995,0.23945860170068758,{},{}
"[1, 1, 1, 0, 1, 0, 0, 1, 0, 0, 0, 0, 1, 0, 1, 0, 0, 1]",111010010000101001,"[""111010010000101001""]",1,0.000244140625,False,False,,,,6.8284258043107195,0.2385526323735419,{},{}
"[1, 1, 1, 0, 1, 0, 0, 1, 0, 1, 0, 0, 1, 1, 0, 1, 0, 0]",111010010100110100,"[""111010010100110100""]",1,0.000244140625,False,False,,,,6.0599765697319565,0.21084177714914998,{},{}
"[1, 1, 1, 0, 1, 0, 0, 1, 0, 1, 0, 1, 1, 1, 1, 1, 0, 0]",111010010101111100,"[""111010010101111100""]",1,0.000244140625,False,False,,,,10.607906607846036,0.37484354224418076,{},{}
"[1, 1, 1, 0, 1, 0, 0, 1, 0, 1, 1, 1, 0, 0, 0, 1, 0, 0]",111010010111000100,"[""111010010111000100""]",1,0.000244140625,False,False,,,,10.013357465434542,0.3534036546526698,{},{}
"[1, 1, 1, 0, 1, 0, 0, 1, 1, 0, 0, 0, 1, 0, 1, 0, 0, 0]",111010011000101000,"[""111010011000101000""]",1,0.000244140625,False,False,,,,8.847845351219021,0.31137441445568337,{},{}
"[1, 1, 1, 0, 1, 0, 0, 1, 1, 0, 0, 0, 1, 0, 1, 1, 0, 0]",111010011000101100,"[""111010011000101100""]",1,0.000244140625,False,False,,,,8.089397975171375,0.2840242337446606,{},{}
"[1, 1, 1, 0, 1, 0, 0, 1, 1, 0, 0, 0, 1, 1, 0, 0, 0, 0]",111010011000110000,"[""111010011000110000""]",1,0.000244140625,False,False,,,,8.849493529821906,0.3114338490111404,{},{}
"[1, 1, 1, 0, 1, 0, 0, 1, 1, 0, 0, 0, 1, 1, 1, 0, 0, 0]",111010011000111000,"[""111010011000111000""]",1,0.000244140625,False,False,,,,12.126340854723622,0.4295994190016722,{},{}
"[1, 1, 1, 0, 1, 0, 0, 1, 1, 0, 1, 1, 0, 0, 1, 0, 1, 0]",111010011011001010,"[""111010011011001010""]",1,0.000244140625,False,False,,,,7.47153623990261,0.2617436765857877,{},{}
"[1, 1, 1, 0, 1, 0, 0, 1, 1, 0, 1, 1, 1, 1, 0, 1, 0, 1]",111010011011110101,"[""111010011011110101""]",1,0.000244140625,False,False,,,,9.875583930046512,0.34843543772812163,{},{}
"[1, 1, 1, 0, 1, 0, 0, 1, 1, 1, 0, 0, 1, 0, 0, 0, 0, 0]",111010011100100000,"[""111010011100100000""]",1,0.000244140625,False,False,,,,6.7689569180832585,0.23640813977409472,{},{}
"[1, 1, 1, 0, 1, 0, 0, 1, 1, 1, 0, 1, 0, 0, 0, 0, 0, 0]",111010011101000000,"[""111010011101000000""]",1,0.000244140625,False,False,,,,8.77313599710034,0.3086803391638712,{},{}
"[1, 1, 1, 0, 1, 0, 1, 0, 0, 1, 0, 0, 1, 0, 1, 0, 1, 0]",111010100100101010,"[""111010100100101010""]",1,0.000244140625,False,False,,,,6.052621120653827,0.21057653414370125,{},{}
"[1, 1, 1, 0, 1, 0, 1, 0, 0, 1, 0, 1, 0, 1, 1, 0, 0, 0]",111010100101011000,"[""111010100101011000""]",1,0.000244140625,False,False,,,,8.048819015715189,0.28256092605945843,{},{}
"[1, 1, 1, 0, 1, 0, 1, 0, 0, 1, 1, 1, 0, 0, 1, 1, 0, 1]",111010100111001101,"[""111010100111001101""]",1,0.000244140625,False,False,,,,10.548106969247186,0.37268712246637714,{},{}
"[1, 1, 1, 0, 1, 0, 1, 0, 0, 1, 1, 1, 0, 1, 0, 1, 0, 0]",111010100111010100,"[""111010100111010100""]",1,0.000244140625,False,False,,,,9.264534589890758,0.32640054064178614,{},{}
"[1, 1, 1, 0, 1, 0, 1, 0, 0, 1, 1, 1, 0, 1, 1, 1, 1, 1]",111010100111011111,"[""111010100111011111""]",1,0.000244140625,False,False,,,,15.144727714612097,0.5384447109504971,{},{}
"[1, 1, 1, 0, 1, 0, 1, 0, 0, 1, 1, 1, 1, 1, 1, 0, 1, 0]",111010100111111010,"[""111010100111111010""]",1,0.000244140625,False,False,,,,13.87306633677277,0.4925876487659364,{},{}
"[1, 1, 1, 0, 1, 0, 1, 0, 1, 0, 0, 0, 1, 0, 0, 0, 0, 0]",111010101000100000,"[""111010101000100000""]",1,0.000244140625,False,False,,,,7.562633252391802,0.2650287031182773,{},{}
"[1, 1, 1, 0, 1, 0, 1, 0, 1, 0, 0, 0, 1, 0, 0, 0, 0, 1]",111010101000100001,"[""111010101000100001""]",1,0.000244140625,False,False,,,,6.833820186793422,0.23874715784806474,{},{}
"[1, 1, 1, 0, 1, 0, 1, 0, 1, 0, 1, 0, 0, 0, 1, 1, 0, 0]",111010101010001100,"[""111010101010001100""]",1,0.000244140625,False,False,,,,6.027888492615631,0.2096846570436338,{},{}
"[1, 1, 1, 0, 1, 0, 1, 0, 1, 0, 1, 0, 0, 0, 1, 1, 1, 0]",111010101010001110,"[""111010101010001110""]",1,0.000244140625,False,False,,,,7.305827995537014,0.2557681131230687,{},{}
"[1, 1, 1, 0, 1, 0, 1, 0, 1, 1, 0, 1, 0, 1, 1, 1, 1, 0]",111010101101011110,"[""111010101101011110""]",1,0.000244140625,False,False,,,,9.856245841264045,0.3477380917559298,{},{}
"[1, 1, 1, 0, 1, 0, 1, 0, 1, 1, 1, 0, 0, 0, 1, 0, 0, 0]",111010101110001000,"[""111010101110001000""]",1,0.000244140625,False,False,,,,7.993633429694068,0.2805708924750763,{},{}
"[1, 1, 1, 0, 1, 0, 1, 0, 1, 1, 1, 0, 0, 1, 0, 1, 1, 1]",111010101110010111,"[""111010101110010111""]",1,0.000244140625,False,False,,,,11.879506641465445,0.4206983923102038,{},{}
"[1, 1, 1, 0, 1, 0, 1, 0, 1, 1, 1, 1, 1, 1, 1, 1, 1, 1]",111010101111111111,"[""111010101111111111""]",1,0.000244140625,False,False,,,,19.756128842486355,0.7047352911033536,{},{}
"[1, 1, 1, 0, 1, 0, 1, 1, 0, 0, 0, 0, 1, 1, 0, 0, 0, 0]",111010110000110000,"[""111010110000110000""]",1,0.000244140625,False,False,,,,8.83974520131107,0.3110823169802813,{},{}
"[1, 1, 1, 0, 1, 0, 1, 1, 0, 0, 1, 0, 1, 0, 1, 0, 0, 0]",111010110010101000,"[""111010110010101000""]",1,0.000244140625,False,False,,,,8.080679002075783,0.2837098210414067,{},{}
"[1, 1, 1, 0, 1, 0, 1, 1, 0, 0, 1, 1, 0, 1, 1, 1, 0, 1]",111010110011011101,"[""111010110011011101""]",1,0.000244140625,False,False,,,,9.901604745922747,0.3493737678469123,{},{}
"[1, 1, 1, 0, 1, 0, 1, 1, 0, 0, 1, 1, 1, 1, 0, 0, 0, 1]",111010110011110001,"[""111010110011110001""]",1,0.000244140625,False,False,,,,8.586928300523981,0.3019655500934865,{},{}
"[1, 1, 1, 0, 1, 0, 1, 1, 0, 1, 0, 0, 0, 1, 0, 1, 0, 0]",111010110100010100,"[""111010110100010100""]",1,0.000244140625,False,False,,,,6.081508348473297,0.2116182292250662,{},{}
"[1, 1, 1, 0, 1, 0, 1, 1, 0, 1, 0, 0, 1, 1, 1, 0, 1, 1]",111010110100111011,"[""111010110100111011""]",1,0.000244140625,False,False,,,,11.91352167549698,0.4219249999260177,{},{}
"[1, 1, 1, 0, 1, 0, 1, 1, 0, 1, 1, 0, 1, 0, 0, 0, 0, 0]",111010110110100000,"[""111010110110100000""]",1,0.000244140625,False,False,,,,8.047253285551731,0.2825044646565086,{},{}
"[1, 1, 1, 0, 1, 0, 1, 1, 0, 1, 1, 1, 1, 0, 1, 1, 0, 0]",111010110111101100,"[""111010110111101100""]",1,0.000244140625,False,False,,,,11.914319509014703,0.42195377040051085,{},{}
"[1, 1, 1, 0, 1, 0, 1, 1, 1, 0, 0, 1, 1, 0, 1, 1, 0, 0]",111010111001101100,"[""111010111001101100""]",1,0.000244140625,False,False,,,,10.645152246698546,0.37618664789064243,{},{}
"[1, 1, 1, 0, 1, 0, 1, 1, 1, 0, 1, 0, 0, 1, 0, 0, 1, 1]",111010111010010011,"[""111010111010010011""]",1,0.000244140625,False,False,,,,10.758294953632767,0.3802666586844181,{},{}
"[1, 1, 1, 0, 1, 0, 1, 1, 1, 0, 1, 0, 1, 0, 1, 0, 0, 1]",111010111010101001,"[""111010111010101001""]",1,0.000244140625,False,False,,,,10.625956808641163,0.37549444601049026,{},{}
"[1, 1, 1, 0, 1, 0, 1, 1, 1, 0, 1, 0, 1, 1, 0, 1, 0, 0]",111010111010110100,"[""111010111010110100""]",1,0.000244140625,False,False,,,,10.648134753194984,0.37629419930979885,{},{}
"[1, 1, 1, 0, 1, 0, 1, 1, 1, 0, 1, 1, 0, 0, 1, 0, 1, 1]",111010111011001011,"[""111010111011001011""]",1,0.000244140625,False,False,,,,11.969500517687939,0.4239436389222983,{},{}
"[1, 1, 1, 0, 1, 0, 1, 1, 1, 0, 1, 1, 1, 1, 0, 1, 0, 1]",111010111011110101,"[""111010111011110101""]",1,0.000244140625,False,False,,,,13.176050521046312,0.46745273615288,{},{}
"[1, 1, 1, 0, 1, 0, 1, 1, 1, 1, 0, 0, 0, 1, 0, 1, 1, 0]",111010111100010110,"[""111010111100010110""]",1,0.000244140625,False,False,,,,10.640802132986643,0.37602977953050115,{},{}
"[1, 1, 1, 0, 1, 0, 1, 1, 1, 1, 0, 1, 0, 0, 1, 0, 1, 0]",111010111101001010,"[""111010111101001010""]",1,0.000244140625,False,False,,,,10.612063603823408,0.3749934466341051,{},{}
"[1, 1, 1, 0, 1, 0, 1, 1, 1, 1, 0, 1, 0, 0, 1, 1, 1, 1]",111010111101001111,"[""111010111101001111""]",1,0.000244140625,False,False,,,,15.18461975855175,0.5398832479474436,{},{}
"[1, 1, 1, 0, 1, 0, 1, 1, 1, 1, 1, 0, 1, 1, 0, 0, 1, 0]",111010111110110010,"[""111010111110110010""]",1,0.000244140625,False,False,,,,11.947595002890997,0.4231537096441638,{},{}
"[1, 1, 1, 0, 1, 0, 1, 1, 1, 1, 1, 1, 1, 0, 0, 0, 0, 0]",111010111111100000,"[""111010111111100000""]",1,0.000244140625,False,False,,,,14.570175474822705,0.5177259266519071,{},{}
"[1, 1, 1, 0, 1, 0, 1, 1, 1, 1, 1, 1, 1, 1, 0, 0, 0, 1]",111010111111110001,"[""111010111111110001""]",1,0.000244140625,False,False,,,,15.149692974467243,0.5386237619415138,{},{}
"[1, 1, 1, 0, 1, 0, 1, 1, 1, 1, 1, 1, 1, 1, 0, 0, 1, 1]",111010111111110011,"[""111010111111110011""]",1,0.000244140625,False,False,,,,16.49920331976982,0.5872881162277122,{},{}
"[1, 1, 1, 0, 1, 1, 0, 0, 0, 0, 0, 0, 1, 0, 1, 0, 0, 0]",111011000000101000,"[""111011000000101000""]",1,0.000244140625,False,False,,,,9.569402246681602,0.3373942967935008,{},{}
"[1, 1, 1, 0, 1, 1, 0, 0, 0, 0, 0, 0, 1, 1, 1, 0, 0, 1]",111011000000111001,"[""111011000000111001""]",1,0.000244140625,False,False,,,,12.119718791502113,0.42936062243976447,{},{}
"[1, 1, 1, 0, 1, 1, 0, 0, 0, 0, 0, 1, 0, 0, 0, 0, 0, 1]",111011000001000001,"[""111011000001000001""]",1,0.000244140625,False,False,,,,7.637396457042757,0.2677247203006353,{},{}
"[1, 1, 1, 0, 1, 1, 0, 0, 0, 0, 0, 1, 0, 1, 1, 0, 0, 0]",111011000001011000,"[""111011000001011000""]",1,0.000244140625,False,False,,,,8.883390627980067,0.31265620377098696,{},{}
"[1, 1, 1, 0, 1, 1, 0, 0, 0, 0, 1, 0, 1, 0, 0, 1, 1, 1]",111011000010100111,"[""111011000010100111""]",1,0.000244140625,False,False,,,,11.353024924209297,0.401713067075061,{},{}
"[1, 1, 1, 0, 1, 1, 0, 0, 0, 0, 1, 1, 0, 1, 0, 1, 0, 1]",111011000011010101,"[""111011000011010101""]",1,0.000244140625,False,False,,,,9.337961768562552,0.3290483797262053,{},{}
"[1, 1, 1, 0, 1, 1, 0, 0, 0, 1, 0, 0, 0, 0, 0, 1, 0, 0]",111011000100000100,"[""111011000100000100""]",1,0.000244140625,False,False,,,,7.534107545732238,0.2640000447608388,{},{}
"[1, 1, 1, 0, 1, 1, 0, 0, 0, 1, 0, 0, 1, 1, 1, 0, 1, 0]",111011000100111010,"[""111011000100111010""]",1,0.000244140625,False,False,,,,11.308635219102833,0.4001123410461868,{},{}
"[1, 1, 1, 0, 1, 1, 0, 0, 0, 1, 1, 0, 0, 1, 1, 0, 0, 0]",111011000110011000,"[""111011000110011000""]",1,0.000244140625,False,False,,,,10.024622254896869,0.3538098714017761,{},{}
"[1, 1, 1, 0, 1, 1, 0, 0, 0, 1, 1, 0, 1, 1, 1, 1, 1, 0]",111011000110111110,"[""111011000110111110""]",1,0.000244140625,False,False,,,,13.858620042726377,0.4920667045775178,{},{}
"[1, 1, 1, 0, 1, 1, 0, 0, 0, 1, 1, 1, 0, 1, 0, 0, 0, 1]",111011000111010001,"[""111011000111010001""]",1,0.000244140625,False,False,,,,11.310163069061147,0.4001674364605542,{},{}
"[1, 1, 1, 0, 1, 1, 0, 0, 0, 1, 1, 1, 1, 0, 1, 0, 1, 1]",111011000111101011,"[""111011000111101011""]",1,0.000244140625,False,False,,,,13.84802256087214,0.49168455144079576,{},{}
"[1, 1, 1, 0, 1, 1, 0, 0, 1, 0, 0, 1, 1, 1, 0, 1, 0, 1]",111011001001110101,"[""111011001001110101""]",1,0.000244140625,False,False,,,,8.65190672149475,0.30430872064426157,{},{}
"[1, 1, 1, 0, 1, 1, 0, 0, 1, 0, 1, 0, 0, 0, 1, 1, 1, 0]",111011001010001110,"[""111011001010001110""]",1,0.000244140625,False,False,,,,7.368754858522545,0.25803730295559296,{},{}
"[1, 1, 1, 0, 1, 1, 0, 0, 1, 1, 0, 0, 1, 1, 1, 0, 0, 0]",111011001100111000,"[""111011001100111000""]",1,0.000244140625,False,False,,,,11.309110047112224,0.4001294637000104,{},{}
"[1, 1, 1, 0, 1, 1, 0, 0, 1, 1, 0, 1, 0, 1, 1, 0, 0, 0]",111011001101011000,"[""111011001101011000""]",1,0.000244140625,False,False,,,,9.3369816751568,0.32901303682357613,{},{}
"[1, 1, 1, 0, 1, 1, 0, 0, 1, 1, 0, 1, 1, 1, 1, 0, 1, 1]",111011001101111011,"[""111011001101111011""]",1,0.000244140625,False,False,,,,13.218382431528928,0.4689792565656418,{},{}
"[1, 1, 1, 0, 1, 1, 0, 0, 1, 1, 1, 1, 0, 0, 0, 1, 1, 1]",111011001111000111,"[""111011001111000111""]",1,0.000244140625,False,False,,,,15.914742943461944,0.5662120371017577,{},{}
"[1, 1, 1, 0, 1, 1, 0, 0, 1, 1, 1, 1, 1, 0, 0, 1, 1, 0]",111011001111100110,"[""111011001111100110""]",1,0.000244140625,False,False,,,,11.831265858053941,0.41895879351190424,{},{}
"[1, 1, 1, 0, 1, 1, 0, 0, 1, 1, 1, 1, 1, 1, 0, 1, 0, 1]",111011001111110101,"[""111011001111110101""]",1,0.000244140625,False,False,,,,13.153596453143404,0.4666430256386946,{},{}
"[1, 1, 1, 0, 1, 1, 0, 1, 0, 0, 0, 0, 0, 0, 1, 0, 0, 0]",111011010000001000,"[""111011010000001000""]",1,0.000244140625,False,False,,,,7.644652627178558,0.26798638323303053,{},{}
"[1, 1, 1, 0, 1, 1, 0, 1, 0, 0, 0, 1, 0, 1, 1, 1, 1, 1]",111011010001011111,"[""111011010001011111""]",1,0.000244140625,False,False,,,,12.033320671010594,0.42624504147375253,{},{}
"[1, 1, 1, 0, 1, 1, 0, 1, 0, 0, 0, 1, 1, 0, 1, 1, 1, 0]",111011010001101110,"[""111011010001101110""]",1,0.000244140625,False,False,,,,8.63596703044701,0.30373392344092043,{},{}
"[1, 1, 1, 0, 1, 1, 0, 1, 0, 0, 0, 1, 1, 1, 1, 1, 0, 0]",111011010001111100,"[""111011010001111100""]",1,0.000244140625,False,False,,,,10.632519828468178,0.37573111342334925,{},{}
"[1, 1, 1, 0, 1, 1, 0, 1, 0, 0, 1, 0, 0, 0, 1, 1, 1, 0]",111011010010001110,"[""111011010010001110""]",1,0.000244140625,False,False,,,,7.411326458780108,0.25957246676124723,{},{}
"[1, 1, 1, 0, 1, 1, 0, 1, 0, 0, 1, 1, 0, 1, 0, 0, 1, 0]",111011010011010010,"[""111011010011010010""]",1,0.000244140625,False,False,,,,7.510603145876987,0.26315245848940205,{},{}
"[1, 1, 1, 0, 1, 1, 0, 1, 0, 1, 0, 1, 0, 0, 1, 0, 1, 1]",111011010101001011,"[""111011010101001011""]",1,0.000244140625,False,False,,,,8.672057704316437,0.3050353801846371,{},{}
"[1, 1, 1, 0, 1, 1, 0, 1, 0, 1, 0, 1, 0, 1, 0, 1, 1, 1]",111011010101010111,"[""111011010101010111""]",1,0.000244140625,False,False,,,,11.947975874454672,0.4231674441581501,{},{}
"[1, 1, 1, 0, 1, 1, 0, 1, 0, 1, 1, 0, 0, 0, 1, 0, 1, 1]",111011010110001011,"[""111011010110001011""]",1,0.000244140625,False,False,,,,8.673392032209994,0.30508349704833665,{},{}
"[1, 1, 1, 0, 1, 1, 0, 1, 0, 1, 1, 1, 0, 0, 1, 1, 1, 0]",111011010111001110,"[""111011010111001110""]",1,0.000244140625,False,False,,,,11.897604249365756,0.42135100561225003,{},{}
"[1, 1, 1, 0, 1, 1, 0, 1, 0, 1, 1, 1, 0, 1, 0, 1, 0, 1]",111011010111010101,"[""111011010111010101""]",1,0.000244140625,False,False,,,,11.891378962731505,0.4211265171113972,{},{}
"[1, 1, 1, 0, 1, 1, 0, 1, 0, 1, 1, 1, 0, 1, 1, 1, 0, 0]",111011010111011100,"[""111011010111011100""]",1,0.000244140625,False,False,,,,11.886259531044429,0.4209419065685947,{},{}
"[1, 1, 1, 0, 1, 1, 0, 1, 0, 1, 1, 1, 0, 1, 1, 1, 1, 1]",111011010111011111,"[""111011010111011111""]",1,0.000244140625,False,False,,,,16.55866536757062,0.5894323622283696,{},{}
"[1, 1, 1, 0, 1, 1, 0, 1, 0, 1, 1, 1, 1, 1, 1, 1, 0, 0]",111011010111111100,"[""111011010111111100""]",1,0.000244140625,False,False,,,,15.152252791732211,0.5387160708702479,{},{}
"[1, 1, 1, 0, 1, 1, 0, 1, 1, 0, 0, 0, 0, 0, 1, 0, 0, 1]",111011011000001001,"[""111011011000001001""]",1,0.000244140625,False,False,,,,8.261786306748306,0.29024068615783977,{},{}
"[1, 1, 1, 0, 1, 1, 0, 1, 1, 0, 0, 0, 1, 1, 1, 1, 1, 1]",111011011000111111,"[""111011011000111111""]",1,0.000244140625,False,False,,,,17.340615965946974,0.6176300867483396,{},{}
"[1, 1, 1, 0, 1, 1, 0, 1, 1, 0, 1, 0, 0, 1, 0, 1, 1, 1]",111011011010010111,"[""111011011010010111""]",1,0.000244140625,False,False,,,,12.124250811644051,0.4295240504820816,{},{}
"[1, 1, 1, 0, 1, 1, 0, 1, 1, 0, 1, 0, 1, 0, 0, 0, 1, 0]",111011011010100010,"[""111011011010100010""]",1,0.000244140625,False,False,,,,7.433949841015444,0.26038828287713306,{},{}
"[1, 1, 1, 0, 1, 1, 0, 1, 1, 1, 0, 0, 0, 0, 1, 0, 1, 1]",111011011100001011,"[""111011011100001011""]",1,0.000244140625,False,False,,,,8.72824439774253,0.30706151445220686,{},{}
"[1, 1, 1, 0, 1, 1, 0, 1, 1, 1, 0, 0, 0, 0, 1, 1, 1, 0]",111011011100001110,"[""111011011100001110""]",1,0.000244140625,False,False,,,,8.636121708284092,0.30373950123963106,{},{}
"[1, 1, 1, 0, 1, 1, 0, 1, 1, 1, 1, 0, 0, 1, 0, 0, 1, 1]",111011011110010011,"[""111011011110010011""]",1,0.000244140625,False,False,,,,10.088554595800145,0.35611531952145353,{},{}
"[1, 1, 1, 0, 1, 1, 0, 1, 1, 1, 1, 1, 1, 1, 0, 1, 1, 0]",111011011111110110,"[""111011011111110110""]",1,0.000244140625,False,False,,,,14.495461451451707,0.5150316829833576,{},{}
"[1, 1, 1, 0, 1, 1, 1, 0, 0, 0, 0, 0, 1, 1, 0, 1, 1, 1]",111011100000110111,"[""111011100000110111""]",1,0.000244140625,False,False,,,,12.67790464069776,0.4494892224296438,{},{}
"[1, 1, 1, 0, 1, 1, 1, 0, 0, 0, 0, 1, 1, 1, 1, 1, 1, 0]",111011100001111110,"[""111011100001111110""]",1,0.000244140625,False,False,,,,11.912277856853056,0.4218801468936816,{},{}
"[1, 1, 1, 0, 1, 1, 1, 0, 0, 0, 1, 1, 1, 0, 0, 1, 1, 0]",111011100011100110,"[""111011100011100110""]",1,0.000244140625,False,False,,,,8.575824458786846,0.3015651372399543,{},{}
"[1, 1, 1, 0, 1, 1, 1, 0, 0, 1, 0, 1, 0, 0, 0, 0, 1, 1]",111011100101000011,"[""111011100101000011""]",1,0.000244140625,False,False,,,,9.346550977768684,0.3293581130463688,{},{}
"[1, 1, 1, 0, 1, 1, 1, 0, 0, 1, 0, 1, 1, 0, 0, 1, 1, 0]",111011100101100110,"[""111011100101100110""]",1,0.000244140625,False,False,,,,8.623567957330964,0.3032868035733033,{},{}
"[1, 1, 1, 0, 1, 1, 1, 0, 0, 1, 1, 0, 1, 0, 0, 1, 1, 0]",111011100110100110,"[""111011100110100110""]",1,0.000244140625,False,False,,,,8.611874264106962,0.30286512023315865,{},{}
"[1, 1, 1, 0, 1, 1, 1, 0, 0, 1, 1, 1, 1, 0, 0, 1, 0, 1]",111011100111100101,"[""111011100111100101""]",1,0.000244140625,False,False,,,,11.87908671464424,0.4206832494343655,{},{}
"[1, 1, 1, 0, 1, 1, 1, 0, 0, 1, 1, 1, 1, 1, 1, 1, 0, 1]",111011100111111101,"[""111011100111111101""]",1,0.000244140625,False,False,,,,16.46057525293616,0.5858951591923492,{},{}
"[1, 1, 1, 0, 1, 1, 1, 0, 1, 0, 0, 1, 0, 0, 1, 0, 1, 1]",111011101001001011,"[""111011101001001011""]",1,0.000244140625,False,False,,,,8.728587123528847,0.30707387340087766,{},{}
"[1, 1, 1, 0, 1, 1, 1, 0, 1, 0, 0, 1, 0, 1, 1, 0, 1, 0]",111011101001011010,"[""111011101001011010""]",1,0.000244140625,False,False,,,,8.675860474480766,0.3051725109263095,{},{}
"[1, 1, 1, 0, 1, 1, 1, 0, 1, 0, 1, 1, 0, 0, 0, 1, 1, 0]",111011101011000110,"[""111011101011000110""]",1,0.000244140625,False,False,,,,10.603640241458626,0.3746896938753155,{},{}
"[1, 1, 1, 0, 1, 1, 1, 0, 1, 1, 1, 0, 0, 0, 1, 1, 1, 0]",111011101110001110,"[""111011101110001110""]",1,0.000244140625,False,False,,,,9.867180341288298,0.3481323980204019,{},{}
"[1, 1, 1, 0, 1, 1, 1, 0, 1, 1, 1, 0, 1, 1, 1, 0, 0, 1]",111011101110111001,"[""111011101110111001""]",1,0.000244140625,False,False,,,,13.191169397593196,0.46799793417025565,{},{}
"[1, 1, 1, 0, 1, 1, 1, 0, 1, 1, 1, 0, 1, 1, 1, 1, 0, 0]",111011101110111100,"[""111011101110111100""]",1,0.000244140625,False,False,,,,13.175189116608962,0.4674216732633891,{},{}
"[1, 1, 1, 0, 1, 1, 1, 0, 1, 1, 1, 1, 0, 1, 1, 1, 0, 0]",111011101111011100,"[""111011101111011100""]",1,0.000244140625,False,False,,,,13.134815852521832,0.4659657831073298,{},{}
"[1, 1, 1, 0, 1, 1, 1, 1, 0, 0, 1, 1, 1, 1, 1, 1, 1, 1]",111011110011111111,"[""111011110011111111""]",1,0.000244140625,False,False,,,,17.858411382109253,0.6363021774570929,{},{}
"[1, 1, 1, 0, 1, 1, 1, 1, 0, 1, 0, 1, 1, 0, 0, 1, 0, 0]",111011110101100100,"[""111011110101100100""]",1,0.000244140625,False,False,,,,8.617993096548323,0.303085769916046,{},{}
"[1, 1, 1, 0, 1, 1, 1, 1, 0, 1, 1, 1, 0, 1, 0, 1, 1, 0]",111011110111010110,"[""111011110111010110""]",1,0.000244140625,False,False,,,,13.217739831349094,0.46895608392163457,{},{}
"[1, 1, 1, 0, 1, 1, 1, 1, 1, 0, 0, 0, 1, 0, 0, 0, 0, 0]",111011111000100000,"[""111011111000100000""]",1,0.000244140625,False,False,,,,12.123814146627009,0.4295083040143589,{},{}
"[1, 1, 1, 0, 1, 1, 1, 1, 1, 0, 0, 1, 0, 0, 0, 0, 1, 1]",111011111001000011,"[""111011111001000011""]",1,0.000244140625,False,False,,,,12.742490347820938,0.45181823142480065,{},{}
"[1, 1, 1, 0, 1, 1, 1, 1, 1, 0, 0, 1, 1, 1, 0, 0, 0, 0]",111011111001110000,"[""111011111001110000""]",1,0.000244140625,False,False,,,,12.636787087476163,0.448006492649674,{},{}
"[1, 1, 1, 0, 1, 1, 1, 1, 1, 0, 1, 0, 1, 0, 0, 1, 1, 0]",111011111010100110,"[""111011111010100110""]",1,0.000244140625,False,False,,,,11.968071539625099,0.42389210890256984,{},{}
"[1, 1, 1, 0, 1, 1, 1, 1, 1, 0, 1, 1, 0, 1, 1, 1, 0, 0]",111011111011011100,"[""111011111011011100""]",1,0.000244140625,False,False,,,,13.225321726903184,0.46922949275669057,{},{}
"[1, 1, 1, 0, 1, 1, 1, 1, 1, 1, 0, 1, 1, 0, 1, 1, 0, 0]",111011111101101100,"[""111011111101101100""]",1,0.000244140625,False,False,,,,13.237184284312324,0.46965726546588704,{},{}
"[1, 1, 1, 0, 1, 1, 1, 1, 1, 1, 1, 1, 0, 1, 1, 0, 0, 0]",111011111111011000,"[""111011111111011000""]",1,0.000244140625,False,False,,,,17.19896418032412,0.6125220172142172,{},{}
"[1, 1, 1, 0, 1, 1, 1, 1, 1, 1, 1, 1, 1, 1, 1, 1, 0, 0]",111011111111111100,"[""111011111111111100""]",1,0.000244140625,False,False,,,,19.80677416745251,0.7065615994719198,{},{}
"[1, 1, 1, 1, 0, 0, 0, 0, 0, 0, 0, 0, 1, 1, 0, 0, 0, 1]",111100000000110001,"[""111100000000110001""]",1,0.000244140625,False,False,,,,7.546330957632558,0.264440830153388,{},{}
"[1, 1, 1, 1, 0, 0, 0, 0, 0, 0, 0, 1, 0, 1, 1, 0, 1, 0]",111100000001011010,"[""111100000001011010""]",1,0.000244140625,False,False,,,,6.829299681501023,0.23858414503985054,{},{}
"[1, 1, 1, 1, 0, 0, 0, 0, 0, 1, 0, 0, 0, 0, 1, 0, 0, 0]",111100000100001000,"[""111100000100001000""]",1,0.000244140625,False,False,,,,6.3375983156533175,0.22085302533861154,{},{}
"[1, 1, 1, 1, 0, 0, 0, 0, 0, 1, 0, 1, 0, 0, 1, 1, 0, 1]",111100000101001101,"[""111100000101001101""]",1,0.000244140625,False,False,,,,8.137426143114523,0.28575616546985116,{},{}
"[1, 1, 1, 1, 0, 0, 0, 0, 0, 1, 1, 1, 0, 0, 0, 1, 0, 0]",111100000111000100,"[""111100000111000100""]",1,0.000244140625,False,False,,,,10.767179640422714,0.38058704714766545,{},{}
"[1, 1, 1, 1, 0, 0, 0, 0, 0, 1, 1, 1, 0, 1, 0, 0, 1, 0]",111100000111010010,"[""111100000111010010""]",1,0.000244140625,False,False,,,,9.971753839563473,0.3519033967287291,{},{}
"[1, 1, 1, 1, 0, 0, 0, 0, 0, 1, 1, 1, 1, 1, 1, 1, 0, 0]",111100000111111100,"[""111100000111111100""]",1,0.000244140625,False,False,,,,14.60904970610642,0.5191277605617984,{},{}
"[1, 1, 1, 1, 0, 0, 0, 0, 0, 1, 1, 1, 1, 1, 1, 1, 0, 1]",111100000111111101,"[""111100000111111101""]",1,0.000244140625,False,False,,,,15.866574512476191,0.5644750473861468,{},{}
"[1, 1, 1, 1, 0, 0, 0, 0, 1, 0, 0, 0, 0, 0, 1, 1, 1, 0]",111100001000001110,"[""111100001000001110""]",1,0.000244140625,False,False,,,,6.826429808137471,0.23848065525586587,{},{}
"[1, 1, 1, 1, 0, 0, 0, 0, 1, 0, 0, 0, 0, 1, 1, 0, 1, 0]",111100001000011010,"[""111100001000011010""]",1,0.000244140625,False,False,,,,6.807865890233397,0.2378112264656618,{},{}
"[1, 1, 1, 1, 0, 0, 0, 0, 1, 0, 0, 0, 1, 1, 0, 1, 0, 0]",111100001000110100,"[""111100001000110100""]",1,0.000244140625,False,False,,,,6.834809083036426,0.2387828181876015,{},{}
"[1, 1, 1, 1, 0, 0, 0, 0, 1, 0, 0, 0, 1, 1, 1, 1, 1, 0]",111100001000111110,"[""111100001000111110""]",1,0.000244140625,False,False,,,,11.352875340714473,0.40170767298214954,{},{}
"[1, 1, 1, 1, 0, 0, 0, 0, 1, 0, 0, 1, 0, 1, 1, 0, 0, 0]",111100001001011000,"[""111100001001011000""]",1,0.000244140625,False,False,,,,6.820493485062096,0.2382665869974765,{},{}
"[1, 1, 1, 1, 0, 0, 0, 0, 1, 0, 1, 0, 0, 1, 0, 0, 1, 1]",111100001010010011,"[""111100001010010011""]",1,0.000244140625,False,False,,,,6.059032470081953,0.21080773220832447,{},{}
"[1, 1, 1, 1, 0, 0, 0, 0, 1, 1, 0, 0, 1, 0, 1, 1, 1, 1]",111100001100101111,"[""111100001100101111""]",1,0.000244140625,False,False,,,,10.685525546508577,0.37764253933489644,{},{}
"[1, 1, 1, 1, 0, 0, 0, 0, 1, 1, 0, 1, 0, 0, 1, 0, 0, 0]",111100001101001000,"[""111100001101001000""]",1,0.000244140625,False,False,,,,6.823857579595756,0.23838789876719216,{},{}
"[1, 1, 1, 1, 0, 0, 0, 0, 1, 1, 0, 1, 1, 0, 1, 1, 0, 0]",111100001101101100,"[""111100001101101100""]",1,0.000244140625,False,False,,,,7.441006235988985,0.26064274176747876,{},{}
"[1, 1, 1, 1, 0, 0, 0, 0, 1, 1, 0, 1, 1, 1, 1, 0, 0, 0]",111100001101111000,"[""111100001101111000""]",1,0.000244140625,False,False,,,,11.312570534091938,0.400254251453561,{},{}
"[1, 1, 1, 1, 0, 0, 0, 0, 1, 1, 1, 0, 0, 1, 1, 0, 0, 1]",111100001110011001,"[""111100001110011001""]",1,0.000244140625,False,False,,,,7.268229047719352,0.25441226689057705,{},{}
"[1, 1, 1, 1, 0, 0, 0, 0, 1, 1, 1, 0, 0, 1, 1, 0, 1, 1]",111100001110011011,"[""111100001110011011""]",1,0.000244140625,False,False,,,,8.539283042234008,0.30024742637731683,{},{}
"[1, 1, 1, 1, 0, 0, 0, 0, 1, 1, 1, 0, 0, 1, 1, 1, 1, 1]",111100001110011111,"[""111100001110011111""]",1,0.000244140625,False,False,,,,11.843534568405405,0.4194012124005453,{},{}
"[1, 1, 1, 1, 0, 0, 0, 1, 0, 0, 0, 0, 0, 0, 0, 0, 0, 1]",111100010000000001,"[""111100010000000001""]",1,0.000244140625,False,False,,,,6.334795247735337,0.22075194460905379,{},{}
"[1, 1, 1, 1, 0, 0, 0, 1, 0, 0, 0, 0, 0, 1, 0, 0, 0, 0]",111100010000010000,"[""111100010000010000""]",1,0.000244140625,False,False,,,,6.336281560332448,0.22080554215505083,{},{}
"[1, 1, 1, 1, 0, 0, 0, 1, 0, 0, 0, 1, 0, 0, 0, 0, 0, 0]",111100010001000000,"[""111100010001000000""]",1,0.000244140625,False,False,,,,6.315321936285602,0.2200497224061533,{},{}
"[1, 1, 1, 1, 0, 0, 0, 1, 0, 0, 0, 1, 1, 1, 1, 1, 0, 0]",111100010001111100,"[""111100010001111100""]",1,0.000244140625,False,False,,,,9.39618983063528,0.3311481272768405,{},{}
"[1, 1, 1, 1, 0, 0, 0, 1, 0, 0, 1, 1, 1, 0, 0, 1, 0, 0]",111100010011100100,"[""111100010011100100""]",1,0.000244140625,False,False,,,,6.0503977633042325,0.21049635821163665,{},{}
"[1, 1, 1, 1, 0, 0, 0, 1, 0, 0, 1, 1, 1, 1, 1, 0, 0, 0]",111100010011111000,"[""111100010011111000""]",1,0.000244140625,False,False,,,,11.336973444689587,0.40113423869565373,{},{}
"[1, 1, 1, 1, 0, 0, 0, 1, 0, 1, 0, 1, 0, 0, 1, 0, 0, 1]",111100010101001001,"[""111100010101001001""]",1,0.000244140625,False,False,,,,6.070333500414762,0.21121525583037687,{},{}
"[1, 1, 1, 1, 0, 0, 0, 1, 0, 1, 0, 1, 0, 0, 1, 1, 0, 0]",111100010101001100,"[""111100010101001100""]",1,0.000244140625,False,False,,,,6.124957736558884,0.21318504671755567,{},{}
"[1, 1, 1, 1, 0, 0, 0, 1, 0, 1, 0, 1, 1, 0, 1, 1, 1, 1]",111100010101101111,"[""111100010101101111""]",1,0.000244140625,False,False,,,,11.931263139224038,0.4225647704023053,{},{}
"[1, 1, 1, 1, 0, 0, 0, 1, 1, 0, 0, 0, 0, 0, 0, 1, 0, 1]",111100011000000101,"[""111100011000000101""]",1,0.000244140625,False,False,,,,8.872398708482,0.3122598269172628,{},{}
"[1, 1, 1, 1, 0, 0, 0, 1, 1, 0, 1, 0, 0, 1, 0, 1, 0, 1]",111100011010010101,"[""111100011010010101""]",1,0.000244140625,False,False,,,,7.354193571569436,0.25751221203679,{},{}
"[1, 1, 1, 1, 0, 0, 0, 1, 1, 1, 0, 0, 1, 1, 0, 1, 1, 0]",111100011100110110,"[""111100011100110110""]",1,0.000244140625,False,False,,,,8.644213730668481,0.3040313056304432,{},{}
"[1, 1, 1, 1, 0, 0, 0, 1, 1, 1, 0, 1, 0, 0, 0, 1, 0, 1]",111100011101000101,"[""111100011101000101""]",1,0.000244140625,False,False,,,,9.345974295437204,0.3293373174493677,{},{}
"[1, 1, 1, 1, 0, 0, 0, 1, 1, 1, 1, 0, 0, 0, 0, 1, 1, 0]",111100011110000110,"[""111100011110000110""]",1,0.000244140625,False,False,,,,9.31263926191698,0.3281352311615395,{},{}
"[1, 1, 1, 1, 0, 0, 0, 1, 1, 1, 1, 0, 0, 0, 0, 1, 1, 1]",111100011110000111,"[""111100011110000111""]",1,0.000244140625,False,False,,,,12.607518745346093,0.44695105430068677,{},{}
"[1, 1, 1, 1, 0, 0, 0, 1, 1, 1, 1, 0, 0, 1, 1, 0, 0, 0]",111100011110011000,"[""111100011110011000""]",1,0.000244140625,False,False,,,,9.300465197198136,0.32769622526533193,{},{}
"[1, 1, 1, 1, 0, 0, 0, 1, 1, 1, 1, 0, 0, 1, 1, 1, 1, 0]",111100011110011110,"[""111100011110011110""]",1,0.000244140625,False,False,,,,9.88591643315707,0.34880803553278883,{},{}
"[1, 1, 1, 1, 0, 0, 1, 0, 0, 0, 0, 0, 1, 0, 0, 1, 1, 1]",111100100000100111,"[""111100100000100111""]",1,0.000244140625,False,False,,,,10.167888543716867,0.35897616113099046,{},{}
"[1, 1, 1, 1, 0, 0, 1, 0, 0, 0, 1, 0, 0, 1, 0, 1, 1, 0]",111100100010010110,"[""111100100010010110""]",1,0.000244140625,False,False,,,,6.055030887417037,0.21066343213890387,{},{}
"[1, 1, 1, 1, 0, 0, 1, 0, 0, 0, 1, 0, 1, 0, 0, 1, 1, 1]",111100100010100111,"[""111100100010100111""]",1,0.000244140625,False,False,,,,9.369746750377365,0.3301945699880292,{},{}
"[1, 1, 1, 1, 0, 0, 1, 0, 0, 0, 1, 1, 0, 1, 1, 1, 1, 0]",111100100011011110,"[""111100100011011110""]",1,0.000244140625,False,False,,,,8.602960925531118,0.30254369856504204,{},{}
"[1, 1, 1, 1, 0, 0, 1, 0, 0, 1, 0, 0, 0, 0, 0, 0, 1, 0]",111100100100000010,"[""111100100100000010""]",1,0.000244140625,False,False,,,,5.565664705061807,0.19301652090423696,{},{}
"[1, 1, 1, 1, 0, 0, 1, 0, 0, 1, 0, 0, 0, 1, 1, 1, 0, 1]",111100100100011101,"[""111100100100011101""]",1,0.000244140625,False,False,,,,7.4211701751877435,0.25992743855114236,{},{}
"[1, 1, 1, 1, 0, 0, 1, 0, 0, 1, 0, 0, 1, 1, 1, 0, 0, 0]",111100100100111000,"[""111100100100111000""]",1,0.000244140625,False,False,,,,10.148067644426076,0.35826140465008194,{},{}
"[1, 1, 1, 1, 0, 0, 1, 0, 0, 1, 0, 1, 0, 0, 1, 0, 0, 1]",111100100101001001,"[""111100100101001001""]",1,0.000244140625,False,False,,,,6.12814561313766,0.21330000393577203,{},{}
"[1, 1, 1, 1, 0, 0, 1, 0, 0, 1, 1, 0, 0, 1, 1, 0, 1, 0]",111100100110011010,"[""111100100110011010""]",1,0.000244140625,False,False,,,,7.2882844801323525,0.25513548081161624,{},{}
"[1, 1, 1, 1, 0, 0, 1, 0, 0, 1, 1, 0, 1, 0, 1, 1, 0, 0]",111100100110101100,"[""111100100110101100""]",1,0.000244140625,False,False,,,,7.4846505385921756,0.26221658802352915,{},{}
"[1, 1, 1, 1, 0, 0, 1, 0, 0, 1, 1, 1, 1, 0, 1, 0, 0, 0]",111100100111101000,"[""111100100111101000""]",1,0.000244140625,False,False,,,,11.383236833501439,0.40280253116295994,{},{}
"[1, 1, 1, 1, 0, 0, 1, 0, 1, 0, 0, 0, 1, 1, 1, 1, 1, 0]",111100101000111110,"[""111100101000111110""]",1,0.000244140625,False,False,,,,12.686132113639394,0.449785911269048,{},{}
"[1, 1, 1, 1, 0, 0, 1, 0, 1, 1, 1, 0, 1, 1, 0, 1, 1, 0]",111100101110110110,"[""111100101110110110""]",1,0.000244140625,False,False,,,,9.955526863490542,0.35131823981210714,{},{}
"[1, 1, 1, 1, 0, 0, 1, 0, 1, 1, 1, 1, 0, 1, 0, 0, 1, 0]",111100101111010010,"[""111100101111010010""]",1,0.000244140625,False,False,,,,10.519976640008592,0.37167272171500876,{},{}
"[1, 1, 1, 1, 0, 0, 1, 1, 0, 1, 0, 0, 0, 0, 1, 1, 1, 1]",111100110100001111,"[""111100110100001111""]",1,0.000244140625,False,False,,,,10.67981949225359,0.37743677474271853,{},{}
"[1, 1, 1, 1, 0, 0, 1, 1, 0, 1, 0, 0, 1, 0, 1, 1, 0, 0]",111100110100101100,"[""111100110100101100""]",1,0.000244140625,False,False,,,,7.549786277141637,0.2645654315640753,{},{}
"[1, 1, 1, 1, 0, 0, 1, 1, 0, 1, 1, 0, 0, 1, 0, 1, 0, 0]",111100110110010100,"[""111100110110010100""]",1,0.000244140625,False,False,,,,7.3791377828864775,0.2584117189884393,{},{}
"[1, 1, 1, 1, 0, 0, 1, 1, 0, 1, 1, 0, 0, 1, 0, 1, 0, 1]",111100110110010101,"[""111100110110010101""]",1,0.000244140625,False,False,,,,8.636662589256249,0.3037590058127878,{},{}
"[1, 1, 1, 1, 0, 0, 1, 1, 1, 0, 0, 0, 1, 0, 1, 0, 0, 1]",111100111000101001,"[""111100111000101001""]",1,0.000244140625,False,False,,,,11.4322421874922,0.4045697009492666,{},{}
"[1, 1, 1, 1, 0, 0, 1, 1, 1, 0, 0, 1, 0, 1, 0, 1, 0, 1]",111100111001010101,"[""111100111001010101""]",1,0.000244140625,False,False,,,,10.627106466234476,0.37553590352478317,{},{}
"[1, 1, 1, 1, 0, 0, 1, 1, 1, 0, 0, 1, 1, 0, 1, 0, 0, 1]",111100111001101001,"[""111100111001101001""]",1,0.000244140625,False,False,,,,10.687529868019569,0.37771481667048995,{},{}
"[1, 1, 1, 1, 0, 0, 1, 1, 1, 0, 1, 0, 1, 1, 0, 0, 1, 0]",111100111010110010,"[""111100111010110010""]",1,0.000244140625,False,False,,,,10.645761348141498,0.37620861254509597,{},{}
"[1, 1, 1, 1, 0, 0, 1, 1, 1, 0, 1, 1, 0, 0, 1, 0, 0, 0]",111100111011001000,"[""111100111011001000""]",1,0.000244140625,False,False,,,,11.346763524106278,0.4014872762954633,{},{}
"[1, 1, 1, 1, 0, 0, 1, 1, 1, 0, 1, 1, 1, 1, 0, 1, 1, 1]",111100111011110111,"[""111100111011110111""]",1,0.000244140625,False,False,,,,16.50471402024626,0.5874868362162503,{},{}
"[1, 1, 1, 1, 0, 0, 1, 1, 1, 1, 0, 0, 0, 0, 1, 1, 1, 1]",111100111100001111,"[""111100111100001111""]",1,0.000244140625,False,False,,,,13.972587702947019,0.49617646380496766,{},{}
"[1, 1, 1, 1, 0, 0, 1, 1, 1, 1, 0, 1, 1, 1, 0, 0, 0, 1]",111100111101110001,"[""111100111101110001""]",1,0.000244140625,False,False,,,,11.91764925243929,0.4220738434434929,{},{}
"[1, 1, 1, 1, 0, 1, 0, 0, 0, 0, 0, 0, 0, 1, 0, 0, 1, 0]",111101000000010010,"[""111101000000010010""]",1,0.000244140625,False,False,,,,7.569093818852192,0.265261675985964,{},{}
"[1, 1, 1, 1, 0, 1, 0, 0, 0, 0, 0, 0, 0, 1, 0, 0, 1, 1]",111101000000010011,"[""111101000000010011""]",1,0.000244140625,False,False,,,,8.874753124468477,0.3123447289219801,{},{}
"[1, 1, 1, 1, 0, 1, 0, 0, 0, 0, 0, 0, 1, 0, 1, 1, 0, 1]",111101000000101101,"[""111101000000101101""]",1,0.000244140625,False,False,,,,10.220879443143591,0.36088705267222443,{},{}
"[1, 1, 1, 1, 0, 1, 0, 0, 0, 0, 0, 1, 0, 0, 1, 1, 0, 1]",111101000001001101,"[""111101000001001101""]",1,0.000244140625,False,False,,,,8.187493321891457,0.28756162545360914,{},{}
"[1, 1, 1, 1, 0, 1, 0, 0, 0, 0, 0, 1, 1, 1, 1, 0, 0, 1]",111101000001111001,"[""111101000001111001""]",1,0.000244140625,False,False,,,,11.378411113636403,0.40262851208854866,{},{}
"[1, 1, 1, 1, 0, 1, 0, 0, 0, 0, 1, 0, 0, 1, 0, 1, 1, 0]",111101000010010110,"[""111101000010010110""]",1,0.000244140625,False,False,,,,8.050666372532428,0.28262754313057614,{},{}
"[1, 1, 1, 1, 0, 1, 0, 0, 0, 0, 1, 0, 0, 1, 1, 0, 1, 0]",111101000010011010,"[""111101000010011010""]",1,0.000244140625,False,False,,,,8.061839379467735,0.2830304501329823,{},{}
"[1, 1, 1, 1, 0, 1, 0, 0, 0, 1, 0, 0, 1, 1, 0, 1, 1, 0]",111101000100110110,"[""111101000100110110""]",1,0.000244140625,False,False,,,,9.383189359075601,0.3306793205306974,{},{}
"[1, 1, 1, 1, 0, 1, 0, 0, 0, 1, 0, 1, 0, 1, 0, 1, 0, 1]",111101000101010101,"[""111101000101010101""]",1,0.000244140625,False,False,,,,9.372784096613758,0.33030409896930174,{},{}
"[1, 1, 1, 1, 0, 1, 0, 0, 0, 1, 0, 1, 1, 0, 0, 1, 1, 0]",111101000101100110,"[""111101000101100110""]",1,0.000244140625,False,False,,,,9.374130453933303,0.3303526496231164,{},{}
"[1, 1, 1, 1, 0, 1, 0, 0, 0, 1, 1, 0, 0, 0, 1, 1, 1, 1]",111101000110001111,"[""111101000110001111""]",1,0.000244140625,False,False,,,,12.624782851577264,0.44757361090797226,{},{}
"[1, 1, 1, 1, 0, 1, 0, 0, 0, 1, 1, 0, 1, 1, 0, 1, 0, 0]",111101000110110100,"[""111101000110110100""]",1,0.000244140625,False,False,,,,9.33448996369493,0.3289231838411359,{},{}
"[1, 1, 1, 1, 0, 1, 0, 0, 0, 1, 1, 1, 0, 1, 1, 0, 1, 0]",111101000111011010,"[""111101000111011010""]",1,0.000244140625,False,False,,,,12.544222856272935,0.4446685571109187,{},{}
"[1, 1, 1, 1, 0, 1, 0, 0, 1, 0, 0, 0, 1, 0, 1, 0, 0, 0]",111101001000101000,"[""111101001000101000""]",1,0.000244140625,False,False,,,,8.905177974971677,0.313441871829514,{},{}
"[1, 1, 1, 1, 0, 1, 0, 0, 1, 0, 0, 0, 1, 1, 0, 0, 1, 1]",111101001000110011,"[""111101001000110011""]",1,0.000244140625,False,False,,,,9.431280056768271,0.3324135071255114,{},{}
"[1, 1, 1, 1, 0, 1, 0, 0, 1, 0, 0, 1, 1, 0, 1, 1, 0, 0]",111101001001101100,"[""111101001001101100""]",1,0.000244140625,False,False,,,,7.456819665327945,0.26121298587898895,{},{}
"[1, 1, 1, 1, 0, 1, 0, 0, 1, 0, 0, 1, 1, 0, 1, 1, 1, 1]",111101001001101111,"[""111101001001101111""]",1,0.000244140625,False,False,,,,12.020556188306415,0.42578474466257327,{},{}
"[1, 1, 1, 1, 0, 1, 0, 0, 1, 0, 1, 0, 0, 1, 0, 1, 0, 1]",111101001010010101,"[""111101001010010101""]",1,0.000244140625,False,False,,,,7.408938207966669,0.259486344647316,{},{}
"[1, 1, 1, 1, 0, 1, 0, 0, 1, 0, 1, 0, 1, 0, 0, 0, 0, 0]",111101001010100000,"[""111101001010100000""]",1,0.000244140625,False,False,,,,6.817589980599468,0.2381618844508582,{},{}
"[1, 1, 1, 1, 0, 1, 0, 0, 1, 0, 1, 1, 0, 1, 0, 0, 1, 1]",111101001011010011,"[""111101001011010011""]",1,0.000244140625,False,False,,,,8.653810532357289,0.30437737349055577,{},{}
"[1, 1, 1, 1, 0, 1, 0, 0, 1, 0, 1, 1, 0, 1, 0, 1, 1, 0]",111101001011010110,"[""111101001011010110""]",1,0.000244140625,False,False,,,,8.568573351305577,0.3013036568706752,{},{}
"[1, 1, 1, 1, 0, 1, 0, 0, 1, 1, 0, 1, 0, 0, 1, 0, 0, 0]",111101001101001000,"[""111101001101001000""]",1,0.000244140625,False,False,,,,8.123110978439705,0.28523994990483126,{},{}
"[1, 1, 1, 1, 0, 1, 0, 0, 1, 1, 0, 1, 1, 1, 0, 1, 0, 1]",111101001101110101,"[""111101001101110101""]",1,0.000244140625,False,False,,,,10.001450234825704,0.3529742709944171,{},{}
"[1, 1, 1, 1, 0, 1, 0, 0, 1, 1, 1, 0, 0, 1, 1, 1, 1, 0]",111101001110011110,"[""111101001110011110""]",1,0.000244140625,False,False,,,,9.868026975272251,0.34816292827627526,{},{}
"[1, 1, 1, 1, 0, 1, 0, 0, 1, 1, 1, 0, 1, 0, 1, 0, 0, 1]",111101001110101001,"[""111101001110101001""]",1,0.000244140625,False,False,,,,8.666519016791817,0.30483565096216997,{},{}
"[1, 1, 1, 1, 0, 1, 0, 0, 1, 1, 1, 1, 0, 0, 0, 1, 0, 1]",111101001111000101,"[""111101001111000101""]",1,0.000244140625,False,False,,,,12.660537096809366,0.4488629357829294,{},{}
"[1, 1, 1, 1, 0, 1, 0, 0, 1, 1, 1, 1, 0, 1, 0, 0, 0, 1]",111101001111010001,"[""111101001111010001""]",1,0.000244140625,False,False,,,,10.594057301435472,0.37434412587725346,{},{}
"[1, 1, 1, 1, 0, 1, 0, 0, 1, 1, 1, 1, 1, 1, 0, 1, 0, 1]",111101001111110101,"[""111101001111110101""]",1,0.000244140625,False,False,,,,13.212647110751037,0.46877243660071766,{},{}
"[1, 1, 1, 1, 0, 1, 0, 1, 0, 0, 0, 0, 0, 0, 1, 0, 1, 1]",111101010000001011,"[""111101010000001011""]",1,0.000244140625,False,False,,,,8.151794648052373,0.28627430452472574,{},{}
"[1, 1, 1, 1, 0, 1, 0, 1, 0, 0, 0, 0, 0, 1, 1, 0, 0, 1]",111101010000011001,"[""111101010000011001""]",1,0.000244140625,False,False,,,,8.165583631680875,0.2867715456069299,{},{}
"[1, 1, 1, 1, 0, 1, 0, 1, 0, 1, 0, 1, 0, 1, 1, 0, 1, 0]",111101010101011010,"[""111101010101011010""]",1,0.000244140625,False,False,,,,8.610908636526334,0.30283029897902314,{},{}
"[1, 1, 1, 1, 0, 1, 0, 1, 0, 1, 1, 0, 0, 1, 1, 0, 1, 0]",111101010110011010,"[""111101010110011010""]",1,0.000244140625,False,False,,,,8.60823976185784,0.30273405735859754,{},{}
"[1, 1, 1, 1, 0, 1, 0, 1, 1, 0, 1, 0, 0, 1, 0, 0, 0, 0]",111101011010010000,"[""111101011010010000""]",1,0.000244140625,False,False,,,,8.118026870967693,0.2850566131796936,{},{}
"[1, 1, 1, 1, 0, 1, 0, 1, 1, 0, 1, 0, 1, 1, 0, 0, 1, 1]",111101011010110011,"[""111101011010110011""]",1,0.000244140625,False,False,,,,10.000234673347869,0.35293043693666426,{},{}
"[1, 1, 1, 1, 0, 1, 0, 1, 1, 1, 1, 1, 1, 0, 1, 0, 0, 1]",111101011111101001,"[""111101011111101001""]",1,0.000244140625,False,False,,,,13.212201760082035,0.4687563769218769,{},{}
"[1, 1, 1, 1, 0, 1, 1, 0, 0, 0, 0, 1, 1, 0, 0, 0, 1, 1]",111101100001100011,"[""111101100001100011""]",1,0.000244140625,False,False,,,,7.376289437880562,0.25830900553316294,{},{}
"[1, 1, 1, 1, 0, 1, 1, 0, 0, 0, 1, 0, 0, 0, 0, 0, 0, 1]",111101100010000001,"[""111101100010000001""]",1,0.000244140625,False,False,,,,6.819112939343457,0.23821680348437188,{},{}
"[1, 1, 1, 1, 0, 1, 1, 0, 0, 0, 1, 0, 1, 1, 0, 0, 1, 0]",111101100010110010,"[""111101100010110010""]",1,0.000244140625,False,False,,,,7.309941152883059,0.2559164366590976,{},{}
"[1, 1, 1, 1, 0, 1, 1, 0, 0, 0, 1, 1, 1, 0, 1, 1, 1, 1]",111101100011101111,"[""111101100011101111""]",1,0.000244140625,False,False,,,,13.236299277595876,0.4696253514605259,{},{}
"[1, 1, 1, 1, 0, 1, 1, 0, 0, 1, 0, 0, 1, 0, 0, 0, 1, 1]",111101100100100011,"[""111101100100100011""]",1,0.000244140625,False,False,,,,7.442917300634898,0.26071165619063696,{},{}
"[1, 1, 1, 1, 0, 1, 1, 0, 0, 1, 1, 1, 0, 1, 0, 0, 1, 0]",111101100111010010,"[""111101100111010010""]",1,0.000244140625,False,False,,,,10.538653978538262,0.3723462405379618,{},{}
"[1, 1, 1, 1, 0, 1, 1, 0, 0, 1, 1, 1, 0, 1, 0, 1, 0, 1]",111101100111010101,"[""111101100111010101""]",1,0.000244140625,False,False,,,,11.905737346815666,0.42164429120070385,{},{}
"[1, 1, 1, 1, 0, 1, 1, 0, 1, 0, 0, 0, 1, 1, 1, 0, 1, 1]",111101101000111011,"[""111101101000111011""]",1,0.000244140625,False,False,,,,14.005260107248029,0.4973546551866201,{},{}
"[1, 1, 1, 1, 0, 1, 1, 0, 1, 0, 0, 1, 0, 0, 1, 1, 0, 0]",111101101001001100,"[""111101101001001100""]",1,0.000244140625,False,False,,,,7.465278589126484,0.26151802100972726,{},{}
"[1, 1, 1, 1, 0, 1, 1, 0, 1, 0, 0, 1, 0, 1, 1, 0, 0, 1]",111101101001011001,"[""111101101001011001""]",1,0.000244140625,False,False,,,,8.715872028470338,0.30661535754520913,{},{}
"[1, 1, 1, 1, 0, 1, 1, 0, 1, 0, 1, 0, 1, 1, 1, 0, 1, 0]",111101101010111010,"[""111101101010111010""]",1,0.000244140625,False,False,,,,11.895380545893559,0.421270817198745,{},{}
"[1, 1, 1, 1, 0, 1, 1, 0, 1, 0, 1, 1, 0, 0, 1, 0, 0, 0]",111101101011001000,"[""111101101011001000""]",1,0.000244140625,False,False,,,,9.352739554342707,0.3295812777549416,{},{}
"[1, 1, 1, 1, 0, 1, 1, 0, 1, 1, 1, 1, 0, 1, 0, 1, 0, 1]",111101101111010101,"[""111101101111010101""]",1,0.000244140625,False,False,,,,13.242345422718959,0.4698433799842491,{},{}
"[1, 1, 1, 1, 0, 1, 1, 1, 0, 0, 0, 0, 0, 1, 1, 1, 0, 0]",111101110000011100,"[""111101110000011100""]",1,0.000244140625,False,False,,,,9.409789818038359,0.3316385530135346,{},{}
"[1, 1, 1, 1, 0, 1, 1, 1, 0, 0, 1, 0, 1, 1, 0, 0, 1, 0]",111101110010110010,"[""111101110010110010""]",1,0.000244140625,False,False,,,,8.634260949493155,0.3036724008832992,{},{}
"[1, 1, 1, 1, 0, 1, 1, 1, 0, 0, 1, 1, 0, 0, 0, 0, 0, 1]",111101110011000001,"[""111101110011000001""]",1,0.000244140625,False,False,,,,9.313807702272845,0.3281773659963246,{},{}
"[1, 1, 1, 1, 0, 1, 1, 1, 0, 1, 0, 0, 0, 1, 1, 0, 0, 1]",111101110100011001,"[""111101110100011001""]",1,0.000244140625,False,False,,,,8.671855391468243,0.30502808463173126,{},{}
"[1, 1, 1, 1, 0, 1, 1, 1, 0, 1, 0, 0, 1, 0, 0, 1, 0, 1]",111101110100100101,"[""111101110100100101""]",1,0.000244140625,False,False,,,,8.831850062106788,0.31079761234447517,{},{}
"[1, 1, 1, 1, 0, 1, 1, 1, 0, 1, 1, 0, 1, 0, 1, 0, 1, 1]",111101110110101011,"[""111101110110101011""]",1,0.000244140625,False,False,,,,11.212104364506834,0.3966313660955606,{},{}
"[1, 1, 1, 1, 0, 1, 1, 1, 0, 1, 1, 0, 1, 1, 1, 0, 0, 1]",111101110110111001,"[""111101110110111001""]",1,0.000244140625,False,False,,,,13.217995831792837,0.4689653154894659,{},{}
"[1, 1, 1, 1, 0, 1, 1, 1, 0, 1, 1, 1, 0, 1, 0, 0, 0, 1]",111101110111010001,"[""111101110111010001""]",1,0.000244140625,False,False,,,,11.862299669027275,0.4200778959903062,{},{}
"[1, 1, 1, 1, 0, 1, 1, 1, 1, 0, 0, 0, 0, 0, 0, 0, 1, 1]",111101111000000011,"[""111101111000000011""]",1,0.000244140625,False,False,,,,13.4603431021756,0.47770453965862597,{},{}
"[1, 1, 1, 1, 0, 1, 1, 1, 1, 0, 0, 0, 0, 1, 0, 1, 1, 0]",111101111000010110,"[""111101111000010110""]",1,0.000244140625,False,False,,,,12.69361978575581,0.4500559223363366,{},{}
"[1, 1, 1, 1, 0, 1, 1, 1, 1, 0, 0, 1, 1, 1, 0, 0, 1, 1]",111101111001110011,"[""111101111001110011""]",1,0.000244140625,False,False,,,,13.260548691881919,0.47049980351060205,{},{}
"[1, 1, 1, 1, 0, 1, 1, 1, 1, 0, 1, 0, 0, 0, 1, 1, 1, 0]",111101111010001110,"[""111101111010001110""]",1,0.000244140625,False,False,,,,11.94389225578536,0.42302018580893863,{},{}
"[1, 1, 1, 1, 0, 1, 1, 1, 1, 0, 1, 0, 1, 1, 1, 0, 1, 1]",111101111010111011,"[""111101111010111011""]",1,0.000244140625,False,False,,,,16.583553393092462,0.5903298430781421,{},{}
"[1, 1, 1, 1, 0, 1, 1, 1, 1, 0, 1, 1, 0, 0, 1, 0, 1, 0]",111101111011001010,"[""111101111011001010""]",1,0.000244140625,False,False,,,,11.913176603684436,0.4219125563778831,{},{}
"[1, 1, 1, 1, 0, 1, 1, 1, 1, 0, 1, 1, 0, 1, 0, 0, 0, 1]",111101111011010001,"[""111101111011010001""]",1,0.000244140625,False,False,,,,11.93640847776703,0.42275031516574496,{},{}
"[1, 1, 1, 1, 0, 1, 1, 1, 1, 0, 1, 1, 1, 0, 1, 0, 1, 1]",111101111011101011,"[""111101111011101011""]",1,0.000244140625,False,False,,,,14.542411227281455,0.5167247270808626,{},{}
"[1, 1, 1, 1, 0, 1, 1, 1, 1, 1, 0, 0, 0, 0, 1, 0, 1, 1]",111101111100001011,"[""111101111100001011""]",1,0.000244140625,False,False,,,,11.996836213126542,0.4249293845833926,{},{}
"[1, 1, 1, 1, 0, 1, 1, 1, 1, 1, 0, 0, 1, 1, 0, 1, 0, 1]",111101111100110101,"[""111101111100110101""]",1,0.000244140625,False,False,,,,13.432513292205147,0.47670097585725624,{},{}
"[1, 1, 1, 1, 0, 1, 1, 1, 1, 1, 0, 1, 1, 0, 1, 1, 0, 0]",111101111101101100,"[""111101111101101100""]",1,0.000244140625,False,False,,,,13.386315745019216,0.4750350576883181,{},{}
"[1, 1, 1, 1, 0, 1, 1, 1, 1, 1, 1, 1, 0, 0, 0, 0, 1, 0]",111101111111000010,"[""111101111111000010""]",1,0.000244140625,False,False,,,,15.877297726302277,0.5648617345119891,{},{}
"[1, 1, 1, 1, 0, 1, 1, 1, 1, 1, 1, 1, 1, 1, 1, 0, 0, 0]",111101111111111000,"[""111101111111111000""]",1,0.000244140625,False,False,,,,20.503511706146043,0.7316864772066464,{},{}
"[1, 1, 1, 1, 1, 0, 0, 0, 0, 0, 0, 0, 0, 0, 0, 1, 0, 1]",111110000000000101,"[""111110000000000101""]",1,0.000244140625,False,False,,,,9.588969167053406,0.3380998946042755,{},{}
"[1, 1, 1, 1, 1, 0, 0, 0, 0, 0, 0, 0, 0, 1, 1, 1, 1, 1]",111110000000011111,"[""111110000000011111""]",1,0.000244140625,False,False,,,,13.394869597500888,0.4753435160185035,{},{}
"[1, 1, 1, 1, 1, 0, 0, 0, 0, 0, 0, 0, 1, 1, 0, 1, 0, 0]",111110000000110100,"[""111110000000110100""]",1,0.000244140625,False,False,,,,8.844656910215354,0.31125943688388247,{},{}
"[1, 1, 1, 1, 1, 0, 0, 0, 0, 0, 0, 1, 1, 0, 1, 1, 0, 1]",111110000001101101,"[""111110000001101101""]",1,0.000244140625,False,False,,,,9.39254178865466,0.3310165761494159,{},{}
"[1, 1, 1, 1, 1, 0, 0, 0, 0, 0, 1, 0, 0, 0, 0, 0, 0, 0]",111110000010000000,"[""111110000010000000""]",1,0.000244140625,False,False,,,,8.2967651538896,0.2915020495966099,{},{}
"[1, 1, 1, 1, 1, 0, 0, 0, 0, 0, 1, 0, 1, 1, 0, 1, 1, 1]",111110000010110111,"[""111110000010110111""]",1,0.000244140625,False,False,,,,12.648535058050376,0.44843013327173914,{},{}
"[1, 1, 1, 1, 1, 0, 0, 0, 0, 1, 0, 0, 0, 0, 0, 1, 0, 1]",111110000100000101,"[""111110000100000101""]",1,0.000244140625,False,False,,,,8.840288291773568,0.31110190122931536,{},{}
"[1, 1, 1, 1, 1, 0, 0, 0, 0, 1, 0, 0, 1, 0, 0, 1, 0, 0]",111110000100100100,"[""111110000100100100""]",1,0.000244140625,False,False,,,,6.8848807934384535,0.240588441585156,{},{}
"[1, 1, 1, 1, 1, 0, 0, 0, 0, 1, 1, 1, 0, 1, 1, 1, 1, 1]",111110000111011111,"[""111110000111011111""]",1,0.000244140625,False,False,,,,17.184244121054945,0.6119912008467233,{},{}
"[1, 1, 1, 1, 1, 0, 0, 0, 1, 0, 0, 0, 0, 1, 1, 0, 1, 1]",111110001000011011,"[""111110001000011011""]",1,0.000244140625,False,False,,,,9.400403845853562,0.33130008782331855,{},{}
"[1, 1, 1, 1, 1, 0, 0, 0, 1, 0, 0, 1, 1, 0, 0, 1, 0, 1]",111110001001100101,"[""111110001001100101""]",1,0.000244140625,False,False,,,,7.363210481044536,0.25783736854914296,{},{}
"[1, 1, 1, 1, 1, 0, 0, 0, 1, 0, 1, 0, 1, 0, 1, 1, 0, 0]",111110001010101100,"[""111110001010101100""]",1,0.000244140625,False,False,,,,7.344578302189639,0.257165478217902,{},{}
"[1, 1, 1, 1, 1, 0, 0, 0, 1, 0, 1, 1, 1, 0, 0, 0, 1, 1]",111110001011100011,"[""111110001011100011""]",1,0.000244140625,False,False,,,,8.58512975457423,0.30190069317882606,{},{}
"[1, 1, 1, 1, 1, 0, 0, 0, 1, 1, 0, 0, 0, 0, 0, 0, 0, 1]",111110001100000001,"[""111110001100000001""]",1,0.000244140625,False,False,,,,6.813701695341412,0.23802166997082663,{},{}
"[1, 1, 1, 1, 1, 0, 0, 0, 1, 1, 0, 1, 0, 1, 1, 0, 1, 0]",111110001101011010,"[""111110001101011010""]",1,0.000244140625,False,False,,,,8.578569169964815,0.3016641135817385,{},{}
"[1, 1, 1, 1, 1, 0, 0, 0, 1, 1, 0, 1, 0, 1, 1, 1, 1, 1]",111110001101011111,"[""111110001101011111""]",1,0.000244140625,False,False,,,,13.18703884883016,0.46784898348669807,{},{}
"[1, 1, 1, 1, 1, 0, 0, 0, 1, 1, 1, 0, 0, 0, 0, 0, 0, 0]",111110001110000000,"[""111110001110000000""]",1,0.000244140625,False,False,,,,8.74191980674218,0.30755465994818926,{},{}
"[1, 1, 1, 1, 1, 0, 0, 0, 1, 1, 1, 0, 1, 0, 1, 1, 1, 1]",111110001110101111,"[""111110001110101111""]",1,0.000244140625,False,False,,,,13.20227841096746,0.468398533516898,{},{}
"[1, 1, 1, 1, 1, 0, 0, 0, 1, 1, 1, 1, 1, 0, 1, 0, 0, 1]",111110001111101001,"[""111110001111101001""]",1,0.000244140625,False,False,,,,11.843254217617224,0.41939110274104696,{},{}
"[1, 1, 1, 1, 1, 0, 0, 0, 1, 1, 1, 1, 1, 1, 0, 1, 0, 1]",111110001111110101,"[""111110001111110101""]",1,0.000244140625,False,False,,,,13.144240346321956,0.46630563741586006,{},{}
"[1, 1, 1, 1, 1, 0, 0, 1, 0, 0, 0, 0, 0, 1, 1, 1, 0, 0]",111110010000011100,"[""111110010000011100""]",1,0.000244140625,False,False,,,,8.154450471440196,0.2863700755061906,{},{}
"[1, 1, 1, 1, 1, 0, 0, 1, 0, 0, 1, 0, 1, 0, 0, 0, 1, 0]",111110010010100010,"[""111110010010100010""]",1,0.000244140625,False,False,,,,6.127109843044164,0.2132626532900624,{},{}
"[1, 1, 1, 1, 1, 0, 0, 1, 0, 0, 1, 1, 0, 1, 0, 1, 0, 1]",111110010011010101,"[""111110010011010101""]",1,0.000244140625,False,False,,,,8.623345092829053,0.30327876691236433,{},{}
"[1, 1, 1, 1, 1, 0, 0, 1, 0, 0, 1, 1, 1, 1, 0, 0, 1, 0]",111110010011110010,"[""111110010011110010""]",1,0.000244140625,False,False,,,,8.688973085182788,0.30564536149395527,{},{}
"[1, 1, 1, 1, 1, 0, 0, 1, 0, 1, 0, 0, 0, 0, 1, 1, 0, 1]",111110010100001101,"[""111110010100001101""]",1,0.000244140625,False,False,,,,7.37834253560537,0.25838304177557636,{},{}
"[1, 1, 1, 1, 1, 0, 0, 1, 0, 1, 0, 0, 0, 1, 1, 0, 1, 1]",111110010100011011,"[""111110010100011011""]",1,0.000244140625,False,False,,,,8.672261796502823,0.3050427399018115,{},{}
"[1, 1, 1, 1, 1, 0, 0, 1, 0, 1, 1, 0, 0, 1, 0, 0, 0, 0]",111110010110010000,"[""111110010110010000""]",1,0.000244140625,False,False,,,,8.087749116928329,0.2839647746808701,{},{}
"[1, 1, 1, 1, 1, 0, 0, 1, 0, 1, 1, 0, 0, 1, 1, 1, 0, 0]",111110010110011100,"[""111110010110011100""]",1,0.000244140625,False,False,,,,8.66239160458128,0.3046868133850459,{},{}
"[1, 1, 1, 1, 1, 0, 0, 1, 0, 1, 1, 1, 1, 0, 1, 0, 1, 0]",111110010111101010,"[""111110010111101010""]",1,0.000244140625,False,False,,,,11.919902642458245,0.4221551023761192,{},{}
"[1, 1, 1, 1, 1, 0, 0, 1, 0, 1, 1, 1, 1, 1, 0, 0, 0, 1]",111110010111110001,"[""111110010111110001""]",1,0.000244140625,False,False,,,,11.849747823892487,0.4196252670492159,{},{}
"[1, 1, 1, 1, 1, 0, 0, 1, 0, 1, 1, 1, 1, 1, 1, 1, 1, 1]",111110010111111111,"[""111110010111111111""]",1,0.000244140625,False,False,,,,19.861304116030322,0.7085279902788045,{},{}
"[1, 1, 1, 1, 1, 0, 0, 1, 1, 0, 0, 0, 1, 0, 1, 1, 1, 0]",111110011000101110,"[""111110011000101110""]",1,0.000244140625,False,False,,,,10.68258709384178,0.37753657652984796,{},{}
"[1, 1, 1, 1, 1, 0, 0, 1, 1, 0, 0, 0, 1, 1, 1, 0, 0, 1]",111110011000111001,"[""111110011000111001""]",1,0.000244140625,False,False,,,,12.679106518385499,0.449532563039672,{},{}
"[1, 1, 1, 1, 1, 0, 0, 1, 1, 0, 1, 0, 0, 0, 1, 1, 1, 1]",111110011010001111,"[""111110011010001111""]",1,0.000244140625,False,False,,,,11.971989638784482,0.42403339849422383,{},{}
"[1, 1, 1, 1, 1, 0, 0, 1, 1, 0, 1, 1, 0, 0, 0, 0, 1, 1]",111110011011000011,"[""111110011011000011""]",1,0.000244140625,False,False,,,,10.67685816010123,0.3773299868862763,{},{}
"[1, 1, 1, 1, 1, 0, 0, 1, 1, 0, 1, 1, 0, 0, 0, 1, 1, 0]",111110011011000110,"[""111110011011000110""]",1,0.000244140625,False,False,,,,10.636873172451354,0.3758880982694932,{},{}
"[1, 1, 1, 1, 1, 0, 0, 1, 1, 0, 1, 1, 1, 0, 0, 0, 0, 1]",111110011011100001,"[""111110011011100001""]",1,0.000244140625,False,False,,,,8.597940800846658,0.3023626691071681,{},{}
"[1, 1, 1, 1, 1, 0, 0, 1, 1, 0, 1, 1, 1, 1, 1, 1, 1, 1]",111110011011111111,"[""111110011011111111""]",1,0.000244140625,False,False,,,,17.869911780757594,0.6367168904499969,{},{}
"[1, 1, 1, 1, 1, 0, 0, 1, 1, 1, 0, 0, 0, 1, 1, 1, 0, 0]",111110011100011100,"[""111110011100011100""]",1,0.000244140625,False,False,,,,8.641785214803608,0.30394373152858534,{},{}
"[1, 1, 1, 1, 1, 0, 0, 1, 1, 1, 0, 1, 0, 0, 0, 1, 1, 0]",111110011101000110,"[""111110011101000110""]",1,0.000244140625,False,False,,,,10.598539070458264,0.37450574182655927,{},{}
"[1, 1, 1, 1, 1, 0, 0, 1, 1, 1, 0, 1, 1, 1, 1, 0, 0, 0]",111110011101111000,"[""111110011101111000""]",1,0.000244140625,False,False,,,,13.88939268728158,0.49317638919918094,{},{}
"[1, 1, 1, 1, 1, 0, 0, 1, 1, 1, 0, 1, 1, 1, 1, 0, 0, 1]",111110011101111001,"[""111110011101111001""]",1,0.000244140625,False,False,,,,13.185713323633031,0.4678011840548279,{},{}
"[1, 1, 1, 1, 1, 0, 0, 1, 1, 1, 1, 0, 0, 0, 1, 0, 0, 0]",111110011110001000,"[""111110011110001000""]",1,0.000244140625,False,False,,,,9.31885635010254,0.3283594240201891,{},{}
"[1, 1, 1, 1, 1, 0, 1, 0, 0, 0, 0, 1, 0, 0, 1, 1, 0, 1]",111110100001001101,"[""111110100001001101""]",1,0.000244140625,False,False,,,,7.398838983069691,0.2591221590298339,{},{}
"[1, 1, 1, 1, 1, 0, 1, 0, 0, 0, 0, 1, 1, 0, 1, 0, 0, 1]",111110100001101001,"[""111110100001101001""]",1,0.000244140625,False,False,,,,7.383261258677798,0.25856041461533674,{},{}
"[1, 1, 1, 1, 1, 0, 1, 0, 0, 0, 0, 1, 1, 0, 1, 1, 1, 1]",111110100001101111,"[""111110100001101111""]",1,0.000244140625,False,False,,,,11.987536306064126,0.42459402296598114,{},{}
"[1, 1, 1, 1, 1, 0, 1, 0, 0, 0, 1, 0, 1, 0, 0, 1, 0, 0]",111110100010100100,"[""111110100010100100""]",1,0.000244140625,False,False,,,,6.138397276697425,0.21366968660566182,{},{}
"[1, 1, 1, 1, 1, 0, 1, 0, 0, 0, 1, 1, 0, 1, 1, 1, 1, 0]",111110100011011110,"[""111110100011011110""]",1,0.000244140625,False,False,,,,9.943796331287379,0.3508952280307692,{},{}
"[1, 1, 1, 1, 1, 0, 1, 0, 0, 0, 1, 1, 0, 1, 1, 1, 1, 1]",111110100011011111,"[""111110100011011111""]",1,0.000244140625,False,False,,,,13.210659806921983,0.4687007729354868,{},{}
"[1, 1, 1, 1, 1, 0, 1, 0, 0, 0, 1, 1, 1, 0, 0, 0, 0, 0]",111110100011100000,"[""111110100011100000""]",1,0.000244140625,False,False,,,,8.054750536628857,0.28277482114829827,{},{}
"[1, 1, 1, 1, 1, 0, 1, 0, 0, 0, 1, 1, 1, 0, 1, 0, 1, 1]",111110100011101011,"[""111110100011101011""]",1,0.000244140625,False,False,,,,9.892195872771556,0.3490344768306876,{},{}
"[1, 1, 1, 1, 1, 0, 1, 0, 0, 1, 0, 0, 1, 0, 1, 1, 0, 0]",111110100100101100,"[""111110100100101100""]",1,0.000244140625,False,False,,,,7.528947209228459,0.2638139591596947,{},{}
"[1, 1, 1, 1, 1, 0, 1, 0, 0, 1, 1, 1, 0, 0, 0, 0, 1, 0]",111110100111000010,"[""111110100111000010""]",1,0.000244140625,False,False,,,,11.32046906444073,0.4005390783765793,{},{}
"[1, 1, 1, 1, 1, 0, 1, 0, 0, 1, 1, 1, 0, 0, 1, 0, 0, 1]",111110100111001001,"[""111110100111001001""]",1,0.000244140625,False,False,,,,10.578342845713172,0.37377745082852437,{},{}
"[1, 1, 1, 1, 1, 0, 1, 0, 1, 0, 0, 0, 0, 0, 0, 1, 1, 0]",111110101000000110,"[""111110101000000110""]",1,0.000244140625,False,False,,,,10.106211957937461,0.35675205723139486,{},{}
"[1, 1, 1, 1, 1, 0, 1, 0, 1, 0, 0, 0, 1, 0, 1, 1, 0, 1]",111110101000101101,"[""111110101000101101""]",1,0.000244140625,False,False,,,,10.749616963713791,0.3799537238652231,{},{}
"[1, 1, 1, 1, 1, 0, 1, 0, 1, 0, 1, 1, 1, 0, 0, 1, 0, 0]",111110101011100100,"[""111110101011100100""]",1,0.000244140625,False,False,,,,8.641921550977555,0.30394864791317927,{},{}
"[1, 1, 1, 1, 1, 0, 1, 0, 1, 1, 0, 0, 1, 0, 0, 0, 1, 0]",111110101100100010,"[""111110101100100010""]",1,0.000244140625,False,False,,,,7.388857227799781,0.25876220945512785,{},{}
"[1, 1, 1, 1, 1, 0, 1, 0, 1, 1, 1, 1, 1, 0, 1, 0, 1, 0]",111110101111101010,"[""111110101111101010""]",1,0.000244140625,False,False,,,,13.192602228326738,0.46804960312017657,{},{}
"[1, 1, 1, 1, 1, 0, 1, 0, 1, 1, 1, 1, 1, 1, 0, 0, 0, 0]",111110101111110000,"[""111110101111110000""]",1,0.000244140625,False,False,,,,13.86348145046887,0.49224201058353234,{},{}
"[1, 1, 1, 1, 1, 0, 1, 0, 1, 1, 1, 1, 1, 1, 1, 0, 0, 1]",111110101111111001,"[""111110101111111001""]",1,0.000244140625,False,False,,,,16.468239477092027,0.586171536858477,{},{}
"[1, 1, 1, 1, 1, 0, 1, 1, 0, 0, 0, 0, 0, 0, 0, 0, 0, 1]",111110110000000001,"[""111110110000000001""]",1,0.000244140625,False,False,,,,8.832568894677566,0.3108235339856234,{},{}
"[1, 1, 1, 1, 1, 0, 1, 1, 0, 0, 0, 1, 0, 0, 0, 1, 0, 1]",111110110001000101,"[""111110110001000101""]",1,0.000244140625,False,False,,,,9.358064875148235,0.3297733128136353,{},{}
"[1, 1, 1, 1, 1, 0, 1, 1, 0, 0, 0, 1, 0, 1, 1, 0, 0, 1]",111110110001011001,"[""111110110001011001""]",1,0.000244140625,False,False,,,,8.653979225798423,0.30438345670245087,{},{}
"[1, 1, 1, 1, 1, 0, 1, 1, 0, 0, 1, 0, 0, 1, 1, 0, 1, 1]",111110110010011011,"[""111110110010011011""]",1,0.000244140625,False,False,,,,9.99548522972972,0.35275916844087213,{},{}
"[1, 1, 1, 1, 1, 0, 1, 1, 0, 1, 0, 0, 0, 0, 1, 0, 1, 1]",111110110100001011,"[""111110110100001011""]",1,0.000244140625,False,False,,,,8.641666041847104,0.3039394340624734,{},{}
"[1, 1, 1, 1, 1, 0, 1, 1, 0, 1, 0, 0, 0, 1, 1, 0, 0, 0]",111110110100011000,"[""111110110100011000""]",1,0.000244140625,False,False,,,,9.38715039691866,0.33082215852346014,{},{}
"[1, 1, 1, 1, 1, 0, 1, 1, 0, 1, 0, 0, 1, 1, 1, 0, 0, 0]",111110110100111000,"[""111110110100111000""]",1,0.000244140625,False,False,,,,12.704050729702542,0.45043206999132135,{},{}
"[1, 1, 1, 1, 1, 0, 1, 1, 0, 1, 0, 0, 1, 1, 1, 1, 0, 0]",111110110100111100,"[""111110110100111100""]",1,0.000244140625,False,False,,,,12.076547148005643,0.4278038206252822,{},{}
"[1, 1, 1, 1, 1, 0, 1, 1, 0, 1, 0, 1, 0, 1, 1, 0, 0, 1]",111110110101011001,"[""111110110101011001""]",1,0.000244140625,False,False,,,,9.91864022234547,0.349988079891985,{},{}
"[1, 1, 1, 1, 1, 0, 1, 1, 0, 1, 0, 1, 1, 0, 0, 0, 0, 0]",111110110101100000,"[""111110110101100000""]",1,0.000244140625,False,False,,,,9.388200549138602,0.3308600277994265,{},{}
"[1, 1, 1, 1, 1, 0, 1, 1, 0, 1, 1, 0, 0, 1, 0, 0, 0, 1]",111110110110010001,"[""111110110110010001""]",1,0.000244140625,False,False,,,,8.632347403150137,0.3036033969682838,{},{}
"[1, 1, 1, 1, 1, 0, 1, 1, 0, 1, 1, 1, 0, 1, 1, 0, 1, 0]",111110110111011010,"[""111110110111011010""]",1,0.000244140625,False,False,,,,13.27370413311936,0.47097419857944944,{},{}
"[1, 1, 1, 1, 1, 0, 1, 1, 0, 1, 1, 1, 1, 0, 0, 0, 0, 0]",111110110111100000,"[""111110110111100000""]",1,0.000244140625,False,False,,,,12.638680044848696,0.44807475411098574,{},{}
"[1, 1, 1, 1, 1, 0, 1, 1, 0, 1, 1, 1, 1, 0, 0, 1, 0, 1]",111110110111100101,"[""111110110111100101""]",1,0.000244140625,False,False,,,,13.262244906101412,0.4705609702663887,{},{}
"[1, 1, 1, 1, 1, 0, 1, 1, 0, 1, 1, 1, 1, 0, 1, 0, 0, 0]",111110110111101000,"[""111110110111101000""]",1,0.000244140625,False,False,,,,13.948558588042738,0.4953099559156758,{},{}
"[1, 1, 1, 1, 1, 0, 1, 1, 1, 0, 0, 0, 1, 0, 1, 1, 0, 0]",111110111000101100,"[""111110111000101100""]",1,0.000244140625,False,False,,,,12.741798677625765,0.4517932892792704,{},{}
"[1, 1, 1, 1, 1, 0, 1, 1, 1, 0, 0, 1, 0, 0, 1, 0, 0, 1]",111110111001001001,"[""111110111001001001""]",1,0.000244140625,False,False,,,,10.66035441664476,0.3767348495304125,{},{}
"[1, 1, 1, 1, 1, 0, 1, 1, 1, 1, 0, 1, 0, 1, 1, 0, 0, 1]",111110111101011001,"[""111110111101011001""]",1,0.000244140625,False,False,,,,13.211408433038903,0.46872776895423424,{},{}
"[1, 1, 1, 1, 1, 0, 1, 1, 1, 1, 0, 1, 1, 1, 1, 1, 0, 0]",111110111101111100,"[""111110111101111100""]",1,0.000244140625,False,False,,,,16.61382321703927,0.5914213956118857,{},{}
"[1, 1, 1, 1, 1, 0, 1, 1, 1, 1, 1, 1, 0, 1, 1, 1, 0, 0]",111110111111011100,"[""111110111111011100""]",1,0.000244140625,False,False,,,,16.52932156423398,0.5883742026917278,{},{}
"[1, 1, 1, 1, 1, 1, 0, 0, 0, 0, 1, 1, 1, 1, 1, 0, 0, 0]",111111000011111000,"[""111111000011111000""]",1,0.000244140625,False,False,,,,16.590225248940172,0.590570435199462,{},{}
"[1, 1, 1, 1, 1, 1, 0, 0, 0, 1, 0, 0, 1, 1, 1, 1, 0, 1]",111111000100111101,"[""111111000100111101""]",1,0.000244140625,False,False,,,,16.01126923727427,0.5696928475871071,{},{}
"[1, 1, 1, 1, 1, 1, 0, 0, 0, 1, 0, 1, 0, 0, 0, 0, 1, 1]",111111000101000011,"[""111111000101000011""]",1,0.000244140625,False,False,,,,13.369551775065368,0.4744305363699622,{},{}
"[1, 1, 1, 1, 1, 1, 0, 0, 0, 1, 1, 1, 1, 0, 1, 0, 1, 0]",111111000111101010,"[""111111000111101010""]",1,0.000244140625,False,False,,,,15.863668914168835,0.5643702693339188,{},{}
"[1, 1, 1, 1, 1, 1, 0, 0, 1, 0, 0, 0, 0, 1, 0, 1, 0, 0]",111111001000010100,"[""111111001000010100""]",1,0.000244140625,False,False,,,,10.125724497137718,0.35745569401637384,{},{}
"[1, 1, 1, 1, 1, 1, 0, 0, 1, 0, 1, 0, 0, 1, 1, 0, 1, 0]",111111001010011010,"[""111111001010011010""]",1,0.000244140625,False,False,,,,10.69258951480311,0.37789727132487205,{},{}
"[1, 1, 1, 1, 1, 1, 0, 0, 1, 1, 0, 0, 0, 0, 0, 0, 0, 0]",111111001100000000,"[""111111001100000000""]",1,0.000244140625,False,False,,,,10.836032372824754,0.38306992827180714,{},{}
"[1, 1, 1, 1, 1, 1, 0, 0, 1, 1, 0, 0, 1, 0, 1, 1, 1, 1]",111111001100101111,"[""111111001100101111""]",1,0.000244140625,False,False,,,,15.34126526943039,0.5455320024496045,{},{}
"[1, 1, 1, 1, 1, 1, 0, 0, 1, 1, 0, 0, 1, 1, 0, 1, 0, 0]",111111001100110100,"[""111111001100110100""]",1,0.000244140625,False,False,,,,10.69138190500205,0.3778537240105422,{},{}
"[1, 1, 1, 1, 1, 1, 0, 0, 1, 1, 0, 1, 0, 1, 0, 0, 0, 0]",111111001101010000,"[""111111001101010000""]",1,0.000244140625,False,False,,,,11.312284743528858,0.4002439456317036,{},{}
"[1, 1, 1, 1, 1, 1, 0, 0, 1, 1, 1, 0, 1, 0, 0, 1, 0, 0]",111111001110100100,"[""111111001110100100""]",1,0.000244140625,False,False,,,,10.663365897207544,0.3768434457761127,{},{}
"[1, 1, 1, 1, 1, 1, 0, 0, 1, 1, 1, 1, 0, 1, 1, 1, 1, 1]",111111001111011111,"[""111111001111011111""]",1,0.000244140625,False,False,,,,19.858152024592336,0.70841432349958,{},{}
"[1, 1, 1, 1, 1, 1, 0, 1, 0, 0, 0, 0, 0, 1, 0, 0, 0, 0]",111111010000010000,"[""111111010000010000""]",1,0.000244140625,False,False,,,,10.884578547813494,0.38482053971922225,{},{}
"[1, 1, 1, 1, 1, 1, 0, 1, 0, 0, 0, 0, 0, 1, 1, 1, 0, 1]",111111010000011101,"[""111111010000011101""]",1,0.000244140625,False,False,,,,12.743539318485077,0.45185605809297935,{},{}
"[1, 1, 1, 1, 1, 1, 0, 1, 0, 0, 1, 1, 0, 0, 1, 0, 0, 1]",111111010011001001,"[""111111010011001001""]",1,0.000244140625,False,False,,,,10.6800029713017,0.3774433911346806,{},{}
"[1, 1, 1, 1, 1, 1, 0, 1, 0, 0, 1, 1, 1, 1, 0, 0, 0, 1]",111111010011110001,"[""111111010011110001""]",1,0.000244140625,False,False,,,,11.91921291766026,0.42213023038306935,{},{}
"[1, 1, 1, 1, 1, 1, 0, 1, 0, 1, 0, 0, 1, 0, 0, 1, 0, 0]",111111010100100100,"[""111111010100100100""]",1,0.000244140625,False,False,,,,9.418737431609966,0.3319612106636818,{},{}
"[1, 1, 1, 1, 1, 1, 0, 1, 1, 0, 0, 0, 1, 1, 1, 1, 0, 0]",111111011000111100,"[""111111011000111100""]",1,0.000244140625,False,False,,,,16.007129874962576,0.5695435790803807,{},{}
"[1, 1, 1, 1, 1, 1, 0, 1, 1, 0, 0, 1, 0, 0, 0, 0, 1, 1]",111111011001000011,"[""111111011001000011""]",1,0.000244140625,False,False,,,,12.753990746469283,0.45223294441770484,{},{}
"[1, 1, 1, 1, 1, 1, 0, 1, 1, 0, 0, 1, 0, 1, 0, 0, 0, 0]",111111011001010000,"[""111111011001010000""]",1,0.000244140625,False,False,,,,11.398190892549989,0.40334178573784224,{},{}
"[1, 1, 1, 1, 1, 1, 0, 1, 1, 0, 0, 1, 0, 1, 1, 0, 0, 0]",111111011001011000,"[""111111011001011000""]",1,0.000244140625,False,False,,,,12.708069435744031,0.45057698754253234,{},{}
"[1, 1, 1, 1, 1, 1, 0, 1, 1, 0, 0, 1, 0, 1, 1, 1, 1, 0]",111111011001011110,"[""111111011001011110""]",1,0.000244140625,False,False,,,,13.29486019019703,0.47173710185063256,{},{}
"[1, 1, 1, 1, 1, 1, 0, 1, 1, 0, 1, 1, 0, 0, 0, 0, 0, 0]",111111011011000000,"[""111111011011000000""]",1,0.000244140625,False,False,,,,13.37807240109798,0.47473779652949677,{},{}
"[1, 1, 1, 1, 1, 1, 0, 1, 1, 0, 1, 1, 0, 0, 1, 0, 0, 1]",111111011011001001,"[""111111011011001001""]",1,0.000244140625,False,False,,,,12.016611047204991,0.4256424799182258,{},{}
"[1, 1, 1, 1, 1, 1, 0, 1, 1, 0, 1, 1, 1, 0, 1, 1, 0, 0]",111111011011101100,"[""111111011011101100""]",1,0.000244140625,False,False,,,,13.234401547695436,0.46955691789828163,{},{}
"[1, 1, 1, 1, 1, 1, 0, 1, 1, 1, 0, 1, 0, 0, 1, 0, 0, 0]",111111011101001000,"[""111111011101001000""]",1,0.000244140625,False,False,,,,12.640874695832268,0.4481538948699809,{},{}
"[1, 1, 1, 1, 1, 1, 0, 1, 1, 1, 0, 1, 1, 1, 0, 0, 0, 0]",111111011101110000,"[""111111011101110000""]",1,0.000244140625,False,False,,,,13.891709094502167,0.493259920579319,{},{}
"[1, 1, 1, 1, 1, 1, 0, 1, 1, 1, 1, 1, 0, 0, 1, 0, 0, 1]",111111011111001001,"[""111111011111001001""]",1,0.000244140625,False,False,,,,15.245147996405162,0.5420659415603313,{},{}
"[1, 1, 1, 1, 1, 1, 0, 1, 1, 1, 1, 1, 0, 0, 1, 0, 1, 0]",111111011111001010,"[""111111011111001010""]",1,0.000244140625,False,False,,,,15.221809297293785,0.5412243305818838,{},{}
"[1, 1, 1, 1, 1, 1, 0, 1, 1, 1, 1, 1, 0, 1, 0, 1, 0, 1]",111111011111010101,"[""111111011111010101""]",1,0.000244140625,False,False,,,,16.558631366812612,0.589431136135558,{},{}
"[1, 1, 1, 1, 1, 1, 0, 1, 1, 1, 1, 1, 1, 1, 0, 1, 0, 1]",111111011111110101,"[""111111011111110101""]",1,0.000244140625,False,False,,,,17.871528497034443,0.6367751904504013,{},{}
"[1, 1, 1, 1, 1, 1, 1, 0, 0, 0, 0, 1, 1, 1, 1, 1, 1, 0]",111111100001111110,"[""111111100001111110""]",1,0.000244140625,False,False,,,,15.285051036220823,0.5435048750768062,{},{}
"[1, 1, 1, 1, 1, 1, 1, 0, 0, 0, 1, 1, 1, 0, 1, 0, 0, 1]",111111100011101001,"[""111111100011101001""]",1,0.000244140625,False,False,,,,11.90990688638828,0.4217946479220719,{},{}
"[1, 1, 1, 1, 1, 1, 1, 0, 0, 1, 0, 1, 0, 0, 0, 0, 1, 1]",111111100101000011,"[""111111100101000011""]",1,0.000244140625,False,False,,,,12.664522771259902,0.4490066621902189,{},{}
"[1, 1, 1, 1, 1, 1, 1, 0, 0, 1, 1, 0, 1, 0, 1, 0, 0, 1]",111111100110101001,"[""111111100110101001""]",1,0.000244140625,False,False,,,,11.93560601450779,0.4227213777393034,{},{}
"[1, 1, 1, 1, 1, 1, 1, 0, 0, 1, 1, 0, 1, 1, 0, 1, 1, 1]",111111100110110111,"[""111111100110110111""]",1,0.000244140625,False,False,,,,16.647994344726097,0.5926536320818758,{},{}
"[1, 1, 1, 1, 1, 1, 1, 0, 1, 0, 0, 1, 0, 1, 0, 1, 1, 0]",111111101001010110,"[""111111101001010110""]",1,0.000244140625,False,False,,,,11.941730526401852,0.422942232227511,{},{}
"[1, 1, 1, 1, 1, 1, 1, 0, 1, 0, 0, 1, 1, 0, 0, 1, 0, 1]",111111101001100101,"[""111111101001100101""]",1,0.000244140625,False,False,,,,12.072591736315594,0.42766118551581284,{},{}
"[1, 1, 1, 1, 1, 1, 1, 0, 1, 0, 1, 1, 0, 1, 1, 1, 0, 1]",111111101011011101,"[""111111101011011101""]",1,0.000244140625,False,False,,,,14.55382117323335,0.5171361782817534,{},{}
"[1, 1, 1, 1, 1, 1, 1, 0, 1, 1, 0, 0, 0, 0, 1, 1, 0, 1]",111111101100001101,"[""111111101100001101""]",1,0.000244140625,False,False,,,,12.08838676900059,0.4282307662301958,{},{}
"[1, 1, 1, 1, 1, 1, 1, 0, 1, 1, 0, 0, 1, 0, 1, 0, 1, 0]",111111101100101010,"[""111111101100101010""]",1,0.000244140625,False,False,,,,11.977899503116127,0.4242465126304879,{},{}
"[1, 1, 1, 1, 1, 1, 1, 0, 1, 1, 0, 0, 1, 0, 1, 1, 1, 1]",111111101100101111,"[""111111101100101111""]",1,0.000244140625,False,False,,,,16.719984758967023,0.5952496603643007,{},{}
"[1, 1, 1, 1, 1, 1, 1, 0, 1, 1, 0, 1, 0, 0, 1, 1, 0, 0]",111111101101001100,"[""111111101101001100""]",1,0.000244140625,False,False,,,,12.008557983194832,0.4253520803955812,{},{}
"[1, 1, 1, 1, 1, 1, 1, 0, 1, 1, 1, 1, 0, 0, 1, 0, 0, 0]",111111101111001000,"[""111111101111001000""]",1,0.000244140625,False,False,,,,15.891280004506434,0.5653659459414336,{},{}
"[1, 1, 1, 1, 1, 1, 1, 1, 0, 0, 0, 1, 1, 0, 0, 1, 0, 0]",111111110001100100,"[""111111110001100100""]",1,0.000244140625,False,False,,,,10.68864896788143,0.37775517225008876,{},{}
"[1, 1, 1, 1, 1, 1, 1, 1, 0, 0, 1, 0, 1, 0, 0, 0, 0, 1]",111111110010100001,"[""111111110010100001""]",1,0.000244140625,False,False,,,,10.663478394924821,0.37684750252809607,{},{}
"[1, 1, 1, 1, 1, 1, 1, 1, 1, 0, 0, 0, 0, 1, 0, 0, 0, 1]",111111111000010001,"[""111111111000010001""]",1,0.000244140625,False,False,,,,14.770618421956902,0.5249540495243711,{},{}
"[1, 1, 1, 1, 1, 1, 1, 1, 1, 0, 0, 0, 0, 1, 1, 0, 0, 1]",111111111000011001,"[""111111111000011001""]",1,0.000244140625,False,False,,,,16.048906899780953,0.571050089900295,{},{}
"[1, 1, 1, 1, 1, 1, 1, 1, 1, 0, 0, 1, 0, 0, 1, 1, 1, 0]",111111111001001110,"[""111111111001001110""]",1,0.000244140625,False,False,,,,15.274323681267314,0.543118038618806,{},{}
"[1, 1, 1, 1, 1, 1, 1, 1, 1, 0, 0, 1, 0, 1, 0, 1, 1, 1]",111111111001010111,"[""111111111001010111""]",1,0.000244140625,False,False,,,,18.63446702452149,0.6642873254477034,{},{}
"[1, 1, 1, 1, 1, 1, 1, 1, 1, 0, 1, 0, 0, 0, 0, 0, 1, 0]",111111111010000010,"[""111111111010000010""]",1,0.000244140625,False,False,,,,14.711366198708523,0.5228173699543026,{},{}
"[1, 1, 1, 1, 1, 1, 1, 1, 1, 0, 1, 0, 0, 1, 0, 0, 1, 0]",111111111010010010,"[""111111111010010010""]",1,0.000244140625,False,False,,,,14.043075462269607,0.49871830522504634,{},{}
"[1, 1, 1, 1, 1, 1, 1, 1, 1, 1, 0, 0, 0, 0, 1, 0, 0, 0]",111111111100001000,"[""111111111100001000""]",1,0.000244140625,False,False,,,,14.674822224540442,0.5214995668621429,{},{}
"[1, 1, 1, 1, 1, 1, 1, 1, 1, 1, 0, 1, 1, 0, 1, 0, 1, 0]",111111111101101010,"[""111111111101101010""]",1,0.000244140625,False,False,,,,16.56486646747213,0.5896559785375158,{},{}
"[1, 1, 1, 1, 1, 1, 1, 1, 1, 1, 1, 0, 0, 0, 0, 1, 0, 0]",111111111110000100,"[""111111111110000100""]",1,0.000244140625,False,False,,,,15.990271121789435,0.5689356398081127,{},{}
"[1, 1, 1, 1, 1, 1, 1, 1, 1, 1, 1, 0, 0, 1, 1, 1, 0, 0]",111111111110011100,"[""111111111110011100""]",1,0.000244140625,False,False,,,,16.578331317778748,0.5901415311292486,{},{}
"[1, 1, 1, 1, 1, 1, 1, 1, 1, 1, 1, 1, 1, 1, 0, 0, 1, 0]",111111111111110010,"[""111111111111110010""]",1,0.000244140625,False,False,,,,19.876350414552427,0.7090705710782214,{},{}
"[1, 1, 1, 1, 1, 1, 1, 1, 1, 1, 1, 1, 1, 1, 1, 0, 1, 1]",111111111111111011,"[""111111111111111011""]",1,0.000244140625,False,False,,,,24.55437664237192,0.8777637022595857,{},{}
