routes,canonical_bitstring,provider_bitstrings,counts,probability,one_hot,joint_feasible,assignment,weighted_cost,worst_case_regret,base_energy,transformed_energy,scenario_costs,scenario_regrets
"[0, 1, 0, 1, 0, 0, 1, 0, 0, 1, 0, 0, 0, 0, 0, 1, 0, 0]",010100100100000100,"[""1000001001001010""]",3,0.000732421875,False,False,,,,1.0999345838803736,0.03197894640902668,{},{}
"[0, 0, 0, 0, 0, 0, 1, 0, 0, 0, 0, 0, 0, 1, 0, 1, 0, 0]",000000100000010100,"[""1010000001000000""]",2,0.00048828125,False,False,,,,2.5790410917367668,0.08531663542778434,{},{}
"[0, 0, 0, 0, 1, 0, 0, 1, 0, 1, 0, 1, 1, 0, 0, 1, 0, 0]",000010010101100100,"[""1001101010010000""]",2,0.00048828125,False,False,,,,2.180147408218646,0.07093223029534342,{},{}
"[0, 0, 0, 0, 1, 1, 0, 0, 0, 0, 0, 0, 0, 0, 1, 0, 1, 1]",000011000000001011,"[""110100000000110000""]",2,0.00048828125,False,False,,,,5.20646546104378,0.18006352700458025,{},{}
"[0, 0, 0, 1, 0, 0, 0, 0, 1, 0, 0, 1, 0, 1, 1, 1, 1, 0]",000100001001011110,"[""11110100100001000""]",2,0.00048828125,False,False,,,,3.4353025884953503,0.11619406662713344,{},{}
"[0, 0, 0, 1, 0, 1, 0, 1, 0, 1, 1, 0, 0, 1, 1, 0, 0, 0]",000101010110011000,"[""110011010101000""]",2,0.00048828125,False,False,,,,5.43748272417453,0.1883941826222681,{},{}
"[0, 0, 0, 1, 0, 1, 0, 1, 0, 1, 1, 1, 1, 0, 1, 0, 1, 0]",000101010111101010,"[""10101111010101000""]",2,0.00048828125,False,False,,,,7.889853039679671,0.276828493844936,{},{}
"[0, 0, 1, 0, 0, 0, 0, 1, 1, 0, 1, 0, 1, 0, 0, 1, 0, 0]",001000011010100100,"[""1001010110000100""]",2,0.00048828125,False,False,,,,2.2594891430806103,0.07379335270796084,{},{}
"[0, 0, 1, 0, 0, 1, 0, 1, 1, 1, 0, 1, 1, 0, 1, 0, 1, 0]",001001011101101010,"[""10101101110100100""]",2,0.00048828125,False,False,,,,4.026289066927056,0.13750548188590636,{},{}
"[0, 0, 1, 0, 1, 0, 0, 0, 0, 0, 0, 0, 1, 0, 0, 1, 0, 0]",001010000000100100,"[""1001000000010100""]",2,0.00048828125,False,False,,,,1.8155368553781817,0.057784100544669544,{},{}
"[0, 0, 1, 0, 1, 0, 1, 0, 0, 0, 1, 0, 1, 1, 0, 0, 1, 1]",001010100010110011,"[""110011010001010100""]",2,0.00048828125,False,False,,,,2.7240023015156067,0.09054404527683717,{},{}
"[0, 0, 1, 0, 1, 1, 0, 1, 0, 0, 1, 0, 0, 1, 0, 0, 0, 0]",001011010010010000,"[""10010010110100""]",2,0.00048828125,False,False,,,,2.4188192104642567,0.07953891432932293,{},{}
"[0, 0, 1, 1, 0, 0, 0, 1, 1, 0, 1, 0, 1, 1, 0, 1, 0, 1]",001100011010110101,"[""101011010110001100""]",2,0.00048828125,False,False,,,,4.005946480176404,0.13677191296427688,{},{}
"[0, 0, 1, 1, 0, 1, 0, 0, 0, 0, 0, 0, 0, 1, 0, 0, 0, 0]",001101000000010000,"[""10000000101100""]",2,0.00048828125,False,False,,,,3.876399826483747,0.13210036355834964,{},{}
"[0, 0, 1, 1, 0, 1, 0, 0, 1, 1, 1, 0, 0, 1, 0, 1, 0, 0]",001101001110010100,"[""1010011100101100""]",2,0.00048828125,False,False,,,,2.749622685698961,0.09146793552872533,{},{}
"[0, 0, 1, 1, 0, 1, 1, 0, 0, 0, 1, 0, 0, 0, 1, 0, 1, 0]",001101100010001010,"[""10100010001101100""]",2,0.00048828125,False,False,,,,1.4940184705967798,0.04618990666465135,{},{}
"[0, 0, 1, 1, 0, 1, 1, 0, 1, 0, 0, 1, 0, 0, 0, 1, 0, 0]",001101101001000100,"[""1000100101101100""]",2,0.00048828125,False,False,,,,3.648730529916701,0.12389043812369567,{},{}
"[0, 0, 1, 1, 0, 1, 1, 1, 0, 0, 0, 0, 0, 1, 0, 1, 0, 1]",001101110000010101,"[""101010000011101100""]",2,0.00048828125,False,False,,,,4.827352636654187,0.16639243447479318,{},{}
"[0, 0, 1, 1, 1, 0, 0, 0, 0, 0, 1, 1, 0, 1, 0, 1, 0, 1]",001110000011010101,"[""101010110000011100""]",2,0.00048828125,False,False,,,,4.7302989000707365,0.162892604007886,{},{}
"[0, 0, 1, 1, 1, 1, 0, 1, 0, 1, 0, 0, 0, 1, 0, 0, 0, 0]",001111010100010000,"[""10001010111100""]",2,0.00048828125,False,False,,,,5.524270609413432,0.19152381879713481,{},{}
"[0, 0, 1, 1, 1, 1, 1, 0, 0, 1, 0, 1, 0, 1, 0, 1, 1, 0]",001111100101010110,"[""11010101001111100""]",2,0.00048828125,False,False,,,,7.293961019280786,0.25534018106693507,{},{}
"[0, 1, 0, 0, 0, 1, 1, 0, 0, 1, 0, 1, 0, 0, 1, 1, 0, 0]",010001100101001100,"[""1100101001100010""]",2,0.00048828125,False,False,,,,1.4842911700305597,0.045839132917232066,{},{}
"[0, 1, 0, 0, 0, 1, 1, 1, 0, 0, 0, 1, 0, 1, 0, 1, 1, 0]",010001110001010110,"[""11010100011100010""]",2,0.00048828125,False,False,,,,2.7620636390788063,0.09191656563003746,{},{}
"[0, 1, 0, 0, 1, 1, 0, 1, 0, 0, 0, 0, 0, 1, 0, 1, 0, 0]",010011010000010100,"[""1010000010110010""]",2,0.00048828125,False,False,,,,2.4137319775755666,0.07935546489931793,{},{}
"[0, 1, 0, 1, 0, 0, 0, 0, 0, 0, 0, 0, 0, 1, 0, 1, 0, 0]",010100000000010100,"[""1010000000001010""]",2,0.00048828125,False,False,,,,1.8152103818631493,0.05777232766507963,{},{}
"[0, 1, 0, 1, 0, 0, 0, 0, 1, 0, 0, 1, 0, 1, 0, 1, 1, 0]",010100001001010110,"[""11010100100001010""]",2,0.00048828125,False,False,,,,1.4543459211617509,0.044759284804016336,{},{}
"[0, 1, 0, 1, 0, 0, 0, 0, 1, 1, 0, 0, 0, 0, 1, 0, 1, 1]",010100001100001011,"[""110100001100001010""]",2,0.00048828125,False,False,,,,1.5052146186663022,0.04659364815369774,{},{}
"[0, 1, 0, 1, 0, 0, 0, 1, 0, 1, 0, 0, 1, 1, 0, 1, 1, 0]",010100010100110110,"[""11011001010001010""]",2,0.00048828125,False,False,,,,2.7727877458824306,0.09230328495731878,{},{}
"[0, 1, 0, 1, 0, 0, 0, 1, 0, 1, 1, 1, 1, 1, 1, 0, 1, 1]",010100010111111011,"[""110111111010001010""]",2,0.00048828125,False,False,,,,10.468816445337447,0.36982784675907115,{},{}
"[0, 1, 0, 1, 0, 0, 1, 1, 1, 1, 0, 1, 0, 1, 0, 0, 0, 1]",010100111101010001,"[""100010101111001010""]",2,0.00048828125,False,False,,,,5.997590701669555,0.20859209599893988,{},{}
"[0, 1, 0, 1, 1, 0, 0, 0, 1, 0, 0, 1, 1, 1, 0, 0, 0, 1]",010110001001110001,"[""100011100100011010""]",2,0.00048828125,False,False,,,,2.745469133126141,0.09131815531054942,{},{}
"[0, 1, 1, 0, 0, 0, 1, 1, 0, 1, 0, 0, 0, 0, 1, 1, 0, 0]",011000110100001100,"[""1100001011000110""]",2,0.00048828125,False,False,,,,3.531128211511203,0.11964961039852526,{},{}
"[0, 1, 1, 0, 0, 1, 0, 0, 0, 1, 0, 1, 0, 1, 1, 0, 1, 1]",011001000101011011,"[""110110101000100110""]",2,0.00048828125,False,False,,,,6.139530173716998,0.21371053972110637,{},{}
"[0, 1, 1, 0, 1, 0, 1, 0, 0, 0, 0, 0, 1, 1, 1, 1, 1, 0]",011010100000111110,"[""11111000001010110""]",2,0.00048828125,False,False,,,,8.048680918408628,0.2825559461671028,{},{}
"[0, 1, 1, 1, 1, 1, 1, 0, 1, 0, 1, 0, 0, 0, 0, 0, 0, 1]",011111101010000001,"[""100000010101111110""]",2,0.00048828125,False,False,,,,8.153488509678082,0.2863353864442177,{},{}
"[1, 0, 0, 0, 0, 0, 0, 0, 0, 0, 0, 0, 1, 0, 0, 1, 0, 0]",100000000000100100,"[""1001000000000001""]",2,0.00048828125,False,False,,,,2.658933594332924,0.08819761893760597,{},{}
"[1, 0, 0, 0, 0, 1, 1, 0, 1, 1, 1, 0, 0, 0, 1, 0, 1, 0]",100001101110001010,"[""10100011101100001""]",2,0.00048828125,False,False,,,,2.7287537025341306,0.0907153843579536,{},{}
"[1, 0, 0, 0, 1, 0, 0, 0, 0, 0, 1, 0, 1, 0, 1, 1, 1, 0]",100010000010101110,"[""11101010000010001""]",2,0.00048828125,False,False,,,,3.4579673301108063,0.1170113741932584,{},{}
"[1, 0, 0, 0, 1, 1, 0, 0, 1, 0, 0, 0, 1, 1, 1, 1, 0, 0]",100011001000111100,"[""1111000100110001""]",2,0.00048828125,False,False,,,,6.762047835817317,0.23615899309037153,{},{}
"[1, 0, 0, 0, 1, 1, 1, 1, 1, 0, 1, 1, 1, 1, 0, 0, 1, 0]",100011111011110010,"[""10011110111110001""]",2,0.00048828125,False,False,,,,8.592128999029145,0.30215309117864525,{},{}
"[1, 0, 0, 1, 0, 0, 0, 1, 0, 0, 1, 0, 0, 0, 1, 0, 0, 1]",100100010010001001,"[""100100010010001001""]",2,0.00048828125,True,False,"[0, 0, 1, 1, 2, 2]",0.23978958994897298,0.2344212470435202,0.23978958994897392,0.0009614733915876192,"{""degradation"": 0.25794473326562517, ""nominal"": 0.23167143413442817, ""surge"": 0.2297526024468656}","{""degradation"": 0.2344212470435202, ""nominal"": 0.08004811102640484, ""surge"": 0.09182026346776313}"
"[1, 0, 0, 1, 0, 0, 0, 1, 0, 0, 1, 0, 1, 0, 0, 1, 1, 0]",100100010010100110,"[""11001010010001001""]",2,0.00048828125,False,False,,,,1.5354568824143966,0.04768420684602399,{},{}
"[1, 0, 0, 1, 0, 0, 1, 0, 0, 1, 0, 0, 1, 1, 0, 1, 1, 0]",100100100100110110,"[""11011001001001001""]",2,0.00048828125,False,False,,,,2.9441243961754253,0.09848181295533816,{},{}
"[1, 0, 1, 0, 0, 0, 0, 1, 0, 1, 0, 0, 0, 0, 1, 1, 0, 0]",101000010100001100,"[""1100001010000101""]",2,0.00048828125,False,False,,,,2.3148083959527446,0.0757882064191517,{},{}
"[1, 0, 1, 0, 1, 0, 0, 1, 0, 1, 0, 1, 0, 0, 0, 0, 1, 0]",101010010101000010,"[""10000101010010101""]",2,0.00048828125,False,False,,,,3.5046199857192217,0.11869370391293971,{},{}
"[1, 0, 1, 1, 0, 0, 1, 0, 0, 0, 1, 0, 1, 0, 0, 0, 0, 0]",101100100010100000,"[""1010001001101""]",2,0.00048828125,False,False,,,,2.351902491367592,0.07712584729569454,{},{}
"[1, 1, 0, 0, 0, 0, 1, 0, 1, 1, 0, 1, 0, 1, 0, 1, 1, 1]",110000101101010111,"[""111010101101000011""]",2,0.00048828125,False,False,,,,9.256268980160282,0.3261024765611991,{},{}
"[1, 1, 0, 0, 0, 1, 0, 1, 0, 0, 0, 0, 0, 0, 0, 0, 0, 1]",110001010000000001,"[""100000000010100011""]",2,0.00048828125,False,False,,,,3.1601313074910937,0.10627118403880045,{},{}
"[1, 1, 0, 0, 0, 1, 1, 0, 0, 0, 0, 1, 0, 1, 1, 0, 0, 1]",110001100001011001,"[""100110100001100011""]",2,0.00048828125,False,False,,,,2.7713010472932487,0.09224967349215842,{},{}
"[1, 1, 0, 0, 1, 0, 0, 0, 0, 0, 0, 0, 1, 1, 0, 0, 0, 1]",110010000000110001,"[""100011000000010011""]",2,0.00048828125,False,False,,,,4.291520511014862,0.14706992650676992,{},{}
"[1, 1, 0, 1, 0, 0, 0, 0, 0, 1, 0, 0, 0, 0, 1, 0, 0, 0]",110100000100001000,"[""100001000001011""]",2,0.00048828125,False,False,,,,3.0373374349348583,0.10184314498074412,{},{}
"[1, 1, 0, 1, 0, 0, 1, 1, 0, 0, 0, 1, 0, 0, 1, 0, 1, 0]",110100110001001010,"[""10100100011001011""]",2,0.00048828125,False,False,,,,2.7550199052897133,0.0916625633114904,{},{}
"[1, 1, 0, 1, 1, 0, 0, 0, 0, 1, 1, 1, 0, 1, 0, 0, 0, 0]",110110000111010000,"[""10111000011011""]",2,0.00048828125,False,False,,,,8.70599495286391,0.30625918279760833,{},{}
"[0, 0, 0, 0, 0, 0, 0, 0, 0, 0, 0, 0, 0, 0, 1, 0, 1, 0]",000000000000001010,"[""10100000000000000""]",1,0.000244140625,False,False,,,,3.4587989838358735,0.11704136424977112,{},{}
"[0, 0, 0, 0, 0, 0, 0, 0, 0, 0, 0, 0, 0, 1, 0, 0, 0, 0]",000000000000010000,"[""10000000000000""]",1,0.000244140625,False,False,,,,4.2596701744941665,0.1459213795052794,{},{}
"[0, 0, 0, 0, 0, 0, 0, 0, 0, 0, 0, 0, 0, 1, 1, 1, 0, 0]",000000000000011100,"[""1110000000000000""]",1,0.000244140625,False,False,,,,4.591304836618348,0.15788037392675328,{},{}
"[0, 0, 0, 0, 0, 0, 0, 0, 0, 0, 0, 0, 1, 0, 1, 1, 0, 1]",000000000000101101,"[""101101000000000000""]",1,0.000244140625,False,False,,,,5.830109719228229,0.20255260627283642,{},{}
"[0, 0, 0, 0, 0, 0, 0, 0, 0, 0, 0, 1, 0, 1, 0, 0, 1, 1]",000000000001010011,"[""110010100000000000""]",1,0.000244140625,False,False,,,,3.8735639103785977,0.13199809829854833,{},{}
"[0, 0, 0, 0, 0, 0, 0, 0, 0, 0, 0, 1, 1, 0, 0, 1, 0, 1]",000000000001100101,"[""101001100000000000""]",1,0.000244140625,False,False,,,,3.8143146865432347,0.12986152688956082,{},{}
"[0, 0, 0, 0, 0, 0, 0, 0, 0, 0, 1, 0, 1, 0, 0, 0, 0, 0]",000000000010100000,"[""1010000000000""]",1,0.000244140625,False,False,,,,3.3814866577859157,0.1142534238396206,{},{}
"[0, 0, 0, 0, 0, 0, 0, 0, 0, 0, 1, 1, 0, 0, 1, 1, 0, 0]",000000000011001100,"[""1100110000000000""]",1,0.000244140625,False,False,,,,3.7998991708215413,0.12934169259059405,{},{}
"[0, 0, 0, 0, 0, 0, 0, 0, 0, 1, 0, 0, 1, 0, 0, 1, 0, 1]",000000000100100101,"[""101001001000000000""]",1,0.000244140625,False,False,,,,3.8391636232564292,0.13075759816760285,{},{}
"[0, 0, 0, 0, 0, 0, 0, 0, 0, 1, 0, 0, 1, 0, 1, 0, 0, 0]",000000000100101000,"[""101001000000000""]",1,0.000244140625,False,False,,,,4.574243374073895,0.1572651248026587,{},{}
"[0, 0, 0, 0, 0, 0, 0, 0, 0, 1, 0, 1, 1, 0, 1, 0, 0, 1]",000000000101101001,"[""100101101000000000""]",1,0.000244140625,False,False,,,,5.013787659774693,0.17311542111070347,{},{}
"[0, 0, 0, 0, 0, 0, 0, 0, 0, 1, 0, 1, 1, 1, 0, 0, 0, 0]",000000000101110000,"[""11101000000000""]",1,0.000244140625,False,False,,,,5.720325771038194,0.19859371483620972,{},{}
"[0, 0, 0, 0, 0, 0, 0, 0, 0, 1, 0, 1, 1, 1, 0, 1, 0, 1]",000000000101110101,"[""101011101000000000""]",1,0.000244140625,False,False,,,,6.178045321738928,0.21509942481950428,{},{}
"[0, 0, 0, 0, 0, 0, 0, 0, 1, 0, 0, 0, 0, 0, 0, 1, 0, 0]",000000001000000100,"[""1000000100000000""]",1,0.000244140625,False,False,,,,3.4733354758249124,0.11756556104359002,{},{}
"[0, 0, 0, 0, 0, 0, 0, 0, 1, 0, 0, 0, 0, 1, 1, 0, 0, 1]",000000001000011001,"[""100110000100000000""]",1,0.000244140625,False,False,,,,3.9258914095733792,0.1338850671303098,{},{}
"[0, 0, 0, 0, 0, 0, 0, 0, 1, 0, 0, 0, 1, 0, 1, 0, 1, 0]",000000001000101010,"[""10101000100000000""]",1,0.000244140625,False,False,,,,3.818763990424019,0.13002197212151853,{},{}
"[0, 0, 0, 0, 0, 0, 0, 0, 1, 0, 0, 1, 1, 1, 0, 1, 0, 1]",000000001001110101,"[""101011100100000000""]",1,0.000244140625,False,False,,,,4.2359002838632716,0.14506421943753148,{},{}
"[0, 0, 0, 0, 0, 0, 0, 0, 1, 0, 1, 0, 0, 0, 0, 1, 0, 1]",000000001010000101,"[""101000010100000000""]",1,0.000244140625,False,False,,,,3.889163654268495,0.13256063675264348,{},{}
"[0, 0, 0, 0, 0, 0, 0, 0, 1, 0, 1, 0, 1, 0, 0, 0, 1, 0]",000000001010100010,"[""10001010100000000""]",1,0.000244140625,False,False,,,,1.8191183332157748,0.05791325131921786,{},{}
"[0, 0, 0, 0, 0, 0, 0, 0, 1, 0, 1, 0, 1, 0, 0, 0, 1, 1]",000000001010100011,"[""110001010100000000""]",1,0.000244140625,False,False,,,,3.0795254454302228,0.10336447625213643,{},{}
"[0, 0, 0, 0, 0, 0, 0, 0, 1, 0, 1, 0, 1, 1, 1, 0, 1, 1]",000000001010111011,"[""110111010100000000""]",1,0.000244140625,False,False,,,,7.478077267389367,0.2619795509383773,{},{}
"[0, 0, 0, 0, 0, 0, 0, 0, 1, 0, 1, 1, 1, 0, 1, 0, 0, 1]",000000001011101001,"[""100101110100000000""]",1,0.000244140625,False,False,,,,4.2749795655979925,0.14647344762033745,{},{}
"[0, 0, 0, 0, 0, 0, 0, 0, 1, 0, 1, 1, 1, 1, 1, 1, 0, 0]",000000001011111100,"[""1111110100000000""]",1,0.000244140625,False,False,,,,7.385138666504469,0.2586281153483729,{},{}
"[0, 0, 0, 0, 0, 0, 0, 0, 1, 1, 0, 0, 0, 0, 1, 1, 0, 0]",000000001100001100,"[""1100001100000000""]",1,0.000244140625,False,False,,,,1.820072105419689,0.05794764505958537,{},{}
"[0, 0, 0, 0, 0, 0, 0, 0, 1, 1, 0, 0, 1, 1, 0, 1, 0, 1]",000000001100110101,"[""101011001100000000""]",1,0.000244140625,False,False,,,,4.260749220576465,0.14596029071557345,{},{}
"[0, 0, 0, 0, 0, 0, 0, 0, 1, 1, 0, 1, 1, 0, 0, 1, 1, 0]",000000001101100110,"[""11001101100000000""]",1,0.000244140625,False,False,,,,4.199470917703726,0.14375054919603933,{},{}
"[0, 0, 0, 0, 0, 0, 0, 0, 1, 1, 1, 0, 0, 1, 0, 1, 1, 0]",000000001110010110,"[""11010011100000000""]",1,0.000244140625,False,False,,,,4.186488389782695,0.14328238951095157,{},{}
"[0, 0, 0, 0, 0, 0, 0, 0, 1, 1, 1, 0, 1, 0, 1, 0, 0, 1]",000000001110101001,"[""100101011100000000""]",1,0.000244140625,False,False,,,,4.220322559471376,0.14450247502303423,{},{}
"[0, 0, 0, 0, 0, 0, 0, 1, 0, 0, 0, 0, 0, 1, 0, 1, 0, 1]",000000010000010101,"[""101010000010000000""]",1,0.000244140625,False,False,,,,3.837608768929629,0.13070152895547252,{},{}
"[0, 0, 0, 0, 0, 0, 0, 1, 0, 0, 0, 0, 0, 1, 1, 0, 1, 0]",000000010000011010,"[""10110000010000000""]",1,0.000244140625,False,False,,,,3.886046658435581,0.13244823554723625,{},{}
"[0, 0, 0, 0, 0, 0, 0, 1, 0, 0, 0, 1, 0, 0, 0, 0, 0, 0]",000000010001000000,"[""100010000000""]",1,0.000244140625,False,False,,,,3.4634659114722384,0.11720965715742805,{},{}
"[0, 0, 0, 0, 0, 0, 0, 1, 0, 0, 0, 1, 0, 1, 1, 1, 0, 1]",000000010001011101,"[""101110100010000000""]",1,0.000244140625,False,False,,,,4.248341073915858,0.14551284364914027,{},{}
"[0, 0, 0, 0, 0, 0, 0, 1, 0, 0, 0, 1, 1, 0, 0, 0, 1, 1]",000000010001100011,"[""110001100010000000""]",1,0.000244140625,False,False,,,,3.0103800316922684,0.1008710408197055,{},{}
"[0, 0, 0, 0, 0, 0, 0, 1, 0, 0, 1, 0, 0, 0, 0, 0, 0, 0]",000000010010000000,"[""10010000000""]",1,0.000244140625,False,False,,,,3.4678234568260438,0.1173667935081451,{},{}
"[0, 0, 0, 0, 0, 0, 0, 1, 0, 0, 1, 0, 1, 0, 1, 0, 1, 0]",000000010010101010,"[""10101010010000000""]",1,0.000244140625,False,False,,,,3.0078631417273303,0.10078027988157748,{},{}
"[0, 0, 0, 0, 0, 0, 0, 1, 0, 1, 0, 0, 0, 0, 0, 1, 0, 0]",000000010100000100,"[""1000001010000000""]",1,0.000244140625,False,False,,,,2.58713184766409,0.08560839414920574,{},{}
"[0, 0, 0, 0, 0, 0, 0, 1, 0, 1, 0, 1, 0, 0, 0, 1, 1, 0]",000000010101000110,"[""11000101010000000""]",1,0.000244140625,False,False,,,,4.974078834612967,0.1716834911201811,{},{}
"[0, 0, 0, 0, 0, 0, 0, 1, 0, 1, 0, 1, 1, 0, 0, 1, 0, 1]",000000010101100101,"[""101001101010000000""]",1,0.000244140625,False,False,,,,4.1969392735412985,0.14365925621049402,{},{}
"[0, 0, 0, 0, 0, 0, 0, 1, 0, 1, 1, 1, 1, 1, 1, 1, 0, 0]",000000010111111100,"[""1111111010000000""]",1,0.000244140625,False,False,,,,10.600173564651557,0.3745646829119522,{},{}
"[0, 0, 0, 0, 0, 0, 0, 1, 1, 0, 0, 0, 0, 1, 0, 0, 0, 1]",000000011000010001,"[""100010000110000000""]",1,0.000244140625,False,False,,,,3.960643305377897,0.13513824653381332,{},{}
"[0, 0, 0, 0, 0, 0, 0, 1, 1, 0, 0, 1, 0, 0, 0, 1, 0, 1]",000000011001000101,"[""101000100110000000""]",1,0.000244140625,False,False,,,,5.095121120630073,0.1760483666551123,{},{}
"[0, 0, 0, 0, 0, 0, 0, 1, 1, 0, 0, 1, 0, 0, 1, 0, 1, 1]",000000011001001011,"[""110100100110000000""]",1,0.000244140625,False,False,,,,4.376263965265295,0.15012583896822992,{},{}
"[0, 0, 0, 0, 0, 0, 0, 1, 1, 0, 1, 0, 1, 1, 0, 1, 1, 0]",000000011010110110,"[""11011010110000000""]",1,0.000244140625,False,False,,,,5.476700905208335,0.18980841961788106,{},{}
"[0, 0, 0, 0, 0, 0, 0, 1, 1, 1, 0, 1, 1, 1, 0, 1, 1, 0]",000000011101110110,"[""11011101110000000""]",1,0.000244140625,False,False,,,,6.6209828053444415,0.23107208238663313,{},{}
"[0, 0, 0, 0, 0, 0, 0, 1, 1, 1, 1, 0, 0, 1, 1, 1, 0, 0]",000000011110011100,"[""1110011110000000""]",1,0.000244140625,False,False,,,,5.415682397819211,0.1876080465181598,{},{}
"[0, 0, 0, 0, 0, 0, 0, 1, 1, 1, 1, 1, 0, 0, 0, 1, 1, 0]",000000011111000110,"[""11000111110000000""]",1,0.000244140625,False,False,,,,9.434924632483037,0.33254493325679196,{},{}
"[0, 0, 0, 0, 0, 0, 1, 0, 0, 0, 0, 1, 0, 0, 0, 0, 0, 0]",000000100001000000,"[""100001000000""]",1,0.000244140625,False,False,,,,3.4443422249176474,0.11652004269023244,{},{}
"[0, 0, 0, 0, 0, 0, 1, 0, 0, 0, 1, 0, 0, 0, 0, 1, 0, 0]",000000100010000100,"[""1000010001000000""]",1,0.000244140625,False,False,,,,2.5790410917367668,0.08531663542778434,{},{}
"[0, 0, 0, 0, 0, 0, 1, 0, 0, 0, 1, 0, 0, 1, 0, 0, 1, 0]",000000100010010010,"[""10010010001000000""]",1,0.000244140625,False,False,,,,1.7999786870934806,0.05722306133805181,{},{}
"[0, 0, 0, 0, 0, 0, 1, 0, 0, 0, 1, 0, 0, 1, 1, 1, 1, 0]",000000100010011110,"[""11110010001000000""]",1,0.000244140625,False,False,,,,4.167737396564539,0.14260621464473977,{},{}
"[0, 0, 0, 0, 0, 0, 1, 0, 0, 0, 1, 0, 1, 0, 0, 0, 0, 0]",000000100010100000,"[""1010001000000""]",1,0.000244140625,False,False,,,,2.571360883687369,0.0850396813704786,{},{}
"[0, 0, 0, 0, 0, 0, 1, 0, 0, 0, 1, 1, 0, 1, 0, 0, 0, 0]",000000100011010000,"[""10110001000000""]",1,0.000244140625,False,False,,,,3.7663420805845695,0.12813159877116523,{},{}
"[0, 0, 0, 0, 0, 0, 1, 0, 0, 0, 1, 1, 1, 0, 0, 0, 1, 0]",000000100011100010,"[""10001110001000000""]",1,0.000244140625,False,False,,,,2.9715408536815286,0.09947047095710426,{},{}
"[0, 0, 0, 0, 0, 0, 1, 0, 0, 0, 1, 1, 1, 1, 0, 1, 0, 0]",000000100011110100,"[""1011110001000000""]",1,0.000244140625,False,False,,,,4.148599049568216,0.1419160715110297,{},{}
"[0, 0, 0, 0, 0, 0, 1, 0, 0, 1, 0, 1, 0, 1, 0, 0, 1, 0]",000000100101010010,"[""10010101001000000""]",1,0.000244140625,False,False,,,,2.9715408536815286,0.09947047095710426,{},{}
"[0, 0, 0, 0, 0, 0, 1, 0, 0, 1, 1, 1, 1, 0, 1, 1, 0, 0]",000000100111101100,"[""1101111001000000""]",1,0.000244140625,False,False,,,,7.452284396254391,0.26104944067776326,{},{}
"[0, 0, 0, 0, 0, 0, 1, 0, 1, 0, 0, 1, 0, 0, 1, 0, 0, 0]",000000101001001000,"[""100100101000000""]",1,0.000244140625,False,False,,,,3.885349295458247,0.1324230881157155,{},{}
"[0, 0, 0, 0, 0, 0, 1, 0, 1, 0, 0, 1, 0, 1, 0, 1, 0, 0]",000000101001010100,"[""1010100101000000""]",1,0.000244140625,False,False,,,,2.9977967661722125,0.10041727883597797,{},{}
"[0, 0, 0, 0, 0, 0, 1, 0, 1, 0, 0, 1, 0, 1, 1, 0, 1, 1]",000000101001011011,"[""110110100101000000""]",1,0.000244140625,False,False,,,,5.513573352875611,0.19113806771055816,{},{}
"[0, 0, 0, 0, 0, 0, 1, 0, 1, 0, 0, 1, 1, 1, 0, 1, 1, 0]",000000101001110110,"[""11011100101000000""]",1,0.000244140625,False,False,,,,5.420372512021457,0.1877771755507569,{},{}
"[0, 0, 0, 0, 0, 0, 1, 0, 1, 0, 1, 1, 0, 0, 0, 1, 1, 0]",000000101011000110,"[""11000110101000000""]",1,0.000244140625,False,False,,,,6.2209724673331666,0.2166474098564214,{},{}
"[0, 0, 0, 0, 0, 0, 1, 0, 1, 1, 0, 0, 0, 0, 0, 1, 1, 0]",000000101100000110,"[""11000001101000000""]",1,0.000244140625,False,False,,,,5.0408759296134615,0.17409224441926313,{},{}
"[0, 0, 0, 0, 0, 0, 1, 0, 1, 1, 0, 0, 0, 1, 0, 1, 0, 0]",000000101100010100,"[""1010001101000000""]",1,0.000244140625,False,False,,,,3.018751389104959,0.10117291824095356,{},{}
"[0, 0, 0, 0, 0, 0, 1, 0, 1, 1, 1, 0, 1, 0, 0, 1, 0, 1]",000000101110100101,"[""101001011101000000""]",1,0.000244140625,False,False,,,,5.5451517620071895,0.19227680880663264,{},{}
"[0, 0, 0, 0, 0, 0, 1, 1, 0, 0, 0, 0, 0, 0, 1, 1, 0, 1]",000000110000001101,"[""101100000011000000""]",1,0.000244140625,False,False,,,,5.023125449477278,0.17345214880450616,{},{}
"[0, 0, 0, 0, 0, 0, 1, 1, 0, 0, 0, 1, 0, 0, 0, 0, 1, 0]",000000110001000010,"[""10000100011000000""]",1,0.000244140625,False,False,,,,3.819261291799988,0.13003990518178105,{},{}
"[0, 0, 0, 0, 0, 0, 1, 1, 0, 0, 0, 1, 1, 1, 0, 0, 1, 0]",000000110001110010,"[""10011100011000000""]",1,0.000244140625,False,False,,,,4.1977373676287835,0.14368803608132813,{},{}
"[0, 0, 0, 0, 0, 0, 1, 1, 0, 0, 1, 0, 1, 0, 0, 1, 0, 0]",000000110010100100,"[""1001010011000000""]",1,0.000244140625,False,False,,,,2.9944919350994303,0.10029810415106968,{},{}
"[0, 0, 0, 0, 0, 0, 1, 1, 0, 0, 1, 0, 1, 0, 1, 1, 0, 1]",000000110010101101,"[""101101010011000000""]",1,0.000244140625,False,False,,,,5.419682341037571,0.18775228746790912,{},{}
"[0, 0, 0, 0, 0, 0, 1, 1, 0, 1, 0, 0, 0, 0, 1, 0, 1, 1]",000000110100001011,"[""110100001011000000""]",1,0.000244140625,False,False,,,,4.209592926858558,0.14411555643093268,{},{}
"[0, 0, 0, 0, 0, 0, 1, 1, 0, 1, 1, 0, 1, 0, 0, 0, 0, 1]",000000110110100001,"[""100001011011000000""]",1,0.000244140625,False,False,,,,4.201966645862642,0.14384054702358492,{},{}
"[0, 0, 0, 0, 0, 0, 1, 1, 0, 1, 1, 0, 1, 0, 0, 1, 1, 1]",000000110110100111,"[""111001011011000000""]",1,0.000244140625,False,False,,,,8.696740555924146,0.30592546230932205,{},{}
"[0, 0, 0, 0, 0, 0, 1, 1, 0, 1, 1, 0, 1, 0, 1, 0, 1, 1]",000000110110101011,"[""110101011011000000""]",1,0.000244140625,False,False,,,,6.628087363814678,0.23132827808876025,{},{}
"[0, 0, 0, 0, 0, 0, 1, 1, 0, 1, 1, 1, 0, 0, 0, 1, 0, 1]",000000110111000101,"[""101000111011000000""]",1,0.000244140625,False,False,,,,9.42757985738007,0.332280075162886,{},{}
"[0, 0, 0, 0, 0, 0, 1, 1, 1, 0, 1, 1, 1, 0, 0, 1, 0, 0]",000000111011100100,"[""1001110111000000""]",1,0.000244140625,False,False,,,,7.451322863055386,0.2610147670700972,{},{}
"[0, 0, 0, 0, 0, 0, 1, 1, 1, 1, 1, 0, 0, 0, 1, 0, 0, 0]",000000111110001000,"[""100011111000000""]",1,0.000244140625,False,False,,,,8.219108908367868,0.2887017071925965,{},{}
"[0, 0, 0, 0, 0, 0, 1, 1, 1, 1, 1, 1, 1, 0, 1, 0, 1, 0]",000000111111101010,"[""10101111111000000""]",1,0.000244140625,False,False,,,,11.901353438328012,0.42148620417562543,{},{}
"[0, 0, 0, 0, 0, 1, 0, 0, 0, 0, 0, 0, 0, 1, 0, 1, 1, 0]",000001000000010110,"[""11010000000100000""]",1,0.000244140625,False,False,,,,3.8454758797948427,0.13098522286836928,{},{}
"[0, 0, 0, 0, 0, 1, 0, 0, 0, 0, 0, 1, 0, 0, 0, 1, 1, 0]",000001000001000110,"[""11000100000100000""]",1,0.000244140625,False,False,,,,3.845121537003087,0.1309724450017773,{},{}
"[0, 0, 0, 0, 0, 1, 0, 0, 0, 0, 0, 1, 0, 0, 1, 1, 0, 1]",000001000001001101,"[""101100100000100000""]",1,0.000244140625,False,False,,,,3.1552547152127612,0.10609533046704521,{},{}
"[0, 0, 0, 0, 0, 1, 0, 0, 0, 0, 0, 1, 1, 0, 0, 0, 1, 0]",000001000001100010,"[""10001100000100000""]",1,0.000244140625,False,False,,,,1.8187639904240187,0.05790047345262588,{},{}
"[0, 0, 0, 0, 0, 1, 0, 0, 0, 0, 1, 0, 0, 1, 0, 0, 0, 0]",000001000010010000,"[""10010000100000""]",1,0.000244140625,False,False,,,,2.6579411238081905,0.08816182970679172,{},{}
"[0, 0, 0, 0, 0, 1, 0, 0, 0, 0, 1, 0, 1, 1, 0, 1, 0, 0]",000001000010110100,"[""1011010000100000""]",1,0.000244140625,False,False,,,,2.9679499980980824,0.0993409820140134,{},{}
"[0, 0, 0, 0, 0, 1, 0, 0, 0, 0, 1, 1, 0, 1, 0, 0, 1, 1]",000001000011010011,"[""110010110000100000""]",1,0.000244140625,False,False,,,,4.374938122627288,0.15007802808920384,{},{}
"[0, 0, 0, 0, 0, 1, 0, 0, 0, 0, 1, 1, 0, 1, 1, 1, 0, 0]",000001000011011100,"[""1110110000100000""]",1,0.000244140625,False,False,,,,4.215406305742898,0.14432519122966705,{},{}
"[0, 0, 0, 0, 0, 1, 0, 0, 0, 0, 1, 1, 1, 0, 0, 1, 0, 0]",000001000011100100,"[""1001110000100000""]",1,0.000244140625,False,False,,,,2.9754931716488233,0.09961299450461289,{},{}
"[0, 0, 0, 0, 0, 1, 0, 0, 0, 1, 0, 0, 0, 0, 0, 0, 1, 0]",000001000100000010,"[""10000001000100000""]",1,0.000244140625,False,False,,,,2.6432008745131523,0.08763028527183611,{},{}
"[0, 0, 0, 0, 0, 1, 0, 0, 0, 1, 0, 0, 0, 0, 1, 0, 1, 0]",000001000100001010,"[""10100001000100000""]",1,0.000244140625,False,False,,,,1.8202051433463566,0.05795244250691091,{},{}
"[0, 0, 0, 0, 0, 1, 0, 0, 0, 1, 0, 0, 1, 1, 0, 1, 1, 0]",000001000100110110,"[""11011001000100000""]",1,0.000244140625,False,False,,,,4.210605082682655,0.14415205552839286,{},{}
"[0, 0, 0, 0, 0, 1, 0, 0, 0, 1, 0, 1, 1, 1, 0, 1, 0, 0]",000001000101110100,"[""1011101000100000""]",1,0.000244140625,False,False,,,,4.188126199382396,0.14334145015238398,{},{}
"[0, 0, 0, 0, 0, 1, 0, 0, 0, 1, 1, 0, 1, 0, 1, 1, 0, 0]",000001000110101100,"[""1101011000100000""]",1,0.000244140625,False,False,,,,4.186685046460058,0.14328948109809891,{},{}
"[0, 0, 0, 0, 0, 1, 0, 0, 0, 1, 1, 0, 1, 1, 0, 1, 1, 0]",000001000110110110,"[""11011011000100000""]",1,0.000244140625,False,False,,,,5.408460086781103,0.18734760457019917,{},{}
"[0, 0, 0, 0, 0, 1, 0, 0, 1, 0, 0, 0, 0, 0, 0, 0, 0, 0]",000001001000000000,"[""100100000""]",1,0.000244140625,False,False,,,,3.6014140475013625,0.12218417031192842,{},{}
"[0, 0, 0, 0, 0, 1, 0, 0, 1, 0, 0, 0, 0, 0, 0, 0, 0, 1]",000001001000000001,"[""100000000100100000""]",1,0.000244140625,False,False,,,,2.909955658962324,0.09724966268762193,{},{}
"[0, 0, 0, 0, 0, 1, 0, 0, 1, 0, 0, 0, 0, 0, 1, 0, 0, 1]",000001001000001001,"[""100100000100100000""]",1,0.000244140625,False,False,,,,2.086959927795528,0.06757181992269674,{},{}
"[0, 0, 0, 0, 0, 1, 0, 0, 1, 0, 0, 0, 0, 1, 0, 0, 1, 1]",000001001000010011,"[""110010000100100000""]",1,0.000244140625,False,False,,,,3.2885524263524126,0.11090214581530762,{},{}
"[0, 0, 0, 0, 0, 1, 0, 0, 1, 0, 0, 0, 1, 0, 0, 0, 1, 0]",000001001000100010,"[""10001000100100000""]",1,0.000244140625,False,False,,,,1.9101148067955838,0.06119465234329792,{},{}
"[0, 0, 0, 0, 0, 1, 0, 0, 1, 0, 0, 0, 1, 1, 0, 0, 1, 0]",000001001000110010,"[""10011000100100000""]",1,0.000244140625,False,False,,,,3.095370934763042,0.10393587647104886,{},{}
"[0, 0, 0, 0, 0, 1, 0, 0, 1, 0, 0, 1, 0, 0, 0, 1, 0, 0]",000001001001000100,"[""1000100100100000""]",1,0.000244140625,False,False,,,,1.9265923462053838,0.06178884476160318,{},{}
"[0, 0, 0, 0, 0, 1, 0, 0, 1, 0, 0, 1, 0, 0, 1, 1, 1, 0]",000001001001001110,"[""11100100100100000""]",1,0.000244140625,False,False,,,,2.3285273198312093,0.07628292109427139,{},{}
"[0, 0, 0, 0, 0, 1, 0, 0, 1, 0, 0, 1, 1, 0, 0, 1, 1, 0]",000001001001100110,"[""11001100100100000""]",1,0.000244140625,False,False,,,,2.2832089829694273,0.07464870790844466,{},{}
"[0, 0, 0, 0, 0, 1, 0, 0, 1, 0, 1, 1, 1, 0, 0, 1, 1, 0]",000001001011100110,"[""11001110100100000""]",1,0.000244140625,False,False,,,,3.476362627279382,0.11767472239338705,{},{}
"[0, 0, 0, 0, 0, 1, 0, 0, 1, 1, 1, 0, 0, 0, 1, 1, 0, 1]",000001001110001101,"[""101100011100100000""]",1,0.000244140625,False,False,,,,3.585421086606881,0.1216074521579969,{},{}
"[0, 0, 0, 0, 0, 1, 0, 0, 1, 1, 1, 1, 0, 1, 1, 0, 0, 1]",000001001111011001,"[""100110111100100000""]",1,0.000244140625,False,False,,,,6.798976674121889,0.237490674671685,{},{}
"[0, 0, 0, 0, 0, 1, 0, 1, 0, 0, 0, 0, 0, 0, 0, 0, 1, 0]",000001010000000010,"[""10000000010100000""]",1,0.000244140625,False,False,,,,2.71086033502361,0.09007013611740758,{},{}
"[0, 0, 0, 0, 0, 1, 0, 1, 0, 0, 0, 0, 1, 0, 0, 0, 0, 0]",000001010000100000,"[""1000010100000""]",1,0.000244140625,False,False,,,,2.6291904636198464,0.08712505935654001,{},{}
"[0, 0, 0, 0, 0, 1, 0, 1, 0, 0, 0, 0, 1, 0, 0, 1, 0, 0]",000001010000100100,"[""1001000010100000""]",1,0.000244140625,False,False,,,,1.8173828546179884,0.05785066866052779,{},{}
"[0, 0, 0, 0, 0, 1, 0, 1, 0, 0, 0, 0, 1, 0, 1, 0, 0, 0]",000001010000101000,"[""101000010100000""]",1,0.000244140625,False,False,,,,3.823430918060384,0.1301902650291755,{},{}
"[0, 0, 0, 0, 0, 1, 0, 1, 0, 0, 0, 1, 0, 1, 1, 1, 0, 1]",000001010001011101,"[""101110100010100000""]",1,0.000244140625,False,False,,,,3.5439627657236032,0.12011243404079798,{},{}
"[0, 0, 0, 0, 0, 1, 0, 1, 0, 0, 0, 1, 1, 0, 0, 1, 0, 1]",000001010001100101,"[""101001100010100000""]",1,0.000244140625,False,False,,,,2.273471574195311,0.07429756965147422,{},{}
"[0, 0, 0, 0, 0, 1, 0, 1, 0, 0, 1, 0, 0, 0, 0, 0, 0, 1]",000001010010000001,"[""100000010010100000""]",1,0.000244140625,False,False,,,,1.9599227289167278,0.06299076333777812,{},{}
"[0, 0, 0, 0, 0, 1, 0, 1, 0, 0, 1, 0, 0, 0, 0, 1, 1, 0]",000001010010000110,"[""11000010010100000""]",1,0.000244140625,False,False,,,,3.07023124081976,0.10302932026941548,{},{}
"[0, 0, 0, 0, 0, 1, 0, 1, 0, 0, 1, 0, 0, 0, 0, 1, 1, 1]",000001010010000111,"[""111000010010100000""]",1,0.000244140625,False,False,,,,6.3572132079063755,0.22156035305137123,{},{}
"[0, 0, 0, 0, 0, 1, 0, 1, 0, 0, 1, 0, 1, 1, 0, 0, 0, 1]",000001010010110001,"[""100011010010100000""]",1,0.000244140625,False,False,,,,2.3022747573986453,0.07533623402100378,{},{}
"[0, 0, 0, 0, 0, 1, 0, 1, 0, 0, 1, 0, 1, 1, 1, 1, 0, 1]",000001010010111101,"[""101111010010100000""]",1,0.000244140625,False,False,,,,6.708400151864818,0.23422441740698685,{},{}
"[0, 0, 0, 0, 0, 1, 0, 1, 0, 1, 0, 0, 0, 0, 0, 0, 0, 1]",000001010100000001,"[""100000001010100000""]",1,0.000244140625,False,False,,,,1.9176135836287995,0.06146506385499547,{},{}
"[0, 0, 0, 0, 0, 1, 0, 1, 0, 1, 0, 0, 0, 0, 1, 0, 0, 1]",000001010100001001,"[""100100001010100000""]",1,0.000244140625,False,False,,,,1.1039565217268392,0.0321239805015468,{},{}
"[0, 0, 0, 0, 0, 1, 0, 1, 0, 1, 0, 0, 1, 0, 0, 1, 0, 1]",000001010100100101,"[""101001001010100000""]",1,0.000244140625,False,False,,,,2.307659180173341,0.07553040034099276,{},{}
"[0, 0, 0, 0, 0, 1, 0, 1, 0, 1, 0, 0, 1, 1, 1, 0, 1, 0]",000001010100111010,"[""10111001010100000""]",1,0.000244140625,False,False,,,,5.418626331629975,0.18771420697736696,{},{}
"[0, 0, 0, 0, 0, 1, 0, 1, 0, 1, 0, 1, 0, 1, 1, 0, 1, 0]",000001010101011010,"[""10110101010100000""]",1,0.000244140625,False,False,,,,3.4811808540990885,0.11784847126296899,{},{}
"[0, 0, 0, 0, 0, 1, 0, 1, 0, 1, 0, 1, 1, 0, 1, 0, 0, 1]",000001010101101001,"[""100101101010100000""]",1,0.000244140625,False,False,,,,3.482283216691605,0.1178882232840934,{},{}
"[0, 0, 0, 0, 0, 1, 0, 1, 0, 1, 1, 0, 0, 0, 0, 1, 0, 0]",000001010110000100,"[""1000011010100000""]",1,0.000244140625,False,False,,,,3.008083338069834,0.10078822032668885,{},{}
"[0, 0, 0, 0, 0, 1, 0, 1, 0, 1, 1, 0, 0, 0, 1, 1, 1, 1]",000001010110001111,"[""111100011010100000""]",1,0.000244140625,False,False,,,,6.730524692373318,0.2350222449164037,{},{}
"[0, 0, 0, 0, 0, 1, 0, 1, 0, 1, 1, 1, 1, 0, 1, 0, 1, 0]",000001010111101010,"[""10101111010100000""]",1,0.000244140625,False,False,,,,6.6336770292533265,0.23152984561300677,{},{}
"[0, 0, 0, 0, 0, 1, 0, 1, 1, 0, 0, 0, 0, 1, 0, 0, 0, 1]",000001011000010001,"[""100010000110100000""]",1,0.000244140625,False,False,,,,3.292927922514175,0.11105992948561076,{},{}
"[0, 0, 0, 0, 0, 1, 0, 1, 1, 0, 0, 0, 0, 1, 1, 1, 0, 0]",000001011000011100,"[""1110000110100000""]",1,0.000244140625,False,False,,,,4.3268007953645675,0.14834215999715267,{},{}
"[0, 0, 0, 0, 0, 1, 0, 1, 1, 0, 0, 1, 0, 1, 0, 1, 0, 1]",000001011001010101,"[""101010100110100000""]",1,0.000244140625,False,False,,,,3.626003737560694,0.1230708929613697,{},{}
"[0, 0, 0, 0, 0, 1, 0, 1, 1, 0, 0, 1, 0, 1, 1, 1, 1, 0]",000001011001011110,"[""11110100110100000""]",1,0.000244140625,False,False,,,,4.776614062344095,0.16456276346500978,{},{}
"[0, 0, 0, 0, 0, 1, 0, 1, 1, 0, 1, 0, 0, 0, 0, 0, 1, 0]",000001011010000010,"[""10000010110100000""]",1,0.000244140625,False,False,,,,3.2098102111445517,0.1080626425306579,{},{}
"[0, 0, 0, 0, 0, 1, 0, 1, 1, 0, 1, 1, 1, 0, 1, 0, 0, 1]",000001011011101001,"[""100101110110100000""]",1,0.000244140625,False,False,,,,4.82691786371449,0.16637675623679737,{},{}
"[0, 0, 0, 0, 0, 1, 0, 1, 1, 1, 0, 1, 0, 1, 0, 0, 1, 1]",000001011101010011,"[""110010101110100000""]",1,0.000244140625,False,False,,,,4.865998825707789,0.16778604501098673,{},{}
"[0, 0, 0, 0, 0, 1, 0, 1, 1, 1, 0, 1, 1, 0, 0, 0, 0, 1]",000001011101100001,"[""100001101110100000""]",1,0.000244140625,False,False,,,,3.5815603741360276,0.12146823197333309,{},{}
"[0, 0, 0, 0, 0, 1, 1, 0, 0, 0, 0, 0, 0, 0, 0, 0, 1, 0]",000001100000000010,"[""10000000001100000""]",1,0.000244140625,False,False,,,,2.656457231246309,0.08810831942907846,{},{}
"[0, 0, 0, 0, 0, 1, 1, 0, 0, 0, 0, 0, 0, 0, 0, 0, 1, 1]",000001100000000011,"[""110000000001100000""]",1,0.000244140625,False,False,,,,3.9355416819904265,0.13423306318495004,{},{}
"[0, 0, 0, 0, 0, 1, 1, 0, 0, 0, 0, 0, 0, 0, 0, 1, 1, 0]",000001100000000110,"[""11000000001100000""]",1,0.000244140625,False,False,,,,3.8407553084640034,0.1308149955288925,{},{}
"[0, 0, 0, 0, 0, 1, 1, 0, 0, 0, 0, 0, 0, 0, 1, 1, 0, 0]",000001100000001100,"[""1100000001100000""]",1,0.000244140625,False,False,,,,1.848111486902068,0.05895876616671436,{},{}
"[0, 0, 0, 0, 0, 1, 1, 0, 0, 0, 0, 0, 0, 0, 1, 1, 1, 1]",000001100000001111,"[""111100000001100000""]",1,0.000244140625,False,False,,,,6.312639060726321,0.21995297590311455,{},{}
"[0, 0, 0, 0, 0, 1, 1, 0, 0, 0, 0, 0, 0, 1, 0, 1, 0, 1]",000001100000010101,"[""101010000001100000""]",1,0.000244140625,False,False,,,,3.1056127350421154,0.10430520346364601,{},{}
"[0, 0, 0, 0, 0, 1, 1, 0, 0, 0, 0, 0, 0, 1, 1, 0, 1, 1]",000001100000011011,"[""110110000001100000""]",1,0.000244140625,False,False,,,,4.313597111476084,0.14786602526215878,{},{}
"[0, 0, 0, 0, 0, 1, 1, 0, 0, 0, 0, 0, 1, 0, 0, 0, 0, 1]",000001100000100001,"[""100001000001100000""]",1,0.000244140625,False,False,,,,1.9173777588137535,0.06145655983545325,{},{}
"[0, 0, 0, 0, 0, 1, 1, 0, 0, 0, 0, 1, 0, 0, 1, 1, 0, 0]",000001100001001100,"[""1100100001100000""]",1,0.000244140625,False,False,,,,1.066044490370097,0.030756844242031647,{},{}
"[0, 0, 0, 0, 0, 1, 1, 0, 0, 0, 1, 0, 1, 0, 0, 0, 0, 1]",000001100010100001,"[""100001010001100000""]",1,0.000244140625,False,False,,,,1.0634601557780534,0.03066365120011163,{},{}
"[0, 0, 0, 0, 0, 1, 1, 0, 0, 0, 1, 1, 1, 1, 0, 1, 1, 0]",000001100011110110,"[""11011110001100000""]",1,0.000244140625,False,False,,,,4.63330197234373,0.15939482211091102,{},{}
"[0, 0, 0, 0, 0, 1, 1, 0, 0, 1, 0, 0, 0, 0, 0, 1, 1, 0]",000001100100000110,"[""11000001001100000""]",1,0.000244140625,False,False,,,,3.057391538759625,0.10256631099189599,{},{}
"[0, 0, 0, 0, 0, 1, 1, 0, 0, 1, 0, 0, 1, 1, 1, 0, 1, 0]",000001100100111010,"[""10111001001100000""]",1,0.000244140625,False,False,,,,5.410530574588552,0.18742226791202363,{},{}
"[0, 0, 0, 0, 0, 1, 1, 0, 0, 1, 0, 1, 0, 0, 1, 1, 0, 0]",000001100101001100,"[""1100101001100000""]",1,0.000244140625,False,False,,,,2.290578237008216,0.07491444873111928,{},{}
"[0, 0, 0, 0, 0, 1, 1, 0, 0, 1, 0, 1, 0, 0, 1, 1, 1, 1]",000001100101001111,"[""111100101001100000""]",1,0.000244140625,False,False,,,,6.770900843517463,0.23647823918190242,{},{}
"[0, 0, 0, 0, 0, 1, 1, 0, 0, 1, 0, 1, 0, 1, 1, 0, 0, 1]",000001100101011001,"[""100110101001100000""]",1,0.000244140625,False,False,,,,3.5086648319789457,0.118839564100008,{},{}
"[0, 0, 0, 0, 0, 1, 1, 0, 0, 1, 1, 0, 1, 1, 1, 1, 1, 0]",000001100110111110,"[""11111011001100000""]",1,0.000244140625,False,False,,,,7.8806178945018415,0.2764954675896111,{},{}
"[0, 0, 0, 0, 0, 1, 1, 0, 0, 1, 1, 1, 0, 0, 0, 0, 1, 0]",000001100111000010,"[""10000111001100000""]",1,0.000244140625,False,False,,,,6.21902804624276,0.21657729257487962,{},{}
"[0, 0, 0, 0, 0, 1, 1, 0, 1, 0, 0, 0, 1, 0, 1, 1, 1, 0]",000001101000101110,"[""11101000101100000""]",1,0.000244140625,False,False,,,,5.528605171208598,0.19168012634350498,{},{}
"[0, 0, 0, 0, 0, 1, 1, 0, 1, 0, 0, 1, 1, 0, 1, 0, 1, 0]",000001101001101010,"[""10101100101100000""]",1,0.000244140625,False,False,,,,3.5222217363316073,0.11932843622962039,{},{}
"[0, 0, 0, 0, 0, 1, 1, 0, 1, 0, 0, 1, 1, 1, 0, 0, 0, 0]",000001101001110000,"[""11100101100000""]",1,0.000244140625,False,False,,,,4.275707828934916,0.1464997093419797,{},{}
"[0, 0, 0, 0, 0, 1, 1, 0, 1, 0, 1, 1, 0, 0, 0, 1, 1, 0]",000001101011000110,"[""11000110101100000""]",1,0.000244140625,False,False,,,,5.506563738145269,0.1908852957508363,{},{}
"[0, 0, 0, 0, 0, 1, 1, 0, 1, 0, 1, 1, 0, 0, 1, 1, 1, 0]",000001101011001110,"[""11100110101100000""]",1,0.000244140625,False,False,,,,4.72305558869096,0.16263140477186855,{},{}
"[0, 0, 0, 0, 0, 1, 1, 0, 1, 1, 0, 1, 0, 0, 1, 0, 0, 1]",000001101101001001,"[""100100101101100000""]",1,0.000244140625,False,False,,,,3.653217741054931,0.12405225031976211,{},{}
"[0, 0, 0, 0, 0, 1, 1, 0, 1, 1, 0, 1, 0, 1, 0, 0, 0, 1]",000001101101010001,"[""100010101101100000""]",1,0.000244140625,False,False,,,,3.60794198942337,0.12241957278924774,{},{}
"[0, 0, 0, 0, 0, 1, 1, 0, 1, 1, 1, 0, 0, 1, 0, 0, 0, 0]",000001101110010000,"[""10011101100000""]",1,0.000244140625,False,False,,,,4.266723502461837,0.1461757277970952,{},{}
"[0, 0, 0, 0, 0, 1, 1, 0, 1, 1, 1, 0, 0, 1, 0, 0, 1, 0]",000001101110010010,"[""10010011101100000""]",1,0.000244140625,False,False,,,,3.50393923267612,0.11866915544809377,{},{}
"[0, 0, 0, 0, 0, 1, 1, 0, 1, 1, 1, 1, 0, 0, 1, 0, 0, 0]",000001101111001000,"[""100111101100000""]",1,0.000244140625,False,False,,,,7.5000971958231055,0.26277360605798883,{},{}
"[0, 0, 0, 0, 0, 1, 1, 1, 0, 0, 0, 0, 0, 0, 1, 1, 0, 0]",000001110000001100,"[""1100000011100000""]",1,0.000244140625,False,False,,,,3.0303240212760696,0.10159023602881576,{},{}
"[0, 0, 0, 0, 0, 1, 1, 1, 0, 0, 0, 0, 0, 1, 1, 0, 1, 0]",000001110000011010,"[""10110000011100000""]",1,0.000244140625,False,False,,,,4.270047843944056,0.14629560604198757,{},{}
"[0, 0, 0, 0, 0, 1, 1, 1, 0, 0, 0, 1, 0, 1, 0, 0, 0, 1]",000001110001010001,"[""100010100011100000""]",1,0.000244140625,False,False,,,,2.3079133619118406,0.0755395663249502,{},{}
"[0, 0, 0, 0, 0, 1, 1, 1, 0, 0, 0, 1, 1, 1, 0, 1, 1, 1]",000001110001110111,"[""111011100011100000""]",1,0.000244140625,False,False,,,,7.956522965621649,0.27923266133247576,{},{}
"[0, 0, 0, 0, 0, 1, 1, 1, 0, 0, 1, 0, 0, 0, 1, 1, 1, 0]",000001110010001110,"[""11100010011100000""]",1,0.000244140625,False,False,,,,3.4450072518969153,0.11654402406143245,{},{}
"[0, 0, 0, 0, 0, 1, 1, 1, 0, 0, 1, 0, 1, 0, 1, 0, 1, 0]",000001110010101010,"[""10101010011100000""]",1,0.000244140625,False,False,,,,3.427988374582683,0.11593031059265023,{},{}
"[0, 0, 0, 0, 0, 1, 1, 1, 0, 0, 1, 1, 0, 0, 0, 0, 1, 0]",000001110011000010,"[""10000110011100000""]",1,0.000244140625,False,False,,,,4.268606691021718,0.14624363698770257,{},{}
"[0, 0, 0, 0, 0, 1, 1, 1, 0, 0, 1, 1, 1, 0, 0, 0, 0, 1]",000001110011100001,"[""100001110011100000""]",1,0.000244140625,False,False,,,,3.4658538925504674,0.11729576954450548,{},{}
"[0, 0, 0, 0, 0, 1, 1, 1, 0, 1, 0, 0, 1, 1, 0, 1, 0, 0]",000001110100110100,"[""1011001011100000""]",1,0.000244140625,False,False,,,,3.4828386863986145,0.11790825393796076,{},{}
"[0, 0, 0, 0, 0, 1, 1, 1, 0, 1, 0, 1, 1, 0, 1, 1, 0, 1]",000001110101101101,"[""101101101011100000""]",1,0.000244140625,False,False,,,,6.007088660626945,0.20893459951609117,{},{}
"[0, 0, 0, 0, 0, 1, 1, 1, 0, 1, 1, 0, 0, 0, 0, 1, 0, 0]",000001110110000100,"[""1000011011100000""]",1,0.000244140625,False,False,,,,4.234081611318164,0.1449986367427609,{},{}
"[0, 0, 0, 0, 0, 1, 1, 1, 0, 1, 1, 0, 0, 1, 0, 1, 1, 1]",000001110110010111,"[""111010011011100000""]",1,0.000244140625,False,False,,,,8.012653118109604,0.2812567566914482,{},{}
"[0, 0, 0, 0, 0, 1, 1, 1, 0, 1, 1, 1, 0, 1, 1, 0, 1, 1]",000001110111011011,"[""110110111011100000""]",1,0.000244140625,False,False,,,,9.216305170358146,0.32466135163347476,{},{}
"[0, 0, 0, 0, 0, 1, 1, 1, 1, 0, 0, 0, 0, 1, 0, 1, 1, 0]",000001111000010110,"[""11010000111100000""]",1,0.000244140625,False,False,,,,7.55002019630033,0.26457386686422146,{},{}
"[0, 0, 0, 0, 0, 1, 1, 1, 1, 0, 0, 1, 0, 1, 0, 0, 1, 0]",000001111001010010,"[""10010100111100000""]",1,0.000244140625,False,False,,,,5.559962573523173,0.19281089776815022,{},{}
"[0, 0, 0, 0, 0, 1, 1, 1, 1, 0, 1, 1, 1, 0, 1, 1, 0, 1]",000001111011101101,"[""101101110111100000""]",1,0.000244140625,False,False,,,,9.277742628559135,0.3268768324134062,{},{}
"[0, 0, 0, 0, 1, 0, 0, 0, 0, 0, 0, 0, 0, 0, 1, 0, 1, 1]",000010000000001011,"[""110100000000010000""]",1,0.000244140625,False,False,,,,3.908682039852528,0.13326448436260235,{},{}
"[0, 0, 0, 0, 1, 0, 0, 0, 0, 0, 0, 0, 0, 0, 1, 1, 0, 0]",000010000000001100,"[""1100000000010000""]",1,0.000244140625,False,False,,,,2.6101987884207176,0.08644020531774299,{},{}
"[0, 0, 0, 0, 1, 0, 0, 0, 0, 0, 0, 1, 0, 0, 0, 0, 0, 1]",000010000001000001,"[""100000100000010000""]",1,0.000244140625,False,False,,,,2.697298168814518,0.08958107424130941,{},{}
"[0, 0, 0, 0, 1, 0, 0, 0, 0, 0, 0, 1, 0, 0, 0, 1, 0, 0]",000010000001000100,"[""1000100000010000""]",1,0.000244140625,False,False,,,,2.6116399413430553,0.08649217437202802,{},{}
"[0, 0, 0, 0, 1, 0, 0, 0, 0, 0, 0, 1, 0, 0, 1, 0, 0, 1]",000010000001001001,"[""100100100000010000""]",1,0.000244140625,False,False,,,,1.9058925030177118,0.0610423929051502,{},{}
"[0, 0, 0, 0, 1, 0, 0, 0, 0, 0, 0, 1, 0, 0, 1, 1, 1, 0]",000010000001001110,"[""11100100000010000""]",1,0.000244140625,False,False,,,,3.0488543321915906,0.10225845292582972,{},{}
"[0, 0, 0, 0, 1, 0, 0, 0, 0, 0, 1, 0, 1, 1, 1, 0, 0, 1]",000010000010111001,"[""100111010000010000""]",1,0.000244140625,False,False,,,,6.21812970563877,0.2165448977395422,{},{}
"[0, 0, 0, 0, 1, 0, 0, 0, 0, 0, 1, 1, 0, 1, 0, 0, 0, 0]",000010000011010000,"[""10110000010000""]",1,0.000244140625,False,False,,,,3.865363270849417,0.1317023770921044,{},{}
"[0, 0, 0, 0, 1, 0, 0, 0, 0, 1, 0, 0, 0, 0, 1, 0, 0, 0]",000010000100001000,"[""100001000010000""]",1,0.000244140625,False,False,,,,2.585282394763987,0.08554170149176925,{},{}
"[0, 0, 0, 0, 1, 0, 0, 0, 0, 1, 0, 0, 1, 0, 0, 1, 0, 1]",000010000100100101,"[""101001001000010000""]",1,0.000244140625,False,False,,,,3.021376157630431,0.10126756936081158,{},{}
"[0, 0, 0, 0, 1, 0, 0, 0, 0, 1, 0, 0, 1, 0, 1, 1, 1, 1]",000010000100101111,"[""111101001000010000""]",1,0.000244140625,False,False,,,,7.434897999451476,0.26042247418082415,{},{}
"[0, 0, 0, 0, 1, 0, 0, 0, 0, 1, 0, 0, 1, 1, 0, 0, 1, 0]",000010000100110010,"[""10011001000010000""]",1,0.000244140625,False,False,,,,2.9862373538930402,0.1000004377673252,{},{}
"[0, 0, 0, 0, 1, 0, 0, 0, 0, 1, 0, 1, 0, 0, 1, 1, 0, 0]",000010000101001100,"[""1100101000010000""]",1,0.000244140625,False,False,,,,2.997864152650318,0.10041970884287345,{},{}
"[0, 0, 0, 0, 1, 0, 0, 0, 0, 1, 0, 1, 1, 0, 1, 0, 0, 1]",000010000101101001,"[""100101101000010000""]",1,0.000244140625,False,False,,,,4.205338863413529,0.1439621517153887,{},{}
"[0, 0, 0, 0, 1, 0, 0, 0, 0, 1, 0, 1, 1, 0, 1, 0, 1, 0]",000010000101101010,"[""10101101000010000""]",1,0.000244140625,False,False,,,,4.193670299296433,0.14354137454966917,{},{}
"[0, 0, 0, 0, 1, 0, 0, 0, 0, 1, 0, 1, 1, 0, 1, 1, 0, 1]",000010000101101101,"[""101101101000010000""]",1,0.000244140625,False,False,,,,5.440005978959157,0.18848517308056345,{},{}
"[0, 0, 0, 0, 1, 0, 0, 0, 0, 1, 0, 1, 1, 1, 0, 0, 0, 0]",000010000101110000,"[""11101000010000""]",1,0.000244140625,False,False,,,,4.937817722634907,0.170375888250552,{},{}
"[0, 0, 0, 0, 1, 0, 0, 0, 0, 1, 0, 1, 1, 1, 0, 1, 1, 0]",000010000101110110,"[""11011101000010000""]",1,0.000244140625,False,False,,,,5.4072474075367065,0.1873038744479439,{},{}
"[0, 0, 0, 0, 1, 0, 0, 0, 0, 1, 1, 0, 0, 0, 1, 0, 1, 0]",000010000110001010,"[""10100011000010000""]",1,0.000244140625,False,False,,,,3.009304294649668,0.1008322489358625,{},{}
"[0, 0, 0, 0, 1, 0, 0, 0, 1, 0, 0, 0, 0, 0, 1, 1, 0, 0]",000010001000001100,"[""1100000100010000""]",1,0.000244140625,False,False,,,,1.831111126109781,0.05834572041758855,{},{}
"[0, 0, 0, 0, 1, 0, 0, 0, 1, 0, 0, 0, 0, 1, 1, 0, 0, 0]",000010001000011000,"[""110000100010000""]",1,0.000244140625,False,False,,,,3.8736375796908096,0.13200075486914964,{},{}
"[0, 0, 0, 0, 1, 0, 0, 0, 1, 0, 0, 0, 0, 1, 1, 0, 1, 1]",000010001000011011,"[""110110000100010000""]",1,0.000244140625,False,False,,,,4.39394096321126,0.1507632847601449,{},{}
"[0, 0, 0, 0, 1, 0, 0, 0, 1, 0, 1, 0, 1, 0, 1, 1, 1, 0]",000010001010101110,"[""11101010100010000""]",1,0.000244140625,False,False,,,,3.4435427252867035,0.11649121213444798,{},{}
"[0, 0, 0, 0, 1, 0, 0, 0, 1, 1, 0, 0, 1, 1, 1, 0, 1, 0]",000010001100111010,"[""10111001100010000""]",1,0.000244140625,False,False,,,,5.40928766236514,0.18737744756589042,{},{}
"[0, 0, 0, 0, 1, 0, 0, 0, 1, 1, 0, 1, 1, 0, 1, 0, 0, 0]",000010001101101000,"[""101101100010000""]",1,0.000244140625,False,False,,,,4.203198765947486,0.14388497819711443,{},{}
"[0, 0, 0, 0, 1, 0, 0, 0, 1, 1, 1, 0, 1, 0, 0, 0, 0, 1]",000010001110100001,"[""100001011100010000""]",1,0.000244140625,False,False,,,,2.252912725892386,0.07355620217621753,{},{}
"[0, 0, 0, 0, 1, 0, 0, 0, 1, 1, 1, 1, 0, 0, 1, 0, 0, 0]",000010001111001000,"[""100111100010000""]",1,0.000244140625,False,False,,,,6.23062325205792,0.21699542438526143,{},{}
"[0, 0, 0, 0, 1, 0, 0, 1, 0, 0, 0, 0, 0, 0, 0, 1, 0, 0]",000010010000000100,"[""1000000010010000""]",1,0.000244140625,False,False,,,,2.6301164201551317,0.08715845004305353,{},{}
"[0, 0, 0, 0, 1, 0, 0, 1, 0, 0, 0, 0, 0, 0, 1, 0, 0, 0]",000010010000001000,"[""100000010010000""]",1,0.000244140625,False,False,,,,2.67762399764719,0.08887160888648142,{},{}
"[0, 0, 0, 0, 1, 0, 0, 1, 0, 0, 0, 0, 1, 0, 0, 0, 1, 0]",000010010000100010,"[""10001000010010000""]",1,0.000244140625,False,False,,,,1.8518633147591221,0.05909405989061358,{},{}
"[0, 0, 0, 0, 1, 0, 0, 1, 0, 0, 0, 0, 1, 0, 1, 1, 0, 0]",000010010000101100,"[""1101000010010000""]",1,0.000244140625,False,False,,,,2.9940892353572406,0.10028358249660954,{},{}
"[0, 0, 0, 0, 1, 0, 0, 1, 0, 0, 0, 1, 0, 0, 0, 1, 0, 1]",000010010001000101,"[""101000100010010000""]",1,0.000244140625,False,False,,,,3.0488504626731134,0.10225831338809387,{},{}
"[0, 0, 0, 0, 1, 0, 0, 1, 0, 0, 0, 1, 0, 0, 1, 0, 0, 1]",000010010001001001,"[""100100100010010000""]",1,0.000244140625,False,False,,,,1.1200505891926633,0.03270434463420355,{},{}
"[0, 0, 0, 0, 1, 0, 0, 1, 0, 0, 0, 1, 0, 1, 0, 1, 0, 1]",000010010001010101,"[""101010100010010000""]",1,0.000244140625,False,False,,,,2.2733892104253317,0.07429459955221075,{},{}
"[0, 0, 0, 0, 1, 0, 0, 1, 0, 0, 1, 0, 0, 0, 1, 1, 1, 1]",000010010010001111,"[""111100010010010000""]",1,0.000244140625,False,False,,,,5.549887560424375,0.19244758524625324,{},{}
"[0, 0, 0, 0, 1, 0, 0, 1, 0, 0, 1, 1, 0, 0, 1, 1, 1, 0]",000010010011001110,"[""11100110010010000""]",1,0.000244140625,False,False,,,,3.543326975814959,0.120089506980273,{},{}
"[0, 0, 0, 0, 1, 0, 0, 1, 0, 0, 1, 1, 0, 1, 0, 1, 0, 0]",000010010011010100,"[""1010110010010000""]",1,0.000244140625,False,False,,,,2.2795768828109364,0.07451773165507172,{},{}
"[0, 0, 0, 0, 1, 0, 0, 1, 0, 0, 1, 1, 1, 0, 1, 0, 1, 0]",000010010011101010,"[""10101110010010000""]",1,0.000244140625,False,False,,,,3.526308098500727,0.11947579351149078,{},{}
"[0, 0, 0, 0, 1, 0, 0, 1, 0, 1, 0, 0, 0, 0, 0, 1, 1, 0]",000010010100000110,"[""11000001010010000""]",1,0.000244140625,False,False,,,,3.030717036492429,0.10160440845201751,{},{}
"[0, 0, 0, 0, 1, 0, 0, 1, 0, 1, 0, 0, 1, 1, 0, 1, 0, 0]",000010010100110100,"[""1011001010010000""]",1,0.000244140625,False,False,,,,2.2025481851878292,0.07174001909852598,{},{}
"[0, 0, 0, 0, 1, 0, 0, 1, 0, 1, 0, 0, 1, 1, 1, 1, 0, 0]",000010010100111100,"[""1111001010010000""]",1,0.000244140625,False,False,,,,5.412583672313361,0.18749630415443708,{},{}
"[0, 0, 0, 0, 1, 0, 0, 1, 0, 1, 0, 0, 1, 1, 1, 1, 1, 1]",000010010100111111,"[""111111001010010000""]",1,0.000244140625,False,False,,,,9.937268159417341,0.3506598172613516,{},{}
"[0, 0, 0, 0, 1, 0, 0, 1, 0, 1, 0, 1, 0, 0, 1, 1, 1, 0]",000010010101001110,"[""11100101010010000""]",1,0.000244140625,False,False,,,,3.45868552708599,0.11703727291435324,{},{}
"[0, 0, 0, 0, 1, 0, 0, 1, 0, 1, 1, 0, 0, 0, 0, 1, 0, 0]",000010010110000100,"[""1000011010010000""]",1,0.000244140625,False,False,,,,3.0085924959839265,0.1008065809426006,{},{}
"[0, 0, 0, 0, 1, 0, 0, 1, 0, 1, 1, 0, 0, 0, 0, 1, 1, 1]",000010010110000111,"[""111000011010010000""]",1,0.000244140625,False,False,,,,7.525379466745409,0.26368530369232357,{},{}
"[0, 0, 0, 0, 1, 0, 0, 1, 1, 0, 0, 0, 0, 0, 0, 1, 0, 1]",000010011000000101,"[""101000000110010000""]",1,0.000244140625,False,False,,,,5.132274937971821,0.1773881611490909,{},{}
"[0, 0, 0, 0, 1, 0, 0, 1, 1, 0, 0, 0, 1, 0, 0, 0, 1, 0]",000010011000100010,"[""10001000110010000""]",1,0.000244140625,False,False,,,,3.093614720361363,0.10387254606373238,{},{}
"[0, 0, 0, 0, 1, 0, 0, 1, 1, 0, 1, 0, 0, 0, 1, 0, 1, 0]",000010011010001010,"[""10100010110010000""]",1,0.000244140625,False,False,,,,2.4046174683156982,0.07902678886559132,{},{}
"[0, 0, 0, 0, 1, 0, 0, 1, 1, 0, 1, 0, 0, 0, 1, 1, 0, 1]",000010011010001101,"[""101100010110010000""]",1,0.000244140625,False,False,,,,3.5524952930869134,0.12042012337123562,{},{}
"[0, 0, 0, 0, 1, 0, 0, 1, 1, 1, 0, 0, 0, 0, 0, 1, 0, 0]",000010011100000100,"[""1000001110010000""]",1,0.000244140625,False,False,,,,3.0243640009116124,0.10137531322842486,{},{}
"[0, 0, 0, 0, 1, 0, 0, 1, 1, 1, 0, 0, 0, 1, 1, 0, 0, 0]",000010011100011000,"[""110001110010000""]",1,0.000244140625,False,False,,,,4.256391965028563,0.14580316481547442,{},{}
"[0, 0, 0, 0, 1, 0, 0, 1, 1, 1, 0, 0, 1, 1, 1, 1, 1, 0]",000010011100111110,"[""11111001110010000""]",1,0.000244140625,False,False,,,,7.922935911572148,0.27802148699551427,{},{}
"[0, 0, 0, 0, 1, 0, 0, 1, 1, 1, 0, 1, 0, 1, 1, 0, 0, 0]",000010011101011000,"[""110101110010000""]",1,0.000244140625,False,False,,,,5.482222484839089,0.19000753191687586,{},{}
"[0, 0, 0, 0, 1, 0, 1, 0, 0, 0, 0, 0, 0, 0, 0, 0, 1, 0]",000010100000000010,"[""10000000001010000""]",1,0.000244140625,False,False,,,,2.643698175889122,0.08764821833209864,{},{}
"[0, 0, 0, 0, 1, 0, 1, 0, 0, 0, 0, 0, 1, 1, 0, 1, 0, 0]",000010100000110100,"[""1011000001010000""]",1,0.000244140625,False,False,,,,2.9944919350994303,0.10029810415106968,{},{}
"[0, 0, 0, 0, 1, 0, 1, 0, 0, 0, 0, 1, 0, 1, 1, 1, 0, 0]",000010100001011100,"[""1110100001010000""]",1,0.000244140625,False,False,,,,2.2072653483197064,0.07191012353579429,{},{}
"[0, 0, 0, 0, 1, 0, 1, 0, 0, 0, 0, 1, 1, 0, 0, 0, 1, 0]",000010100001100010,"[""10001100001010000""]",1,0.000244140625,False,False,,,,1.0145564994979561,0.02890014870945712,{},{}
"[0, 0, 0, 0, 1, 0, 1, 0, 0, 0, 0, 1, 1, 0, 0, 1, 1, 0]",000010100001100110,"[""11001100001010000""]",1,0.000244140625,False,False,,,,2.2295342685781403,0.07271315748718245,{},{}
"[0, 0, 0, 0, 1, 0, 1, 0, 0, 0, 0, 1, 1, 0, 1, 0, 1, 1]",000010100001101011,"[""110101100001010000""]",1,0.000244140625,False,False,,,,3.4634394544635896,0.11720870309787103,{},{}
"[0, 0, 0, 0, 1, 0, 1, 0, 0, 0, 0, 1, 1, 1, 1, 1, 0, 1]",000010100001111101,"[""101111100001010000""]",1,0.000244140625,False,False,,,,6.66274904645543,0.23257820433797854,{},{}
"[0, 0, 0, 0, 1, 0, 1, 0, 0, 0, 1, 0, 0, 1, 1, 0, 1, 0]",000010100010011010,"[""10110010001010000""]",1,0.000244140625,False,False,,,,2.2729312583113157,0.07427808545582004,{},{}
"[0, 0, 0, 0, 1, 0, 1, 0, 0, 0, 1, 0, 0, 1, 1, 1, 0, 0]",000010100010011100,"[""1110010001010000""]",1,0.000244140625,False,False,,,,2.183293035169679,0.0710456639603243,{},{}
"[0, 0, 0, 0, 1, 0, 1, 0, 0, 0, 1, 0, 1, 0, 0, 0, 1, 0]",000010100010100010,"[""10001010001010000""]",1,0.000244140625,False,False,,,,1.0221742517179169,0.029174850562753044,{},{}
"[0, 0, 0, 0, 1, 0, 1, 0, 0, 1, 0, 0, 0, 0, 1, 0, 0, 0]",000010100100001000,"[""100001001010000""]",1,0.000244140625,False,False,,,,1.7751566206654406,0.05632795902262728,{},{}
"[0, 0, 0, 0, 1, 0, 1, 0, 0, 1, 0, 0, 0, 1, 0, 1, 0, 0]",000010100100010100,"[""1010001001010000""]",1,0.000244140625,False,False,,,,0.9944919350994303,0.028176605482177024,{},{}
"[0, 0, 0, 0, 1, 0, 1, 0, 0, 1, 0, 0, 1, 0, 0, 0, 0, 1]",000010100100100001,"[""100001001001010000""]",1,0.000244140625,False,False,,,,1.0299435009404676,0.029455015511484287,{},{}
"[0, 0, 0, 0, 1, 0, 1, 0, 0, 1, 0, 0, 1, 0, 0, 1, 0, 1]",000010100100100101,"[""101001001001010000""]",1,0.000244140625,False,False,,,,2.2928371474904745,0.07499590673578893,{},{}
"[0, 0, 0, 0, 1, 0, 1, 0, 0, 1, 0, 1, 0, 1, 0, 0, 1, 1]",000010100101010011,"[""110010101001010000""]",1,0.000244140625,False,False,,,,3.481837028870723,0.1178721334169285,{},{}
"[0, 0, 0, 0, 1, 0, 1, 0, 0, 1, 0, 1, 1, 1, 0, 0, 1, 1]",000010100101110011,"[""110011101001010000""]",1,0.000244140625,False,False,,,,4.6812370735590125,0.16112339778015664,{},{}
"[0, 0, 0, 0, 1, 0, 1, 0, 0, 1, 0, 1, 1, 1, 0, 1, 1, 0]",000010100101110110,"[""11011101001010000""]",1,0.000244140625,False,False,,,,4.688047066661586,0.16136897123439783,{},{}
"[0, 0, 0, 0, 1, 0, 1, 0, 0, 1, 1, 1, 0, 0, 0, 0, 0, 0]",000010100111000000,"[""111001010000""]",1,0.000244140625,False,False,,,,6.990990806067116,0.24441484815243314,{},{}
"[0, 0, 0, 0, 1, 0, 1, 0, 1, 0, 0, 0, 0, 1, 0, 1, 0, 1]",000010101000010101,"[""101010000101010000""]",1,0.000244140625,False,False,,,,4.297250408227829,0.1472765508938789,{},{}
"[0, 0, 0, 0, 1, 0, 1, 0, 1, 0, 0, 0, 1, 1, 1, 1, 0, 0]",000010101000111100,"[""1111000101010000""]",1,0.000244140625,False,False,,,,7.436940158562368,0.26049611596862304,{},{}
"[0, 0, 0, 0, 1, 0, 1, 0, 1, 0, 0, 1, 0, 0, 1, 1, 1, 0]",000010101001001110,"[""11100100101010000""]",1,0.000244140625,False,False,,,,3.47114129443045,0.11748643721833,{},{}
"[0, 0, 0, 0, 1, 0, 1, 0, 1, 0, 0, 1, 1, 0, 1, 0, 1, 0]",000010101001101010,"[""10101100101010000""]",1,0.000244140625,False,False,,,,3.4727997556458883,0.11754624257250082,{},{}
"[0, 0, 0, 0, 1, 0, 1, 0, 1, 0, 1, 0, 0, 0, 1, 0, 1, 1]",000010101010001011,"[""110100010101010000""]",1,0.000244140625,False,False,,,,3.5433965077291836,0.12009201435320259,{},{}
"[0, 0, 0, 0, 1, 0, 1, 0, 1, 0, 1, 1, 0, 1, 1, 1, 0, 0]",000010101011011100,"[""1110110101010000""]",1,0.000244140625,False,False,,,,4.660213629847281,0.16036527664632103,{},{}
"[0, 0, 0, 0, 1, 0, 1, 0, 1, 1, 0, 0, 0, 1, 1, 0, 1, 1]",000010101100011011,"[""110110001101010000""]",1,0.000244140625,False,False,,,,4.725029587395302,0.16270258864433235,{},{}
"[0, 0, 0, 0, 1, 0, 1, 0, 1, 1, 0, 0, 1, 1, 0, 0, 0, 0]",000010101100110000,"[""11001101010000""]",1,0.000244140625,False,False,,,,4.220665616309777,0.14451484590969127,{},{}
"[0, 0, 0, 0, 1, 0, 1, 0, 1, 1, 0, 1, 1, 0, 0, 1, 1, 1]",000010101101100111,"[""111001101101010000""]",1,0.000244140625,False,False,,,,8.004142410502771,0.2809498541977794,{},{}
"[0, 0, 0, 0, 1, 0, 1, 0, 1, 1, 1, 0, 0, 1, 0, 0, 1, 0]",000010101110010010,"[""10010011101010000""]",1,0.000244140625,False,False,,,,3.497060078641317,0.11842108799881168,{},{}
"[0, 0, 0, 0, 1, 0, 1, 0, 1, 1, 1, 0, 1, 0, 0, 1, 0, 1]",000010101110100101,"[""101001011101010000""]",1,0.000244140625,False,False,,,,4.762643713603901,0.16405898222097484,{},{}
"[0, 0, 0, 0, 1, 0, 1, 1, 0, 0, 0, 0, 1, 0, 1, 1, 0, 1]",000010110000101101,"[""101101000011010000""]",1,0.000244140625,False,False,,,,5.452478613025513,0.1889349456111706,{},{}
"[0, 0, 0, 0, 1, 0, 1, 1, 0, 0, 0, 1, 1, 1, 0, 0, 1, 1]",000010110001110011,"[""110011100011010000""]",1,0.000244140625,False,False,,,,4.732081578276431,0.16295688871980554,{},{}
"[0, 0, 0, 0, 1, 0, 1, 1, 0, 0, 1, 0, 0, 0, 1, 1, 1, 1]",000010110010001111,"[""111100010011010000""]",1,0.000244140625,False,False,,,,6.730423117060992,0.23501858203452733,{},{}
"[0, 0, 0, 0, 1, 0, 1, 1, 0, 1, 0, 0, 0, 1, 1, 0, 0, 1]",000010110100011001,"[""100110001011010000""]",1,0.000244140625,False,False,,,,3.4541420753550494,0.11687343264037064,{},{}
"[0, 0, 0, 0, 1, 0, 1, 1, 0, 1, 0, 1, 0, 0, 1, 0, 1, 1]",000010110101001011,"[""110100101011010000""]",1,0.000244140625,False,False,,,,4.711435804938914,0.16221238666266552,{},{}
"[0, 0, 0, 0, 1, 0, 1, 1, 0, 1, 1, 1, 0, 1, 0, 1, 1, 1]",000010110111010111,"[""111010111011010000""]",1,0.000244140625,False,False,,,,11.247063251270474,0.3978920097481555,{},{}
"[0, 0, 0, 0, 1, 0, 1, 1, 0, 1, 1, 1, 1, 1, 0, 1, 0, 0]",000010110111110100,"[""1011111011010000""]",1,0.000244140625,False,False,,,,7.9240645919012875,0.27806218805394206,{},{}
"[0, 0, 0, 0, 1, 0, 1, 1, 1, 0, 0, 0, 0, 0, 1, 0, 0, 1]",000010111000001001,"[""100100000111010000""]",1,0.000244140625,False,False,,,,6.327796907059464,0.2204995792001841,{},{}
"[0, 0, 0, 0, 1, 0, 1, 1, 1, 0, 0, 0, 0, 0, 1, 1, 1, 0]",000010111000001110,"[""11100000111010000""]",1,0.000244140625,False,False,,,,7.487571338136258,0.26232191424374446,{},{}
"[0, 0, 0, 0, 1, 0, 1, 1, 1, 0, 1, 0, 1, 1, 1, 0, 0, 1]",000010111010111001,"[""100111010111010000""]",1,0.000244140625,False,False,,,,9.992666002735355,0.35265750500291143,{},{}
"[0, 0, 0, 0, 1, 0, 1, 1, 1, 1, 0, 0, 0, 1, 1, 1, 0, 0]",000010111100011100,"[""1110001111010000""]",1,0.000244140625,False,False,,,,6.68064187500104,0.23322343314304603,{},{}
"[0, 0, 0, 0, 1, 0, 1, 1, 1, 1, 0, 1, 1, 1, 0, 0, 0, 1]",000010111101110001,"[""100011101111010000""]",1,0.000244140625,False,False,,,,7.953487270618099,0.2791231918958969,{},{}
"[0, 0, 0, 0, 1, 1, 0, 0, 0, 0, 0, 0, 0, 0, 0, 1, 0, 0]",000011000000000100,"[""1000000000110000""]",1,0.000244140625,False,False,,,,4.667048408847256,0.16061174389859548,{},{}
"[0, 0, 0, 0, 1, 1, 0, 0, 0, 0, 0, 0, 1, 0, 1, 0, 0, 0]",000011000000101000,"[""101000000110000""]",1,0.000244140625,False,False,,,,5.825592647443891,0.2023897172794957,{},{}
"[0, 0, 0, 0, 1, 1, 0, 0, 0, 0, 0, 1, 0, 0, 0, 1, 0, 0]",000011000001000100,"[""1000100000110000""]",1,0.000244140625,False,False,,,,3.8533913469452963,0.13127066054514683,{},{}
"[0, 0, 0, 0, 1, 1, 0, 0, 0, 0, 0, 1, 1, 1, 0, 0, 1, 0]",000011000001110010,"[""10011100000110000""]",1,0.000244140625,False,False,,,,4.277630555124077,0.14656904428912582,{},{}
"[0, 0, 0, 0, 1, 1, 0, 0, 0, 0, 1, 0, 0, 1, 0, 0, 1, 0]",000011000010010010,"[""10010010000110000""]",1,0.000244140625,False,False,,,,3.1947080387129496,0.10751804687619632,{},{}
"[0, 0, 0, 0, 1, 1, 0, 0, 0, 0, 1, 0, 1, 0, 0, 0, 0, 0]",000011000010100000,"[""1010000110000""]",1,0.000244140625,False,False,,,,3.8220526764551987,0.1301405646041286,{},{}
"[0, 0, 0, 0, 1, 1, 0, 0, 0, 0, 1, 0, 1, 0, 1, 0, 1, 0]",000011000010101010,"[""10101010000110000""]",1,0.000244140625,False,False,,,,4.258953216594406,0.14589552546617277,{},{}
"[0, 0, 0, 0, 1, 1, 0, 0, 0, 0, 1, 1, 0, 1, 0, 1, 0, 0]",000011000011010100,"[""1010110000110000""]",1,0.000244140625,False,False,,,,4.2552887063224745,0.14576338047982312,{},{}
"[0, 0, 0, 0, 1, 1, 0, 0, 0, 1, 0, 0, 1, 1, 1, 0, 0, 0]",000011000100111000,"[""111001000110000""]",1,0.000244140625,False,False,,,,8.187466644579647,0.287560663449755,{},{}
"[0, 0, 0, 0, 1, 1, 0, 0, 0, 1, 0, 1, 0, 0, 1, 1, 0, 1]",000011000101001101,"[""101100101000110000""]",1,0.000244140625,False,False,,,,5.545274863868844,0.19228124795200835,{},{}
"[0, 0, 0, 0, 1, 1, 0, 0, 0, 1, 0, 1, 1, 0, 0, 0, 0, 0]",000011000101100000,"[""1101000110000""]",1,0.000244140625,False,False,,,,4.998207314050139,0.17255358216898628,{},{}
"[0, 0, 0, 0, 1, 1, 0, 0, 0, 1, 1, 1, 0, 0, 0, 1, 1, 0]",000011000111000110,"[""11000111000110000""]",1,0.000244140625,False,False,,,,9.481617978807213,0.33422873031417455,{},{}
"[0, 0, 0, 0, 1, 1, 0, 0, 1, 0, 0, 0, 0, 1, 1, 0, 1, 1]",000011001000011011,"[""110110000100110000""]",1,0.000244140625,False,False,,,,5.747064648260715,0.1995579387852156,{},{}
"[0, 0, 0, 0, 1, 1, 0, 0, 1, 0, 0, 1, 0, 0, 1, 0, 0, 1]",000011001001001001,"[""100100100100110000""]",1,0.000244140625,False,False,,,,2.4986058642859006,0.08241608085301949,{},{}
"[0, 0, 0, 0, 1, 1, 0, 0, 1, 0, 1, 0, 1, 0, 0, 0, 0, 1]",000011001010100001,"[""100001010100110000""]",1,0.000244140625,False,False,,,,2.4255242279930966,0.07978070228571349,{},{}
"[0, 0, 0, 0, 1, 1, 0, 0, 1, 0, 1, 1, 0, 0, 0, 0, 0, 0]",000011001011000000,"[""110100110000""]",1,0.000244140625,False,False,,,,5.170729249151253,0.1787748524253612,{},{}
"[0, 0, 0, 0, 1, 1, 0, 0, 1, 1, 0, 0, 0, 1, 1, 0, 0, 1]",000011001100011001,"[""100110001100110000""]",1,0.000244140625,False,False,,,,3.626221045853794,0.12307872926125545,{},{}
"[0, 0, 0, 0, 1, 1, 0, 0, 1, 1, 0, 1, 0, 1, 0, 0, 0, 0]",000011001101010000,"[""10101100110000""]",1,0.000244140625,False,False,,,,4.301884401707838,0.14744365617117894,{},{}
"[0, 0, 0, 0, 1, 1, 0, 0, 1, 1, 0, 1, 0, 1, 0, 1, 0, 0]",000011001101010100,"[""1010101100110000""]",1,0.000244140625,False,False,,,,3.49007679270598,0.11816926547516673,{},{}
"[0, 0, 0, 0, 1, 1, 0, 0, 1, 1, 0, 1, 1, 1, 0, 0, 1, 1]",000011001101110011,"[""110011101100110000""]",1,0.000244140625,False,False,,,,6.066629500108542,0.21108168680379955,{},{}
"[0, 0, 0, 0, 1, 1, 0, 0, 1, 1, 1, 1, 1, 1, 1, 1, 1, 0]",000011001111111110,"[""11111111100110000""]",1,0.000244140625,False,False,,,,12.435924912639898,0.44076325211213174,{},{}
"[0, 0, 0, 0, 1, 1, 0, 1, 0, 0, 0, 0, 1, 1, 0, 1, 0, 0]",000011010000110100,"[""1011000010110000""]",1,0.000244140625,False,False,,,,4.2596825708510035,0.14592182652719593,{},{}
"[0, 0, 0, 0, 1, 1, 0, 1, 0, 0, 0, 1, 0, 0, 0, 1, 0, 0]",000011010001000100,"[""1000100010110000""]",1,0.000244140625,False,False,,,,3.0582107638554126,0.10259585286272366,{},{}
"[0, 0, 0, 0, 1, 1, 0, 1, 0, 0, 0, 1, 0, 1, 1, 0, 0, 1]",000011010001011001,"[""100110100010110000""]",1,0.000244140625,False,False,,,,3.650270274478631,0.1239459624663825,{},{}
"[0, 0, 0, 0, 1, 1, 0, 1, 0, 0, 0, 1, 1, 0, 0, 0, 0, 1]",000011010001100001,"[""100001100010110000""]",1,0.000244140625,False,False,,,,2.3123788209428007,0.07570059412372887,{},{}
"[0, 0, 0, 0, 1, 1, 0, 1, 0, 0, 0, 1, 1, 1, 0, 0, 0, 0]",000011010001110000,"[""11100010110000""]",1,0.000244140625,False,False,,,,4.2578331179509,0.14585513386975946,{},{}
"[0, 0, 0, 0, 1, 1, 0, 1, 0, 0, 1, 0, 1, 0, 0, 1, 0, 0]",000011010010100100,"[""1001010010110000""]",1,0.000244140625,False,False,,,,2.2503439015861684,0.07346356844682676,{},{}
"[0, 0, 0, 0, 1, 1, 0, 1, 0, 0, 1, 0, 1, 0, 1, 1, 1, 0]",000011010010101110,"[""11101010010110000""]",1,0.000244140625,False,False,,,,4.730421375290583,0.16289702055608857,{},{}
"[0, 0, 0, 0, 1, 1, 0, 1, 0, 0, 1, 1, 0, 1, 1, 0, 0, 0]",000011010011011000,"[""110110010110000""]",1,0.000244140625,False,False,,,,5.608323447617722,0.1945548271264685,{},{}
"[0, 0, 0, 0, 1, 1, 0, 1, 0, 0, 1, 1, 0, 1, 1, 1, 1, 0]",000011010011011110,"[""11110110010110000""]",1,0.000244140625,False,False,,,,6.080067074833238,0.2115662558176097,{},{}
"[0, 0, 0, 0, 1, 1, 0, 1, 0, 0, 1, 1, 1, 1, 1, 1, 0, 0]",000011010011111100,"[""1111110010110000""]",1,0.000244140625,False,False,,,,7.934127354592608,0.2784250588169658,{},{}
"[0, 0, 0, 0, 1, 1, 0, 1, 0, 1, 0, 0, 1, 0, 0, 1, 1, 1]",000011010100100111,"[""111001001010110000""]",1,0.000244140625,False,False,,,,6.78931962252219,0.23714243415463845,{},{}
"[0, 0, 0, 0, 1, 1, 0, 1, 0, 1, 0, 0, 1, 0, 1, 1, 1, 1]",000011010100101111,"[""111101001010110000""]",1,0.000244140625,False,False,,,,7.991457593305225,0.28049243018446546,{},{}
"[0, 0, 0, 0, 1, 1, 0, 1, 0, 1, 0, 1, 1, 0, 0, 1, 1, 1]",000011010101100111,"[""111001101010110000""]",1,0.000244140625,False,False,,,,7.991457593305225,0.28049243018446546,{},{}
"[0, 0, 0, 0, 1, 1, 0, 1, 0, 1, 0, 1, 1, 0, 1, 0, 1, 0]",000011010101101010,"[""10101101010110000""]",1,0.000244140625,False,False,,,,4.684859208296336,0.16125401467297484,{},{}
"[0, 0, 0, 0, 1, 1, 0, 1, 0, 1, 1, 0, 0, 0, 1, 1, 0, 0]",000011010110001100,"[""1100011010110000""]",1,0.000244140625,False,False,,,,3.45392302529154,0.11686553353093874,{},{}
"[0, 0, 0, 0, 1, 1, 0, 1, 0, 1, 1, 1, 0, 0, 0, 1, 0, 0]",000011010111000100,"[""1000111010110000""]",1,0.000244140625,False,False,,,,7.461820541634037,0.2613933212259155,{},{}
"[0, 0, 0, 0, 1, 1, 0, 1, 1, 0, 1, 0, 0, 0, 0, 1, 0, 0]",000011011010000100,"[""1000010110110000""]",1,0.000244140625,False,False,,,,4.376262057362704,0.15012577016783282,{},{}
"[0, 0, 0, 0, 1, 1, 0, 1, 1, 0, 1, 0, 0, 1, 1, 0, 1, 0]",000011011010011010,"[""10110010110110000""]",1,0.000244140625,False,False,,,,4.978020492662509,0.17182563026306774,{},{}
"[0, 0, 0, 0, 1, 1, 0, 1, 1, 0, 1, 1, 1, 0, 0, 0, 1, 0]",000011011011100010,"[""10001110110110000""]",1,0.000244140625,False,False,,,,4.8393206537528854,0.16682401013941972,{},{}
"[0, 0, 0, 0, 1, 1, 0, 1, 1, 1, 0, 0, 0, 1, 0, 1, 0, 1]",000011011100010101,"[""101010001110110000""]",1,0.000244140625,False,False,,,,4.8890084007999,0.1686157875306755,{},{}
"[0, 0, 0, 0, 1, 1, 0, 1, 1, 1, 0, 0, 1, 1, 0, 0, 1, 0]",000011011100110010,"[""10011001110110000""]",1,0.000244140625,False,False,,,,4.800458680311263,0.16542261825649948,{},{}
"[0, 0, 0, 0, 1, 1, 0, 1, 1, 1, 1, 0, 0, 1, 1, 0, 0, 1]",000011011110011001,"[""100110011110110000""]",1,0.000244140625,False,False,,,,6.135076393970179,0.21354993308606549,{},{}
"[0, 0, 0, 0, 1, 1, 1, 0, 0, 0, 0, 0, 1, 0, 0, 0, 0, 1]",000011100000100001,"[""100001000001110000""]",1,0.000244140625,False,False,,,,3.1110906918360977,0.10450274269045871,{},{}
"[0, 0, 0, 0, 1, 1, 1, 0, 0, 0, 0, 0, 1, 1, 1, 0, 0, 1]",000011100000111001,"[""100111000001110000""]",1,0.000244140625,False,False,,,,7.502487993148638,0.2628598200010543,{},{}
"[0, 0, 0, 0, 1, 1, 1, 0, 0, 0, 0, 1, 0, 1, 0, 0, 0, 0]",000011100001010000,"[""10100001110000""]",1,0.000244140625,False,False,,,,3.0496679790809007,0.10228779364235187,{},{}
"[0, 0, 0, 0, 1, 1, 1, 0, 0, 0, 0, 1, 0, 1, 0, 0, 1, 0]",000011100001010010,"[""10010100001110000""]",1,0.000244140625,False,False,,,,2.309564250386903,0.07559909860042854,{},{}
"[0, 0, 0, 0, 1, 1, 1, 0, 0, 0, 0, 1, 1, 0, 0, 1, 0, 0]",000011100001100100,"[""1001100001110000""]",1,0.000244140625,False,False,,,,2.2505631338775363,0.0734714741275318,{},{}
"[0, 0, 0, 0, 1, 1, 1, 0, 0, 0, 0, 1, 1, 1, 0, 1, 1, 0]",000011100001110110,"[""11011100001110000""]",1,0.000244140625,False,False,,,,4.7011598886353845,0.1618418294206622,{},{}
"[0, 0, 0, 0, 1, 1, 1, 0, 0, 0, 1, 0, 0, 1, 1, 1, 1, 0]",000011100010011110,"[""11110010001110000""]",1,0.000244140625,False,False,,,,4.716216926738585,0.1623847974974209,{},{}
"[0, 0, 0, 0, 1, 1, 1, 0, 0, 1, 0, 0, 0, 1, 1, 0, 0, 0]",000011100100011000,"[""110001001110000""]",1,0.000244140625,False,False,,,,4.215506026062024,0.14432878721909861,{},{}
"[0, 0, 0, 0, 1, 1, 1, 0, 0, 1, 0, 0, 1, 0, 0, 0, 0, 0]",000011100100100000,"[""1001001110000""]",1,0.000244140625,False,False,,,,3.0393038021227667,0.10191405365500675,{},{}
"[0, 0, 0, 0, 1, 1, 1, 0, 0, 1, 0, 1, 0, 0, 0, 1, 0, 0]",000011100101000100,"[""1000101001110000""]",1,0.000244140625,False,False,,,,4.267799319484869,0.14621452256509246,{},{}
"[0, 0, 0, 0, 1, 1, 1, 0, 0, 1, 0, 1, 0, 1, 0, 0, 1, 1]",000011100101010011,"[""110010101001110000""]",1,0.000244140625,False,False,,,,4.798297788591645,0.16534469488185943,{},{}
"[0, 0, 0, 0, 1, 1, 1, 0, 0, 1, 0, 1, 0, 1, 1, 0, 0, 1]",000011100101011001,"[""100110101001110000""]",1,0.000244140625,False,False,,,,4.746995851488836,0.16349470858762352,{},{}
"[0, 0, 0, 0, 1, 1, 1, 0, 0, 1, 0, 1, 1, 0, 0, 0, 1, 0]",000011100101100010,"[""10001101001110000""]",1,0.000244140625,False,False,,,,3.472944135395819,0.11755144901447205,{},{}
"[0, 0, 0, 0, 1, 1, 1, 0, 0, 1, 1, 0, 0, 0, 0, 0, 1, 1]",000011100110000011,"[""110000011001110000""]",1,0.000244140625,False,False,,,,5.569584962936443,0.19315788834078063,{},{}
"[0, 0, 0, 0, 1, 1, 1, 0, 0, 1, 1, 0, 1, 0, 1, 0, 1, 0]",000011100110101010,"[""10101011001110000""]",1,0.000244140625,False,False,,,,4.6575661564489845,0.16026980677173544,{},{}
"[0, 0, 0, 0, 1, 1, 1, 0, 0, 1, 1, 0, 1, 1, 1, 1, 1, 0]",000011100110111110,"[""11111011001110000""]",1,0.000244140625,False,False,,,,9.180169079192318,0.32335825710801713,{},{}
"[0, 0, 0, 0, 1, 1, 1, 0, 0, 1, 1, 1, 0, 0, 1, 1, 1, 0]",000011100111001110,"[""11100111001110000""]",1,0.000244140625,False,False,,,,7.9334467718660715,0.27840051649386277,{},{}
"[0, 0, 0, 0, 1, 1, 1, 0, 1, 0, 0, 1, 0, 0, 0, 1, 1, 0]",000011101001000110,"[""11000100101110000""]",1,0.000244140625,False,False,,,,5.551741113345204,0.19251442575350938,{},{}
"[0, 0, 0, 0, 1, 1, 1, 0, 1, 0, 0, 1, 0, 1, 1, 0, 1, 0]",000011101001011010,"[""10110100101110000""]",1,0.000244140625,False,False,,,,4.804470431863369,0.16556728502361204,{},{}
"[0, 0, 0, 0, 1, 1, 1, 0, 1, 0, 1, 0, 1, 1, 1, 0, 0, 1]",000011101010111001,"[""100111010101110000""]",1,0.000244140625,False,False,,,,8.04023369925126,0.2822513331144958,{},{}
"[0, 0, 0, 0, 1, 1, 1, 0, 1, 0, 1, 1, 1, 1, 0, 0, 0, 1]",000011101011110001,"[""100011110101110000""]",1,0.000244140625,False,False,,,,6.051013521438434,0.21051856291136473,{},{}
"[0, 0, 0, 0, 1, 1, 1, 0, 1, 1, 0, 0, 1, 1, 0, 1, 0, 1]",000011101100110101,"[""101011001101110000""]",1,0.000244140625,False,False,,,,6.123664914995853,0.21313842660323704,{},{}
"[0, 0, 0, 0, 1, 1, 1, 0, 1, 1, 0, 1, 0, 0, 0, 1, 1, 0]",000011101101000110,"[""11000101101110000""]",1,0.000244140625,False,False,,,,6.776274859983324,0.236672030242597,{},{}
"[0, 0, 0, 0, 1, 1, 1, 0, 1, 1, 0, 1, 1, 0, 0, 0, 0, 0]",000011101101100000,"[""1101101110000""]",1,0.000244140625,False,False,,,,5.5306359260237485,0.19175335688385384,{},{}
"[0, 0, 0, 0, 1, 1, 1, 0, 1, 1, 1, 1, 1, 1, 0, 1, 1, 0]",000011101111110110,"[""11011111101110000""]",1,0.000244140625,False,False,,,,10.495938087182433,0.3708058734871818,{},{}
"[0, 0, 0, 0, 1, 1, 1, 1, 0, 0, 0, 1, 1, 0, 0, 0, 0, 0]",000011110001100000,"[""1100011110000""]",1,0.000244140625,False,False,,,,4.231066112442633,0.1448898955936921,{},{}
"[0, 0, 0, 0, 1, 1, 1, 1, 0, 0, 1, 0, 0, 1, 1, 0, 0, 0]",000011110010011000,"[""110010011110000""]",1,0.000244140625,False,False,,,,5.5269044370969365,0.1916187965970198,{},{}
"[0, 0, 0, 0, 1, 1, 1, 1, 0, 0, 1, 1, 1, 0, 1, 0, 0, 1]",000011110011101001,"[""100101110011110000""]",1,0.000244140625,False,False,,,,5.961960983671833,0.20730726166936703,{},{}
"[0, 0, 0, 0, 1, 1, 1, 1, 0, 1, 0, 1, 1, 1, 0, 0, 1, 1]",000011110101110011,"[""110011101011110000""]",1,0.000244140625,False,False,,,,7.263737415370638,0.2542502952623476,{},{}
"[0, 0, 0, 0, 1, 1, 1, 1, 0, 1, 1, 1, 1, 1, 0, 0, 0, 1]",000011110111110001,"[""100011111011110000""]",1,0.000244140625,False,False,,,,9.216479172912305,0.32466762629596385,{},{}
"[0, 0, 0, 0, 1, 1, 1, 1, 1, 0, 1, 1, 0, 1, 0, 0, 0, 0]",000011111011010000,"[""10110111110000""]",1,0.000244140625,False,False,,,,8.835496505205722,0.3109291058150281,{},{}
"[0, 0, 0, 0, 1, 1, 1, 1, 1, 1, 0, 1, 0, 1, 0, 0, 1, 0]",000011111101010010,"[""10010101111110000""]",1,0.000244140625,False,False,,,,8.050033947567517,0.2826047374124437,{},{}
"[0, 0, 0, 0, 1, 1, 1, 1, 1, 1, 0, 1, 1, 0, 1, 0, 1, 0]",000011111101101010,"[""10101101111110000""]",1,0.000244140625,False,False,,,,9.22878821891829,0.3251114997185318,{},{}
"[0, 0, 0, 0, 1, 1, 1, 1, 1, 1, 1, 0, 0, 1, 0, 1, 0, 1]",000011111110010101,"[""101010011111110000""]",1,0.000244140625,False,False,,,,9.374424518766954,0.3303632538213708,{},{}
"[0, 0, 0, 1, 0, 0, 0, 0, 0, 0, 0, 0, 0, 1, 0, 1, 1, 1]",000100000000010111,"[""111010000000001000""]",1,0.000244140625,False,False,,,,7.043946566582499,0.24632447255819334,{},{}
"[0, 0, 0, 1, 0, 0, 0, 0, 0, 0, 0, 0, 1, 0, 0, 1, 1, 0]",000100000000100110,"[""11001000000001000""]",1,0.000244140625,False,False,,,,3.827140531805726,0.13032403648057392,{},{}
"[0, 0, 0, 1, 0, 0, 0, 0, 0, 0, 0, 1, 0, 0, 0, 0, 0, 1]",000100000001000001,"[""100000100000001000""]",1,0.000244140625,False,False,,,,2.659497143730257,0.08821794095116077,{},{}
"[0, 0, 0, 1, 0, 0, 0, 0, 0, 0, 1, 0, 0, 0, 0, 0, 1, 1]",000100000010000011,"[""110000010000001000""]",1,0.000244140625,False,False,,,,3.8345147874149745,0.13058995766362713,{},{}
"[0, 0, 0, 1, 0, 0, 0, 0, 0, 0, 1, 0, 0, 1, 0, 0, 0, 0]",000100000010010000,"[""10010000001000""]",1,0.000244140625,False,False,,,,2.5721016261440326,0.08506639309852973,{},{}
"[0, 0, 0, 1, 0, 0, 0, 0, 0, 0, 1, 0, 0, 1, 1, 0, 0, 1]",000100000010011001,"[""100110010000001000""]",1,0.000244140625,False,False,,,,2.998733185004512,0.10045104680076156,{},{}
"[0, 0, 0, 1, 0, 0, 0, 0, 0, 0, 1, 0, 1, 1, 0, 0, 1, 1]",000100000010110011,"[""110011010000001000""]",1,0.000244140625,False,False,,,,4.207546507759382,0.1440417610247641,{},{}
"[0, 0, 0, 1, 0, 0, 0, 0, 0, 0, 1, 0, 1, 1, 1, 0, 0, 1]",000100000010111001,"[""100111010000001000""]",1,0.000244140625,False,False,,,,6.173909901250471,0.2149502984578775,{},{}
"[0, 0, 0, 1, 0, 0, 0, 0, 0, 0, 1, 1, 0, 0, 1, 0, 0, 1]",000100000011001001,"[""100100110000001000""]",1,0.000244140625,False,False,,,,3.031410060505082,0.10162939941722053,{},{}
"[0, 0, 0, 1, 0, 0, 0, 0, 0, 0, 1, 1, 0, 1, 1, 1, 0, 1]",000100000011011101,"[""101110110000001000""]",1,0.000244140625,False,False,,,,5.424656814717728,0.18793167071636002,{},{}
"[0, 0, 0, 1, 0, 0, 0, 0, 0, 0, 1, 1, 0, 1, 1, 1, 1, 0]",000100000011011110,"[""11110110000001000""]",1,0.000244140625,False,False,,,,5.4201427712472325,0.1877688909262857,{},{}
"[0, 0, 0, 1, 0, 0, 0, 0, 0, 1, 0, 0, 0, 0, 1, 0, 1, 1]",000100000100001011,"[""110100001000001000""]",1,0.000244140625,False,False,,,,3.0201169830563503,0.10122216258212734,{},{}
"[0, 0, 0, 1, 0, 0, 0, 0, 0, 1, 1, 0, 0, 0, 1, 1, 0, 1]",000100000110001101,"[""101100011000001000""]",1,0.000244140625,False,False,,,,4.2395450665002,0.14519565303058027,{},{}
"[0, 0, 0, 1, 0, 0, 0, 0, 0, 1, 1, 0, 0, 1, 0, 0, 0, 1]",000100000110010001,"[""100010011000001000""]",1,0.000244140625,False,False,,,,2.979669446809933,0.09976359411634936,{},{}
"[0, 0, 0, 1, 0, 0, 0, 0, 0, 1, 1, 0, 0, 1, 1, 0, 0, 0]",000100000110011000,"[""110011000001000""]",1,0.000244140625,False,False,,,,4.9336212804880315,0.17022456140219702,{},{}
"[0, 0, 0, 1, 0, 0, 0, 0, 0, 1, 1, 1, 1, 0, 1, 1, 0, 0]",000100000111101100,"[""1101111000001000""]",1,0.000244140625,False,False,,,,7.470961734784061,0.2617229595007163,{},{}
"[0, 0, 0, 1, 0, 0, 0, 0, 1, 0, 0, 0, 0, 0, 1, 1, 0, 0]",000100001000001100,"[""1100000100001000""]",1,0.000244140625,False,False,,,,1.8667888254317382,0.0596322849896674,{},{}
"[0, 0, 0, 1, 0, 0, 0, 0, 1, 0, 0, 0, 0, 1, 1, 0, 0, 0]",000100001000011000,"[""110000100001000""]",1,0.000244140625,False,False,,,,3.8192344759135084,0.13003893818082052,{},{}
"[0, 0, 0, 1, 0, 0, 0, 0, 1, 0, 0, 0, 1, 0, 1, 1, 1, 0]",000100001000101110,"[""11101000100001000""]",1,0.000244140625,False,False,,,,4.259529509542659,0.14591630702172292,{},{}
"[0, 0, 0, 1, 0, 0, 0, 0, 1, 0, 0, 1, 0, 1, 1, 1, 1, 1]",000100001001011111,"[""111110100100001000""]",1,0.000244140625,False,False,,,,6.720843402659629,0.2346731303548042,{},{}
"[0, 0, 0, 1, 0, 0, 0, 0, 1, 0, 0, 1, 1, 0, 0, 1, 0, 1]",000100001001100101,"[""101001100100001000""]",1,0.000244140625,False,False,,,,2.33593465159931,0.07655003502839794,{},{}
"[0, 0, 0, 1, 0, 0, 0, 0, 1, 0, 1, 1, 0, 0, 0, 1, 0, 0]",000100001011000100,"[""1000110100001000""]",1,0.000244140625,False,False,,,,3.012871222396038,0.10096087502321842,{},{}
"[0, 0, 0, 1, 0, 0, 0, 0, 1, 1, 0, 0, 0, 0, 0, 0, 0, 0]",000100001100000000,"[""1100001000""]",1,0.000244140625,False,False,,,,2.6461908244121335,0.08773810510566583,{},{}
"[0, 0, 0, 1, 0, 0, 0, 0, 1, 1, 0, 0, 1, 0, 0, 0, 0, 1]",000100001100100001,"[""100001001100001000""]",1,0.000244140625,False,False,,,,1.1246753198445405,0.032871115886980225,{},{}
"[0, 0, 0, 1, 0, 0, 0, 0, 1, 1, 0, 0, 1, 1, 0, 0, 1, 0]",000100001100110010,"[""10011001100001000""]",1,0.000244140625,False,False,,,,2.199053934540682,0.07161401380182747,{},{}
"[0, 0, 0, 1, 0, 0, 0, 0, 1, 1, 0, 1, 1, 0, 0, 0, 0, 1]",000100001101100001,"[""100001101100001000""]",1,0.000244140625,False,False,,,,2.3095771050202427,0.0755995621481392,{},{}
"[0, 0, 0, 1, 0, 0, 0, 0, 1, 1, 0, 1, 1, 0, 0, 1, 1, 1]",000100001101100111,"[""111001101100001000""]",1,0.000244140625,False,False,,,,6.775150060257715,0.2366314691216404,{},{}
"[0, 0, 0, 1, 0, 0, 0, 0, 1, 1, 1, 0, 0, 1, 1, 0, 0, 0]",000100001110011000,"[""110011100001000""]",1,0.000244140625,False,False,,,,4.16387228744193,0.14246683591351908,{},{}
"[0, 0, 0, 1, 0, 0, 0, 0, 1, 1, 1, 1, 1, 1, 1, 1, 0, 1]",000100001111111101,"[""101111111100001000""]",1,0.000244140625,False,False,,,,11.172009683869696,0.3951855218674601,{},{}
"[0, 0, 0, 1, 0, 0, 0, 1, 0, 0, 0, 0, 0, 1, 0, 0, 1, 1]",000100010000010011,"[""110010000010001000""]",1,0.000244140625,False,False,,,,3.0765063340472243,0.10325560483334136,{},{}
"[0, 0, 0, 1, 0, 0, 0, 1, 0, 0, 0, 0, 0, 1, 1, 0, 0, 0]",000100010000011000,"[""110000010001000""]",1,0.000244140625,False,False,,,,3.8158140898211568,0.1299155964953172,{},{}
"[0, 0, 0, 1, 0, 0, 0, 1, 0, 0, 0, 0, 1, 0, 1, 0, 0, 0]",000100010000101000,"[""101000010001000""]",1,0.000244140625,False,False,,,,3.8017314755376086,0.12940776687166447,{},{}
"[0, 0, 0, 1, 0, 0, 0, 1, 0, 0, 0, 0, 1, 0, 1, 0, 1, 1]",000100010000101011,"[""110101000010001000""]",1,0.000244140625,False,False,,,,4.228270265388228,0.14478907525388574,{},{}
"[0, 0, 0, 1, 0, 0, 0, 1, 0, 0, 0, 0, 1, 0, 1, 1, 0, 0]",000100010000101100,"[""1101000010001000""]",1,0.000244140625,False,False,,,,3.0432840994899606,0.1020575861606417,{},{}
"[0, 0, 0, 1, 0, 0, 0, 1, 0, 0, 0, 0, 1, 1, 0, 0, 1, 0]",000100010000110010,"[""10011000010001000""]",1,0.000244140625,False,False,,,,3.0034969131882465,0.10062283040869267,{},{}
"[0, 0, 0, 1, 0, 0, 0, 1, 0, 0, 0, 1, 0, 0, 1, 0, 0, 1]",000100010001001001,"[""100100100010001000""]",1,0.000244140625,False,False,,,,1.0596426815722877,0.030525990219686796,{},{}
"[0, 0, 0, 1, 0, 0, 0, 1, 0, 0, 0, 1, 1, 0, 1, 1, 1, 0]",000100010001101110,"[""11101100010001000""]",1,0.000244140625,False,False,,,,3.453923635466328,0.11686555553429882,{},{}
"[0, 0, 0, 1, 0, 0, 0, 1, 0, 0, 0, 1, 1, 1, 1, 1, 0, 0]",000100010001111100,"[""1111100010001000""]",1,0.000244140625,False,False,,,,5.4411377642226615,0.18852598610525112,{},{}
"[0, 0, 0, 1, 0, 0, 0, 1, 0, 0, 1, 0, 0, 1, 0, 0, 0, 0]",000100010010010000,"[""10010010001000""]",1,0.000244140625,False,False,,,,1.8155343256986205,0.057784009322528994,{},{}
"[0, 0, 0, 1, 0, 0, 0, 1, 0, 0, 1, 0, 1, 0, 0, 0, 1, 0]",000100010010100010,"[""10001010010001000""]",1,0.000244140625,False,False,,,,1.0034969131882465,0.028501331739800004,{},{}
"[0, 0, 0, 1, 0, 0, 0, 1, 0, 0, 1, 0, 1, 0, 1, 0, 1, 0]",000100010010101010,"[""10101010010001000""]",1,0.000244140625,False,False,,,,2.207076036893619,0.07190329682391201,{},{}
"[0, 0, 0, 1, 0, 0, 0, 1, 0, 0, 1, 1, 1, 1, 0, 1, 1, 0]",000100010011110110,"[""11011110010001000""]",1,0.000244140625,False,False,,,,4.66308574363746,0.16046884722176868,{},{}
"[0, 0, 0, 1, 0, 0, 0, 1, 0, 1, 0, 0, 0, 0, 0, 1, 1, 1]",000100010100000111,"[""111000001010001000""]",1,0.000244140625,False,False,,,,6.2741412819777045,0.21856471715372772,{},{}
"[0, 0, 0, 1, 0, 0, 0, 1, 0, 1, 0, 0, 0, 0, 1, 1, 1, 0]",000100010100001110,"[""11100001010001000""]",1,0.000244140625,False,False,,,,2.2295342685781403,0.07271315748718245,{},{}
"[0, 0, 0, 1, 0, 0, 0, 1, 0, 1, 0, 0, 1, 0, 1, 0, 0, 1]",000100010100101001,"[""100101001010001000""]",1,0.000244140625,False,False,,,,2.2335226246458393,0.07285698059559627,{},{}
"[0, 0, 0, 1, 0, 0, 0, 1, 0, 1, 0, 0, 1, 0, 1, 1, 0, 1]",000100010100101101,"[""101101001010001000""]",1,0.000244140625,False,False,,,,3.522991126068015,0.11935618100004548,{},{}
"[0, 0, 0, 1, 0, 0, 0, 1, 0, 1, 0, 1, 0, 1, 1, 1, 0, 0]",000100010101011100,"[""1110101010001000""]",1,0.000244140625,False,False,,,,3.4411377642226615,0.11640448743635845,{},{}
"[0, 0, 0, 1, 0, 0, 0, 1, 0, 1, 1, 0, 1, 0, 1, 1, 0, 1]",000100010110101101,"[""101101011010001000""]",1,0.000244140625,False,False,,,,4.704352940255025,0.16195697325473002,{},{}
"[0, 0, 0, 1, 0, 0, 0, 1, 1, 0, 0, 0, 0, 0, 1, 1, 1, 1]",000100011000001111,"[""111100000110001000""]",1,0.000244140625,False,False,,,,7.532292741706539,0.263934601567777,{},{}
"[0, 0, 0, 1, 0, 0, 0, 1, 1, 0, 0, 1, 0, 1, 1, 1, 0, 1]",000100011001011101,"[""101110100110001000""]",1,0.000244140625,False,False,,,,4.7359987210085635,0.1630981438219762,{},{}
"[0, 0, 0, 1, 0, 0, 0, 1, 1, 0, 1, 0, 0, 0, 1, 1, 0, 1]",000100011010001101,"[""101100010110001000""]",1,0.000244140625,False,False,,,,3.52094802338521,0.11928250518633632,{},{}
"[0, 0, 0, 1, 0, 0, 0, 1, 1, 0, 1, 0, 1, 0, 1, 1, 0, 0]",000100011010101100,"[""1101010110001000""]",1,0.000244140625,False,False,,,,3.475735988544047,0.11765212533102888,{},{}
"[0, 0, 0, 1, 0, 0, 0, 1, 1, 0, 1, 1, 0, 0, 1, 0, 0, 0]",000100011011001000,"[""100110110001000""]",1,0.000244140625,False,False,,,,4.266159829626592,0.14615540133227678,{},{}
"[0, 0, 0, 1, 0, 0, 0, 1, 1, 0, 1, 1, 0, 1, 0, 0, 1, 1]",000100011011010011,"[""110010110110001000""]",1,0.000244140625,False,False,,,,4.781546139548165,0.16474061786476388,{},{}
"[0, 0, 0, 1, 0, 0, 0, 1, 1, 0, 1, 1, 0, 1, 1, 0, 1, 0]",000100011011011010,"[""10110110110001000""]",1,0.000244140625,False,False,,,,4.739072030801745,0.16320896967605522,{},{}
"[0, 0, 0, 1, 0, 0, 0, 1, 1, 0, 1, 1, 1, 1, 0, 1, 0, 0]",000100011011110100,"[""1011110110001000""]",1,0.000244140625,False,False,,,,4.652460493254715,0.1600856927311008,{},{}
"[0, 0, 0, 1, 0, 0, 0, 1, 1, 1, 0, 0, 0, 0, 0, 0, 1, 1]",000100011100000011,"[""110000001110001000""]",1,0.000244140625,False,False,,,,4.302356071422099,0.14746066493451357,{},{}
"[0, 0, 0, 1, 0, 0, 0, 1, 1, 1, 0, 0, 0, 0, 0, 1, 1, 1]",000100011100000111,"[""111000001110001000""]",1,0.000244140625,False,False,,,,7.5439086953744505,0.2643534815612761,{},{}
"[0, 0, 0, 1, 0, 0, 0, 1, 1, 1, 0, 1, 1, 0, 1, 0, 0, 1]",000100011101101001,"[""100101101110001000""]",1,0.000244140625,False,False,,,,4.729120557853113,0.16285011210454609,{},{}
"[0, 0, 0, 1, 0, 0, 1, 0, 0, 0, 0, 0, 0, 0, 0, 1, 0, 1]",000100100000000101,"[""101000000001001000""]",1,0.000244140625,False,False,,,,3.9066915455486497,0.13319270564645858,{},{}
"[0, 0, 0, 1, 0, 0, 1, 0, 0, 0, 0, 0, 0, 0, 1, 0, 1, 0]",000100100000001010,"[""10100000001001000""]",1,0.000244140625,False,False,,,,1.7990895228701418,0.05719099740987683,{},{}
"[0, 0, 0, 1, 0, 0, 1, 0, 0, 0, 0, 0, 1, 1, 0, 1, 0, 1]",000100100000110101,"[""101011000001001000""]",1,0.000244140625,False,False,,,,4.313431736497946,0.14786006171652596,{},{}
"[0, 0, 0, 1, 0, 0, 1, 0, 0, 0, 0, 1, 0, 0, 1, 0, 1, 0]",000100100001001010,"[""10100100001001000""]",1,0.000244140625,False,False,,,,1.0249200426806682,0.029273865842385605,{},{}
"[0, 0, 0, 1, 0, 0, 1, 0, 0, 0, 0, 1, 1, 0, 1, 0, 0, 1]",000100100001101001,"[""100101100001001000""]",1,0.000244140625,False,False,,,,2.2939486098004855,0.07503598689954495,{},{}
"[0, 0, 0, 1, 0, 0, 1, 0, 0, 0, 0, 1, 1, 0, 1, 0, 1, 0]",000100100001101010,"[""10101100001001000""]",1,0.000244140625,False,False,,,,2.24555947553834,0.07329103845840684,{},{}
"[0, 0, 0, 1, 0, 0, 1, 0, 0, 0, 1, 0, 0, 0, 0, 1, 0, 0]",000100100010000100,"[""1000010001001000""]",1,0.000244140625,False,False,,,,1.820382838093007,0.057958850312627916,{},{}
"[0, 0, 0, 1, 0, 0, 1, 0, 0, 0, 1, 0, 1, 0, 1, 1, 1, 0]",000100100010101110,"[""11101010001001000""]",1,0.000244140625,False,False,,,,3.4733230857296657,0.1175651142474711,{},{}
"[0, 0, 0, 1, 0, 0, 1, 0, 0, 0, 1, 1, 0, 0, 0, 0, 0, 0]",000100100011000000,"[""110001001000""]",1,0.000244140625,False,False,,,,3.7848624987041366,0.12879945892654407,{},{}
"[0, 0, 0, 1, 0, 0, 1, 0, 0, 0, 1, 1, 0, 0, 1, 1, 0, 0]",000100100011001100,"[""1100110001001000""]",1,0.000244140625,False,False,,,,2.2404538123440703,0.07310692441777218,{},{}
"[0, 0, 0, 1, 0, 0, 1, 0, 0, 1, 0, 0, 0, 1, 0, 0, 0, 0]",000100100100010000,"[""10001001001000""]",1,0.000244140625,False,False,,,,1.8033639607787744,0.05734513684384568,{},{}
"[0, 0, 0, 1, 0, 0, 1, 0, 0, 1, 0, 0, 1, 0, 0, 0, 0, 1]",000100100100100001,"[""100001001001001000""]",1,0.000244140625,False,False,,,,1.1345354295344192,0.03322667883091709,{},{}
"[0, 0, 0, 1, 0, 0, 1, 0, 0, 1, 0, 0, 1, 0, 0, 1, 0, 0]",000100100100100100,"[""1001001001001000""]",1,0.000244140625,False,False,,,,1.2119418411985339,0.03601801203881569,{},{}
"[0, 0, 0, 1, 0, 0, 1, 0, 0, 1, 0, 1, 1, 0, 0, 0, 0, 1]",000100100101100001,"[""100001101001001000""]",1,0.000244140625,False,False,,,,2.3287758839749557,0.07629188450355254,{},{}
"[0, 0, 0, 1, 0, 0, 1, 0, 0, 1, 0, 1, 1, 1, 0, 0, 1, 1]",000100100101110011,"[""110011101001001000""]",1,0.000244140625,False,False,,,,4.696592829177872,0.16167713783436932,{},{}
"[0, 0, 0, 1, 0, 0, 1, 0, 0, 1, 1, 0, 1, 1, 0, 1, 0, 0]",000100100110110100,"[""1011011001001000""]",1,0.000244140625,False,False,,,,3.526044180522959,0.11946627643144964,{},{}
"[0, 0, 0, 1, 0, 0, 1, 0, 0, 1, 1, 0, 1, 1, 1, 1, 0, 1]",000100100110111101,"[""101111011001001000""]",1,0.000244140625,False,False,,,,7.984265804753427,0.2802330889002327,{},{}
"[0, 0, 0, 1, 0, 0, 1, 0, 1, 0, 0, 0, 0, 1, 0, 1, 0, 0]",000100101000010100,"[""1010000101001000""]",1,0.000244140625,False,False,,,,3.052795574430413,0.10240057707427021,{},{}
"[0, 0, 0, 1, 0, 0, 1, 0, 1, 0, 0, 1, 0, 1, 1, 0, 1, 1]",000100101001011011,"[""110110100101001000""]",1,0.000244140625,False,False,,,,4.718791051884974,0.16247762237908037,{},{}
"[0, 0, 0, 1, 0, 0, 1, 0, 1, 0, 0, 1, 1, 1, 0, 1, 0, 0]",000100101001110100,"[""1011100101001000""]",1,0.000244140625,False,False,,,,3.501237459435787,0.1185717274805156,{},{}
"[0, 0, 0, 1, 0, 0, 1, 0, 1, 0, 1, 0, 0, 0, 1, 1, 1, 1]",000100101010001111,"[""111100010101001000""]",1,0.000244140625,False,False,,,,6.73205999516869,0.23507760908566008,{},{}
"[0, 0, 0, 1, 0, 0, 1, 0, 1, 0, 1, 0, 0, 1, 1, 0, 0, 0]",000100101010011000,"[""110010101001000""]",1,0.000244140625,False,False,,,,4.194633846666503,0.14357612078985313,{},{}
"[0, 0, 0, 1, 0, 0, 1, 0, 1, 0, 1, 0, 1, 0, 1, 0, 0, 0]",000100101010101000,"[""101010101001000""]",1,0.000244140625,False,False,,,,4.248694490086388,0.1455255881010765,{},{}
"[0, 0, 0, 1, 0, 0, 1, 0, 1, 0, 1, 1, 0, 0, 0, 0, 0, 1]",000100101011000001,"[""100000110101001000""]",1,0.000244140625,False,False,,,,4.2884621694431635,0.1469596404179738,{},{}
"[0, 0, 0, 1, 0, 0, 1, 0, 1, 1, 0, 0, 1, 1, 0, 1, 1, 0]",000100101100110110,"[""11011001101001000""]",1,0.000244140625,False,False,,,,4.7978176429762,0.16532738047117682,{},{}
"[0, 0, 0, 1, 0, 0, 1, 0, 1, 1, 0, 1, 0, 0, 1, 1, 1, 0]",000100101101001110,"[""11100101101001000""]",1,0.000244140625,False,False,,,,4.755648883174975,0.1638067433942404,{},{}
"[0, 0, 0, 1, 0, 0, 1, 0, 1, 1, 1, 1, 0, 1, 0, 0, 0, 1]",000100101111010001,"[""100010111101001000""]",1,0.000244140625,False,False,,,,6.6929165773459545,0.2336660681074609,{},{}
"[0, 0, 0, 1, 0, 0, 1, 0, 1, 1, 1, 1, 0, 1, 1, 1, 1, 0]",000100101111011110,"[""11110111101001000""]",1,0.000244140625,False,False,,,,9.154555047925877,0.32243459594707335,{},{}
"[0, 0, 0, 1, 0, 0, 1, 1, 0, 0, 0, 0, 0, 0, 1, 0, 1, 0]",000100110000001010,"[""10100000011001000""]",1,0.000244140625,False,False,,,,3.007242805202019,0.10075791008163522,{},{}
"[0, 0, 0, 1, 0, 0, 1, 1, 0, 0, 0, 0, 0, 1, 1, 0, 0, 0]",000100110000011000,"[""110000011001000""]",1,0.000244140625,False,False,,,,5.0023544503008495,0.17270313100977897,{},{}
"[0, 0, 0, 1, 0, 0, 1, 1, 0, 0, 0, 1, 0, 1, 0, 1, 0, 0]",000100110001010100,"[""1010100011001000""]",1,0.000244140625,False,False,,,,2.2148790585229237,0.07218467963093764,{},{}
"[0, 0, 0, 1, 0, 0, 1, 1, 0, 0, 0, 1, 1, 0, 0, 1, 0, 0]",000100110001100100,"[""1001100011001000""]",1,0.000244140625,False,False,,,,2.2862775219784135,0.07475936172447066,{},{}
"[0, 0, 0, 1, 0, 0, 1, 1, 0, 0, 0, 1, 1, 0, 1, 0, 0, 0]",000100110001101000,"[""101100011001000""]",1,0.000244140625,False,False,,,,4.251667556097042,0.14563279908924143,{},{}
"[0, 0, 0, 1, 0, 0, 1, 1, 0, 0, 1, 0, 0, 0, 1, 0, 0, 1]",000100110010001001,"[""100100010011001000""]",1,0.000244140625,False,False,,,,2.218950522035797,0.0723314996560997,{},{}
"[0, 0, 0, 1, 0, 0, 1, 1, 0, 0, 1, 0, 1, 0, 0, 0, 1, 1]",000100110010100011,"[""110001010011001000""]",1,0.000244140625,False,False,,,,3.467891094699594,0.11736923258054871,{},{}
"[0, 0, 0, 1, 0, 0, 1, 1, 0, 1, 0, 0, 0, 1, 0, 1, 0, 0]",000100110100010100,"[""1010001011001000""]",1,0.000244140625,False,False,,,,2.2812963980673837,0.0745797386637112,{},{}
"[0, 0, 0, 1, 0, 0, 1, 1, 0, 1, 1, 1, 1, 0, 1, 1, 0, 0]",000100110111101100,"[""1101111011001000""]",1,0.000244140625,False,False,,,,8.011382196695605,0.28121092631291417,{},{}
"[0, 0, 0, 1, 0, 0, 1, 1, 1, 0, 1, 0, 0, 0, 1, 0, 0, 0]",000100111010001000,"[""100010111001000""]",1,0.000244140625,False,False,,,,6.247708738208936,0.2176115398186104,{},{}
"[0, 0, 0, 1, 0, 0, 1, 1, 1, 1, 0, 0, 0, 0, 1, 0, 1, 1]",000100111100001011,"[""110100001111001000""]",1,0.000244140625,False,False,,,,6.741541154524722,0.23541950679659787,{},{}
"[0, 0, 0, 1, 0, 0, 1, 1, 1, 1, 0, 0, 0, 1, 0, 1, 1, 0]",000100111100010110,"[""11010001111001000""]",1,0.000244140625,False,False,,,,6.7491922802221325,0.23569541212249853,{},{}
"[0, 0, 0, 1, 0, 0, 1, 1, 1, 1, 0, 1, 0, 1, 1, 1, 1, 0]",000100111101011110,"[""11110101111001000""]",1,0.000244140625,False,False,,,,9.194396956423025,0.32387132502239496,{},{}
"[0, 0, 0, 1, 0, 0, 1, 1, 1, 1, 1, 0, 1, 0, 0, 0, 1, 1]",000100111110100011,"[""110001011111001000""]",1,0.000244140625,False,False,,,,8.020596522916852,0.2815432018210644,{},{}
"[0, 0, 0, 1, 0, 1, 0, 0, 0, 0, 0, 0, 1, 0, 0, 0, 0, 0]",000101000000100000,"[""1000000101000""]",1,0.000244140625,False,False,,,,4.657691223060476,0.16027431676746254,{},{}
"[0, 0, 0, 1, 0, 1, 0, 0, 0, 0, 0, 0, 1, 1, 1, 0, 0, 0]",000101000000111000,"[""111000000101000""]",1,0.000244140625,False,False,,,,9.015250260072644,0.3174111609112097,{},{}
"[0, 0, 0, 1, 0, 1, 0, 0, 0, 0, 0, 1, 1, 0, 0, 0, 0, 0]",000101000001100000,"[""1100000101000""]",1,0.000244140625,False,False,,,,3.83469549189368,0.13059647400253735,{},{}
"[0, 0, 0, 1, 0, 1, 0, 0, 0, 0, 1, 0, 0, 0, 0, 0, 1, 1]",000101000010000011,"[""110000010000101000""]",1,0.000244140625,False,False,,,,5.132298208606226,0.17738900030560503,{},{}
"[0, 0, 0, 1, 0, 1, 0, 0, 0, 0, 1, 0, 0, 0, 0, 1, 0, 1]",000101000010000101,"[""101000010000101000""]",1,0.000244140625,False,False,,,,5.1278929558776305,0.17723014359120426,{},{}
"[0, 0, 0, 1, 0, 1, 0, 0, 0, 1, 0, 1, 0, 1, 0, 0, 1, 0]",000101000101010010,"[""10010101000101000""]",1,0.000244140625,False,False,,,,4.222630928548605,0.14458571654169958,{},{}
"[0, 0, 0, 1, 0, 1, 0, 0, 0, 1, 1, 0, 0, 0, 1, 1, 1, 1]",000101000110001111,"[""111100011000101000""]",1,0.000244140625,False,False,,,,8.761945341774744,0.3082767957472867,{},{}
"[0, 0, 0, 1, 0, 1, 0, 0, 0, 1, 1, 0, 0, 1, 0, 0, 0, 1]",000101000110010001,"[""100010011000101000""]",1,0.000244140625,False,False,,,,4.286791537266021,0.1468993961698038,{},{}
"[0, 0, 0, 1, 0, 1, 0, 0, 0, 1, 1, 0, 1, 0, 0, 0, 1, 0]",000101000110100010,"[""10001011000101000""]",1,0.000244140625,False,False,,,,4.219893002453859,0.1444869848751007,{},{}
"[0, 0, 0, 1, 0, 1, 0, 0, 0, 1, 1, 1, 0, 1, 1, 0, 1, 1]",000101000111011011,"[""110110111000101000""]",1,0.000244140625,False,False,,,,9.958432121494024,0.35142300559272255,{},{}
"[0, 0, 0, 1, 0, 1, 0, 0, 1, 0, 0, 0, 0, 0, 0, 1, 0, 0]",000101001000000100,"[""1000000100101000""]",1,0.000244140625,False,False,,,,3.96030137118681,0.13512591613065963,{},{}
"[0, 0, 0, 1, 0, 1, 0, 0, 1, 0, 0, 0, 0, 1, 0, 1, 0, 1]",000101001000010101,"[""101010000100101000""]",1,0.000244140625,False,False,,,,4.449397750826735,0.15276309807724017,{},{}
"[0, 0, 0, 1, 0, 1, 0, 0, 1, 0, 1, 0, 0, 0, 1, 1, 0, 0]",000101001010001100,"[""1100010100101000""]",1,0.000244140625,False,False,,,,2.3099628918564816,0.07561347391053733,{},{}
"[0, 0, 0, 1, 0, 1, 0, 0, 1, 0, 1, 0, 0, 1, 1, 0, 0, 0]",000101001010011000,"[""110010100101000""]",1,0.000244140625,False,False,,,,4.284346087734078,0.14681121142722237,{},{}
"[0, 0, 0, 1, 0, 1, 0, 0, 1, 0, 1, 0, 1, 1, 0, 1, 1, 0]",000101001010110110,"[""11011010100101000""]",1,0.000244140625,False,False,,,,4.74693300955081,0.16349244246024866,{},{}
"[0, 0, 0, 1, 0, 1, 0, 0, 1, 1, 0, 0, 1, 0, 0, 0, 0, 0]",000101001100100000,"[""1001100101000""]",1,0.000244140625,False,False,,,,3.1426825385608668,0.10564196835621287,{},{}
"[0, 0, 0, 1, 0, 1, 0, 0, 1, 1, 0, 1, 1, 0, 1, 0, 0, 0]",000101001101101000,"[""101101100101000""]",1,0.000244140625,False,False,,,,5.5534148435470945,0.19257478171877324,{},{}
"[0, 0, 0, 1, 0, 1, 0, 0, 1, 1, 1, 0, 0, 1, 0, 1, 0, 1]",000101001110010101,"[""101010011100101000""]",1,0.000244140625,False,False,,,,4.851290109089815,0.1672556376679946,{},{}
"[0, 0, 0, 1, 0, 1, 0, 1, 0, 0, 0, 0, 0, 0, 0, 0, 1, 1]",000101010000000011,"[""110000000010101000""]",1,0.000244140625,False,False,,,,5.1551953629706455,0.1782146888496125,{},{}
"[0, 0, 0, 1, 0, 1, 0, 1, 0, 0, 0, 0, 1, 1, 0, 1, 0, 0]",000101010000110100,"[""1011000010101000""]",1,0.000244140625,False,False,,,,4.264259348496177,0.14608686855861802,{},{}
"[0, 0, 0, 1, 0, 1, 0, 1, 0, 0, 0, 1, 0, 0, 0, 0, 1, 1]",000101010001000011,"[""110000100010101000""]",1,0.000244140625,False,False,,,,4.340097148146348,0.1488216364418788,{},{}
"[0, 0, 0, 1, 0, 1, 0, 1, 0, 0, 0, 1, 0, 1, 0, 0, 0, 0]",000101010001010000,"[""10100010101000""]",1,0.000244140625,False,False,,,,3.0309906405512304,0.10161427481939883,{},{}
"[0, 0, 0, 1, 0, 1, 0, 1, 0, 0, 0, 1, 1, 0, 1, 0, 0, 0]",000101010001101000,"[""101100010101000""]",1,0.000244140625,False,False,,,,4.242738546078208,0.14531081229714748,{},{}
"[0, 0, 0, 1, 0, 1, 0, 1, 0, 0, 0, 1, 1, 0, 1, 0, 1, 0]",000101010001101010,"[""10101100010101000""]",1,0.000244140625,False,False,,,,3.454122417116218,0.11687272374954778,{},{}
"[0, 0, 0, 1, 0, 1, 0, 1, 0, 0, 1, 0, 0, 1, 0, 0, 0, 1]",000101010010010001,"[""100010010010101000""]",1,0.000244140625,False,False,,,,2.345708851309814,0.07690249999410322,{},{}
"[0, 0, 0, 1, 0, 1, 0, 1, 0, 0, 1, 0, 0, 1, 0, 1, 1, 0]",000101010010010110,"[""11010010010101000""]",1,0.000244140625,False,False,,,,3.523417625220385,0.11937156087907046,{},{}
"[0, 0, 0, 1, 0, 1, 0, 1, 0, 1, 1, 0, 0, 1, 0, 0, 0, 0]",000101010110010000,"[""10011010101000""]",1,0.000244140625,False,False,,,,4.233903600469158,0.14499221753815608,{},{}
"[0, 0, 0, 1, 0, 1, 0, 1, 0, 1, 1, 0, 1, 0, 0, 1, 0, 1]",000101010110100101,"[""101001011010101000""]",1,0.000244140625,False,False,,,,4.799998390663242,0.16540601986688092,{},{}
"[0, 0, 0, 1, 0, 1, 0, 1, 1, 0, 0, 0, 1, 1, 0, 0, 1, 0]",000101011000110010,"[""10011000110101000""]",1,0.000244140625,False,False,,,,5.542339988250932,0.19217541413802305,{},{}
"[0, 0, 0, 1, 0, 1, 0, 1, 1, 0, 0, 1, 0, 0, 0, 0, 0, 1]",000101011001000001,"[""100000100110101000""]",1,0.000244140625,False,False,,,,4.436584768755955,0.152301052342559,{},{}
"[0, 0, 0, 1, 0, 1, 0, 1, 1, 0, 0, 1, 0, 0, 0, 0, 1, 0]",000101011001000010,"[""10000100110101000""]",1,0.000244140625,False,False,,,,4.330088359068169,0.14846071200778926,{},{}
"[0, 0, 0, 1, 0, 1, 0, 1, 1, 0, 1, 0, 1, 1, 0, 1, 1, 1]",000101011010110111,"[""111011010110101000""]",1,0.000244140625,False,False,,,,9.369379685464903,0.3301813333522315,{},{}
"[0, 0, 0, 1, 0, 1, 0, 1, 1, 1, 0, 0, 0, 0, 0, 0, 0, 1]",000101011100000001,"[""100000001110101000""]",1,0.000244140625,False,False,,,,4.444095885433544,0.15257190883829133,{},{}
"[0, 0, 0, 1, 0, 1, 0, 1, 1, 1, 0, 1, 1, 0, 1, 1, 1, 1]",000101011101101111,"[""111101101110101000""]",1,0.000244140625,False,False,,,,10.59099413170525,0.37423366568144306,{},{}
"[0, 0, 0, 1, 0, 1, 0, 1, 1, 1, 1, 0, 1, 0, 0, 0, 0, 0]",000101011110100000,"[""1011110101000""]",1,0.000244140625,False,False,,,,5.517757285770221,0.19128894346590286,{},{}
"[0, 0, 0, 1, 0, 1, 0, 1, 1, 1, 1, 1, 0, 1, 1, 1, 0, 0]",000101011111011100,"[""1110111110101000""]",1,0.000244140625,False,False,,,,9.200516384475515,0.32409199618346596,{},{}
"[0, 0, 0, 1, 0, 1, 1, 0, 0, 0, 0, 0, 1, 1, 0, 0, 0, 1]",000101100000110001,"[""100011000001101000""]",1,0.000244140625,False,False,,,,4.333538486389967,0.14858512618431255,{},{}
"[0, 0, 0, 1, 0, 1, 1, 0, 0, 0, 0, 1, 1, 1, 0, 1, 0, 0]",000101100001110100,"[""1011100001101000""]",1,0.000244140625,False,False,,,,3.510576128700622,0.11890848689199211,{},{}
"[0, 0, 0, 1, 0, 1, 1, 0, 0, 0, 1, 0, 0, 1, 0, 0, 0, 1]",000101100010010001,"[""100010010001101000""]",1,0.000244140625,False,False,,,,2.288816512234919,0.07485091961567311,{},{}
"[0, 0, 0, 1, 0, 1, 1, 0, 0, 0, 1, 1, 0, 0, 0, 1, 1, 0]",000101100011000110,"[""11000110001101000""]",1,0.000244140625,False,False,,,,5.471652882954243,0.18962638415274152,{},{}
"[0, 0, 0, 1, 0, 1, 1, 0, 0, 0, 1, 1, 1, 0, 1, 0, 1, 0]",000101100011101010,"[""10101110001101000""]",1,0.000244140625,False,False,,,,4.671125856185701,0.16075877970499153,{},{}
"[0, 0, 0, 1, 0, 1, 1, 0, 0, 1, 0, 0, 0, 0, 1, 0, 1, 0]",000101100100001010,"[""10100001001101000""]",1,0.000244140625,False,False,,,,2.262921514252393,0.07391712658440926,{},{}
"[0, 0, 0, 1, 0, 1, 1, 0, 0, 1, 0, 1, 0, 1, 1, 1, 1, 1]",000101100101011111,"[""111110101001101000""]",1,0.000244140625,False,False,,,,9.288934204315881,0.32728040902142763,{},{}
"[0, 0, 0, 1, 0, 1, 1, 0, 0, 1, 0, 1, 1, 0, 1, 0, 0, 1]",000101100101101001,"[""100101101001101000""]",1,0.000244140625,False,False,,,,4.852389824976734,0.16729529424693187,{},{}
"[0, 0, 0, 1, 0, 1, 1, 0, 0, 1, 1, 0, 0, 0, 1, 0, 0, 1]",000101100110001001,"[""100100011001101000""]",1,0.000244140625,False,False,,,,3.5198814244880072,0.11924404283086389,{},{}
"[0, 0, 0, 1, 0, 1, 1, 0, 0, 1, 1, 0, 1, 0, 1, 0, 0, 0]",000101100110101000,"[""101011001101000""]",1,0.000244140625,False,False,,,,5.484218582121555,0.19007951268062603,{},{}
"[0, 0, 0, 1, 0, 1, 1, 0, 0, 1, 1, 1, 0, 1, 0, 1, 1, 1]",000101100111010111,"[""111010111001101000""]",1,0.000244140625,False,False,,,,11.260958688603804,0.39839308963072523,{},{}
"[0, 0, 0, 1, 0, 1, 1, 0, 0, 1, 1, 1, 0, 1, 1, 1, 0, 1]",000101100111011101,"[""101110111001101000""]",1,0.000244140625,False,False,,,,9.241675961857547,0.3255762413861512,{},{}
"[0, 0, 0, 1, 0, 1, 1, 0, 1, 0, 0, 1, 0, 0, 0, 0, 0, 0]",000101101001000000,"[""100101101000""]",1,0.000244140625,False,False,,,,5.14170965266552,0.1777283840307024,{},{}
"[0, 0, 0, 1, 0, 1, 1, 0, 1, 0, 0, 1, 0, 0, 0, 0, 1, 0]",000101101001000010,"[""10000100101101000""]",1,0.000244140625,False,False,,,,4.327152775745653,0.14835485267344564,{},{}
"[0, 0, 0, 1, 0, 1, 1, 0, 1, 0, 0, 1, 1, 1, 1, 0, 1, 0]",000101101001111010,"[""10111100101101000""]",1,0.000244140625,False,False,,,,7.968217525646145,0.2796543759300958,{},{}
"[0, 0, 0, 1, 0, 1, 1, 0, 1, 0, 1, 0, 1, 0, 0, 0, 1, 1]",000101101010100011,"[""110001010101101000""]",1,0.000244140625,False,False,,,,4.866026832120878,0.1677870549432289,{},{}
"[0, 0, 0, 1, 0, 1, 1, 0, 1, 1, 0, 0, 0, 1, 0, 0, 0, 0]",000101101100010000,"[""10001101101000""]",1,0.000244140625,False,False,,,,4.332868366576624,0.1485609611616995,{},{}
"[0, 0, 0, 1, 0, 1, 1, 0, 1, 1, 0, 1, 1, 0, 0, 0, 0, 0]",000101101101100000,"[""1101101101000""]",1,0.000244140625,False,False,,,,5.625889185352864,0.19518826079181006,{},{}
"[0, 0, 0, 1, 0, 1, 1, 0, 1, 1, 1, 1, 1, 1, 0, 0, 1, 1]",000101101111110011,"[""110011111101101000""]",1,0.000244140625,False,False,,,,10.553252455859525,0.37287267256930845,{},{}
"[0, 0, 0, 1, 0, 1, 1, 1, 0, 0, 1, 0, 0, 0, 1, 0, 0, 0]",000101110010001000,"[""100010011101000""]",1,0.000244140625,False,False,,,,4.226869670295758,0.1447385687453371,{},{}
"[0, 0, 0, 1, 0, 1, 1, 1, 0, 1, 0, 0, 0, 0, 1, 0, 1, 1]",000101110100001011,"[""110100001011101000""]",1,0.000244140625,False,False,,,,4.76739543293572,0.1642303327807072,{},{}
"[0, 0, 0, 1, 0, 1, 1, 1, 0, 1, 0, 0, 0, 1, 0, 0, 0, 1]",000101110100010001,"[""100010001011101000""]",1,0.000244140625,False,False,,,,3.558927954329177,0.1206520899558463,{},{}
"[0, 0, 0, 1, 0, 1, 1, 1, 0, 1, 0, 0, 1, 0, 0, 1, 0, 0]",000101110100100100,"[""1001001011101000""]",1,0.000244140625,False,False,,,,3.6359057811747775,0.1234279680740359,{},{}
"[0, 0, 0, 1, 0, 1, 1, 1, 0, 1, 0, 1, 1, 1, 0, 0, 0, 1]",000101110101110001,"[""100011101011101000""]",1,0.000244140625,False,False,,,,5.9980311700697175,0.2086079796195079,{},{}
"[0, 0, 0, 1, 0, 1, 1, 1, 0, 1, 0, 1, 1, 1, 1, 0, 0, 0]",000101110101111000,"[""111101011101000""]",1,0.000244140625,False,False,,,,9.944777239136126,0.3509306003028231,{},{}
"[0, 0, 0, 1, 0, 1, 1, 1, 0, 1, 1, 0, 1, 0, 1, 1, 1, 0]",000101110110101110,"[""11101011011101000""]",1,0.000244140625,False,False,,,,7.262065651843493,0.2541900102168488,{},{}
"[0, 0, 0, 1, 0, 1, 1, 1, 0, 1, 1, 1, 0, 1, 1, 0, 1, 0]",000101110111011010,"[""10110111011101000""]",1,0.000244140625,False,False,,,,9.174267831933616,0.32314545370986053,{},{}
"[0, 0, 0, 1, 0, 1, 1, 1, 1, 0, 0, 0, 1, 0, 0, 1, 0, 0]",000101111000100100,"[""1001000111101000""]",1,0.000244140625,False,False,,,,7.640939388326565,0.2678524810575699,{},{}
"[0, 0, 0, 1, 0, 1, 1, 1, 1, 0, 1, 0, 0, 1, 0, 1, 1, 1]",000101111010010111,"[""111010010111101000""]",1,0.000244140625,False,False,,,,11.386908261644194,0.4029349256129153,{},{}
"[0, 0, 0, 1, 0, 1, 1, 1, 1, 1, 0, 0, 0, 0, 0, 0, 0, 0]",000101111100000000,"[""1111101000""]",1,0.000244140625,False,False,,,,8.361821564104996,0.29384803249798624,{},{}
"[0, 0, 0, 1, 1, 0, 0, 0, 0, 0, 0, 1, 0, 0, 0, 0, 1, 0]",000110000001000010,"[""10000100000011000""]",1,0.000244140625,False,False,,,,3.8379386303296585,0.1307134240047341,{},{}
"[0, 0, 0, 1, 1, 0, 0, 0, 0, 0, 0, 1, 0, 0, 1, 1, 1, 0]",000110000001001110,"[""11100100000011000""]",1,0.000244140625,False,False,,,,4.257405896622714,0.1458397279485334,{},{}
"[0, 0, 0, 1, 1, 0, 0, 0, 0, 0, 0, 1, 1, 1, 1, 1, 1, 0]",000110000001111110,"[""11111100000011000""]",1,0.000244140625,False,False,,,,8.69169536626383,0.30574352898963664,{},{}
"[0, 0, 0, 1, 1, 0, 0, 0, 0, 0, 1, 0, 0, 0, 0, 0, 1, 0]",000110000010000010,"[""10000010000011000""]",1,0.000244140625,False,False,,,,3.854895051814455,0.13132488526950653,{},{}
"[0, 0, 0, 1, 1, 0, 0, 0, 0, 0, 1, 0, 0, 0, 1, 0, 0, 0]",000110000010001000,"[""100010000011000""]",1,0.000244140625,False,False,,,,3.798577904213824,0.12929404672664918,{},{}
"[0, 0, 0, 1, 1, 0, 0, 0, 0, 0, 1, 0, 0, 0, 1, 1, 0, 0]",000110000010001100,"[""1100010000011000""]",1,0.000244140625,False,False,,,,3.0001121670388513,0.10050077392623859,{},{}
"[0, 0, 0, 1, 1, 0, 0, 0, 0, 0, 1, 0, 1, 0, 0, 1, 0, 1]",000110000010100101,"[""101001010000011000""]",1,0.000244140625,False,False,,,,4.254899047313877,0.14574932908398822,{},{}
"[0, 0, 0, 1, 1, 0, 0, 0, 0, 1, 0, 0, 0, 0, 0, 0, 1, 0]",000110000100000010,"[""10000001000011000""]",1,0.000244140625,False,False,,,,3.810977375792584,0.12974118096313042,{},{}
"[0, 0, 0, 1, 1, 0, 0, 0, 0, 1, 0, 0, 1, 1, 0, 1, 1, 0]",000110000100110110,"[""11011001000011000""]",1,0.000244140625,False,False,,,,5.495247765143386,0.19047723328494,{},{}
"[0, 0, 0, 1, 1, 0, 0, 0, 0, 1, 0, 1, 0, 0, 0, 0, 0, 1]",000110000101000001,"[""100000101000011000""]",1,0.000244140625,False,False,,,,5.03412257995755,0.17384871357015347,{},{}
"[0, 0, 0, 1, 1, 0, 0, 0, 0, 1, 0, 1, 0, 1, 1, 1, 1, 0]",000110000101011110,"[""11110101000011000""]",1,0.000244140625,False,False,,,,6.691695366263829,0.23362203032074394,{},{}
"[0, 0, 0, 1, 1, 0, 0, 0, 1, 0, 0, 0, 0, 1, 0, 1, 0, 1]",000110001000010101,"[""101010000100011000""]",1,0.000244140625,False,False,,,,4.313766017373992,0.14787211613540438,{},{}
"[0, 0, 0, 1, 1, 0, 0, 0, 1, 0, 0, 0, 1, 1, 0, 0, 1, 1]",000110001000110011,"[""110011000100011000""]",1,0.000244140625,False,False,,,,5.53940722575843,0.1920696565249235,{},{}
"[0, 0, 0, 1, 1, 0, 0, 0, 1, 0, 0, 0, 1, 1, 1, 0, 0, 1]",000110001000111001,"[""100111000100011000""]",1,0.000244140625,False,False,,,,7.4909875945002975,0.26244510700815027,{},{}
"[0, 0, 0, 1, 1, 0, 0, 0, 1, 0, 0, 1, 1, 1, 0, 0, 0, 0]",000110001001110000,"[""11100100011000""]",1,0.000244140625,False,False,,,,4.196108111071185,0.14362928386900306,{},{}
"[0, 0, 0, 1, 1, 0, 0, 0, 1, 0, 1, 0, 1, 1, 0, 0, 0, 0]",000110001010110000,"[""11010100011000""]",1,0.000244140625,False,False,,,,4.222403201820816,0.14457750454525203,{},{}
"[0, 0, 0, 1, 1, 0, 0, 0, 1, 0, 1, 1, 0, 1, 0, 1, 0, 1]",000110001011010101,"[""101010110100011000""]",1,0.000244140625,False,False,,,,4.720644500662201,0.16254445913084015,{},{}
"[0, 0, 0, 1, 1, 0, 0, 0, 1, 0, 1, 1, 1, 0, 1, 0, 0, 1]",000110001011101001,"[""100101110100011000""]",1,0.000244140625,False,False,,,,4.710361750890664,0.16217365546885995,{},{}
"[0, 0, 0, 1, 1, 0, 0, 0, 1, 1, 0, 0, 0, 1, 1, 1, 0, 1]",000110001100011101,"[""101110001100011000""]",1,0.000244140625,False,False,,,,4.731099065530311,0.1629214585739498,{},{}
"[0, 0, 0, 1, 1, 0, 0, 0, 1, 1, 0, 1, 0, 1, 1, 1, 1, 0]",000110001101011110,"[""11110101100011000""]",1,0.000244140625,False,False,,,,5.912607703952894,0.20552754542058954,{},{}
"[0, 0, 0, 1, 1, 0, 0, 0, 1, 1, 0, 1, 1, 1, 0, 1, 0, 1]",000110001101110101,"[""101011101100011000""]",1,0.000244140625,False,False,,,,5.971958624268264,0.2076677840808508,{},{}
"[0, 0, 0, 1, 1, 0, 0, 1, 0, 0, 0, 1, 1, 1, 0, 1, 0, 0]",000110010001110100,"[""1011100010011000""]",1,0.000244140625,False,False,,,,3.4396110458599676,0.11634943282817706,{},{}
"[0, 0, 0, 1, 1, 0, 0, 1, 0, 0, 1, 0, 1, 0, 0, 1, 0, 1]",000110010010100101,"[""101001010010011000""]",1,0.000244140625,False,False,,,,3.4949978814467046,0.11834672362269857,{},{}
"[0, 0, 0, 1, 1, 0, 0, 1, 0, 0, 1, 0, 1, 1, 0, 0, 0, 1]",000110010010110001,"[""100011010010011000""]",1,0.000244140625,False,False,,,,3.499921550642396,0.11852427482337013,{},{}
"[0, 0, 0, 1, 1, 0, 0, 1, 0, 1, 0, 0, 1, 0, 0, 0, 1, 0]",000110010100100010,"[""10001001010011000""]",1,0.000244140625,False,False,,,,2.241137585348865,0.07313158178469975,{},{}
"[0, 0, 0, 1, 1, 0, 0, 1, 0, 1, 0, 1, 0, 1, 0, 0, 1, 1]",000110010101010011,"[""110010101010011000""]",1,0.000244140625,False,False,,,,4.747876610961425,0.1635264694341885,{},{}
"[0, 0, 0, 1, 1, 0, 0, 1, 0, 1, 1, 0, 0, 1, 0, 1, 1, 1]",000110010110010111,"[""111010011010011000""]",1,0.000244140625,False,False,,,,8.055705102674612,0.2828092435151974,{},{}
"[0, 0, 0, 1, 1, 0, 0, 1, 0, 1, 1, 1, 0, 0, 0, 0, 1, 1]",000110010111000011,"[""110000111010011000""]",1,0.000244140625,False,False,,,,8.747876610961425,0.3077694667719738,{},{}
"[0, 0, 0, 1, 1, 0, 0, 1, 1, 0, 0, 0, 0, 0, 1, 0, 0, 0]",000110011000001000,"[""100000110011000""]",1,0.000244140625,False,False,,,,5.063786912539172,0.17491843163155296,{},{}
"[0, 0, 0, 1, 1, 0, 0, 1, 1, 0, 0, 0, 1, 0, 1, 0, 0, 1]",000110011000101001,"[""100101000110011000""]",1,0.000244140625,False,False,,,,5.519489232451586,0.19135139876104018,{},{}
"[0, 0, 0, 1, 1, 0, 0, 1, 1, 0, 0, 0, 1, 1, 0, 0, 1, 1]",000110011000110011,"[""110011000110011000""]",1,0.000244140625,False,False,,,,6.816947206497475,0.23813870553508756,{},{}
"[0, 0, 0, 1, 1, 0, 0, 1, 1, 0, 0, 0, 1, 1, 1, 1, 0, 1]",000110011000111101,"[""101111000110011000""]",1,0.000244140625,False,False,,,,10.00137563684115,0.35297158093519526,{},{}
"[0, 0, 0, 1, 1, 0, 0, 1, 1, 0, 1, 0, 1, 1, 0, 0, 0, 1]",000110011010110001,"[""100011010110011000""]",1,0.000244140625,False,False,,,,4.7883663025688135,0.16498655805387155,{},{}
"[0, 0, 0, 1, 1, 0, 0, 1, 1, 0, 1, 0, 1, 1, 0, 1, 1, 0]",000110011010110110,"[""11011010110011000""]",1,0.000244140625,False,False,,,,6.04137285482942,0.2101709132493601,{},{}
"[0, 0, 0, 1, 1, 0, 0, 1, 1, 0, 1, 1, 0, 1, 0, 0, 1, 0]",000110011011010010,"[""10010110110011000""]",1,0.000244140625,False,False,,,,4.833237848834303,0.16660465963600038,{},{}
"[0, 0, 0, 1, 1, 0, 0, 1, 1, 1, 0, 0, 0, 0, 0, 0, 0, 1]",000110011100000001,"[""100000001110011000""]",1,0.000244140625,False,False,,,,4.314468955823877,0.1478974646226432,{},{}
"[0, 0, 0, 1, 1, 0, 0, 1, 1, 1, 0, 0, 1, 0, 1, 0, 0, 0]",000110011100101000,"[""101001110011000""]",1,0.000244140625,False,False,,,,5.447702342738256,0.18876270972558826,{},{}
"[0, 0, 0, 1, 1, 0, 0, 1, 1, 1, 0, 1, 0, 1, 0, 1, 0, 1]",000110011101010101,"[""101010101110011000""]",1,0.000244140625,False,False,,,,5.974800781968983,0.2077702744172654,{},{}
"[0, 0, 0, 1, 1, 0, 0, 1, 1, 1, 1, 0, 0, 0, 0, 0, 0, 0]",000110011110000000,"[""11110011000""]",1,0.000244140625,False,False,,,,6.261364405754314,0.21810397342295879,{},{}
"[0, 0, 0, 1, 1, 0, 1, 0, 0, 0, 0, 0, 1, 0, 0, 0, 0, 1]",000110100000100001,"[""100001000001011000""]",1,0.000244140625,False,False,,,,3.063987686265921,0.10280417301369356,{},{}
"[0, 0, 0, 1, 1, 0, 1, 0, 0, 0, 0, 1, 1, 0, 1, 1, 1, 0]",000110100001101110,"[""11101100001011000""]",1,0.000244140625,False,False,,,,4.750066767699117,0.16360544812730954,{},{}
"[0, 0, 0, 1, 1, 0, 1, 0, 0, 0, 0, 1, 1, 1, 0, 0, 0, 0]",000110100001110000,"[""11100001011000""]",1,0.000244140625,False,False,,,,4.207198850473526,0.14402922424252457,{},{}
"[0, 0, 0, 1, 1, 0, 1, 0, 0, 0, 1, 0, 1, 1, 0, 0, 0, 1]",000110100010110001,"[""100011010001011000""]",1,0.000244140625,False,False,,,,3.456546376378264,0.11696013353689334,{},{}
"[0, 0, 0, 1, 1, 0, 1, 0, 0, 1, 0, 0, 0, 0, 0, 1, 1, 1]",000110100100000111,"[""111000001001011000""]",1,0.000244140625,False,False,,,,7.570284414210493,0.2653046097467384,{},{}
"[0, 0, 0, 1, 1, 0, 1, 0, 0, 1, 0, 0, 0, 1, 0, 1, 0, 0]",000110100100010100,"[""1010001001011000""]",1,0.000244140625,False,False,,,,2.2812963980673837,0.0745797386637112,{},{}
"[0, 0, 0, 1, 1, 0, 1, 0, 0, 1, 0, 1, 0, 0, 1, 1, 1, 0]",000110100101001110,"[""11100101001011000""]",1,0.000244140625,False,False,,,,4.750066767699117,0.16360544812730954,{},{}
"[0, 0, 0, 1, 1, 0, 1, 0, 0, 1, 0, 1, 1, 1, 0, 0, 1, 0]",000110100101110010,"[""10011101001011000""]",1,0.000244140625,False,False,,,,4.710516730157194,0.16217924413734233,{},{}
"[0, 0, 0, 1, 1, 0, 1, 0, 0, 1, 1, 0, 0, 0, 0, 0, 0, 0]",000110100110000000,"[""11001011000""]",1,0.000244140625,False,False,,,,5.011517243110651,0.1730335481844967,{},{}
"[0, 0, 0, 1, 1, 0, 1, 0, 0, 1, 1, 0, 0, 0, 1, 1, 1, 0]",000110100110001110,"[""11100011001011000""]",1,0.000244140625,False,False,,,,4.7181969382065905,0.162456198194648,{},{}
"[0, 0, 0, 1, 1, 0, 1, 0, 0, 1, 1, 1, 0, 0, 0, 0, 0, 0]",000110100111000000,"[""111001011000""]",1,0.000244140625,False,False,,,,8.222993883158523,0.288841802294693,{},{}
"[0, 0, 0, 1, 1, 0, 1, 0, 0, 1, 1, 1, 1, 0, 0, 1, 0, 0]",000110100111100100,"[""1001111001011000""]",1,0.000244140625,False,False,,,,6.77765416054258,0.23672176885432122,{},{}
"[0, 0, 0, 1, 1, 0, 1, 0, 1, 0, 0, 0, 1, 0, 0, 0, 1, 0]",000110101000100010,"[""10001000101011000""]",1,0.000244140625,False,False,,,,4.28473185848623,0.1468251226096163,{},{}
"[0, 0, 0, 1, 1, 0, 1, 0, 1, 0, 0, 1, 0, 0, 0, 0, 1, 0]",000110101001000010,"[""10000100101011000""]",1,0.000244140625,False,False,,,,4.266230396411593,0.14615794602342203,{},{}
"[0, 0, 0, 1, 1, 0, 1, 0, 1, 0, 0, 1, 0, 0, 0, 0, 1, 1]",000110101001000011,"[""110000100101011000""]",1,0.000244140625,False,False,,,,5.545314847155711,0.19228268977929364,{},{}
"[0, 0, 0, 1, 1, 0, 1, 0, 1, 0, 1, 0, 1, 0, 1, 1, 1, 1]",000110101010101111,"[""111101010101011000""]",1,0.000244140625,False,False,,,,9.26416649650278,0.3263872669183906,{},{}
"[0, 0, 0, 1, 1, 0, 1, 0, 1, 0, 1, 0, 1, 1, 0, 0, 0, 0]",000110101010110000,"[""11010101011000""]",1,0.000244140625,False,False,,,,5.465906677560564,0.18941917168041583,{},{}
"[0, 0, 0, 1, 1, 0, 1, 0, 1, 0, 1, 1, 0, 0, 0, 1, 1, 0]",000110101011000110,"[""11000110101011000""]",1,0.000244140625,False,False,,,,6.724424251773665,0.23480225845710992,{},{}
"[0, 0, 0, 1, 1, 0, 1, 0, 1, 1, 0, 0, 1, 0, 1, 1, 1, 1]",000110101100101111,"[""111101001101011000""]",1,0.000244140625,False,False,,,,9.336409590082438,0.3289924070071116,{},{}
"[0, 0, 0, 1, 1, 0, 1, 1, 0, 0, 0, 0, 0, 1, 0, 1, 0, 0]",000110110000010100,"[""1010000011011000""]",1,0.000244140625,False,False,,,,4.268634954557711,0.1462446561919893,{},{}
"[0, 0, 0, 1, 1, 0, 1, 1, 0, 0, 0, 0, 1, 0, 1, 0, 0, 0]",000110110000101000,"[""101000011011000""]",1,0.000244140625,False,False,,,,6.23855396953913,0.2172814120003937,{},{}
"[0, 0, 0, 1, 1, 0, 1, 1, 0, 0, 0, 0, 1, 1, 1, 0, 0, 0]",000110110000111000,"[""111000011011000""]",1,0.000244140625,False,False,,,,9.463092717291348,0.3335606955022959,{},{}
"[0, 0, 0, 1, 1, 0, 1, 1, 0, 0, 0, 1, 1, 1, 0, 1, 1, 0]",000110110001110110,"[""11011100011011000""]",1,0.000244140625,False,False,,,,5.9935751895621285,0.20844729362338454,{},{}
"[0, 0, 0, 1, 1, 0, 1, 1, 0, 1, 0, 0, 0, 1, 0, 0, 0, 1]",000110110100010001,"[""100010001011011000""]",1,0.000244140625,False,False,,,,3.501243367270752,0.11857194052147138,{},{}
"[0, 0, 0, 1, 1, 0, 1, 1, 0, 1, 0, 0, 1, 0, 1, 1, 1, 0]",000110110100101110,"[""11101001011011000""]",1,0.000244140625,False,False,,,,6.03987753518391,0.2101169909024485,{},{}
"[0, 0, 0, 1, 1, 0, 1, 1, 1, 0, 0, 0, 1, 1, 0, 0, 0, 1]",000110111000110001,"[""100011000111011000""]",1,0.000244140625,False,False,,,,8.78395233223818,0.3090703843139942,{},{}
"[0, 0, 0, 1, 1, 0, 1, 1, 1, 0, 0, 1, 0, 1, 0, 0, 1, 1]",000110111001010011,"[""110010100111011000""]",1,0.000244140625,False,False,,,,8.041949220162586,0.28231319608405714,{},{}
"[0, 0, 0, 1, 1, 0, 1, 1, 1, 1, 0, 0, 1, 0, 1, 0, 0, 1]",000110111100101001,"[""100101001111011000""]",1,0.000244140625,False,False,,,,8.015752985833833,0.28136854024442154,{},{}
"[0, 0, 0, 1, 1, 0, 1, 1, 1, 1, 0, 0, 1, 0, 1, 1, 0, 0]",000110111100101100,"[""1101001111011000""]",1,0.000244140625,False,False,,,,8.054363567516269,0.282760866752129,{},{}
"[0, 0, 0, 1, 1, 1, 0, 0, 0, 0, 0, 0, 1, 0, 1, 1, 1, 0]",000111000000101110,"[""11101000000111000""]",1,0.000244140625,False,False,,,,9.509360927700891,0.3352291618400278,{},{}
"[0, 0, 0, 1, 1, 1, 0, 0, 0, 0, 0, 1, 0, 1, 0, 0, 1, 0]",000111000001010010,"[""10010100000111000""]",1,0.000244140625,False,False,,,,6.31172597977041,0.2199200495196414,{},{}
"[0, 0, 0, 1, 1, 1, 0, 0, 0, 0, 0, 1, 0, 1, 1, 1, 0, 0]",000111000001011100,"[""1110100000111000""]",1,0.000244140625,False,False,,,,7.4885331603647955,0.26235659827403207,{},{}
"[0, 0, 0, 1, 1, 1, 0, 0, 0, 0, 1, 1, 1, 1, 1, 0, 1, 0]",000111000011111010,"[""10111110000111000""]",1,0.000244140625,False,False,,,,11.953765153490554,0.4233762098982902,{},{}
"[0, 0, 0, 1, 1, 1, 0, 0, 1, 0, 0, 1, 1, 0, 0, 1, 1, 0]",000111001001100110,"[""11001100100111000""]",1,0.000244140625,False,False,,,,6.777716012905661,0.23672399929688204,{},{}
"[0, 0, 0, 1, 1, 1, 0, 0, 1, 0, 1, 1, 0, 1, 1, 1, 0, 0]",000111001011011100,"[""1110110100111000""]",1,0.000244140625,False,False,,,,7.9759826378373955,0.27993439169437834,{},{}
"[0, 0, 0, 1, 1, 1, 0, 0, 1, 1, 0, 0, 0, 1, 0, 1, 1, 0]",000111001100010110,"[""11010001100111000""]",1,0.000244140625,False,False,,,,6.804011103655292,0.237672219973131,{},{}
"[0, 0, 0, 1, 1, 1, 0, 0, 1, 1, 0, 0, 1, 1, 0, 1, 1, 0]",000111001100110110,"[""11011001100111000""]",1,0.000244140625,False,False,,,,8.052768178735741,0.28270333583722346,{},{}
"[0, 0, 0, 1, 1, 1, 0, 0, 1, 1, 0, 1, 0, 1, 0, 1, 1, 0]",000111001101010110,"[""11010101100111000""]",1,0.000244140625,False,False,,,,8.006149074438326,0.28102221600295796,{},{}
"[0, 0, 0, 1, 1, 1, 0, 1, 0, 0, 0, 0, 1, 0, 0, 1, 0, 0]",000111010000100100,"[""1001000010111000""]",1,0.000244140625,False,False,,,,6.28987868060279,0.2191322195407232,{},{}
"[0, 0, 0, 1, 1, 1, 0, 1, 0, 0, 0, 1, 1, 1, 0, 0, 0, 1]",000111010001110001,"[""100011100010111000""]",1,0.000244140625,False,False,,,,6.756969531774484,0.23597586564123882,{},{}
"[0, 0, 0, 1, 1, 1, 0, 1, 0, 0, 1, 1, 0, 1, 1, 0, 1, 1]",000111010011011011,"[""110110110010111000""]",1,0.000244140625,False,False,,,,9.394905411439126,0.3311018101581677,{},{}
"[0, 0, 0, 1, 1, 1, 0, 1, 0, 1, 0, 1, 0, 0, 1, 1, 0, 0]",000111010101001100,"[""1100101010111000""]",1,0.000244140625,False,False,,,,6.728626993383525,0.23495381246882052,{},{}
"[0, 0, 0, 1, 1, 1, 0, 1, 0, 1, 0, 1, 1, 0, 0, 0, 0, 1]",000111010101100001,"[""100001101010111000""]",1,0.000244140625,False,False,,,,6.747625861395551,0.23563892588584043,{},{}
"[0, 0, 0, 1, 1, 1, 0, 1, 1, 0, 1, 0, 0, 1, 1, 1, 1, 1]",000111011010011111,"[""111110010110111000""]",1,0.000244140625,False,False,,,,12.705055500973414,0.4504683027962587,{},{}
"[0, 0, 0, 1, 1, 1, 0, 1, 1, 0, 1, 0, 1, 0, 1, 1, 0, 1]",000111011010101101,"[""101101010110111000""]",1,0.000244140625,False,False,,,,9.350204687853953,0.3294898685698944,{},{}
"[0, 0, 0, 1, 1, 1, 0, 1, 1, 1, 0, 1, 1, 1, 0, 0, 0, 0]",000111011101110000,"[""11101110111000""]",1,0.000244140625,False,False,,,,9.963596972991926,0.3516092540079381,{},{}
"[0, 0, 0, 1, 1, 1, 1, 0, 0, 0, 0, 1, 0, 0, 1, 0, 0, 0]",000111100001001000,"[""100100001111000""]",1,0.000244140625,False,False,,,,6.274941258225119,0.21859356489665924,{},{}
"[0, 0, 0, 1, 1, 1, 1, 0, 0, 0, 0, 1, 0, 1, 0, 1, 0, 1]",000111100001010101,"[""101010100001111000""]",1,0.000244140625,False,False,,,,6.792467506919463,0.23725594922482232,{},{}
"[0, 0, 0, 1, 1, 1, 1, 0, 0, 0, 0, 1, 1, 0, 0, 1, 1, 0]",000111100001100110,"[""11001100001111000""]",1,0.000244140625,False,False,,,,6.778929205061512,0.23676774791510868,{},{}
"[0, 0, 0, 1, 1, 1, 1, 0, 0, 0, 1, 1, 1, 1, 1, 1, 0, 1]",000111100011111101,"[""101111110001111000""]",1,0.000244140625,False,False,,,,12.498050212982816,0.4430035369951249,{},{}
"[0, 0, 0, 1, 1, 1, 1, 0, 0, 1, 0, 1, 0, 1, 0, 0, 1, 0]",000111100101010010,"[""10010101001111000""]",1,0.000244140625,False,False,,,,6.737583111637446,0.23527677680418482,{},{}
"[0, 0, 0, 1, 1, 1, 1, 0, 0, 1, 1, 0, 0, 1, 0, 1, 0, 1]",000111100110010101,"[""101010011001111000""]",1,0.000244140625,False,False,,,,8.070081722389256,0.28332767519500385,{},{}
"[0, 0, 0, 1, 1, 1, 1, 0, 1, 0, 1, 1, 1, 0, 0, 0, 0, 1]",000111101011100001,"[""100001110101111000""]",1,0.000244140625,False,False,,,,8.083320121252846,0.2838050617780132,{},{}
"[0, 0, 0, 1, 1, 1, 1, 0, 1, 0, 1, 1, 1, 0, 1, 1, 0, 1]",000111101011101101,"[""101101110101111000""]",1,0.000244140625,False,False,,,,10.604063497969936,0.37470495682227395,{},{}
"[0, 0, 0, 1, 1, 1, 1, 0, 1, 1, 0, 1, 1, 0, 0, 0, 0, 1]",000111101101100001,"[""100001101101111000""]",1,0.000244140625,False,False,,,,8.154718584708338,0.2863797438715463,{},{}
"[0, 0, 0, 1, 1, 1, 1, 1, 0, 0, 0, 1, 1, 1, 0, 1, 0, 0]",000111110001110100,"[""1011100011111000""]",1,0.000244140625,False,False,,,,7.9796673130785045,0.28006726384462677,{},{}
"[0, 0, 0, 1, 1, 1, 1, 1, 0, 1, 0, 0, 1, 0, 0, 0, 0, 1]",000111110100100001,"[""100001001011111000""]",1,0.000244140625,False,False,,,,6.830851200658132,0.2386400939832626,{},{}
"[0, 0, 0, 1, 1, 1, 1, 1, 0, 1, 0, 1, 0, 0, 0, 0, 1, 0]",000111110101000010,"[""10000101011111000""]",1,0.000244140625,False,False,,,,8.74780773131527,0.30776698292031957,{},{}
"[0, 0, 0, 1, 1, 1, 1, 1, 1, 0, 1, 0, 0, 0, 1, 1, 0, 0]",000111111010001100,"[""1100010111111000""]",1,0.000244140625,False,False,,,,10.02471928135762,0.35381337024865606,{},{}
"[0, 0, 0, 1, 1, 1, 1, 1, 1, 1, 0, 1, 0, 1, 0, 1, 1, 1]",000111111101010111,"[""111010101111111000""]",1,0.000244140625,False,False,,,,15.931464262889452,0.5668150204101743,{},{}
"[0, 0, 1, 0, 0, 0, 0, 0, 0, 0, 0, 0, 0, 0, 1, 0, 0, 1]",001000000000001001,"[""100100000000000100""]",1,0.000244140625,False,False,,,,2.7715066499491137,0.09225708767799407,{},{}
"[0, 0, 1, 0, 0, 0, 0, 0, 0, 0, 0, 1, 0, 0, 0, 0, 0, 1]",001000000001000001,"[""100000100000000100""]",1,0.000244140625,False,False,,,,2.7528293114194433,0.09158356885504103,{},{}
"[0, 0, 1, 0, 0, 0, 0, 0, 0, 0, 0, 1, 0, 1, 0, 1, 1, 0]",001000000001010110,"[""11010100000000100""]",1,0.000244140625,False,False,,,,3.047209004260407,0.10219912116773035,{},{}
"[0, 0, 1, 0, 0, 0, 0, 0, 0, 0, 0, 1, 1, 0, 1, 0, 1, 0]",001000000001101010,"[""10101100000000100""]",1,0.000244140625,False,False,,,,3.1174578651134195,0.10473234772998122,{},{}
"[0, 0, 1, 0, 0, 0, 0, 0, 0, 0, 0, 1, 1, 0, 1, 0, 1, 1]",001000000001101011,"[""110101100000000100""]",1,0.000244140625,False,False,,,,4.340510300268527,0.14883653501699368,{},{}
"[0, 0, 1, 0, 0, 0, 0, 0, 0, 0, 1, 0, 0, 0, 1, 0, 1, 0]",001000000010001010,"[""10100010000000100""]",1,0.000244140625,False,False,,,,1.9004761273119286,0.060847074338522766,{},{}
"[0, 0, 1, 0, 0, 0, 0, 0, 0, 0, 1, 0, 1, 0, 0, 0, 1, 0]",001000000010100010,"[""10001010000000100""]",1,0.000244140625,False,False,,,,1.7985949954462974,0.057173164380406566,{},{}
"[0, 0, 1, 0, 0, 0, 0, 0, 0, 0, 1, 0, 1, 1, 1, 0, 0, 1]",001000000010111001,"[""100111010000000100""]",1,0.000244140625,False,False,,,,6.24979536012245,0.21768678496838936,{},{}
"[0, 0, 1, 0, 0, 0, 0, 0, 0, 0, 1, 1, 0, 0, 0, 1, 0, 1]",001000000011000101,"[""101000110000000100""]",1,0.000244140625,False,False,,,,5.062880770939555,0.17488575548646765,{},{}
"[0, 0, 1, 0, 0, 0, 0, 0, 0, 0, 1, 1, 1, 0, 0, 1, 1, 1]",001000000011100111,"[""111001110000000100""]",1,0.000244140625,False,False,,,,7.447891316519584,0.26089102293064015,{},{}
"[0, 0, 1, 0, 0, 0, 0, 0, 0, 1, 0, 0, 0, 0, 1, 0, 1, 0]",001000000100001010,"[""10100001000000100""]",1,0.000244140625,False,False,,,,1.8463751519010554,0.05889615262548222,{},{}
"[0, 0, 1, 0, 0, 0, 0, 0, 0, 1, 0, 0, 0, 1, 0, 0, 1, 0]",001000000100010010,"[""10010001000000100""]",1,0.000244140625,False,False,,,,1.7985949954462974,0.057173164380406566,{},{}
"[0, 0, 1, 0, 0, 0, 0, 0, 0, 1, 0, 0, 1, 0, 1, 1, 1, 0]",001000000100101110,"[""11101001000000100""]",1,0.000244140625,False,False,,,,4.253656934052929,0.14570453754904014,{},{}
"[0, 0, 1, 0, 0, 0, 0, 0, 0, 1, 0, 1, 0, 0, 1, 0, 1, 0]",001000000101001010,"[""10100101000000100""]",1,0.000244140625,False,False,,,,3.1081191958485848,0.10439558831850469,{},{}
"[0, 0, 1, 0, 0, 0, 0, 0, 0, 1, 1, 0, 0, 1, 1, 0, 0, 1]",001000000110011001,"[""100110011000000100""]",1,0.000244140625,False,False,,,,4.240456690857615,0.1452285268880202,{},{}
"[0, 0, 1, 0, 0, 0, 0, 0, 0, 1, 1, 0, 1, 0, 0, 0, 1, 0]",001000000110100010,"[""10001011000000100""]",1,0.000244140625,False,False,,,,2.952532323522874,0.09878500911583674,{},{}
"[0, 0, 1, 0, 0, 0, 0, 0, 1, 0, 0, 0, 0, 0, 0, 0, 0, 1]",001000001000000001,"[""100000000100000100""]",1,0.000244140625,False,False,,,,2.7967373802753026,0.09316692671981179,{},{}
"[0, 0, 1, 0, 0, 0, 0, 0, 1, 0, 0, 0, 0, 0, 0, 0, 1, 1]",001000001000000011,"[""110000000100000100""]",1,0.000244140625,False,False,,,,3.9728418340906018,0.13557813461997117,{},{}
"[0, 0, 1, 0, 0, 0, 0, 0, 1, 0, 0, 0, 0, 0, 0, 1, 0, 1]",001000001000000101,"[""101000000100000100""]",1,0.000244140625,False,False,,,,3.952808926488617,0.1348557329604959,{},{}
"[0, 0, 1, 0, 0, 0, 0, 0, 1, 0, 0, 0, 0, 1, 1, 1, 0, 0]",001000001000011100,"[""1110000100000100""]",1,0.000244140625,False,False,,,,3.096654197610514,0.10398215189092179,{},{}
"[0, 0, 1, 0, 0, 0, 0, 0, 1, 0, 0, 1, 1, 1, 0, 1, 0, 0]",001000001001110100,"[""1011100100000100""]",1,0.000244140625,False,False,,,,2.2426940093445933,0.07318770760026781,{},{}
"[0, 0, 1, 0, 0, 0, 0, 0, 1, 0, 1, 0, 0, 0, 1, 0, 1, 0]",001000001010001010,"[""10100010100000100""]",1,0.000244140625,False,False,,,,1.1307271342658278,0.03308934884984485,{},{}
"[0, 0, 1, 0, 0, 0, 0, 0, 1, 0, 1, 0, 0, 1, 0, 0, 0, 0]",001000001010010000,"[""10010100000100""]",1,0.000244140625,False,False,,,,1.8770074622574473,0.06000077669077903,{},{}
"[0, 0, 1, 0, 0, 0, 0, 0, 1, 0, 1, 0, 0, 1, 1, 0, 1, 0]",001000001010011010,"[""10110010100000100""]",1,0.000244140625,False,False,,,,2.3458183239716086,0.07690644766031919,{},{}
"[0, 0, 1, 0, 0, 0, 0, 0, 1, 1, 0, 0, 0, 0, 0, 1, 1, 0]",001000001100000110,"[""11000001100000100""]",1,0.000244140625,False,False,,,,3.0224435961660454,0.10130606199427428,{},{}
"[0, 0, 1, 0, 0, 0, 0, 0, 1, 1, 0, 0, 0, 1, 0, 0, 0, 0]",001000001100010000,"[""10001100000100""]",1,0.000244140625,False,False,,,,1.8214653339242362,0.05799788592345346,{},{}
"[0, 0, 1, 0, 0, 0, 0, 0, 1, 1, 0, 0, 0, 1, 0, 0, 1, 0]",001000001100010010,"[""10010001100000100""]",1,0.000244140625,False,False,,,,1.019507333135361,0.02907867948025212,{},{}
"[0, 0, 1, 0, 0, 0, 0, 0, 1, 1, 0, 0, 0, 1, 1, 0, 0, 1]",001000001100011001,"[""100110001100000100""]",1,0.000244140625,False,False,,,,2.3307037632458942,0.07636140527468895,{},{}
"[0, 0, 1, 0, 0, 0, 0, 0, 1, 1, 0, 0, 0, 1, 1, 0, 1, 0]",001000001100011010,"[""10110001100000100""]",1,0.000244140625,False,False,,,,2.2604411339000743,0.0738276822102702,{},{}
"[0, 0, 1, 0, 0, 0, 0, 0, 1, 1, 0, 0, 1, 0, 0, 0, 1, 0]",001000001100100010,"[""10001001100000100""]",1,0.000244140625,False,False,,,,1.006865871774151,0.028622818910884435,{},{}
"[0, 0, 1, 0, 0, 0, 0, 0, 1, 1, 0, 1, 0, 0, 1, 1, 0, 1]",001000001101001101,"[""101100101100000100""]",1,0.000244140625,False,False,,,,3.6173216156199324,0.12275780913837278,{},{}
"[0, 0, 1, 0, 0, 0, 0, 0, 1, 1, 1, 1, 0, 0, 0, 1, 0, 1]",001000001111000101,"[""101000111100000100""]",1,0.000244140625,False,False,,,,7.508116332056864,0.26306278211959316,{},{}
"[0, 0, 1, 0, 0, 0, 0, 0, 1, 1, 1, 1, 1, 1, 0, 0, 1, 0]",001000001111110010,"[""10011111100000100""]",1,0.000244140625,False,False,,,,6.63736716802493,0.2316629147822589,{},{}
"[0, 0, 1, 0, 0, 0, 0, 1, 0, 0, 0, 0, 0, 1, 1, 0, 1, 1]",001000010000011011,"[""110110000010000100""]",1,0.000244140625,False,False,,,,4.403595362619796,0.1511114296371907,{},{}
"[0, 0, 1, 0, 0, 0, 0, 1, 0, 0, 0, 0, 1, 1, 0, 0, 0, 1]",001000010000110001,"[""100011000010000100""]",1,0.000244140625,False,False,,,,3.052597781635334,0.1023934445178667,{},{}
"[0, 0, 1, 0, 0, 0, 0, 1, 0, 0, 0, 0, 1, 1, 0, 1, 0, 0]",001000010000110100,"[""1011000010000100""]",1,0.000244140625,False,False,,,,3.0177377374783685,0.10113636520373463,{},{}
"[0, 0, 1, 0, 0, 0, 0, 1, 0, 0, 0, 0, 1, 1, 1, 1, 0, 0]",001000010000111100,"[""1111000010000100""]",1,0.000244140625,False,False,,,,6.283805240192912,0.2189132067285049,{},{}
"[0, 0, 1, 0, 0, 0, 0, 1, 0, 0, 0, 1, 0, 0, 0, 0, 0, 1]",001000010001000001,"[""100000100010000100""]",1,0.000244140625,False,False,,,,1.9372035751769519,0.06217149362967731,{},{}
"[0, 0, 1, 0, 0, 0, 0, 1, 0, 0, 1, 0, 0, 0, 1, 1, 0, 0]",001000010010001100,"[""1100010010000100""]",1,0.000244140625,False,False,,,,1.0874980245591723,0.031530474760761866,{},{}
"[0, 0, 1, 0, 0, 0, 0, 1, 0, 0, 1, 0, 1, 0, 0, 0, 0, 0]",001000010010100000,"[""1010010000100""]",1,0.000244140625,False,False,,,,1.8202066772153918,0.057952497819377696,{},{}
"[0, 0, 1, 0, 0, 0, 0, 1, 0, 0, 1, 0, 1, 0, 0, 1, 1, 0]",001000010010100110,"[""11001010010000100""]",1,0.000244140625,False,False,,,,2.232381815382534,0.0728158421587138,{},{}
"[0, 0, 1, 0, 0, 0, 0, 1, 0, 0, 1, 1, 0, 0, 1, 0, 1, 1]",001000010011001011,"[""110100110010000100""]",1,0.000244140625,False,False,,,,3.640205704617495,0.12358302653546105,{},{}
"[0, 0, 1, 0, 0, 0, 0, 1, 0, 0, 1, 1, 0, 1, 0, 0, 0, 0]",001000010011010000,"[""10110010000100""]",1,0.000244140625,False,False,,,,3.123946015741521,0.1049663153034253,{},{}
"[0, 0, 1, 0, 0, 0, 0, 1, 0, 1, 0, 0, 0, 1, 0, 0, 0, 0]",001000010100010000,"[""10001010000100""]",1,0.000244140625,False,False,,,,1.8202066772153918,0.057952497819377696,{},{}
"[0, 0, 1, 0, 0, 0, 0, 1, 0, 1, 0, 0, 1, 0, 0, 0, 0, 0]",001000010100100000,"[""1001010000100""]",1,0.000244140625,False,False,,,,1.7927821911049586,0.056963550300123365,{},{}
"[0, 0, 1, 0, 0, 0, 0, 1, 0, 1, 0, 0, 1, 0, 0, 1, 1, 1]",001000010100100111,"[""111001001010000100""]",1,0.000244140625,False,False,,,,5.453988096501205,0.18898937871641203,{},{}
"[0, 0, 1, 0, 0, 0, 0, 1, 0, 1, 1, 1, 0, 1, 0, 0, 1, 0]",001000010111010010,"[""10010111010000100""]",1,0.000244140625,False,False,,,,5.515375340625589,0.19120304873911387,{},{}
"[0, 0, 1, 0, 0, 0, 0, 1, 1, 0, 0, 0, 0, 0, 0, 0, 1, 0]",001000011000000010,"[""10000000110000100""]",1,0.000244140625,False,False,,,,3.9342501322398804,0.13418648893314264,{},{}
"[0, 0, 1, 0, 0, 0, 0, 1, 1, 0, 0, 0, 0, 0, 1, 0, 0, 0]",001000011000001000,"[""100000110000100""]",1,0.000244140625,False,False,,,,3.9824774004962538,0.13592560036482082,{},{}
"[0, 0, 1, 0, 0, 0, 0, 1, 1, 0, 0, 1, 0, 0, 0, 1, 0, 0]",001000011001000100,"[""1000100110000100""]",1,0.000244140625,False,False,,,,3.102635422572565,0.10419783934499124,{},{}
"[0, 0, 1, 0, 0, 0, 0, 1, 1, 0, 0, 1, 1, 0, 0, 0, 0, 0]",001000011001100000,"[""1100110000100""]",1,0.000244140625,False,False,,,,3.0949552145231674,0.1039208852876855,{},{}
"[0, 0, 1, 0, 0, 0, 0, 1, 1, 0, 1, 0, 0, 1, 1, 0, 1, 0]",001000011010011010,"[""10110010110000100""]",1,0.000244140625,False,False,,,,3.647531238045591,0.12384719076015273,{},{}
"[0, 0, 1, 0, 0, 0, 0, 1, 1, 0, 1, 0, 1, 1, 0, 0, 1, 0]",001000011010110010,"[""10011010110000100""]",1,0.000244140625,False,False,,,,3.5377525898374618,0.11988849044484501,{},{}
"[0, 0, 1, 0, 0, 0, 0, 1, 1, 0, 1, 1, 1, 0, 0, 1, 0, 1]",001000011011100101,"[""101001110110000100""]",1,0.000244140625,False,False,,,,4.7421527175301,0.1633200615479444,{},{}
"[0, 0, 1, 0, 0, 0, 0, 1, 1, 1, 0, 0, 0, 0, 1, 1, 1, 0]",001000011100001110,"[""11100001110000100""]",1,0.000244140625,False,False,,,,3.4945314765593194,0.11832990471296621,{},{}
"[0, 0, 1, 0, 0, 0, 0, 1, 1, 1, 0, 0, 0, 1, 0, 0, 0, 1]",001000011100010001,"[""100010001110000100""]",1,0.000244140625,False,False,,,,2.320924042109742,0.07600874120223736,{},{}
"[0, 0, 1, 0, 0, 0, 0, 1, 1, 1, 0, 0, 1, 1, 0, 0, 0, 0]",001000011100110000,"[""11001110000100""]",1,0.000244140625,False,False,,,,4.225234080159045,0.1446795881394032,{},{}
"[0, 0, 1, 0, 0, 0, 0, 1, 1, 1, 0, 1, 1, 1, 0, 1, 0, 0]",001000011101110100,"[""1011101110000100""]",1,0.000244140625,False,False,,,,4.675701294519555,0.16092377343984385,{},{}
"[0, 0, 1, 0, 0, 0, 1, 0, 0, 0, 0, 0, 0, 0, 0, 0, 1, 0]",001000100000000010,"[""10000000001000100""]",1,0.000244140625,False,False,,,,2.6359338934768313,0.08736823249026716,{},{}
"[0, 0, 1, 0, 0, 0, 1, 0, 0, 0, 0, 1, 0, 0, 1, 1, 1, 0]",001000100001001110,"[""11100100001000100""]",1,0.000244140625,False,False,,,,2.3243509683291053,0.07613231872962146,{},{}
"[0, 0, 1, 0, 0, 0, 1, 0, 0, 0, 1, 0, 0, 0, 0, 1, 1, 0]",001000100010000110,"[""11000010001000100""]",1,0.000244140625,False,False,,,,2.996149429397148,0.10035787463746294,{},{}
"[0, 0, 1, 0, 0, 0, 1, 0, 0, 0, 1, 0, 0, 0, 1, 0, 0, 0]",001000100010001000,"[""100010001000100""]",1,0.000244140625,False,False,,,,1.8468456373905444,0.058913118684784174,{},{}
"[0, 0, 1, 0, 0, 0, 1, 0, 0, 0, 1, 0, 1, 0, 0, 1, 0, 1]",001000100010100101,"[""101001010001000100""]",1,0.000244140625,False,False,,,,2.2377960956367517,0.07301108516178759,{},{}
"[0, 0, 1, 0, 0, 0, 1, 0, 0, 0, 1, 0, 1, 1, 0, 1, 0, 1]",001000100010110101,"[""101011010001000100""]",1,0.000244140625,False,False,,,,3.423052223604209,0.1157523092895385,{},{}
"[0, 0, 1, 0, 0, 0, 1, 0, 0, 0, 1, 1, 1, 0, 1, 0, 0, 0]",001000100011101000,"[""101110001000100""]",1,0.000244140625,False,False,,,,4.294546219771206,0.1471790358317915,{},{}
"[0, 0, 1, 0, 0, 0, 1, 0, 0, 0, 1, 1, 1, 0, 1, 1, 1, 1]",001000100011101111,"[""111101110001000100""]",1,0.000244140625,False,False,,,,7.963649641509949,0.27948965460527164,{},{}
"[0, 0, 1, 0, 0, 0, 1, 0, 0, 0, 1, 1, 1, 1, 0, 0, 0, 0]",001000100011110000,"[""11110001000100""]",1,0.000244140625,False,False,,,,4.199380965261464,0.14374730544356693,{},{}
"[0, 0, 1, 0, 0, 0, 1, 0, 0, 0, 1, 1, 1, 1, 0, 0, 0, 1]",001000100011110001,"[""100011110001000100""]",1,0.000244140625,False,False,,,,3.422433400416571,0.11572999406168673,{},{}
"[0, 0, 1, 0, 0, 0, 1, 0, 0, 1, 0, 0, 0, 0, 0, 0, 0, 1]",001000100100000001,"[""100000001001000100""]",1,0.000244140625,False,False,,,,1.858058591062598,0.05931746619645086,{},{}
"[0, 0, 1, 0, 0, 0, 1, 0, 0, 1, 0, 0, 0, 1, 0, 0, 0, 1]",001000100100010001,"[""100010001001000100""]",1,0.000244140625,False,False,,,,1.0213771736342294,0.02914610732977721,{},{}
"[0, 0, 1, 0, 0, 0, 1, 0, 0, 1, 0, 0, 0, 1, 1, 1, 0, 0]",001000100100011100,"[""1110001001000100""]",1,0.000244140625,False,False,,,,2.2635749775888554,0.07394069096198468,{},{}
"[0, 0, 1, 0, 0, 0, 1, 0, 0, 1, 0, 1, 0, 0, 0, 1, 1, 0]",001000100101000110,"[""11000101001000100""]",1,0.000244140625,False,False,,,,4.267022179567688,0.1461864983173412,{},{}
"[0, 0, 1, 0, 0, 0, 1, 0, 0, 1, 1, 1, 0, 0, 1, 1, 1, 1]",001000100111001111,"[""111100111001000100""]",1,0.000244140625,False,False,,,,9.962208488587612,0.3515591842198793,{},{}
"[0, 0, 1, 0, 0, 0, 1, 0, 0, 1, 1, 1, 0, 1, 0, 0, 1, 1]",001000100111010011,"[""110010111001000100""]",1,0.000244140625,False,False,,,,6.672561857471174,0.23293206165628358,{},{}
"[0, 0, 1, 0, 0, 0, 1, 0, 0, 1, 1, 1, 0, 1, 1, 0, 0, 1]",001000100111011001,"[""100110111001000100""]",1,0.000244140625,False,False,,,,6.701413629971432,0.23397247819226985,{},{}
"[0, 0, 1, 0, 0, 0, 1, 0, 1, 0, 0, 0, 0, 0, 0, 0, 0, 0]",001000101000000000,"[""101000100""]",1,0.000244140625,False,False,,,,4.700139692341436,0.1618050403778342,{},{}
"[0, 0, 1, 0, 0, 0, 1, 0, 1, 0, 0, 0, 0, 0, 0, 0, 0, 1]",001000101000000001,"[""100000000101000100""]",1,0.000244140625,False,False,,,,3.9526492882133852,0.13484997628466858,{},{}
"[0, 0, 1, 0, 0, 0, 1, 0, 1, 0, 0, 0, 0, 0, 1, 1, 0, 0]",001000101000001100,"[""1100000101000100""]",1,0.000244140625,False,False,,,,3.1253715703238427,0.10501772186988098,{},{}
"[0, 0, 1, 0, 0, 0, 1, 0, 1, 0, 0, 0, 1, 0, 0, 1, 0, 1]",001000101000100101,"[""101001000101000100""]",1,0.000244140625,False,False,,,,4.370819781334035,0.14992951761615414,{},{}
"[0, 0, 1, 0, 0, 0, 1, 0, 1, 0, 0, 1, 1, 1, 0, 1, 1, 0]",001000101001110110,"[""11011100101000100""]",1,0.000244140625,False,False,,,,4.695470866059725,0.16163667900360332,{},{}
"[0, 0, 1, 0, 0, 0, 1, 0, 1, 0, 0, 1, 1, 1, 1, 1, 0, 0]",001000101001111100,"[""1111100101000100""]",1,0.000244140625,False,False,,,,6.777850249325799,0.23672883996278019,{},{}
"[0, 0, 1, 0, 0, 0, 1, 0, 1, 0, 1, 0, 0, 0, 1, 0, 1, 0]",001000101010001010,"[""10100010101000100""]",1,0.000244140625,False,False,,,,2.2866390422039102,0.07477239841470165,{},{}
"[0, 0, 1, 0, 0, 0, 1, 0, 1, 0, 1, 0, 1, 0, 1, 0, 1, 1]",001000101010101011,"[""110101010101000100""]",1,0.000244140625,False,False,,,,4.740900209193987,0.16327489515879653,{},{}
"[0, 0, 1, 0, 0, 0, 1, 0, 1, 0, 1, 0, 1, 1, 0, 0, 0, 0]",001000101010110000,"[""11010101000100""]",1,0.000244140625,False,False,,,,4.218875908628662,0.14445030770962064,{},{}
"[0, 0, 1, 0, 0, 0, 1, 0, 1, 0, 1, 0, 1, 1, 1, 1, 1, 1]",001000101010111111,"[""111111010101000100""]",1,0.000244140625,False,False,,,,11.20400038627228,0.39633913056783254,{},{}
"[0, 0, 1, 0, 0, 0, 1, 0, 1, 0, 1, 1, 1, 0, 0, 1, 0, 0]",001000101011100100,"[""1001110101000100""]",1,0.000244140625,False,False,,,,3.4974288668485993,0.11843438677791199,{},{}
"[0, 0, 1, 0, 0, 0, 1, 0, 1, 1, 0, 0, 0, 0, 0, 0, 1, 0]",001000101100000010,"[""10000001101000100""]",1,0.000244140625,False,False,,,,3.035625829717699,0.10178142321404861,{},{}
"[0, 0, 1, 0, 0, 0, 1, 0, 1, 1, 0, 0, 1, 0, 0, 1, 0, 1]",001000101100100101,"[""101001001101000100""]",1,0.000244140625,False,False,,,,3.618135703492146,0.12278716575706888,{},{}
"[0, 0, 1, 0, 0, 0, 1, 0, 1, 1, 1, 0, 0, 1, 1, 0, 1, 0]",001000101110011010,"[""10110011101000100""]",1,0.000244140625,False,False,,,,4.669009431813153,0.16068245985620777,{},{}
"[0, 0, 1, 0, 0, 0, 1, 1, 0, 0, 1, 0, 0, 0, 1, 0, 1, 0]",001000110010001010,"[""10100010011000100""]",1,0.000244140625,False,False,,,,2.299820734804599,0.0752477401273788,{},{}
"[0, 0, 1, 0, 0, 0, 1, 1, 0, 0, 1, 0, 0, 1, 0, 0, 0, 1]",001000110010010001,"[""100010010011000100""]",1,0.000244140625,False,False,,,,2.2691534979513257,0.07414185658643281,{},{}
"[0, 0, 1, 0, 0, 0, 1, 1, 0, 0, 1, 0, 0, 1, 0, 0, 1, 0]",001000110010010010,"[""10010010011000100""]",1,0.000244140625,False,False,,,,2.299918871703542,0.07525127901749205,{},{}
"[0, 0, 1, 0, 0, 0, 1, 1, 0, 0, 1, 0, 1, 0, 0, 0, 0, 1]",001000110010100001,"[""100001010011000100""]",1,0.000244140625,False,False,,,,2.225235821929454,0.07255815228005667,{},{}
"[0, 0, 1, 0, 0, 0, 1, 1, 0, 1, 0, 0, 0, 0, 0, 1, 1, 0]",001000110100000110,"[""11000001011000100""]",1,0.000244140625,False,False,,,,4.237844543440697,0.1451343308947941,{},{}
"[0, 0, 1, 0, 0, 0, 1, 1, 0, 1, 0, 0, 0, 0, 1, 0, 0, 0]",001000110100001000,"[""100001011000100""]",1,0.000244140625,False,False,,,,3.0617553733520504,0.1027236741372704,{},{}
"[0, 0, 1, 0, 0, 0, 1, 1, 0, 1, 0, 1, 1, 1, 0, 0, 1, 1]",001000110101110011,"[""110011101011000100""]",1,0.000244140625,False,False,,,,5.921142479921446,0.20583531583741715,{},{}
"[0, 0, 1, 0, 0, 0, 1, 1, 1, 0, 0, 1, 1, 0, 1, 0, 0, 1]",001000111001101001,"[""100101100111000100""]",1,0.000244140625,False,False,,,,6.840040639609285,0.23897147203780433,{},{}
"[0, 0, 1, 0, 0, 0, 1, 1, 1, 0, 1, 0, 0, 0, 1, 1, 0, 1]",001000111010001101,"[""101100010111000100""]",1,0.000244140625,False,False,,,,6.7816924976608215,0.23686739431687012,{},{}
"[0, 0, 1, 0, 0, 0, 1, 1, 1, 0, 1, 0, 0, 1, 0, 0, 0, 1]",001000111010010001,"[""100010010111000100""]",1,0.000244140625,False,False,,,,5.5597599792612495,0.19280359206725442,{},{}
"[0, 0, 1, 0, 0, 0, 1, 1, 1, 0, 1, 1, 0, 0, 0, 1, 1, 1]",001000111011000111,"[""111000110111000100""]",1,0.000244140625,False,False,,,,12.002792938985147,0.4251441885814337,{},{}
"[0, 0, 1, 0, 0, 0, 1, 1, 1, 1, 0, 0, 0, 0, 0, 1, 0, 0]",001000111100000100,"[""1000001111000100""]",1,0.000244140625,False,False,,,,6.287609992995767,0.21905040896560818,{},{}
"[0, 0, 1, 0, 0, 0, 1, 1, 1, 1, 0, 0, 0, 1, 0, 1, 1, 0]",001000111100010110,"[""11010001111000100""]",1,0.000244140625,False,False,,,,6.702293223616613,0.23400419699822492,{},{}
"[0, 0, 1, 0, 0, 0, 1, 1, 1, 1, 0, 0, 1, 1, 0, 1, 0, 1]",001000111100110101,"[""101011001111000100""]",1,0.000244140625,False,False,,,,8.012608365692339,0.2812551428857471,{},{}
"[0, 0, 1, 0, 0, 1, 0, 0, 0, 0, 0, 0, 0, 0, 0, 1, 0, 0]",001001000000000100,"[""1000000000100100""]",1,0.000244140625,False,False,,,,2.7017404835390044,0.08974126743905385,{},{}
"[0, 0, 1, 0, 0, 1, 0, 0, 0, 0, 0, 1, 0, 0, 1, 0, 0, 0]",001001000001001000,"[""100100000100100""]",1,0.000244140625,False,False,,,,2.0232130800881025,0.06527306082665815,{},{}
"[0, 0, 1, 0, 0, 1, 0, 0, 0, 0, 0, 1, 0, 1, 0, 1, 1, 0]",001001000001010110,"[""11010100000100100""]",1,0.000244140625,False,False,,,,2.296137349743977,0.07511491450200548,{},{}
"[0, 0, 1, 0, 0, 1, 0, 0, 0, 0, 1, 0, 0, 0, 1, 0, 0, 1]",001001000010001001,"[""100100010000100100""]",1,0.000244140625,False,False,,,,1.1945334001914876,0.035390250611357095,{},{}
"[0, 0, 1, 0, 0, 1, 0, 0, 0, 0, 1, 0, 1, 0, 1, 0, 0, 0]",001001000010101000,"[""101010000100100""]",1,0.000244140625,False,False,,,,3.062399134688949,0.10274688865347152,{},{}
"[0, 0, 1, 0, 0, 1, 0, 0, 0, 0, 1, 0, 1, 1, 0, 1, 1, 0]",001001000010110110,"[""11011010000100100""]",1,0.000244140625,False,False,,,,3.4429094052912923,0.11646837414084496,{},{}
"[0, 0, 1, 0, 0, 1, 0, 0, 0, 1, 0, 0, 0, 0, 1, 1, 0, 0]",001001000100001100,"[""1100001000100100""]",1,0.000244140625,False,False,,,,1.1138477979876265,0.03248066733538481,{},{}
"[0, 0, 1, 0, 0, 1, 0, 0, 0, 1, 0, 0, 1, 0, 1, 1, 1, 1]",001001000100101111,"[""111101001000100100""]",1,0.000244140625,False,False,,,,6.79746476296561,0.2374361540224625,{},{}
"[0, 0, 1, 0, 0, 1, 0, 0, 0, 1, 0, 1, 0, 1, 0, 0, 0, 0]",001001000101010000,"[""10101000100100""]",1,0.000244140625,False,False,,,,3.062399134688949,0.10274688865347152,{},{}
"[0, 0, 1, 0, 0, 1, 0, 0, 0, 1, 0, 1, 0, 1, 0, 1, 1, 1]",001001000101010111,"[""111010101000100100""]",1,0.000244140625,False,False,,,,6.777985379541993,0.23673371285963385,{},{}
"[0, 0, 1, 0, 0, 1, 0, 0, 0, 1, 1, 0, 0, 0, 0, 0, 1, 1]",001001000110000011,"[""110000011000100100""]",1,0.000244140625,False,False,,,,4.315827969486812,0.1479464716736844,{},{}
"[0, 0, 1, 0, 0, 1, 0, 0, 0, 1, 1, 0, 0, 0, 1, 1, 1, 0]",001001000110001110,"[""11100011000100100""]",1,0.000244140625,False,False,,,,3.467310863427886,0.11734830900610366,{},{}
"[0, 0, 1, 0, 0, 1, 0, 0, 0, 1, 1, 1, 0, 1, 1, 1, 1, 1]",001001000111011111,"[""111110111000100100""]",1,0.000244140625,False,False,,,,11.26415928246014,0.3985085054434999,{},{}
"[0, 0, 1, 0, 0, 1, 0, 0, 0, 1, 1, 1, 1, 1, 0, 0, 0, 0]",001001000111110000,"[""11111000100100""]",1,0.000244140625,False,False,,,,7.401592590732984,0.2592214561855453,{},{}
"[0, 0, 1, 0, 0, 1, 0, 0, 0, 1, 1, 1, 1, 1, 0, 0, 0, 1]",001001000111110001,"[""100011111000100100""]",1,0.000244140625,False,False,,,,6.688574557819599,0.23350949162971574,{},{}
"[0, 0, 1, 0, 0, 1, 0, 0, 1, 0, 0, 0, 0, 0, 0, 1, 0, 1]",001001001000000101,"[""101000000100100100""]",1,0.000244140625,False,False,,,,3.285093543624895,0.11077741591229336,{},{}
"[0, 0, 1, 0, 0, 1, 0, 0, 1, 0, 0, 0, 0, 1, 0, 0, 0, 1]",001001001000010001,"[""100010000100100100""]",1,0.000244140625,False,False,,,,1.2923405799832124,0.038917250804935605,{},{}
"[0, 0, 1, 0, 0, 1, 0, 0, 1, 0, 0, 1, 0, 0, 0, 0, 0, 1]",001001001001000001,"[""100000100100100100""]",1,0.000244140625,False,False,,,,1.3340422740392903,0.0404210451411136,{},{}
"[0, 0, 1, 0, 0, 1, 0, 0, 1, 0, 0, 1, 1, 0, 0, 0, 1, 0]",001001001001100010,"[""10001100100100100""]",1,0.000244140625,True,True,"[2, 2, 2, 2, 0, 1]",0.3514376074798826,0.5828109203060639,0.35143760747988273,0.004987584565457591,"{""degradation"": 0.3055619069572086, ""nominal"": 0.34560702284057754, ""surge"": 0.40314389264186173}","{""degradation"": 0.4614996125654668, ""nominal"": 0.31097051445747254, ""surge"": 0.5828109203060639}"
"[0, 0, 1, 0, 0, 1, 0, 0, 1, 0, 0, 1, 1, 1, 0, 1, 0, 0]",001001001001110100,"[""1011100100100100""]",1,0.000244140625,False,False,,,,1.528285280156696,0.04742559349468269,{},{}
"[0, 0, 1, 0, 0, 1, 0, 0, 1, 0, 1, 0, 0, 1, 1, 1, 0, 0]",001001001010011100,"[""1110010100100100""]",1,0.000244140625,False,False,,,,1.5596040800475763,0.04855497288700342,{},{}
"[0, 0, 1, 0, 0, 1, 0, 0, 1, 0, 1, 0, 0, 1, 1, 1, 0, 1]",001001001010011101,"[""101110010100100100""]",1,0.000244140625,False,False,,,,2.8839407241935326,0.09631154464597258,{},{}
"[0, 0, 1, 0, 0, 1, 0, 0, 1, 0, 1, 0, 1, 0, 1, 0, 0, 0]",001001001010101000,"[""101010100100100""]",1,0.000244140625,False,False,,,,2.3479904055010516,0.07698477454788641,{},{}
"[0, 0, 1, 0, 0, 1, 0, 0, 1, 0, 1, 0, 1, 0, 1, 0, 1, 0]",001001001010101010,"[""10101010100100100""]",1,0.000244140625,False,False,,,,1.5553710739770108,0.04840232751616156,{},{}
"[0, 0, 1, 0, 0, 1, 0, 0, 1, 0, 1, 0, 1, 1, 1, 0, 0, 1]",001001001010111001,"[""100111010100100100""]",1,0.000244140625,False,False,,,,4.859024330536802,0.1675345394888915,{},{}
"[0, 0, 1, 0, 0, 1, 0, 0, 1, 1, 0, 0, 0, 0, 0, 0, 0, 1]",001001001100000001,"[""100000001100100100""]",1,0.000244140625,False,False,,,,1.2587359970458265,0.037705444363141924,{},{}
"[0, 0, 1, 0, 0, 1, 0, 0, 1, 1, 0, 0, 1, 1, 1, 0, 0, 0]",001001001100111000,"[""111001100100100""]",1,0.000244140625,False,False,,,,5.528502588449796,0.19167642713235378,{},{}
"[0, 0, 1, 0, 0, 1, 0, 0, 1, 1, 0, 1, 0, 0, 0, 1, 0, 1]",001001001101000101,"[""101000101100100100""]",1,0.000244140625,False,False,,,,3.686421035886344,0.1252495860117554,{},{}
"[0, 0, 1, 0, 0, 1, 0, 0, 1, 1, 0, 1, 0, 0, 1, 1, 0, 0]",001001001101001100,"[""1100101100100100""]",1,0.000244140625,False,False,,,,1.6346082578750898,0.051259679742677616,{},{}
"[0, 0, 1, 0, 0, 1, 0, 0, 1, 1, 1, 0, 0, 1, 0, 0, 1, 0]",001001001110010010,"[""10010011100100100""]",1,0.000244140625,False,False,,,,1.5216309465755824,0.047185633239426365,{},{}
"[0, 0, 1, 0, 0, 1, 0, 0, 1, 1, 1, 1, 0, 1, 1, 0, 1, 1]",001001001111011011,"[""110110111100100100""]",1,0.000244140625,False,False,,,,7.364440468118774,0.25788172280471167,{},{}
"[0, 0, 1, 0, 0, 1, 0, 1, 0, 0, 0, 0, 0, 0, 1, 1, 0, 1]",001001010000001101,"[""101100000010100100""]",1,0.000244140625,False,False,,,,2.4154716680701784,0.07941819944216366,{},{}
"[0, 0, 1, 0, 0, 1, 0, 1, 0, 0, 0, 0, 1, 0, 0, 0, 0, 0]",001001010000100000,"[""1000010100100""]",1,0.000244140625,False,False,,,,1.8597572007174452,0.059378719333431376,{},{}
"[0, 0, 1, 0, 0, 1, 0, 1, 0, 0, 0, 0, 1, 0, 0, 0, 0, 1]",001001010000100001,"[""100001000010100100""]",1,0.000244140625,False,False,,,,1.1309441351190657,0.033097174063218826,{},{}
"[0, 0, 1, 0, 0, 1, 0, 1, 0, 0, 0, 0, 1, 0, 1, 0, 0, 0]",001001010000101000,"[""101000010100100""]",1,0.000244140625,False,False,,,,3.110029670746993,0.10446448147492594,{},{}
"[0, 0, 1, 0, 0, 1, 0, 1, 0, 0, 0, 0, 1, 0, 1, 0, 0, 1]",001001010000101001,"[""100101000010100100""]",1,0.000244140625,False,False,,,,2.381216605148614,0.07818293620471342,{},{}
"[0, 0, 1, 0, 0, 1, 0, 1, 0, 0, 0, 0, 1, 0, 1, 0, 1, 0]",001001010000101010,"[""10101000010100100""]",1,0.000244140625,False,False,,,,2.313516025442506,0.07574160257013475,{},{}
"[0, 0, 1, 0, 0, 1, 0, 1, 0, 0, 0, 1, 1, 1, 1, 0, 1, 1]",001001010001111011,"[""110111100010100100""]",1,0.000244140625,False,False,,,,6.092116250931654,0.21200075813658129,{},{}
"[0, 0, 1, 0, 0, 1, 0, 1, 0, 0, 1, 0, 0, 0, 0, 1, 1, 1]",001001010010000111,"[""111000010010100100""]",1,0.000244140625,False,False,,,,5.587779945003974,0.1938140130282626,{},{}
"[0, 0, 1, 0, 0, 1, 0, 1, 0, 1, 0, 1, 0, 0, 1, 0, 0, 0]",001001010101001000,"[""100101010100100""]",1,0.000244140625,False,False,,,,2.3559786820095274,0.0772728377846728,{},{}
"[0, 0, 1, 0, 0, 1, 0, 1, 0, 1, 0, 1, 0, 1, 1, 0, 0, 1]",001001010101011001,"[""100110101010100100""]",1,0.000244140625,False,False,,,,2.8508973181553205,0.0951199746636723,{},{}
"[0, 0, 1, 0, 0, 1, 0, 1, 0, 1, 0, 1, 1, 0, 0, 0, 1, 0]",001001010101100010,"[""10001101010100100""]",1,0.000244140625,False,False,,,,1.4566735313319095,0.04484322017091073,{},{}
"[0, 0, 1, 0, 0, 1, 0, 1, 0, 1, 1, 0, 1, 0, 0, 0, 1, 1]",001001010110100011,"[""110001011010100100""]",1,0.000244140625,False,False,,,,2.7246983957663184,0.09056914695712523,{},{}
"[0, 0, 1, 0, 0, 1, 0, 1, 0, 1, 1, 0, 1, 0, 0, 1, 1, 0]",001001010110100110,"[""11001011010100100""]",1,0.000244140625,False,False,,,,2.675265850070006,0.08878657231780694,{},{}
"[0, 0, 1, 0, 0, 1, 0, 1, 0, 1, 1, 1, 0, 1, 1, 0, 1, 1]",001001010111011011,"[""110110111010100100""]",1,0.000244140625,False,False,,,,7.341045704937809,0.25703809011390416,{},{}
"[0, 0, 1, 0, 0, 1, 0, 1, 1, 0, 0, 1, 0, 0, 0, 1, 0, 1]",001001011001000101,"[""101000100110100100""]",1,0.000244140625,False,False,,,,3.6953271519232898,0.1255707472297072,{},{}
"[0, 0, 1, 0, 0, 1, 0, 1, 1, 0, 0, 1, 0, 0, 1, 0, 0, 1]",001001011001001001,"[""100100100110100100""]",1,0.000244140625,False,False,,,,1.8038819555021806,0.057363816121723,{},{}
"[0, 0, 1, 0, 0, 1, 0, 1, 1, 0, 1, 0, 0, 0, 0, 0, 1, 0]",001001011010000010,"[""10000010110100100""]",1,0.000244140625,False,False,,,,2.4310382789773155,0.07997954309607279,{},{}
"[0, 0, 1, 0, 0, 1, 0, 1, 1, 0, 1, 0, 1, 1, 1, 0, 1, 0]",001001011010111010,"[""10111010110100100""]",1,0.000244140625,False,False,,,,6.08151384702161,0.21161842750683865,{},{}
"[0, 0, 1, 0, 0, 1, 0, 1, 1, 1, 0, 0, 0, 0, 0, 1, 1, 1]",001001011100000111,"[""111000001110100100""]",1,0.000244140625,False,False,,,,6.871423107095163,0.240103147331309,{},{}
"[0, 0, 1, 0, 0, 1, 0, 1, 1, 1, 0, 1, 1, 1, 0, 0, 0, 0]",001001011101110000,"[""11101110100100""]",1,0.000244140625,False,False,,,,4.73308181320619,0.16299295794088312,{},{}
"[0, 0, 1, 0, 0, 1, 0, 1, 1, 1, 0, 1, 1, 1, 0, 0, 1, 1]",001001011101110011,"[""110011101110100100""]",1,0.000244140625,False,False,,,,5.306534906470976,0.18367210619216742,{},{}
"[0, 0, 1, 0, 0, 1, 0, 1, 1, 1, 1, 0, 0, 1, 0, 0, 0, 0]",001001011110010000,"[""10011110100100""]",1,0.000244140625,False,False,,,,3.550848713212571,0.12036074646712781,{},{}
"[0, 0, 1, 0, 0, 1, 0, 1, 1, 1, 1, 1, 0, 0, 0, 1, 0, 0]",001001011111000100,"[""1000111110100100""]",1,0.000244140625,False,False,,,,6.756557053940583,0.23596099138146448,{},{}
"[0, 0, 1, 0, 0, 1, 1, 0, 0, 0, 0, 0, 0, 0, 0, 0, 0, 0]",001001100000000000,"[""1100100""]",1,0.000244140625,False,False,,,,2.688639293693093,0.08926882871603745,{},{}
"[0, 0, 1, 0, 0, 1, 1, 0, 0, 0, 0, 0, 0, 1, 0, 1, 1, 0]",001001100000010110,"[""11010000001100100""]",1,0.000244140625,False,False,,,,2.2544164441455528,0.0736104273832146,{},{}
"[0, 0, 1, 0, 0, 1, 1, 0, 0, 0, 1, 0, 0, 0, 1, 0, 1, 0]",001001100010001010,"[""10100010001100100""]",1,0.000244140625,True,True,"[2, 2, 0, 1, 2, 1]",0.2751386435555678,0.26618912661120764,0.27513864355556783,0.002236186752904908,"{""degradation"": 0.2646062953907131, ""nominal"": 0.28210848673361966, ""surge"": 0.2787011485423706}","{""degradation"": 0.26618912661120764, ""nominal"": 0.18227293419577736, ""surge"": 0.23042744939782905}"
"[0, 0, 1, 0, 0, 1, 1, 0, 0, 0, 1, 0, 1, 0, 0, 1, 1, 1]",001001100010100111,"[""111001010001100100""]",1,0.000244140625,False,False,,,,4.739357302998119,0.16321925680522076,{},{}
"[0, 0, 1, 0, 0, 1, 1, 0, 0, 0, 1, 0, 1, 0, 1, 0, 0, 1]",001001100010101001,"[""100101010001100100""]",1,0.000244140625,False,False,,,,1.5234602949920224,0.047251600914116974,{},{}
"[0, 0, 1, 0, 0, 1, 1, 0, 0, 0, 1, 1, 0, 0, 1, 1, 0, 0]",001001100011001100,"[""1100110001100100""]",1,0.000244140625,False,False,,,,1.5324774347745014,0.04757676573152662,{},{}
"[0, 0, 1, 0, 0, 1, 1, 0, 0, 1, 0, 0, 0, 0, 0, 1, 1, 0]",001001100100000110,"[""11000001001100100""]",1,0.000244140625,False,False,,,,2.2764578772088817,0.0744052579758833,{},{}
"[0, 0, 1, 0, 0, 1, 1, 0, 0, 1, 0, 0, 0, 1, 0, 0, 0, 1]",001001100100010001,"[""100010001001100100""]",1,0.000244140625,True,False,"[2, 2, 0, 0, 1, 2]",0.31699886544197425,0.44284359656364775,0.3169988654419751,0.003745697721434944,"{""degradation"": 0.30164983566715114, ""nominal"": 0.32251174239328495, ""surge"": 0.3268350182654868}","{""degradation"": 0.44284359656364775, ""nominal"": 0.26416145567814575, ""surge"": 0.36672772310214247}"
"[0, 0, 1, 0, 0, 1, 1, 0, 0, 1, 0, 0, 1, 0, 1, 0, 1, 1]",001001100100101011,"[""110101001001100100""]",1,0.000244140625,False,False,,,,2.779457251403479,0.09254379232409803,{},{}
"[0, 0, 1, 0, 0, 1, 1, 0, 0, 1, 0, 0, 1, 1, 0, 0, 1, 1]",001001100100110011,"[""110011001001100100""]",1,0.000244140625,False,False,,,,2.7410157642135573,0.09115756349049892,{},{}
"[0, 0, 1, 0, 0, 1, 1, 0, 0, 1, 1, 0, 0, 1, 0, 1, 0, 0]",001001100110010100,"[""1010011001100100""]",1,0.000244140625,False,False,,,,1.4316919483253394,0.04394236556813315,{},{}
"[0, 0, 1, 0, 0, 1, 1, 0, 0, 1, 1, 0, 1, 0, 1, 1, 1, 1]",001001100110101111,"[""111101011001100100""]",1,0.000244140625,False,False,,,,7.244843211528277,0.2535689561137143,{},{}
"[0, 0, 1, 0, 0, 1, 1, 0, 0, 1, 1, 1, 1, 1, 1, 1, 0, 1]",001001100111111101,"[""101111111001100100""]",1,0.000244140625,False,False,,,,10.503140053496974,0.3710655817891656,{},{}
"[0, 0, 1, 0, 0, 1, 1, 0, 1, 0, 0, 0, 0, 1, 1, 1, 1, 0]",001001101000011110,"[""11110000101100100""]",1,0.000244140625,False,False,,,,4.781662092183537,0.1647447992036827,{},{}
"[0, 0, 1, 0, 0, 1, 1, 0, 1, 0, 1, 0, 0, 0, 0, 1, 0, 0]",001001101010000100,"[""1000010101100100""]",1,0.000244140625,False,False,,,,2.316111437335531,0.07583519506782879,{},{}
"[0, 0, 1, 0, 0, 1, 1, 0, 1, 0, 1, 1, 0, 0, 0, 0, 0, 0]",001001101011000000,"[""110101100100""]",1,0.000244140625,False,False,,,,4.354069822352879,0.14932550154397242,{},{}
"[0, 0, 1, 0, 0, 1, 1, 0, 1, 0, 1, 1, 0, 1, 0, 0, 0, 0]",001001101011010000,"[""10110101100100""]",1,0.000244140625,False,False,,,,3.5407671032426746,0.11999719605711572,{},{}
"[0, 0, 1, 0, 0, 1, 1, 0, 1, 1, 0, 0, 0, 0, 1, 0, 0, 1]",001001101100001001,"[""100100001101100100""]",1,0.000244140625,False,False,,,,1.6931469060178381,0.053370627259730616,{},{}
"[0, 0, 1, 0, 0, 1, 1, 0, 1, 1, 0, 0, 0, 1, 0, 1, 1, 0]",001001101100010110,"[""11010001101100100""]",1,0.000244140625,False,False,,,,2.7494670053719483,0.09146232157947662,{},{}
"[0, 0, 1, 0, 0, 1, 1, 0, 1, 1, 0, 0, 1, 0, 1, 0, 1, 0]",001001101100101010,"[""10101001101100100""]",1,0.000244140625,False,False,,,,2.7802282845124733,0.09257159635577002,{},{}
"[0, 0, 1, 0, 0, 1, 1, 0, 1, 1, 0, 0, 1, 1, 1, 0, 0, 1]",001001101100111001,"[""100111001101100100""]",1,0.000244140625,False,False,,,,6.09967657375726,0.21227338904288295,{},{}
"[0, 0, 1, 0, 0, 1, 1, 0, 1, 1, 1, 0, 0, 0, 0, 0, 0, 1]",001001101110000001,"[""100000011101100100""]",1,0.000244140625,False,False,,,,3.615531687824757,0.1226932630008242,{},{}
"[0, 0, 1, 0, 0, 1, 1, 0, 1, 1, 1, 1, 0, 0, 0, 0, 1, 1]",001001101111000011,"[""110000111101100100""]",1,0.000244140625,False,False,,,,8.078200036828086,0.2836204276970007,{},{}
"[0, 0, 1, 0, 0, 1, 1, 1, 0, 0, 0, 0, 0, 1, 0, 1, 1, 0]",001001110000010110,"[""11010000011100100""]",1,0.000244140625,False,False,,,,3.5000108730836477,0.11852749585753405,{},{}
"[0, 0, 1, 0, 0, 1, 1, 1, 0, 0, 0, 0, 1, 0, 0, 1, 1, 0]",001001110000100110,"[""11001000011100100""]",1,0.000244140625,False,False,,,,3.486772888924266,0.11805012422906921,{},{}
"[0, 0, 1, 0, 0, 1, 1, 1, 0, 0, 0, 0, 1, 1, 0, 0, 0, 1]",001001110000110001,"[""100011000011100100""]",1,0.000244140625,False,False,,,,3.5287550300796973,0.11956403169779857,{},{}
"[0, 0, 1, 0, 0, 1, 1, 1, 0, 0, 0, 1, 1, 0, 0, 1, 0, 0]",001001110001100100,"[""1001100011100100""]",1,0.000244140625,False,False,,,,1.5069841493861333,0.04665745875742517,{},{}
"[0, 0, 1, 0, 0, 1, 1, 1, 0, 0, 1, 0, 0, 1, 1, 1, 1, 0]",001001110010011110,"[""11110010011100100""]",1,0.000244140625,False,False,,,,3.991315280776851,0.13624430095026727,{},{}
"[0, 0, 1, 0, 0, 1, 1, 1, 0, 0, 1, 0, 1, 1, 0, 0, 1, 1]",001001110010110011,"[""110011010011100100""]",1,0.000244140625,False,False,,,,4.003108384177188,0.13666956909586203,{},{}
"[0, 0, 1, 0, 0, 1, 1, 1, 0, 1, 0, 0, 0, 0, 0, 1, 0, 0]",001001110100000100,"[""1000001011100100""]",1,0.000244140625,False,False,,,,2.283286534228753,0.07465150446496777,{},{}
"[0, 0, 1, 0, 0, 1, 1, 1, 0, 1, 0, 0, 0, 0, 1, 1, 0, 0]",001001110100001100,"[""1100001011100100""]",1,0.000244140625,False,False,,,,1.5335590042583012,0.047615767937569706,{},{}
"[0, 0, 1, 0, 0, 1, 1, 1, 0, 1, 0, 0, 0, 0, 1, 1, 1, 0]",001001110100001110,"[""11100001011100100""]",1,0.000244140625,False,False,,,,2.7370453589538135,0.09101438770167113,{},{}
"[0, 0, 1, 0, 0, 1, 1, 1, 0, 1, 1, 0, 1, 0, 1, 0, 1, 0]",001001110110101010,"[""10101011011100100""]",1,0.000244140625,False,False,,,,3.9233258412224172,0.13379255081310534,{},{}
"[0, 0, 1, 0, 0, 1, 1, 1, 1, 1, 0, 0, 0, 0, 1, 0, 1, 0]",001001111100001010,"[""10100001111100100""]",1,0.000244140625,False,False,,,,4.785407464580578,0.16487986013885655,{},{}
"[0, 0, 1, 0, 0, 1, 1, 1, 1, 1, 0, 0, 0, 0, 1, 1, 1, 0]",001001111100001110,"[""11100001111100100""]",1,0.000244140625,False,False,,,,6.026960088532929,0.2096511780967264,{},{}
"[0, 0, 1, 0, 0, 1, 1, 1, 1, 1, 0, 0, 0, 1, 1, 1, 0, 0]",001001111100011100,"[""1110001111100100""]",1,0.000244140625,False,False,,,,6.0314104028965945,0.20981165976745403,{},{}
"[0, 0, 1, 0, 0, 1, 1, 1, 1, 1, 0, 1, 0, 1, 0, 0, 0, 1]",001001111101010001,"[""100010101111100100""]",1,0.000244140625,False,False,,,,6.095517084560528,0.2121233947456003,{},{}
"[0, 0, 1, 0, 0, 1, 1, 1, 1, 1, 1, 0, 0, 1, 1, 0, 0, 0]",001001111110011000,"[""110011111100100""]",1,0.000244140625,False,False,,,,8.002495807791913,0.28089047647016974,{},{}
"[0, 0, 1, 0, 0, 1, 1, 1, 1, 1, 1, 0, 1, 0, 0, 1, 1, 0]",001001111110100110,"[""11001011111100100""]",1,0.000244140625,False,False,,,,7.255318908038834,0.25394671757968523,{},{}
"[0, 0, 1, 0, 1, 0, 0, 0, 0, 0, 0, 0, 0, 0, 0, 0, 1, 0]",001010000000000010,"[""10000000000010100""]",1,0.000244140625,False,False,,,,2.7090143357838032,0.09000356800154934,{},{}
"[0, 0, 1, 0, 1, 0, 0, 0, 0, 0, 0, 0, 0, 1, 0, 0, 0, 0]",001010000000010000,"[""10000000010100""]",1,0.000244140625,False,False,,,,2.6868897952753006,0.08920574049213241,{},{}
"[0, 0, 1, 0, 1, 0, 0, 0, 0, 0, 0, 0, 0, 1, 0, 0, 1, 1]",001010000000010011,"[""110010000000010100""]",1,0.000244140625,False,False,,,,3.1698385017364106,0.10662123273722161,{},{}
"[0, 0, 1, 0, 1, 0, 0, 0, 0, 0, 0, 0, 1, 1, 0, 1, 0, 0]",001010000000110100,"[""1011000000010100""]",1,0.000244140625,False,False,,,,3.0062373388300263,0.10072165221083058,{},{}
"[0, 0, 1, 0, 1, 0, 0, 0, 0, 0, 0, 1, 0, 1, 0, 0, 1, 0]",001010000001010010,"[""10010100000010100""]",1,0.000244140625,False,False,,,,1.1611450124738485,0.034186240331190006,{},{}
"[0, 0, 1, 0, 1, 0, 0, 0, 0, 0, 0, 1, 0, 1, 0, 1, 0, 0]",001010000001010100,"[""1010100000010100""]",1,0.000244140625,False,False,,,,1.058761440303498,0.030494211999189797,{},{}
"[0, 0, 1, 0, 1, 0, 0, 0, 0, 0, 1, 0, 0, 1, 0, 0, 0, 0]",001010000010010000,"[""10010000010100""]",1,0.000244140625,False,False,,,,1.8901891548581364,0.06047611840345621,{},{}
"[0, 0, 1, 0, 1, 0, 0, 0, 0, 0, 1, 0, 1, 0, 1, 1, 1, 0]",001010000010101110,"[""11101010000010100""]",1,0.000244140625,False,False,,,,3.4883900723710726,0.11810844107597232,{},{}
"[0, 0, 1, 0, 1, 0, 0, 0, 0, 0, 1, 1, 1, 0, 1, 0, 0, 1]",001010000011101001,"[""100101110000010100""]",1,0.000244140625,False,False,,,,3.537318864279074,0.11987284997620405,{},{}
"[0, 0, 1, 0, 1, 0, 0, 0, 0, 1, 0, 0, 0, 1, 0, 1, 1, 0]",001010000100010110,"[""11010001000010100""]",1,0.000244140625,False,False,,,,2.2395587552638623,0.07307464798876277,{},{}
"[0, 0, 1, 0, 1, 0, 0, 0, 0, 1, 0, 0, 0, 1, 0, 1, 1, 1]",001010000100010111,"[""111010001000010100""]",1,0.000244140625,False,False,,,,5.495642408711296,0.19049146442771886,{},{}
"[0, 0, 1, 0, 1, 0, 0, 0, 0, 1, 1, 0, 1, 0, 0, 1, 0, 1]",001010000110100101,"[""101001011000010100""]",1,0.000244140625,False,False,,,,3.4311429795315327,0.1160440680109599,{},{}
"[0, 0, 1, 0, 1, 0, 0, 0, 0, 1, 1, 1, 0, 1, 1, 0, 1, 0]",001010000111011010,"[""10110111000010100""]",1,0.000244140625,False,False,,,,6.804414815906454,0.23768677813942338,{},{}
"[0, 0, 1, 0, 1, 0, 0, 0, 1, 0, 0, 0, 0, 1, 0, 1, 0, 0]",001010001000010100,"[""1010000100010100""]",1,0.000244140625,False,False,,,,1.0559761628351811,0.030393772806577946,{},{}
"[0, 0, 1, 0, 1, 0, 0, 0, 1, 0, 0, 1, 1, 1, 1, 0, 0, 0]",001010001001111000,"[""111100100010100""]",1,0.000244140625,False,False,,,,5.552414952420364,0.19253872489549045,{},{}
"[0, 0, 1, 0, 1, 0, 0, 0, 1, 0, 1, 0, 0, 0, 0, 0, 0, 0]",001010001010000000,"[""10100010100""]",1,0.000244140625,False,False,,,,1.9078021329643642,0.06111125559197798,{},{}
"[0, 0, 1, 0, 1, 0, 0, 0, 1, 0, 1, 1, 0, 0, 1, 1, 0, 1]",001010001011001101,"[""101100110100010100""]",1,0.000244140625,False,False,,,,2.829840941949044,0.09436066595940595,{},{}
"[0, 0, 1, 0, 1, 0, 0, 0, 1, 1, 0, 0, 1, 0, 0, 0, 0, 0]",001010001100100000,"[""1001100010100""]",1,0.000244140625,False,False,,,,1.0115327994105154,0.028791111818541375,{},{}
"[0, 0, 1, 0, 1, 0, 0, 0, 1, 1, 0, 1, 0, 0, 0, 0, 0, 1]",001010001101000001,"[""100000101100010100""]",1,0.000244140625,False,False,,,,2.3402590457834287,0.07670597592309478,{},{}
"[0, 0, 1, 0, 1, 0, 0, 0, 1, 1, 0, 1, 1, 0, 0, 1, 0, 0]",001010001101100100,"[""1001101100010100""]",1,0.000244140625,False,False,,,,1.4713386830358606,0.045372056530458546,{},{}
"[0, 0, 1, 0, 1, 0, 0, 0, 1, 1, 0, 1, 1, 1, 0, 0, 0, 1]",001010001101110001,"[""100011101100010100""]",1,0.000244140625,False,False,,,,2.711471712184018,0.09009218283593787,{},{}
"[0, 0, 1, 0, 1, 0, 0, 0, 1, 1, 0, 1, 1, 1, 0, 1, 0, 1]",001010001101110101,"[""101011101100010100""]",1,0.000244140625,False,False,,,,3.947579980651983,0.13466717325539762,{},{}
"[0, 0, 1, 0, 1, 0, 0, 0, 1, 1, 1, 0, 0, 0, 1, 0, 1, 1]",001010001110001011,"[""110100011100010100""]",1,0.000244140625,False,False,,,,2.782958284198779,0.09267004219014101,{},{}
"[0, 0, 1, 0, 1, 0, 0, 1, 0, 0, 0, 0, 0, 0, 1, 1, 1, 0]",001010010000001110,"[""11100000010010100""]",1,0.000244140625,False,False,,,,2.3497213992005013,0.07704719547778177,{},{}
"[0, 0, 1, 0, 1, 0, 0, 1, 0, 0, 0, 0, 1, 0, 0, 1, 0, 0]",001010010000100100,"[""1001000010010100""]",1,0.000244140625,False,False,,,,1.0318566709366397,0.029524005855150432,{},{}
"[0, 0, 1, 0, 1, 0, 0, 1, 0, 0, 0, 1, 0, 0, 1, 0, 0, 1]",001010010001001001,"[""100100100010010100""]",1,0.000244140625,True,True,"[2, 1, 1, 2, 2, 2]",0.43466534967377773,0.8025298750183264,0.43466534967377857,0.007988839314383591,"{""degradation"": 0.3300032371521415, ""nominal"": 0.49325609234304624, ""surge"": 0.4807367195261456}","{""degradation"": 0.5780562429063512, ""nominal"": 0.6102227356559453, ""surge"": 0.8025298750183264}"
"[0, 0, 1, 0, 1, 0, 0, 1, 0, 0, 1, 0, 0, 0, 1, 0, 0, 0]",001010010010001000,"[""100010010010100""]",1,0.000244140625,False,False,,,,1.1715253124786853,0.03456056172768077,{},{}
"[0, 0, 1, 0, 1, 0, 0, 1, 0, 0, 1, 0, 1, 1, 0, 1, 0, 0]",001010010010110100,"[""1011010010010100""]",1,0.000244140625,False,False,,,,1.496415348416742,0.046276339874902296,{},{}
"[0, 0, 1, 0, 1, 0, 0, 1, 0, 0, 1, 0, 1, 1, 1, 0, 0, 0]",001010010010111000,"[""111010010010100""]",1,0.000244140625,False,False,,,,5.566392943790646,0.19304278173849326,{},{}
"[0, 0, 1, 0, 1, 0, 0, 1, 0, 0, 1, 1, 0, 0, 1, 0, 0, 0]",001010010011001000,"[""100110010010100""]",1,0.000244140625,False,False,,,,2.4347105093485513,0.08011196647498825,{},{}
"[0, 0, 1, 0, 1, 0, 0, 1, 0, 1, 0, 0, 0, 0, 1, 0, 1, 0]",001010010100001010,"[""10100001010010100""]",1,0.000244140625,True,True,"[2, 1, 1, 0, 2, 1]",0.3154663362789358,0.49482253790817343,0.3154663362789366,0.003690433571438885,"{""degradation"": 0.23571789360018497, ""nominal"": 0.3386099506266616, ""surge"": 0.3720711646099608}","{""degradation"": 0.1284251529738157, ""nominal"": 0.2967889865348367, ""surge"": 0.49482253790817343}"
"[0, 0, 1, 0, 1, 0, 0, 1, 0, 1, 0, 0, 1, 1, 1, 0, 1, 1]",001010010100111011,"[""110111001010010100""]",1,0.000244140625,False,False,,,,5.9985384658231595,0.20862627308451118,{},{}
"[0, 0, 1, 0, 1, 0, 0, 1, 0, 1, 0, 1, 0, 0, 0, 1, 1, 1]",001010010101000111,"[""111000101010010100""]",1,0.000244140625,False,False,,,,6.74896255853734,0.23568712818640655,{},{}
"[0, 0, 1, 0, 1, 0, 0, 1, 0, 1, 1, 0, 0, 1, 0, 0, 1, 0]",001010010110010010,"[""10010011010010100""]",1,0.000244140625,False,False,,,,1.5973201835486344,0.0499150438412271,{},{}
"[0, 0, 1, 0, 1, 0, 0, 1, 0, 1, 1, 0, 0, 1, 1, 1, 0, 1]",001010010110011101,"[""101110011010010100""]",1,0.000244140625,False,False,,,,3.993432802628889,0.13632066037498383,{},{}
"[0, 0, 1, 0, 1, 0, 0, 1, 0, 1, 1, 1, 1, 1, 0, 0, 1, 0]",001010010111110010,"[""10011111010010100""]",1,0.000244140625,False,False,,,,6.007986345074919,0.208966970689951,{},{}
"[0, 0, 1, 0, 1, 0, 0, 1, 1, 0, 0, 0, 0, 1, 0, 1, 0, 0]",001010011000010100,"[""1010000110010100""]",1,0.000244140625,False,False,,,,2.3190757942646925,0.07594209199998911,{},{}
"[0, 0, 1, 0, 1, 0, 0, 1, 1, 0, 0, 0, 1, 1, 0, 1, 0, 0]",001010011000110100,"[""1011000110010100""]",1,0.000244140625,False,False,,,,3.4995879772134373,0.11851224591556382,{},{}
"[0, 0, 1, 0, 1, 0, 0, 1, 1, 0, 0, 1, 0, 0, 0, 1, 0, 0]",001010011001000100,"[""1000100110010100""]",1,0.000244140625,False,False,,,,2.316793508747517,0.07585979107404461,{},{}
"[0, 0, 1, 0, 1, 0, 0, 1, 1, 0, 0, 1, 0, 1, 0, 0, 1, 0]",001010011001010010,"[""10010100110010100""]",1,0.000244140625,False,False,,,,1.6710977295502993,0.05257551743410373,{},{}
"[0, 0, 1, 0, 1, 0, 0, 1, 1, 0, 0, 1, 1, 0, 0, 1, 0, 1]",001010011001100101,"[""101001100110010100""]",1,0.000244140625,False,False,,,,2.7670514731755445,0.09209643066512174,{},{}
"[0, 0, 1, 0, 1, 0, 0, 1, 1, 0, 1, 1, 0, 0, 1, 0, 0, 1]",001010011011001001,"[""100100110110010100""]",1,0.000244140625,False,False,,,,2.938310180087578,0.09827214796641799,{},{}
"[0, 0, 1, 0, 1, 0, 0, 1, 1, 0, 1, 1, 1, 1, 1, 1, 1, 0]",001010011011111110,"[""11111110110010100""]",1,0.000244140625,False,False,,,,8.583091534605595,0.30182719343944864,{},{}
"[0, 0, 1, 0, 1, 0, 0, 1, 1, 1, 0, 1, 1, 1, 0, 1, 1, 0]",001010011101110110,"[""11011101110010100""]",1,0.000244140625,False,False,,,,5.20163714791626,0.17988941441518058,{},{}
"[0, 0, 1, 0, 1, 0, 0, 1, 1, 1, 1, 0, 0, 0, 0, 0, 0, 0]",001010011110000000,"[""11110010100""]",1,0.000244140625,False,False,,,,4.292718247685625,0.147113117788623,{},{}
"[0, 0, 1, 0, 1, 0, 0, 1, 1, 1, 1, 0, 0, 0, 0, 0, 0, 1]",001010011110000001,"[""100000011110010100""]",1,0.000244140625,False,False,,,,3.5624640291649072,0.1207796034641254,{},{}
"[0, 0, 1, 0, 1, 0, 0, 1, 1, 1, 1, 0, 0, 0, 0, 1, 0, 1]",001010011110000101,"[""101000011110010100""]",1,0.000244140625,False,False,,,,4.758553936505547,0.16391150179419733,{},{}
"[0, 0, 1, 0, 1, 0, 0, 1, 1, 1, 1, 1, 0, 0, 0, 0, 0, 0]",001010011111000000,"[""111110010100""]",1,0.000244140625,False,False,,,,7.532210895527999,0.26393165013324865,{},{}
"[0, 0, 1, 0, 1, 0, 1, 0, 0, 0, 0, 0, 0, 1, 0, 0, 0, 0]",001010100000010000,"[""10000001010100""]",1,0.000244140625,False,False,,,,1.8313013045650415,0.05835257839519251,{},{}
"[0, 0, 1, 0, 1, 0, 1, 0, 0, 0, 0, 0, 0, 1, 0, 1, 0, 1]",001010100000010101,"[""101010000001010100""]",1,0.000244140625,False,False,,,,2.255888002545175,0.07366349288179437,{},{}
"[0, 0, 1, 0, 1, 0, 1, 0, 0, 0, 0, 0, 0, 1, 0, 1, 1, 0]",001010100000010110,"[""11010000001010100""]",1,0.000244140625,False,False,,,,2.2582594674814067,0.07374900968441526,{},{}
"[0, 0, 1, 0, 1, 0, 1, 0, 0, 0, 0, 0, 1, 0, 0, 1, 1, 0]",001010100000100110,"[""11001000001010100""]",1,0.000244140625,False,False,,,,2.25436015258686,0.07360839746742695,{},{}
"[0, 0, 1, 0, 1, 0, 1, 0, 0, 0, 0, 0, 1, 1, 0, 0, 0, 0]",001010100000110000,"[""11000001010100""]",1,0.000244140625,False,False,,,,3.0079191737333377,0.10078230043770081,{},{}
"[0, 0, 1, 0, 1, 0, 1, 0, 0, 0, 1, 0, 0, 1, 1, 0, 0, 0]",001010100010011000,"[""110010001010100""]",1,0.000244140625,False,False,,,,2.2755344649125906,0.07437195903653437,{},{}
"[0, 0, 1, 0, 1, 0, 1, 0, 0, 0, 1, 0, 1, 1, 0, 0, 0, 0]",001010100010110000,"[""11010001010100""]",1,0.000244140625,False,False,,,,2.211218533316174,0.07205267834902461,{},{}
"[0, 0, 1, 0, 1, 0, 1, 0, 0, 0, 1, 0, 1, 1, 0, 0, 1, 0]",001010100010110010,"[""10011010001010100""]",1,0.000244140625,False,False,,,,1.483713680753168,0.04581830822115671,{},{}
"[0, 0, 1, 0, 1, 0, 1, 0, 0, 0, 1, 1, 0, 1, 0, 0, 0, 1]",001010100011010001,"[""100010110001010100""]",1,0.000244140625,False,False,,,,1.507925569332532,0.0466914070661307,{},{}
"[0, 0, 1, 0, 1, 0, 1, 0, 0, 0, 1, 1, 1, 1, 0, 0, 0, 0]",001010100011110000,"[""11110001010100""]",1,0.000244140625,False,False,,,,3.4521523340808873,0.11680168107904268,{},{}
"[0, 0, 1, 0, 1, 0, 1, 0, 0, 1, 0, 0, 0, 0, 1, 0, 0, 0]",001010100100001000,"[""100001001010100""]",1,0.000244140625,False,False,,,,1.0409163054388733,0.02985070306399718,{},{}
"[0, 0, 1, 0, 1, 0, 1, 0, 0, 1, 0, 0, 0, 0, 1, 0, 1, 0]",001010100100001010,"[""10100001001010100""]",1,0.000244140625,True,False,"[2, 1, 0, 0, 2, 1]",0.2537413293992201,0.17974933826610784,0.2537413293992211,0.001464583570682489,"{""degradation"": 0.24490223955235252, ""nominal"": 0.2555173623964578, ""surge"": 0.26080438624885016}","{""degradation"": 0.1722237681691344, ""nominal"": 0.12837856798761504, ""surge"": 0.17974933826610784}"
"[0, 0, 1, 0, 1, 0, 1, 0, 0, 1, 0, 0, 0, 1, 0, 0, 0, 0]",001010100100010000,"[""10001001010100""]",1,0.000244140625,False,False,,,,0.9985805044685028,0.02832404235733164,{},{}
"[0, 0, 1, 0, 1, 0, 1, 0, 0, 1, 1, 0, 0, 0, 0, 0, 0, 1]",001010100110000001,"[""100000011001010100""]",1,0.000244140625,False,False,,,,2.221632939623609,0.07242822964434412,{},{}
"[0, 0, 1, 0, 1, 0, 1, 0, 0, 1, 1, 0, 0, 1, 0, 0, 0, 1]",001010100110010001,"[""100010011001010100""]",1,0.000244140625,False,False,,,,1.4421684848137777,0.044320157324335904,{},{}
"[0, 0, 1, 0, 1, 0, 1, 0, 0, 1, 1, 0, 0, 1, 1, 1, 0, 1]",001010100110011101,"[""101110011001010100""]",1,0.000244140625,False,False,,,,3.9232137566085052,0.1337885089579388,{},{}
"[0, 0, 1, 0, 1, 0, 1, 0, 0, 1, 1, 0, 1, 0, 0, 0, 1, 0]",001010100110100010,"[""10001011001010100""]",1,0.000244140625,False,False,,,,1.440640634855463,0.04426506190996847,{},{}
"[0, 0, 1, 0, 1, 0, 1, 0, 0, 1, 1, 1, 1, 1, 0, 1, 1, 0]",001010100111110110,"[""11011111001010100""]",1,0.000244140625,False,False,,,,7.204177358363509,0.2521025149762682,{},{}
"[0, 0, 1, 0, 1, 0, 1, 0, 1, 0, 0, 0, 0, 0, 0, 1, 1, 1]",001010101000000111,"[""111000000101010100""]",1,0.000244140625,False,False,,,,7.547779956450425,0.264493082136545,{},{}
"[0, 0, 1, 0, 1, 0, 1, 0, 1, 0, 0, 1, 1, 0, 0, 1, 0, 0]",001010101001100100,"[""1001100101010100""]",1,0.000244140625,False,False,,,,1.516322818650969,0.04699421816890171,{},{}
"[0, 0, 1, 0, 1, 0, 1, 0, 1, 0, 1, 0, 0, 1, 0, 0, 0, 1]",001010101010010001,"[""100010010101010100""]",1,0.000244140625,False,False,,,,1.5460978512294004,0.048067928155137496,{},{}
"[0, 0, 1, 0, 1, 0, 1, 0, 1, 0, 1, 0, 1, 1, 0, 0, 1, 0]",001010101010110010,"[""10011010101010100""]",1,0.000244140625,False,False,,,,2.734803755620244,0.09093355380575202,{},{}
"[0, 0, 1, 0, 1, 0, 1, 0, 1, 0, 1, 1, 1, 1, 0, 1, 0, 1]",001010101011110101,"[""101011110101010100""]",1,0.000244140625,False,False,,,,5.205202145114763,0.18001797088553376,{},{}
"[0, 0, 1, 0, 1, 0, 1, 0, 1, 1, 0, 0, 1, 0, 0, 0, 1, 0]",001010101100100010,"[""10001001101010100""]",1,0.000244140625,False,False,,,,1.4711951645323706,0.04536688114567934,{},{}
"[0, 0, 1, 0, 1, 0, 1, 0, 1, 1, 1, 0, 1, 1, 0, 0, 1, 0]",001010101110110010,"[""10011011101010100""]",1,0.000244140625,False,False,,,,3.9342038003085333,0.13418481816898015,{},{}
"[0, 0, 1, 0, 1, 0, 1, 1, 0, 0, 0, 0, 0, 0, 0, 0, 1, 0]",001010110000000010,"[""10000000011010100""]",1,0.000244140625,False,False,,,,3.095686408589878,0.10394725269363998,{},{}
"[0, 0, 1, 0, 1, 0, 1, 1, 0, 0, 0, 0, 0, 0, 1, 1, 0, 0]",001010110000001100,"[""1100000011010100""]",1,0.000244140625,False,False,,,,2.291491183918897,0.074947370280821,{},{}
"[0, 0, 1, 0, 1, 0, 1, 1, 0, 0, 0, 0, 1, 0, 0, 1, 1, 0]",001010110000100110,"[""11001000011010100""]",1,0.000244140625,False,False,,,,3.4966207161031937,0.11840524425645747,{},{}
"[0, 0, 1, 0, 1, 0, 1, 1, 0, 0, 0, 0, 1, 1, 1, 1, 0, 0]",001010110000111100,"[""1111000011010100""]",1,0.000244140625,False,False,,,,6.74990234757407,0.23572101768328732,{},{}
"[0, 0, 1, 0, 1, 0, 1, 1, 0, 0, 0, 1, 0, 0, 1, 0, 0, 0]",001010110001001000,"[""100100011010100""]",1,0.000244140625,False,False,,,,2.3639219401509095,0.07755927762540797,{},{}
"[0, 0, 1, 0, 1, 0, 1, 1, 0, 0, 0, 1, 0, 0, 1, 1, 0, 0]",001010110001001100,"[""1100100011010100""]",1,0.000244140625,False,False,,,,1.556117533711101,0.048429245413520845,{},{}
"[0, 0, 1, 0, 1, 0, 1, 1, 0, 0, 0, 1, 0, 1, 1, 0, 1, 0]",001010110001011010,"[""10110100011010100""]",1,0.000244140625,False,False,,,,2.874297707167006,0.09596381022615122,{},{}
"[0, 0, 1, 0, 1, 0, 1, 1, 0, 0, 0, 1, 1, 0, 0, 1, 0, 1]",001010110001100101,"[""101001100011010100""]",1,0.000244140625,False,False,,,,2.723282333027128,0.09051808267364543,{},{}
"[0, 0, 1, 0, 1, 0, 1, 1, 0, 0, 1, 0, 0, 0, 1, 1, 1, 1]",001010110010001111,"[""111100010011010100""]",1,0.000244140625,False,False,,,,6.0170218697476034,0.20929279848027788,{},{}
"[0, 0, 1, 0, 1, 0, 1, 1, 0, 0, 1, 0, 1, 0, 0, 1, 1, 0]",001010110010100110,"[""11001010011010100""]",1,0.000244140625,False,False,,,,2.7430970092512377,0.09123261474610628,{},{}
"[0, 0, 1, 0, 1, 0, 1, 1, 0, 0, 1, 1, 1, 1, 0, 1, 1, 0]",001010110011110110,"[""11011110011010100""]",1,0.000244140625,False,False,,,,5.269680834167152,0.1823431207288657,{},{}
"[0, 0, 1, 0, 1, 0, 1, 1, 0, 1, 0, 0, 0, 0, 1, 0, 1, 0]",001010110100001010,"[""10100001011010100""]",1,0.000244140625,False,False,,,,1.5053405621803901,0.04659818977118956,{},{}
"[0, 0, 1, 0, 1, 0, 1, 1, 0, 1, 0, 0, 1, 0, 0, 1, 0, 1]",001010110100100101,"[""101001001011010100""]",1,0.000244140625,False,False,,,,2.737561970763025,0.09103301711062632,{},{}
"[0, 0, 1, 0, 1, 0, 1, 1, 0, 1, 0, 1, 1, 0, 0, 0, 0, 1]",001010110101100001,"[""100001101011010100""]",1,0.000244140625,False,False,,,,2.706263455712895,0.08990436920486318,{},{}
"[0, 0, 1, 0, 1, 0, 1, 1, 0, 1, 1, 0, 1, 0, 0, 1, 0, 0]",001010110110100100,"[""1001011011010100""]",1,0.000244140625,False,False,,,,2.7139145814103056,0.09018027453076385,{},{}
"[0, 0, 1, 0, 1, 0, 1, 1, 1, 1, 0, 0, 0, 0, 0, 0, 0, 1]",001010111100000001,"[""100000001111010100""]",1,0.000244140625,False,False,,,,5.5378587530401475,0.19201381743837825,{},{}
"[0, 0, 1, 0, 1, 0, 1, 1, 1, 1, 0, 0, 0, 1, 1, 1, 0, 1]",001010111100011101,"[""101110001111010100""]",1,0.000244140625,False,False,,,,7.2621201111167615,0.25419197405905103,{},{}
"[0, 0, 1, 0, 1, 0, 1, 1, 1, 1, 0, 0, 1, 1, 0, 0, 0, 1]",001010111100110001,"[""100011001111010100""]",1,0.000244140625,False,False,,,,5.989813553275159,0.20831164620015277,{},{}
"[0, 0, 1, 0, 1, 0, 1, 1, 1, 1, 0, 1, 1, 0, 1, 0, 1, 0]",001010111101101010,"[""10101101111010100""]",1,0.000244140625,False,False,,,,7.255649979203795,0.2539586562539768,{},{}
"[0, 0, 1, 0, 1, 0, 1, 1, 1, 1, 1, 0, 1, 0, 1, 0, 1, 1]",001010111110101011,"[""110101011111010100""]",1,0.000244140625,False,False,,,,8.508686856961253,0.29914410500960575,{},{}
"[0, 0, 1, 0, 1, 0, 1, 1, 1, 1, 1, 1, 0, 1, 1, 0, 1, 0]",001010111111011010,"[""10110111111010100""]",1,0.000244140625,False,False,,,,10.579037582549915,0.37380250355944755,{},{}
"[0, 0, 1, 0, 1, 1, 0, 0, 0, 1, 0, 0, 0, 0, 1, 1, 0, 0]",001011000100001100,"[""1100001000110100""]",1,0.000244140625,False,False,,,,2.298222061745135,0.07519009077891374,{},{}
"[0, 0, 1, 0, 1, 1, 0, 0, 0, 1, 0, 0, 0, 1, 0, 0, 1, 1]",001011000100010011,"[""110010001000110100""]",1,0.000244140625,False,False,,,,3.61601326109158,0.12271062889368528,{},{}
"[0, 0, 1, 0, 1, 1, 0, 0, 0, 1, 0, 0, 1, 1, 0, 1, 0, 1]",001011000100110101,"[""101011001000110100""]",1,0.000244140625,False,False,,,,4.764839924859787,0.16413817924455884,{},{}
"[0, 0, 1, 0, 1, 1, 0, 0, 0, 1, 0, 1, 0, 1, 0, 0, 0, 0]",001011000101010000,"[""10101000110100""]",1,0.000244140625,False,False,,,,4.291391484934003,0.14706527372961048,{},{}
"[0, 0, 1, 0, 1, 1, 0, 0, 0, 1, 0, 1, 0, 1, 1, 0, 0, 0]",001011000101011000,"[""110101000110100""]",1,0.000244140625,False,False,,,,5.563915351068705,0.1929534378883945,{},{}
"[0, 0, 1, 0, 1, 1, 0, 0, 0, 1, 1, 1, 0, 1, 1, 0, 1, 0]",001011000111011010,"[""10110111000110100""]",1,0.000244140625,False,False,,,,8.064843560038366,0.28313878313549523,{},{}
"[0, 0, 1, 0, 1, 1, 0, 0, 1, 0, 0, 0, 0, 0, 0, 0, 0, 0]",001011001000000000,"[""100110100""]",1,0.000244140625,False,False,,,,3.995515980443293,0.13639578132796812,{},{}
"[0, 0, 1, 0, 1, 1, 0, 0, 1, 0, 0, 0, 1, 1, 1, 0, 0, 1]",001011001000111001,"[""100111000100110100""]",1,0.000244140625,False,False,,,,6.910658069156897,0.2415179894633637,{},{}
"[0, 0, 1, 0, 1, 1, 0, 0, 1, 0, 1, 0, 0, 0, 0, 0, 0, 1]",001011001010000001,"[""100000010100110100""]",1,0.000244140625,False,False,,,,2.5040967446209343,0.08261408611240656,{},{}
"[0, 0, 1, 0, 1, 1, 0, 0, 1, 0, 1, 0, 0, 1, 0, 0, 1, 0]",001011001010010010,"[""10010010100110100""]",1,0.000244140625,False,False,,,,1.690026978709473,0.05325812034312197,{},{}
"[0, 0, 1, 0, 1, 1, 0, 0, 1, 0, 1, 1, 1, 0, 1, 0, 0, 0]",001011001011101000,"[""101110100110100""]",1,0.000244140625,False,False,,,,4.830829283351137,0.16651780495985632,{},{}
"[0, 0, 1, 0, 1, 1, 0, 0, 1, 0, 1, 1, 1, 0, 1, 1, 0, 0]",001011001011101100,"[""1101110100110100""]",1,0.000244140625,False,False,,,,4.036257859956612,0.13786496403251214,{},{}
"[0, 0, 1, 0, 1, 1, 0, 0, 1, 1, 0, 0, 0, 0, 1, 0, 1, 0]",001011001100001010,"[""10100001100110100""]",1,0.000244140625,False,False,,,,1.581871110647275,0.04935793869588159,{},{}
"[0, 0, 1, 0, 1, 1, 0, 0, 1, 1, 0, 0, 1, 1, 0, 0, 0, 0]",001011001100110000,"[""11001100110100""]",1,0.000244140625,False,False,,,,3.4993249523228043,0.11850276104091398,{},{}
"[0, 0, 1, 0, 1, 1, 0, 0, 1, 1, 0, 1, 0, 1, 0, 0, 0, 0]",001011001101010000,"[""10101100110100""]",1,0.000244140625,False,False,,,,3.5583054172164355,0.12062964080107233,{},{}
"[0, 0, 1, 0, 1, 1, 0, 1, 0, 0, 0, 0, 0, 0, 1, 0, 0, 0]",001011010000001000,"[""100000010110100""]",1,0.000244140625,False,False,,,,3.1872968174063705,0.10725079268239768,{},{}
"[0, 0, 1, 0, 1, 1, 0, 1, 0, 0, 0, 0, 1, 1, 0, 1, 1, 0]",001011010000110110,"[""11011000010110100""]",1,0.000244140625,False,False,,,,4.786866149399653,0.1649324614064752,{},{}
"[0, 0, 1, 0, 1, 1, 0, 1, 0, 0, 0, 1, 0, 0, 1, 1, 1, 0]",001011010001001110,"[""11100100010110100""]",1,0.000244140625,False,False,,,,2.8639966709374454,0.09559234714079197,{},{}
"[0, 0, 1, 0, 1, 1, 0, 1, 0, 0, 1, 0, 0, 0, 0, 1, 0, 1]",001011010010000101,"[""101000010010110100""]",1,0.000244140625,False,False,,,,3.607498914273645,0.12240359516733718,{},{}
"[0, 0, 1, 0, 1, 1, 0, 1, 0, 0, 1, 0, 1, 1, 0, 0, 0, 1]",001011010010110001,"[""100011010010110100""]",1,0.000244140625,False,False,,,,2.8383974830297944,0.09466922124248878,{},{}
"[0, 0, 1, 0, 1, 1, 0, 1, 0, 0, 1, 0, 1, 1, 0, 0, 1, 1]",001011010010110011,"[""110011010010110100""]",1,0.000244140625,False,False,,,,4.154069564031996,0.14211334236183853,{},{}
"[0, 0, 1, 0, 1, 1, 0, 1, 0, 0, 1, 1, 0, 0, 0, 1, 0, 0]",001011010011000100,"[""1000110010110100""]",1,0.000244140625,False,False,,,,3.55067092576457,0.12035433531853064,{},{}
"[0, 0, 1, 0, 1, 1, 0, 1, 0, 1, 0, 0, 1, 0, 0, 1, 0, 1]",001011010100100101,"[""101001001010110100""]",1,0.000244140625,False,False,,,,2.7732230713590686,0.09231898312021072,{},{}
"[0, 0, 1, 0, 1, 1, 0, 1, 0, 1, 0, 0, 1, 1, 1, 0, 0, 1]",001011010100111001,"[""100111001010110100""]",1,0.000244140625,False,False,,,,6.029162206280203,0.20973058811281578,{},{}
"[0, 0, 1, 0, 1, 1, 0, 1, 0, 1, 0, 1, 0, 1, 0, 0, 1, 1]",001011010101010011,"[""110010101010110100""]",1,0.000244140625,False,False,,,,4.1330458896729985,0.1413552129106897,{},{}
"[0, 0, 1, 0, 1, 1, 0, 1, 0, 1, 1, 0, 0, 0, 1, 0, 1, 0]",001011010110001010,"[""10100011010110100""]",1,0.000244140625,False,False,,,,2.8130327042940566,0.09375454831457565,{},{}
"[0, 0, 1, 0, 1, 1, 0, 1, 1, 0, 0, 0, 0, 1, 0, 0, 1, 0]",001011011000010010,"[""10010000110110100""]",1,0.000244140625,False,False,,,,3.736594267510865,0.12705887034066637,{},{}
"[0, 0, 1, 0, 1, 1, 0, 1, 1, 0, 0, 1, 0, 1, 0, 1, 0, 1]",001011011001010101,"[""101010100110110100""]",1,0.000244140625,False,False,,,,4.173540392293308,0.14281547501910377,{},{}
"[0, 0, 1, 0, 1, 1, 0, 1, 1, 0, 1, 0, 0, 0, 1, 0, 1, 0]",001011011010001010,"[""10100010110110100""]",1,0.000244140625,False,False,,,,2.969630551933081,0.09940158404460032,{},{}
"[0, 0, 1, 0, 1, 1, 0, 1, 1, 0, 1, 0, 1, 1, 1, 0, 0, 1]",001011011010111001,"[""100111010110110100""]",1,0.000244140625,False,False,,,,7.431013815921624,0.26028240761218513,{},{}
"[0, 0, 1, 0, 1, 1, 0, 1, 1, 0, 1, 1, 0, 0, 0, 1, 1, 1]",001011011011000111,"[""111000110110110100""]",1,0.000244140625,False,False,,,,9.457936258634849,0.3333747497392304,{},{}
"[0, 0, 1, 0, 1, 1, 0, 1, 1, 1, 0, 0, 0, 0, 1, 1, 1, 0]",001011011100001110,"[""11100001110110100""]",1,0.000244140625,False,False,,,,4.050399318682261,0.13837491563084117,{},{}
"[0, 0, 1, 0, 1, 1, 0, 1, 1, 1, 0, 0, 1, 0, 1, 0, 0, 1]",001011011100101001,"[""100101001110110100""]",1,0.000244140625,False,False,,,,4.103156280910766,0.14027737122141015,{},{}
"[0, 0, 1, 0, 1, 1, 0, 1, 1, 1, 0, 1, 1, 1, 1, 0, 0, 0]",001011011101111000,"[""111101110110100""]",1,0.000244140625,False,False,,,,9.283779766994229,0.32709453614921147,{},{}
"[0, 0, 1, 0, 1, 1, 1, 0, 0, 0, 0, 0, 1, 1, 1, 0, 1, 1]",001011100000111011,"[""110111000001110100""]",1,0.000244140625,False,False,,,,8.046821287757744,0.2824888864923466,{},{}
"[0, 0, 1, 0, 1, 1, 1, 0, 0, 0, 0, 1, 0, 0, 1, 0, 1, 0]",001011100001001010,"[""10100100001110100""]",1,0.000244140625,False,False,,,,1.6007374012327018,0.0500382712715535,{},{}
"[0, 0, 1, 0, 1, 1, 1, 0, 0, 0, 0, 1, 0, 1, 0, 0, 0, 0]",001011100001010000,"[""10100001110100""]",1,0.000244140625,False,False,,,,2.306088994589498,0.07547377827224522,{},{}
"[0, 0, 1, 0, 1, 1, 1, 0, 0, 0, 1, 0, 1, 0, 1, 0, 0, 0]",001011100010101000,"[""101010001110100""]",1,0.000244140625,False,False,,,,3.4719270415706216,0.11751477184899199,{},{}
"[0, 0, 1, 0, 1, 1, 1, 0, 0, 0, 1, 0, 1, 0, 1, 1, 1, 1]",001011100010101111,"[""111101010001110100""]",1,0.000244140625,False,False,,,,7.26179905683793,0.25418039660117936,{},{}
"[0, 0, 1, 0, 1, 1, 1, 0, 0, 1, 0, 1, 0, 1, 0, 0, 0, 0]",001011100101010000,"[""10101001110100""]",1,0.000244140625,False,False,,,,3.490604380100292,0.11818829067194503,{},{}
"[0, 0, 1, 0, 1, 1, 1, 0, 0, 1, 0, 1, 1, 1, 0, 0, 0, 1]",001011100101110001,"[""100011101001110100""]",1,0.000244140625,False,False,,,,3.9956637304048668,0.13640110930229662,{},{}
"[0, 0, 1, 0, 1, 1, 1, 0, 0, 1, 0, 1, 1, 1, 0, 1, 0, 0]",001011100101110100,"[""1011101001110100""]",1,0.000244140625,False,False,,,,3.9730165627905967,0.13558443546782323,{},{}
"[0, 0, 1, 0, 1, 1, 1, 0, 0, 1, 1, 1, 0, 0, 1, 0, 0, 0]",001011100111001000,"[""100111001110100""]",1,0.000244140625,False,False,,,,6.744450907705324,0.23552443467666867,{},{}
"[0, 0, 1, 0, 1, 1, 1, 0, 1, 0, 0, 1, 0, 0, 0, 0, 0, 1]",001011101001000001,"[""100000100101110100""]",1,0.000244140625,False,False,,,,3.7023444535293875,0.1258237963839289,{},{}
"[0, 0, 1, 0, 1, 1, 1, 0, 1, 0, 1, 0, 0, 0, 0, 1, 0, 1]",001011101010000101,"[""101000010101110100""]",1,0.000244140625,False,False,,,,4.861542915384044,0.16762536154574542,{},{}
"[0, 0, 1, 0, 1, 1, 1, 0, 1, 0, 1, 0, 1, 0, 0, 0, 0, 1]",001011101010100001,"[""100001010101110100""]",1,0.000244140625,False,False,,,,2.845965190992149,0.09494211846235553,{},{}
"[0, 0, 1, 0, 1, 1, 1, 0, 1, 0, 1, 1, 1, 0, 0, 1, 1, 0]",001011101011100110,"[""11001110101110100""]",1,0.000244140625,False,False,,,,5.262570089946923,0.18208670196395865,{},{}
"[0, 0, 1, 0, 1, 1, 1, 0, 1, 1, 0, 0, 0, 0, 1, 0, 1, 0]",001011101100001010,"[""10100001101110100""]",1,0.000244140625,False,False,,,,2.783245735197071,0.09268040788853636,{},{}
"[0, 0, 1, 0, 1, 1, 1, 0, 1, 1, 0, 1, 0, 1, 0, 1, 1, 0]",001011101101010110,"[""11010101101110100""]",1,0.000244140625,False,False,,,,5.262570089946923,0.18208670196395865,{},{}
"[0, 0, 1, 0, 1, 1, 1, 0, 1, 1, 1, 0, 0, 1, 0, 0, 0, 0]",001011101110010000,"[""10011101110100""]",1,0.000244140625,False,False,,,,4.740722939114025,0.1632685026668785,{},{}
"[0, 0, 1, 0, 1, 1, 1, 0, 1, 1, 1, 1, 1, 1, 0, 1, 1, 0]",001011101111110110,"[""11011111101110100""]",1,0.000244140625,False,False,,,,9.7710364412207,0.3446653769400282,{},{}
"[0, 0, 1, 0, 1, 1, 1, 1, 0, 0, 0, 0, 1, 1, 1, 0, 0, 0]",001011110000111000,"[""111000011110100""]",1,0.000244140625,False,False,,,,8.759439798488794,0.3081864439789055,{},{}
"[0, 0, 1, 0, 1, 1, 1, 1, 0, 0, 0, 1, 1, 0, 0, 0, 1, 1]",001011110001100011,"[""110001100011110100""]",1,0.000244140625,False,False,,,,4.043412604134081,0.13812296946884797,{},{}
"[0, 0, 1, 0, 1, 1, 1, 1, 0, 0, 0, 1, 1, 1, 0, 0, 0, 0]",001011110001110000,"[""11100011110100""]",1,0.000244140625,False,False,,,,4.734306096538964,0.16303710651526063,{},{}
"[0, 0, 1, 0, 1, 1, 1, 1, 0, 0, 1, 0, 0, 0, 1, 1, 0, 1]",001011110010001101,"[""101100010011110100""]",1,0.000244140625,False,False,,,,4.038306940939812,0.1379388554282133,{},{}
"[0, 0, 1, 0, 1, 1, 1, 1, 0, 0, 1, 1, 0, 1, 0, 1, 1, 0]",001011110011010110,"[""11010110011110100""]",1,0.000244140625,False,False,,,,5.313473348003443,0.18392231159304145,{},{}
"[0, 0, 1, 0, 1, 1, 1, 1, 0, 1, 1, 0, 0, 0, 0, 0, 1, 0]",001011110110000010,"[""10000011011110100""]",1,0.000244140625,False,False,,,,4.760531976508459,0.16398283139891587,{},{}
"[0, 0, 1, 0, 1, 1, 1, 1, 1, 1, 0, 0, 1, 0, 1, 0, 0, 1]",001011111100101001,"[""100101001111110100""]",1,0.000244140625,False,False,,,,7.349993622072274,0.2573607587107555,{},{}
"[0, 0, 1, 1, 0, 0, 0, 0, 0, 0, 0, 0, 0, 0, 0, 1, 1, 0]",001100000000000110,"[""11000000000001100""]",1,0.000244140625,False,False,,,,3.850409707872538,0.1311631404059383,{},{}
"[0, 0, 1, 1, 0, 0, 0, 0, 0, 0, 0, 0, 0, 0, 1, 1, 0, 1]",001100000000001101,"[""101100000000001100""]",1,0.000244140625,False,False,,,,3.164866344849226,0.10644193303406131,{},{}
"[0, 0, 1, 1, 0, 0, 0, 0, 0, 0, 0, 1, 0, 0, 1, 0, 0, 0]",001100000001001000,"[""100100000001100""]",1,0.000244140625,False,False,,,,1.967551319601956,0.06326585603425323,{},{}
"[0, 0, 1, 1, 0, 0, 0, 0, 0, 0, 0, 1, 1, 0, 0, 1, 0, 1]",001100000001100101,"[""101001100000001100""]",1,0.000244140625,False,False,,,,2.345589051007845,0.07689817990544374,{},{}
"[0, 0, 1, 1, 0, 0, 0, 0, 0, 0, 0, 1, 1, 0, 1, 1, 0, 0]",001100000001101100,"[""1101100000001100""]",1,0.000244140625,False,False,,,,2.402957998329938,0.0789669471344068,{},{}
"[0, 0, 1, 1, 0, 0, 0, 0, 0, 0, 1, 0, 0, 1, 0, 0, 0, 0]",001100000010010000,"[""10010000001100""]",1,0.000244140625,False,False,,,,1.8026683632416314,0.05732005307542111,{},{}
"[0, 0, 1, 1, 0, 0, 0, 0, 0, 0, 1, 0, 0, 1, 0, 0, 1, 1]",001100000010010011,"[""110010010000001100""]",1,0.000244140625,False,False,,,,2.270834044953519,0.07420245837062366,{},{}
"[0, 0, 1, 1, 0, 0, 0, 0, 0, 0, 1, 0, 1, 1, 0, 1, 1, 0]",001100000010110110,"[""11011010000001100""]",1,0.000244140625,False,False,,,,3.4501570702340665,0.11672973036960639,{},{}
"[0, 0, 1, 1, 0, 0, 0, 0, 0, 0, 1, 0, 1, 1, 0, 1, 1, 1]",001100000010110111,"[""111011010000001100""]",1,0.000244140625,False,False,,,,6.698343207339002,0.233861756451371,{},{}
"[0, 0, 1, 1, 0, 0, 0, 0, 0, 0, 1, 0, 1, 1, 1, 0, 0, 1]",001100000010111001,"[""100111010000001100""]",1,0.000244140625,False,False,,,,5.469847323201916,0.1895612743151045,{},{}
"[0, 0, 1, 1, 0, 0, 0, 0, 0, 0, 1, 1, 0, 1, 0, 1, 0, 0]",001100000011010100,"[""1010110000001100""]",1,0.000244140625,False,False,,,,2.227900241224039,0.07265423323636057,{},{}
"[0, 0, 1, 1, 0, 0, 0, 0, 0, 1, 0, 0, 1, 0, 0, 0, 0, 1]",001100000100100001,"[""100001001000001100""]",1,0.000244140625,False,False,,,,1.0876363729288998,0.03153546370664344,{},{}
"[0, 0, 1, 1, 0, 0, 0, 0, 0, 1, 0, 0, 1, 0, 1, 1, 0, 0]",001100000100101100,"[""1101001000001100""]",1,0.000244140625,False,False,,,,2.3964273928830178,0.07873144860838323,{},{}
"[0, 0, 1, 1, 0, 0, 0, 0, 0, 1, 0, 1, 0, 0, 0, 1, 1, 0]",001100000101000110,"[""11000101000001100""]",1,0.000244140625,False,False,,,,4.287861247480865,0.14693797072172177,{},{}
"[0, 0, 1, 1, 0, 0, 0, 0, 0, 1, 0, 1, 0, 0, 1, 1, 1, 0]",001100000101001110,"[""11100101000001100""]",1,0.000244140625,False,False,,,,3.569723782880401,0.12104139562308965,{},{}
"[0, 0, 1, 1, 0, 0, 0, 0, 0, 1, 0, 1, 0, 1, 1, 1, 0, 0]",001100000101011100,"[""1110101000001100""]",1,0.000244140625,False,False,,,,3.5569379116367346,0.12058032752514927,{},{}
"[0, 0, 1, 1, 0, 0, 0, 0, 1, 0, 0, 0, 0, 0, 0, 0, 0, 0]",001100001000000000,"[""100001100""]",1,0.000244140625,False,False,,,,2.7001396923414354,0.08968354170894154,{},{}
"[0, 0, 1, 1, 0, 0, 0, 0, 1, 0, 0, 0, 1, 0, 1, 0, 1, 0]",001100001000101010,"[""10101000100001100""]",1,0.000244140625,False,False,,,,2.3045756382769174,0.07541920550960356,{},{}
"[0, 0, 1, 1, 0, 0, 0, 0, 1, 0, 1, 0, 0, 0, 0, 0, 1, 1]",001100001010000011,"[""110000010100001100""]",1,0.000244140625,False,False,,,,2.3233485392609774,0.07609617038627013,{},{}
"[0, 0, 1, 1, 0, 0, 0, 0, 1, 0, 1, 0, 0, 0, 1, 1, 0, 0]",001100001010001100,"[""1100010100001100""]",1,0.000244140625,True,False,"[2, 0, 2, 1, 2, 0]",0.3088086443474819,0.38274167122920955,0.3088086443474826,0.0034503522115527565,"{""degradation"": 0.2803888044040741, ""nominal"": 0.3135468517886419, ""surge"": 0.33249027684972976}","{""degradation"": 0.3414532818045023, ""nominal"": 0.24599159226294892, ""surge"": 0.38274167122920955}"
"[0, 0, 1, 1, 0, 0, 0, 0, 1, 0, 1, 0, 0, 1, 0, 0, 1, 0]",001100001010010010,"[""10010010100001100""]",1,0.000244140625,True,True,"[2, 0, 2, 1, 1, 1]",0.26079643114497775,0.18405504241622317,0.2607964311449785,0.0017189958262652618,"{""degradation"": 0.23932650604925892, ""nominal"": 0.2807378597835651, ""surge"": 0.2623249276021092}","{""degradation"": 0.14563402433702102, ""nominal"": 0.17949497453358348, ""surge"": 0.18405504241622317}"
"[0, 0, 1, 1, 0, 0, 0, 0, 1, 0, 1, 0, 0, 1, 0, 0, 1, 1]",001100001010010011,"[""110010010100001100""]",1,0.000244140625,False,False,,,,1.5384397289667584,0.04779177052785182,{},{}
"[0, 0, 1, 1, 0, 0, 0, 0, 1, 0, 1, 1, 1, 0, 1, 1, 1, 1]",001100001011101111,"[""111101110100001100""]",1,0.000244140625,False,False,,,,7.280110401230871,0.2548407174013099,{},{}
"[0, 0, 1, 1, 0, 0, 0, 0, 1, 1, 0, 0, 1, 0, 0, 1, 1, 0]",001100001100100110,"[""11001001100001100""]",1,0.000244140625,False,False,,,,1.5367153509376732,0.047729588163987154,{},{}
"[0, 0, 1, 1, 0, 0, 0, 0, 1, 1, 0, 1, 0, 1, 0, 1, 1, 0]",001100001101010110,"[""11010101100001100""]",1,0.000244140625,False,False,,,,2.694029713137386,0.08946321128042561,{},{}
"[0, 0, 1, 1, 0, 0, 0, 0, 1, 1, 1, 1, 1, 1, 0, 0, 1, 0]",001100001111110010,"[""10011111100001100""]",1,0.000244140625,False,False,,,,5.884204509186437,0.20450330493381885,{},{}
"[0, 0, 1, 1, 0, 0, 0, 1, 0, 0, 1, 0, 1, 0, 1, 1, 0, 1]",001100010010101101,"[""101101010010001100""]",1,0.000244140625,False,False,,,,2.7644748386966995,0.09200351529505361,{},{}
"[0, 0, 1, 1, 0, 0, 0, 1, 0, 1, 0, 0, 1, 1, 0, 0, 1, 0]",001100010100110010,"[""10011001010001100""]",1,0.000244140625,False,False,,,,1.4543027628873118,0.04475772848430008,{},{}
"[0, 0, 1, 1, 0, 0, 0, 1, 0, 1, 0, 0, 1, 1, 0, 1, 1, 1]",001100010100110111,"[""111011001010001100""]",1,0.000244140625,False,False,,,,5.993398554336762,0.20844092402479897,{},{}
"[0, 0, 1, 1, 0, 0, 0, 1, 0, 1, 1, 0, 0, 0, 1, 1, 1, 0]",001100010110001110,"[""11100011010001100""]",1,0.000244140625,False,False,,,,2.738830295838425,0.09107875386324492,{},{}
"[0, 0, 1, 1, 0, 0, 0, 1, 0, 1, 1, 0, 1, 0, 1, 0, 1, 1]",001100010110101011,"[""110101011010001100""]",1,0.000244140625,False,False,,,,3.9448638536792995,0.13456922768147517,{},{}
"[0, 0, 1, 1, 0, 0, 0, 1, 0, 1, 1, 1, 1, 0, 0, 1, 0, 0]",001100010111100100,"[""1001111010001100""]",1,0.000244140625,False,False,,,,4.734147463033032,0.16303138607216716,{},{}
"[0, 0, 1, 1, 0, 0, 0, 1, 1, 0, 0, 0, 0, 1, 0, 0, 0, 1]",001100011000010001,"[""100010000110001100""]",1,0.000244140625,False,False,,,,2.3564606196784132,0.07729021681814532,{},{}
"[0, 0, 1, 1, 0, 0, 0, 1, 1, 0, 0, 1, 0, 0, 0, 1, 0, 1]",001100011001000101,"[""101000100110001100""]",1,0.000244140625,False,False,,,,3.5830944978664787,0.12152355362462491,{},{}
"[0, 0, 1, 1, 0, 0, 0, 1, 1, 0, 0, 1, 0, 0, 1, 1, 0, 0]",001100011001001100,"[""1100100110001100""]",1,0.000244140625,False,False,,,,1.6045499210515684,0.05017575359307425,{},{}
"[0, 0, 1, 1, 0, 0, 0, 1, 1, 0, 0, 1, 1, 0, 0, 1, 0, 0]",001100011001100100,"[""1001100110001100""]",1,0.000244140625,False,False,,,,1.5393236159476529,0.04782364415470984,{},{}
"[0, 0, 1, 1, 0, 0, 0, 1, 1, 0, 0, 1, 1, 1, 1, 0, 1, 0]",001100011001111010,"[""10111100110001100""]",1,0.000244140625,False,False,,,,6.018009307043176,0.209328406209077,{},{}
"[0, 0, 1, 1, 0, 0, 0, 1, 1, 0, 1, 0, 0, 0, 0, 1, 1, 0]",001100011010000110,"[""11000010110001100""]",1,0.000244140625,False,False,,,,3.513673001115497,0.11902016243186568,{},{}
"[0, 0, 1, 1, 0, 0, 0, 1, 1, 0, 1, 0, 0, 0, 1, 0, 0, 0]",001100011010001000,"[""100010110001100""]",1,0.000244140625,False,False,,,,2.338428461151017,0.0766399636695299,{},{}
"[0, 0, 1, 1, 0, 0, 0, 1, 1, 0, 1, 1, 0, 1, 0, 0, 1, 1]",001100011011010011,"[""110010110110001100""]",1,0.000244140625,False,False,,,,4.060967952353446,0.13875602848046537,{},{}
"[0, 0, 1, 1, 0, 0, 0, 1, 1, 0, 1, 1, 0, 1, 1, 0, 0, 1]",001100011011011001,"[""100110110110001100""]",1,0.000244140625,False,False,,,,4.0825563154255,0.13953452102974775,{},{}
"[0, 0, 1, 1, 0, 0, 0, 1, 1, 1, 0, 0, 1, 1, 0, 1, 1, 0]",001100011100110110,"[""11011001110001100""]",1,0.000244140625,False,False,,,,3.9790663064915686,0.13580259375896162,{},{}
"[0, 0, 1, 1, 0, 0, 0, 1, 1, 1, 0, 1, 0, 0, 0, 1, 1, 1]",001100011101000111,"[""111000101110001100""]",1,0.000244140625,False,False,,,,8.016129809697931,0.28138212879532803,{},{}
"[0, 0, 1, 1, 0, 0, 0, 1, 1, 1, 1, 0, 0, 0, 1, 0, 1, 1]",001100011110001011,"[""110100011110001100""]",1,0.000244140625,False,False,,,,4.007333706045259,0.1368219373686039,{},{}
"[0, 0, 1, 1, 0, 0, 0, 1, 1, 1, 1, 0, 0, 1, 0, 0, 0, 0]",001100011110010000,"[""10011110001100""]",1,0.000244140625,False,False,,,,3.4666320669502637,0.11732383109647501,{},{}
"[0, 0, 1, 1, 0, 0, 0, 1, 1, 1, 1, 0, 1, 0, 0, 0, 1, 0]",001100011110100010,"[""10001011110001100""]",1,0.000244140625,False,False,,,,2.6960541684895523,0.08953621465741886,{},{}
"[0, 0, 1, 1, 0, 0, 1, 0, 0, 0, 0, 0, 0, 0, 0, 0, 0, 1]",001100100000000001,"[""100000000001001100""]",1,0.000244140625,False,False,,,,1.8902613032095088,0.060478720127069945,{},{}
"[0, 0, 1, 1, 0, 0, 1, 0, 0, 0, 0, 0, 0, 1, 1, 0, 1, 0]",001100100000011010,"[""10110000001001100""]",1,0.000244140625,False,False,,,,2.2695032506018715,0.07415446892909322,{},{}
"[0, 0, 1, 1, 0, 0, 1, 0, 0, 0, 0, 0, 0, 1, 1, 0, 1, 1]",001100100000011011,"[""110110000001001100""]",1,0.000244140625,False,False,,,,3.5097918713643104,0.11888020598477368,{},{}
"[0, 0, 1, 1, 0, 0, 1, 0, 0, 0, 0, 0, 0, 1, 1, 1, 0, 0]",001100100000011100,"[""1110000001001100""]",1,0.000244140625,False,False,,,,2.3184582308274857,0.07591982219968185,{},{}
"[0, 0, 1, 1, 0, 0, 1, 0, 0, 0, 0, 0, 1, 0, 1, 1, 1, 1]",001100100000101111,"[""111101000001001100""]",1,0.000244140625,False,False,,,,6.833631669740928,0.2387403597818895,{},{}
"[0, 0, 1, 1, 0, 0, 1, 0, 0, 0, 0, 1, 1, 1, 1, 0, 0, 0]",001100100001111000,"[""111100001001100""]",1,0.000244140625,False,False,,,,5.556727034040623,0.1926942217899083,{},{}
"[0, 0, 1, 1, 0, 0, 1, 0, 0, 0, 1, 0, 0, 0, 0, 1, 0, 1]",001100100010000101,"[""101000010001001100""]",1,0.000244140625,False,False,,,,2.2833406796105478,0.0746534569880083,{},{}
"[0, 0, 1, 1, 0, 0, 1, 0, 0, 0, 1, 0, 0, 0, 1, 0, 1, 1]",001100100010001011,"[""110100010001001100""]",1,0.000244140625,False,False,,,,1.4846581694144807,0.04585236719002154,{},{}
"[0, 0, 1, 1, 0, 0, 1, 0, 0, 0, 1, 0, 1, 0, 0, 0, 0, 1]",001100100010100001,"[""100001010001001100""]",1,0.000244140625,True,False,"[2, 0, 0, 1, 0, 2]",0.25842428595381706,0.4603290784314589,0.25842428595381733,0.0016334544931418857,"{""degradation"": 0.3053164519265505, ""nominal"": 0.2245282129928322, ""surge"": 0.24542819294206847}","{""degradation"": 0.4603290784314589, ""nominal"": 0.06557037134042097, ""surge"": 0.13620870111599973}"
"[0, 0, 1, 1, 0, 0, 1, 0, 0, 0, 1, 0, 1, 0, 1, 1, 0, 0]",001100100010101100,"[""1101010001001100""]",1,0.000244140625,False,False,,,,1.5712185084699861,0.048973797879006804,{},{}
"[0, 0, 1, 1, 0, 0, 1, 0, 0, 0, 1, 0, 1, 1, 0, 0, 1, 1]",001100100010110011,"[""110011010001001100""]",1,0.000244140625,False,False,,,,2.6794549912132206,0.08893763588649903,{},{}
"[0, 0, 1, 1, 0, 0, 1, 0, 0, 0, 1, 1, 0, 0, 1, 0, 0, 1]",001100100011001001,"[""100100110001001100""]",1,0.000244140625,False,False,,,,1.5419038507307254,0.047916689354446235,{},{}
"[0, 0, 1, 1, 0, 0, 1, 0, 0, 0, 1, 1, 0, 0, 1, 1, 1, 1]",001100100011001111,"[""111100110001001100""]",1,0.000244140625,False,False,,,,6.010635378406083,0.2090624968168847,{},{}
"[0, 0, 1, 1, 0, 0, 1, 0, 0, 0, 1, 1, 0, 1, 0, 1, 1, 0]",001100100011010110,"[""11010110001001100""]",1,0.000244140625,False,False,,,,2.695677895607389,0.08952264597533383,{},{}
"[0, 0, 1, 1, 0, 0, 1, 0, 0, 1, 0, 0, 0, 0, 1, 0, 0, 1]",001100100100001001,"[""100100001001001100""]",1,0.000244140625,True,False,"[2, 0, 0, 0, 2, 2]",0.35327568975423035,0.6435297510759059,0.35327568975423085,0.0050538671896089475,"{""degradation"": 0.34373269747981716, ""nominal"": 0.35653175133529175, ""surge"": 0.35956262044758214}","{""degradation"": 0.6435297510759059, ""nominal"": 0.3331125386439427, ""surge"": 0.45940219870041754}"
"[0, 0, 1, 1, 0, 0, 1, 0, 0, 1, 0, 0, 0, 1, 0, 1, 0, 0]",001100100100010100,"[""1010001001001100""]",1,0.000244140625,True,False,"[2, 0, 0, 0, 1, 0]",0.3130485220979397,0.6493144564377651,0.3130485220979403,0.003603245380320708,"{""degradation"": 0.3449457206550419, ""nominal"": 0.2890747907522344, ""surge"": 0.3051250548865428}","{""degradation"": 0.6493144564377651, ""nominal"": 0.1963921017471818, ""surge"": 0.3052518025563319}"
"[0, 0, 1, 1, 0, 0, 1, 0, 0, 1, 0, 0, 1, 1, 0, 0, 0, 0]",001100100100110000,"[""11001001001100""]",1,0.000244140625,False,False,,,,2.28813212844121,0.07482624022323964,{},{}
"[0, 0, 1, 1, 0, 0, 1, 0, 0, 1, 0, 1, 0, 0, 1, 1, 0, 0]",001100100101001100,"[""1100101001001100""]",1,0.000244140625,False,False,,,,1.6710851227682202,0.052575062824095256,{},{}
"[0, 0, 1, 1, 0, 0, 1, 0, 0, 1, 0, 1, 1, 1, 0, 0, 1, 0]",001100100101110010,"[""10011101001001100""]",1,0.000244140625,False,False,,,,2.7256667754947106,0.09060406745577135,{},{}
"[0, 0, 1, 1, 0, 0, 1, 0, 0, 1, 1, 0, 0, 0, 1, 0, 0, 0]",001100100110001000,"[""100011001001100""]",1,0.000244140625,False,False,,,,2.2669669822985887,0.07406300919356364,{},{}
"[0, 0, 1, 1, 0, 0, 1, 0, 0, 1, 1, 1, 1, 0, 0, 1, 0, 0]",001100100111100100,"[""1001111001001100""]",1,0.000244140625,False,False,,,,4.837422292367643,0.1667555538053603,{},{}
"[0, 0, 1, 1, 0, 0, 1, 0, 1, 0, 0, 0, 0, 1, 0, 1, 0, 0]",001100101000010100,"[""1010000101001100""]",1,0.000244140625,False,False,,,,2.292700980792847,0.07499099646263808,{},{}
"[0, 0, 1, 1, 0, 0, 1, 0, 1, 0, 0, 0, 1, 1, 0, 0, 1, 0]",001100101000110010,"[""10011000101001100""]",1,0.000244140625,False,False,,,,3.4830627719545744,0.11791633463102369,{},{}
"[0, 0, 1, 1, 0, 0, 1, 0, 1, 0, 0, 1, 0, 1, 0, 0, 0, 1]",001100101001010001,"[""100010100101001100""]",1,0.000244140625,False,False,,,,1.5470449143352676,0.048102079960402076,{},{}
"[0, 0, 1, 1, 0, 0, 1, 0, 1, 0, 1, 1, 0, 0, 0, 0, 1, 1]",001100101011000011,"[""110000110101001100""]",1,0.000244140625,False,False,,,,4.760881946231388,0.16399545156936904,{},{}
"[0, 0, 1, 1, 0, 0, 1, 0, 1, 1, 0, 0, 0, 1, 0, 1, 1, 0]",001100101100010110,"[""11010001101001100""]",1,0.000244140625,False,False,,,,2.7435032576464717,0.09124726436765433,{},{}
"[0, 0, 1, 1, 0, 0, 1, 0, 1, 1, 0, 0, 1, 0, 0, 0, 0, 0]",001100101100100000,"[""1001101001100""]",1,0.000244140625,False,False,,,,2.3744624678143165,0.0779393769513309,{},{}
"[0, 0, 1, 1, 0, 0, 1, 0, 1, 1, 0, 0, 1, 1, 0, 0, 0, 0]",001100101100110000,"[""11001101001100""]",1,0.000244140625,False,False,,,,3.529883534043451,0.11960472639635843,{},{}
"[0, 0, 1, 1, 0, 0, 1, 0, 1, 1, 0, 1, 1, 0, 0, 0, 1, 0]",001100101101100010,"[""10001101101001100""]",1,0.000244140625,False,False,,,,2.782162053129494,0.09264132950113922,{},{}
"[0, 0, 1, 1, 0, 0, 1, 0, 1, 1, 0, 1, 1, 0, 1, 1, 1, 0]",001100101101101110,"[""11101101101001100""]",1,0.000244140625,False,False,,,,5.391058290220421,0.1867200827464554,{},{}
"[0, 0, 1, 1, 0, 0, 1, 0, 1, 1, 1, 0, 0, 1, 0, 0, 0, 1]",001100101110010001,"[""100010011101001100""]",1,0.000244140625,False,False,,,,2.721345343660519,0.09044823338563267,{},{}
"[0, 0, 1, 1, 0, 0, 1, 0, 1, 1, 1, 1, 0, 0, 1, 1, 0, 0]",001100101111001100,"[""1100111101001100""]",1,0.000244140625,False,False,,,,6.0668164416772585,0.21108842805684924,{},{}
"[0, 0, 1, 1, 0, 0, 1, 1, 0, 0, 0, 0, 1, 0, 0, 1, 0, 1]",001100110000100101,"[""101001000011001100""]",1,0.000244140625,False,False,,,,3.583731493311091,0.12154652415768026,{},{}
"[0, 0, 1, 1, 0, 0, 1, 1, 0, 0, 0, 0, 1, 1, 0, 0, 1, 0]",001100110000110010,"[""10011000011001100""]",1,0.000244140625,False,False,,,,3.4869057952904283,0.11805491693222435,{},{}
"[0, 0, 1, 1, 0, 0, 1, 1, 0, 0, 0, 1, 1, 1, 0, 1, 0, 0]",001100110001110100,"[""1011100011001100""]",1,0.000244140625,False,False,,,,2.765738487500375,0.09204908341780974,{},{}
"[0, 0, 1, 1, 0, 0, 1, 1, 0, 1, 0, 0, 1, 1, 0, 0, 0, 0]",001100110100110000,"[""11001011001100""]",1,0.000244140625,False,False,,,,3.5077858094214296,0.11880786588790208,{},{}
"[0, 0, 1, 1, 0, 0, 1, 1, 0, 1, 0, 1, 1, 0, 0, 1, 0, 0]",001100110101100100,"[""1001101011001100""]",1,0.000244140625,False,False,,,,2.8678166428183545,0.09573009818925407,{},{}
"[0, 0, 1, 1, 0, 0, 1, 1, 0, 1, 1, 0, 0, 1, 1, 0, 1, 0]",001100110110011010,"[""10110011011001100""]",1,0.000244140625,False,False,,,,3.970312686641134,0.13548693166776607,{},{}
"[0, 0, 1, 1, 0, 0, 1, 1, 1, 0, 0, 0, 1, 0, 0, 1, 0, 0]",001100111000100100,"[""1001000111001100""]",1,0.000244140625,False,False,,,,5.604592193141732,0.1944202752941068,{},{}
"[0, 0, 1, 1, 0, 0, 1, 1, 1, 0, 0, 1, 0, 0, 0, 0, 1, 1]",001100111001000011,"[""110000100111001100""]",1,0.000244140625,False,False,,,,6.789543712285157,0.23715051499940923,{},{}
"[0, 0, 1, 1, 0, 0, 1, 1, 1, 0, 0, 1, 0, 0, 1, 0, 1, 0]",001100111001001010,"[""10100100111001100""]",1,0.000244140625,False,False,,,,4.803101619127751,0.1655179246106671,{},{}
"[0, 0, 1, 1, 0, 0, 1, 1, 1, 0, 0, 1, 1, 1, 0, 0, 0, 0]",001100111001110000,"[""11100111001100""]",1,0.000244140625,False,False,,,,6.73987246752939,0.23535933269314158,{},{}
"[0, 0, 1, 1, 0, 0, 1, 1, 1, 0, 1, 0, 0, 1, 0, 0, 1, 0]",001100111010010010,"[""10010010111001100""]",1,0.000244140625,False,False,,,,4.751211435082161,0.16364672569088082,{},{}
"[0, 0, 1, 1, 0, 0, 1, 1, 1, 0, 1, 1, 0, 0, 0, 0, 1, 1]",001100111011000011,"[""110000110111001100""]",1,0.000244140625,False,False,,,,8.017976773817823,0.2814487317054852,{},{}
"[0, 0, 1, 1, 0, 0, 1, 1, 1, 0, 1, 1, 1, 1, 1, 0, 0, 0]",001100111011111000,"[""111110111001100""]",1,0.000244140625,False,False,,,,11.259506733726429,0.3983407310498473,{},{}
"[0, 0, 1, 1, 0, 0, 1, 1, 1, 1, 0, 1, 0, 1, 1, 1, 1, 1]",001100111101011111,"[""111110101111001100""]",1,0.000244140625,False,False,,,,11.832627784588928,0.4190079056032943,{},{}
"[0, 0, 1, 1, 0, 1, 0, 0, 0, 0, 0, 0, 0, 0, 0, 0, 0, 0]",001101000000000000,"[""101100""]",1,0.000244140625,False,False,,,,4.7116400909897775,0.16221975337073824,{},{}
"[0, 0, 1, 1, 0, 1, 0, 0, 0, 0, 0, 0, 0, 0, 0, 0, 1, 1]",001101000000000011,"[""110000000000101100""]",1,0.000244140625,False,False,,,,5.177608817736368,0.17902293482363815,{},{}
"[0, 0, 1, 1, 0, 1, 0, 0, 0, 0, 0, 0, 0, 0, 1, 1, 0, 0]",001101000000001100,"[""1100000000101100""]",1,0.000244140625,False,False,,,,3.174226646031525,0.10677947250869112,{},{}
"[0, 0, 1, 1, 0, 1, 0, 0, 0, 0, 0, 1, 0, 0, 1, 0, 0, 0]",001101000001001000,"[""100100000101100""]",1,0.000244140625,False,False,,,,3.1999640559393625,0.10770758279589554,{},{}
"[0, 0, 1, 1, 0, 1, 0, 0, 0, 0, 0, 1, 0, 1, 1, 0, 0, 1]",001101000001011001,"[""100110100000101100""]",1,0.000244140625,False,False,,,,3.6610444277847822,0.12433448650804652,{},{}
"[0, 0, 1, 1, 0, 1, 0, 0, 0, 0, 0, 1, 0, 1, 1, 0, 1, 1]",001101000001011011,"[""110110100000101100""]",1,0.000244140625,False,False,,,,4.884220128945738,0.16844311885959737,{},{}
"[0, 0, 1, 1, 0, 1, 0, 0, 0, 0, 0, 1, 1, 0, 0, 0, 0, 1]",001101000001100001,"[""100001100000101100""]",1,0.000244140625,False,False,,,,2.3831425097170746,0.07825238576659876,{},{}
"[0, 0, 1, 1, 0, 1, 0, 0, 0, 0, 1, 0, 0, 1, 0, 1, 0, 0]",001101000010010100,"[""1010010000101100""]",1,0.000244140625,False,False,,,,2.256733853856072,0.07369399491389086,{},{}
"[0, 0, 1, 1, 0, 1, 0, 0, 0, 0, 1, 0, 1, 0, 0, 0, 0, 0]",001101000010100000,"[""1010000101100""]",1,0.000244140625,False,False,,,,3.0343403571223733,0.10173506810901226,{},{}
"[0, 0, 1, 1, 0, 1, 0, 0, 0, 0, 1, 1, 0, 1, 0, 0, 1, 0]",001101000011010010,"[""10010110000101100""]",1,0.000244140625,False,False,,,,3.511789477635695,0.11895224116379499,{},{}
"[0, 0, 1, 1, 0, 1, 0, 0, 0, 0, 1, 1, 1, 0, 0, 0, 1, 0]",001101000011100010,"[""10001110000101100""]",1,0.000244140625,False,False,,,,3.4718750041758737,0.11751289534154397,{},{}
"[0, 0, 1, 1, 0, 1, 0, 0, 0, 1, 0, 0, 0, 0, 0, 1, 1, 0]",001101000100000110,"[""11000001000101100""]",1,0.000244140625,False,False,,,,4.318136013035236,0.14802970145353708,{},{}
"[0, 0, 1, 1, 0, 1, 0, 0, 0, 1, 0, 0, 0, 1, 1, 1, 1, 0]",001101000100011110,"[""11110001000101100""]",1,0.000244140625,False,False,,,,4.770900796639575,0.164356738822558,{},{}
"[0, 0, 1, 1, 0, 1, 0, 0, 0, 1, 0, 0, 0, 1, 1, 1, 1, 1]",001101000100011111,"[""111110001000101100""]",1,0.000244140625,False,False,,,,8.083016465676021,0.2837941117303733,{},{}
"[0, 0, 1, 1, 0, 1, 0, 0, 0, 1, 1, 0, 0, 0, 0, 1, 1, 0]",001101000110000110,"[""11000011000101100""]",1,0.000244140625,False,False,,,,5.494053471737859,0.19043416616981151,{},{}
"[0, 0, 1, 1, 0, 1, 0, 0, 0, 1, 1, 0, 1, 1, 0, 0, 1, 1]",001101000110110011,"[""110011011000101100""]",1,0.000244140625,False,False,,,,5.971210234873525,0.20764079659848256,{},{}
"[0, 0, 1, 1, 0, 1, 0, 0, 1, 0, 0, 0, 0, 0, 0, 1, 0, 0]",001101001000000100,"[""1000000100101100""]",1,0.000244140625,False,False,,,,3.1908681082844086,0.107379576107551,{},{}
"[0, 0, 1, 1, 0, 1, 0, 0, 1, 0, 0, 0, 0, 1, 0, 0, 0, 1]",001101001000010001,"[""100010000100101100""]",1,0.000244140625,False,False,,,,2.469091555834472,0.08135177277417299,{},{}
"[0, 0, 1, 1, 0, 1, 0, 0, 1, 0, 1, 0, 0, 1, 1, 0, 1, 1]",001101001010011011,"[""110110010100101100""]",1,0.000244140625,False,False,,,,4.141835884045761,0.1416721866944171,{},{}
"[0, 0, 1, 1, 0, 1, 0, 0, 1, 0, 1, 1, 1, 0, 0, 0, 0, 0]",001101001011100000,"[""1110100101100""]",1,0.000244140625,False,False,,,,3.5421880901695175,0.12004843791049213,{},{}
"[0, 0, 1, 1, 0, 1, 0, 0, 1, 0, 1, 1, 1, 0, 1, 1, 1, 0]",001101001011101110,"[""11101110100101100""]",1,0.000244140625,False,False,,,,5.299558772869535,0.18342054158704227,{},{}
"[0, 0, 1, 1, 0, 1, 0, 0, 1, 1, 0, 0, 1, 0, 0, 1, 1, 1]",001101001100100111,"[""111001001100101100""]",1,0.000244140625,False,False,,,,6.184718519416241,0.21534006532820507,{},{}
"[0, 0, 1, 1, 0, 1, 0, 0, 1, 1, 0, 1, 1, 1, 1, 0, 0, 0]",001101001101111000,"[""111101100101100""]",1,0.000244140625,False,False,,,,8.050025525129513,0.282604433693018,{},{}
"[0, 0, 1, 1, 0, 1, 0, 0, 1, 1, 0, 1, 1, 1, 1, 0, 1, 0]",001101001101111010,"[""10111101100101100""]",1,0.000244140625,False,False,,,,7.26530370994797,0.2543067770184847,{},{}
"[0, 0, 1, 1, 0, 1, 0, 0, 1, 1, 1, 0, 1, 0, 0, 0, 1, 0]",001101001110100010,"[""10001011100101100""]",1,0.000244140625,False,False,,,,2.7360510103635605,0.09097853074640695,{},{}
"[0, 0, 1, 1, 0, 1, 0, 0, 1, 1, 1, 0, 1, 1, 1, 0, 0, 0]",001101001110111000,"[""111011100101100""]",1,0.000244140625,False,False,,,,7.973537609149442,0.2798462221277465,{},{}
"[0, 0, 1, 1, 0, 1, 0, 0, 1, 1, 1, 0, 1, 1, 1, 0, 0, 1]",001101001110111001,"[""100111011100101100""]",1,0.000244140625,False,False,,,,7.3072129225602325,0.2558180546292995,{},{}
"[0, 0, 1, 1, 0, 1, 0, 0, 1, 1, 1, 0, 1, 1, 1, 1, 1, 1]",001101001110111111,"[""111111011100101100""]",1,0.000244140625,False,False,,,,11.860472009068857,0.4200119892026771,{},{}
"[0, 0, 1, 1, 0, 1, 0, 1, 0, 0, 0, 0, 0, 1, 0, 0, 0, 0]",001101010000010000,"[""10000010101100""]",1,0.000244140625,False,False,,,,3.0960535074639663,0.10396049055411943,{},{}
"[0, 0, 1, 1, 0, 1, 0, 1, 0, 0, 0, 0, 0, 1, 0, 0, 0, 1]",001101010000010001,"[""100010000010101100""]",1,0.000244140625,False,False,,,,2.3844766274729188,0.07830049505257489,{},{}
"[0, 0, 1, 1, 0, 1, 0, 1, 0, 0, 0, 0, 0, 1, 0, 0, 1, 0]",001101010000010010,"[""10010000010101100""]",1,0.000244140625,False,False,,,,2.329374923897802,0.07631348633205164,{},{}
"[0, 0, 1, 1, 0, 1, 0, 1, 0, 0, 0, 0, 1, 0, 1, 1, 1, 1]",001101010000101111,"[""111101000010101100""]",1,0.000244140625,False,False,,,,8.09228031673895,0.2841281731414252,{},{}
"[0, 0, 1, 1, 0, 1, 0, 1, 0, 0, 0, 1, 0, 1, 1, 1, 0, 0]",001101010001011100,"[""1110100010101100""]",1,0.000244140625,False,False,,,,2.821825259375581,0.09407161443937981,{},{}
"[0, 0, 1, 1, 0, 1, 0, 1, 0, 0, 0, 1, 1, 0, 0, 0, 1, 0]",001101010001100010,"[""10001100010101100""]",1,0.000244140625,False,False,,,,1.4983750408461378,0.04634700785237135,{},{}
"[0, 0, 1, 1, 0, 1, 0, 1, 0, 0, 1, 0, 0, 0, 0, 1, 0, 0]",001101010010000100,"[""1000010010101100""]",1,0.000244140625,False,False,,,,2.2896902539464956,0.07488242739651735,{},{}
"[0, 0, 1, 1, 0, 1, 0, 1, 0, 0, 1, 0, 1, 0, 0, 1, 0, 0]",001101010010100100,"[""1001010010101100""]",1,0.000244140625,False,False,,,,1.5063264842421176,0.046633742859520814,{},{}
"[0, 0, 1, 1, 0, 1, 0, 1, 0, 0, 1, 0, 1, 1, 1, 0, 0, 0]",001101010010111000,"[""111010010101100""]",1,0.000244140625,False,False,,,,6.74347939185198,0.2354894010870068,{},{}
"[0, 0, 1, 1, 0, 1, 0, 1, 0, 0, 1, 1, 0, 1, 1, 1, 0, 1]",001101010011011101,"[""101110110010101100""]",1,0.000244140625,False,False,,,,5.329342771652364,0.1844945749013273,{},{}
"[0, 0, 1, 1, 0, 1, 0, 1, 0, 1, 0, 1, 1, 0, 1, 0, 1, 0]",001101010101101010,"[""10101101010101100""]",1,0.000244140625,False,False,,,,4.006212475806132,0.13678150496600452,{},{}
"[0, 0, 1, 1, 0, 1, 0, 1, 0, 1, 1, 0, 0, 0, 0, 1, 0, 1]",001101010110000101,"[""101000011010101100""]",1,0.000244140625,False,False,,,,4.802647120593568,0.1655015350529531,{},{}
"[0, 0, 1, 1, 0, 1, 0, 1, 0, 1, 1, 0, 1, 0, 0, 0, 0, 1]",001101010110100001,"[""100001011010101100""]",1,0.000244140625,False,False,,,,2.75115587206467,0.09152322337794215,{},{}
"[0, 0, 1, 1, 0, 1, 0, 1, 0, 1, 1, 0, 1, 0, 1, 1, 1, 0]",001101010110101110,"[""11101011010101100""]",1,0.000244140625,False,False,,,,5.255913631393284,0.18184666508060074,{},{}
"[0, 0, 1, 1, 0, 1, 0, 1, 1, 0, 0, 1, 0, 1, 1, 1, 0, 1]",001101011001011101,"[""101110100110101100""]",1,0.000244140625,False,False,,,,5.433914903717145,0.18826552434308402,{},{}
"[0, 0, 1, 1, 0, 1, 0, 1, 1, 0, 0, 1, 1, 0, 0, 1, 0, 0]",001101011001100100,"[""1001100110101100""]",1,0.000244140625,False,False,,,,2.8270766161432617,0.09426098229944489,{},{}
"[0, 0, 1, 1, 0, 1, 0, 1, 1, 0, 0, 1, 1, 0, 1, 1, 1, 0]",001101011001101110,"[""11101100110101100""]",1,0.000244140625,False,False,,,,5.337559208188141,0.18479086575966636,{},{}
"[0, 0, 1, 1, 0, 1, 0, 1, 1, 0, 1, 1, 1, 1, 0, 0, 0, 0]",001101011011110000,"[""11110110101100""]",1,0.000244140625,False,False,,,,5.995318867910585,0.20851017197122815,{},{}
"[0, 0, 1, 1, 0, 1, 0, 1, 1, 1, 1, 0, 1, 0, 0, 1, 0, 1]",001101011110100101,"[""101001011110101100""]",1,0.000244140625,False,False,,,,5.385850542193804,0.18653228745027062,{},{}
"[0, 0, 1, 1, 0, 1, 0, 1, 1, 1, 1, 1, 0, 1, 1, 0, 0, 1]",001101011111011001,"[""100110111110101100""]",1,0.000244140625,False,False,,,,8.618754233063411,0.3031132170691259,{},{}
"[0, 0, 1, 1, 0, 1, 1, 0, 0, 0, 0, 1, 1, 1, 0, 0, 1, 0]",001101100001110010,"[""10011100001101100""]",1,0.000244140625,False,False,,,,2.7239965727192876,0.09054383869214912,{},{}
"[0, 0, 1, 1, 0, 1, 1, 0, 0, 0, 1, 0, 0, 0, 0, 1, 1, 0]",001101100010000110,"[""11000010001101100""]",1,0.000244140625,False,False,,,,3.5000816492688074,0.11853004809980594,{},{}
"[0, 0, 1, 1, 0, 1, 1, 0, 0, 0, 1, 1, 0, 0, 1, 0, 0, 1]",001101100011001001,"[""100100110001101100""]",1,0.000244140625,False,False,,,,2.830348602657142,0.09437897258494761,{},{}
"[0, 0, 1, 1, 0, 1, 1, 0, 0, 1, 0, 0, 0, 0, 0, 1, 1, 0]",001101100100000110,"[""11000001001101100""]",1,0.000244140625,False,False,,,,3.5862631374735194,0.12163781714322561,{},{}
"[0, 0, 1, 1, 0, 1, 1, 0, 0, 1, 1, 0, 0, 0, 0, 0, 0, 0]",001101100110000000,"[""11001101100""]",1,0.000244140625,False,False,,,,4.266343434213779,0.14616202225127198,{},{}
"[0, 0, 1, 1, 0, 1, 1, 0, 0, 1, 1, 0, 0, 0, 1, 1, 1, 0]",001101100110001110,"[""11100011001101100""]",1,0.000244140625,False,False,,,,4.01245306620569,0.13700654533210194,{},{}
"[0, 0, 1, 1, 0, 1, 1, 0, 0, 1, 1, 0, 0, 1, 0, 1, 1, 0]",001101100110010110,"[""11010011001101100""]",1,0.000244140625,False,False,,,,3.97871293880426,0.1357898510553667,{},{}
"[0, 0, 1, 1, 0, 1, 1, 0, 0, 1, 1, 0, 1, 0, 0, 1, 1, 0]",001101100110100110,"[""11001011001101100""]",1,0.000244140625,False,False,,,,4.056400387868304,0.13859131868249774,{},{}
"[0, 0, 1, 1, 0, 1, 1, 0, 0, 1, 1, 1, 0, 1, 0, 1, 1, 1]",001101100111010111,"[""111010111001101100""]",1,0.000244140625,False,False,,,,10.538218772025576,0.3723305466649991,{},{}
"[0, 0, 1, 1, 0, 1, 1, 0, 1, 0, 0, 1, 0, 1, 1, 0, 0, 1]",001101101001011001,"[""100110100101101100""]",1,0.000244140625,False,False,,,,4.172692465519424,0.14278489814425677,{},{}
"[0, 0, 1, 1, 0, 1, 1, 0, 1, 0, 1, 1, 0, 1, 1, 1, 0, 0]",001101101011011100,"[""1110110101101100""]",1,0.000244140625,False,False,,,,5.288506445120165,0.18302198636651007,{},{}
"[0, 0, 1, 1, 0, 1, 1, 0, 1, 1, 0, 1, 0, 1, 0, 1, 0, 0]",001101101101010100,"[""1010101101101100""]",1,0.000244140625,False,False,,,,4.083486728660503,0.13956807242819264,{},{}
"[0, 0, 1, 1, 0, 1, 1, 0, 1, 1, 1, 1, 0, 1, 0, 0, 0, 1]",001101101111010001,"[""100010111101101100""]",1,0.000244140625,False,False,,,,7.313961676552349,0.2560614197553291,{},{}
"[0, 0, 1, 1, 0, 1, 1, 1, 0, 0, 0, 0, 1, 1, 1, 1, 0, 0]",001101110000111100,"[""1111000011101100""]",1,0.000244140625,False,False,,,,8.068537119189449,0.2832719756461944,{},{}
"[0, 0, 1, 1, 0, 1, 1, 1, 0, 0, 0, 1, 1, 0, 1, 0, 0, 1]",001101110001101001,"[""100101100011101100""]",1,0.000244140625,False,False,,,,4.100059724495196,0.14016570707670833,{},{}
"[0, 0, 1, 1, 0, 1, 1, 1, 0, 0, 0, 1, 1, 1, 0, 0, 1, 1]",001101110001110011,"[""110011100011101100""]",1,0.000244140625,False,False,,,,5.265911638008831,0.1822072006910081,{},{}
"[0, 0, 1, 1, 0, 1, 1, 1, 0, 0, 1, 0, 1, 1, 1, 0, 1, 1]",001101110010111011,"[""110111010011101100""]",1,0.000244140625,False,False,,,,8.534959583466993,0.3000915192144617,{},{}
"[0, 0, 1, 1, 0, 1, 1, 1, 0, 0, 1, 1, 0, 0, 1, 0, 0, 0]",001101110011001000,"[""100110011101100""]",1,0.000244140625,False,False,,,,4.778815349235741,0.16464214351982262,{},{}
"[0, 0, 1, 1, 0, 1, 1, 1, 0, 0, 1, 1, 1, 0, 1, 1, 0, 1]",001101110011101101,"[""101101110011101100""]",1,0.000244140625,False,False,,,,6.593570581196101,0.23008357704292018,{},{}
"[0, 0, 1, 1, 0, 1, 1, 1, 0, 1, 0, 0, 0, 0, 0, 0, 1, 0]",001101110100000010,"[""10000001011101100""]",1,0.000244140625,False,False,,,,3.5081216557025003,0.11881997675645868,{},{}
"[0, 0, 1, 1, 0, 1, 1, 1, 0, 1, 0, 1, 1, 0, 0, 1, 0, 0]",001101110101100100,"[""1001101011101100""]",1,0.000244140625,False,False,,,,4.11890671768543,0.14084534377384939,{},{}
"[0, 0, 1, 1, 0, 1, 1, 1, 1, 0, 0, 1, 1, 0, 0, 0, 1, 0]",001101111001100010,"[""10001100111101100""]",1,0.000244140625,False,False,,,,6.0389701860463285,0.21008427121263934,{},{}
"[0, 0, 1, 1, 0, 1, 1, 1, 1, 0, 1, 0, 0, 1, 0, 0, 0, 0]",001101111010010000,"[""10010111101100""]",1,0.000244140625,False,False,,,,6.785146626370446,0.2369919527864368,{},{}
"[0, 0, 1, 1, 0, 1, 1, 1, 1, 1, 0, 0, 0, 0, 1, 0, 0, 1]",001101111100001001,"[""100100001111101100""]",1,0.000244140625,False,False,,,,6.172041450606282,0.21488292072755363,{},{}
"[0, 0, 1, 1, 0, 1, 1, 1, 1, 1, 0, 1, 1, 0, 0, 1, 0, 1]",001101111101100101,"[""101001101111101100""]",1,0.000244140625,False,False,,,,8.751835429940172,0.30791222475082686,{},{}
"[0, 0, 1, 1, 0, 1, 1, 1, 1, 1, 1, 0, 0, 0, 1, 1, 0, 1]",001101111110001101,"[""101100011111101100""]",1,0.000244140625,False,False,,,,8.666993460229525,0.30485275974805054,{},{}
"[0, 0, 1, 1, 0, 1, 1, 1, 1, 1, 1, 1, 0, 1, 0, 0, 1, 0]",001101111111010010,"[""10010111111101100""]",1,0.000244140625,False,False,,,,10.517773854507485,0.3715932876192158,{},{}
"[0, 0, 1, 1, 0, 1, 1, 1, 1, 1, 1, 1, 1, 1, 0, 1, 0, 0]",001101111111110100,"[""1011111111101100""]",1,0.000244140625,False,False,,,,11.838734814436231,0.4192281296757959,{},{}
"[0, 0, 1, 1, 1, 0, 0, 0, 0, 0, 0, 1, 0, 1, 1, 1, 0, 0]",001110000001011100,"[""1110100000011100""]",1,0.000244140625,False,False,,,,3.5592347858601627,0.12066315453077307,{},{}
"[0, 0, 1, 1, 1, 0, 0, 0, 0, 0, 0, 1, 1, 0, 1, 0, 0, 1]",001110000001101001,"[""100101100000011100""]",1,0.000244140625,False,False,,,,3.568111496829032,0.1209832553799358,{},{}
"[0, 0, 1, 1, 1, 0, 0, 0, 0, 0, 1, 0, 0, 0, 0, 0, 1, 0]",001110000010000010,"[""10000010000011100""]",1,0.000244140625,False,False,,,,3.0761231196472183,0.10324178583492138,{},{}
"[0, 0, 1, 1, 1, 0, 0, 0, 0, 0, 1, 1, 0, 0, 1, 1, 0, 1]",001110000011001101,"[""101100110000011100""]",1,0.000244140625,False,False,,,,4.791625890280105,0.16510410122926208,{},{}
"[0, 0, 1, 1, 1, 0, 0, 0, 0, 1, 0, 1, 0, 0, 1, 0, 1, 0]",001110000101001010,"[""10100101000011100""]",1,0.000244140625,False,False,,,,3.545663110524762,0.1201737497484547,{},{}
"[0, 0, 1, 1, 1, 0, 0, 0, 0, 1, 0, 1, 0, 1, 0, 1, 1, 1]",001110000101010111,"[""111010101000011100""]",1,0.000244140625,False,False,,,,8.00064973624485,0.2808239057468576,{},{}
"[0, 0, 1, 1, 1, 0, 0, 0, 0, 1, 1, 0, 0, 1, 0, 0, 1, 1]",001110000110010011,"[""110010011000011100""]",1,0.000244140625,False,False,,,,4.743400216506446,0.16336504729582538,{},{}
"[0, 0, 1, 1, 1, 0, 0, 0, 0, 1, 1, 0, 1, 1, 0, 1, 0, 1]",001110000110110101,"[""101011011000011100""]",1,0.000244140625,False,False,,,,5.962655921024592,0.207332321631048,{},{}
"[0, 0, 1, 1, 1, 0, 0, 0, 1, 0, 0, 0, 0, 1, 1, 1, 1, 0]",001110001000011110,"[""11110000100011100""]",1,0.000244140625,False,False,,,,4.767519528720527,0.1642348077676966,{},{}
"[0, 0, 1, 1, 1, 0, 0, 0, 1, 0, 0, 1, 0, 0, 1, 0, 0, 0]",001110001001001000,"[""100100100011100""]",1,0.000244140625,False,False,,,,2.370676191665021,0.07780284099620016,{},{}
"[0, 0, 1, 1, 1, 0, 0, 0, 1, 0, 0, 1, 1, 1, 1, 0, 0, 0]",001110001001111000,"[""111100100011100""]",1,0.000244140625,False,False,,,,6.763128246234994,0.23619795349962172,{},{}
"[0, 0, 1, 1, 1, 0, 0, 0, 1, 0, 1, 0, 0, 1, 0, 0, 0, 0]",001110001010010000,"[""10010100011100""]",1,0.000244140625,False,False,,,,2.276352069750118,0.07440144247963508,{},{}
"[0, 0, 1, 1, 1, 0, 0, 0, 1, 0, 1, 0, 1, 0, 0, 0, 1, 1]",001110001010100011,"[""110001010100011100""]",1,0.000244140625,False,False,,,,2.7714151157783675,0.09225378688720726,{},{}
"[0, 0, 1, 1, 1, 0, 0, 0, 1, 0, 1, 0, 1, 0, 0, 1, 0, 1]",001110001010100101,"[""101001010100011100""]",1,0.000244140625,False,False,,,,2.7717488069543874,0.09226582004106082,{},{}
"[0, 0, 1, 1, 1, 0, 0, 0, 1, 0, 1, 1, 0, 1, 0, 1, 0, 1]",001110001011010101,"[""101010110100011100""]",1,0.000244140625,False,False,,,,3.997904584083976,0.13648191616511415,{},{}
"[0, 0, 1, 1, 1, 0, 0, 0, 1, 1, 0, 0, 0, 1, 1, 1, 0, 0]",001110001100011100,"[""1110001100011100""]",1,0.000244140625,False,False,,,,2.7321570040526435,0.09083810996092223,{},{}
"[0, 0, 1, 1, 1, 0, 0, 0, 1, 1, 0, 1, 0, 1, 1, 1, 1, 1]",001110001101011111,"[""111110101100011100""]",1,0.000244140625,False,False,,,,8.548676802735288,0.30058617242006136,{},{}
"[0, 0, 1, 1, 1, 0, 0, 0, 1, 1, 0, 1, 1, 1, 0, 0, 0, 0]",001110001101110000,"[""11101100011100""]",1,0.000244140625,False,False,,,,4.680665755523747,0.16110279562369667,{},{}
"[0, 0, 1, 1, 1, 0, 0, 0, 1, 1, 1, 0, 1, 0, 1, 1, 0, 0]",001110001110101100,"[""1101011100011100""]",1,0.000244140625,False,False,,,,3.9902527483979284,0.13620598523649122,{},{}
"[0, 0, 1, 1, 1, 0, 0, 1, 0, 0, 1, 0, 0, 0, 0, 0, 0, 1]",001110010010000001,"[""100000010010011100""]",1,0.000244140625,False,False,,,,2.3188945240719967,0.07593555526100848,{},{}
"[0, 0, 1, 1, 1, 0, 0, 1, 0, 0, 1, 0, 0, 1, 0, 0, 0, 1]",001110010010010001,"[""100010010010011100""]",1,0.000244140625,False,False,,,,1.5747094864848754,0.04909968516213379,{},{}
"[0, 0, 1, 1, 1, 0, 0, 1, 0, 0, 1, 0, 1, 0, 1, 1, 0, 1]",001110010010101101,"[""101101010010011100""]",1,0.000244140625,False,False,,,,4.013912342094361,0.13705916791413314,{},{}
"[0, 0, 1, 1, 1, 0, 0, 1, 0, 0, 1, 1, 1, 0, 0, 1, 1, 0]",001110010011100110,"[""11001110010011100""]",1,0.000244140625,False,False,,,,4.012767394271625,0.13701788023769643,{},{}
"[0, 0, 1, 1, 1, 0, 0, 1, 0, 1, 0, 0, 1, 1, 0, 0, 0, 0]",001110010100110000,"[""11001010011100""]",1,0.000244140625,False,False,,,,3.4704188498511392,0.11746038532544745,{},{}
"[0, 0, 1, 1, 1, 0, 0, 1, 0, 1, 1, 0, 0, 0, 0, 1, 1, 0]",001110010110000110,"[""11000011010011100""]",1,0.000244140625,False,False,,,,4.763936077164415,0.1641055858193795,{},{}
"[0, 0, 1, 1, 1, 0, 0, 1, 0, 1, 1, 0, 1, 0, 0, 0, 0, 0]",001110010110100000,"[""1011010011100""]",1,0.000244140625,False,False,,,,3.461080180586304,0.11712362591397094,{},{}
"[0, 0, 1, 1, 1, 0, 0, 1, 0, 1, 1, 1, 0, 0, 1, 1, 0, 1]",001110010111001101,"[""101100111010011100""]",1,0.000244140625,False,False,,,,7.27565638604189,0.25468010227604826,{},{}
"[0, 0, 1, 1, 1, 0, 0, 1, 1, 0, 0, 0, 0, 1, 0, 0, 1, 0]",001110011000010010,"[""10010000110011100""]",1,0.000244140625,False,False,,,,3.5954145059885043,0.12196782234931162,{},{}
"[0, 0, 1, 1, 1, 0, 0, 1, 1, 0, 0, 1, 0, 1, 0, 0, 0, 1]",001110011001010001,"[""100010100110011100""]",1,0.000244140625,False,False,,,,2.829595738233456,0.09435182372968226,{},{}
"[0, 0, 1, 1, 1, 0, 0, 1, 1, 0, 0, 1, 1, 1, 0, 1, 0, 1]",001110011001110101,"[""101011100110011100""]",1,0.000244140625,False,False,,,,5.266443569883775,0.18222638255301346,{},{}
"[0, 0, 1, 1, 1, 0, 0, 1, 1, 1, 0, 0, 0, 0, 1, 1, 0, 0]",001110011100001100,"[""1100001110011100""]",1,0.000244140625,False,False,,,,2.770717887729937,0.09222864432132385,{},{}
"[0, 0, 1, 1, 1, 0, 0, 1, 1, 1, 1, 0, 1, 0, 0, 1, 1, 0]",001110011110100110,"[""11001011110011100""]",1,0.000244140625,False,False,,,,5.26378322711194,0.18213044859917463,{},{}
"[0, 0, 1, 1, 1, 0, 0, 1, 1, 1, 1, 0, 1, 1, 1, 0, 1, 0]",001110011110111010,"[""10111011110011100""]",1,0.000244140625,False,False,,,,8.526032252555511,0.2997695929722371,{},{}
"[0, 0, 1, 1, 1, 0, 1, 0, 0, 0, 0, 0, 0, 0, 0, 1, 0, 1]",001110100000000101,"[""101000000001011100""]",1,0.000244140625,False,False,,,,4.3194708170202505,0.14807783548545134,{},{}
"[0, 0, 1, 1, 1, 0, 1, 0, 0, 0, 0, 0, 1, 0, 0, 1, 0, 0]",001110100000100100,"[""1001000001011100""]",1,0.000244140625,False,False,,,,2.3398399902428073,0.0766908644662872,{},{}
"[0, 0, 1, 1, 1, 0, 1, 0, 0, 0, 0, 0, 1, 1, 0, 1, 0, 0]",001110100000110100,"[""1011000001011100""]",1,0.000244140625,False,False,,,,3.5305404736946526,0.11962841613244826,{},{}
"[0, 0, 1, 1, 1, 0, 1, 0, 0, 0, 0, 1, 0, 1, 0, 1, 1, 0]",001110100001010110,"[""11010100001011100""]",1,0.000244140625,False,False,,,,2.7520354132507014,0.09155494029218095,{},{}
"[0, 0, 1, 1, 1, 0, 1, 0, 0, 0, 0, 1, 0, 1, 1, 1, 1, 1]",001110100001011111,"[""111110100001011100""]",1,0.000244140625,False,False,,,,7.299320271362507,0.2555334397128741,{},{}
"[0, 0, 1, 1, 1, 0, 1, 0, 0, 0, 1, 0, 1, 1, 0, 1, 1, 1]",001110100010110111,"[""111011010001011100""]",1,0.000244140625,False,False,,,,7.263859787084254,0.25425470807803796,{},{}
"[0, 0, 1, 1, 1, 0, 1, 0, 0, 0, 1, 1, 0, 0, 0, 1, 1, 0]",001110100011000110,"[""11000110001011100""]",1,0.000244140625,False,False,,,,4.750594260328364,0.16362446990678858,{},{}
"[0, 0, 1, 1, 1, 0, 1, 0, 0, 0, 1, 1, 0, 0, 1, 0, 1, 1]",001110100011001011,"[""110100110001011100""]",1,0.000244140625,False,False,,,,4.027189589975938,0.137537955421842,{},{}
"[0, 0, 1, 1, 1, 0, 1, 0, 0, 1, 0, 0, 0, 1, 1, 0, 0, 1]",001110100100011001,"[""100110001001011100""]",1,0.000244140625,False,False,,,,2.7419837402650726,0.09119246943225436,{},{}
"[0, 0, 1, 1, 1, 0, 1, 0, 0, 1, 0, 1, 0, 1, 1, 1, 1, 0]",001110100101011110,"[""11110101001011100""]",1,0.000244140625,False,False,,,,5.302453258977733,0.18352491892504205,{},{}
"[0, 0, 1, 1, 1, 0, 1, 0, 0, 1, 0, 1, 1, 1, 0, 0, 1, 0]",001110100101110010,"[""10011101001011100""]",1,0.000244140625,False,False,,,,3.987776813578969,0.13611670117161628,{},{}
"[0, 0, 1, 1, 1, 0, 1, 0, 0, 1, 1, 0, 0, 0, 1, 0, 0, 1]",001110100110001001,"[""100100011001011100""]",1,0.000244140625,False,False,,,,2.7168500383152425,0.09028612930639485,{},{}
"[0, 0, 1, 1, 1, 0, 1, 0, 0, 1, 1, 1, 0, 0, 0, 0, 1, 0]",001110100111000010,"[""10000111001011100""]",1,0.000244140625,False,False,,,,6.732134230091793,0.23508028605261397,{},{}
"[0, 0, 1, 1, 1, 0, 1, 0, 0, 1, 1, 1, 0, 0, 1, 1, 0, 0]",001110100111001100,"[""1100111001011100""]",1,0.000244140625,False,False,,,,6.042556987671729,0.21021361396696528,{},{}
"[0, 0, 1, 1, 1, 0, 1, 0, 0, 1, 1, 1, 0, 1, 0, 0, 1, 1]",001110100111010011,"[""110010111001011100""]",1,0.000244140625,False,False,,,,7.23213212704756,0.25311058488248617,{},{}
"[0, 0, 1, 1, 1, 0, 1, 0, 1, 0, 1, 0, 0, 0, 1, 0, 1, 0]",001110101010001010,"[""10100010101011100""]",1,0.000244140625,False,False,,,,2.746789839416203,0.09136578096901976,{},{}
"[0, 0, 1, 1, 1, 0, 1, 0, 1, 0, 1, 0, 1, 0, 0, 0, 0, 0]",001110101010100000,"[""1010101011100""]",1,0.000244140625,False,False,,,,3.4931740550753263,0.11828095507709074,{},{}
"[0, 0, 1, 1, 1, 0, 1, 0, 1, 0, 1, 0, 1, 0, 1, 0, 0, 0]",001110101010101000,"[""101010101011100""]",1,0.000244140625,False,False,,,,4.743446525104875,0.16336671721858534,{},{}
"[0, 0, 1, 1, 1, 0, 1, 0, 1, 0, 1, 1, 0, 1, 0, 0, 0, 1]",001110101011010001,"[""100010110101011100""]",1,0.000244140625,False,False,,,,3.9944110803869837,0.13635593780399796,{},{}
"[0, 0, 1, 1, 1, 0, 1, 0, 1, 1, 0, 0, 1, 1, 1, 1, 0, 1]",001110101100111101,"[""101111001101011100""]",1,0.000244140625,False,False,,,,8.618119987867876,0.30309034571211313,{},{}
"[0, 0, 1, 1, 1, 0, 1, 0, 1, 1, 1, 1, 1, 1, 0, 0, 0, 1]",001110101111110001,"[""100011111101011100""]",1,0.000244140625,False,False,,,,8.486488129416825,0.29834360226008244,{},{}
"[0, 0, 1, 1, 1, 0, 1, 1, 0, 0, 1, 0, 0, 1, 1, 0, 0, 1]",001110110010011001,"[""100110010011011100""]",1,0.000244140625,False,False,,,,4.020860986258952,0.13730974122956668,{},{}
"[0, 0, 1, 1, 1, 0, 1, 1, 0, 0, 1, 0, 1, 0, 0, 1, 1, 0]",001110110010100110,"[""11001010011011100""]",1,0.000244140625,False,False,,,,4.041401870867533,0.13805046092054454,{},{}
"[0, 0, 1, 1, 1, 0, 1, 1, 0, 0, 1, 0, 1, 0, 1, 0, 0, 0]",001110110010101000,"[""101010011011100""]",1,0.000244140625,False,False,,,,4.7532943522838025,0.1637218372459736,{},{}
"[0, 0, 1, 1, 1, 0, 1, 1, 0, 1, 0, 0, 0, 1, 0, 0, 1, 0]",001110110100010010,"[""10010001011011100""]",1,0.000244140625,False,False,,,,2.7622840466459655,0.0919245136920682,{},{}
"[0, 0, 1, 1, 1, 0, 1, 1, 0, 1, 0, 0, 0, 1, 0, 1, 0, 0]",001110110100010100,"[""1010001011011100""]",1,0.000244140625,False,False,,,,2.7728010372109866,0.09230376425258616,{},{}
"[0, 0, 1, 1, 1, 0, 1, 1, 0, 1, 0, 1, 0, 0, 1, 1, 0, 0]",001110110101001100,"[""1100101011011100""]",1,0.000244140625,False,False,,,,4.078956141965516,0.13940469607704672,{},{}
"[0, 0, 1, 1, 1, 0, 1, 1, 0, 1, 1, 1, 0, 0, 0, 0, 0, 1]",001110110111000001,"[""100000111011011100""]",1,0.000244140625,False,False,,,,7.974905634516572,0.27989555414759376,{},{}
"[0, 0, 1, 1, 1, 0, 1, 1, 0, 1, 1, 1, 1, 0, 0, 0, 0, 1]",001110110111100001,"[""100001111011011100""]",1,0.000244140625,False,False,,,,7.229107065081408,0.2530014988812036,{},{}
"[0, 0, 1, 1, 1, 0, 1, 1, 1, 0, 1, 1, 0, 1, 1, 1, 1, 1]",001110111011011111,"[""111110110111011100""]",1,0.000244140625,False,False,,,,13.153116757562678,0.4666257274566012,{},{}
"[0, 0, 1, 1, 1, 0, 1, 1, 1, 1, 0, 0, 1, 1, 0, 1, 0, 1]",001110111100110101,"[""101011001111011100""]",1,0.000244140625,False,False,,,,8.615152116582843,0.3029833220496467,{},{}
"[0, 0, 1, 1, 1, 0, 1, 1, 1, 1, 1, 1, 1, 0, 1, 1, 0, 1]",001110111111101101,"[""101101111111011100""]",1,0.000244140625,False,False,,,,13.155184638354426,0.4667002967874859,{},{}
"[0, 0, 1, 1, 1, 1, 0, 0, 0, 0, 0, 1, 0, 1, 0, 1, 1, 1]",001111000001010111,"[""111010100000111100""]",1,0.000244140625,False,False,,,,10.105518300898334,0.3567270434387828,{},{}
"[0, 0, 1, 1, 1, 1, 0, 0, 0, 0, 1, 1, 1, 0, 0, 1, 1, 0]",001111000011100110,"[""11001110000111100""]",1,0.000244140625,False,False,,,,7.997817887048,0.2807217871428171,{},{}
"[0, 0, 1, 1, 1, 1, 0, 0, 1, 0, 0, 1, 1, 0, 0, 0, 0, 0]",001111001001100000,"[""1100100111100""]",1,0.000244140625,False,False,,,,5.57258244062023,0.19326597963217124,{},{}
"[0, 0, 1, 1, 1, 1, 0, 0, 1, 1, 0, 0, 1, 0, 0, 1, 1, 0]",001111001100100110,"[""11001001100111100""]",1,0.000244140625,False,False,,,,6.072138039908007,0.2112803288767069,{},{}
"[0, 0, 1, 1, 1, 1, 0, 1, 0, 0, 0, 0, 0, 1, 1, 1, 1, 0]",001111010000011110,"[""11110000010111100""]",1,0.000244140625,False,False,,,,8.105414983815598,0.2846018190784676,{},{}
"[0, 0, 1, 1, 1, 1, 0, 1, 0, 0, 0, 0, 1, 1, 0, 1, 0, 1]",001111010000110101,"[""101011000010111100""]",1,0.000244140625,False,False,,,,8.082262361169242,0.28376691815678234,{},{}
"[0, 0, 1, 1, 1, 1, 0, 1, 0, 0, 0, 1, 0, 1, 1, 0, 1, 1]",001111010001011011,"[""110110100010111100""]",1,0.000244140625,False,False,,,,7.4540478849470535,0.2611130334014635,{},{}
"[0, 0, 1, 1, 1, 1, 0, 1, 0, 0, 1, 0, 1, 0, 0, 1, 0, 1]",001111010010100101,"[""101001010010111100""]",1,0.000244140625,False,False,,,,6.055687506297075,0.21068711030774517,{},{}
"[0, 0, 1, 1, 1, 1, 0, 1, 0, 1, 0, 0, 0, 0, 1, 1, 0, 0]",001111010100001100,"[""1100001010111100""]",1,0.000244140625,False,False,,,,4.800895624907949,0.1654383748060736,{},{}
"[0, 0, 1, 1, 1, 1, 0, 1, 0, 1, 0, 1, 0, 1, 1, 0, 0, 1]",001111010101011001,"[""100110101010111100""]",1,0.000244140625,False,False,,,,7.352726251193969,0.257459299364537,{},{}
"[0, 0, 1, 1, 1, 1, 0, 1, 0, 1, 1, 1, 0, 1, 0, 0, 1, 1]",001111010111010011,"[""110010111010111100""]",1,0.000244140625,False,False,,,,10.631570937022339,0.3756968956867752,{},{}
"[0, 0, 1, 1, 1, 1, 0, 1, 1, 0, 0, 0, 1, 1, 0, 1, 0, 0]",001111011000110100,"[""1011000110111100""]",1,0.000244140625,False,False,,,,8.064356055748565,0.2831212033655013,{},{}
"[0, 0, 1, 1, 1, 1, 0, 1, 1, 0, 1, 0, 0, 0, 0, 0, 1, 0]",001111011010000010,"[""10000010110111100""]",1,0.000244140625,False,False,,,,6.894667904832456,0.24094137215584344,{},{}
"[0, 0, 1, 1, 1, 1, 0, 1, 1, 1, 0, 0, 0, 1, 0, 0, 1, 0]",001111011100010010,"[""10010001110111100""]",1,0.000244140625,False,False,,,,6.080624443265588,0.2115863549409356,{},{}
"[0, 0, 1, 1, 1, 1, 0, 1, 1, 1, 0, 0, 0, 1, 1, 0, 1, 0]",001111011100011010,"[""10110001110111100""]",1,0.000244140625,False,False,,,,7.34023558255997,0.2570088764939067,{},{}
"[0, 0, 1, 1, 1, 1, 0, 1, 1, 1, 0, 1, 0, 0, 0, 1, 1, 1]",001111011101000111,"[""111000101110111100""]",1,0.000244140625,False,False,,,,12.658207404587897,0.44877892533570457,{},{}
"[0, 0, 1, 1, 1, 1, 0, 1, 1, 1, 0, 1, 0, 0, 1, 1, 0, 0]",001111011101001100,"[""1100101110111100""]",1,0.000244140625,False,False,,,,7.34249515270859,0.2570903582866397,{},{}
"[0, 0, 1, 1, 1, 1, 0, 1, 1, 1, 1, 0, 1, 0, 1, 1, 1, 0]",001111011110101110,"[""11101011110111100""]",1,0.000244140625,False,False,,,,9.849222620122443,0.3474848291388221,{},{}
"[0, 0, 1, 1, 1, 1, 1, 0, 0, 0, 0, 0, 1, 0, 0, 0, 0, 0]",001111100000100000,"[""1000001111100""]",1,0.000244140625,False,False,,,,6.304635301006988,0.21966435433014256,{},{}
"[0, 0, 1, 1, 1, 1, 1, 0, 0, 0, 1, 0, 0, 1, 0, 0, 0, 0]",001111100010010000,"[""10010001111100""]",1,0.000244140625,False,False,,,,5.485893227526495,0.19013990164879768,{},{}
"[0, 0, 1, 1, 1, 1, 1, 0, 0, 0, 1, 1, 1, 1, 0, 0, 0, 0]",001111100011110000,"[""11110001111100""]",1,0.000244140625,False,False,,,,7.948907614071218,0.278958046049122,{},{}
"[0, 0, 1, 1, 1, 1, 1, 0, 0, 1, 0, 0, 0, 1, 0, 1, 0, 1]",001111100100010101,"[""101010001001111100""]",1,0.000244140625,False,False,,,,6.106687769168853,0.21252621800315524,{},{}
"[0, 0, 1, 1, 1, 1, 1, 0, 0, 1, 0, 0, 1, 0, 0, 1, 1, 0]",001111100100100110,"[""11001001001111100""]",1,0.000244140625,False,False,,,,6.109475279410735,0.21262673771125495,{},{}
"[0, 0, 1, 1, 1, 1, 1, 0, 1, 0, 0, 0, 0, 0, 1, 0, 0, 0]",001111101000001000,"[""100000101111100""]",1,0.000244140625,False,False,,,,7.603343999844803,0.26649676317739796,{},{}
"[0, 0, 1, 1, 1, 1, 1, 0, 1, 0, 0, 0, 1, 0, 0, 1, 0, 1]",001111101000100101,"[""101001000101111100""]",1,0.000244140625,False,False,,,,8.21596126102213,0.2885882006706686,{},{}
"[0, 0, 1, 1, 1, 1, 1, 0, 1, 0, 0, 1, 0, 0, 0, 0, 0, 1]",001111101001000001,"[""100000100101111100""]",1,0.000244140625,False,False,,,,6.921224280570599,0.24189901496456798,{},{}
"[0, 0, 1, 1, 1, 1, 1, 0, 1, 0, 1, 1, 0, 0, 0, 1, 0, 1]",001111101011000101,"[""101000110101111100""]",1,0.000244140625,False,False,,,,9.376157929066517,0.3304257618956771,{},{}
"[0, 0, 1, 1, 1, 1, 1, 1, 0, 0, 0, 1, 0, 1, 0, 0, 1, 0]",001111110001010010,"[""10010100011111100""]",1,0.000244140625,False,False,,,,6.053066404410922,0.21059259140964856,{},{}
"[0, 0, 1, 1, 1, 1, 1, 1, 0, 0, 1, 0, 1, 0, 1, 0, 1, 0]",001111110010101010,"[""10101010011111100""]",1,0.000244140625,False,False,,,,7.275146990190931,0.2546617330799548,{},{}
"[0, 0, 1, 1, 1, 1, 1, 1, 0, 1, 0, 0, 0, 1, 0, 1, 1, 0]",001111110100010110,"[""11010001011111100""]",1,0.000244140625,False,False,,,,7.322669682912622,0.2563754369898896,{},{}
"[0, 0, 1, 1, 1, 1, 1, 1, 1, 0, 0, 0, 1, 0, 0, 0, 1, 1]",001111111000100011,"[""110001000111111100""]",1,0.000244140625,False,False,,,,11.403429422925585,0.4035306910685975,{},{}
"[0, 0, 1, 1, 1, 1, 1, 1, 1, 1, 0, 1, 1, 1, 1, 1, 0, 0]",001111111101111100,"[""1111101111111100""]",1,0.000244140625,False,False,,,,15.186133408641435,0.5399378313039078,{},{}
"[0, 1, 0, 0, 0, 0, 0, 0, 0, 0, 0, 0, 1, 1, 1, 0, 0, 0]",010000000000111000,"[""111000000000010""]",1,0.000244140625,False,False,,,,7.801116580165663,0.27362859062157513,{},{}
"[0, 1, 0, 0, 0, 0, 0, 0, 0, 0, 0, 1, 1, 0, 0, 1, 0, 1]",010000000001100101,"[""101001100000000010""]",1,0.000244140625,False,False,,,,2.996527220917236,0.10037149808276952,{},{}
"[0, 1, 0, 0, 0, 0, 0, 0, 0, 0, 1, 0, 0, 0, 0, 1, 0, 0]",010000000010000100,"[""1000010000000010""]",1,0.000244140625,False,False,,,,2.5973201481671904,0.08597579189979204,{},{}
"[0, 1, 0, 0, 0, 0, 0, 0, 0, 0, 1, 0, 0, 1, 1, 1, 0, 0]",010000000010011100,"[""1110010000000010""]",1,0.000244140625,False,False,,,,3.012096147797896,0.10093292525241933,{},{}
"[0, 1, 0, 0, 0, 0, 0, 0, 0, 0, 1, 0, 1, 0, 1, 1, 1, 0]",010000000010101110,"[""11101010000000010""]",1,0.000244140625,False,False,,,,4.194614379803134,0.14357541880017285,{},{}
"[0, 1, 0, 0, 0, 0, 0, 0, 0, 0, 1, 0, 1, 1, 1, 0, 0, 1]",010000000010111001,"[""100111010000000010""]",1,0.000244140625,False,False,,,,6.227468374903605,0.21688165715101873,{},{}
"[0, 1, 0, 0, 0, 0, 0, 0, 0, 0, 1, 0, 1, 1, 1, 1, 1, 1]",010000000010111111,"[""111111010000000010""]",1,0.000244140625,False,False,,,,10.693171123836564,0.37791824458243806,{},{}
"[0, 1, 0, 0, 0, 0, 0, 0, 0, 0, 1, 1, 1, 0, 1, 0, 0, 1]",010000000011101001,"[""100101110000000010""]",1,0.000244140625,False,False,,,,4.21552716391663,0.14432954946597504,{},{}
"[0, 1, 0, 0, 0, 0, 0, 0, 0, 1, 0, 0, 1, 0, 0, 0, 0, 1]",010000000100100001,"[""100001001000000010""]",1,0.000244140625,False,False,,,,1.7946065584273014,0.05702933835282832,{},{}
"[0, 1, 0, 0, 0, 0, 0, 0, 0, 1, 0, 1, 1, 0, 0, 0, 0, 0]",010000000101100000,"[""1101000000010""]",1,0.000244140625,False,False,,,,3.7471172391830616,0.12743833658439097,{},{}
"[0, 1, 0, 0, 0, 0, 0, 0, 0, 1, 1, 1, 0, 1, 1, 0, 0, 1]",010000000111011001,"[""100110111000000010""]",1,0.000244140625,False,False,,,,7.451857741791793,0.2610340551981351,{},{}
"[0, 1, 0, 0, 0, 0, 0, 0, 1, 0, 0, 0, 0, 0, 0, 0, 1, 0]",010000001000000010,"[""10000000100000010""]",1,0.000244140625,False,False,,,,2.71086033502361,0.09007013611740758,{},{}
"[0, 1, 0, 0, 0, 0, 0, 0, 1, 0, 0, 0, 0, 1, 0, 0, 0, 0]",010000001000010000,"[""10000100000010""]",1,0.000244140625,False,False,,,,2.6980744637799425,0.08960906801946719,{},{}
"[0, 1, 0, 0, 0, 0, 0, 0, 1, 0, 0, 0, 0, 1, 0, 1, 0, 0]",010000001000010100,"[""1010000100000010""]",1,0.000244140625,False,False,,,,1.8369098243859243,0.05855482582259064,{},{}
"[0, 1, 0, 0, 0, 0, 0, 0, 1, 0, 0, 0, 0, 1, 1, 0, 0, 0]",010000001000011000,"[""110000100000010""]",1,0.000244140625,False,False,,,,3.89231491822048,0.13267427369210266,{},{}
"[0, 1, 0, 0, 0, 0, 0, 0, 1, 0, 0, 1, 0, 0, 1, 0, 1, 1]",010000001001001011,"[""110100100100000010""]",1,0.000244140625,False,False,,,,2.3834409051466237,0.07826314612938626,{},{}
"[0, 1, 0, 0, 0, 0, 0, 0, 1, 0, 0, 1, 0, 1, 0, 1, 0, 0]",010000001001010100,"[""1010100100000010""]",1,0.000244140625,False,False,,,,1.013914093219129,0.02887698305766546,{},{}
"[0, 1, 0, 0, 0, 0, 0, 0, 1, 0, 0, 1, 0, 1, 0, 1, 1, 1]",010000001001010111,"[""111010100100000010""]",1,0.000244140625,False,False,,,,5.540673840159739,0.19211533158935248,{},{}
"[0, 1, 0, 0, 0, 0, 0, 0, 1, 0, 1, 0, 0, 0, 0, 0, 0, 1]",010000001010000001,"[""100000010100000010""]",1,0.000244140625,False,False,,,,1.9505840596518926,0.0626540039263016,{},{}
"[0, 1, 0, 0, 0, 0, 0, 0, 1, 0, 1, 0, 0, 1, 0, 1, 0, 0]",010000001010010100,"[""1010010100000010""]",1,0.000244140625,False,False,,,,1.0402091839687602,0.029825203733914424,{},{}
"[0, 1, 0, 0, 0, 0, 0, 0, 1, 0, 1, 1, 0, 1, 0, 1, 0, 1]",010000001011010101,"[""101010110100000010""]",1,0.000244140625,False,False,,,,3.5027542669662424,0.11862642469665995,{},{}
"[0, 1, 0, 0, 0, 0, 0, 0, 1, 0, 1, 1, 1, 0, 0, 1, 1, 0]",010000001011100110,"[""11001110100000010""]",1,0.000244140625,False,False,,,,3.424865386757033,0.11581769331149494,{},{}
"[0, 1, 0, 0, 0, 0, 0, 0, 1, 1, 0, 0, 0, 1, 1, 0, 0, 1]",010000001100011001,"[""100110001100000010""]",1,0.000244140625,False,False,,,,2.291774699334009,0.07495759405913781,{},{}
"[0, 1, 0, 0, 0, 0, 0, 0, 1, 1, 0, 0, 1, 1, 0, 1, 1, 1]",010000001100110111,"[""111011001100000010""]",1,0.000244140625,False,False,,,,6.728798774214345,0.2349600070143012,{},{}
"[0, 1, 0, 0, 0, 0, 0, 0, 1, 1, 0, 1, 0, 0, 0, 0, 1, 0]",010000001101000010,"[""10000101100000010""]",1,0.000244140625,False,False,,,,3.025476119833558,0.10141541707009924,{},{}
"[0, 1, 0, 0, 0, 0, 0, 0, 1, 1, 1, 0, 0, 0, 0, 1, 1, 0]",010000001110000110,"[""11000011100000010""]",1,0.000244140625,False,False,,,,4.222727415973999,0.14458919595056063,{},{}
"[0, 1, 0, 0, 0, 0, 0, 0, 1, 1, 1, 1, 0, 0, 0, 1, 0, 1]",010000001111000101,"[""101000111100000010""]",1,0.000244140625,False,False,,,,7.459848598880144,0.2613222114925655,{},{}
"[0, 1, 0, 0, 0, 0, 0, 0, 1, 1, 1, 1, 0, 0, 1, 0, 0, 0]",010000001111001000,"[""100111100000010""]",1,0.000244140625,False,False,,,,6.221284582793085,0.21665866497378491,{},{}
"[0, 1, 0, 0, 0, 0, 0, 1, 0, 0, 0, 0, 0, 0, 0, 0, 1, 0]",010000010000000010,"[""10000000010000010""]",1,0.000244140625,False,False,,,,2.7322085608508804,0.09083996913769993,{},{}
"[0, 1, 0, 0, 0, 0, 0, 1, 0, 0, 0, 0, 0, 1, 0, 1, 1, 1]",010000010000010111,"[""111010000010000010""]",1,0.000244140625,False,False,,,,6.375045020974677,0.22220338159260594,{},{}
"[0, 1, 0, 0, 0, 0, 0, 1, 0, 0, 0, 0, 1, 0, 1, 1, 0, 1]",010000010000101101,"[""101101000010000010""]",1,0.000244140625,False,False,,,,4.24731940769036,0.1454760015994791,{},{}
"[0, 1, 0, 0, 0, 0, 0, 1, 0, 0, 0, 1, 0, 0, 1, 1, 0, 0]",010000010001001100,"[""1100100010000010""]",1,0.000244140625,False,False,,,,1.0537902767120393,0.03031494811501768,{},{}
"[0, 1, 0, 0, 0, 0, 0, 1, 0, 0, 1, 0, 0, 1, 0, 0, 0, 0]",010000010010010000,"[""10010010000010""]",1,0.000244140625,False,False,,,,1.9580014664127592,0.06292148117221684,{},{}
"[0, 1, 0, 0, 0, 0, 0, 1, 0, 0, 1, 0, 0, 1, 0, 1, 0, 1]",010000010010010101,"[""101010010010000010""]",1,0.000244140625,False,False,,,,2.33712544778118,0.07659297603102078,{},{}
"[0, 1, 0, 0, 0, 0, 0, 1, 0, 0, 1, 0, 1, 1, 0, 0, 1, 0]",010000010010110010,"[""10011010010000010""]",1,0.000244140625,False,False,,,,2.3689151758345424,0.07773933744576328,{},{}
"[0, 1, 0, 0, 0, 0, 0, 1, 0, 0, 1, 1, 1, 1, 0, 1, 1, 0]",010000010011110110,"[""11011110010000010""]",1,0.000244140625,False,False,,,,4.740568199086049,0.16326292262551764,{},{}
"[0, 1, 0, 0, 0, 0, 0, 1, 0, 1, 0, 0, 0, 0, 1, 0, 1, 0]",010000010100001010,"[""10100001010000010""]",1,0.000244140625,False,False,,,,1.049706651505504,0.030167689530068986,{},{}
"[0, 1, 0, 0, 0, 0, 0, 1, 0, 1, 0, 0, 0, 1, 1, 0, 1, 1]",010000010100011011,"[""110110001010000010""]",1,0.000244140625,False,False,,,,3.5616052673658167,0.1207486358701504,{},{}
"[0, 1, 0, 0, 0, 0, 0, 1, 0, 1, 0, 0, 1, 0, 1, 1, 0, 1]",010000010100101101,"[""101101001010000010""]",1,0.000244140625,False,False,,,,3.449172613236759,0.11669423011259596,{},{}
"[0, 1, 0, 0, 0, 0, 0, 1, 0, 1, 0, 1, 0, 0, 1, 1, 0, 0]",010000010101001100,"[""1100101010000010""]",1,0.000244140625,False,False,,,,2.2235226374736112,0.07249637356483088,{},{}
"[0, 1, 0, 0, 0, 0, 0, 1, 0, 1, 0, 1, 0, 0, 1, 1, 1, 0]",010000010101001110,"[""11100101010000010""]",1,0.000244140625,False,False,,,,3.4608472564694965,0.11711522649578078,{},{}
"[0, 1, 0, 0, 0, 0, 0, 1, 0, 1, 1, 0, 0, 0, 1, 0, 0, 0]",010000010110001000,"[""100011010000010""]",1,0.000244140625,False,False,,,,3.0275821109970016,0.10149136068954473,{},{}
"[0, 1, 0, 0, 0, 0, 0, 1, 0, 1, 1, 0, 0, 1, 0, 0, 0, 1]",010000010110010001,"[""100010011010000010""]",1,0.000244140625,False,False,,,,2.320106570466948,0.07597926256223855,{},{}
"[0, 1, 0, 0, 0, 0, 0, 1, 0, 1, 1, 0, 0, 1, 0, 0, 1, 1]",010000010110010011,"[""110010011010000010""]",1,0.000244140625,False,False,,,,3.6171013129394787,0.12274986485863523,{},{}
"[0, 1, 0, 0, 0, 0, 0, 1, 1, 0, 0, 0, 0, 0, 0, 1, 1, 0]",010000011000000110,"[""11000000110000010""]",1,0.000244140625,False,False,,,,5.1034566577942675,0.1763489523713583,{},{}
"[0, 1, 0, 0, 0, 0, 0, 1, 1, 0, 0, 1, 0, 0, 1, 0, 1, 0]",010000011001001010,"[""10100100110000010""]",1,0.000244140625,False,False,,,,2.3767947550968525,0.07802348097840235,{},{}
"[0, 1, 0, 0, 0, 0, 0, 1, 1, 0, 1, 0, 0, 1, 0, 0, 0, 1]",010000011010010001,"[""100010010110000010""]",1,0.000244140625,False,False,,,,2.4694986534942824,0.08136645302083804,{},{}
"[0, 1, 0, 0, 0, 0, 0, 1, 1, 0, 1, 1, 0, 1, 1, 1, 0, 1]",010000011011011101,"[""101110110110000010""]",1,0.000244140625,False,False,,,,6.044200021036322,0.210272862981274,{},{}
"[0, 1, 0, 0, 0, 0, 0, 1, 1, 1, 1, 0, 0, 1, 1, 1, 0, 1]",010000011110011101,"[""101110011110000010""]",1,0.000244140625,False,False,,,,5.997440531252204,0.20858668074116235,{},{}
"[0, 1, 0, 0, 0, 0, 1, 0, 0, 0, 0, 1, 0, 0, 0, 0, 1, 0]",010000100001000010,"[""10000100001000010""]",1,0.000244140625,False,False,,,,1.8285999610648236,0.058255165924364916,{},{}
"[0, 1, 0, 0, 0, 0, 1, 0, 0, 0, 0, 1, 0, 0, 1, 0, 1, 0]",010000100001001010,"[""10100100001000010""]",1,0.000244140625,False,False,,,,1.0465329645328525,0.030053243999682202,{},{}
"[0, 1, 0, 0, 0, 0, 1, 0, 0, 0, 0, 1, 0, 1, 1, 0, 0, 1]",010000100001011001,"[""100110100001000010""]",1,0.000244140625,False,False,,,,2.266138197709128,0.07403312260023083,{},{}
"[0, 1, 0, 0, 0, 0, 1, 0, 0, 0, 0, 1, 1, 0, 1, 1, 0, 0]",010000100001101100,"[""1101100001000010""]",1,0.000244140625,False,False,,,,2.233201095163484,0.07284538600152943,{},{}
"[0, 1, 0, 0, 0, 0, 1, 0, 0, 0, 0, 1, 1, 1, 0, 1, 0, 1]",010000100001110101,"[""101011100001000010""]",1,0.000244140625,False,False,,,,3.4304621632247443,0.116019517264778,{},{}
"[0, 1, 0, 0, 0, 0, 1, 0, 0, 0, 0, 1, 1, 1, 1, 0, 1, 0]",010000100001111010,"[""10111100001000010""]",1,0.000244140625,False,False,,,,5.450142742311478,0.1888507123628741,{},{}
"[0, 1, 0, 0, 0, 0, 1, 0, 0, 0, 1, 0, 0, 0, 0, 0, 1, 0]",010000100010000010,"[""10000010001000010""]",1,0.000244140625,False,False,,,,1.8362177132847848,0.05852986777766086,{},{}
"[0, 1, 0, 0, 0, 0, 1, 0, 0, 0, 1, 0, 0, 0, 0, 1, 1, 1]",010000100010000111,"[""111000010001000010""]",1,0.000244140625,False,False,,,,6.251465742000084,0.21774702019057154,{},{}
"[0, 1, 0, 0, 0, 0, 1, 0, 0, 0, 1, 0, 1, 0, 0, 1, 1, 0]",010000100010100110,"[""11001010001000010""]",1,0.000244140625,False,False,,,,2.218474682268431,0.07231434051752536,{},{}
"[0, 1, 0, 0, 0, 0, 1, 0, 0, 0, 1, 0, 1, 0, 1, 1, 1, 0]",010000100010101110,"[""11101010001000010""]",1,0.000244140625,False,False,,,,3.4206126530514656,0.11566433654735231,{},{}
"[0, 1, 0, 0, 0, 0, 1, 0, 0, 1, 0, 0, 0, 1, 1, 0, 1, 0]",010000100100011010,"[""10110001001000010""]",1,0.000244140625,False,False,,,,2.2164147061584543,0.07224005623538854,{},{}
"[0, 1, 0, 0, 0, 0, 1, 0, 0, 1, 0, 0, 1, 0, 0, 0, 0, 1]",010000100100100001,"[""100001001001000010""]",1,0.000244140625,False,False,,,,1.0299435009404676,0.029455015511484287,{},{}
"[0, 1, 0, 0, 0, 0, 1, 0, 0, 1, 0, 1, 0, 0, 0, 0, 1, 0]",010000100101000010,"[""10000101001000010""]",1,0.000244140625,False,False,,,,3.0037766773107832,0.10063291891258823,{},{}
"[0, 1, 0, 0, 0, 0, 1, 0, 0, 1, 1, 0, 0, 0, 1, 0, 0, 0]",010000100110001000,"[""100011001000010""]",1,0.000244140625,False,False,,,,2.956518434852451,0.09892875127731181,{},{}
"[0, 1, 0, 0, 0, 0, 1, 0, 1, 0, 0, 0, 0, 0, 1, 1, 0, 1]",010000101000001101,"[""101100000101000010""]",1,0.000244140625,False,False,,,,4.302231532138859,0.14745617395463836,{},{}
"[0, 1, 0, 0, 0, 0, 1, 0, 1, 0, 0, 0, 1, 0, 0, 1, 0, 0]",010000101000100100,"[""1001000101000010""]",1,0.000244140625,False,False,,,,3.054881526514661,0.10247579806950394,{},{}
"[0, 1, 0, 0, 0, 0, 1, 0, 1, 0, 0, 0, 1, 1, 0, 0, 0, 0]",010000101000110000,"[""11000101000010""]",1,0.000244140625,False,False,,,,5.030604240886322,0.1737218396268323,{},{}
"[0, 1, 0, 0, 0, 0, 1, 0, 1, 0, 0, 1, 1, 1, 1, 0, 1, 0]",010000101001111010,"[""10111100101000010""]",1,0.000244140625,False,False,,,,6.691894147913719,0.2336291985359929,{},{}
"[0, 1, 0, 0, 0, 0, 1, 0, 1, 0, 1, 0, 0, 1, 1, 1, 1, 0]",010000101010011110,"[""11110010101000010""]",1,0.000244140625,False,False,,,,4.697539588208914,0.16171127867446788,{},{}
"[0, 1, 0, 0, 0, 0, 1, 0, 1, 0, 1, 0, 1, 0, 0, 1, 1, 1]",010000101010100111,"[""111001010101000010""]",1,0.000244140625,False,False,,,,6.747208054957286,0.23562385947259987,{},{}
"[0, 1, 0, 0, 0, 0, 1, 0, 1, 0, 1, 1, 1, 1, 0, 0, 0, 0]",010000101011110000,"[""11110101000010""]",1,0.000244140625,False,False,,,,5.428144054909695,0.18805742321079158,{},{}
"[0, 1, 0, 0, 0, 0, 1, 0, 1, 1, 1, 0, 0, 0, 0, 0, 0, 1]",010000101110000001,"[""100000011101000010""]",1,0.000244140625,False,False,,,,4.281672683835935,0.1467148064793817,{},{}
"[0, 1, 0, 0, 0, 0, 1, 1, 0, 0, 0, 0, 0, 0, 0, 1, 1, 0]",010000110000000110,"[""11000000011000010""]",1,0.000244140625,False,False,,,,5.051579478093481,0.1744782223979902,{},{}
"[0, 1, 0, 0, 0, 0, 1, 1, 0, 0, 0, 0, 1, 0, 1, 0, 1, 1]",010000110000101011,"[""110101000011000010""]",1,0.000244140625,False,False,,,,5.479869498169397,0.1899226814543928,{},{}
"[0, 1, 0, 0, 0, 0, 1, 1, 0, 0, 0, 1, 0, 0, 0, 1, 0, 1]",010000110001000101,"[""101000100011000010""]",1,0.000244140625,False,False,,,,4.240886417958074,0.14524402316927207,{},{}
"[0, 1, 0, 0, 0, 0, 1, 1, 0, 0, 0, 1, 0, 1, 1, 1, 1, 0]",010000110001011110,"[""11110100011000010""]",1,0.000244140625,False,False,,,,4.744701600364754,0.16341197617292774,{},{}
"[0, 1, 0, 0, 0, 0, 1, 1, 0, 0, 1, 0, 0, 1, 0, 1, 0, 0]",010000110010010100,"[""1010010011000010""]",1,0.000244140625,False,False,,,,2.277372383655359,0.07443823576361445,{},{}
"[0, 1, 0, 0, 0, 0, 1, 1, 0, 1, 1, 0, 0, 0, 0, 0, 1, 0]",010000110110000010,"[""10000011011000010""]",1,0.000244140625,False,False,,,,4.281036893927291,0.14669187941885672,{},{}
"[0, 1, 0, 0, 0, 0, 1, 1, 0, 1, 1, 0, 0, 1, 1, 1, 0, 1]",010000110110011101,"[""101110011011000010""]",1,0.000244140625,False,False,,,,5.944332721838952,0.2066715733382095,{},{}
"[0, 1, 0, 0, 0, 0, 1, 1, 0, 1, 1, 0, 1, 0, 0, 0, 1, 0]",010000110110100010,"[""10001011011000010""]",1,0.000244140625,False,False,,,,3.48043693861558,0.11782164511319218,{},{}
"[0, 1, 0, 0, 0, 0, 1, 1, 1, 0, 1, 0, 1, 0, 0, 0, 0, 1]",010000111010100001,"[""100001010111000010""]",1,0.000244140625,False,False,,,,5.546213468187784,0.1923150947270779,{},{}
"[0, 1, 0, 0, 0, 0, 1, 1, 1, 0, 1, 1, 1, 0, 0, 0, 1, 0]",010000111011100010,"[""10001110111000010""]",1,0.000244140625,False,False,,,,6.745765338225745,0.23557183402618312,{},{}
"[0, 1, 0, 0, 0, 0, 1, 1, 1, 1, 0, 0, 0, 1, 1, 0, 0, 1]",010000111100011001,"[""100110001111000010""]",1,0.000244140625,False,False,,,,6.765587624578151,0.23628664052557286,{},{}
"[0, 1, 0, 0, 0, 0, 1, 1, 1, 1, 0, 0, 0, 1, 1, 1, 0, 1]",010000111100011101,"[""101110001111000010""]",1,0.000244140625,False,False,,,,7.996360426343329,0.2806692300176811,{},{}
"[0, 1, 0, 0, 0, 0, 1, 1, 1, 1, 0, 0, 1, 0, 0, 1, 1, 0]",010000111100100110,"[""11001001111000010""]",1,0.000244140625,False,False,,,,6.751547249190466,0.23578033406815602,{},{}
"[0, 1, 0, 0, 0, 0, 1, 1, 1, 1, 0, 1, 1, 0, 0, 1, 1, 0]",010000111101100110,"[""11001101111000010""]",1,0.000244140625,False,False,,,,7.953685219973498,0.2791303300979829,{},{}
"[0, 1, 0, 0, 0, 0, 1, 1, 1, 1, 1, 0, 1, 1, 1, 0, 1, 0]",010000111110111010,"[""10111011111000010""]",1,0.000244140625,False,False,,,,11.232256559987574,0.39735806936533036,{},{}
"[0, 1, 0, 0, 0, 0, 1, 1, 1, 1, 1, 1, 1, 0, 0, 0, 0, 1]",010000111111100001,"[""100001111111000010""]",1,0.000244140625,False,False,,,,9.955649000001607,0.3513226441462172,{},{}
"[0, 1, 0, 0, 0, 0, 1, 1, 1, 1, 1, 1, 1, 0, 0, 0, 1, 0]",010000111111100010,"[""10001111111000010""]",1,0.000244140625,False,False,,,,9.953062899256532,0.3512293874154954,{},{}
"[0, 1, 0, 0, 0, 0, 1, 1, 1, 1, 1, 1, 1, 0, 1, 0, 1, 0]",010000111111101010,"[""10101111111000010""]",1,0.000244140625,False,False,,,,11.188232088331892,0.39577051392837337,{},{}
"[0, 1, 0, 0, 0, 1, 0, 0, 0, 0, 0, 0, 0, 0, 1, 1, 0, 1]",010001000000001101,"[""101100000000100010""]",1,0.000244140625,False,False,,,,3.149711983296746,0.10589545540079376,{},{}
"[0, 1, 0, 0, 0, 1, 0, 0, 0, 0, 0, 0, 0, 1, 0, 1, 1, 1]",010001000000010111,"[""111010000000100010""]",1,0.000244140625,False,False,,,,6.413965799956555,0.22360689404737286,{},{}
"[0, 1, 0, 0, 0, 1, 0, 0, 0, 0, 0, 0, 1, 1, 0, 1, 0, 1]",010001000000110101,"[""101011000000100010""]",1,0.000244140625,False,False,,,,4.325243042334462,0.14828598625560904,{},{}
"[0, 1, 0, 0, 0, 1, 0, 0, 0, 0, 0, 0, 1, 1, 1, 1, 0, 1]",010001000000111101,"[""101111000000100010""]",1,0.000244140625,False,False,,,,7.535278529459993,0.26404227131152014,{},{}
"[0, 1, 0, 0, 0, 1, 0, 0, 0, 0, 0, 1, 0, 0, 1, 1, 0, 0]",010001000001001100,"[""1100100000100010""]",1,0.000244140625,False,False,,,,1.0698831974909873,0.030895270897286428,{},{}
"[0, 1, 0, 0, 0, 1, 0, 0, 0, 0, 0, 1, 1, 0, 0, 0, 1, 0]",010001000001100010,"[""10001100000100010""]",1,0.000244140625,False,False,,,,1.038417671404238,0.029760600448395676,{},{}
"[0, 1, 0, 0, 0, 1, 0, 0, 0, 0, 0, 1, 1, 0, 0, 0, 1, 1]",010001000001100011,"[""110001100000100010""]",1,0.000244140625,False,False,,,,2.326840791413191,0.07622210361574377,{},{}
"[0, 1, 0, 0, 0, 1, 0, 0, 0, 0, 1, 0, 1, 0, 0, 0, 0, 0]",010001000010100000,"[""1010000100010""]",1,0.000244140625,False,False,,,,1.8127140071903634,0.05768230652375943,{},{}
"[0, 1, 0, 0, 0, 1, 0, 0, 0, 0, 1, 0, 1, 0, 0, 0, 0, 1]",010001000010100001,"[""100001010000100010""]",1,0.000244140625,False,False,,,,1.093239610856819,0.031737520665023396,{},{}
"[0, 1, 0, 0, 0, 1, 0, 0, 0, 0, 1, 0, 1, 0, 1, 0, 1, 1]",010001000010101011,"[""110101010000100010""]",1,0.000244140625,False,False,,,,3.538037667338524,0.1198987705531517,{},{}
"[0, 1, 0, 0, 0, 1, 0, 0, 0, 0, 1, 1, 1, 0, 0, 0, 1, 0]",010001000011100010,"[""10001110000100010""]",1,0.000244140625,False,False,,,,2.2481733944072335,0.07338529833151858,{},{}
"[0, 1, 0, 0, 0, 1, 0, 0, 0, 0, 1, 1, 1, 0, 1, 1, 0, 0]",010001000011101100,"[""1101110000100010""]",1,0.000244140625,False,False,,,,3.419536219517231,0.11562551954749908,{},{}
"[0, 1, 0, 0, 0, 1, 0, 0, 0, 1, 0, 0, 1, 0, 1, 1, 0, 0]",010001000100101100,"[""1101001000100010""]",1,0.000244140625,False,False,,,,2.2343155825181023,0.07288557525066072,{},{}
"[0, 1, 0, 0, 0, 1, 0, 0, 0, 1, 0, 1, 0, 0, 1, 1, 0, 0]",010001000101001100,"[""1100101000100010""]",1,0.000244140625,False,False,,,,2.2489542275173937,0.07341345575857611,{},{}
"[0, 1, 0, 0, 0, 1, 0, 0, 0, 1, 1, 1, 0, 1, 1, 0, 0, 0]",010001000111011000,"[""110111000100010""]",1,0.000244140625,False,False,,,,7.46265919589643,0.26142356372704995,{},{}
"[0, 1, 0, 0, 0, 1, 0, 0, 1, 0, 0, 0, 0, 0, 1, 1, 1, 1]",010001001000001111,"[""111100000100100010""]",1,0.000244140625,False,False,,,,5.674703132941364,0.19694852831982376,{},{}
"[0, 1, 0, 0, 0, 1, 0, 0, 1, 0, 0, 0, 0, 1, 1, 1, 0, 1]",010001001000011101,"[""101110000100100010""]",1,0.000244140625,False,False,,,,3.6698147780401937,0.12465075191018221,{},{}
"[0, 1, 0, 0, 0, 1, 0, 0, 1, 0, 0, 1, 0, 0, 0, 1, 1, 1]",010001001001000111,"[""111000100100100010""]",1,0.000244140625,False,False,,,,5.665364463676529,0.19661176890834725,{},{}
"[0, 1, 0, 0, 0, 1, 0, 0, 1, 0, 0, 1, 0, 0, 1, 0, 1, 1]",010001001001001011,"[""110100100100100010""]",1,0.000244140625,False,False,,,,1.727225920931243,0.054599542074087765,{},{}
"[0, 1, 0, 0, 0, 1, 0, 0, 1, 0, 1, 0, 0, 1, 1, 0, 1, 1]",010001001010011011,"[""110110010100100010""]",1,0.000244140625,False,False,,,,2.9895377388467086,0.10011945212184661,{},{}
"[0, 1, 0, 0, 0, 1, 0, 0, 1, 0, 1, 0, 1, 0, 0, 0, 1, 0]",010001001010100010,"[""10001010100100010""]",1,0.000244140625,True,True,"[1, 2, 2, 1, 0, 1]",0.3409653637011356,0.5927076713078729,0.3409653637011365,0.004609947607583008,"{""degradation"": 0.25668257267348554, ""nominal"": 0.3595746296999622, ""surge"": 0.40663888872995924}","{""degradation"": 0.2284022135295689, ""nominal"": 0.3392797844825572, ""surge"": 0.5927076713078729}"
"[0, 1, 0, 0, 0, 1, 0, 0, 1, 0, 1, 0, 1, 0, 1, 0, 0, 0]",010001001010101000,"[""101010100100010""]",1,0.000244140625,False,False,,,,2.2925457324430027,0.07498539809080977,{},{}
"[0, 1, 0, 0, 0, 1, 0, 0, 1, 0, 1, 1, 0, 1, 0, 0, 0, 1]",010001001011010001,"[""100010110100100010""]",1,0.000244140625,False,False,,,,1.699806405802382,0.05361077381215385,{},{}
"[0, 1, 0, 0, 0, 1, 0, 0, 1, 0, 1, 1, 0, 1, 0, 0, 1, 0]",010001001011010010,"[""10010110100100010""]",1,0.000244140625,False,False,,,,1.6544212725135803,0.05197415189711593,{},{}
"[0, 1, 0, 0, 0, 1, 0, 0, 1, 1, 0, 0, 1, 1, 1, 0, 1, 0]",010001001100111010,"[""10111001100100010""]",1,0.000244140625,False,False,,,,4.7250566703552535,0.16270356527616237,{},{}
"[0, 1, 0, 0, 0, 1, 0, 0, 1, 1, 0, 1, 1, 0, 0, 0, 1, 0]",010001001101100010,"[""10001101100100010""]",1,0.000244140625,False,False,,,,1.4858437866354146,0.045895121435432236,{},{}
"[0, 1, 0, 0, 0, 1, 0, 0, 1, 1, 1, 0, 0, 0, 0, 0, 1, 0]",010001001110000010,"[""10000011100100010""]",1,0.000244140625,False,False,,,,2.3409653637011365,0.07673144627647566,{},{}
"[0, 1, 0, 0, 0, 1, 0, 0, 1, 1, 1, 0, 1, 0, 0, 0, 0, 0]",010001001110100000,"[""1011100100010""]",1,0.000244140625,False,False,,,,2.261581275343877,0.07386879656508098,{},{}
"[0, 1, 0, 0, 0, 1, 0, 0, 1, 1, 1, 1, 1, 0, 1, 0, 0, 0]",010001001111101000,"[""101111100100010""]",1,0.000244140625,False,False,,,,6.680211096672604,0.23320789895372557,{},{}
"[0, 1, 0, 0, 0, 1, 0, 1, 0, 0, 0, 0, 1, 0, 0, 0, 0, 0]",010001010000100000,"[""1000010100010""]",1,0.000244140625,False,False,,,,1.8570106778266469,0.05927967765992498,{},{}
"[0, 1, 0, 0, 0, 1, 0, 1, 0, 0, 0, 1, 0, 0, 1, 0, 0, 0]",010001010001001000,"[""100100010100010""]",1,0.000244140625,False,False,,,,1.1394701361009665,0.033404628047452395,{},{}
"[0, 1, 0, 0, 0, 1, 0, 1, 0, 0, 0, 1, 1, 0, 0, 1, 0, 1]",010001010001100101,"[""101001100010100010""]",1,0.000244140625,False,False,,,,1.510630457666947,0.04678894736633571,{},{}
"[0, 1, 0, 0, 0, 1, 0, 1, 0, 0, 0, 1, 1, 1, 0, 1, 0, 1]",010001010001110101,"[""101011100010100010""]",1,0.000244140625,False,False,,,,2.7538465439488347,0.09162025102229825,{},{}
"[0, 1, 0, 0, 0, 1, 0, 1, 0, 0, 1, 0, 0, 1, 0, 0, 1, 0]",010001010010010010,"[""10010010010100010""]",1,0.000244140625,True,False,"[1, 2, 1, 1, 1, 1]",0.4981887674098687,1.1661721896272683,0.4981887674098694,0.010279541358232084,"{""degradation"": 0.26168518134626856, ""nominal"": 0.6237256438485246, ""surge"": 0.6091554770348131}","{""degradation"": 0.25225882056213356, ""nominal"": 0.8746558487012676, ""surge"": 1.1661721896272683}"
"[0, 1, 0, 0, 0, 1, 0, 1, 0, 0, 1, 0, 0, 1, 1, 0, 1, 1]",010001010010011011,"[""110110010010100010""]",1,0.000244140625,False,False,,,,2.9980885274666917,0.10042779996688367,{},{}
"[0, 1, 0, 0, 0, 1, 0, 1, 0, 0, 1, 1, 1, 0, 0, 0, 1, 1]",010001010011100011,"[""110001110010100010""]",1,0.000244140625,False,False,,,,2.81413649515523,0.09379435184013808,{},{}
"[0, 1, 0, 0, 0, 1, 0, 1, 0, 0, 1, 1, 1, 0, 0, 1, 0, 0]",010001010011100100,"[""1001110010100010""]",1,0.000244140625,False,False,,,,1.4374074161453763,0.04414846962052059,{},{}
"[0, 1, 0, 0, 0, 1, 0, 1, 0, 1, 0, 0, 0, 1, 0, 0, 1, 1]",010001010100010011,"[""110010001010100010""]",1,0.000244140625,False,False,,,,1.674486903381367,0.052697733582076724,{},{}
"[0, 1, 0, 0, 0, 1, 0, 1, 0, 1, 0, 0, 1, 0, 0, 0, 1, 0]",010001010100100010,"[""10001001010100010""]",1,0.000244140625,True,False,"[1, 2, 1, 0, 0, 1]",0.25905244708628145,0.2835725222668926,0.2590524470862824,0.00165610645428135,"{""degradation"": 0.22873004433003322, ""nominal"": 0.2509581889071041, ""surge"": 0.29746910802170706}","{""degradation"": 0.09510126438988951, ""nominal"": 0.11913812510425863, ""surge"": 0.2835725222668926}"
"[0, 1, 0, 0, 0, 1, 0, 1, 1, 0, 0, 1, 1, 1, 1, 0, 1, 1]",010001011001111011,"[""110111100110100010""]",1,0.000244140625,False,False,,,,7.410326885622544,0.2595364214041709,{},{}
"[0, 1, 0, 0, 0, 1, 0, 1, 1, 0, 1, 0, 0, 1, 1, 0, 0, 0]",010001011010011000,"[""110010110100010""]",1,0.000244140625,False,False,,,,3.691084995915981,0.12541777190529002,{},{}
"[0, 1, 0, 0, 0, 1, 0, 1, 1, 0, 1, 0, 1, 0, 0, 1, 0, 1]",010001011010100101,"[""101001010110100010""]",1,0.000244140625,False,False,,,,2.875375097498412,0.09600266172882739,{},{}
"[0, 1, 0, 0, 0, 1, 0, 1, 1, 0, 1, 0, 1, 0, 0, 1, 1, 1]",010001011010100111,"[""111001010110100010""]",1,0.000244140625,False,False,,,,6.151873447497456,0.2141556474228699,{},{}
"[0, 1, 0, 0, 0, 1, 0, 1, 1, 0, 1, 0, 1, 0, 1, 1, 1, 0]",010001011010101110,"[""11101010110100010""]",1,0.000244140625,False,False,,,,4.029674774134534,0.13762757302483505,{},{}
"[0, 1, 0, 0, 0, 1, 0, 1, 1, 0, 1, 1, 0, 0, 1, 1, 0, 1]",010001011011001101,"[""101100110110100010""]",1,0.000244140625,False,False,,,,4.124272558065566,0.1410388399987661,{},{}
"[0, 1, 0, 0, 0, 1, 0, 1, 1, 1, 0, 0, 1, 0, 1, 0, 0, 1]",010001011100101001,"[""100101001110100010""]",1,0.000244140625,False,False,,,,2.8373965961373333,0.09463312851114761,{},{}
"[0, 1, 0, 0, 0, 1, 0, 1, 1, 1, 1, 0, 1, 0, 1, 0, 1, 1]",010001011110101011,"[""110101011110100010""]",1,0.000244140625,False,False,,,,5.330536177546097,0.1845376100121155,{},{}
"[0, 1, 0, 0, 0, 1, 0, 1, 1, 1, 1, 1, 0, 0, 1, 0, 0, 0]",010001011111001000,"[""100111110100010""]",1,0.000244140625,False,False,,,,6.78147588368304,0.236859583054515,{},{}
"[0, 1, 0, 0, 0, 1, 1, 0, 0, 0, 0, 1, 0, 0, 1, 0, 0, 1]",010001100001001001,"[""100100100001100010""]",1,0.000244140625,True,True,"[1, 2, 0, 2, 2, 2]",0.3480874334987037,0.5064882200766475,0.3480874334987043,0.004866774781295532,"{""degradation"": 0.31499578822140734, ""nominal"": 0.37963318542164454, ""surge"": 0.34963332685305926}","{""degradation"": 0.5064882200766475, ""nominal"": 0.3799340694975157, ""surge"": 0.43128550161354273}"
"[0, 1, 0, 0, 0, 1, 1, 0, 0, 0, 0, 1, 0, 1, 1, 0, 0, 0]",010001100001011000,"[""110100001100010""]",1,0.000244140625,False,False,,,,2.275498498891427,0.07437066207486065,{},{}
"[0, 1, 0, 0, 0, 1, 1, 0, 0, 0, 0, 1, 1, 0, 0, 0, 0, 0]",010001100001100000,"[""1100001100010""]",1,0.000244140625,False,False,,,,1.0169080262676813,0.028984946526853416,{},{}
"[0, 1, 0, 0, 0, 1, 1, 0, 0, 0, 0, 1, 1, 0, 0, 0, 0, 1]",010001100001100001,"[""100001100001100010""]",1,0.000244140625,True,False,"[1, 2, 0, 2, 0, 2]",0.2974336299341365,0.4297317329977791,0.29743362993413663,0.0030401606681173727,"{""degradation"": 0.2989003448321206, ""nominal"": 0.29516997024138614, ""surge"": 0.2982305747289029}","{""degradation"": 0.4297317329977791, ""nominal"": 0.20874569128810017, ""surge"": 0.2857287611316368}"
"[0, 1, 0, 0, 0, 1, 1, 0, 0, 0, 0, 1, 1, 0, 0, 0, 1, 0]",010001100001100010,"[""10001100001100010""]",1,0.000244140625,True,False,"[1, 2, 0, 2, 0, 1]",0.23763056657052595,0.2025445030982081,0.23763056657052653,0.0008836173907302182,"{""degradation"": 0.251260342836457, ""nominal"": 0.22498704370526001, ""surge"": 0.2366443131698609}","{""degradation"": 0.2025445030982081, ""nominal"": 0.0665003203764073, ""surge"": 0.11133546270768824}"
"[0, 1, 0, 0, 0, 1, 1, 0, 0, 0, 0, 1, 1, 0, 0, 1, 1, 0]",010001100001100110,"[""11001100001100010""]",1,0.000244140625,False,False,,,,1.461947004915546,0.04503338557993208,{},{}
"[0, 1, 0, 0, 0, 1, 1, 0, 0, 0, 1, 0, 0, 0, 0, 0, 1, 1]",010001100010000011,"[""110000010001100010""]",1,0.000244140625,False,False,,,,2.366392238895979,0.07764835844923511,{},{}
"[0, 1, 0, 0, 0, 1, 1, 0, 0, 0, 1, 1, 1, 1, 0, 1, 0, 1]",010001100011110101,"[""101011110001100010""]",1,0.000244140625,False,False,,,,3.939442460341329,0.13437372817527118,{},{}
"[0, 1, 0, 0, 0, 1, 1, 0, 0, 1, 0, 0, 0, 0, 0, 0, 1, 1]",010001100100000011,"[""110000001001100010""]",1,0.000244140625,False,False,,,,2.3490494177462744,0.0770229633230035,{},{}
"[0, 1, 0, 0, 0, 1, 1, 0, 0, 1, 0, 0, 0, 0, 1, 1, 0, 1]",010001100100001101,"[""101100001001100010""]",1,0.000244140625,False,False,,,,1.5547812865714832,0.048381059340370215,{},{}
"[0, 1, 0, 0, 0, 1, 1, 0, 0, 1, 0, 0, 0, 1, 0, 0, 1, 0]",010001100100010010,"[""10010001001100010""]",1,0.000244140625,True,False,"[1, 2, 0, 0, 1, 1]",0.2826029958498274,0.3132178421389232,0.28260299584982795,0.0025053568899322215,"{""degradation"": 0.23422902600009432, ""nominal"": 0.3056417332109015, ""surge"": 0.3079382283384865}","{""degradation"": 0.12132499152162673, ""nominal"": 0.2299696538843493, ""surge"": 0.3132178421389232}"
"[0, 1, 0, 0, 0, 1, 1, 0, 0, 1, 0, 0, 1, 0, 0, 1, 1, 1]",010001100100100111,"[""111001001001100010""]",1,0.000244140625,False,False,,,,4.820681778249407,0.1661518783220128,{},{}
"[0, 1, 0, 0, 0, 1, 1, 0, 0, 1, 0, 1, 0, 1, 0, 0, 1, 0]",010001100101010010,"[""10010101001100010""]",1,0.000244140625,False,False,,,,1.4847409666328626,0.045855352919759194,{},{}
"[0, 1, 0, 0, 0, 1, 1, 0, 0, 1, 1, 1, 0, 0, 1, 1, 0, 1]",010001100111001101,"[""101100111001100010""]",1,0.000244140625,False,False,,,,5.960532467646683,0.20725574831106383,{},{}
"[0, 1, 0, 0, 0, 1, 1, 0, 0, 1, 1, 1, 1, 1, 0, 1, 1, 0]",010001100111110110,"[""11011111001100010""]",1,0.000244140625,False,False,,,,7.180169079192318,0.25123675843912446,{},{}
"[0, 1, 0, 0, 0, 1, 1, 0, 1, 0, 0, 0, 0, 1, 0, 0, 0, 1]",010001101000010001,"[""100010000101100010""]",1,0.000244140625,False,False,,,,2.467517168981927,0.0812949992045279,{},{}
"[0, 1, 0, 0, 0, 1, 1, 0, 1, 0, 0, 0, 0, 1, 0, 0, 1, 0]",010001101000010010,"[""10010000101100010""]",1,0.000244140625,False,False,,,,2.384399457612305,0.07829771224957512,{},{}
"[0, 1, 0, 0, 0, 1, 1, 0, 1, 0, 0, 1, 1, 0, 0, 0, 0, 1]",010001101001100001,"[""100001100101100010""]",1,0.000244140625,False,False,,,,1.622541307189087,0.05082453645875855,{},{}
"[0, 1, 0, 0, 0, 1, 1, 0, 1, 0, 0, 1, 1, 0, 1, 0, 1, 1]",010001101001101011,"[""110101100101100010""]",1,0.000244140625,False,False,,,,4.076991883644955,0.1393338634501209,{},{}
"[0, 1, 0, 0, 0, 1, 1, 0, 1, 0, 0, 1, 1, 1, 0, 1, 0, 1]",010001101001110101,"[""101011100101100010""]",1,0.000244140625,False,False,,,,4.062691930935782,0.13881819643998095,{},{}
"[0, 1, 0, 0, 0, 1, 1, 0, 1, 0, 1, 1, 0, 1, 0, 0, 0, 0]",010001101011010000,"[""10110101100010""]",1,0.000244140625,False,False,,,,3.5392791859370076,0.11994354064412568,{},{}
"[0, 1, 0, 0, 0, 1, 1, 0, 1, 0, 1, 1, 0, 1, 0, 1, 0, 1]",010001101011010101,"[""101010110101100010""]",1,0.000244140625,False,False,,,,4.057252576565492,0.1386220492454927,{},{}
"[0, 1, 0, 0, 0, 1, 1, 0, 1, 0, 1, 1, 1, 0, 0, 0, 0, 1]",010001101011100001,"[""100001110101100010""]",1,0.000244140625,False,False,,,,2.8118006377185942,0.09371011907063455,{},{}
"[0, 1, 0, 0, 0, 1, 1, 0, 1, 0, 1, 1, 1, 0, 0, 1, 0, 0]",010001101011100100,"[""1001110101100010""]",1,0.000244140625,False,False,,,,2.718236795337817,0.0903361368037737,{},{}
"[0, 1, 0, 0, 0, 1, 1, 0, 1, 1, 0, 0, 0, 0, 0, 1, 0, 1]",010001101100000101,"[""101000001101100010""]",1,0.000244140625,False,False,,,,3.6763098401210614,0.12488496871579204,{},{}
"[0, 1, 0, 0, 0, 1, 1, 0, 1, 1, 0, 0, 1, 0, 1, 0, 1, 1]",010001101100101011,"[""110101001101100010""]",1,0.000244140625,False,False,,,,4.0677975941300515,0.13900231048061562,{},{}
"[0, 1, 0, 0, 0, 1, 1, 0, 1, 1, 1, 0, 0, 1, 0, 1, 0, 1]",010001101110010101,"[""101010011101100010""]",1,0.000244140625,False,False,,,,4.087545868763075,0.13971444806194488,{},{}
"[0, 1, 0, 0, 0, 1, 1, 1, 0, 0, 0, 0, 0, 0, 1, 0, 1, 0]",010001110000001010,"[""10100000011100010""]",1,0.000244140625,False,False,,,,2.314053083105737,0.07576096927190666,{},{}
"[0, 1, 0, 0, 0, 1, 1, 1, 0, 0, 0, 0, 1, 1, 0, 0, 1, 0]",010001110000110010,"[""10011000011100010""]",1,0.000244140625,False,False,,,,3.5508043073240376,0.12035914515751243,{},{}
"[0, 1, 0, 0, 0, 1, 1, 1, 0, 0, 0, 1, 0, 0, 0, 0, 0, 0]",010001110001000000,"[""100011100010""]",1,0.000244140625,False,False,,,,3.0659486419226782,0.10287488654408783,{},{}
"[0, 1, 0, 0, 0, 1, 1, 1, 0, 0, 0, 1, 0, 0, 1, 1, 1, 0]",010001110001001110,"[""11100100011100010""]",1,0.000244140625,False,False,,,,2.7320791964764544,0.09083530416142095,{},{}
"[0, 1, 0, 0, 0, 1, 1, 1, 0, 0, 0, 1, 0, 1, 0, 0, 1, 1]",010001110001010011,"[""110010100011100010""]",1,0.000244140625,False,False,,,,2.874086198212563,0.09595618305476304,{},{}
"[0, 1, 0, 0, 0, 1, 1, 1, 0, 0, 0, 1, 1, 0, 0, 1, 0, 0]",010001110001100100,"[""1001100011100010""]",1,0.000244140625,False,False,,,,1.4575442801711596,0.044874620026536194,{},{}
"[0, 1, 0, 0, 0, 1, 1, 1, 0, 0, 1, 0, 0, 1, 0, 0, 0, 0]",010001110010010000,"[""10010011100010""]",1,0.000244140625,False,False,,,,2.344164381304741,0.07684680524839571,{},{}
"[0, 1, 0, 0, 0, 1, 1, 1, 0, 0, 1, 1, 0, 1, 0, 0, 0, 0]",010001110011010000,"[""10110011100010""]",1,0.000244140625,False,False,,,,3.538404835745278,0.1199120109210312,{},{}
"[0, 1, 0, 0, 0, 1, 1, 1, 0, 0, 1, 1, 1, 1, 1, 1, 1, 1]",010001110011111111,"[""111111110011100010""]",1,0.000244140625,False,False,,,,11.79151626018543,0.4175253932270228,{},{}
"[0, 1, 0, 0, 0, 1, 1, 1, 0, 1, 0, 0, 1, 0, 1, 1, 0, 1]",010001110100101101,"[""101101001011100010""]",1,0.000244140625,False,False,,,,4.02775569355289,0.13755836954102776,{},{}
"[0, 1, 0, 0, 0, 1, 1, 1, 0, 1, 0, 1, 0, 0, 1, 0, 0, 1]",010001110101001001,"[""100100101011100010""]",1,0.000244140625,False,False,,,,2.7661588201752894,0.0920642409290369,{},{}
"[0, 1, 0, 0, 0, 1, 1, 1, 0, 1, 0, 1, 0, 1, 1, 1, 1, 0]",010001110101011110,"[""11110101011100010""]",1,0.000244140625,False,False,,,,5.229664091134785,0.18090008698919455,{},{}
"[0, 1, 0, 0, 0, 1, 1, 1, 0, 1, 1, 0, 0, 1, 1, 0, 1, 0]",010001110110011010,"[""10110011011100010""]",1,0.000244140625,False,False,,,,4.022797269573279,0.13737956505680513,{},{}
"[0, 1, 0, 0, 0, 1, 1, 1, 0, 1, 1, 1, 0, 1, 1, 1, 0, 1]",010001110111011101,"[""101110111011100010""]",1,0.000244140625,False,False,,,,8.494521517712899,0.29863329226173346,{},{}
"[0, 1, 0, 0, 0, 1, 1, 1, 1, 0, 1, 0, 0, 1, 0, 1, 0, 1]",010001111010010101,"[""101010010111100010""]",1,0.000244140625,False,False,,,,6.161391170777177,0.21449886365629456,{},{}
"[0, 1, 0, 0, 0, 1, 1, 1, 1, 0, 1, 0, 0, 1, 1, 1, 1, 0]",010001111010011110,"[""11110010111100010""]",1,0.000244140625,False,False,,,,7.337628392809126,0.25691485927783414,{},{}
"[0, 1, 0, 0, 0, 1, 1, 1, 1, 0, 1, 1, 0, 0, 0, 0, 0, 1]",010001111011000001,"[""100000110111100010""]",1,0.000244140625,False,False,,,,6.898282399979808,0.2410717135593227,{},{}
"[0, 1, 0, 0, 0, 1, 1, 1, 1, 0, 1, 1, 1, 0, 0, 0, 1, 1]",010001111011100011,"[""110001110111100010""]",1,0.000244140625,False,False,,,,7.359296135489647,0.25769621431527967,{},{}
"[0, 1, 0, 0, 0, 1, 1, 1, 1, 1, 0, 0, 0, 0, 1, 0, 0, 0]",010001111100001000,"[""100001111100010""]",1,0.000244140625,False,False,,,,5.541819909934926,0.1921566597242353,{},{}
"[0, 1, 0, 0, 0, 1, 1, 1, 1, 1, 0, 0, 1, 1, 0, 0, 0, 1]",010001111100110001,"[""100011001111100010""]",1,0.000244140625,False,False,,,,6.123870899875358,0.21314585457234356,{},{}
"[0, 1, 0, 0, 0, 1, 1, 1, 1, 1, 1, 0, 1, 0, 0, 1, 1, 0]",010001111110100110,"[""11001011111100010""]",1,0.000244140625,False,False,,,,7.304453881063788,0.2557185615254929,{},{}
"[0, 1, 0, 0, 1, 0, 0, 0, 0, 0, 0, 0, 0, 1, 0, 0, 1, 1]",010010000000010011,"[""110010000000010010""]",1,0.000244140625,False,False,,,,3.256328151820704,0.1097401143289353,{},{}
"[0, 1, 0, 0, 1, 0, 0, 0, 0, 0, 0, 1, 0, 1, 1, 0, 1, 1]",010010000001011011,"[""110110100000010010""]",1,0.000244140625,False,False,,,,3.676399126071767,0.12488818843407953,{},{}
"[0, 1, 0, 0, 1, 0, 0, 0, 0, 0, 1, 0, 0, 0, 0, 0, 0, 0]",010010000010000000,"[""10000010010""]",1,0.000244140625,False,False,,,,2.7100840203423777,0.09004214162828302,{},{}
"[0, 1, 0, 0, 1, 0, 0, 0, 0, 0, 1, 0, 0, 0, 0, 1, 0, 1]",010010000010000101,"[""101000010000010010""]",1,0.000244140625,False,False,,,,3.0906491546331365,0.10376560554137197,{},{}
"[0, 1, 0, 0, 1, 0, 0, 0, 0, 0, 1, 1, 0, 0, 0, 1, 1, 1]",010010000011000111,"[""111000110000010010""]",1,0.000244140625,False,False,,,,7.57862414468005,0.265605346676718,{},{}
"[0, 1, 0, 0, 1, 0, 0, 0, 0, 1, 0, 0, 1, 1, 0, 0, 0, 0]",010010000100110000,"[""11001000010010""]",1,0.000244140625,False,False,,,,3.0045151702403743,0.10065954952100746,{},{}
"[0, 1, 0, 0, 1, 0, 0, 0, 0, 1, 0, 1, 0, 0, 1, 0, 0, 1]",010010000101001001,"[""100100101000010010""]",1,0.000244140625,False,False,,,,2.278501173082584,0.07447894075620097,{},{}
"[0, 1, 0, 0, 1, 0, 0, 0, 0, 1, 0, 1, 1, 0, 1, 1, 0, 0]",010010000101101100,"[""1101101000010010""]",1,0.000244140625,False,False,,,,3.425375843020011,0.11583610074684038,{},{}
"[0, 1, 0, 0, 1, 0, 0, 0, 0, 1, 1, 0, 0, 0, 0, 0, 0, 1]",010010000110000001,"[""100000011000010010""]",1,0.000244140625,False,False,,,,3.073630277318904,0.10315189207258975,{},{}
"[0, 1, 0, 0, 1, 0, 0, 0, 0, 1, 1, 0, 0, 1, 1, 1, 0, 0]",010010000110011100,"[""1110011000010010""]",1,0.000244140625,False,False,,,,3.460809642220849,0.11711387009778891,{},{}
"[0, 1, 0, 0, 1, 0, 0, 0, 0, 1, 1, 1, 0, 1, 0, 1, 0, 0]",010010000111010100,"[""1010111000010010""]",1,0.000244140625,False,False,,,,5.46080964222085,0.1892353687666816,{},{}
"[0, 1, 0, 0, 1, 0, 0, 0, 0, 1, 1, 1, 1, 0, 0, 1, 0, 0]",010010000111100100,"[""1001111000010010""]",1,0.000244140625,False,False,,,,5.406847885354371,0.18728946737867316,{},{}
"[0, 1, 0, 0, 1, 0, 0, 0, 1, 0, 0, 0, 0, 0, 1, 1, 1, 0]",010010001000001110,"[""11100000100010010""]",1,0.000244140625,False,False,,,,2.304874052116133,0.07542996653625746,{},{}
"[0, 1, 0, 0, 1, 0, 0, 0, 1, 0, 0, 0, 1, 0, 0, 1, 0, 1]",010010001000100101,"[""101001000100010010""]",1,0.000244140625,False,False,,,,2.312787120920565,0.07571531772688031,{},{}
"[0, 1, 0, 0, 1, 0, 0, 0, 1, 0, 0, 1, 0, 1, 0, 0, 0, 1]",010010001001010001,"[""100010100100010010""]",1,0.000244140625,True,True,"[1, 1, 2, 2, 1, 2]",0.4151010854032684,0.780244006045825,0.4151010854032688,0.007283337284611873,"{""degradation"": 0.3110815510947917, ""nominal"": 0.4613551467017937, ""surge"": 0.4728665584132199}","{""degradation"": 0.4878218755612378, ""nominal"": 0.5455665283825433, ""surge"": 0.780244006045825}"
"[0, 1, 0, 0, 1, 0, 0, 0, 1, 0, 1, 0, 0, 0, 0, 0, 1, 0]",010010001010000010,"[""10000010100010010""]",1,0.000244140625,False,False,,,,1.2182745302176579,0.036246373550147315,{},{}
"[0, 1, 0, 0, 1, 0, 0, 0, 1, 0, 1, 0, 0, 0, 0, 1, 0, 1]",010010001010000101,"[""101000010100010010""]",1,0.000244140625,False,False,,,,2.3582548386463764,0.07735491769860016,{},{}
"[0, 1, 0, 0, 1, 0, 0, 0, 1, 0, 1, 0, 0, 1, 0, 0, 1, 0]",010010001010010010,"[""10010010100010010""]",1,0.000244140625,True,False,"[1, 1, 2, 1, 1, 1]",0.49602703802636194,1.1478081369337154,0.4960270380263626,0.010201587776804539,"{""degradation"": 0.26168518134626856, ""nominal"": 0.6237256438485246, ""surge"": 0.6026702888842926}","{""degradation"": 0.25225882056213356, ""nominal"": 0.8746558487012676, ""surge"": 1.1478081369337154}"
"[0, 1, 0, 0, 1, 0, 0, 0, 1, 0, 1, 0, 1, 0, 0, 1, 0, 0]",010010001010100100,"[""1001010100010010""]",1,0.000244140625,True,False,"[1, 1, 2, 1, 0, 0]",0.2503439015861671,0.24056608440197016,0.25034390158616804,0.001342069777934106,"{""degradation"": 0.22326099761525942, ""nominal"": 0.24548914219233028, ""surge"": 0.2822815649509116}","{""degradation"": 0.06902029207099863, ""nominal"": 0.10805356911789729, ""surge"": 0.24056608440197016}"
"[0, 1, 0, 0, 1, 0, 0, 0, 1, 0, 1, 1, 0, 0, 0, 0, 1, 0]",010010001011000010,"[""10000110100010010""]",1,0.000244140625,False,False,,,,2.4204125010006927,0.0795963695799743,{},{}
"[0, 1, 0, 0, 1, 0, 0, 0, 1, 0, 1, 1, 0, 1, 0, 0, 1, 0]",010010001011010010,"[""10010110100010010""]",1,0.000244140625,False,False,,,,1.6981650088093971,0.05355158380663151,{},{}
"[0, 1, 0, 0, 1, 0, 0, 0, 1, 0, 1, 1, 0, 1, 0, 1, 0, 0]",010010001011010100,"[""1010110100010010""]",1,0.000244140625,False,False,,,,1.521328288413177,0.04717471915929784,{},{}
"[0, 1, 0, 0, 1, 0, 0, 0, 1, 0, 1, 1, 1, 0, 0, 0, 0, 0]",010010001011100000,"[""1110100010010""]",1,0.000244140625,False,False,,,,2.265730634293398,0.07401842555805829,{},{}
"[0, 1, 0, 0, 1, 0, 0, 0, 1, 0, 1, 1, 1, 0, 0, 0, 0, 1]",010010001011100001,"[""100001110100010010""]",1,0.000244140625,False,False,,,,1.5369175686950185,0.04773688028784576,{},{}
"[0, 1, 0, 0, 1, 0, 0, 0, 1, 0, 1, 1, 1, 1, 0, 1, 0, 0]",010010001011110100,"[""1011110100010010""]",1,0.000244140625,False,False,,,,2.6925018020970866,0.08940811366339604,{},{}
"[0, 1, 0, 0, 1, 0, 0, 0, 1, 1, 0, 0, 0, 0, 0, 1, 0, 1]",010010001100000101,"[""101000001100010010""]",1,0.000244140625,False,False,,,,2.311345967998227,0.07566334867259528,{},{}
"[0, 1, 0, 0, 1, 0, 0, 0, 1, 1, 0, 0, 1, 0, 0, 0, 1, 1]",010010001100100011,"[""110001001100010010""]",1,0.000244140625,False,False,,,,1.5438726847893904,0.04798768698591688,{},{}
"[0, 1, 0, 0, 1, 0, 0, 0, 1, 1, 0, 1, 0, 1, 0, 1, 1, 0]",010010001101010110,"[""11010101100010010""]",1,0.000244140625,False,False,,,,2.7304213752905833,0.09077552188719591,{},{}
"[0, 1, 0, 0, 1, 0, 0, 0, 1, 1, 0, 1, 1, 0, 0, 0, 1, 1]",010010001101100011,"[""110001101100010010""]",1,0.000244140625,False,False,,,,2.746010655572425,0.09133768301574384,{},{}
"[0, 1, 0, 0, 1, 0, 0, 0, 1, 1, 1, 0, 0, 0, 0, 1, 1, 0]",010010001110000110,"[""11000011100010010""]",1,0.000244140625,False,False,,,,3.5189447352427132,0.11921026511478507,{},{}
"[0, 1, 0, 0, 1, 0, 0, 0, 1, 1, 1, 1, 1, 0, 0, 0, 1, 1]",010010001111100011,"[""110001111100010010""]",1,0.000244140625,False,False,,,,6.000384465062966,0.20869284120036943,{},{}
"[0, 1, 0, 0, 1, 0, 0, 1, 0, 0, 0, 0, 0, 0, 1, 0, 0, 0]",010010010000001000,"[""100000010010010""]",1,0.000244140625,False,False,,,,1.9467284329197754,0.06251496713718753,{},{}
"[0, 1, 0, 0, 1, 0, 0, 1, 0, 0, 0, 0, 0, 0, 1, 0, 0, 1]",010010010000001001,"[""100100000010010010""]",1,0.000244140625,False,False,,,,1.180560690262055,0.03488638422106889,{},{}
"[0, 1, 0, 0, 1, 0, 0, 1, 0, 0, 0, 0, 1, 0, 0, 0, 0, 1]",010010010000100001,"[""100001000010010010""]",1,0.000244140625,False,False,,,,1.1066955661909295,0.03222275249738226,{},{}
"[0, 1, 0, 0, 1, 0, 0, 1, 0, 0, 0, 0, 1, 0, 0, 1, 1, 0]",010010010000100110,"[""11001000010010010""]",1,0.000244140625,False,False,,,,2.3257622197228898,0.0761832095123806,{},{}
"[0, 1, 0, 0, 1, 0, 0, 1, 0, 0, 0, 0, 1, 0, 1, 0, 0, 1]",010010010000101001,"[""100101000010010010""]",1,0.000244140625,False,False,,,,2.310274689896301,0.07562471758149425,{},{}
"[0, 1, 0, 0, 1, 0, 0, 1, 0, 0, 0, 1, 1, 0, 0, 1, 0, 0]",010010010001100100,"[""1001100010010010""]",1,0.000244140625,True,False,"[1, 1, 1, 2, 0, 0]",0.23805996867999538,0.23818324948630268,0.238059968679996,0.0008991019525634789,"{""degradation"": 0.2114039126610938, ""nominal"": 0.22133591657973056, ""surge"": 0.28144007679916183}","{""degradation"": 0.012475830010187428, ""nominal"": 0.05910028794901421, ""surge"": 0.23818324948630268}"
"[0, 1, 0, 0, 1, 0, 0, 1, 0, 0, 1, 0, 0, 0, 1, 1, 1, 0]",010010010010001110,"[""11100010010010010""]",1,0.000244140625,False,False,,,,1.6399235401151069,0.051451352803176705,{},{}
"[0, 1, 0, 0, 1, 0, 0, 1, 0, 0, 1, 0, 0, 1, 1, 1, 1, 0]",010010010010011110,"[""11110010010010010""]",1,0.000244140625,False,False,,,,2.96085298148902,0.0990850582770516,{},{}
"[0, 1, 0, 0, 1, 0, 0, 1, 0, 1, 0, 0, 0, 0, 0, 1, 0, 1]",010010010100000101,"[""101000001010010010""]",1,0.000244140625,False,False,,,,2.301344320609231,0.07530268177316915,{},{}
"[0, 1, 0, 0, 1, 0, 0, 1, 0, 1, 0, 0, 0, 0, 1, 1, 0, 0]",010010010100001100,"[""1100001010010010""]",1,0.000244140625,True,False,"[1, 1, 1, 0, 2, 0]",0.2552961542873278,0.2993967584648113,0.25529615428732844,0.0015206517212314858,"{""degradation"": 0.21415340349612433, ""nominal"": 0.24867768873162932, ""surge"": 0.30305737063422983}","{""degradation"": 0.025587693576055972, ""nominal"": 0.11451605233905966, ""surge"": 0.2993967584648113}"
"[0, 1, 0, 0, 1, 0, 0, 1, 0, 1, 0, 0, 0, 1, 0, 1, 0, 0]",010010010100010100,"[""1010001010010010""]",1,0.000244140625,True,False,"[1, 1, 1, 0, 1, 0]",0.31297634847922196,0.5760956488697794,0.3129763484792225,0.003600642745547565,"{""degradation"": 0.19819133309560685, ""nominal"": 0.33996528962967587, ""surge"": 0.4007724227123831}","{""degradation"": -0.05053275994713217, ""nominal"": 0.2995359608875749, ""surge"": 0.5760956488697794}"
"[0, 1, 0, 0, 1, 0, 0, 1, 0, 1, 0, 1, 0, 1, 0, 0, 0, 1]",010010010101010001,"[""100010101010010010""]",1,0.000244140625,False,False,,,,1.577990371213727,0.04921799632393612,{},{}
"[0, 1, 0, 0, 1, 0, 0, 1, 0, 1, 0, 1, 0, 1, 0, 1, 1, 1]",010010010101010111,"[""111010101010010010""]",1,0.000244140625,False,False,,,,6.084416892853783,0.21172311351489903,{},{}
"[0, 1, 0, 0, 1, 0, 0, 1, 0, 1, 1, 0, 0, 0, 0, 0, 1, 0]",010010010110000010,"[""10000011010010010""]",1,0.000244140625,False,False,,,,2.419325539095502,0.07955717291917512,{},{}
"[0, 1, 0, 0, 1, 0, 0, 1, 0, 1, 1, 0, 1, 1, 0, 1, 1, 1]",010010010110110111,"[""111011011010010010""]",1,0.000244140625,False,False,,,,7.370589197776395,0.25810345060362044,{},{}
"[0, 1, 0, 0, 1, 0, 0, 1, 0, 1, 1, 1, 1, 0, 0, 1, 1, 0]",010010010111100110,"[""11001111010010010""]",1,0.000244140625,False,False,,,,6.0021704371582425,0.2087572446924155,{},{}
"[0, 1, 0, 0, 1, 0, 0, 1, 0, 1, 1, 1, 1, 0, 1, 0, 0, 0]",010010010111101000,"[""101111010010010""]",1,0.000244140625,False,False,,,,6.706689776151218,0.234162739977111,{},{}
"[0, 1, 0, 0, 1, 0, 0, 1, 1, 0, 0, 1, 1, 0, 0, 1, 0, 0]",010010011001100100,"[""1001100110010010""]",1,0.000244140625,False,False,,,,1.479811374282237,0.04567758812568228,{},{}
"[0, 1, 0, 0, 1, 0, 0, 1, 1, 0, 1, 1, 0, 1, 0, 0, 1, 1]",010010011011010011,"[""110010110110010010""]",1,0.000244140625,False,False,,,,4.3414123243070595,0.14886906267974087,{},{}
"[0, 1, 0, 0, 1, 0, 0, 1, 1, 1, 0, 0, 0, 1, 1, 0, 1, 1]",010010011100011011,"[""110110001110010010""]",1,0.000244140625,False,False,,,,4.168874221097063,0.14264720938924436,{},{}
"[0, 1, 0, 0, 1, 0, 1, 0, 0, 0, 0, 0, 0, 0, 0, 1, 1, 0]",010010100000000110,"[""11000000001010010""]",1,0.000244140625,False,False,,,,3.0702568166231505,0.10303024255205058,{},{}
"[0, 1, 0, 0, 1, 0, 1, 0, 0, 0, 0, 1, 0, 1, 0, 1, 0, 1]",010010100001010101,"[""101010100001010010""]",1,0.000244140625,False,False,,,,1.4934411735047974,0.04616908889892587,{},{}
"[0, 1, 0, 0, 1, 0, 1, 0, 0, 0, 1, 0, 0, 0, 0, 1, 1, 0]",010010100010000110,"[""11000010001010010""]",1,0.000244140625,False,False,,,,2.3073944405063593,0.07552085363022286,{},{}
"[0, 1, 0, 0, 1, 0, 1, 0, 0, 0, 1, 0, 0, 0, 1, 1, 1, 0]",010010100010001110,"[""11100010001010010""]",1,0.000244140625,False,False,,,,1.5016348949468954,0.04646456063396564,{},{}
"[0, 1, 0, 0, 1, 0, 1, 0, 0, 0, 1, 0, 0, 1, 0, 0, 1, 1]",010010100010010011,"[""110010010001010010""]",1,0.000244140625,False,False,,,,1.6598148303894789,0.05216864763569954,{},{}
"[0, 1, 0, 0, 1, 0, 1, 0, 0, 0, 1, 0, 0, 1, 0, 1, 0, 1]",010010100010010101,"[""101010010001010010""]",1,0.000244140625,False,False,,,,1.5269996736826337,0.04737923356187879,{},{}
"[0, 1, 0, 0, 1, 0, 1, 0, 0, 0, 1, 0, 1, 1, 1, 1, 0, 0]",010010100010111100,"[""1111010001010010""]",1,0.000244140625,False,False,,,,4.694705431811678,0.16160907687105253,{},{}
"[0, 1, 0, 0, 1, 0, 1, 0, 0, 0, 1, 1, 0, 0, 0, 0, 0, 1]",010010100011000001,"[""100000110001010010""]",1,0.000244140625,False,False,,,,2.2919069106797703,0.07496236169933647,{},{}
"[0, 1, 0, 0, 1, 0, 1, 0, 0, 0, 1, 1, 1, 0, 0, 0, 1, 0]",010010100011100010,"[""10001110001010010""]",1,0.000244140625,False,False,,,,1.511190872504831,0.04680915634532795,{},{}
"[0, 1, 0, 0, 1, 0, 1, 0, 0, 1, 0, 0, 1, 1, 0, 0, 0, 1]",010010100100110001,"[""100011001001010010""]",1,0.000244140625,False,False,,,,1.4894794027808143,0.04602622447792776,{},{}
"[0, 1, 0, 0, 1, 0, 1, 0, 0, 1, 0, 1, 0, 0, 1, 1, 0, 1]",010010100101001101,"[""101100101001010010""]",1,0.000244140625,False,False,,,,2.7084868700140516,0.08998454719064382,{},{}
"[0, 1, 0, 0, 1, 0, 1, 0, 1, 0, 0, 0, 0, 0, 0, 0, 1, 0]",010010101000000010,"[""10000000101010010""]",1,0.000244140625,False,False,,,,3.1277101450076974,0.10510205262535535,{},{}
"[0, 1, 0, 0, 1, 0, 1, 0, 1, 0, 0, 0, 0, 1, 1, 0, 0, 1]",010010101000011001,"[""100110000101010010""]",1,0.000244140625,False,False,,,,3.5789105096838494,0.12137267587555282,{},{}
"[0, 1, 0, 0, 1, 0, 1, 0, 1, 0, 0, 0, 1, 0, 0, 0, 0, 0]",010010101000100000,"[""1000101010010""]",1,0.000244140625,False,False,,,,3.0562235729929355,0.10252419327115218,{},{}
"[0, 1, 0, 0, 1, 0, 1, 0, 1, 0, 1, 0, 0, 0, 1, 1, 1, 1]",010010101010001111,"[""111100010101010010""]",1,0.000244140625,False,False,,,,6.030368267635753,0.2097740795890402,{},{}
"[0, 1, 0, 0, 1, 0, 1, 0, 1, 0, 1, 1, 0, 0, 0, 0, 0, 0]",010010101011000000,"[""110101010010""]",1,0.000244140625,False,False,,,,4.299826058939732,0.1473694307885739,{},{}
"[0, 1, 0, 0, 1, 0, 1, 0, 1, 1, 0, 0, 1, 0, 1, 0, 0, 1]",010010101100101001,"[""100101001101010010""]",1,0.000244140625,False,False,,,,2.7289485228658803,0.09072240972510208,{},{}
"[0, 1, 0, 0, 1, 0, 1, 0, 1, 1, 0, 1, 0, 0, 1, 0, 1, 0]",010010101101001010,"[""10100101101010010""]",1,0.000244140625,False,False,,,,2.7243989884270574,0.09055835010411525,{},{}
"[0, 1, 0, 0, 1, 0, 1, 0, 1, 1, 1, 0, 0, 0, 1, 0, 1, 1]",010010101110001011,"[""110100011101010010""]",1,0.000244140625,False,False,,,,4.0147905432438575,0.13709083650565035,{},{}
"[0, 1, 0, 0, 1, 0, 1, 1, 0, 0, 0, 0, 0, 0, 1, 1, 0, 1]",010010110000001101,"[""101100000011010010""]",1,0.000244140625,False,False,,,,3.5157266401896496,0.11909421819574212,{},{}
"[0, 1, 0, 0, 1, 0, 1, 1, 0, 0, 1, 0, 0, 0, 0, 1, 1, 1]",010010110010000111,"[""111000010011010010""]",1,0.000244140625,False,False,,,,6.866507263073627,0.23992587831228115,{},{}
"[0, 1, 0, 0, 1, 0, 1, 1, 0, 0, 1, 1, 0, 1, 1, 1, 0, 1]",010010110011011101,"[""101110110011010010""]",1,0.000244140625,False,False,,,,5.292469704610694,0.18316490447354541,{},{}
"[0, 1, 0, 0, 1, 0, 1, 1, 0, 1, 0, 0, 1, 1, 0, 0, 0, 0]",010010110100110000,"[""11001011010010""]",1,0.000244140625,False,False,,,,3.523396897335659,0.11937081341601512,{},{}
"[0, 1, 0, 0, 1, 0, 1, 1, 0, 1, 0, 0, 1, 1, 1, 0, 1, 0]",010010110100111010,"[""10111001011010010""]",1,0.000244140625,False,False,,,,6.038753788262785,0.21007646774641045,{},{}
"[0, 1, 0, 0, 1, 0, 1, 1, 0, 1, 0, 0, 1, 1, 1, 1, 1, 0]",010010110100111110,"[""11111001011010010""]",1,0.000244140625,False,False,,,,7.301647434812793,0.25561735897071514,{},{}
"[0, 1, 0, 0, 1, 0, 1, 1, 0, 1, 0, 1, 0, 1, 0, 0, 0, 0]",010010110101010000,"[""10101011010010""]",1,0.000244140625,False,False,,,,3.5275759763527414,0.11952151413689896,{},{}
"[0, 1, 0, 0, 1, 0, 1, 1, 0, 1, 1, 0, 1, 1, 0, 1, 0, 1]",010010110110110101,"[""101011011011010010""]",1,0.000244140625,False,False,,,,5.300437358676362,0.18345222404959105,{},{}
"[0, 1, 0, 0, 1, 0, 1, 1, 0, 1, 1, 1, 0, 0, 1, 0, 0, 1]",010010110111001001,"[""100100111011010010""]",1,0.000244140625,False,False,,,,5.98579760058321,0.2081668279367894,{},{}
"[0, 1, 0, 0, 1, 0, 1, 1, 1, 0, 0, 0, 0, 0, 1, 1, 1, 0]",010010111000001110,"[""11100000111010010""]",1,0.000244140625,False,False,,,,6.791955190631555,0.2372374747155841,{},{}
"[0, 1, 0, 0, 1, 0, 1, 1, 1, 0, 0, 1, 0, 1, 1, 1, 0, 1]",010010111001011101,"[""101110100111010010""]",1,0.000244140625,False,False,,,,7.301320475549863,0.2556055685746921,{},{}
"[0, 1, 0, 0, 1, 0, 1, 1, 1, 0, 0, 1, 1, 0, 0, 0, 0, 1]",010010111001100001,"[""100001100111010010""]",1,0.000244140625,False,False,,,,4.782857880765181,0.16478792023598235,{},{}
"[0, 1, 0, 0, 1, 0, 1, 1, 1, 0, 1, 0, 0, 1, 0, 0, 1, 0]",010010111010010010,"[""10010010111010010""]",1,0.000244140625,False,False,,,,5.008204294375493,0.17291408077060028,{},{}
"[0, 1, 0, 0, 1, 0, 1, 1, 1, 1, 0, 1, 0, 1, 0, 0, 1, 0]",010010111101010010,"[""10010101111010010""]",1,0.000244140625,False,False,,,,6.083266878560244,0.2116816431377287,{},{}
"[0, 1, 0, 0, 1, 0, 1, 1, 1, 1, 0, 1, 1, 0, 0, 0, 0, 0]",010010111101100000,"[""1101111010010""]",1,0.000244140625,False,False,,,,6.718968507394347,0.23460552022661454,{},{}
"[0, 1, 0, 0, 1, 1, 0, 0, 0, 0, 0, 0, 0, 0, 1, 0, 0, 1]",010011000000001001,"[""100100000000110010""]",1,0.000244140625,False,False,,,,3.22290180421257,0.10853473518667231,{},{}
"[0, 1, 0, 0, 1, 1, 0, 0, 0, 0, 0, 0, 1, 0, 1, 0, 1, 1]",010011000000101011,"[""110101000000110010""]",1,0.000244140625,False,False,,,,5.617956430637207,0.19490219971247713,{},{}
"[0, 1, 0, 0, 1, 1, 0, 0, 0, 0, 0, 1, 1, 0, 0, 0, 0, 1]",010011000001100001,"[""100001100000110010""]",1,0.000244140625,False,False,,,,2.3447182875043198,0.07686677952101353,{},{}
"[0, 1, 0, 0, 1, 1, 0, 0, 0, 0, 1, 0, 0, 0, 1, 0, 1, 0]",010011000010001010,"[""10100010000110010""]",1,0.000244140625,False,False,,,,2.427618265612382,0.07985621485139946,{},{}
"[0, 1, 0, 0, 1, 1, 0, 0, 0, 0, 1, 0, 0, 0, 1, 0, 1, 1]",010011000010001011,"[""110100010000110010""]",1,0.000244140625,False,False,,,,3.7253800548861697,0.12665447743022407,{},{}
"[0, 1, 0, 0, 1, 1, 0, 0, 0, 0, 1, 0, 1, 0, 0, 0, 0, 1]",010011000010100001,"[""100001010000110010""]",1,0.000244140625,False,False,,,,2.3656779115511655,0.07762259926991108,{},{}
"[0, 1, 0, 0, 1, 1, 0, 0, 0, 0, 1, 1, 0, 1, 1, 0, 1, 1]",010011000011011011,"[""110110110000110010""]",1,0.000244140625,False,False,,,,6.261994300797729,0.21812668791022638,{},{}
"[0, 1, 0, 0, 1, 1, 0, 0, 0, 1, 0, 0, 1, 1, 0, 1, 0, 0]",010011000100110100,"[""1011001000110010""]",1,0.000244140625,False,False,,,,3.495316395881259,0.11835820949188244,{},{}
"[0, 1, 0, 0, 1, 1, 0, 0, 0, 1, 0, 1, 0, 1, 1, 1, 1, 0]",010011000101011110,"[""11110101000110010""]",1,0.000244140625,False,False,,,,6.024504885799632,0.20956264164639574,{},{}
"[0, 1, 0, 0, 1, 1, 0, 0, 0, 1, 1, 0, 1, 1, 0, 0, 1, 1]",010011000110110011,"[""110011011000110010""]",1,0.000244140625,False,False,,,,6.127015807179825,0.21325926228633,{},{}
"[0, 1, 0, 0, 1, 1, 0, 0, 0, 1, 1, 1, 0, 0, 0, 1, 0, 1]",010011000111000101,"[""101000111000110010""]",1,0.000244140625,False,False,,,,8.781141975282171,0.3089690407362633,{},{}
"[0, 1, 0, 0, 1, 1, 0, 0, 0, 1, 1, 1, 0, 1, 1, 1, 0, 0]",010011000111011100,"[""1110111000110010""]",1,0.000244140625,False,False,,,,7.9664668211541265,0.2795912442142504,{},{}
"[0, 1, 0, 0, 1, 1, 0, 0, 0, 1, 1, 1, 1, 1, 0, 1, 0, 1]",010011000111110101,"[""101011111000110010""]",1,0.000244140625,False,False,,,,9.240251296163787,0.32552486687368315,{},{}
"[0, 1, 0, 0, 1, 1, 0, 0, 1, 0, 0, 0, 0, 0, 1, 0, 0, 1]",010011001000001001,"[""100100000100110010""]",1,0.000244140625,False,False,,,,2.527170413554343,0.08344613990404023,{},{}
"[0, 1, 0, 0, 1, 1, 0, 0, 1, 0, 0, 0, 0, 1, 0, 0, 0, 0]",010011001000010000,"[""10000100110010""]",1,0.000244140625,False,False,,,,3.248927095405062,0.10947322668872074,{},{}
"[0, 1, 0, 0, 1, 1, 0, 0, 1, 0, 0, 1, 0, 0, 1, 1, 1, 0]",010011001001001110,"[""11100100100110010""]",1,0.000244140625,False,False,,,,2.839296640035445,0.09470164551788186,{},{}
"[0, 1, 0, 0, 1, 1, 0, 0, 1, 0, 0, 1, 1, 0, 0, 0, 1, 1]",010011001001100011,"[""110001100100110010""]",1,0.000244140625,False,False,,,,2.9315637092438154,0.09802886517242891,{},{}
"[0, 1, 0, 0, 1, 1, 0, 0, 1, 0, 1, 0, 0, 1, 1, 0, 0, 0]",010011001010011000,"[""110010100110010""]",1,0.000244140625,False,False,,,,3.6817463266511457,0.1250810124938135,{},{}
"[0, 1, 0, 0, 1, 1, 0, 0, 1, 1, 0, 0, 0, 1, 0, 0, 1, 0]",010011001100010010,"[""10010001100110010""]",1,0.000244140625,False,False,,,,1.6673604201478636,0.05244074725655722,{},{}
"[0, 1, 0, 0, 1, 1, 0, 0, 1, 1, 0, 0, 0, 1, 0, 1, 0, 0]",010011001100010100,"[""1010001100110010""]",1,0.000244140625,False,False,,,,1.5682746389597892,0.04886763973852627,{},{}
"[0, 1, 0, 0, 1, 1, 0, 0, 1, 1, 0, 1, 0, 1, 0, 1, 0, 0]",010011001101010100,"[""1010101100110010""]",1,0.000244140625,False,False,,,,2.762515093400326,0.09193284541116174,{},{}
"[0, 1, 0, 0, 1, 1, 0, 0, 1, 1, 0, 1, 1, 0, 1, 1, 0, 0]",010011001101101100,"[""1101101100110010""]",1,0.000244140625,False,False,,,,3.964218918082696,0.13526718580727812,{},{}
"[0, 1, 0, 0, 1, 1, 0, 0, 1, 1, 0, 1, 1, 1, 1, 0, 1, 1]",010011001101111011,"[""110111101100110010""]",1,0.000244140625,False,False,,,,8.617413923443456,0.30306488449989016,{},{}
"[0, 1, 0, 0, 1, 1, 0, 0, 1, 1, 1, 0, 0, 0, 0, 0, 0, 0]",010011001110000000,"[""11100110010""]",1,0.000244140625,False,False,,,,4.361404909431977,0.1495900102804781,{},{}
"[0, 1, 0, 0, 1, 1, 0, 0, 1, 1, 1, 0, 1, 0, 0, 1, 0, 0]",010011001110100100,"[""1001011100110010""]",1,0.000244140625,False,False,,,,2.7528916588988555,0.09158581715186774,{},{}
"[0, 1, 0, 0, 1, 1, 0, 0, 1, 1, 1, 0, 1, 0, 1, 1, 1, 1]",010011001110101111,"[""111101011100110010""]",1,0.000244140625,False,False,,,,8.593219300886231,0.3021924082806125,{},{}
"[0, 1, 0, 0, 1, 1, 0, 0, 1, 1, 1, 1, 0, 1, 0, 1, 1, 0]",010011001111010110,"[""11010111100110010""]",1,0.000244140625,False,False,,,,7.334002136815407,0.25678409376942213,{},{}
"[0, 1, 0, 0, 1, 1, 0, 1, 0, 0, 0, 0, 0, 0, 0, 0, 0, 1]",010011010000000001,"[""100000000010110010""]",1,0.000244140625,False,False,,,,3.2848242334739393,0.11076770438644651,{},{}
"[0, 1, 0, 0, 1, 1, 0, 1, 0, 0, 0, 1, 0, 0, 0, 0, 0, 1]",010011010001000001,"[""100000100010110010""]",1,0.000244140625,False,False,,,,2.4711671715719783,0.08142662103299782,{},{}
"[0, 1, 0, 0, 1, 1, 0, 1, 0, 0, 1, 0, 0, 0, 0, 0, 1, 0]",010011010010000010,"[""10000010010110010""]",1,0.000244140625,False,False,,,,2.5507608600543366,0.08429682908196415,{},{}
"[0, 1, 0, 0, 1, 1, 0, 1, 0, 0, 1, 0, 1, 1, 0, 0, 1, 1]",010011010010110011,"[""110011010010110010""]",1,0.000244140625,False,False,,,,4.3006072432586215,0.14739760088048137,{},{}
"[0, 1, 0, 0, 1, 1, 0, 1, 0, 0, 1, 1, 0, 1, 1, 1, 0, 0]",010011010011011100,"[""1110110010110010""]",1,0.000244140625,False,False,,,,4.115558662197385,0.14072461038413717,{},{}
"[0, 1, 0, 0, 1, 1, 0, 1, 0, 1, 0, 1, 0, 0, 0, 1, 0, 0]",010011010101000100,"[""1000101010110010""]",1,0.000244140625,False,False,,,,3.5085479585379113,0.118835349556147,{},{}
"[0, 1, 0, 0, 1, 1, 0, 1, 0, 1, 0, 1, 0, 1, 0, 1, 0, 1]",010011010101010101,"[""101010101010110010""]",1,0.000244140625,False,False,,,,4.092702767658796,0.13990040970036657,{},{}
"[0, 1, 0, 0, 1, 1, 0, 1, 0, 1, 0, 1, 0, 1, 1, 1, 1, 1]",010011010101011111,"[""111110101010110010""]",1,0.000244140625,False,False,,,,8.664783425905743,0.3047730642542801,{},{}
"[0, 1, 0, 0, 1, 1, 0, 1, 0, 1, 1, 0, 0, 0, 1, 1, 0, 0]",010011010110001100,"[""1100011010110010""]",1,0.000244140625,False,False,,,,2.760468607170343,0.0918590475842059,{},{}
"[0, 1, 0, 0, 1, 1, 0, 1, 0, 1, 1, 0, 0, 1, 1, 0, 1, 1]",010011010110011011,"[""110110011010110010""]",1,0.000244140625,False,False,,,,5.521422552571325,0.19142111573326134,{},{}
"[0, 1, 0, 0, 1, 1, 0, 1, 0, 1, 1, 0, 1, 1, 0, 0, 1, 0]",010011010110110010,"[""10011011010110010""]",1,0.000244140625,False,False,,,,4.158223934983749,0.142263152091372,{},{}
"[0, 1, 0, 0, 1, 1, 0, 1, 0, 1, 1, 1, 0, 1, 0, 1, 0, 0]",010011010111010100,"[""1010111010110010""]",1,0.000244140625,False,False,,,,6.051562986805933,0.21053837704425005,{},{}
"[0, 1, 0, 0, 1, 1, 0, 1, 0, 1, 1, 1, 1, 0, 0, 0, 0, 1]",010011010111100001,"[""100001111010110010""]",1,0.000244140625,False,False,,,,6.022534180600228,0.20949157654018793,{},{}
"[0, 1, 0, 0, 1, 1, 0, 1, 1, 0, 0, 0, 1, 1, 0, 0, 1, 0]",010011011000110010,"[""10011000110110010""]",1,0.000244140625,False,False,,,,4.9883463513362,0.17219798846436263,{},{}
"[0, 1, 0, 0, 1, 1, 0, 1, 1, 0, 0, 1, 0, 1, 0, 1, 0, 1]",010011011001010101,"[""101010100110110010""]",1,0.000244140625,False,False,,,,4.221503229280007,0.14454505086105002,{},{}
"[0, 1, 0, 0, 1, 1, 0, 1, 1, 0, 0, 1, 1, 0, 1, 0, 1, 0]",010011011001101010,"[""10101100110110010""]",1,0.000244140625,False,False,,,,4.117322945951674,0.14078823177835542,{},{}
"[0, 1, 0, 0, 1, 1, 0, 1, 1, 0, 0, 1, 1, 1, 1, 1, 0, 0]",010011011001111100,"[""1111100110110010""]",1,0.000244140625,False,False,,,,7.300626982048646,0.2555805606793796,{},{}
"[0, 1, 0, 0, 1, 1, 0, 1, 1, 0, 1, 0, 0, 0, 1, 1, 1, 0]",010011011010001110,"[""11100010110110010""]",1,0.000244140625,False,False,,,,4.190267013826134,0.14341864952541117,{},{}
"[0, 1, 0, 0, 1, 1, 0, 1, 1, 0, 1, 0, 1, 0, 1, 1, 0, 0]",010011011010101100,"[""1101010110110010""]",1,0.000244140625,False,False,,,,4.0561191237084495,0.1385811760861325,{},{}
"[0, 1, 0, 0, 1, 1, 1, 0, 0, 0, 0, 0, 0, 0, 1, 1, 0, 0]",010011100000001100,"[""1100000001110010""]",1,0.000244140625,False,False,,,,2.2696446341312124,0.0741595673251048,{},{}
"[0, 1, 0, 0, 1, 1, 1, 0, 0, 0, 0, 1, 1, 1, 0, 0, 1, 1]",010011100001110011,"[""110011100001110010""]",1,0.000244140625,False,False,,,,4.090220473823707,0.13981089632460497,{},{}
"[0, 1, 0, 0, 1, 1, 1, 0, 0, 1, 0, 1, 0, 1, 0, 1, 0, 0]",010011100101010100,"[""1010101001110010""]",1,0.000244140625,False,False,,,,2.7309381036310603,0.09079415549835586,{},{}
"[0, 1, 0, 0, 1, 1, 1, 0, 0, 1, 0, 1, 0, 1, 1, 0, 0, 1]",010011100101011001,"[""100110101001110010""]",1,0.000244140625,False,False,,,,4.038111490712852,0.13793180734657154,{},{}
"[0, 1, 0, 0, 1, 1, 1, 0, 0, 1, 1, 0, 0, 0, 0, 1, 1, 0]",010011100110000110,"[""11000011001110010""]",1,0.000244140625,False,False,,,,4.786621144317399,0.16492362633961835,{},{}
"[0, 1, 0, 0, 1, 1, 1, 0, 0, 1, 1, 0, 1, 1, 1, 1, 1, 0]",010011100110111110,"[""11111011001110010""]",1,0.000244140625,False,False,,,,8.523166214332086,0.29966624148627924,{},{}
"[0, 1, 0, 0, 1, 1, 1, 0, 1, 0, 0, 0, 0, 0, 0, 1, 1, 0]",010011101000000110,"[""11000000101110010""]",1,0.000244140625,False,False,,,,5.6112616210693425,0.1946607798628085,{},{}
"[0, 1, 0, 0, 1, 1, 1, 0, 1, 0, 1, 0, 1, 0, 0, 1, 0, 1]",010011101010100101,"[""101001010101110010""]",1,0.000244140625,False,False,,,,4.12221243865992,0.1409645505492801,{},{}
"[0, 1, 0, 0, 1, 1, 1, 0, 1, 0, 1, 0, 1, 1, 0, 0, 1, 1]",010011101010110011,"[""110011010101110010""]",1,0.000244140625,False,False,,,,5.480162865917153,0.18993326051520745,{},{}
"[0, 1, 0, 0, 1, 1, 1, 0, 1, 0, 1, 0, 1, 1, 0, 1, 0, 1]",010011101010110101,"[""101011010101110010""]",1,0.000244140625,False,False,,,,5.3873660703376345,0.18658693853077457,{},{}
"[0, 1, 0, 0, 1, 1, 1, 0, 1, 1, 0, 0, 0, 0, 0, 0, 0, 0]",010011101100000000,"[""1101110010""]",1,0.000244140625,False,False,,,,4.346138302572052,0.1490394849973148,{},{}
"[0, 1, 0, 0, 1, 1, 1, 0, 1, 1, 0, 1, 0, 0, 0, 1, 0, 0]",010011101101000100,"[""1000101101110010""]",1,0.000244140625,False,False,,,,4.774033864622443,0.16446971960173598,{},{}
"[0, 1, 0, 0, 1, 1, 1, 0, 1, 1, 0, 1, 0, 0, 0, 1, 1, 0]",010011101101000110,"[""11000101101110010""]",1,0.000244140625,False,False,,,,6.0393744914128344,0.21009885076711549,{},{}
"[0, 1, 0, 0, 1, 1, 1, 0, 1, 1, 1, 0, 1, 0, 0, 0, 1, 0]",010011101110100010,"[""10001011101110010""]",1,0.000244140625,False,False,,,,4.058796420121113,0.13867772140096354,{},{}
"[0, 1, 0, 0, 1, 1, 1, 1, 0, 0, 0, 1, 0, 0, 1, 0, 0, 0]",010011110001001000,"[""100100011110010""]",1,0.000244140625,False,False,,,,3.562324749928128,0.12077458095048041,{},{}
"[0, 1, 0, 0, 1, 1, 1, 1, 0, 0, 0, 1, 1, 0, 0, 1, 0, 1]",010011110001100101,"[""101001100011110010""]",1,0.000244140625,False,False,,,,4.024410504717533,0.13743773952495958,{},{}
"[0, 1, 0, 0, 1, 1, 1, 1, 0, 0, 1, 0, 1, 1, 0, 1, 0, 0]",010011110010110100,"[""1011010011110010""]",1,0.000244140625,False,False,,,,4.066084620006394,0.138940539350126,{},{}
"[0, 1, 0, 0, 1, 1, 1, 1, 0, 0, 1, 1, 0, 0, 0, 0, 1, 0]",010011110011000010,"[""10000110011110010""]",1,0.000244140625,False,False,,,,4.906649009391947,0.16925192109522036,{},{}
"[0, 1, 0, 0, 1, 1, 1, 1, 0, 0, 1, 1, 1, 0, 1, 1, 0, 0]",010011110011101100,"[""1101110011110010""]",1,0.000244140625,False,False,,,,5.220194916571696,0.1805586214588709,{},{}
"[0, 1, 0, 0, 1, 1, 1, 1, 0, 1, 0, 0, 1, 0, 1, 0, 1, 1]",010011110100101011,"[""110101001011110010""]",1,0.000244140625,False,False,,,,5.308011671416402,0.18372535944269036,{},{}
"[0, 1, 0, 0, 1, 1, 1, 1, 0, 1, 1, 0, 0, 0, 0, 1, 1, 1]",010011110110000111,"[""111000011011110010""]",1,0.000244140625,False,False,,,,9.409663498816176,0.33163399784772735,{},{}
"[0, 1, 0, 0, 1, 1, 1, 1, 0, 1, 1, 0, 0, 1, 1, 0, 0, 1]",010011110110011001,"[""100110011011110010""]",1,0.000244140625,False,False,,,,5.360345280247868,0.18561254859252882,{},{}
"[0, 1, 0, 0, 1, 1, 1, 1, 1, 0, 0, 1, 0, 0, 0, 0, 0, 0]",010011111001000000,"[""100111110010""]",1,0.000244140625,False,False,,,,7.62496780677438,0.2672765338587419,{},{}
"[0, 1, 0, 0, 1, 1, 1, 1, 1, 1, 1, 0, 0, 0, 1, 1, 1, 1]",010011111110001111,"[""111100011111110010""]",1,0.000244140625,False,False,,,,11.94985069842484,0.4232350517153845,{},{}
"[0, 1, 0, 1, 0, 0, 0, 0, 0, 0, 0, 1, 1, 0, 1, 0, 1, 0]",010100000001101010,"[""10101100000001010""]",1,0.000244140625,False,False,,,,2.2217096807788113,0.07243099698790549,{},{}
"[0, 1, 0, 1, 0, 0, 0, 0, 0, 0, 1, 0, 0, 0, 0, 1, 1, 0]",010100000010000110,"[""11000010000001010""]",1,0.000244140625,False,False,,,,3.029854459767314,0.10157330328895141,{},{}
"[0, 1, 0, 1, 0, 0, 0, 0, 0, 0, 1, 0, 0, 1, 1, 1, 1, 0]",010100000010011110,"[""11110010000001010""]",1,0.000244140625,False,False,,,,3.4838041904011776,0.11794307073577859,{},{}
"[0, 1, 0, 1, 0, 0, 0, 0, 0, 1, 0, 0, 0, 0, 0, 0, 1, 1]",010100000100000011,"[""110000001000001010""]",1,0.000244140625,False,False,,,,3.051265996555023,0.10234541934991825,{},{}
"[0, 1, 0, 1, 0, 0, 0, 0, 0, 1, 0, 0, 0, 1, 0, 1, 1, 0]",010100000100010110,"[""11010001000001010""]",1,0.000244140625,False,False,,,,2.255829359327772,0.07366137816343143,{},{}
"[0, 1, 0, 1, 0, 0, 0, 0, 0, 1, 0, 1, 0, 1, 0, 1, 0, 0]",010100000101010100,"[""1010101000001010""]",1,0.000244140625,False,False,,,,2.207409728069638,0.07191532997776555,{},{}
"[0, 1, 0, 1, 0, 0, 0, 0, 0, 1, 0, 1, 0, 1, 0, 1, 1, 0]",010100000101010110,"[""11010101000001010""]",1,0.000244140625,False,False,,,,3.448628660845971,0.11667461478178187,{},{}
"[0, 1, 0, 1, 0, 0, 0, 0, 0, 1, 0, 1, 1, 0, 0, 1, 0, 0]",010100000101100100,"[""1001101000001010""]",1,0.000244140625,False,False,,,,2.2561276504334074,0.07367213476422046,{},{}
"[0, 1, 0, 1, 0, 0, 0, 0, 0, 1, 0, 1, 1, 1, 1, 1, 0, 1]",010100000101111101,"[""101111101000001010""]",1,0.000244140625,False,False,,,,7.955317162015381,0.2791891791508836,{},{}
"[0, 1, 0, 1, 0, 0, 0, 0, 0, 1, 1, 0, 0, 0, 1, 1, 1, 0]",010100000110001110,"[""11100011000001010""]",1,0.000244140625,False,False,,,,3.4407311445034736,0.11638982442459038,{},{}
"[0, 1, 0, 1, 0, 0, 0, 0, 0, 1, 1, 0, 1, 0, 0, 0, 0, 0]",010100000110100000,"[""1011000001010""]",1,0.000244140625,False,False,,,,2.9695755414427008,0.09939960032509597,{},{}
"[0, 1, 0, 1, 0, 0, 0, 0, 0, 1, 1, 1, 0, 0, 0, 0, 1, 0]",010100000111000010,"[""10000111000001010""]",1,0.000244140625,False,False,,,,6.204193731048943,0.21604235605312724,{},{}
"[0, 1, 0, 1, 0, 0, 0, 0, 1, 0, 0, 0, 0, 0, 0, 1, 0, 0]",010100001000000100,"[""1000000100001010""]",1,0.000244140625,False,False,,,,1.8454222361003676,0.05886178976765678,{},{}
"[0, 1, 0, 1, 0, 0, 0, 0, 1, 0, 0, 0, 0, 1, 0, 0, 0, 1]",010100001000010001,"[""100010000100001010""]",1,0.000244140625,False,False,,,,1.1215704238138007,0.032759151009506195,{},{}
"[0, 1, 0, 1, 0, 0, 0, 0, 1, 0, 0, 0, 0, 1, 0, 1, 1, 0]",010100001000010110,"[""11010000100001010""]",1,0.000244140625,False,False,,,,2.2694441359860487,0.07415233721175003,{},{}
"[0, 1, 0, 1, 0, 0, 0, 0, 1, 0, 0, 0, 1, 0, 1, 1, 0, 0]",010100001000101100,"[""1101000100001010""]",1,0.000244140625,False,False,,,,2.2735351064438594,0.07429986067196377,{},{}
"[0, 1, 0, 1, 0, 0, 0, 0, 1, 0, 0, 0, 1, 0, 1, 1, 0, 1]",010100001000101101,"[""101101000100001010""]",1,0.000244140625,False,False,,,,3.5526195571879766,0.12042460442783533,{},{}
"[0, 1, 0, 1, 0, 0, 0, 0, 1, 0, 1, 0, 0, 1, 1, 0, 0, 1]",010100001010011001,"[""100110010100001010""]",1,0.000244140625,False,False,,,,1.528448907102009,0.04743149400494199,{},{}
"[0, 1, 0, 1, 0, 0, 0, 0, 1, 0, 1, 0, 1, 0, 0, 0, 0, 1]",010100001010100001,"[""100001010100001010""]",1,0.000244140625,True,False,"[1, 0, 2, 1, 0, 2]",0.28095210737476506,0.3040775726702002,0.2809521073747657,0.0024458246144538763,"{""degradation"": 0.2725513090548214, ""nominal"": 0.28316643189892665, ""surge"": 0.28713858117054714}","{""degradation"": 0.3040775726702002, ""nominal"": 0.18441715658533336, ""surge"": 0.2543196563447779}"
"[0, 1, 0, 1, 0, 0, 0, 0, 1, 0, 1, 1, 0, 1, 1, 1, 0, 1]",010100001011011101,"[""101110110100001010""]",1,0.000244140625,False,False,,,,3.9543725368152245,0.13491211792054042,{},{}
"[0, 1, 0, 1, 0, 0, 0, 0, 1, 1, 0, 0, 0, 0, 1, 1, 1, 0]",010100001100001110,"[""11100001100001010""]",1,0.000244140625,False,False,,,,1.459785275532039,0.044955431998504526,{},{}
"[0, 1, 0, 1, 0, 0, 0, 0, 1, 1, 0, 0, 0, 1, 0, 0, 0, 0]",010100001100010000,"[""10001100001010""]",1,0.000244140625,False,False,,,,1.0097651729731447,0.02872736988466641,{},{}
"[0, 1, 0, 1, 0, 0, 0, 0, 1, 1, 0, 0, 0, 1, 0, 1, 0, 1]",010100001100010101,"[""101010001100001010""]",1,0.000244140625,False,False,,,,1.5382997640121125,0.04778672328670673,{},{}
"[0, 1, 0, 1, 0, 0, 0, 0, 1, 1, 0, 0, 1, 1, 0, 1, 0, 1]",010100001100110101,"[""101011001100001010""]",1,0.000244140625,False,False,,,,2.7870568390925623,0.09281783915079919,{},{}
"[0, 1, 0, 1, 0, 0, 0, 0, 1, 1, 0, 1, 1, 1, 1, 0, 0, 0]",010100001101111000,"[""111101100001010""]",1,0.000244140625,False,False,,,,6.64647237751983,0.2319912554594921,{},{}
"[0, 1, 0, 1, 0, 0, 0, 0, 1, 1, 1, 0, 0, 0, 1, 0, 0, 0]",010100001110001000,"[""100011100001010""]",1,0.000244140625,False,False,,,,2.1961081110711844,0.07150778520011039,{},{}
"[0, 1, 0, 1, 0, 0, 0, 0, 1, 1, 1, 0, 0, 1, 0, 1, 1, 0]",010100001110010110,"[""11010011100001010""]",1,0.000244140625,False,False,,,,2.709876118337994,0.0900346445262168,{},{}
"[0, 1, 0, 1, 0, 0, 0, 0, 1, 1, 1, 0, 1, 1, 1, 0, 1, 1]",010100001110111011,"[""110111011100001010""]",1,0.000244140625,False,False,,,,7.191315848158245,0.25163871928069376,{},{}
"[0, 1, 0, 1, 0, 0, 0, 0, 1, 1, 1, 1, 0, 0, 1, 0, 1, 0]",010100001111001010,"[""10100111100001010""]",1,0.000244140625,False,False,,,,4.661716410735707,0.16041946805124316,{},{}
"[0, 1, 0, 1, 0, 0, 0, 0, 1, 1, 1, 1, 0, 1, 1, 0, 1, 1]",010100001111011011,"[""110110111100001010""]",1,0.000244140625,False,False,,,,7.20696650109331,0.25220309355310555,{},{}
"[0, 1, 0, 1, 0, 0, 0, 1, 0, 0, 0, 0, 0, 0, 1, 0, 0, 0]",010100010000001000,"[""100000010001010""]",1,0.000244140625,False,False,,,,1.8522132441149428,0.059106678605398595,{},{}
"[0, 1, 0, 1, 0, 0, 0, 1, 0, 0, 0, 0, 0, 1, 1, 1, 1, 0]",010100010000011110,"[""11110000010001010""]",1,0.000244140625,False,False,,,,3.5468870883487336,0.12021788730595585,{},{}
"[0, 1, 0, 1, 0, 0, 0, 1, 0, 0, 0, 1, 0, 0, 1, 0, 0, 1]",010100010001001001,"[""100100100010001010""]",1,0.000244140625,True,True,"[1, 0, 1, 2, 2, 2]",0.29463983566041557,0.31117773412238836,0.2946398356604156,0.002939414353120708,"{""degradation"": 0.27404017665491187, ""nominal"": 0.3161346493146865, ""surge"": 0.2937446810116484}","{""degradation"": 0.31117773412238836, ""nominal"": 0.2512364892358202, ""surge"": 0.2730260936547144}"
"[0, 1, 0, 1, 0, 0, 0, 1, 0, 0, 0, 1, 0, 1, 0, 1, 1, 0]",010100010001010110,"[""11010100010001010""]",1,0.000244140625,False,False,,,,1.5109735642117306,0.04680132004544216,{},{}
"[0, 1, 0, 1, 0, 0, 0, 1, 0, 0, 1, 1, 1, 0, 1, 0, 0, 0]",010100010011101000,"[""101110010001010""]",1,0.000244140625,False,False,,,,3.451184373051479,0.11676677567899568,{},{}
"[0, 1, 0, 1, 0, 0, 0, 1, 0, 1, 0, 0, 0, 1, 0, 0, 1, 1]",010100010100010011,"[""110010001010001010""]",1,0.000244140625,False,False,,,,1.557239038826733,0.04846968772837295,{},{}
"[0, 1, 0, 1, 0, 0, 0, 1, 0, 1, 0, 0, 1, 1, 1, 1, 1, 0]",010100010100111110,"[""11111001010001010""]",1,0.000244140625,False,False,,,,6.001500571537633,0.20873308883618297,{},{}
"[0, 1, 0, 1, 0, 0, 0, 1, 0, 1, 1, 0, 0, 1, 0, 1, 0, 0]",010100010110010100,"[""1010011010001010""]",1,0.000244140625,False,False,,,,1.5033472832158163,0.04652631063809445,{},{}
"[0, 1, 0, 1, 0, 0, 0, 1, 0, 1, 1, 0, 1, 0, 0, 0, 1, 1]",010100010110100011,"[""110001011010001010""]",1,0.000244140625,False,False,,,,2.7300642286428545,0.09076264291145653,{},{}
"[0, 1, 0, 1, 0, 0, 0, 1, 0, 1, 1, 0, 1, 1, 1, 1, 1, 1]",010100010110111111,"[""111111011010001010""]",1,0.000244140625,False,False,,,,10.525998063528936,0.37188985875921243,{},{}
"[0, 1, 0, 1, 0, 0, 0, 1, 1, 0, 0, 1, 0, 0, 0, 1, 0, 1]",010100011001000101,"[""101000100110001010""]",1,0.000244140625,False,False,,,,3.5293311698844905,0.11958480773088082,{},{}
"[0, 1, 0, 1, 0, 0, 0, 1, 1, 0, 0, 1, 1, 0, 1, 1, 1, 1]",010100011001101111,"[""111101100110001010""]",1,0.000244140625,False,False,,,,7.243594910201189,0.2535239414324643,{},{}
"[0, 1, 0, 1, 0, 0, 0, 1, 1, 0, 1, 1, 0, 0, 0, 1, 0, 1]",010100011011000101,"[""101000110110001010""]",1,0.000244140625,False,False,,,,4.753869917636709,0.16374259256389034,{},{}
"[0, 1, 0, 1, 0, 0, 0, 1, 1, 0, 1, 1, 1, 1, 0, 0, 1, 1]",010100011011110011,"[""110011110110001010""]",1,0.000244140625,False,False,,,,5.289660745207888,0.18306361129263019,{},{}
"[0, 1, 0, 1, 0, 0, 0, 1, 1, 1, 0, 0, 0, 0, 1, 1, 0, 0]",010100011100001100,"[""1100001110001010""]",1,0.000244140625,False,False,,,,1.493457804308162,0.04616968861815723,{},{}
"[0, 1, 0, 1, 0, 0, 0, 1, 1, 1, 0, 0, 0, 1, 1, 1, 0, 1]",010100011100011101,"[""101110001110001010""]",1,0.000244140625,False,False,,,,4.022214704754328,0.13735855733289784,{},{}
"[0, 1, 0, 1, 0, 0, 0, 1, 1, 1, 0, 0, 1, 1, 0, 1, 0, 0]",010100011100110100,"[""1011001110001010""]",1,0.000244140625,False,False,,,,2.7552769870929614,0.09167183387395578,{},{}
"[0, 1, 0, 1, 0, 0, 0, 1, 1, 1, 0, 1, 0, 0, 0, 1, 0, 0]",010100011101000100,"[""1000101110001010""]",1,0.000244140625,False,False,,,,3.465441796513657,0.11728090905262034,{},{}
"[0, 1, 0, 1, 0, 0, 0, 1, 1, 1, 1, 0, 0, 0, 1, 1, 1, 0]",010100011110001110,"[""11100011110001010""]",1,0.000244140625,False,False,,,,3.969361200109594,0.1354526203504571,{},{}
"[0, 1, 0, 1, 0, 0, 0, 1, 1, 1, 1, 0, 0, 1, 0, 1, 0, 0]",010100011110010100,"[""1010011110001010""]",1,0.000244140625,False,False,,,,2.7450986888180573,0.09130479681121324,{},{}
"[0, 1, 0, 1, 0, 0, 0, 1, 1, 1, 1, 1, 0, 1, 0, 0, 0, 1]",010100011111010001,"[""100010111110001010""]",1,0.000244140625,False,False,,,,5.991224849813017,0.20836253861084106,{},{}
"[0, 1, 0, 1, 0, 0, 1, 0, 0, 0, 0, 0, 0, 1, 0, 1, 0, 1]",010100100000010101,"[""101010000001001010""]",1,0.000244140625,False,False,,,,2.287502079716994,0.07480352019412717,{},{}
"[0, 1, 0, 1, 0, 0, 1, 0, 0, 0, 0, 0, 1, 0, 0, 0, 0, 0]",010100100000100000,"[""1000001001010""]",1,0.000244140625,False,False,,,,1.8301554289236415,0.058311257260919534,{},{}
"[0, 1, 0, 1, 0, 0, 1, 0, 0, 0, 0, 1, 0, 1, 0, 0, 1, 0]",010100100001010010,"[""10010100001001010""]",1,0.000244140625,True,False,"[1, 0, 0, 2, 1, 1]",0.23567586673468421,0.1256006083254216,0.23567586673468466,0.0008131294499258412,"{""degradation"": 0.21962245021089843, ""nominal"": 0.2541467354464034, ""surge"": 0.23325841454675078}","{""degradation"": 0.05166866589494832, ""nominal"": 0.1256006083254216, ""surge"": 0.10174764207910218}"
"[0, 1, 0, 1, 0, 0, 1, 0, 0, 0, 0, 1, 0, 1, 1, 0, 0, 1]",010100100001011001,"[""100110100001001010""]",1,0.000244140625,False,False,,,,1.47135589671849,0.04537267726875297,{},{}
"[0, 1, 0, 1, 0, 0, 1, 0, 0, 0, 0, 1, 1, 0, 1, 1, 1, 1]",010100100001101111,"[""111101100001001010""]",1,0.000244140625,False,False,,,,5.990355388461556,0.20833118518299004,{},{}
"[0, 1, 0, 1, 0, 0, 1, 0, 0, 0, 1, 0, 0, 0, 0, 0, 0, 0]",010100100010000000,"[""10001001010""]",1,0.000244140625,False,False,,,,1.7894366573306417,0.0568429078452978,{},{}
"[0, 1, 0, 1, 0, 0, 1, 0, 0, 0, 1, 0, 0, 1, 1, 0, 0, 1]",010100100010011001,"[""100110010001001010""]",1,0.000244140625,False,False,,,,1.4473835835684628,0.04450821769328298,{},{}
"[0, 1, 0, 1, 0, 0, 1, 0, 0, 0, 1, 0, 1, 0, 0, 0, 0, 0]",010100100010100000,"[""1010001001010""]",1,0.000244140625,False,False,,,,1.0021785738458162,0.028453791435234885,{},{}
"[0, 1, 0, 1, 0, 0, 1, 0, 0, 0, 1, 0, 1, 1, 0, 1, 0, 0]",010100100010110100,"[""1011010001001010""]",1,0.000244140625,False,False,,,,1.4845957576502196,0.045850116575034995,{},{}
"[0, 1, 0, 1, 0, 0, 1, 0, 0, 1, 0, 0, 0, 1, 0, 0, 0, 0]",010100100100010000,"[""10001001001010""]",1,0.000244140625,False,False,,,,1.0208559123754866,0.029127310258187926,{},{}
"[0, 1, 0, 1, 0, 0, 1, 0, 0, 1, 0, 1, 1, 1, 1, 0, 0, 1]",010100100101111001,"[""100111101001001010""]",1,0.000244140625,False,False,,,,5.952653123561159,0.20697161325907593,{},{}
"[0, 1, 0, 1, 0, 0, 1, 0, 0, 1, 0, 1, 1, 1, 1, 0, 1, 1]",010100100101111011,"[""110111101001001010""]",1,0.000244140625,False,False,,,,7.201769572679989,0.2520156884202837,{},{}
"[0, 1, 0, 1, 0, 0, 1, 0, 0, 1, 1, 0, 0, 0, 0, 0, 0, 0]",010100100110000000,"[""11001001010""]",1,0.000244140625,False,False,,,,3.0021785738458164,0.10057529010412755,{},{}
"[0, 1, 0, 1, 0, 0, 1, 0, 0, 1, 1, 0, 0, 0, 0, 1, 1, 0]",010100100110000110,"[""11000011001001010""]",1,0.000244140625,False,False,,,,3.5052791452363845,0.11871747369905954,{},{}
"[0, 1, 0, 1, 0, 0, 1, 0, 0, 1, 1, 1, 1, 0, 1, 1, 1, 1]",010100100111101111,"[""111101111001001010""]",1,0.000244140625,False,False,,,,10.500787266576873,0.37098073852980246,{},{}
"[0, 1, 0, 1, 0, 0, 1, 0, 1, 0, 0, 0, 0, 0, 0, 0, 0, 1]",010100101000000001,"[""100000000101001010""]",1,0.000244140625,False,False,,,,3.121013183147493,0.10486055516241218,{},{}
"[0, 1, 0, 1, 0, 0, 1, 0, 1, 0, 0, 0, 0, 1, 0, 0, 1, 0]",010100101000010010,"[""10010000101001010""]",1,0.000244140625,False,False,,,,2.2738481486315534,0.07431114920782529,{},{}
"[0, 1, 0, 1, 0, 0, 1, 0, 1, 0, 0, 0, 1, 1, 0, 1, 0, 0]",010100101000110100,"[""1011000101001010""]",1,0.000244140625,False,False,,,,3.5323864729344594,0.1196949842483065,{},{}
"[0, 1, 0, 1, 0, 0, 1, 0, 1, 0, 1, 0, 0, 0, 1, 1, 0, 1]",010100101010001101,"[""101100010101001010""]",1,0.000244140625,False,False,,,,2.74361243121178,0.09125120124822685,{},{}
"[0, 1, 0, 1, 0, 0, 1, 0, 1, 0, 1, 1, 1, 1, 1, 0, 1, 0]",010100101011111010,"[""10111110101001010""]",1,0.000244140625,False,False,,,,7.174267831933616,0.2510239550409678,{},{}
"[0, 1, 0, 1, 0, 0, 1, 0, 1, 0, 1, 1, 1, 1, 1, 1, 0, 0]",010100101011111100,"[""1111110101001010""]",1,0.000244140625,False,False,,,,7.180890508718189,0.2512627737284194,{},{}
"[0, 1, 0, 1, 0, 0, 1, 0, 1, 0, 1, 1, 1, 1, 1, 1, 0, 1]",010100101011111101,"[""101111110101001010""]",1,0.000244140625,False,False,,,,8.467872475804803,0.29767230784148246,{},{}
"[0, 1, 0, 1, 0, 0, 1, 0, 1, 1, 0, 0, 0, 0, 1, 0, 1, 1]",010100101100001011,"[""110100001101001010""]",1,0.000244140625,False,False,,,,2.7487180944060494,0.09143531528886152,{},{}
"[0, 1, 0, 1, 0, 0, 1, 0, 1, 1, 0, 0, 0, 1, 0, 0, 0, 1]",010100101100010001,"[""100010001101001010""]",1,0.000244140625,False,False,,,,1.5402506157995068,0.04785707246400061,{},{}
"[0, 1, 0, 1, 0, 0, 1, 0, 1, 1, 0, 1, 0, 0, 1, 0, 0, 1]",010100101101001001,"[""100100101101001010""]",1,0.000244140625,False,False,,,,2.7631647431785664,0.09195627226897003,{},{}
"[0, 1, 0, 1, 0, 0, 1, 0, 1, 1, 0, 1, 0, 1, 0, 0, 0, 0]",010100101101010000,"[""10101101001010""]",1,0.000244140625,False,False,,,,3.44750910315343,0.1166342426924657,{},{}
"[0, 1, 0, 1, 0, 0, 1, 0, 1, 1, 1, 0, 0, 1, 0, 1, 1, 1]",010100101110010111,"[""111010011101001010""]",1,0.000244140625,False,False,,,,7.29228064119623,0.2552795853740408,{},{}
"[0, 1, 0, 1, 0, 0, 1, 0, 1, 1, 1, 1, 0, 0, 1, 0, 0, 1]",010100101111001001,"[""100100111101001010""]",1,0.000244140625,False,False,,,,5.952424073708074,0.20696335354973872,{},{}
"[0, 1, 0, 1, 0, 0, 1, 1, 0, 0, 0, 1, 1, 1, 0, 1, 1, 1]",010100110001110111,"[""111011100011001010""]",1,0.000244140625,False,False,,,,7.253261725315408,0.2538725340291606,{},{}
"[0, 1, 0, 1, 0, 0, 1, 1, 0, 0, 1, 0, 0, 0, 1, 1, 0, 0]",010100110010001100,"[""1100010011001010""]",1,0.000244140625,False,False,,,,1.483714476911425,0.04581833693122005,{},{}
"[0, 1, 0, 1, 0, 0, 1, 1, 0, 1, 0, 0, 0, 0, 0, 0, 0, 1]",010100110100000001,"[""100000001011001010""]",1,0.000244140625,False,False,,,,2.2882050181668765,0.07482886868136593,{},{}
"[0, 1, 0, 1, 0, 0, 1, 1, 0, 1, 0, 0, 0, 0, 1, 1, 1, 1]",010100110100001111,"[""111100001011001010""]",1,0.000244140625,False,False,,,,6.0161241014322,0.2092604242820957,{},{}
"[0, 1, 0, 1, 0, 0, 1, 1, 0, 1, 0, 1, 0, 1, 0, 0, 1, 0]",010100110101010010,"[""10010101011001010""]",1,0.000244140625,False,False,,,,2.733855280331401,0.09089935107611113,{},{}
"[0, 1, 0, 1, 0, 0, 1, 1, 0, 1, 0, 1, 0, 1, 1, 1, 0, 0]",010100110101011100,"[""1110101011001010""]",1,0.000244140625,False,False,,,,3.9888801292366187,0.13615648756098356,{},{}
"[0, 1, 0, 1, 0, 0, 1, 1, 0, 1, 1, 0, 1, 1, 0, 1, 1, 0]",010100110110110110,"[""11011011011001010""]",1,0.000244140625,False,False,,,,5.3454527562114595,0.18507551301629466,{},{}
"[0, 1, 0, 1, 0, 0, 1, 1, 0, 1, 1, 1, 0, 0, 0, 0, 0, 1]",010100110111000001,"[""100000111011001010""]",1,0.000244140625,False,False,,,,6.697645551094797,0.23383659844442709,{},{}
"[0, 1, 0, 1, 0, 0, 1, 1, 1, 0, 0, 0, 1, 0, 0, 1, 0, 1]",010100111000100101,"[""101001000111001010""]",1,0.000244140625,False,False,,,,6.848590654433532,0.2392797919791873,{},{}
"[0, 1, 0, 1, 0, 0, 1, 1, 1, 0, 0, 0, 1, 1, 1, 0, 0, 1]",010100111000111001,"[""100111000111001010""]",1,0.000244140625,False,False,,,,10.02560670946406,0.35384537157115475,{},{}
"[0, 1, 0, 1, 0, 0, 1, 1, 1, 0, 0, 1, 0, 1, 0, 0, 1, 0]",010100111001010010,"[""10010100111001010""]",1,0.000244140625,False,False,,,,4.757128982459477,0.16386011688352892,{},{}
"[0, 1, 0, 1, 0, 0, 1, 1, 1, 1, 0, 0, 1, 0, 1, 0, 0, 0]",010100111100101000,"[""101001111001010""]",1,0.000244140625,False,False,,,,6.757507603002893,0.23599526889293057,{},{}
"[0, 1, 0, 1, 0, 0, 1, 1, 1, 1, 1, 0, 0, 1, 1, 1, 0, 0]",010100111110011100,"[""1110011111001010""]",1,0.000244140625,False,False,,,,7.245541521217387,0.2535941376843711,{},{}
"[0, 1, 0, 1, 0, 1, 0, 0, 0, 0, 0, 0, 0, 1, 1, 0, 0, 1]",010101000000011001,"[""100110000000101010""]",1,0.000244140625,False,False,,,,4.376166352610363,0.15012231898274855,{},{}
"[0, 1, 0, 1, 0, 1, 0, 0, 0, 0, 0, 0, 1, 0, 0, 0, 1, 1]",010101000000100011,"[""110001000000101010""]",1,0.000244140625,False,False,,,,4.352652300052119,0.14927438462760872,{},{}
"[0, 1, 0, 1, 0, 1, 0, 0, 0, 0, 0, 0, 1, 0, 0, 1, 0, 0]",010101000000100100,"[""1001000000101010""]",1,0.000244140625,False,False,,,,3.0850592636926737,0.10356402988536106,{},{}
"[0, 1, 0, 1, 0, 1, 0, 0, 0, 0, 0, 1, 0, 0, 1, 0, 0, 1]",010101000001001001,"[""100100100000101010""]",1,0.000244140625,False,False,,,,2.3689265014118814,0.07773974585456878,{},{}
"[0, 1, 0, 1, 0, 1, 0, 0, 0, 0, 0, 1, 0, 1, 0, 0, 1, 1]",010101000001010011,"[""110010100000101010""]",1,0.000244140625,False,False,,,,3.608046616121861,0.12242334570639571,{},{}
"[0, 1, 0, 1, 0, 1, 0, 0, 0, 0, 0, 1, 1, 1, 0, 1, 0, 0]",010101000001110100,"[""1011100000101010""]",1,0.000244140625,False,False,,,,3.4621026852425585,0.11716049819807342,{},{}
"[0, 1, 0, 1, 0, 1, 0, 0, 0, 0, 1, 1, 0, 0, 1, 1, 1, 0]",010101000011001110,"[""11100110000101010""]",1,0.000244140625,False,False,,,,4.720413423876293,0.16253612632878653,{},{}
"[0, 1, 0, 1, 0, 1, 0, 0, 0, 0, 1, 1, 0, 1, 0, 1, 1, 0]",010101000011010110,"[""11010110000101010""]",1,0.000244140625,False,False,,,,4.737055994651762,0.1631362699018015,{},{}
"[0, 1, 0, 1, 0, 1, 0, 0, 0, 1, 0, 1, 0, 0, 1, 0, 1, 0]",010101000101001010,"[""10100101000101010""]",1,0.000244140625,False,False,,,,3.48430015429423,0.11796095556540488,{},{}
"[0, 1, 0, 1, 0, 1, 0, 0, 0, 1, 1, 0, 1, 0, 1, 1, 0, 0]",010101000110101100,"[""1101011000101010""]",1,0.000244140625,False,False,,,,4.717316123743169,0.1624244353650724,{},{}
"[0, 1, 0, 1, 0, 1, 0, 0, 1, 0, 0, 0, 0, 0, 0, 1, 1, 1]",010101001000000111,"[""111000000100101010""]",1,0.000244140625,False,False,,,,7.700514641580293,0.27000080933168874,{},{}
"[0, 1, 0, 1, 0, 1, 0, 0, 1, 0, 0, 0, 0, 1, 1, 0, 0, 1]",010101001000011001,"[""100110000100101010""]",1,0.000244140625,False,False,,,,3.680434961952135,0.12503372370011642,{},{}
"[0, 1, 0, 1, 0, 1, 0, 0, 1, 0, 0, 0, 0, 1, 1, 1, 1, 0]",010101001000011110,"[""11110000100101010""]",1,0.000244140625,False,False,,,,4.79885151340754,0.16536466261364569,{},{}
"[0, 1, 0, 1, 0, 1, 0, 0, 1, 0, 0, 1, 1, 0, 0, 1, 0, 1]",010101001001100101,"[""101001100100101010""]",1,0.000244140625,False,False,,,,2.8734326004062742,0.09593261382810493,{},{}
"[0, 1, 0, 1, 0, 1, 0, 0, 1, 0, 0, 1, 1, 0, 1, 0, 0, 1]",010101001001101001,"[""100101100100101010""]",1,0.000244140625,False,False,,,,2.8577104962644473,0.09536566297163644,{},{}
"[0, 1, 0, 1, 0, 1, 0, 0, 1, 0, 1, 0, 0, 0, 1, 0, 0, 1]",010101001010001001,"[""100100010100101010""]",1,0.000244140625,False,False,,,,1.64596259073747,0.051669125493887774,{},{}
"[0, 1, 0, 1, 0, 1, 0, 0, 1, 0, 1, 0, 0, 1, 0, 0, 0, 0]",010101001010010000,"[""10010100101010""]",1,0.000244140625,False,False,,,,2.34503873149647,0.07687833497149019,{},{}
"[0, 1, 0, 1, 0, 1, 0, 0, 1, 0, 1, 0, 1, 0, 0, 1, 0, 0]",010101001010100100,"[""1001010100101010""]",1,0.000244140625,False,False,,,,1.5426736794269509,0.047944449954091285,{},{}
"[0, 1, 0, 1, 0, 1, 0, 0, 1, 0, 1, 1, 0, 0, 0, 1, 0, 0]",010101001011000100,"[""1000110100101010""]",1,0.000244140625,False,False,,,,3.510939234307031,0.11892158075224676,{},{}
"[0, 1, 0, 1, 0, 1, 0, 0, 1, 0, 1, 1, 0, 1, 0, 0, 1, 1]",010101001011010011,"[""110010110100101010""]",1,0.000244140625,False,False,,,,4.15334716312729,0.14208729204389495,{},{}
"[0, 1, 0, 1, 0, 1, 0, 0, 1, 1, 0, 0, 1, 1, 0, 1, 0, 0]",010101001100110100,"[""1011001100101010""]",1,0.000244140625,False,False,,,,2.810108093037071,0.09364908464113679,{},{}
"[0, 1, 0, 1, 0, 1, 0, 0, 1, 1, 0, 1, 0, 1, 1, 0, 1, 0]",010101001101011010,"[""10110101100101010""]",1,0.000244140625,False,False,,,,3.9889858173741626,0.13616029875441915,{},{}
"[0, 1, 0, 1, 0, 1, 0, 0, 1, 1, 0, 1, 1, 0, 0, 1, 1, 0]",010101001101100110,"[""11001101100101010""]",1,0.000244140625,False,False,,,,4.015693265798938,0.13712338935742766,{},{}
"[0, 1, 0, 1, 0, 1, 0, 0, 1, 1, 0, 1, 1, 1, 0, 1, 0, 0]",010101001101110100,"[""1011101100101010""]",1,0.000244140625,False,False,,,,3.995009878212773,0.13637753090229576,{},{}
"[0, 1, 0, 1, 0, 1, 0, 0, 1, 1, 0, 1, 1, 1, 0, 1, 1, 1]",010101001101110111,"[""111011101100101010""]",1,0.000244140625,False,False,,,,8.604376495614561,0.30259474508298645,{},{}
"[0, 1, 0, 1, 0, 1, 0, 0, 1, 1, 1, 0, 0, 0, 1, 0, 1, 0]",010101001110001010,"[""10100011100101010""]",1,0.000244140625,False,False,,,,2.738021595613806,0.09104959152715822,{},{}
"[0, 1, 0, 1, 0, 1, 0, 0, 1, 1, 1, 0, 1, 0, 0, 1, 1, 0]",010101001110100110,"[""11001011100101010""]",1,0.000244140625,False,False,,,,4.034090840206072,0.13778681967648512,{},{}
"[0, 1, 0, 1, 0, 1, 0, 0, 1, 1, 1, 1, 0, 0, 1, 0, 1, 0]",010101001111001010,"[""10100111100101010""]",1,0.000244140625,False,False,,,,5.970308478844492,0.20760827860035877,{},{}
"[0, 1, 0, 1, 0, 1, 0, 0, 1, 1, 1, 1, 0, 1, 1, 1, 1, 0]",010101001111011110,"[""11110111100101010""]",1,0.000244140625,False,False,,,,8.480909048255006,0.29814241641278955,{},{}
"[0, 1, 0, 1, 0, 1, 0, 0, 1, 1, 1, 1, 1, 1, 1, 1, 1, 0]",010101001111111110,"[""11111111100101010""]",1,0.000244140625,False,False,,,,11.737563639677953,0.41557982130296617,{},{}
"[0, 1, 0, 1, 0, 1, 0, 1, 0, 0, 0, 1, 1, 1, 0, 1, 0, 1]",010101010001110101,"[""101011100010101010""]",1,0.000244140625,False,False,,,,4.019361223640013,0.13725565866570397,{},{}
"[0, 1, 0, 1, 0, 1, 0, 1, 0, 1, 0, 1, 0, 0, 1, 1, 1, 0]",010101010101001110,"[""11100101010101010""]",1,0.000244140625,False,False,,,,3.9867906802925868,0.1360811404663657,{},{}
"[0, 1, 0, 1, 0, 1, 0, 1, 1, 0, 0, 0, 1, 0, 1, 0, 1, 0]",010101011000101010,"[""10101000110101010""]",1,0.000244140625,False,False,,,,4.797821867460482,0.16532753280924561,{},{}
"[0, 1, 0, 1, 0, 1, 0, 1, 1, 0, 0, 0, 1, 1, 0, 1, 0, 0]",010101011000110100,"[""1011000110101010""]",1,0.000244140625,False,False,,,,4.824450649386133,0.16628778663934815,{},{}
"[0, 1, 0, 1, 0, 1, 0, 1, 1, 0, 1, 1, 1, 0, 1, 1, 0, 0]",010101011011101100,"[""1101110110101010""]",1,0.000244140625,False,False,,,,5.243080470714858,0.18138389169020736,{},{}
"[0, 1, 0, 1, 0, 1, 0, 1, 1, 0, 1, 1, 1, 0, 1, 1, 0, 1]",010101011011101101,"[""101101110110101010""]",1,0.000244140625,False,False,,,,6.578196937047986,0.22952919191493804,{},{}
"[0, 1, 0, 1, 0, 1, 0, 1, 1, 1, 0, 1, 1, 0, 1, 0, 0, 0]",010101011101101000,"[""101101110101010""]",1,0.000244140625,False,False,,,,5.984286660041075,0.20811234228864023,{},{}
"[0, 1, 0, 1, 0, 1, 0, 1, 1, 1, 1, 0, 0, 1, 1, 1, 0, 0]",010101011110011100,"[""1110011110101010""]",1,0.000244140625,False,False,,,,5.283844735504385,0.18285388162458546,{},{}
"[0, 1, 0, 1, 0, 1, 1, 0, 0, 0, 0, 0, 0, 1, 0, 0, 0, 1]",010101100000010001,"[""100010000001101010""]",1,0.000244140625,False,False,,,,2.3591275893846833,0.07738638974420568,{},{}
"[0, 1, 0, 1, 0, 1, 1, 0, 0, 0, 0, 0, 0, 1, 1, 0, 0, 1]",010101100000011001,"[""100110000001101010""]",1,0.000244140625,False,False,,,,3.562706713090056,0.12078835482831768,{},{}
"[0, 1, 0, 1, 0, 1, 1, 0, 0, 0, 0, 1, 1, 0, 0, 0, 1, 0]",010101100001100010,"[""10001100001101010""]",1,0.000244140625,False,False,,,,1.4811340423102743,0.04572528452589402,{},{}
"[0, 1, 0, 1, 0, 1, 1, 0, 0, 0, 1, 0, 0, 1, 0, 1, 1, 1]",010101100010010111,"[""111010010001101010""]",1,0.000244140625,False,False,,,,6.080477922918916,0.21158107130744186,{},{}
"[0, 1, 0, 1, 0, 1, 1, 0, 1, 0, 0, 0, 0, 1, 1, 0, 1, 0]",010101101000011010,"[""10110000101101010""]",1,0.000244140625,False,False,,,,4.786019340445713,0.16490192484105298,{},{}
"[0, 1, 0, 1, 0, 1, 1, 0, 1, 0, 1, 0, 0, 1, 0, 0, 1, 0]",010101101010010010,"[""10010010101101010""]",1,0.000244140625,False,False,,,,2.8155746380614994,0.09384621235098817,{},{}
"[0, 1, 0, 1, 0, 1, 1, 0, 1, 1, 0, 0, 1, 0, 0, 1, 0, 1]",010101101100100101,"[""101001001101101010""]",1,0.000244140625,False,False,,,,4.278173162694354,0.14658861112470456,{},{}
"[0, 1, 0, 1, 0, 1, 1, 0, 1, 1, 0, 1, 0, 0, 0, 1, 0, 1]",010101101101000101,"[""101000101101101010""]",1,0.000244140625,False,False,,,,6.178193825442729,0.21510477997434227,{},{}
"[0, 1, 0, 1, 0, 1, 1, 0, 1, 1, 1, 0, 0, 1, 0, 0, 0, 1]",010101101110010001,"[""100010011101101010""]",1,0.000244140625,False,False,,,,4.108174059080141,0.14045831606219183,{},{}
"[0, 1, 0, 1, 0, 1, 1, 0, 1, 1, 1, 1, 0, 1, 1, 1, 1, 0]",010101101111011110,"[""11110111101101010""]",1,0.000244140625,False,False,,,,9.769875240606465,0.34462350317575124,{},{}
"[0, 1, 0, 1, 0, 1, 1, 1, 0, 0, 0, 0, 0, 0, 0, 0, 0, 1]",010101110000000001,"[""100000000011101010""]",1,0.000244140625,False,False,,,,4.367510735883964,0.14981019095764284,{},{}
"[0, 1, 0, 1, 0, 1, 1, 1, 0, 0, 0, 0, 1, 0, 0, 1, 0, 1]",010101110000100101,"[""101001000011101010""]",1,0.000244140625,False,False,,,,4.867267992963202,0.16783181213324772,{},{}
"[0, 1, 0, 1, 0, 1, 1, 1, 0, 0, 0, 0, 1, 1, 0, 0, 0, 0]",010101110000110000,"[""11000011101010""]",1,0.000244140625,False,False,,,,5.525706949407239,0.19157561429361053,{},{}
"[0, 1, 0, 1, 0, 1, 1, 1, 0, 0, 1, 1, 0, 0, 0, 1, 1, 0]",010101110011000110,"[""11000110011101010""]",1,0.000244140625,False,False,,,,5.994787292631381,0.20849100296833237,{},{}
"[0, 1, 0, 1, 0, 1, 1, 1, 0, 1, 0, 0, 1, 0, 0, 0, 0, 1]",010101110100100001,"[""100001001011101010""]",1,0.000244140625,False,False,,,,2.8423515993064727,0.09481180963838133,{},{}
"[0, 1, 0, 1, 0, 1, 1, 1, 0, 1, 0, 0, 1, 0, 1, 0, 0, 0]",010101110100101000,"[""101001011101010""]",1,0.000244140625,False,False,,,,4.757507603002892,0.1638737702240379,{},{}
"[0, 1, 0, 1, 0, 1, 1, 1, 0, 1, 1, 1, 1, 0, 1, 1, 1, 0]",010101110111101110,"[""11101111011101010""]",1,0.000244140625,False,False,,,,9.802070252991234,0.34578447944717783,{},{}
"[0, 1, 0, 1, 0, 1, 1, 1, 1, 0, 0, 0, 0, 0, 1, 1, 0, 1]",010101111000001101,"[""101100000111101010""]",1,0.000244140625,False,False,,,,8.154694914929367,0.28637889032158004,{},{}
"[0, 1, 0, 1, 0, 1, 1, 1, 1, 0, 0, 1, 1, 0, 1, 0, 1, 0]",010101111001101010,"[""10101100111101010""]",1,0.000244140625,False,False,,,,7.267155863010755,0.2543735670458108,{},{}
"[0, 1, 0, 1, 0, 1, 1, 1, 1, 0, 1, 0, 0, 0, 0, 1, 0, 0]",010101111010000100,"[""1000010111101010""]",1,0.000244140625,False,False,,,,6.823301887035751,0.23836786007707883,{},{}
"[0, 1, 0, 1, 0, 1, 1, 1, 1, 1, 0, 1, 1, 1, 0, 1, 1, 0]",010101111101110110,"[""11011101111101010""]",1,0.000244140625,False,False,,,,9.8690367686045,0.3481993421805091,{},{}
"[0, 1, 0, 1, 0, 1, 1, 1, 1, 1, 1, 1, 0, 1, 0, 1, 1, 1]",010101111111010111,"[""111010111111101010""]",1,0.000244140625,False,False,,,,15.209937347159325,0.540796219163974,{},{}
"[0, 1, 0, 1, 1, 0, 0, 0, 0, 0, 0, 0, 0, 0, 1, 0, 1, 1]",010110000000001011,"[""110100000000011010""]",1,0.000244140625,False,False,,,,4.342047458982779,0.1488919661120756,{},{}
"[0, 1, 0, 1, 1, 0, 0, 0, 0, 0, 0, 1, 1, 0, 0, 0, 0, 0]",010110000001100000,"[""1100000011010""]",1,0.000244140625,False,False,,,,3.0008151054887344,0.10052612241347736,{},{}
"[0, 1, 0, 1, 1, 0, 0, 0, 0, 0, 0, 1, 1, 0, 1, 1, 0, 0]",010110000001101100,"[""1101100000011010""]",1,0.000244140625,False,False,,,,3.4775369185164475,0.11771706821533251,{},{}
"[0, 1, 0, 1, 1, 0, 0, 0, 0, 0, 0, 1, 1, 0, 1, 1, 0, 1]",010110000001101101,"[""101101100000011010""]",1,0.000244140625,False,False,,,,4.72860536146606,0.16283153373677453,{},{}
"[0, 1, 0, 1, 1, 0, 0, 0, 0, 1, 0, 0, 0, 0, 1, 0, 0, 0]",010110000100001000,"[""100001000011010""]",1,0.000244140625,False,False,,,,3.0101537747535696,0.10086288182495387,{},{}
"[0, 1, 0, 1, 1, 0, 0, 0, 0, 1, 0, 0, 0, 1, 0, 0, 0, 0]",010110000100010000,"[""10001000011010""]",1,0.000244140625,False,False,,,,3.04045206806525,0.10195546098532793,{},{}
"[0, 1, 0, 1, 1, 0, 0, 0, 0, 1, 0, 0, 0, 1, 0, 1, 0, 0]",010110000100010100,"[""1010001000011010""]",1,0.000244140625,False,False,,,,2.274107175675105,0.07432048991711367,{},{}
"[0, 1, 0, 1, 1, 0, 0, 0, 0, 1, 0, 1, 0, 0, 0, 1, 0, 1]",010110000101000101,"[""101000101000011010""]",1,0.000244140625,False,False,,,,5.501333688733196,0.19069669624998073,{},{}
"[0, 1, 0, 1, 1, 0, 0, 0, 0, 1, 0, 1, 0, 0, 0, 1, 1, 1]",010110000101000111,"[""111000101000011010""]",1,0.000244140625,False,False,,,,8.765233162601248,0.30839535702996784,{},{}
"[0, 1, 0, 1, 1, 0, 0, 0, 0, 1, 0, 1, 0, 1, 1, 1, 0, 1]",010110000101011101,"[""101110101000011010""]",1,0.000244140625,False,False,,,,5.978277811168107,0.20789565869564355,{},{}
"[0, 1, 0, 1, 1, 0, 0, 0, 0, 1, 1, 0, 1, 0, 1, 0, 0, 1]",010110000110101001,"[""100101011000011010""]",1,0.000244140625,False,False,,,,4.675822340878854,0.1609281384622644,{},{}
"[0, 1, 0, 1, 1, 0, 0, 0, 0, 1, 1, 1, 0, 1, 0, 1, 0, 1]",010110000111010101,"[""101010111000011010""]",1,0.000244140625,False,False,,,,7.972348729633458,0.27980335024153175,{},{}
"[0, 1, 0, 1, 1, 0, 0, 0, 1, 0, 0, 0, 0, 0, 0, 1, 1, 0]",010110001000000110,"[""11000000100011010""]",1,0.000244140625,False,False,,,,4.309846492841885,0.14773077514374183,{},{}
"[0, 1, 0, 1, 1, 0, 0, 0, 1, 0, 0, 0, 0, 0, 1, 1, 1, 0]",010110001000001110,"[""11100000100011010""]",1,0.000244140625,False,False,,,,3.5134256165472557,0.11901124155896112,{},{}
"[0, 1, 0, 1, 1, 0, 0, 0, 1, 0, 0, 0, 0, 1, 0, 0, 0, 0]",010110001000010000,"[""10000100011010""]",1,0.000244140625,False,False,,,,3.0940852058508526,0.10388951212303435,{},{}
"[0, 1, 0, 1, 1, 0, 0, 0, 1, 0, 0, 0, 1, 0, 0, 0, 0, 0]",010110001000100000,"[""1000100011010""]",1,0.000244140625,False,False,,,,3.0447231743445933,0.1021094802782481,{},{}
"[0, 1, 0, 1, 1, 0, 0, 0, 1, 0, 0, 1, 0, 1, 0, 0, 0, 0]",010110001001010000,"[""10100100011010""]",1,0.000244140625,False,False,,,,2.2804281439488925,0.07454842876958569,{},{}
"[0, 1, 0, 1, 1, 0, 0, 0, 1, 0, 1, 1, 1, 1, 0, 0, 0, 1]",010110001011110001,"[""100011110100011010""]",1,0.000244140625,False,False,,,,3.991945426274185,0.13626702446909086,{},{}
"[0, 1, 0, 1, 1, 0, 0, 0, 1, 1, 0, 0, 0, 1, 0, 1, 1, 0]",010110001100010110,"[""11010001100011010""]",1,0.000244140625,False,False,,,,2.77295901628555,0.09230946109639408,{},{}
"[0, 1, 0, 1, 1, 0, 0, 0, 1, 1, 0, 0, 0, 1, 1, 0, 1, 1]",010110001100011011,"[""110110001100011010""]",1,0.000244140625,False,False,,,,4.047101185075015,0.1382559824615588,{},{}
"[0, 1, 0, 1, 1, 0, 0, 0, 1, 1, 0, 0, 1, 1, 0, 1, 0, 1]",010110001100110101,"[""101011001100011010""]",1,0.000244140625,False,False,,,,4.047994741138566,0.13828820476278275,{},{}
"[0, 1, 0, 1, 1, 0, 0, 0, 1, 1, 0, 1, 1, 0, 0, 1, 0, 0]",010110001101100100,"[""1001101100011010""]",1,0.000244140625,False,False,,,,2.7120371422105993,0.09011257266639258,{},{}
"[0, 1, 0, 1, 1, 0, 0, 1, 0, 0, 0, 0, 0, 0, 1, 0, 1, 1]",010110010000001011,"[""110100000010011010""]",1,0.000244140625,False,False,,,,3.6255922435648964,0.1230560541795346,{},{}
"[0, 1, 0, 1, 1, 0, 0, 1, 0, 0, 0, 0, 0, 1, 1, 0, 1, 1]",010110010000011011,"[""110110000010011010""]",1,0.000244140625,False,False,,,,4.932481655885481,0.17018346568506906,{},{}
"[0, 1, 0, 1, 1, 0, 0, 1, 0, 0, 0, 0, 1, 0, 0, 0, 0, 0]",010110010000100000,"[""1000010011010""]",1,0.000244140625,False,False,,,,3.0627375347501027,0.10275909161325156,{},{}
"[0, 1, 0, 1, 1, 0, 0, 1, 0, 0, 0, 0, 1, 0, 0, 1, 1, 1]",010110010000100111,"[""111001000010011010""]",1,0.000244140625,False,False,,,,6.829403790793,0.2385878992989319,{},{}
"[0, 1, 0, 1, 1, 0, 0, 1, 0, 0, 0, 1, 0, 0, 0, 1, 1, 0]",010110010001000110,"[""11000100010011010""]",1,0.000244140625,False,False,,,,3.557380724910641,0.12059629570362158,{},{}
"[0, 1, 0, 1, 1, 0, 0, 1, 0, 0, 0, 1, 1, 1, 0, 1, 1, 0]",010110010001110110,"[""11011100010011010""]",1,0.000244140625,False,False,,,,4.055772665577018,0.13856868254630003,{},{}
"[0, 1, 0, 1, 1, 0, 0, 1, 0, 1, 0, 0, 1, 0, 1, 1, 1, 0]",010110010100101110,"[""11101001010011010""]",1,0.000244140625,False,False,,,,4.03067154662921,0.13766351738790902,{},{}
"[0, 1, 0, 1, 1, 0, 0, 1, 0, 1, 0, 1, 0, 0, 0, 0, 0, 0]",010110010101000000,"[""101010011010""]",1,0.000244140625,False,False,,,,4.25697798919064,0.14582429728588703,{},{}
"[0, 1, 0, 1, 1, 0, 0, 1, 0, 1, 0, 1, 0, 0, 0, 0, 1, 0]",010110010101000010,"[""10000101010011010""]",1,0.000244140625,False,False,,,,3.538920694674071,0.11993061318055434,{},{}
"[0, 1, 0, 1, 1, 0, 0, 1, 0, 1, 1, 0, 1, 0, 0, 1, 1, 0]",010110010110100110,"[""11001011010011010""]",1,0.000244140625,False,False,,,,4.0822732784224245,0.13952431450332747,{},{}
"[0, 1, 0, 1, 1, 0, 0, 1, 1, 0, 0, 0, 0, 1, 0, 0, 1, 0]",010110011000010010,"[""10010000110011010""]",1,0.000244140625,False,False,,,,3.693010639960571,0.12548721207248936,{},{}
"[0, 1, 0, 1, 1, 0, 0, 1, 1, 0, 0, 0, 0, 1, 0, 1, 1, 0]",010110011000010110,"[""11010000110011010""]",1,0.000244140625,False,False,,,,4.8866473864431,0.1685306475837799,{},{}
"[0, 1, 0, 1, 1, 0, 0, 1, 1, 0, 0, 0, 1, 1, 1, 1, 1, 1]",010110011000111111,"[""111111000110011010""]",1,0.000244140625,False,False,,,,12.636214595087873,0.447985848145164,{},{}
"[0, 1, 0, 1, 1, 0, 0, 1, 1, 0, 0, 1, 0, 0, 0, 0, 1, 0]",010110011001000010,"[""10000100110011010""]",1,0.000244140625,False,False,,,,3.5961567147655176,0.12199458695397332,{},{}
"[0, 1, 0, 1, 1, 0, 0, 1, 1, 0, 0, 1, 0, 0, 0, 1, 0, 1]",010110011001000101,"[""101000100110011010""]",1,0.000244140625,False,False,,,,4.7962738757735695,0.16527171106905203,{},{}
"[0, 1, 0, 1, 1, 0, 0, 1, 1, 0, 1, 0, 0, 1, 1, 0, 0, 0]",010110011010011000,"[""110010110011010""]",1,0.000244140625,False,False,,,,4.8759063760797785,0.16814331870146948,{},{}
"[0, 1, 0, 1, 1, 0, 0, 1, 1, 0, 1, 0, 0, 1, 1, 0, 1, 1]",010110011010011011,"[""110110010110011010""]",1,0.000244140625,False,False,,,,5.505942325048808,0.19086288712893168,{},{}
"[0, 1, 0, 1, 1, 0, 0, 1, 1, 1, 0, 0, 0, 1, 0, 0, 0, 1]",010110011100010001,"[""100010001110011010""]",1,0.000244140625,False,False,,,,2.8527302253362254,0.0951860706700762,{},{}
"[0, 1, 0, 1, 1, 0, 0, 1, 1, 1, 0, 0, 0, 1, 0, 1, 1, 0]",010110011100010110,"[""11010001110011010""]",1,0.000244140625,False,False,,,,4.0939449474738865,0.13994520363530685,{},{}
"[0, 1, 0, 1, 1, 0, 0, 1, 1, 1, 0, 1, 1, 0, 0, 0, 0, 0]",010110011101100000,"[""1101110011010""]",1,0.000244140625,False,False,,,,4.69812943948117,0.16173254915334132,{},{}
"[0, 1, 0, 1, 1, 0, 1, 0, 0, 0, 0, 1, 1, 1, 0, 1, 0, 0]",010110100001110100,"[""1011100001011010""]",1,0.000244140625,False,False,,,,2.737915907476263,0.09104578033372265,{},{}
"[0, 1, 0, 1, 1, 0, 1, 0, 0, 0, 1, 0, 0, 1, 1, 0, 1, 1]",010110100010011011,"[""110110010001011010""]",1,0.000244140625,False,False,,,,4.059272983839379,0.13869490664574982,{},{}
"[0, 1, 0, 1, 1, 0, 1, 0, 0, 0, 1, 0, 1, 0, 1, 0, 0, 0]",010110100010101000,"[""101010001011010""]",1,0.000244140625,False,False,,,,3.4573569303323577,0.11698936271985395,{},{}
"[0, 1, 0, 1, 1, 0, 1, 0, 0, 0, 1, 1, 0, 0, 1, 0, 1, 0]",010110100011001010,"[""10100110001011010""]",1,0.000244140625,False,False,,,,2.757723705813926,0.09176006438444438,{},{}
"[0, 1, 0, 1, 1, 0, 1, 0, 0, 0, 1, 1, 1, 1, 0, 1, 0, 1]",010110100011110101,"[""101011110001011010""]",1,0.000244140625,False,False,,,,5.234019490651582,0.18105714595942113,{},{}
"[0, 1, 0, 1, 1, 0, 1, 0, 0, 1, 1, 0, 0, 0, 1, 1, 0, 1]",010110100110001101,"[""101100011001011010""]",1,0.000244140625,False,False,,,,3.986102044581199,0.1360563077465946,{},{}
"[0, 1, 0, 1, 1, 0, 1, 0, 0, 1, 1, 0, 1, 1, 0, 1, 1, 0]",010110100110110110,"[""11011011001011010""]",1,0.000244140625,False,False,,,,5.36413009474113,0.1857490318392477,{},{}
"[0, 1, 0, 1, 1, 0, 1, 0, 0, 1, 1, 1, 1, 0, 0, 0, 1, 0]",010110100111100010,"[""10001111001011010""]",1,0.000244140625,False,False,,,,5.9959542272387365,0.2085330835046979,{},{}
"[0, 1, 0, 1, 1, 0, 1, 0, 1, 0, 0, 1, 0, 0, 0, 0, 0, 1]",010110101001000001,"[""100000100101011010""]",1,0.000244140625,False,False,,,,3.542353275333662,0.12005439461129011,{},{}
"[0, 1, 0, 1, 1, 0, 1, 0, 1, 0, 1, 0, 1, 0, 1, 0, 0, 0]",010110101010101000,"[""101010101011010""]",1,0.000244140625,False,False,,,,4.708447005199434,0.16210460830444928,{},{}
"[0, 1, 0, 1, 1, 0, 1, 0, 1, 0, 1, 0, 1, 0, 1, 1, 0, 0]",010110101010101100,"[""1101010101011010""]",1,0.000244140625,False,False,,,,3.9861236764986634,0.13605708780974793,{},{}
"[0, 1, 0, 1, 1, 0, 1, 0, 1, 1, 0, 0, 0, 1, 1, 0, 0, 1]",010110101100011001,"[""100110001101011010""]",1,0.000244140625,False,False,,,,4.004767641550884,0.1367294031600962,{},{}
"[0, 1, 0, 1, 1, 0, 1, 1, 0, 0, 0, 0, 1, 1, 0, 0, 1, 0]",010110110000110010,"[""10011000011011010""]",1,0.000244140625,False,False,,,,4.859880180618031,0.16756540208413856,{},{}
"[0, 1, 0, 1, 1, 0, 1, 1, 0, 0, 1, 0, 0, 0, 0, 1, 1, 0]",010110110010000110,"[""11000010011011010""]",1,0.000244140625,False,False,,,,4.858221719402593,0.16750559672996773,{},{}
"[0, 1, 0, 1, 1, 0, 1, 1, 0, 1, 1, 0, 0, 0, 0, 0, 0, 1]",010110110110000001,"[""100000011011011010""]",1,0.000244140625,False,False,,,,4.788391034158717,0.1649874498935357,{},{}
"[0, 1, 0, 1, 1, 0, 1, 1, 0, 1, 1, 0, 0, 1, 1, 1, 0, 1]",010110110110011101,"[""101110011011011010""]",1,0.000244140625,False,False,,,,6.57797739440624,0.2295212750427658,{},{}
"[0, 1, 0, 1, 1, 0, 1, 1, 0, 1, 1, 0, 0, 1, 1, 1, 1, 1]",010110110110011111,"[""111110011011011010""]",1,0.000244140625,False,False,,,,9.919590223366319,0.3500223376406653,{},{}
"[0, 1, 0, 1, 1, 0, 1, 1, 1, 0, 0, 0, 1, 1, 0, 1, 0, 1]",010110111000110101,"[""101011000111011010""]",1,0.000244140625,False,False,,,,9.375351525297539,0.3303966823715016,{},{}
"[0, 1, 0, 1, 1, 0, 1, 1, 1, 1, 0, 0, 0, 1, 0, 0, 0, 1]",010110111100010001,"[""100010001111011010""]",1,0.000244140625,False,False,,,,6.096233701075973,0.21214923647413267,{},{}
"[0, 1, 0, 1, 1, 1, 0, 0, 0, 0, 1, 0, 1, 1, 1, 1, 0, 0]",010111000010111100,"[""1111010000111010""]",1,0.000244140625,False,False,,,,9.996812311769943,0.35280702401367087,{},{}
"[0, 1, 0, 1, 1, 1, 0, 0, 0, 1, 0, 1, 1, 0, 1, 1, 1, 0]",010111000101101110,"[""11101101000111010""]",1,0.000244140625,False,False,,,,9.264284339628711,0.3263915164298156,{},{}
"[0, 1, 0, 1, 1, 1, 0, 0, 1, 0, 0, 0, 1, 0, 1, 0, 1, 1]",010111001000101011,"[""110101000100111010""]",1,0.000244140625,False,False,,,,8.151615672323281,0.286267850525822,{},{}
"[0, 1, 0, 1, 1, 1, 0, 0, 1, 0, 1, 0, 1, 0, 1, 0, 0, 0]",010111001010101000,"[""101010100111010""]",1,0.000244140625,False,False,,,,6.766358657687144,0.23631444455724482,{},{}
"[0, 1, 0, 1, 1, 1, 0, 0, 1, 0, 1, 1, 1, 0, 1, 0, 0, 1]",010111001011101001,"[""100101110100111010""]",1,0.000244140625,False,False,,,,7.328746796753137,0.25659458226876936,{},{}
"[0, 1, 0, 1, 1, 1, 0, 0, 1, 1, 1, 0, 0, 0, 0, 1, 0, 0]",010111001110000100,"[""1000011100111010""]",1,0.000244140625,False,False,,,,6.805773310856463,0.23773576648528774,{},{}
"[0, 1, 0, 1, 1, 1, 0, 0, 1, 1, 1, 0, 0, 0, 1, 0, 0, 1]",010111001110001001,"[""100100011100111010""]",1,0.000244140625,False,False,,,,6.1029162769426115,0.21239021516736792,{},{}
"[0, 1, 0, 1, 1, 1, 0, 0, 1, 1, 1, 0, 0, 1, 0, 0, 0, 0]",010111001110010000,"[""10011100111010""]",1,0.000244140625,False,False,,,,6.820035649316989,0.23825007709743584,{},{}
"[0, 1, 0, 1, 1, 1, 0, 1, 0, 0, 1, 0, 0, 1, 0, 0, 0, 0]",010111010010010000,"[""10010010111010""]",1,0.000244140625,False,False,,,,5.685989380406254,0.1973555188605817,{},{}
"[0, 1, 0, 1, 1, 1, 0, 1, 0, 0, 1, 0, 1, 0, 0, 1, 0, 1]",010111010010100101,"[""101001010010111010""]",1,0.000244140625,False,False,,,,6.110827283165103,0.21267549197974045,{},{}
"[0, 1, 0, 1, 1, 1, 0, 1, 0, 1, 0, 0, 0, 0, 0, 1, 0, 0]",010111010100000100,"[""1000001010111010""]",1,0.000244140625,False,False,,,,5.570483514523717,0.19319029078433336,{},{}
"[0, 1, 0, 1, 1, 1, 0, 1, 0, 1, 0, 0, 1, 0, 1, 1, 0, 1]",010111010100101101,"[""101101001010111010""]",1,0.000244140625,False,False,,,,7.345715204533157,0.2572064757683293,{},{}
"[0, 1, 0, 1, 1, 1, 0, 1, 0, 1, 0, 0, 1, 1, 1, 0, 0, 1]",010111010100111001,"[""100111001010111010""]",1,0.000244140625,False,False,,,,9.333301053693244,0.3288803108555839,{},{}
"[0, 1, 0, 1, 1, 1, 0, 1, 0, 1, 0, 1, 0, 0, 0, 1, 0, 0]",010111010101000100,"[""1000101010111010""]",1,0.000244140625,False,False,,,,6.7647239689642555,0.2362554964569689,{},{}
"[0, 1, 0, 1, 1, 1, 0, 1, 0, 1, 1, 0, 1, 1, 0, 1, 1, 0]",010111010110110110,"[""11011011010111010""]",1,0.000244140625,False,False,,,,8.68807341414727,0.30561291868226004,{},{}
"[0, 1, 0, 1, 1, 1, 0, 1, 1, 0, 0, 1, 1, 1, 1, 1, 1, 0]",010111011001111110,"[""11111100110111010""]",1,0.000244140625,False,False,,,,11.887258098226413,0.4209779156494379,{},{}
"[0, 1, 0, 1, 1, 1, 0, 1, 1, 0, 1, 1, 0, 0, 1, 0, 1, 1]",010111011011001011,"[""110100110110111010""]",1,0.000244140625,False,False,,,,8.777629216566725,0.3088423680247532,{},{}
"[0, 1, 0, 1, 1, 1, 0, 1, 1, 1, 0, 1, 1, 1, 1, 1, 0, 0]",010111011101111100,"[""1111101110111010""]",1,0.000244140625,False,False,,,,11.822796253162771,0.418653373212962,{},{}
"[0, 1, 0, 1, 1, 1, 1, 0, 0, 0, 0, 0, 0, 0, 1, 1, 0, 0]",010111100000001100,"[""1100000001111010""]",1,0.000244140625,False,False,,,,5.53182544840063,0.19179625195211428,{},{}
"[0, 1, 0, 1, 1, 1, 1, 0, 0, 0, 0, 1, 0, 1, 0, 0, 1, 0]",010111100001010010,"[""10010100001111010""]",1,0.000244140625,False,False,,,,4.815322727431995,0.16595862693381558,{},{}
"[0, 1, 0, 1, 1, 1, 1, 0, 0, 0, 1, 0, 0, 1, 0, 0, 1, 1]",010111100010010011,"[""110010010001111010""]",1,0.000244140625,False,False,,,,6.185816747886778,0.21537966826979307,{},{}
"[0, 1, 0, 1, 1, 1, 1, 0, 0, 0, 1, 0, 1, 0, 0, 1, 0, 0]",010111100010100100,"[""1001010001111010""]",1,0.000244140625,False,False,,,,4.7883091644826425,0.1649844976116687,{},{}
"[0, 1, 0, 1, 1, 1, 1, 0, 0, 0, 1, 0, 1, 1, 0, 1, 0, 0]",010111100010110100,"[""1011010001111010""]",1,0.000244140625,False,False,,,,6.045565279817859,0.2103220952359717,{},{}
"[0, 1, 0, 1, 1, 1, 1, 0, 0, 1, 0, 0, 0, 1, 0, 1, 0, 0]",010111100100010100,"[""1010001001111010""]",1,0.000244140625,False,False,,,,4.825663841541983,0.16633153525757477,{},{}
"[0, 1, 0, 1, 1, 1, 1, 0, 1, 1, 1, 0, 1, 0, 1, 0, 0, 1]",010111101110101001,"[""100101011101111010""]",1,0.000244140625,False,False,,,,8.608518699589693,0.3027441160622258,{},{}
"[0, 1, 0, 1, 1, 1, 1, 1, 0, 0, 0, 0, 1, 0, 0, 1, 0, 1]",010111110000100101,"[""101001000011111010""]",1,0.000244140625,False,False,,,,8.136372428235788,0.28571816772173914,{},{}
"[0, 1, 0, 1, 1, 1, 1, 1, 0, 0, 0, 0, 1, 1, 0, 0, 1, 1]",010111110000110011,"[""110011000011111010""]",1,0.000244140625,False,False,,,,9.448969027662912,0.3330513846709273,{},{}
"[0, 1, 0, 1, 1, 1, 1, 1, 1, 0, 0, 0, 1, 1, 1, 1, 1, 0]",010111111000111110,"[""11111000111111010""]",1,0.000244140625,False,False,,,,15.94105510150251,0.5671608732373069,{},{}
"[0, 1, 0, 1, 1, 1, 1, 1, 1, 1, 0, 0, 1, 1, 0, 1, 1, 0]",010111111100110110,"[""11011001111111010""]",1,0.000244140625,False,False,,,,12.006562067539472,0.4252801061814405,{},{}
"[0, 1, 1, 0, 0, 0, 0, 0, 0, 0, 0, 1, 0, 0, 0, 1, 1, 1]",011000000001000111,"[""111000100000000110""]",1,0.000244140625,False,False,,,,8.32189517803561,0.29240825709810775,{},{}
"[0, 1, 1, 0, 0, 0, 0, 0, 0, 0, 0, 1, 0, 1, 0, 0, 1, 1]",011000000001010011,"[""110010100000000110""]",1,0.000244140625,False,False,,,,4.403595362619796,0.1511114296371907,{},{}
"[0, 1, 1, 0, 0, 0, 0, 0, 0, 0, 0, 1, 1, 0, 1, 0, 1, 0]",011000000001101010,"[""10101100000000110""]",1,0.000244140625,False,False,,,,4.346450215358474,0.1490507328061202,{},{}
"[0, 1, 1, 0, 0, 0, 0, 0, 0, 0, 0, 1, 1, 1, 0, 0, 0, 0]",011000000001110000,"[""11100000000110""]",1,0.000244140625,False,False,,,,5.053242961637607,0.17453820886109692,{},{}
"[0, 1, 1, 0, 0, 0, 0, 0, 0, 1, 1, 1, 0, 0, 1, 1, 0, 1]",011000000111001101,"[""101100111000000110""]",1,0.000244140625,False,False,,,,8.74202686442338,0.30755852052839533,{},{}
"[0, 1, 1, 0, 0, 0, 0, 0, 0, 1, 1, 1, 1, 0, 0, 0, 1, 0]",011000000111100010,"[""10001111000000110""]",1,0.000244140625,False,False,,,,7.436178247381005,0.2604686408804968,{},{}
"[0, 1, 1, 0, 0, 0, 0, 0, 1, 0, 0, 1, 1, 0, 1, 0, 0, 1]",011000001001101001,"[""100101100100000110""]",1,0.000244140625,False,False,,,,3.6271656164111477,0.12311279118335289,{},{}
"[0, 1, 1, 0, 0, 0, 0, 0, 1, 0, 1, 0, 0, 0, 1, 0, 1, 0]",011000001010001010,"[""10100010100000110""]",1,0.000244140625,False,False,,,,2.3856602324687577,0.07834317673564081,{},{}
"[0, 1, 1, 0, 0, 0, 0, 0, 1, 0, 1, 0, 1, 1, 0, 1, 0, 1]",011000001010110101,"[""101011010100000110""]",1,0.000244140625,False,False,,,,4.738270071101719,0.16318005040833627,{},{}
"[0, 1, 1, 0, 0, 0, 0, 0, 1, 0, 1, 1, 0, 0, 0, 0, 0, 1]",011000001011000001,"[""100000110100000110""]",1,0.000244140625,False,False,,,,4.394068589719699,0.15076788706767413,{},{}
"[0, 1, 1, 0, 0, 0, 0, 0, 1, 1, 0, 0, 0, 0, 0, 0, 0, 0]",011000001100000000,"[""1100000110""]",1,0.000244140625,False,False,,,,3.8504185314526103,0.13116345859084752,{},{}
"[0, 1, 1, 0, 0, 0, 0, 0, 1, 1, 0, 0, 0, 0, 1, 1, 0, 1]",011000001100001101,"[""101100001100000110""]",1,0.000244140625,False,False,,,,3.566526690302081,0.12092610606902382,{},{}
"[0, 1, 1, 0, 0, 0, 0, 0, 1, 1, 0, 0, 0, 1, 0, 0, 1, 0]",011000001100010010,"[""10010001100000110""]",1,0.000244140625,False,False,,,,2.283779100603126,0.0746692667775246,{},{}
"[0, 1, 1, 0, 0, 0, 0, 0, 1, 1, 0, 0, 1, 0, 1, 0, 1, 1]",011000001100101011,"[""110101001100000110""]",1,0.000244140625,False,False,,,,4.754435320605698,0.16376298141862805,{},{}
"[0, 1, 1, 0, 0, 0, 0, 0, 1, 1, 0, 1, 0, 1, 0, 0, 0, 1]",011000001101010001,"[""100010101100000110""]",1,0.000244140625,False,False,,,,3.5503574442261137,0.12034303093935138,{},{}
"[0, 1, 1, 0, 0, 0, 0, 0, 1, 1, 1, 0, 0, 0, 1, 1, 0, 0]",011000001110001100,"[""1100011100000110""]",1,0.000244140625,False,False,,,,3.47024520666731,0.11745412362212175,{},{}
"[0, 1, 1, 0, 0, 0, 0, 0, 1, 1, 1, 0, 1, 1, 1, 1, 1, 0]",011000001110111110,"[""11111011100000110""]",1,0.000244140625,False,False,,,,9.183806443370543,0.3234894231858862,{},{}
"[0, 1, 1, 0, 0, 0, 0, 1, 0, 0, 0, 0, 0, 0, 1, 1, 0, 0]",011000010000001100,"[""1100000010000110""]",1,0.000244140625,False,False,,,,3.1432950938437982,0.10566405755872416,{},{}
"[0, 1, 1, 0, 0, 0, 0, 1, 0, 0, 0, 0, 1, 1, 0, 0, 0, 1]",011000010000110001,"[""100011000010000110""]",1,0.000244140625,False,False,,,,4.334374751594515,0.14861528253423087,{},{}
"[0, 1, 1, 0, 0, 0, 0, 1, 0, 0, 0, 1, 0, 1, 0, 0, 1, 0]",011000010001010010,"[""10010100010000110""]",1,0.000244140625,False,False,,,,2.4523471212447427,0.08074795591568572,{},{}
"[0, 1, 1, 0, 0, 0, 0, 1, 0, 0, 0, 1, 1, 1, 0, 1, 0, 1]",011000010001110101,"[""101011100010000110""]",1,0.000244140625,False,False,,,,4.744823604827699,0.16341637574528367,{},{}
"[0, 1, 1, 0, 0, 0, 0, 1, 0, 1, 0, 0, 0, 1, 1, 1, 1, 0]",011000010100011110,"[""11110001010000110""]",1,0.000244140625,False,False,,,,4.807608188936472,0.1656804348948976,{},{}
"[0, 1, 1, 0, 0, 0, 0, 1, 0, 1, 0, 1, 0, 1, 1, 0, 0, 0]",011000010101011000,"[""110101010000110""]",1,0.000244140625,False,False,,,,5.606102644809153,0.19447474331306744,{},{}
"[0, 1, 1, 0, 0, 0, 0, 1, 0, 1, 0, 1, 1, 0, 0, 0, 1, 1]",011000010101100011,"[""110001101010000110""]",1,0.000244140625,False,False,,,,4.720472107305127,0.16253824249720378,{},{}
"[0, 1, 1, 0, 0, 0, 0, 1, 0, 1, 0, 1, 1, 0, 0, 1, 1, 0]",011000010101100110,"[""11001101010000110""]",1,0.000244140625,False,False,,,,4.708394238668154,0.16210270550379155,{},{}
"[0, 1, 1, 0, 0, 0, 0, 1, 0, 1, 1, 0, 0, 0, 0, 0, 0, 0]",011000010110000000,"[""11010000110""]",1,0.000244140625,False,False,,,,5.0646289701152325,0.17494879685872844,{},{}
"[0, 1, 1, 0, 0, 0, 0, 1, 1, 0, 0, 0, 0, 0, 0, 0, 1, 0]",011000011000000010,"[""10000000110000110""]",1,0.000244140625,False,False,,,,5.197349763669392,0.1797348081265538,{},{}
"[0, 1, 1, 0, 0, 0, 0, 1, 1, 0, 0, 0, 1, 0, 0, 0, 1, 1]",011000011000100011,"[""110001000110000110""]",1,0.000244140625,False,False,,,,5.607589366970094,0.1945283556282431,{},{}
"[0, 1, 1, 0, 0, 0, 0, 1, 1, 0, 0, 1, 0, 0, 1, 1, 1, 0]",011000011001001110,"[""11100100110000110""]",1,0.000244140625,False,False,,,,4.858981460439624,0.16753299356106321,{},{}
"[0, 1, 1, 0, 0, 0, 0, 1, 1, 0, 1, 0, 1, 0, 0, 1, 0, 0]",011000011010100100,"[""1001010110000110""]",1,0.000244140625,False,False,,,,3.5132501052452865,0.11900491248989545,{},{}
"[0, 1, 1, 0, 0, 0, 0, 1, 1, 0, 1, 0, 1, 1, 1, 1, 0, 0]",011000011010111100,"[""1111010110000110""]",1,0.000244140625,False,False,,,,8.045912392559881,0.28245611105044516,{},{}
"[0, 1, 1, 0, 0, 0, 0, 1, 1, 1, 0, 1, 1, 0, 0, 1, 0, 1]",011000011101100101,"[""101001101110000110""]",1,0.000244140625,False,False,,,,5.9904643230962895,0.208335113447547,{},{}
"[0, 1, 1, 0, 0, 0, 0, 1, 1, 1, 1, 0, 0, 0, 0, 1, 0, 0]",011000011110000100,"[""1000011110000110""]",1,0.000244140625,False,False,,,,5.494572766715616,0.19045289233583507,{},{}
"[0, 1, 1, 0, 0, 0, 0, 1, 1, 1, 1, 0, 1, 0, 1, 0, 1, 1]",011000011110101011,"[""110101011110000110""]",1,0.000244140625,False,False,,,,7.275511643831594,0.25467488276348466,{},{}
"[0, 1, 1, 0, 0, 0, 1, 0, 0, 0, 0, 0, 0, 1, 0, 1, 1, 0]",011000100000010110,"[""11010000001000110""]",1,0.000244140625,False,False,,,,4.269759866129749,0.14628522134621197,{},{}
"[0, 1, 1, 0, 0, 0, 1, 0, 0, 0, 0, 1, 0, 0, 0, 0, 0, 0]",011000100001000000,"[""100001000110""]",1,0.000244140625,False,False,,,,3.8757988349189185,0.13207869135217823,{},{}
"[0, 1, 1, 0, 0, 0, 1, 0, 0, 0, 1, 0, 0, 0, 0, 1, 0, 1]",011000100010000101,"[""101000010001000110""]",1,0.000244140625,False,False,,,,4.240813546321349,0.14524139536344655,{},{}
"[0, 1, 1, 0, 0, 0, 1, 0, 0, 0, 1, 0, 0, 0, 1, 0, 1, 0]",011000100010001010,"[""10100010001000110""]",1,0.000244140625,False,False,,,,2.299820734804599,0.0752477401273788,{},{}
"[0, 1, 1, 0, 0, 0, 1, 0, 0, 0, 1, 0, 0, 1, 1, 0, 1, 0]",011000100010011010,"[""10110010001000110""]",1,0.000244140625,False,False,,,,3.5595300109979258,0.12067380057046317,{},{}
"[0, 1, 1, 0, 0, 0, 1, 0, 0, 1, 0, 0, 0, 0, 1, 0, 0, 1]",011000100100001001,"[""100100001001000110""]",1,0.000244140625,False,False,,,,2.294146477771992,0.07504312216686675,{},{}
"[0, 1, 1, 0, 0, 0, 1, 0, 0, 1, 0, 0, 0, 1, 1, 0, 0, 0]",011000100100011000,"[""110001001000110""]",1,0.000244140625,False,False,,,,4.269692042411228,0.14628277557209948,{},{}
"[0, 1, 1, 0, 0, 0, 1, 0, 0, 1, 0, 0, 1, 0, 0, 0, 0, 1]",011000100100100001,"[""100001001001000110""]",1,0.000244140625,False,False,,,,2.2605102380380666,0.07383017415726831,{},{}
"[0, 1, 1, 0, 0, 0, 1, 0, 0, 1, 1, 1, 1, 0, 0, 1, 0, 1]",011000100111100101,"[""101001111001000110""]",1,0.000244140625,False,False,,,,7.944258346617458,0.2787903899808832,{},{}
"[0, 1, 1, 0, 0, 0, 1, 0, 0, 1, 1, 1, 1, 0, 1, 1, 0, 1]",011000100111101101,"[""101101111001000110""]",1,0.000244140625,False,False,,,,9.234018398359494,0.3253001039083353,{},{}
"[0, 1, 1, 0, 0, 0, 1, 0, 1, 0, 0, 0, 0, 0, 1, 1, 1, 1]",011000101000001111,"[""111100000101000110""]",1,0.000244140625,False,False,,,,8.800214155863479,0.30965679785946715,{},{}
"[0, 1, 1, 0, 0, 0, 1, 0, 1, 0, 0, 1, 0, 0, 0, 1, 1, 1]",011000101001000111,"[""111000100101000110""]",1,0.000244140625,False,False,,,,8.781536817333809,0.30898327903651407,{},{}
"[0, 1, 1, 0, 0, 0, 1, 0, 1, 0, 1, 0, 1, 0, 0, 1, 0, 1]",011000101010100101,"[""101001010101000110""]",1,0.000244140625,False,False,,,,4.7458945285433884,0.16345499405695146,{},{}
"[0, 1, 1, 0, 0, 0, 1, 0, 1, 0, 1, 1, 0, 1, 0, 0, 1, 0]",011000101011010010,"[""10010110101000110""]",1,0.000244140625,False,False,,,,4.790501594412994,0.16506355827782043,{},{}
"[0, 1, 1, 0, 0, 0, 1, 0, 1, 1, 0, 1, 0, 0, 0, 0, 0, 1]",011000101101000001,"[""100000101101000110""]",1,0.000244140625,False,False,,,,5.553134068981565,0.1925646567775462,{},{}
"[0, 1, 1, 0, 0, 0, 1, 0, 1, 1, 0, 1, 1, 0, 1, 0, 1, 1]",011000101101101011,"[""110101101101000110""]",1,0.000244140625,False,False,,,,7.272355374979572,0.25456106534357975,{},{}
"[0, 1, 1, 0, 0, 0, 1, 0, 1, 1, 1, 0, 0, 0, 1, 1, 0, 0]",011000101110001100,"[""1100011101000110""]",1,0.000244140625,False,False,,,,4.707743878563983,0.1620792530310979,{},{}
"[0, 1, 1, 0, 0, 0, 1, 1, 0, 0, 0, 0, 0, 0, 1, 0, 0, 0]",011000110000001000,"[""100000011000110""]",1,0.000244140625,False,False,,,,5.131635056920224,0.17736508655888542,{},{}
"[0, 1, 1, 0, 0, 0, 1, 1, 0, 0, 0, 0, 0, 1, 0, 0, 1, 1]",011000110000010011,"[""110010000011000110""]",1,0.000244140625,False,False,,,,5.61479078906188,0.19478804430514654,{},{}
"[0, 1, 1, 0, 0, 0, 1, 1, 0, 0, 0, 0, 1, 1, 0, 1, 0, 1]",011000110000110101,"[""101011000011000110""]",1,0.000244140625,False,False,,,,6.756462932183484,0.23595759728037485,{},{}
"[0, 1, 1, 0, 0, 0, 1, 1, 0, 0, 0, 1, 0, 0, 0, 0, 0, 1]",011000110001000001,"[""100000100011000110""]",1,0.000244140625,False,False,,,,4.328112637203164,0.14838946599686073,{},{}
"[0, 1, 1, 0, 0, 0, 1, 1, 0, 0, 1, 0, 1, 0, 0, 1, 0, 0]",011000110010100100,"[""1001010011000110""]",1,0.000244140625,False,False,,,,3.4881583036265402,0.11810008332137219,{},{}
"[0, 1, 1, 0, 0, 0, 1, 1, 0, 0, 1, 0, 1, 0, 1, 0, 0, 0]",011000110010101000,"[""101010011000110""]",1,0.000244140625,False,False,,,,5.523453004575904,0.1914943353540341,{},{}
"[0, 1, 1, 0, 0, 0, 1, 1, 0, 1, 0, 0, 0, 1, 0, 1, 1, 1]",011000110100010111,"[""111010001011000110""]",1,0.000244140625,False,False,,,,8.022181459995355,0.2816003558397632,{},{}
"[0, 1, 1, 0, 0, 0, 1, 1, 0, 1, 0, 0, 1, 0, 0, 0, 0, 0]",011000110100100000,"[""1001011000110""]",1,0.000244140625,False,False,,,,4.255939347824925,0.1457868430999496,{},{}
"[0, 1, 1, 0, 0, 0, 1, 1, 0, 1, 0, 1, 0, 0, 0, 0, 0, 1]",011000110101000001,"[""100000101011000110""]",1,0.000244140625,False,False,,,,5.5111868697916195,0.19105200934227548,{},{}
"[0, 1, 1, 0, 0, 0, 1, 1, 0, 1, 1, 0, 1, 1, 0, 0, 0, 1]",011000110110110001,"[""100011011011000110""]",1,0.000244140625,False,False,,,,5.960786646067466,0.20726491417538193,{},{}
"[0, 1, 1, 0, 0, 0, 1, 1, 0, 1, 1, 1, 1, 1, 1, 1, 1, 0]",011000110111111110,"[""11111111011000110""]",1,0.000244140625,False,False,,,,13.828316452441646,0.4909739344043263,{},{}
"[0, 1, 1, 0, 0, 0, 1, 1, 1, 0, 0, 1, 1, 0, 0, 1, 0, 0]",011000111001100100,"[""1001100111000110""]",1,0.000244140625,False,False,,,,6.757805160889618,0.23600599905329625,{},{}
"[0, 1, 1, 0, 0, 0, 1, 1, 1, 0, 1, 0, 0, 1, 0, 0, 0, 1]",011000111010010001,"[""100010010111000110""]",1,0.000244140625,False,False,,,,6.867477697178306,0.23996087289327558,{},{}
"[0, 1, 1, 0, 0, 1, 0, 0, 0, 0, 0, 0, 0, 0, 0, 0, 1, 1]",011001000000000011,"[""110000000000100110""]",1,0.000244140625,False,False,,,,5.241350590778504,0.18132151092344378,{},{}
"[0, 1, 1, 0, 0, 1, 0, 0, 0, 0, 1, 0, 0, 0, 1, 1, 0, 1]",011001000010001101,"[""101100010000100110""]",1,0.000244140625,False,False,,,,3.6083338809055308,0.12243370468975225,{},{}
"[0, 1, 1, 0, 0, 1, 0, 0, 0, 0, 1, 1, 0, 1, 0, 0, 0, 1]",011001000011010001,"[""100010110000100110""]",1,0.000244140625,False,False,,,,3.6541205413527145,0.12408480597499955,{},{}
"[0, 1, 1, 0, 0, 1, 0, 0, 0, 0, 1, 1, 1, 0, 0, 0, 0, 0]",011001000011100000,"[""1110000100110""]",1,0.000244140625,False,False,,,,4.265537206523005,0.14613294907660848,{},{}
"[0, 1, 1, 0, 0, 1, 0, 0, 0, 1, 0, 0, 0, 0, 0, 0, 0, 0]",011001000100000000,"[""1000100110""]",1,0.000244140625,False,False,,,,3.871257599365787,0.13191493099522808,{},{}
"[0, 1, 1, 0, 0, 1, 0, 0, 0, 1, 0, 0, 0, 1, 0, 0, 1, 0]",011001000100010010,"[""10010001000100110""]",1,0.000244140625,False,False,,,,2.3232955070459735,0.07609425800485824,{},{}
"[0, 1, 1, 0, 0, 1, 0, 0, 0, 1, 0, 0, 1, 0, 1, 1, 1, 0]",011001000100101110,"[""11101001000100110""]",1,0.000244140625,False,False,,,,4.7430780284298955,0.16335342895235835,{},{}
"[0, 1, 1, 0, 0, 1, 0, 0, 0, 1, 0, 1, 0, 0, 0, 1, 0, 1]",011001000101000101,"[""101000101000100110""]",1,0.000244140625,False,False,,,,5.587365758215258,0.19379907714229705,{},{}
"[0, 1, 1, 0, 0, 1, 0, 0, 0, 1, 0, 1, 1, 1, 0, 0, 0, 1]",011001000101110001,"[""100011101000100110""]",1,0.000244140625,False,False,,,,4.762488517275208,0.16405338572506822,{},{}
"[0, 1, 1, 0, 0, 1, 0, 0, 0, 1, 1, 0, 1, 0, 0, 1, 0, 0]",011001000110100100,"[""1001011000100110""]",1,0.000244140625,False,False,,,,3.4441061630196765,0.11651153012130229,{},{}
"[0, 1, 1, 0, 0, 1, 0, 0, 1, 0, 0, 0, 0, 0, 1, 0, 1, 1]",011001001000001011,"[""110100000100100110""]",1,0.000244140625,False,False,,,,3.7879941538073263,0.1289123887562221,{},{}
"[0, 1, 1, 0, 0, 1, 0, 0, 1, 0, 0, 0, 1, 1, 0, 0, 0, 1]",011001001000110001,"[""100011000100100110""]",1,0.000244140625,False,False,,,,3.682665819962863,0.12511417011164205,{},{}
"[0, 1, 1, 0, 0, 1, 0, 0, 1, 0, 0, 0, 1, 1, 1, 0, 1, 0]",011001001000111010,"[""10111000100100110""]",1,0.000244140625,False,False,,,,6.8577180949652865,0.23960893432426797,{},{}
"[0, 1, 1, 0, 0, 1, 0, 0, 1, 0, 1, 0, 0, 0, 0, 0, 0, 0]",011001001010000000,"[""10100100110""]",1,0.000244140625,False,False,,,,3.1883781932786444,0.10728978790666406,{},{}
"[0, 1, 1, 0, 0, 1, 0, 0, 1, 0, 1, 1, 0, 0, 1, 0, 0, 1]",011001001011001001,"[""100100110100100110""]",1,0.000244140625,False,False,,,,3.002479955296523,0.10058615814507552,{},{}
"[0, 1, 1, 0, 0, 1, 0, 0, 1, 0, 1, 1, 0, 0, 1, 0, 1, 0]",011001001011001010,"[""10100110100100110""]",1,0.000244140625,False,False,,,,2.9351572766118954,0.0981584519045057,{},{}
"[0, 1, 1, 0, 0, 1, 0, 0, 1, 0, 1, 1, 0, 1, 0, 1, 1, 1]",011001001011010111,"[""111010110100100110""]",1,0.000244140625,False,False,,,,7.421428215559461,0.259936743680305,{},{}
"[0, 1, 1, 0, 0, 1, 0, 0, 1, 1, 0, 0, 0, 0, 0, 0, 0, 1]",011001001100000001,"[""100000001100100110""]",1,0.000244140625,False,False,,,,2.4639493287165126,0.08116634021105147,{},{}
"[0, 1, 1, 0, 0, 1, 0, 0, 1, 1, 0, 0, 0, 0, 1, 1, 0, 1]",011001001100001101,"[""101100001100100110""]",1,0.000244140625,False,False,,,,2.9196503753515355,0.09759926142520184,{},{}
"[0, 1, 1, 0, 0, 1, 0, 0, 1, 1, 0, 0, 1, 1, 1, 1, 0, 0]",011001001100111100,"[""1111001100100110""]",1,0.000244140625,False,False,,,,6.023780944340826,0.2095365357749169,{},{}
"[0, 1, 1, 0, 0, 1, 0, 0, 1, 1, 0, 1, 1, 1, 0, 1, 0, 0]",011001001101110100,"[""1011101100100110""]",1,0.000244140625,False,False,,,,3.9799699038613268,0.13583517815721174,{},{}
"[0, 1, 1, 0, 0, 1, 0, 0, 1, 1, 1, 0, 0, 1, 0, 1, 0, 1]",011001001110010101,"[""101010011100100110""]",1,0.000244140625,False,False,,,,4.089952603228836,0.13980123671022926,{},{}
"[0, 1, 1, 0, 0, 1, 0, 0, 1, 1, 1, 0, 1, 1, 0, 0, 0, 1]",011001001110110001,"[""100011011100100110""]",1,0.000244140625,False,False,,,,4.057138693229608,0.13861794252706403,{},{}
"[0, 1, 1, 0, 0, 1, 0, 0, 1, 1, 1, 1, 1, 0, 1, 1, 0, 1]",011001001111101101,"[""101101111100100110""]",1,0.000244140625,False,False,,,,8.583286777562144,0.30183423404676407,{},{}
"[0, 1, 1, 0, 0, 1, 0, 1, 0, 0, 0, 0, 0, 1, 0, 1, 0, 0]",011001010000010100,"[""1010000010100110""]",1,0.000244140625,False,False,,,,2.3700925993558815,0.07778179622022678,{},{}
"[0, 1, 1, 0, 0, 1, 0, 1, 0, 0, 0, 1, 0, 0, 0, 1, 0, 0]",011001010001000100,"[""1000100010100110""]",1,0.000244140625,False,False,,,,2.339794306044201,0.07668921705985272,{},{}
"[0, 1, 1, 0, 0, 1, 0, 1, 0, 0, 0, 1, 0, 0, 1, 1, 0, 0]",011001010001001100,"[""1100100010100110""]",1,0.000244140625,False,False,,,,1.6309955107085732,0.05112940137269713,{},{}
"[0, 1, 1, 0, 0, 1, 0, 1, 0, 0, 1, 1, 1, 0, 0, 1, 1, 0]",011001010011100110,"[""11001110010100110""]",1,0.000244140625,False,False,,,,4.0026662482145365,0.1366536253417411,{},{}
"[0, 1, 1, 0, 0, 1, 0, 1, 0, 1, 0, 0, 0, 1, 1, 0, 1, 0]",011001010100011010,"[""10110001010100110""]",1,0.000244140625,False,False,,,,2.871947025727743,0.09587904289200481,{},{}
"[0, 1, 1, 0, 0, 1, 0, 1, 0, 1, 0, 1, 0, 1, 1, 0, 1, 0]",011001010101011010,"[""10110101010100110""]",1,0.000244140625,False,False,,,,4.1336910696752724,0.1413784785850273,{},{}
"[0, 1, 1, 0, 0, 1, 0, 1, 0, 1, 1, 0, 0, 0, 1, 1, 1, 0]",011001010110001110,"[""11100011010100110""]",1,0.000244140625,False,False,,,,4.03212340893138,0.1377158726304557,{},{}
"[0, 1, 1, 0, 0, 1, 0, 1, 1, 0, 0, 0, 0, 0, 0, 1, 0, 0]",011001011000000100,"[""1000000110100110""]",1,0.000244140625,False,False,,,,4.403849691082429,0.15112060091213034,{},{}
"[0, 1, 1, 0, 0, 1, 0, 1, 1, 0, 0, 0, 0, 0, 1, 1, 1, 0]",011001011000001110,"[""11100000110100110""]",1,0.000244140625,False,False,,,,4.902226602295036,0.16909244578144378,{},{}
"[0, 1, 1, 0, 0, 1, 0, 1, 1, 0, 0, 0, 0, 1, 0, 1, 1, 0]",011001011000010110,"[""11010000110100110""]",1,0.000244140625,False,False,,,,4.917107763943202,0.16962907162144367,{},{}
"[0, 1, 1, 0, 0, 1, 0, 1, 1, 0, 0, 0, 0, 1, 0, 1, 1, 1]",011001011000010111,"[""111010000110100110""]",1,0.000244140625,False,False,,,,8.25868059369649,0.2901286918179735,{},{}
"[0, 1, 1, 0, 0, 1, 0, 1, 1, 0, 0, 0, 1, 0, 0, 0, 0, 1]",011001011000100001,"[""100001000110100110""]",1,0.000244140625,False,False,,,,3.7047110944939927,0.12590913923051816,{},{}
"[0, 1, 1, 0, 0, 1, 0, 1, 1, 0, 0, 1, 0, 0, 0, 0, 0, 1]",011001011001000001,"[""100000100110100110""]",1,0.000244140625,False,False,,,,3.778576218565118,0.1285727709542048,{},{}
"[0, 1, 1, 0, 0, 1, 0, 1, 1, 1, 1, 0, 0, 0, 1, 0, 0, 1]",011001011110001001,"[""100100011110100110""]",1,0.000244140625,False,False,,,,4.171624795933262,0.14274639717893817,{},{}
"[0, 1, 1, 0, 0, 1, 0, 1, 1, 1, 1, 1, 1, 1, 0, 0, 0, 1]",011001011111110001,"[""100011111110100110""]",1,0.000244140625,False,False,,,,8.597172119107713,0.302334949867662,{},{}
"[0, 1, 1, 0, 0, 1, 1, 0, 0, 0, 0, 1, 0, 0, 0, 1, 0, 0]",011001100001000100,"[""1000100001100110""]",1,0.000244140625,False,False,,,,2.301848317738854,0.07532085628732578,{},{}
"[0, 1, 1, 0, 0, 1, 1, 0, 0, 0, 0, 1, 0, 1, 1, 0, 0, 0]",011001100001011000,"[""110100001100110""]",1,0.000244140625,False,False,,,,3.599451928637377,0.12211341483540983,{},{}
"[0, 1, 1, 0, 0, 1, 1, 0, 0, 0, 0, 1, 1, 0, 0, 1, 0, 1]",011001100001100101,"[""101001100001100110""]",1,0.000244140625,False,False,,,,2.8069076680434284,0.09353367491767735,{},{}
"[0, 1, 1, 0, 0, 1, 1, 0, 0, 0, 1, 0, 1, 0, 1, 0, 0, 1]",011001100010101001,"[""100101010001100110""]",1,0.000244140625,False,False,,,,2.7639530438854187,0.09198469898316,{},{}
"[0, 1, 1, 0, 0, 1, 1, 0, 0, 0, 1, 1, 0, 0, 1, 0, 1, 1]",011001100011001011,"[""110100110001100110""]",1,0.000244140625,False,False,,,,4.101077973628157,0.14020242590345205,{},{}
"[0, 1, 1, 0, 0, 1, 1, 0, 0, 0, 1, 1, 1, 1, 0, 0, 0, 1]",011001100011110001,"[""100011110001100110""]",1,0.000244140625,False,False,,,,3.9844885890755872,0.13599812533204447,{},{}
"[0, 1, 1, 0, 0, 1, 1, 0, 0, 1, 0, 0, 0, 1, 0, 1, 1, 0]",011001100100010110,"[""11010001001100110""]",1,0.000244140625,False,False,,,,2.7468248405572817,0.09136704313639463,{},{}
"[0, 1, 1, 0, 0, 1, 1, 0, 0, 1, 1, 1, 1, 0, 0, 0, 1, 0]",011001100111100010,"[""10001111001100110""]",1,0.000244140625,False,False,,,,5.9319439340260836,0.20622482436633202,{},{}
"[0, 1, 1, 0, 0, 1, 1, 0, 1, 0, 0, 0, 1, 0, 1, 1, 0, 1]",011001101000101101,"[""101101000101100110""]",1,0.000244140625,False,False,,,,6.166487716513044,0.2146826489145472,{},{}
"[0, 1, 1, 0, 0, 1, 1, 0, 1, 0, 0, 1, 1, 1, 0, 0, 1, 1]",011001101001110011,"[""110011100101100110""]",1,0.000244140625,False,False,,,,5.366193178053704,0.18582342816943853,{},{}
"[0, 1, 1, 0, 0, 1, 1, 0, 1, 0, 1, 0, 0, 1, 0, 0, 1, 0]",011001101010010010,"[""10010010101100110""]",1,0.000244140625,False,False,,,,2.848100616031063,0.09501912348940633,{},{}
"[0, 1, 1, 0, 0, 1, 1, 0, 1, 1, 1, 1, 0, 1, 0, 0, 0, 0]",011001101111010000,"[""10111101100110""]",1,0.000244140625,False,False,,,,7.99171598560474,0.2805017480044082,{},{}
"[0, 1, 1, 0, 0, 1, 1, 0, 1, 1, 1, 1, 1, 1, 1, 0, 0, 1]",011001101111111001,"[""100111111101100110""]",1,0.000244140625,False,False,,,,11.833228733975528,0.4190295762884872,{},{}
"[0, 1, 1, 0, 0, 1, 1, 1, 0, 0, 0, 0, 0, 0, 0, 0, 1, 1]",011001110000000011,"[""110000000011100110""]",1,0.000244140625,False,False,,,,5.639523062232921,0.1956799086084385,{},{}
"[0, 1, 1, 0, 0, 1, 1, 1, 0, 0, 0, 0, 0, 1, 0, 0, 1, 0]",011001110000010010,"[""10010000011100110""]",1,0.000244140625,False,False,,,,3.6255922431665164,0.12305605416516871,{},{}
"[0, 1, 1, 0, 0, 1, 1, 1, 0, 0, 0, 1, 0, 1, 1, 0, 1, 0]",011001110001011010,"[""10110100011100110""]",1,0.000244140625,False,False,,,,4.148388579330766,0.14190848179655466,{},{}
"[0, 1, 1, 0, 0, 1, 1, 1, 0, 0, 1, 0, 0, 0, 0, 1, 0, 0]",011001110010000100,"[""1000010011100110""]",1,0.000244140625,False,False,,,,3.5132734789331597,0.11900575536259486,{},{}
"[0, 1, 1, 0, 0, 1, 1, 1, 0, 0, 1, 0, 0, 0, 1, 0, 1, 1]",011001110010001011,"[""110100010011100110""]",1,0.000244140625,False,False,,,,4.128374309068015,0.14118675221349772,{},{}
"[0, 1, 1, 0, 0, 1, 1, 1, 0, 0, 1, 1, 1, 0, 1, 1, 0, 1]",011001110011101101,"[""101101110011100110""]",1,0.000244140625,False,False,,,,6.549026681744481,0.22847729065041653,{},{}
"[0, 1, 1, 0, 0, 1, 1, 1, 1, 0, 0, 0, 0, 1, 0, 0, 1, 0]",011001111000010010,"[""10010000111100110""]",1,0.000244140625,False,False,,,,6.915506972745632,0.241692844560224,{},{}
"[0, 1, 1, 0, 0, 1, 1, 1, 1, 1, 1, 0, 0, 1, 1, 1, 0, 1]",011001111110011101,"[""101110011111100110""]",1,0.000244140625,False,False,,,,9.904839378062954,0.3494904111057095,{},{}
"[0, 1, 1, 0, 1, 0, 0, 0, 0, 0, 1, 0, 0, 1, 0, 0, 1, 0]",011010000010010010,"[""10010010000010110""]",1,0.000244140625,False,False,,,,2.496342768170063,0.08233447191126649,{},{}
"[0, 1, 1, 0, 1, 0, 0, 0, 0, 0, 1, 0, 1, 0, 1, 1, 1, 1]",011010000010101111,"[""111101010000010110""]",1,0.000244140625,False,False,,,,8.03639641105057,0.2821129576265667,{},{}
"[0, 1, 1, 0, 1, 0, 0, 0, 0, 0, 1, 1, 0, 0, 1, 1, 1, 1]",011010000011001111,"[""111100110000010110""]",1,0.000244140625,False,False,,,,8.128408094236526,0.28543096786977595,{},{}
"[0, 1, 1, 0, 1, 0, 0, 0, 0, 0, 1, 1, 0, 1, 0, 0, 0, 1]",011010000011010001,"[""100010110000010110""]",1,0.000244140625,False,False,,,,3.661893108695013,0.12436509057761527,{},{}
"[0, 1, 1, 0, 1, 0, 0, 0, 0, 1, 0, 0, 1, 0, 1, 0, 0, 0]",011010000100101000,"[""101001000010110""]",1,0.000244140625,False,False,,,,4.259374476692965,0.14591071642099152,{},{}
"[0, 1, 1, 0, 1, 0, 0, 0, 0, 1, 0, 0, 1, 0, 1, 1, 0, 1]",011010000100101101,"[""101101001000010110""]",1,0.000244140625,False,False,,,,4.745110035188205,0.16342670463871564,{},{}
"[0, 1, 1, 0, 1, 0, 0, 0, 0, 1, 0, 1, 0, 0, 0, 0, 0, 1]",011010000101000001,"[""100000101000010110""]",1,0.000244140625,False,False,,,,4.319150914506659,0.14806629956109726,{},{}
"[0, 1, 1, 0, 1, 0, 0, 0, 0, 1, 0, 1, 0, 1, 0, 1, 1, 0]",011010000101010110,"[""11010101000010110""]",1,0.000244140625,False,False,,,,4.786769121023294,0.16492896249051697,{},{}
"[0, 1, 1, 0, 1, 0, 0, 0, 1, 0, 0, 0, 1, 0, 1, 0, 1, 1]",011010001000101011,"[""110101000100010110""]",1,0.000244140625,False,False,,,,4.862877047497463,0.16767347134946645,{},{}
"[0, 1, 1, 0, 1, 0, 0, 0, 1, 0, 0, 0, 1, 1, 0, 1, 0, 0]",011010001000110100,"[""1011000100010110""]",1,0.000244140625,False,False,,,,3.5089266464782725,0.11884900532704033,{},{}
"[0, 1, 1, 0, 1, 0, 0, 0, 1, 0, 0, 1, 0, 1, 0, 1, 0, 0]",011010001001010100,"[""1010100100010110""]",1,0.000244140625,False,False,,,,1.5521120786869078,0.04828480570392302,{},{}
"[0, 1, 1, 0, 1, 0, 0, 0, 1, 0, 0, 1, 1, 0, 1, 0, 1, 0]",011010001001101010,"[""10101100100010110""]",1,0.000244140625,False,False,,,,2.8469777936232123,0.09497863367200972,{},{}
"[0, 1, 1, 0, 1, 0, 0, 0, 1, 0, 1, 0, 0, 0, 0, 1, 0, 0]",011010001010000100,"[""1000010100010110""]",1,0.000244140625,False,False,,,,2.3097371249998573,0.07560533258851258,{},{}
"[0, 1, 1, 0, 1, 0, 0, 0, 1, 0, 1, 0, 0, 1, 1, 0, 0, 1]",011010001010011001,"[""100110010100010110""]",1,0.000244140625,False,False,,,,2.948176131237923,0.09862792155779647,{},{}
"[0, 1, 1, 0, 1, 0, 0, 0, 1, 0, 1, 0, 1, 1, 1, 1, 0, 0]",011010001010111100,"[""1111010100010110""]",1,0.000244140625,False,False,,,,6.0135729259983615,0.20916842698426785,{},{}
"[0, 1, 1, 0, 1, 0, 0, 0, 1, 1, 0, 0, 0, 0, 0, 0, 0, 0]",011010001100000000,"[""1100010110""]",1,0.000244140625,False,False,,,,3.066738347011069,0.10290336390132845,{},{}
"[0, 1, 1, 0, 1, 0, 0, 0, 1, 1, 0, 0, 0, 1, 1, 1, 0, 0]",011010001100011100,"[""1110001100010110""]",1,0.000244140625,False,False,,,,2.748419294320647,0.09142454033388071,{},{}
"[0, 1, 1, 0, 1, 0, 0, 0, 1, 1, 0, 1, 0, 1, 1, 0, 1, 0]",011010001101011010,"[""10110101100010110""]",1,0.000244140625,False,False,,,,4.101351603113754,0.14021229318774267,{},{}
"[0, 1, 1, 0, 1, 0, 0, 0, 1, 1, 1, 0, 0, 1, 1, 1, 0, 0]",011010001110011100,"[""1110011100010110""]",1,0.000244140625,False,False,,,,3.9869980711261936,0.13608861913523068,{},{}
"[0, 1, 1, 0, 1, 0, 0, 1, 0, 0, 0, 0, 0, 0, 1, 1, 0, 0]",011010010000001100,"[""1100000010010110""]",1,0.000244140625,False,False,,,,2.3915604612032064,0.07855594340504966,{},{}
"[0, 1, 1, 0, 1, 0, 0, 1, 0, 0, 0, 0, 1, 0, 0, 1, 1, 0]",011010010000100110,"[""11001000010010110""]",1,0.000244140625,False,False,,,,3.577168024733666,0.12130984056254522,{},{}
"[0, 1, 1, 0, 1, 0, 0, 1, 0, 1, 0, 0, 0, 1, 0, 0, 0, 0]",011010010100010000,"[""10001010010110""]",1,0.000244140625,False,False,,,,2.3761897624918564,0.07800166449172438,{},{}
"[0, 1, 1, 0, 1, 0, 0, 1, 0, 1, 0, 0, 1, 0, 1, 1, 1, 0]",011010010100101110,"[""11101001010010110""]",1,0.000244140625,False,False,,,,4.038632369574448,0.13795059062863316,{},{}
"[0, 1, 1, 0, 1, 0, 0, 1, 0, 1, 0, 0, 1, 1, 1, 0, 0, 1]",011010010100111001,"[""100111001010010110""]",1,0.000244140625,False,False,,,,6.056601705497425,0.21072007701595075,{},{}
"[0, 1, 1, 0, 1, 0, 0, 1, 0, 1, 1, 1, 1, 1, 0, 0, 1, 1]",011010010111110011,"[""110011111010010110""]",1,0.000244140625,False,False,,,,8.642615567768914,0.3039736746787263,{},{}
"[0, 1, 1, 0, 1, 0, 0, 1, 1, 0, 0, 1, 1, 0, 1, 0, 1, 1]",011010011001101011,"[""110101100110010110""]",1,0.000244140625,False,False,,,,5.432607826246134,0.18821839015004116,{},{}
"[0, 1, 1, 0, 1, 0, 0, 1, 1, 0, 1, 0, 0, 0, 0, 1, 0, 0]",011010011010000100,"[""1000010110010110""]",1,0.000244140625,False,False,,,,3.6162827068786605,0.12272034531067241,{},{}
"[0, 1, 1, 0, 1, 0, 0, 1, 1, 0, 1, 0, 0, 0, 1, 0, 1, 0]",011010011010001010,"[""10100010110010110""]",1,0.000244140625,False,False,,,,3.023702550838986,0.10135146084315862,{},{}
"[0, 1, 1, 0, 1, 0, 0, 1, 1, 0, 1, 0, 1, 0, 0, 1, 0, 1]",011010011010100101,"[""101001010110010110""]",1,0.000244140625,False,False,,,,4.075879340571523,0.13929374431322605,{},{}
"[0, 1, 1, 0, 1, 0, 0, 1, 1, 0, 1, 1, 0, 0, 1, 0, 1, 1]",011010011011001011,"[""110100110110010110""]",1,0.000244140625,False,False,,,,5.5738697147954674,0.19331239970352918,{},{}
"[0, 1, 1, 0, 1, 0, 0, 1, 1, 1, 0, 0, 0, 0, 1, 0, 1, 1]",011010011100001011,"[""110100001110010110""]",1,0.000244140625,False,False,,,,4.150745290846595,0.1419934665797806,{},{}
"[0, 1, 1, 0, 1, 0, 0, 1, 1, 1, 0, 0, 0, 1, 1, 1, 1, 0]",011010011100011110,"[""11110001110010110""]",1,0.000244140625,False,False,,,,5.368183796343542,0.18589521135660894,{},{}
"[0, 1, 1, 0, 1, 0, 0, 1, 1, 1, 0, 0, 1, 0, 1, 1, 1, 0]",011010011100101110,"[""11101001110010110""]",1,0.000244140625,False,False,,,,5.2803837751766896,0.182729076801752,{},{}
"[0, 1, 1, 0, 1, 0, 0, 1, 1, 1, 0, 1, 0, 0, 0, 1, 0, 0]",011010011101000100,"[""1000101110010110""]",1,0.000244140625,False,False,,,,4.757792034165181,0.16388402702488408,{},{}
"[0, 1, 1, 0, 1, 0, 1, 0, 0, 0, 0, 0, 0, 1, 1, 0, 0, 1]",011010100000011001,"[""100110000001010110""]",1,0.000244140625,False,False,,,,3.595741848973713,0.12197962658264762,{},{}
"[0, 1, 1, 0, 1, 0, 1, 0, 0, 0, 0, 0, 1, 1, 0, 0, 1, 0]",011010100000110010,"[""10011000001010110""]",1,0.000244140625,False,False,,,,3.558296977349066,0.1206293364531307,{},{}
"[0, 1, 1, 0, 1, 0, 1, 0, 0, 0, 0, 1, 1, 0, 0, 0, 0, 0]",011010100001100000,"[""1100001010110""]",1,0.000244140625,False,False,,,,2.278075188910509,0.07446357944775131,{},{}
"[0, 1, 1, 0, 1, 0, 1, 0, 0, 0, 0, 1, 1, 0, 0, 1, 1, 1]",011010100001100111,"[""111001100001010110""]",1,0.000244140625,False,False,,,,6.008020874808359,0.20896821585801317,{},{}
"[0, 1, 1, 0, 1, 0, 1, 0, 0, 0, 0, 1, 1, 0, 1, 0, 0, 0]",011010100001101000,"[""101100001010110""]",1,0.000244140625,False,False,,,,3.5599377243100463,0.12068850301801187,{},{}
"[0, 1, 1, 0, 1, 0, 1, 0, 0, 0, 0, 1, 1, 1, 1, 1, 0, 1]",011010100001111101,"[""101111100001010110""]",1,0.000244140625,False,False,,,,7.284995055306725,0.25501686168752474,{},{}
"[0, 1, 1, 0, 1, 0, 1, 0, 0, 0, 1, 0, 0, 0, 1, 1, 0, 0]",011010100010001100,"[""1100010001010110""]",1,0.000244140625,False,False,,,,1.510294144712125,0.04677681966917394,{},{}
"[0, 1, 1, 0, 1, 0, 1, 0, 0, 0, 1, 0, 0, 0, 1, 1, 1, 0]",011010100010001110,"[""11100010001010110""]",1,0.000244140625,False,False,,,,2.788233647633506,0.09286027574860879,{},{}
"[0, 1, 1, 0, 1, 0, 1, 0, 0, 0, 1, 0, 0, 1, 0, 0, 1, 1]",011010100010010011,"[""110010010001010110""]",1,0.000244140625,False,False,,,,2.8903815674870783,0.09654380628148358,{},{}
"[0, 1, 1, 0, 1, 0, 1, 0, 0, 0, 1, 0, 1, 0, 0, 0, 0, 0]",011010100010100000,"[""1010001010110""]",1,0.000244140625,False,False,,,,2.2523414666331787,0.07353560213926626,{},{}
"[0, 1, 1, 0, 1, 0, 1, 0, 0, 0, 1, 0, 1, 0, 0, 0, 0, 1]",011010100010100001,"[""100001010001010110""]",1,0.000244140625,False,False,,,,1.4861737239754582,0.045907019223147626,{},{}
"[0, 1, 1, 0, 1, 0, 1, 0, 0, 0, 1, 0, 1, 1, 0, 0, 1, 0]",011010100010110010,"[""10011010001010110""]",1,0.000244140625,False,False,,,,2.8173721466281005,0.09391103185683489,{},{}
"[0, 1, 1, 0, 1, 0, 1, 0, 0, 1, 0, 1, 0, 0, 0, 1, 0, 0]",011010100101000100,"[""1000101001010110""]",1,0.000244140625,False,False,,,,3.500950474333191,0.11856137858266816,{},{}
"[0, 1, 1, 0, 1, 0, 1, 0, 0, 1, 1, 0, 0, 1, 0, 1, 1, 1]",011010100110010111,"[""111010011001010110""]",1,0.000244140625,False,False,,,,7.297772238420553,0.25547761648499284,{},{}
"[0, 1, 1, 0, 1, 0, 1, 0, 0, 1, 1, 0, 1, 0, 0, 1, 0, 1]",011010100110100101,"[""101001011001010110""]",1,0.000244140625,False,False,,,,3.9657036008210875,0.13532072457934843,{},{}
"[0, 1, 1, 0, 1, 0, 1, 0, 0, 1, 1, 1, 0, 0, 0, 0, 0, 1]",011010100111000001,"[""100000111001010110""]",1,0.000244140625,False,False,,,,6.733563888160331,0.23513184059385747,{},{}
"[0, 1, 1, 0, 1, 0, 1, 0, 0, 1, 1, 1, 1, 1, 0, 1, 1, 1]",011010100111110111,"[""111011111001010110""]",1,0.000244140625,False,False,,,,11.80325814695071,0.4179488144623791,{},{}
"[0, 1, 1, 0, 1, 0, 1, 0, 1, 0, 0, 0, 1, 0, 1, 0, 1, 0]",011010101000101010,"[""10101000101010110""]",1,0.000244140625,False,False,,,,4.785167221303141,0.1648711967862496,{},{}
"[0, 1, 1, 0, 1, 0, 1, 0, 1, 0, 0, 1, 0, 1, 0, 0, 1, 1]",011010101001010011,"[""110010100101010110""]",1,0.000244140625,False,False,,,,4.142007612369503,0.14167837934645316,{},{}
"[0, 1, 1, 0, 1, 0, 1, 0, 1, 0, 0, 1, 1, 0, 1, 0, 0, 0]",011010101001101000,"[""101100101010110""]",1,0.000244140625,False,False,,,,4.801689129912288,0.16546698919113068,{},{}
"[0, 1, 1, 0, 1, 0, 1, 0, 1, 0, 1, 0, 0, 0, 0, 1, 1, 0]",011010101010000110,"[""11000010101010110""]",1,0.000244140625,False,False,,,,4.779712583206199,0.16467449844912566,{},{}
"[0, 1, 1, 0, 1, 0, 1, 0, 1, 0, 1, 0, 0, 0, 1, 0, 0, 0]",011010101010001000,"[""100010101010110""]",1,0.000244140625,False,False,,,,3.5598499567541744,0.12068533805417987,{},{}
"[0, 1, 1, 0, 1, 0, 1, 0, 1, 0, 1, 0, 0, 1, 0, 1, 0, 1]",011010101010010101,"[""101010010101010110""]",1,0.000244140625,False,False,,,,4.046011162706649,0.1382166754381642,{},{}
"[0, 1, 1, 0, 1, 0, 1, 0, 1, 0, 1, 0, 1, 1, 0, 0, 0, 1]",011010101010110001,"[""100011010101010110""]",1,0.000244140625,False,False,,,,4.03977210757959,0.13799169043514353,{},{}
"[0, 1, 1, 0, 1, 0, 1, 0, 1, 0, 1, 1, 0, 0, 0, 1, 0, 1]",011010101011000101,"[""101000110101010110""]",1,0.000244140625,False,False,,,,6.021791331793649,0.20946478885558048,{},{}
"[0, 1, 1, 0, 1, 0, 1, 0, 1, 1, 0, 0, 0, 0, 0, 0, 1, 0]",011010101100000010,"[""10000001101010110""]",1,0.000244140625,False,False,,,,3.5162174127439227,0.11911191582180199,{},{}
"[0, 1, 1, 0, 1, 0, 1, 0, 1, 1, 0, 0, 0, 1, 0, 1, 1, 1]",011010101100010111,"[""111010001101010110""]",1,0.000244140625,False,False,,,,7.308464482538266,0.2558631868199444,{},{}
"[0, 1, 1, 0, 1, 0, 1, 0, 1, 1, 0, 0, 1, 1, 0, 0, 1, 1]",011010101100110011,"[""110011001101010110""]",1,0.000244140625,False,False,,,,5.294327911068708,0.1832319127908395,{},{}
"[0, 1, 1, 0, 1, 0, 1, 0, 1, 1, 0, 0, 1, 1, 1, 0, 1, 0]",011010101100111010,"[""10111001101010110""]",1,0.000244140625,False,False,,,,7.2576184140116435,0.25402963948816376,{},{}
"[0, 1, 1, 0, 1, 0, 1, 1, 0, 0, 0, 1, 0, 1, 0, 1, 1, 1]",011010110001010111,"[""111010100011010110""]",1,0.000244140625,False,False,,,,7.385421723721285,0.2586383226037158,{},{}
"[0, 1, 1, 0, 1, 0, 1, 1, 0, 0, 1, 0, 0, 0, 1, 0, 1, 0]",011010110010001010,"[""10100010011010110""]",1,0.000244140625,False,False,,,,2.9263626545264856,0.09784131124199255,{},{}
"[0, 1, 1, 0, 1, 0, 1, 1, 0, 0, 1, 1, 0, 0, 0, 0, 1, 1]",011010110011000011,"[""110000110011010110""]",1,0.000244140625,False,False,,,,6.165210122366588,0.2146365779122807,{},{}
"[0, 1, 1, 0, 1, 0, 1, 1, 1, 0, 0, 0, 1, 0, 0, 1, 1, 0]",011010111000100110,"[""11001000111010110""]",1,0.000244140625,False,False,,,,8.05641810223258,0.2828349548135329,{},{}
"[0, 1, 1, 0, 1, 0, 1, 1, 1, 0, 0, 0, 1, 0, 1, 1, 0, 0]",011010111000101100,"[""1101000111010110""]",1,0.000244140625,False,False,,,,8.049881568728527,0.282599242517327,{},{}
"[0, 1, 1, 0, 1, 0, 1, 1, 1, 1, 0, 1, 1, 1, 0, 0, 0, 1]",011010111101110001,"[""100011101111010110""]",1,0.000244140625,False,False,,,,8.555970274448345,0.30084918047528375,{},{}
"[0, 1, 1, 0, 1, 1, 0, 0, 0, 0, 0, 1, 0, 0, 1, 0, 1, 0]",011011000001001010,"[""10100100000110110""]",1,0.000244140625,False,False,,,,3.7309259220208144,0.12685446555480862,{},{}
"[0, 1, 1, 0, 1, 1, 0, 0, 0, 0, 0, 1, 1, 0, 0, 1, 0, 0]",011011000001100100,"[""1001100000110110""]",1,0.000244140625,False,False,,,,3.5203064889929454,0.11925937097542744,{},{}
"[0, 1, 1, 0, 1, 1, 0, 0, 0, 0, 0, 1, 1, 1, 0, 1, 1, 0]",011011000001110110,"[""11011100000110110""]",1,0.000244140625,False,False,,,,6.060139416725885,0.2108476495337779,{},{}
"[0, 1, 1, 0, 1, 1, 0, 0, 0, 0, 1, 0, 0, 0, 1, 1, 1, 0]",011011000010001110,"[""11100010000110110""]",1,0.000244140625,False,False,,,,4.870288564512306,0.16794073620672667,{},{}
"[0, 1, 1, 0, 1, 1, 0, 0, 0, 0, 1, 1, 0, 1, 0, 0, 0, 0]",011011000011010000,"[""10110000110110""]",1,0.000244140625,False,False,,,,5.673415139260819,0.19690208230256528,{},{}
"[0, 1, 1, 0, 1, 1, 0, 0, 0, 0, 1, 1, 0, 1, 0, 1, 0, 0]",011011000011010100,"[""1010110000110110""]",1,0.000244140625,False,False,,,,4.830927838396471,0.16652135892864178,{},{}
"[0, 1, 1, 0, 1, 1, 0, 0, 0, 1, 0, 1, 0, 0, 0, 0, 1, 0]",011011000101000010,"[""10000101000110110""]",1,0.000244140625,False,False,,,,5.596013571862857,0.1941109237825341,{},{}
"[0, 1, 1, 0, 1, 1, 0, 0, 0, 1, 0, 1, 1, 0, 0, 0, 0, 1]",011011000101100001,"[""100001101000110110""]",1,0.000244140625,False,False,,,,4.791710731687666,0.16510716067399334,{},{}
"[0, 1, 1, 0, 1, 1, 0, 0, 0, 1, 1, 0, 0, 0, 1, 0, 1, 1]",011011000110001011,"[""110100011000110110""]",1,0.000244140625,False,False,,,,6.141692807207026,0.21378852590529254,{},{}
"[0, 1, 1, 0, 1, 1, 0, 0, 0, 1, 1, 0, 1, 1, 1, 0, 0, 0]",011011000110111000,"[""111011000110110""]",1,0.000244140625,False,False,,,,9.994421144030984,0.3527207967132196,{},{}
"[0, 1, 1, 0, 1, 1, 0, 0, 0, 1, 1, 1, 1, 1, 0, 1, 1, 1]",011011000111110111,"[""111011111000110110""]",1,0.000244140625,False,False,,,,13.859758315459933,0.4921077515452368,{},{}
"[0, 1, 1, 0, 1, 1, 0, 0, 1, 0, 0, 1, 1, 0, 1, 1, 0, 1]",011011001001101101,"[""101101100100110110""]",1,0.000244140625,False,False,,,,5.421435608615376,0.18781551161054852,{},{}
"[0, 1, 1, 0, 1, 1, 0, 0, 1, 0, 1, 0, 0, 0, 1, 1, 0, 1]",011011001010001101,"[""101100010100110110""]",1,0.000244140625,False,False,,,,4.194379460206485,0.14356694742348433,{},{}
"[0, 1, 1, 0, 1, 1, 0, 0, 1, 0, 1, 0, 1, 0, 0, 1, 1, 0]",011011001010100110,"[""11001010100110110""]",1,0.000244140625,False,False,,,,4.07678087897877,0.1393262544637452,{},{}
"[0, 1, 1, 0, 1, 1, 0, 0, 1, 0, 1, 0, 1, 1, 1, 0, 0, 1]",011011001010111001,"[""100111010100110110""]",1,0.000244140625,False,False,,,,7.4518528838348015,0.26103388001656574,{},{}
"[0, 1, 1, 0, 1, 1, 0, 0, 1, 0, 1, 1, 1, 0, 0, 1, 0, 1]",011011001011100101,"[""101001110100110110""]",1,0.000244140625,False,False,,,,5.35621430462556,0.18546358251610606,{},{}
"[0, 1, 1, 0, 1, 1, 0, 0, 1, 1, 0, 0, 0, 0, 1, 0, 0, 1]",011011001100001001,"[""100100001100110110""]",1,0.000244140625,False,False,,,,2.9434831658751994,0.09845868971021605,{},{}
"[0, 1, 1, 0, 1, 1, 0, 0, 1, 1, 0, 0, 0, 1, 0, 0, 0, 0]",011011001100010000,"[""10001100110110""]",1,0.000244140625,False,False,,,,3.610648985059246,0.12251718908032251,{},{}
"[0, 1, 1, 0, 1, 1, 0, 0, 1, 1, 0, 0, 1, 1, 1, 0, 0, 1]",011011001100111001,"[""100111001100110110""]",1,0.000244140625,False,False,,,,7.384447620713166,0.25860319571931406,{},{}
"[0, 1, 1, 0, 1, 1, 0, 0, 1, 1, 1, 0, 0, 1, 1, 1, 1, 0]",011011001110011110,"[""11110011100110110""]",1,0.000244140625,False,False,,,,6.622042042424354,0.23111027926945762,{},{}
"[0, 1, 1, 0, 1, 1, 0, 1, 0, 0, 0, 1, 1, 0, 0, 0, 0, 0]",011011010001100000,"[""1100010110110""]",1,0.000244140625,False,False,,,,3.5825411947377184,0.12150360109919273,{},{}
"[0, 1, 1, 0, 1, 1, 0, 1, 0, 0, 1, 0, 1, 1, 0, 0, 1, 0]",011011010010110010,"[""10011010010110110""]",1,0.000244140625,False,False,,,,4.2463537426531115,0.14544117899462985,{},{}
"[0, 1, 1, 0, 1, 1, 0, 1, 0, 1, 0, 0, 0, 1, 1, 0, 0, 1]",011011010100011001,"[""100110001010110110""]",1,0.000244140625,False,False,,,,4.204050680917944,0.14391569888931838,{},{}
"[0, 1, 1, 0, 1, 1, 0, 1, 0, 1, 0, 0, 0, 1, 1, 0, 1, 0]",011011010100011010,"[""10110001010110110""]",1,0.000244140625,False,False,,,,4.21161029544575,0.1441883042538706,{},{}
"[0, 1, 1, 0, 1, 1, 0, 1, 0, 1, 0, 0, 1, 0, 1, 0, 1, 0]",011011010100101010,"[""10101001010110110""]",1,0.000244140625,False,False,,,,4.065114574621902,0.13890555878667282,{},{}
"[0, 1, 1, 0, 1, 1, 0, 1, 0, 1, 1, 0, 0, 0, 0, 0, 0, 1]",011011010110000001,"[""100000011010110110""]",1,0.000244140625,False,False,,,,4.899187348221723,0.16898284800214236,{},{}
"[0, 1, 1, 0, 1, 1, 0, 1, 0, 1, 1, 0, 1, 0, 0, 1, 0, 1]",011011010110100101,"[""101001011010110110""]",1,0.000244140625,False,False,,,,5.307910283295934,0.18372170331109267,{},{}
"[0, 1, 1, 0, 1, 1, 0, 1, 0, 1, 1, 0, 1, 0, 1, 1, 0, 0]",011011010110101100,"[""1101011010110110""]",1,0.000244140625,False,False,,,,5.269759633316529,0.1823459622852391,{},{}
"[0, 1, 1, 0, 1, 1, 0, 1, 1, 0, 0, 0, 1, 1, 0, 1, 0, 0]",011011011000110100,"[""1011000110110110""]",1,0.000244140625,False,False,,,,6.124064296465862,0.21315282859831586,{},{}
"[0, 1, 1, 0, 1, 1, 0, 1, 1, 1, 0, 0, 0, 0, 0, 0, 1, 0]",011011011100000010,"[""10000001110110110""]",1,0.000244140625,False,False,,,,4.920641768916881,0.16975651048894622,{},{}
"[0, 1, 1, 0, 1, 1, 0, 1, 1, 1, 0, 0, 0, 1, 0, 1, 1, 1]",011011011100010111,"[""111010001110110110""]",1,0.000244140625,False,False,,,,8.786753562705739,0.3091713987837129,{},{}
"[0, 1, 1, 0, 1, 1, 0, 1, 1, 1, 0, 0, 0, 1, 1, 0, 0, 1]",011011011100011001,"[""100110001110110110""]",1,0.000244140625,False,False,,,,5.519819688908058,0.19136331526848296,{},{}
"[0, 1, 1, 0, 1, 1, 0, 1, 1, 1, 0, 1, 1, 1, 0, 0, 0, 1]",011011011101110001,"[""100011101110110110""]",1,0.000244140625,False,False,,,,6.664418347719799,0.23263840059243662,{},{}
"[0, 1, 1, 0, 1, 1, 0, 1, 1, 1, 1, 1, 0, 0, 0, 0, 0, 0]",011011011111000000,"[""111110110110""]",1,0.000244140625,False,False,,,,10.12867120698592,0.35756195458157125,{},{}
"[0, 1, 1, 0, 1, 1, 0, 1, 1, 1, 1, 1, 0, 1, 0, 0, 1, 1]",011011011111010011,"[""110010111110110110""]",1,0.000244140625,False,False,,,,10.132408406051717,0.35769672078029585,{},{}
"[0, 1, 1, 0, 1, 1, 1, 0, 0, 0, 0, 0, 1, 0, 1, 0, 1, 1]",011011100000101011,"[""110101000001110110""]",1,0.000244140625,False,False,,,,6.09442940922527,0.21208417235797827,{},{}
"[0, 1, 1, 0, 1, 1, 1, 0, 0, 0, 1, 0, 0, 1, 0, 0, 1, 1]",011011100010010011,"[""110010010001110110""]",1,0.000244140625,False,False,,,,4.209004056591507,0.14409432132784206,{},{}
"[0, 1, 1, 0, 1, 1, 1, 0, 0, 0, 1, 0, 1, 0, 0, 1, 0, 1]",011011100010100101,"[""101001010001110110""]",1,0.000244140625,False,False,,,,4.02767149850257,0.13755533340442297,{},{}
"[0, 1, 1, 0, 1, 1, 1, 0, 0, 1, 0, 0, 1, 1, 0, 1, 0, 0]",011011100100110100,"[""1011001001110110""]",1,0.000244140625,False,False,,,,4.016021461368572,0.13713522433559688,{},{}
"[0, 1, 1, 0, 1, 1, 1, 0, 0, 1, 1, 0, 0, 1, 0, 0, 1, 1]",011011100110010011,"[""110010011001110110""]",1,0.000244140625,False,False,,,,5.393519442102301,0.18680883372754187,{},{}
"[0, 1, 1, 0, 1, 1, 1, 0, 0, 1, 1, 0, 0, 1, 0, 1, 0, 0]",011011100110010100,"[""1010011001110110""]",1,0.000244140625,False,False,,,,3.9965044938288328,0.13643142786137782,{},{}
"[0, 1, 1, 0, 1, 1, 1, 0, 0, 1, 1, 0, 1, 0, 1, 0, 0, 1]",011011100110101001,"[""100101011001110110""]",1,0.000244140625,False,False,,,,5.253027574875388,0.18174259171994384,{},{}
"[0, 1, 1, 0, 1, 1, 1, 0, 1, 0, 0, 0, 1, 1, 0, 0, 1, 0]",011011101000110010,"[""10011000101110110""]",1,0.000244140625,False,False,,,,6.108640451060094,0.21259663317536517,{},{}
"[0, 1, 1, 0, 1, 1, 1, 0, 1, 1, 0, 1, 0, 0, 0, 0, 1, 0]",011011101101000010,"[""10000101101110110""]",1,0.000244140625,False,False,,,,6.07364079795992,0.21133451945812723,{},{}
"[0, 1, 1, 0, 1, 1, 1, 0, 1, 1, 0, 1, 0, 0, 0, 1, 0, 0]",011011101101000100,"[""1000101101110110""]",1,0.000244140625,False,False,,,,6.041955278779383,0.21019191589342612,{},{}
"[0, 1, 1, 0, 1, 1, 1, 0, 1, 1, 1, 0, 0, 0, 1, 1, 0, 0]",011011101110001100,"[""1100011101110110""]",1,0.000244140625,False,False,,,,5.2679351794539375,0.18228017111182795,{},{}
"[0, 1, 1, 0, 1, 1, 1, 1, 0, 0, 0, 0, 0, 1, 1, 0, 0, 1]",011011110000011001,"[""100110000011110110""]",1,0.000244140625,False,False,,,,6.2094095213086025,0.21623044135826186,{},{}
"[0, 1, 1, 0, 1, 1, 1, 1, 0, 0, 0, 1, 0, 1, 0, 0, 0, 1]",011011110001010001,"[""100010100011110110""]",1,0.000244140625,False,False,,,,4.182834666436435,0.1431506335092247,{},{}
"[0, 1, 1, 0, 1, 1, 1, 1, 0, 0, 1, 0, 0, 0, 0, 1, 0, 1]",011011110010000101,"[""101000010011110110""]",1,0.000244140625,False,False,,,,6.106080451437408,0.21250431767067524,{},{}
"[0, 1, 1, 0, 1, 1, 1, 1, 0, 1, 0, 0, 0, 0, 1, 0, 0, 1]",011011110100001001,"[""100100001011110110""]",1,0.000244140625,False,False,,,,4.098193217707465,0.1400983994433049,{},{}
"[0, 1, 1, 0, 1, 1, 1, 1, 0, 1, 0, 0, 0, 1, 0, 0, 1, 0]",011011110100010010,"[""10010001011110110""]",1,0.000244140625,False,False,,,,4.14187338205282,0.14167353890065018,{},{}
"[0, 1, 1, 0, 1, 1, 1, 1, 0, 1, 0, 0, 0, 1, 0, 1, 1, 0]",011011110100010110,"[""11010001011110110""]",1,0.000244140625,False,False,,,,5.375528489662676,0.1861600665013286,{},{}
"[0, 1, 1, 0, 1, 1, 1, 1, 0, 1, 0, 1, 1, 0, 0, 0, 0, 1]",011011110101100001,"[""100001101011110110""]",1,0.000244140625,False,False,,,,5.296152109473416,0.183297694752248,{},{}
"[0, 1, 1, 0, 1, 1, 1, 1, 0, 1, 1, 0, 0, 0, 1, 1, 1, 0]",011011110110001110,"[""11100011011110110""]",1,0.000244140625,False,False,,,,6.597784951897717,0.23023555040839358,{},{}
"[0, 1, 1, 0, 1, 1, 1, 1, 0, 1, 1, 1, 1, 1, 0, 0, 0, 0]",011011110111110000,"[""11111011110110""]",1,0.000244140625,False,False,,,,10.550744017732486,0.37278221641078835,{},{}
"[0, 1, 1, 0, 1, 1, 1, 1, 1, 0, 0, 0, 1, 1, 0, 1, 0, 1]",011011111000110101,"[""101011000111110110""]",1,0.000244140625,False,False,,,,10.70457695103816,0.37832954725810686,{},{}
"[0, 1, 1, 0, 1, 1, 1, 1, 1, 1, 1, 0, 1, 1, 0, 0, 1, 0]",011011111110110010,"[""10011011111110110""]",1,0.000244140625,False,False,,,,9.953558750616477,0.35124726818709356,{},{}
"[0, 1, 1, 1, 0, 0, 0, 0, 0, 0, 0, 1, 0, 1, 0, 0, 0, 0]",011100000001010000,"[""10100000001110""]",1,0.000244140625,False,False,,,,3.077999717019106,0.10330945734235072,{},{}
"[0, 1, 1, 1, 0, 0, 0, 0, 0, 0, 1, 0, 0, 1, 1, 1, 0, 1]",011100000010011101,"[""101110010000001110""]",1,0.000244140625,False,False,,,,4.777712822856081,0.1646023855924111,{},{}
"[0, 1, 1, 1, 0, 0, 0, 0, 0, 0, 1, 0, 1, 0, 1, 1, 1, 0]",011100000010101110,"[""11101010000001110""]",1,0.000244140625,False,False,,,,4.7560664814457585,0.16382180230080562,{},{}
"[0, 1, 1, 1, 0, 0, 0, 0, 0, 0, 1, 0, 1, 1, 0, 1, 0, 0]",011100000010110100,"[""1011010000001110""]",1,0.000244140625,False,False,,,,3.4772131074875476,0.11770539134698763,{},{}
"[0, 1, 1, 1, 0, 0, 0, 0, 0, 0, 1, 1, 0, 1, 0, 0, 1, 0]",011100000011010010,"[""10010110000001110""]",1,0.000244140625,False,False,,,,3.5509119181942594,0.12036302568612917,{},{}
"[0, 1, 1, 1, 0, 0, 0, 0, 0, 0, 1, 1, 1, 0, 0, 0, 0, 0]",011100000011100000,"[""1110000001110""]",1,0.000244140625,False,False,,,,4.234499094735394,0.14501369150762095,{},{}
"[0, 1, 1, 1, 0, 0, 0, 0, 0, 1, 0, 0, 0, 1, 0, 0, 1, 1]",011100000100010011,"[""110010001000001110""]",1,0.000244140625,False,False,,,,3.5217661938336295,0.11931200902578962,{},{}
"[0, 1, 1, 1, 0, 0, 0, 0, 0, 1, 0, 0, 0, 1, 1, 0, 1, 1]",011100000100011011,"[""110110001000001110""]",1,0.000244140625,False,False,,,,4.781377333128013,0.16473453057876075,{},{}
"[0, 1, 1, 1, 0, 0, 0, 0, 0, 1, 0, 1, 0, 1, 0, 1, 0, 1]",011100000101010101,"[""101010101000001110""]",1,0.000244140625,False,False,,,,4.753695016509527,0.16373628549818472,{},{}
"[0, 1, 1, 1, 0, 0, 0, 0, 0, 1, 1, 0, 1, 0, 1, 0, 0, 0]",011100000110101000,"[""101011000001110""]",1,0.000244140625,False,False,,,,5.471253816483024,0.18961199351675515,{},{}
"[0, 1, 1, 1, 0, 0, 0, 0, 0, 1, 1, 0, 1, 1, 1, 0, 0, 0]",011100000110111000,"[""111011000001110""]",1,0.000244140625,False,False,,,,8.701128030938028,0.30608367794600877,{},{}
"[0, 1, 1, 1, 0, 0, 0, 0, 0, 1, 1, 1, 0, 1, 0, 0, 1, 0]",011100000111010010,"[""10010111000001110""]",1,0.000244140625,False,False,,,,6.726088634440219,0.23486227734324513,{},{}
"[0, 1, 1, 1, 0, 0, 0, 0, 1, 0, 0, 0, 1, 0, 0, 0, 0, 1]",011100001000100001,"[""100001000100001110""]",1,0.000244140625,False,False,,,,2.3416574289336967,0.07675640266735011,{},{}
"[0, 1, 1, 1, 0, 0, 0, 0, 1, 0, 0, 0, 1, 1, 0, 1, 0, 1]",011100001000110101,"[""101011000100001110""]",1,0.000244140625,False,False,,,,4.800485391210062,0.16542358147152555,{},{}
"[0, 1, 1, 1, 0, 0, 0, 0, 1, 0, 1, 0, 0, 1, 0, 0, 1, 1]",011100001010010011,"[""110010010100001110""]",1,0.000244140625,False,False,,,,2.837990913657234,0.09465456004625782,{},{}
"[0, 1, 1, 1, 0, 0, 0, 0, 1, 0, 1, 0, 0, 1, 0, 1, 0, 0]",011100001010010100,"[""1010010100001110""]",1,0.000244140625,False,False,,,,1.490827884145825,0.04607485172641358,{},{}
"[0, 1, 1, 1, 0, 0, 0, 0, 1, 0, 1, 0, 0, 1, 0, 1, 1, 0]",011100001010010110,"[""11010010100001110""]",1,0.000244140625,False,False,,,,2.7539843623179836,0.09162522085596181,{},{}
"[0, 1, 1, 1, 0, 0, 0, 0, 1, 0, 1, 0, 1, 0, 1, 0, 1, 0]",011100001010101010,"[""10101010100001110""]",1,0.000244140625,False,False,,,,2.744764864447305,0.0912927588542578,{},{}
"[0, 1, 1, 1, 0, 0, 0, 0, 1, 1, 0, 0, 1, 0, 0, 0, 0, 1]",011100001100100001,"[""100001001100001110""]",1,0.000244140625,False,False,,,,1.548954989964483,0.04817095871887705,{},{}
"[0, 1, 1, 1, 0, 0, 0, 0, 1, 1, 0, 0, 1, 0, 0, 0, 1, 0]",011100001100100010,"[""10001001100001110""]",1,0.000244140625,False,False,,,,1.4733568939158777,0.04544483472710689,{},{}
"[0, 1, 1, 1, 0, 0, 0, 0, 1, 1, 0, 1, 1, 1, 0, 1, 0, 0]",011100001101110100,"[""1011101100001110""]",1,0.000244140625,False,False,,,,3.9751782921741032,0.13566238904925076,{},{}
"[0, 1, 1, 1, 0, 0, 0, 0, 1, 1, 1, 0, 0, 1, 0, 0, 0, 1]",011100001110010001,"[""100010011100001110""]",1,0.000244140625,False,False,,,,2.742113635388537,0.09119715354774138,{},{}
"[0, 1, 1, 1, 0, 0, 0, 0, 1, 1, 1, 0, 1, 0, 0, 0, 1, 1]",011100001110100011,"[""110001011100001110""]",1,0.000244140625,False,False,,,,3.9715357369278266,0.1355310357775779,{},{}
"[0, 1, 1, 1, 0, 0, 0, 0, 1, 1, 1, 1, 0, 0, 0, 0, 0, 0]",011100001111000000,"[""111100001110""]",1,0.000244140625,False,False,,,,7.463308948766955,0.2614469943024433,{},{}
"[0, 1, 1, 1, 0, 0, 0, 0, 1, 1, 1, 1, 0, 0, 0, 0, 1, 0]",011100001111000010,"[""10000111100001110""]",1,0.000244140625,False,False,,,,6.704527881543289,0.23408478043756697,{},{}
"[0, 1, 1, 1, 0, 0, 0, 1, 0, 0, 0, 0, 1, 0, 0, 0, 0, 0]",011100010000100000,"[""1000010001110""]",1,0.000244140625,False,False,,,,3.0680397017849774,0.10295029172962553,{},{}
"[0, 1, 1, 1, 0, 0, 0, 1, 0, 0, 0, 1, 0, 0, 1, 1, 0, 1]",011100010001001101,"[""101100100010001110""]",1,0.000244140625,False,False,,,,2.851025841870574,0.09512460932515157,{},{}
"[0, 1, 1, 1, 0, 0, 0, 1, 0, 0, 0, 1, 1, 0, 0, 1, 0, 1]",011100010001100101,"[""101001100010001110""]",1,0.000244140625,False,False,,,,2.767122198236989,0.09209898106383416,{},{}
"[0, 1, 1, 1, 0, 0, 0, 1, 0, 0, 1, 0, 1, 0, 1, 0, 1, 0]",011100010010101010,"[""10101010010001110""]",1,0.000244140625,False,False,,,,2.8035542368807924,0.0934127476771112,{},{}
"[0, 1, 1, 1, 0, 0, 0, 1, 0, 0, 1, 1, 0, 1, 1, 1, 0, 1]",011100010011011101,"[""101110110010001110""]",1,0.000244140625,False,False,,,,5.33927706837817,0.1848528130853706,{},{}
"[0, 1, 1, 1, 0, 0, 0, 1, 0, 0, 1, 1, 1, 0, 0, 1, 0, 0]",011100010011100100,"[""1001110010001110""]",1,0.000244140625,False,False,,,,2.7405925030395952,0.09114230037540166,{},{}
"[0, 1, 1, 1, 0, 0, 0, 1, 0, 1, 0, 0, 0, 0, 0, 0, 0, 0]",011100010100000000,"[""1010001110""]",1,0.000244140625,False,False,,,,3.0587010325201422,0.102613532318149,{},{}
"[0, 1, 1, 1, 0, 0, 0, 1, 0, 1, 0, 0, 1, 0, 0, 0, 1, 0]",011100010100100010,"[""10001001010001110""]",1,0.000244140625,False,False,,,,1.4968668491266546,0.04629262132882678,{},{}
"[0, 1, 1, 1, 0, 0, 0, 1, 0, 1, 0, 1, 0, 0, 0, 1, 0, 0]",011100010101000100,"[""1000101010001110""]",1,0.000244140625,False,False,,,,3.5239512716298744,0.11939080456847627,{},{}
"[0, 1, 1, 1, 0, 0, 0, 1, 0, 1, 0, 1, 0, 0, 1, 1, 0, 1]",011100010101001101,"[""101100101010001110""]",1,0.000244140625,False,False,,,,4.074118435586357,0.1392302447599542,{},{}
"[0, 1, 1, 1, 0, 0, 0, 1, 0, 1, 1, 0, 0, 0, 0, 1, 0, 1]",011100010110000101,"[""101000011010001110""]",1,0.000244140625,False,False,,,,4.758624661566992,0.16391405219290978,{},{}
"[0, 1, 1, 1, 0, 0, 0, 1, 0, 1, 1, 0, 1, 1, 1, 1, 1, 1]",011100010110111111,"[""111111011010001110""]",1,0.000244140625,False,False,,,,11.854274952041902,0.4197885186826168,{},{}
"[0, 1, 1, 1, 0, 0, 0, 1, 0, 1, 1, 1, 0, 1, 0, 1, 0, 0]",011100010111010100,"[""1010111010001110""]",1,0.000244140625,False,False,,,,5.996407465452474,0.2085494276143123,{},{}
"[0, 1, 1, 1, 0, 0, 0, 1, 1, 0, 0, 0, 1, 0, 0, 1, 0, 1]",011100011000100101,"[""101001000110001110""]",1,0.000244140625,False,False,,,,4.831869335006027,0.16655531000187818,{},{}
"[0, 1, 1, 1, 0, 0, 0, 1, 1, 0, 1, 1, 1, 0, 0, 0, 1, 0]",011100011011100010,"[""10001110110001110""]",1,0.000244140625,False,False,,,,4.015848481766191,0.13712898656151545,{},{}
"[0, 1, 1, 1, 0, 0, 0, 1, 1, 0, 1, 1, 1, 1, 0, 1, 0, 0]",011100011011110100,"[""1011110110001110""]",1,0.000244140625,False,False,,,,5.2489386932418896,0.18159514358430004,{},{}
"[0, 1, 1, 1, 0, 0, 0, 1, 1, 1, 0, 0, 0, 0, 1, 1, 0, 0]",011100011100001100,"[""1100001110001110""]",1,0.000244140625,False,False,,,,2.8030573542914565,0.09339482971860852,{},{}
"[0, 1, 1, 1, 0, 0, 1, 0, 0, 0, 0, 0, 0, 0, 0, 0, 0, 0]",011100100000000000,"[""1001110""]",1,0.000244140625,False,False,,,,3.8501419788895728,0.131153485898194,{},{}
"[0, 1, 1, 1, 0, 0, 1, 0, 0, 0, 0, 0, 1, 1, 0, 1, 0, 0]",011100100000110100,"[""1011000001001110""]",1,0.000244140625,False,False,,,,3.5513795416078304,0.12037988853682886,{},{}
"[0, 1, 1, 1, 0, 0, 1, 0, 0, 0, 0, 0, 1, 1, 1, 0, 0, 0]",011100100000111000,"[""111000001001110""]",1,0.000244140625,False,False,,,,7.539770373023144,0.2642042505563005,{},{}
"[0, 1, 1, 1, 0, 0, 1, 0, 0, 0, 1, 0, 0, 0, 0, 0, 0, 0]",011100100010000000,"[""10001001110""]",1,0.000244140625,False,False,,,,3.022165123811748,0.1012960200725094,{},{}
"[0, 1, 1, 1, 0, 0, 1, 0, 0, 0, 1, 0, 0, 0, 0, 0, 1, 0]",011100100010000010,"[""10000010001001110""]",1,0.000244140625,False,False,,,,2.255486540245583,0.07364901585044155,{},{}
"[0, 1, 1, 1, 0, 0, 1, 0, 0, 0, 1, 0, 0, 0, 0, 1, 0, 0]",011100100010000100,"[""1000010001001110""]",1,0.000244140625,False,False,,,,2.2612645869059893,0.07385737654270519,{},{}
"[0, 1, 1, 1, 0, 0, 1, 0, 0, 0, 1, 0, 0, 1, 0, 1, 0, 0]",011100100010010100,"[""1010010001001110""]",1,0.000244140625,False,False,,,,1.4832412850184955,0.045801273276982024,{},{}
"[0, 1, 1, 1, 0, 0, 1, 0, 0, 0, 1, 1, 1, 0, 0, 0, 0, 1]",011100100011100001,"[""100001110001001110""]",1,0.000244140625,False,False,,,,2.709673098433915,0.0900273234763459,{},{}
"[0, 1, 1, 1, 0, 0, 1, 0, 0, 0, 1, 1, 1, 0, 1, 0, 0, 1]",011100100011101001,"[""100101110001001110""]",1,0.000244140625,False,False,,,,4.000874303098287,0.13658900645808297,{},{}
"[0, 1, 1, 1, 0, 0, 1, 0, 0, 1, 0, 0, 0, 1, 1, 0, 1, 1]",011100100100011011,"[""110110001001001110""]",1,0.000244140625,False,False,,,,4.013380410219418,0.1370399860521278,{},{}
"[0, 1, 1, 1, 0, 0, 1, 0, 0, 1, 0, 0, 1, 1, 1, 1, 0, 0]",011100100100111100,"[""1111001001001110""]",1,0.000244140625,False,False,,,,6.1116668360145345,0.2127057668845968,{},{}
"[0, 1, 1, 1, 0, 0, 1, 0, 0, 1, 0, 1, 0, 0, 1, 0, 1, 1]",011100100101001011,"[""110100101001001110""]",1,0.000244140625,False,False,,,,4.038793876291783,0.13795641468188283,{},{}
"[0, 1, 1, 1, 0, 0, 1, 0, 0, 1, 0, 1, 1, 0, 0, 1, 1, 0]",011100100101100110,"[""11001101001001110""]",1,0.000244140625,False,False,,,,4.079200513856365,0.13941350831054702,{},{}
"[0, 1, 1, 1, 0, 0, 1, 0, 0, 1, 0, 1, 1, 1, 0, 0, 0, 0]",011100100101110000,"[""11101001001110""]",1,0.000244140625,False,False,,,,4.748719610186143,0.16355686861792015,{},{}
"[0, 1, 1, 1, 0, 0, 1, 0, 0, 1, 1, 0, 0, 0, 1, 0, 1, 0]",011100100110001010,"[""10100011001001110""]",1,0.000244140625,False,False,,,,2.7199420797126432,0.09039763063615826,{},{}
"[0, 1, 1, 1, 0, 0, 1, 0, 0, 1, 1, 0, 0, 1, 1, 0, 1, 1]",011100100110011011,"[""110110011001001110""]",1,0.000244140625,False,False,,,,5.237176162275743,0.18117097790359116,{},{}
"[0, 1, 1, 1, 0, 0, 1, 0, 0, 1, 1, 0, 1, 0, 0, 1, 1, 1]",011100100110100111,"[""111001011001001110""]",1,0.000244140625,False,False,,,,7.299090879044259,0.25552516765398653,{},{}
"[0, 1, 1, 1, 0, 0, 1, 0, 0, 1, 1, 0, 1, 1, 0, 0, 1, 1]",011100100110110011,"[""110011011001001110""]",1,0.000244140625,False,False,,,,5.2317664535461965,0.18097589975312262,{},{}
"[0, 1, 1, 1, 0, 0, 1, 0, 0, 1, 1, 1, 1, 0, 1, 0, 1, 0]",011100100111101010,"[""10101111001001110""]",1,0.000244140625,False,False,,,,7.261021256174839,0.2541523485264355,{},{}
"[0, 1, 1, 1, 0, 0, 1, 0, 1, 0, 0, 1, 0, 1, 1, 0, 0, 1]",011100101001011001,"[""100110100101001110""]",1,0.000244140625,False,False,,,,4.0765771385095295,0.1393189074297546,{},{}
"[0, 1, 1, 1, 0, 0, 1, 0, 1, 0, 0, 1, 1, 0, 1, 1, 0, 0]",011100101001101100,"[""1101100101001110""]",1,0.000244140625,False,False,,,,4.115888130657641,0.14073649126369606,{},{}
"[0, 1, 1, 1, 0, 0, 1, 0, 1, 0, 1, 0, 0, 1, 1, 1, 0, 1]",011100101010011101,"[""101110010101001110""]",1,0.000244140625,False,False,,,,5.279483313344231,0.18269660547332647,{},{}
"[0, 1, 1, 1, 0, 0, 1, 0, 1, 0, 1, 1, 0, 1, 0, 1, 1, 0]",011100101011010110,"[""11010110101001110""]",1,0.000244140625,False,False,,,,5.22764181663527,0.1808271622553821,{},{}
"[0, 1, 1, 1, 0, 0, 1, 0, 1, 0, 1, 1, 1, 0, 0, 0, 0, 0]",011100101011100000,"[""1110101001110""]",1,0.000244140625,False,False,,,,4.726930915958711,0.16277115197705985,{},{}
"[0, 1, 1, 1, 0, 0, 1, 0, 1, 1, 0, 0, 1, 0, 1, 0, 0, 1]",011100101100101001,"[""100101001101001110""]",1,0.000244140625,False,False,,,,4.097532321610326,0.14007456703480986,{},{}
"[0, 1, 1, 1, 0, 0, 1, 0, 1, 1, 0, 1, 0, 0, 1, 1, 1, 1]",011100101101001111,"[""111100101101001110""]",1,0.000244140625,False,False,,,,8.603474146595094,0.30256220570118325,{},{}
"[0, 1, 1, 1, 0, 0, 1, 0, 1, 1, 1, 0, 0, 1, 1, 0, 0, 1]",011100101110011001,"[""100110011101001110""]",1,0.000244140625,False,False,,,,5.245228250422667,0.18146134223587623,{},{}
"[0, 1, 1, 1, 0, 0, 1, 1, 0, 0, 0, 0, 0, 0, 0, 0, 0, 0]",011100110000000000,"[""11001110""]",1,0.000244140625,False,False,,,,5.077962193096373,0.17542960287047163,{},{}
"[0, 1, 1, 1, 0, 0, 1, 1, 0, 0, 0, 0, 1, 0, 0, 1, 1, 1]",011100110000100111,"[""111001000011001110""]",1,0.000244140625,False,False,,,,8.058214995778613,0.282899752141277,{},{}
"[0, 1, 1, 1, 0, 0, 1, 1, 0, 0, 0, 1, 0, 0, 0, 0, 0, 1]",011100110001000001,"[""100000100011001110""]",1,0.000244140625,False,False,,,,3.535492065596033,0.11980697424681042,{},{}
"[0, 1, 1, 1, 0, 0, 1, 1, 0, 0, 0, 1, 1, 0, 0, 1, 0, 1]",011100110001100101,"[""101001100011001110""]",1,0.000244140625,False,False,,,,4.044587991940108,0.13816535483389183,{},{}
"[0, 1, 1, 1, 0, 0, 1, 1, 0, 0, 0, 1, 1, 0, 0, 1, 1, 1]",011100110001100111,"[""111001100011001110""]",1,0.000244140625,False,False,,,,7.289810127278491,0.2551904967909259,{},{}
"[0, 1, 1, 1, 0, 0, 1, 1, 0, 0, 1, 0, 1, 0, 1, 0, 0, 0]",011100110010101000,"[""101010011001110""]",1,0.000244140625,False,False,,,,4.776295149580487,0.16455126323178176,{},{}
"[0, 1, 1, 1, 0, 0, 1, 1, 0, 1, 0, 0, 0, 0, 1, 1, 0, 0]",011100110100001100,"[""1100001011001110""]",1,0.000244140625,False,False,,,,2.838771742392333,0.09468271731554735,{},{}
"[0, 1, 1, 1, 0, 0, 1, 1, 0, 1, 1, 0, 1, 1, 0, 0, 0, 0]",011100110110110000,"[""11011011001110""]",1,0.000244140625,False,False,,,,6.009464217656487,0.20902026388266318,{},{}
"[0, 1, 1, 1, 0, 0, 1, 1, 0, 1, 1, 1, 0, 1, 1, 1, 0, 0]",011100110111011100,"[""1110111011001110""]",1,0.000244140625,False,False,,,,8.582310649427297,0.30179903413477505,{},{}
"[0, 1, 1, 1, 0, 0, 1, 1, 1, 0, 0, 0, 0, 1, 0, 0, 1, 1]",011100111000010011,"[""110010000111001110""]",1,0.000244140625,False,False,,,,8.103438029499838,0.28453052862444134,{},{}
"[0, 1, 1, 1, 0, 0, 1, 1, 1, 0, 0, 0, 1, 1, 0, 0, 0, 0]",011100111000110000,"[""11000111001110""]",1,0.000244140625,False,False,,,,8.788613153066358,0.3092384570055719,{},{}
"[0, 1, 1, 1, 0, 0, 1, 1, 1, 1, 0, 1, 0, 1, 1, 0, 0, 1]",011100111101011001,"[""100110101111001110""]",1,0.000244140625,False,False,,,,8.589052787052387,0.3020421606696517,{},{}
"[0, 1, 1, 1, 0, 0, 1, 1, 1, 1, 0, 1, 1, 0, 1, 0, 0, 1]",011100111101101001,"[""100101101111001110""]",1,0.000244140625,False,False,,,,8.609376800600172,0.30277505982766834,{},{}
"[0, 1, 1, 1, 0, 1, 0, 0, 0, 0, 0, 1, 1, 0, 0, 0, 1, 1]",011101000001100011,"[""110001100000101110""]",1,0.000244140625,False,False,,,,4.816975898033103,0.16601824150446923,{},{}
"[0, 1, 1, 1, 0, 1, 0, 0, 0, 0, 1, 1, 0, 1, 1, 1, 1, 0]",011101000011011110,"[""11110110000101110""]",1,0.000244140625,False,False,,,,7.324915197728748,0.25645641193680074,{},{}
"[0, 1, 1, 1, 0, 1, 0, 0, 0, 1, 0, 0, 0, 0, 1, 0, 1, 0]",011101000100001010,"[""10100001000101110""]",1,0.000244140625,False,False,,,,3.5486712694761584,0.12028222621435918,{},{}
"[0, 1, 1, 1, 0, 1, 0, 0, 0, 1, 0, 0, 1, 0, 0, 0, 0, 1]",011101000100100001,"[""100001001000101110""]",1,0.000244140625,False,False,,,,3.5906331257908377,0.12179540219653087,{},{}
"[0, 1, 1, 1, 0, 1, 0, 0, 0, 1, 0, 0, 1, 0, 0, 1, 0, 0]",011101000100100100,"[""1001001000101110""]",1,0.000244140625,False,False,,,,3.5852221437839003,0.1216002781307255,{},{}
"[0, 1, 1, 1, 0, 1, 0, 0, 0, 1, 0, 0, 1, 0, 1, 1, 0, 0]",011101000100101100,"[""1101001000101110""]",1,0.000244140625,False,False,,,,4.85273079942078,0.16730759004088805,{},{}
"[0, 1, 1, 1, 0, 1, 0, 0, 0, 1, 0, 1, 0, 1, 0, 1, 1, 1]",011101000101010111,"[""111010101000101110""]",1,0.000244140625,False,False,,,,9.340111293262456,0.3291258931975968,{},{}
"[0, 1, 1, 1, 0, 1, 0, 0, 0, 1, 0, 1, 0, 1, 1, 0, 1, 1]",011101000101011011,"[""110110101000101110""]",1,0.000244140625,False,False,,,,7.371082535444806,0.25812124072961823,{},{}
"[0, 1, 1, 1, 0, 1, 0, 0, 1, 0, 0, 0, 0, 0, 0, 0, 1, 1]",011101001000000011,"[""110000000100101110""]",1,0.000244140625,False,False,,,,5.722370175971536,0.19866743761004907,{},{}
"[0, 1, 1, 1, 0, 1, 0, 0, 1, 0, 0, 0, 0, 0, 1, 0, 0, 1]",011101001000001001,"[""100100000100101110""]",1,0.000244140625,False,False,,,,3.7533612586205765,0.12766350060416656,{},{}
"[0, 1, 1, 1, 0, 1, 0, 0, 1, 0, 0, 0, 0, 1, 0, 0, 1, 1]",011101001000010011,"[""110010000100101110""]",1,0.000244140625,False,False,,,,4.969480576033872,0.1715176744701854,{},{}
"[0, 1, 1, 1, 0, 1, 0, 0, 1, 0, 1, 0, 0, 0, 1, 1, 0, 0]",011101001010001100,"[""1100010100101110""]",1,0.000244140625,False,False,,,,2.827715724171653,0.09428402901385434,{},{}
"[0, 1, 1, 1, 0, 1, 0, 0, 1, 0, 1, 1, 0, 0, 1, 1, 0, 1]",011101001011001101,"[""101100110100101110""]",1,0.000244140625,False,False,,,,5.416678718109813,0.187643974574416,{},{}
"[0, 1, 1, 1, 0, 1, 0, 0, 1, 0, 1, 1, 0, 1, 0, 1, 0, 1]",011101001011010101,"[""101010110100101110""]",1,0.000244140625,False,False,,,,5.36469039716528,0.18576923676451645,{},{}
"[0, 1, 1, 1, 0, 1, 0, 0, 1, 0, 1, 1, 1, 1, 0, 1, 0, 0]",011101001011110100,"[""1011110100101110""]",1,0.000244140625,False,False,,,,5.2476513140501115,0.18154871972596695,{},{}
"[0, 1, 1, 1, 0, 1, 0, 1, 0, 0, 1, 0, 1, 0, 0, 1, 0, 0]",011101010010100100,"[""1001010010101110""]",1,0.000244140625,False,False,,,,2.7715878450551354,0.0922600156343595,{},{}
"[0, 1, 1, 1, 0, 1, 0, 1, 0, 1, 0, 0, 1, 0, 0, 1, 1, 0]",011101010100100110,"[""11001001010101110""]",1,0.000244140625,False,False,,,,4.051808129908923,0.1384257184193454,{},{}
"[0, 1, 1, 1, 0, 1, 0, 1, 0, 1, 0, 0, 1, 1, 1, 1, 0, 0]",011101010100111100,"[""1111001010101110""]",1,0.000244140625,False,False,,,,7.34244443843914,0.25708852949208133,{},{}
"[0, 1, 1, 1, 0, 1, 0, 1, 0, 1, 0, 1, 0, 0, 1, 1, 0, 1]",011101010101001101,"[""101100101010101110""]",1,0.000244140625,False,False,,,,5.392740924690786,0.18678075980631273,{},{}
"[0, 1, 1, 1, 0, 1, 0, 1, 1, 0, 0, 0, 1, 0, 1, 0, 0, 0]",011101011000101000,"[""101000110101110""]",1,0.000244140625,False,False,,,,6.8686556455255525,0.24000335059335456,{},{}
"[0, 1, 1, 1, 0, 1, 0, 1, 1, 1, 0, 0, 1, 0, 1, 0, 0, 1]",011101011100101001,"[""100101001110101110""]",1,0.000244140625,False,False,,,,5.412510825811806,0.1874936772550046,{},{}
"[0, 1, 1, 1, 0, 1, 0, 1, 1, 1, 0, 0, 1, 1, 1, 0, 0, 1]",011101011100111001,"[""100111001110101110""]",1,0.000244140625,False,False,,,,8.672963097701025,0.30506802934852784,{},{}
"[0, 1, 1, 1, 0, 1, 0, 1, 1, 1, 1, 1, 0, 0, 1, 0, 0, 1]",011101011111001001,"[""100100111110101110""]",1,0.000244140625,False,False,,,,8.664921201608598,0.30477803254936514,{},{}
"[0, 1, 1, 1, 0, 1, 1, 0, 0, 0, 0, 0, 0, 0, 1, 1, 1, 0]",011101100000001110,"[""11100000001101110""]",1,0.000244140625,False,False,,,,4.814929409489128,0.16594444359406912,{},{}
"[0, 1, 1, 1, 0, 1, 1, 0, 0, 0, 0, 0, 1, 0, 0, 0, 0, 1]",011101100000100001,"[""100001000001101110""]",1,0.000244140625,False,False,,,,3.6059999725866207,0.12234954220689445,{},{}
"[0, 1, 1, 1, 0, 1, 1, 0, 0, 0, 0, 1, 0, 0, 1, 0, 1, 0]",011101100001001010,"[""10100100001101110""]",1,0.000244140625,False,False,,,,2.821778957657421,0.09406994476472749,{},{}
"[0, 1, 1, 1, 0, 1, 1, 0, 0, 0, 0, 1, 1, 1, 0, 1, 0, 1]",011101100001110101,"[""101011100001101110""]",1,0.000244140625,False,False,,,,5.343326935896915,0.1849988543428018,{},{}
"[0, 1, 1, 1, 0, 1, 1, 0, 0, 0, 1, 0, 0, 0, 0, 0, 0, 1]",011101100010000001,"[""100000010001101110""]",1,0.000244140625,False,False,,,,3.5559425317287863,0.12054443337979621,{},{}
"[0, 1, 1, 1, 0, 1, 1, 0, 0, 0, 1, 0, 0, 0, 0, 1, 0, 0]",011101100010000100,"[""1000010001101110""]",1,0.000244140625,False,False,,,,3.5145163911565733,0.1190505757087281,{},{}
"[0, 1, 1, 1, 0, 1, 1, 0, 0, 1, 0, 0, 1, 1, 0, 1, 1, 1]",011101100100110111,"[""111011001001101110""]",1,0.000244140625,False,False,,,,8.672304230815362,0.30504427011491914,{},{}
"[0, 1, 1, 1, 0, 1, 1, 0, 0, 1, 0, 1, 0, 1, 1, 1, 0, 1]",011101100101011101,"[""101110101001101110""]",1,0.000244140625,False,False,,,,6.658220689588777,0.23241490839611326,{},{}
"[0, 1, 1, 1, 0, 1, 1, 0, 1, 0, 0, 0, 0, 0, 1, 1, 0, 0]",011101101000001100,"[""1100000101101110""]",1,0.000244140625,False,False,,,,4.880518716459555,0.16830964315174973,{},{}
"[0, 1, 1, 1, 0, 1, 1, 0, 1, 0, 0, 0, 1, 1, 1, 0, 1, 1]",011101101000111011,"[""110111000101101110""]",1,0.000244140625,False,False,,,,10.666449245843632,0.3769546336383893,{},{}
"[0, 1, 1, 1, 0, 1, 1, 0, 1, 0, 1, 0, 0, 1, 1, 0, 0, 1]",011101101010011001,"[""100110010101101110""]",1,0.000244140625,False,False,,,,5.379874231997958,0.1863167772263533,{},{}
"[0, 1, 1, 1, 0, 1, 1, 0, 1, 0, 1, 1, 0, 0, 1, 0, 1, 0]",011101101011001010,"[""10100110101101110""]",1,0.000244140625,False,False,,,,5.319287680856025,0.18413198079258544,{},{}
"[0, 1, 1, 1, 0, 1, 1, 1, 0, 0, 0, 1, 0, 0, 0, 1, 0, 1]",011101110001000101,"[""101000100011101110""]",1,0.000244140625,False,False,,,,6.091772864872366,0.21198837537797238,{},{}
"[0, 1, 1, 1, 0, 1, 1, 1, 0, 0, 0, 1, 0, 0, 0, 1, 1, 0]",011101110001000110,"[""11000100011101110""]",1,0.000244140625,False,False,,,,6.040674363859298,0.21014572514157417,{},{}
"[0, 1, 1, 1, 0, 1, 1, 1, 0, 0, 1, 0, 0, 1, 0, 0, 0, 0]",011101110010010000,"[""10010011101110""]",1,0.000244140625,False,False,,,,4.795772674827059,0.16525363738735374,{},{}
"[0, 1, 1, 1, 0, 1, 1, 1, 1, 0, 0, 0, 0, 1, 0, 1, 1, 0]",011101111000010110,"[""11010000111101110""]",1,0.000244140625,False,False,,,,9.373486262881086,0.33032941961105894,{},{}
"[0, 1, 1, 1, 1, 0, 0, 0, 0, 0, 0, 1, 0, 0, 1, 1, 1, 0]",011110000001001110,"[""11100100000011110""]",1,0.000244140625,False,False,,,,4.853797627063011,0.16734606064507765,{},{}
"[0, 1, 1, 1, 1, 0, 0, 0, 0, 0, 1, 0, 0, 0, 1, 1, 0, 1]",011110000010001101,"[""101100010000011110""]",1,0.000244140625,False,False,,,,4.800878994104584,0.16543777508684224,{},{}
"[0, 1, 1, 1, 1, 0, 0, 0, 0, 0, 1, 0, 1, 0, 0, 0, 1, 0]",011110000010100010,"[""10001010000011110""]",1,0.000244140625,False,False,,,,3.5417813682029022,0.1200337712116052,{},{}
"[0, 1, 1, 1, 1, 0, 0, 0, 0, 0, 1, 1, 0, 0, 0, 1, 1, 0]",011110000011000110,"[""11000110000011110""]",1,0.000244140625,False,False,,,,6.807631562624344,0.23780277643648962,{},{}
"[0, 1, 1, 1, 1, 0, 0, 0, 0, 1, 1, 0, 1, 1, 0, 0, 0, 1]",011110000110110001,"[""100011011000011110""]",1,0.000244140625,False,False,,,,5.979463984597136,0.20793843299833495,{},{}
"[0, 1, 1, 1, 1, 0, 0, 0, 0, 1, 1, 1, 0, 0, 0, 1, 0, 0]",011110000111000100,"[""1000111000011110""]",1,0.000244140625,False,False,,,,8.73698962073375,0.3073768737463671,{},{}
"[0, 1, 1, 1, 1, 0, 0, 0, 0, 1, 1, 1, 1, 0, 1, 1, 0, 1]",011110000111101101,"[""101101111000011110""]",1,0.000244140625,False,False,,,,10.543811376113181,0.37253222015912907,{},{}
"[0, 1, 1, 1, 1, 0, 0, 0, 0, 1, 1, 1, 1, 1, 0, 1, 1, 0]",011110000111110110,"[""11011111000011110""]",1,0.000244140625,False,False,,,,10.558674892151618,0.37306820968521964,{},{}
"[0, 1, 1, 1, 1, 0, 0, 0, 1, 0, 0, 0, 1, 1, 0, 0, 0, 0]",011110001000110000,"[""11000100011110""]",1,0.000244140625,False,False,,,,5.522108880029925,0.19144586521570725,{},{}
"[0, 1, 1, 1, 1, 0, 0, 0, 1, 0, 1, 1, 0, 1, 1, 0, 1, 1]",011110001011011011,"[""110110110100011110""]",1,0.000244140625,False,False,,,,6.709520171920243,0.2342648061694551,{},{}
"[0, 1, 1, 1, 1, 0, 0, 0, 1, 1, 0, 0, 0, 0, 0, 1, 0, 0]",011110001100000100,"[""1000001100011110""]",1,0.000244140625,False,False,,,,3.5111067484355534,0.11892762143724538,{},{}
"[0, 1, 1, 1, 1, 0, 0, 0, 1, 1, 0, 0, 0, 0, 1, 0, 0, 0]",011110001100001000,"[""100001100011110""]",1,0.000244140625,False,False,,,,3.5198265945127494,0.1192420656208701,{},{}
"[0, 1, 1, 1, 1, 0, 0, 1, 0, 0, 0, 0, 0, 0, 0, 0, 0, 0]",011110010000000000,"[""10011110""]",1,0.000244140625,False,False,,,,5.139687199976089,0.17765545287122805,{},{}
"[0, 1, 1, 1, 1, 0, 0, 1, 0, 1, 0, 1, 1, 0, 0, 1, 1, 0]",011110010101100110,"[""11001101010011110""]",1,0.000244140625,False,False,,,,5.312255088817999,0.18387838025393075,{},{}
"[0, 1, 1, 1, 1, 0, 0, 1, 1, 0, 0, 0, 1, 1, 0, 0, 1, 1]",011110011000110011,"[""110011000110011110""]",1,0.000244140625,False,False,,,,7.428855349139436,0.26020457168260597,{},{}
"[0, 1, 1, 1, 1, 0, 0, 1, 1, 0, 1, 0, 0, 0, 1, 0, 0, 1]",011110011010001001,"[""100100010110011110""]",1,0.000244140625,False,False,,,,4.165598480829103,0.1425290837405567,{},{}
"[0, 1, 1, 1, 1, 0, 0, 1, 1, 0, 1, 0, 1, 0, 0, 0, 0, 0]",011110011010100000,"[""1010110011110""]",1,0.000244140625,False,False,,,,4.809977123379058,0.16576586044602143,{},{}
"[0, 1, 1, 1, 1, 0, 0, 1, 1, 0, 1, 0, 1, 1, 0, 0, 0, 1]",011110011010110001,"[""100011010110011110""]",1,0.000244140625,False,False,,,,5.3909357759459375,0.18671566478991336,{},{}
"[0, 1, 1, 1, 1, 0, 0, 1, 1, 0, 1, 1, 0, 0, 1, 0, 1, 0]",011110011011001010,"[""10100110110011110""]",1,0.000244140625,False,False,,,,5.460035841254269,0.189207464923991,{},{}
"[0, 1, 1, 1, 1, 0, 0, 1, 1, 0, 1, 1, 0, 0, 1, 1, 0, 1]",011110011011001101,"[""101100110110011110""]",1,0.000244140625,False,False,,,,6.647554126131329,0.23203026412501424,{},{}
"[0, 1, 1, 1, 1, 0, 0, 1, 1, 1, 0, 0, 1, 0, 0, 0, 0, 1]",011110011100100001,"[""100001001110011110""]",1,0.000244140625,False,False,,,,4.04587963944387,0.13821193261075346,{},{}
"[0, 1, 1, 1, 1, 0, 0, 1, 1, 1, 0, 1, 0, 0, 1, 0, 0, 1]",011110011101001001,"[""100100101110011110""]",1,0.000244140625,False,False,,,,5.3520397453124975,0.18531304477913593,{},{}
"[0, 1, 1, 1, 1, 0, 0, 1, 1, 1, 0, 1, 1, 0, 1, 0, 0, 1]",011110011101101001,"[""100101101110011110""]",1,0.000244140625,False,False,,,,6.578014644872955,0.2295226183225086,{},{}
"[0, 1, 1, 1, 1, 0, 0, 1, 1, 1, 0, 1, 1, 0, 1, 1, 1, 0]",011110011101101110,"[""11101101110011110""]",1,0.000244140625,False,False,,,,7.862443884691945,0.27584009917745467,{},{}
"[0, 1, 1, 1, 1, 0, 0, 1, 1, 1, 1, 0, 0, 1, 0, 0, 1, 1]",011110011110010011,"[""110010011110011110""]",1,0.000244140625,False,False,,,,6.7217687827188435,0.23470650025315862,{},{}
"[0, 1, 1, 1, 1, 0, 0, 1, 1, 1, 1, 0, 1, 1, 0, 1, 1, 1]",011110011110110111,"[""111011011110011110""]",1,0.000244140625,False,False,,,,11.230755820281315,0.3973039515669667,{},{}
"[0, 1, 1, 1, 1, 0, 1, 0, 0, 0, 0, 0, 0, 1, 1, 0, 0, 1]",011110100000011001,"[""100110000001011110""]",1,0.000244140625,False,False,,,,4.812459946631418,0.16585539291296653,{},{}
"[0, 1, 1, 1, 1, 0, 1, 0, 0, 0, 0, 0, 0, 1, 1, 1, 0, 0]",011110100000011100,"[""1110000001011110""]",1,0.000244140625,False,False,,,,4.808388483118544,0.1657085728878044,{},{}
"[0, 1, 1, 1, 1, 0, 1, 0, 0, 1, 0, 0, 0, 0, 1, 0, 1, 0]",011110100100001010,"[""10100001001011110""]",1,0.000244140625,False,False,,,,2.7790217750981494,0.09252808872221044,{},{}
"[0, 1, 1, 1, 1, 0, 1, 0, 0, 1, 0, 0, 0, 1, 0, 1, 1, 1]",011110100100010111,"[""111010001001011110""]",1,0.000244140625,False,False,,,,7.34634060002265,0.2572290279983108,{},{}
"[0, 1, 1, 1, 1, 0, 1, 0, 0, 1, 0, 1, 0, 0, 0, 0, 1, 1]",011110100101000011,"[""110000101001011110""]",1,0.000244140625,False,False,,,,6.035105428545584,0.20994490516116657,{},{}
"[0, 1, 1, 1, 1, 0, 1, 0, 0, 1, 0, 1, 1, 0, 0, 0, 0, 1]",011110100101100001,"[""100001101001011110""]",1,0.000244140625,False,False,,,,4.025407385242367,0.13747368778368202,{},{}
"[0, 1, 1, 1, 1, 0, 1, 0, 0, 1, 1, 0, 0, 0, 1, 1, 0, 1]",011110100110001101,"[""101100011001011110""]",1,0.000244140625,False,False,,,,5.28420119591615,0.1828667358541418,{},{}
"[0, 1, 1, 1, 1, 0, 1, 0, 1, 0, 0, 0, 1, 0, 0, 0, 1, 0]",011110101000100010,"[""10001000101011110""]",1,0.000244140625,False,False,,,,4.77839822701334,0.1646271017799188,{},{}
"[0, 1, 1, 1, 1, 0, 1, 0, 1, 0, 0, 1, 0, 0, 1, 1, 0, 0]",011110101001001100,"[""1100100101011110""]",1,0.000244140625,False,False,,,,4.0622114829662666,0.13880087112618403,{},{}
"[0, 1, 1, 1, 1, 0, 1, 0, 1, 0, 0, 1, 1, 0, 1, 0, 0, 1]",011110101001101001,"[""100101100101011110""]",1,0.000244140625,False,False,,,,5.335056878583325,0.18470062987903493,{},{}
"[0, 1, 1, 1, 1, 0, 1, 0, 1, 0, 1, 1, 0, 0, 1, 0, 1, 0]",011110101011001010,"[""10100110101011110""]",1,0.000244140625,False,False,,,,5.325590270545625,0.18435925689953997,{},{}
"[0, 1, 1, 1, 1, 0, 1, 0, 1, 1, 0, 0, 1, 0, 1, 1, 0, 1]",011110101100101101,"[""101101001101011110""]",1,0.000244140625,False,False,,,,6.658122024467506,0.23241135045790703,{},{}
"[0, 1, 1, 1, 1, 0, 1, 0, 1, 1, 0, 1, 0, 1, 0, 1, 0, 1]",011110101101010101,"[""101010101101011110""]",1,0.000244140625,False,False,,,,6.571204794920231,0.22927705003035823,{},{}
"[0, 1, 1, 1, 1, 0, 1, 1, 0, 0, 1, 0, 1, 0, 0, 1, 0, 0]",011110110010100100,"[""1001010011011110""]",1,0.000244140625,False,False,,,,4.070007949824954,0.13908201756326946,{},{}
"[0, 1, 1, 1, 1, 0, 1, 1, 0, 0, 1, 0, 1, 0, 0, 1, 0, 1]",011110110010100101,"[""101001010011011110""]",1,0.000244140625,False,False,,,,5.321076392774566,0.1841964830847115,{},{}
"[0, 1, 1, 1, 1, 0, 1, 1, 0, 0, 1, 0, 1, 0, 1, 1, 0, 0]",011110110010101100,"[""1101010011011110""]",1,0.000244140625,False,False,,,,5.3468552747266695,0.18512608888490859,{},{}
"[0, 1, 1, 1, 1, 0, 1, 1, 0, 0, 1, 1, 0, 0, 0, 0, 0, 1]",011110110011000001,"[""100000110011011110""]",1,0.000244140625,False,False,,,,6.052914267195204,0.21058710522764812,{},{}
"[0, 1, 1, 1, 1, 0, 1, 1, 0, 0, 1, 1, 1, 0, 0, 0, 1, 0]",011110110011100010,"[""10001110011011110""]",1,0.000244140625,False,False,,,,5.343601693589854,0.18500876231109456,{},{}
"[0, 1, 1, 1, 1, 0, 1, 1, 0, 1, 0, 0, 1, 0, 1, 1, 0, 0]",011110110100101100,"[""1101001011011110""]",1,0.000244140625,False,False,,,,5.389154417786402,0.1866514276798475,{},{}
"[0, 1, 1, 1, 1, 0, 1, 1, 0, 1, 0, 1, 1, 0, 0, 0, 1, 1]",011110110101100011,"[""110001101011011110""]",1,0.000244140625,False,False,,,,6.575013373076047,0.22941439021255575,{},{}
"[0, 1, 1, 1, 1, 0, 1, 1, 1, 1, 0, 1, 0, 1, 1, 1, 0, 1]",011110111101011101,"[""101110101111011110""]",1,0.000244140625,False,False,,,,11.186187767070738,0.3956967941718158,{},{}
"[0, 1, 1, 1, 1, 1, 0, 0, 0, 0, 0, 0, 1, 0, 1, 0, 1, 1]",011111000000101011,"[""110101000000111110""]",1,0.000244140625,False,False,,,,10.136107545051626,0.35783011450452484,{},{}
"[0, 1, 1, 1, 1, 1, 0, 0, 1, 0, 0, 1, 0, 0, 1, 1, 0, 0]",011111001001001100,"[""1100100100111110""]",1,0.000244140625,False,False,,,,6.129461804718813,0.21334746679045613,{},{}
"[0, 1, 1, 1, 1, 1, 0, 0, 1, 0, 0, 1, 0, 1, 0, 1, 1, 1]",011111001001010111,"[""111010100100111110""]",1,0.000244140625,False,False,,,,10.73834369607034,0.37954720138655246,{},{}
"[0, 1, 1, 1, 1, 1, 0, 0, 1, 0, 1, 0, 1, 0, 1, 0, 0, 1]",011111001010101001,"[""100101010100111110""]",1,0.000244140625,False,False,,,,7.401015428277562,0.2592006432749151,{},{}
"[0, 1, 1, 1, 1, 1, 0, 0, 1, 1, 1, 1, 1, 0, 1, 1, 0, 0]",011111001111101100,"[""1101111100111110""]",1,0.000244140625,False,False,,,,11.844527559796932,0.4194370204142064,{},{}
"[0, 1, 1, 1, 1, 1, 0, 1, 0, 0, 0, 0, 0, 0, 1, 1, 1, 0]",011111010000001110,"[""11100000010111110""]",1,0.000244140625,False,False,,,,8.159748485587366,0.28656112586632204,{},{}
"[0, 1, 1, 1, 1, 1, 0, 1, 0, 1, 1, 1, 1, 1, 0, 0, 0, 1]",011111010111110001,"[""100011111010111110""]",1,0.000244140625,False,False,,,,11.879404120645455,0.4206946953326126,{},{}
"[0, 1, 1, 1, 1, 1, 0, 1, 1, 0, 1, 0, 1, 0, 1, 0, 1, 0]",011111011010101010,"[""10101010110111110""]",1,0.000244140625,False,False,,,,8.693560980309828,0.3058108044301042,{},{}
"[0, 1, 1, 1, 1, 1, 0, 1, 1, 0, 1, 1, 0, 0, 0, 1, 1, 0]",011111011011000110,"[""11000110110111110""]",1,0.000244140625,False,False,,,,10.690461366172052,0.377820528690541,{},{}
"[0, 1, 1, 1, 1, 1, 0, 1, 1, 1, 1, 0, 0, 1, 0, 0, 0, 1]",011111011110010001,"[""100010011110111110""]",1,0.000244140625,False,False,,,,8.756280436104905,0.3080725150039234,{},{}
"[0, 1, 1, 1, 1, 1, 0, 1, 1, 1, 1, 0, 1, 0, 0, 1, 1, 1]",011111011110100111,"[""111001011110111110""]",1,0.000244140625,False,False,,,,13.285950861253541,0.47141582477286326,{},{}
"[0, 1, 1, 1, 1, 1, 1, 0, 0, 0, 0, 0, 0, 0, 0, 0, 1, 1]",011111100000000011,"[""110000000001111110""]",1,0.000244140625,False,False,,,,8.886418897068639,0.3127654054235072,{},{}
"[0, 1, 1, 1, 1, 1, 1, 0, 0, 0, 0, 1, 0, 0, 0, 0, 1, 0]",011111100001000010,"[""10000100001111110""]",1,0.000244140625,False,False,,,,6.820252239294728,0.23825788749433144,{},{}
"[0, 1, 1, 1, 1, 1, 1, 0, 0, 1, 0, 1, 0, 1, 0, 1, 1, 0]",011111100101010110,"[""11010101001111110""]",1,0.000244140625,False,False,,,,8.613179135846186,0.30291217488586036,{},{}
"[0, 1, 1, 1, 1, 1, 1, 0, 0, 1, 0, 1, 1, 0, 1, 0, 0, 0]",011111100101101000,"[""101101001111110""]",1,0.000244140625,False,False,,,,9.330292349856053,0.32877181474068934,{},{}
"[0, 1, 1, 1, 1, 1, 1, 0, 0, 1, 1, 0, 1, 0, 0, 0, 0, 0]",011111100110100000,"[""1011001111110""]",1,0.000244140625,False,False,,,,8.005459906571852,0.2809973640932757,{},{}
"[0, 1, 1, 1, 1, 1, 1, 0, 1, 0, 0, 1, 0, 0, 0, 0, 1, 1]",011111101001000011,"[""110000100101111110""]",1,0.000244140625,False,False,,,,9.443121705823465,0.3328405258637972,{},{}
"[0, 1, 1, 1, 1, 1, 1, 0, 1, 1, 0, 0, 1, 0, 0, 1, 1, 0]",011111101100100110,"[""11001001101111110""]",1,0.000244140625,False,False,,,,8.671828309684198,0.30502710804230526,{},{}
"[0, 1, 1, 1, 1, 1, 1, 1, 0, 0, 0, 1, 0, 0, 1, 0, 1, 1]",011111110001001011,"[""110100100011111110""]",1,0.000244140625,False,False,,,,8.705701569385687,0.3062486031695413,{},{}
"[0, 1, 1, 1, 1, 1, 1, 1, 0, 0, 0, 1, 0, 1, 1, 0, 0, 1]",011111110001011001,"[""100110100011111110""]",1,0.000244140625,False,False,,,,8.702254367406855,0.30612429448307743,{},{}
"[0, 1, 1, 1, 1, 1, 1, 1, 1, 0, 0, 0, 0, 0, 0, 0, 1, 0]",011111111000000010,"[""10000000111111110""]",1,0.000244140625,False,False,,,,12.154939682074758,0.4306307141460406,{},{}
"[0, 1, 1, 1, 1, 1, 1, 1, 1, 1, 1, 0, 1, 1, 0, 1, 1, 1]",011111111110110111,"[""111011011111111110""]",1,0.000244140625,False,False,,,,17.950647880855463,0.639628294717867,{},{}
"[1, 0, 0, 0, 0, 0, 0, 0, 0, 0, 0, 0, 0, 0, 0, 0, 0, 0]",100000000000000000,"[""1""]",1,0.000244140625,False,False,,,,4.257999286819608,0.1458611260436811,{},{}
"[1, 0, 0, 0, 0, 0, 0, 0, 0, 0, 0, 0, 0, 1, 1, 0, 1, 0]",100000000000011010,"[""10110000000000001""]",1,0.000244140625,False,False,,,,3.796364137435569,0.1292142166377736,{},{}
"[1, 0, 0, 0, 0, 0, 0, 0, 0, 0, 0, 1, 0, 1, 0, 0, 0, 1]",100000000001010001,"[""100010100000000001""]",1,0.000244140625,False,False,,,,1.8041383877722186,0.0573730632615341,{},{}
"[1, 0, 0, 0, 0, 0, 0, 0, 0, 0, 1, 0, 0, 0, 1, 0, 0, 1]",100000000010001001,"[""100100010000000001""]",1,0.000244140625,False,False,,,,1.8055795406945565,0.057425032315819136,{},{}
"[1, 0, 0, 0, 0, 0, 0, 0, 0, 0, 1, 0, 1, 1, 0, 0, 1, 1]",100000000010110011,"[""110011010000000001""]",1,0.000244140625,False,False,,,,4.207546507759382,0.1440417610247641,{},{}
"[1, 0, 0, 0, 0, 0, 0, 0, 0, 0, 1, 1, 1, 1, 1, 1, 1, 1]",100000000011111111,"[""111111110000000001""]",1,0.000244140625,False,False,,,,11.874185316460618,0.4205065013430776,{},{}
"[1, 0, 0, 0, 0, 0, 0, 0, 0, 1, 0, 0, 0, 1, 1, 1, 0, 0]",100000000100011100,"[""1110001000000001""]",1,0.000244140625,False,False,,,,2.988476623550588,0.10008118750913828,{},{}
"[1, 0, 0, 0, 0, 0, 0, 0, 0, 1, 0, 0, 1, 1, 1, 1, 1, 0]",100000000100111110,"[""11111001000000001""]",1,0.000244140625,False,False,,,,7.443173214184661,0.26072088462500626,{},{}
"[1, 0, 0, 0, 0, 0, 0, 0, 0, 1, 0, 1, 1, 0, 1, 1, 0, 1]",100000000101101101,"[""101101101000000001""]",1,0.000244140625,False,False,,,,5.538593103710033,0.1920402986738086,{},{}
"[1, 0, 0, 0, 0, 0, 0, 0, 0, 1, 1, 0, 0, 0, 0, 0, 1, 0]",100000000110000010,"[""10000011000000001""]",1,0.000244140625,False,False,,,,3.760064213633659,0.12790521418469342,{},{}
"[1, 0, 0, 0, 0, 0, 0, 0, 0, 1, 1, 0, 0, 1, 0, 0, 0, 1]",100000000110010001,"[""100010011000000001""]",1,0.000244140625,False,False,,,,2.9609921082802626,0.09909007529339632,{},{}
"[1, 0, 0, 0, 0, 0, 0, 0, 1, 0, 0, 0, 0, 0, 1, 0, 0, 0]",100000001000001000,"[""100000100000001""]",1,0.000244140625,False,False,,,,2.676754961255053,0.08884027078298205,{},{}
"[1, 0, 0, 0, 0, 0, 0, 0, 1, 0, 0, 0, 1, 0, 0, 0, 1, 0]",100000001000100010,"[""10001000100000001""]",1,0.000244140625,False,False,,,,1.8445754990629473,0.05883125579559818,{},{}
"[1, 0, 0, 0, 0, 0, 0, 0, 1, 0, 0, 0, 1, 1, 0, 0, 1, 1]",100000001000110011,"[""110011000100000001""]",1,0.000244140625,False,False,,,,4.288797586322515,0.14697173580198264,{},{}
"[1, 0, 0, 0, 0, 0, 0, 0, 1, 0, 0, 1, 0, 0, 1, 0, 1, 0]",100000001001001010,"[""10100100100000001""]",1,0.000244140625,False,False,,,,1.0614537492735459,0.030591298678089577,{},{}
"[1, 0, 0, 0, 0, 0, 0, 0, 1, 0, 0, 1, 1, 0, 1, 1, 1, 0]",100000001001101110,"[""11101100100000001""]",1,0.000244140625,False,False,,,,3.487521758736693,0.11807712903565928,{},{}
"[1, 0, 0, 0, 0, 0, 0, 0, 1, 0, 1, 0, 0, 1, 0, 1, 1, 0]",100000001010010110,"[""11010010100000001""]",1,0.000244140625,False,False,,,,2.226028169913416,0.07258672494209199,{},{}
"[1, 0, 0, 0, 0, 0, 0, 0, 1, 0, 1, 0, 0, 1, 1, 0, 1, 1]",100000001010011011,"[""110110010100000001""]",1,0.000244140625,False,False,,,,3.504275175693204,0.11868126980502347,{},{}
"[1, 0, 0, 0, 0, 0, 0, 0, 1, 0, 1, 0, 1, 1, 0, 0, 1, 0]",100000001010110010,"[""10011010100000001""]",1,0.000244140625,False,False,,,,2.2276866311288535,0.07264653029626278,{},{}
"[1, 0, 0, 0, 0, 0, 0, 0, 1, 0, 1, 1, 0, 0, 1, 0, 1, 1]",100000001011001011,"[""110100110100000001""]",1,0.000244140625,False,False,,,,3.5150145057979483,0.11906853809595054,{},{}
"[1, 0, 0, 0, 0, 0, 0, 0, 1, 0, 1, 1, 0, 1, 1, 0, 1, 1]",100000001011011011,"[""110110110100000001""]",1,0.000244140625,False,False,,,,4.728664542581392,0.16283366785213985,{},{}
"[1, 0, 0, 0, 0, 0, 0, 0, 1, 1, 0, 0, 0, 0, 1, 1, 0, 0]",100000001100001100,"[""1100001100000001""]",1,0.000244140625,False,False,,,,1.0669094465811964,0.030788035211145377,{},{}
"[1, 0, 0, 0, 0, 0, 0, 0, 1, 1, 0, 0, 0, 0, 1, 1, 1, 0]",100000001100001110,"[""11100001100000001""]",1,0.000244140625,False,False,,,,2.2351163840539985,0.07291445275411332,{},{}
"[1, 0, 0, 0, 0, 0, 0, 0, 1, 1, 1, 0, 0, 0, 1, 1, 0, 1]",100000001110001101,"[""101100011100000001""]",1,0.000244140625,False,False,,,,3.4906351413672754,0.11818939994628293,{},{}
"[1, 0, 0, 0, 0, 0, 0, 0, 1, 1, 1, 0, 1, 0, 1, 0, 1, 0]",100000001110101010,"[""10101011100000001""]",1,0.000244140625,False,False,,,,3.4141334568943966,0.11543069187884354,{},{}
"[1, 0, 0, 0, 0, 0, 0, 0, 1, 1, 1, 0, 1, 1, 1, 0, 1, 1]",100000001110111011,"[""110111011100000001""]",1,0.000244140625,False,False,,,,7.896088122234785,0.27705333559403555,{},{}
"[1, 0, 0, 0, 0, 0, 0, 1, 0, 0, 0, 0, 0, 0, 0, 1, 1, 0]",100000010000000110,"[""11000000010000001""]",1,0.000244140625,False,False,,,,3.809318914577146,0.12968137560895965,{},{}
"[1, 0, 0, 0, 0, 0, 0, 1, 0, 0, 0, 0, 0, 1, 1, 1, 1, 0]",100000010000011110,"[""11110000010000001""]",1,0.000244140625,False,False,,,,4.231992430550348,0.14492329931877837,{},{}
"[1, 0, 0, 0, 0, 0, 0, 1, 0, 0, 0, 0, 1, 1, 0, 0, 1, 0]",100000010000110010,"[""10011000010000001""]",1,0.000244140625,False,False,,,,3.0128355824530817,0.10095958982016918,{},{}
"[1, 0, 0, 0, 0, 0, 0, 1, 0, 0, 0, 1, 1, 0, 0, 0, 0, 1]",100000010001100001,"[""100001100010000001""]",1,0.000244140625,False,False,,,,0.999650208742885,0.028362616695032122,{},{}
"[1, 0, 0, 0, 0, 0, 0, 1, 0, 0, 0, 1, 1, 1, 0, 0, 0, 0]",100000010001110000,"[""11100010000001""]",1,0.000244140625,False,False,,,,2.965857104117286,0.09926551068878833,{},{}
"[1, 0, 0, 0, 0, 0, 0, 1, 0, 0, 0, 1, 1, 1, 0, 0, 1, 0]",100000010001110010,"[""10011100010000001""]",1,0.000244140625,False,False,,,,2.197737367628784,0.07156653741243549,{},{}
"[1, 0, 0, 0, 0, 0, 0, 1, 0, 0, 1, 0, 1, 0, 0, 0, 1, 0]",100000010010100010,"[""10001010010000001""]",1,0.000244140625,False,False,,,,1.0128355824530817,0.028838091151276526,{},{}
"[1, 0, 0, 0, 0, 0, 0, 1, 0, 0, 1, 0, 1, 1, 0, 1, 0, 0]",100000010010110100,"[""1011010010000001""]",1,0.000244140625,False,False,,,,2.2164686332119365,0.0722420008853465,{},{}
"[1, 0, 0, 0, 0, 0, 0, 1, 0, 0, 1, 1, 0, 0, 0, 0, 1, 1]",100000010011000011,"[""110000110010000001""]",1,0.000244140625,False,False,,,,4.252069449958091,0.1456472916830238,{},{}
"[1, 0, 0, 0, 0, 0, 0, 1, 0, 0, 1, 1, 0, 1, 0, 0, 1, 1]",100000010011010011,"[""110010110010000001""]",1,0.000244140625,False,False,,,,3.4931013876217465,0.11827833463426243,{},{}
"[1, 0, 0, 0, 0, 0, 0, 1, 0, 0, 1, 1, 1, 0, 0, 0, 0, 1]",100000010011100001,"[""100001110010000001""]",1,0.000244140625,False,False,,,,2.1889095392723927,0.07124819930690815,{},{}
"[1, 0, 0, 0, 0, 0, 0, 1, 0, 0, 1, 1, 1, 0, 0, 0, 1, 1]",100000010011100011,"[""110001110010000001""]",1,0.000244140625,False,False,,,,3.4286873191263876,0.11595551505663944,{},{}
"[1, 0, 0, 0, 0, 0, 0, 1, 0, 0, 1, 1, 1, 1, 0, 1, 0, 0]",100000010011110100,"[""1011110010000001""]",1,0.000244140625,False,False,,,,3.4013704183876383,0.11497044714650545,{},{}
"[1, 0, 0, 0, 0, 0, 0, 1, 0, 1, 0, 0, 0, 0, 1, 0, 1, 0]",100000010100001010,"[""10100001010000001""]",1,0.000244140625,False,False,,,,0.9786429753609533,0.02760508011783607,{},{}
"[1, 0, 0, 0, 0, 0, 0, 1, 0, 1, 0, 0, 1, 0, 0, 0, 0, 1]",100000010100100001,"[""100001001010000001""]",1,0.000244140625,False,False,,,,1.0206048316756324,0.029118256100007768,{},{}
"[1, 0, 0, 0, 0, 0, 0, 1, 0, 1, 0, 1, 0, 1, 0, 1, 1, 0]",100000010101010110,"[""11010101010000001""]",1,0.000244140625,False,False,,,,3.4112739837866304,0.1153275771358758,{},{}
"[1, 0, 0, 0, 0, 0, 0, 1, 0, 1, 1, 0, 0, 0, 0, 0, 1, 0]",100000010110000010,"[""10000011010000001""]",1,0.000244140625,False,False,,,,2.9941582439234113,0.10028607099721615,{},{}
"[1, 0, 0, 0, 0, 0, 0, 1, 0, 1, 1, 1, 0, 0, 0, 0, 1, 0]",100000010111000010,"[""10000111010000001""]",1,0.000244140625,False,False,,,,6.194855061784108,0.21570559664165073,{},{}
"[1, 0, 0, 0, 0, 0, 0, 1, 1, 0, 0, 1, 0, 0, 1, 0, 1, 0]",100000011001001010,"[""10100100110000001""]",1,0.000244140625,False,False,,,,2.281107430253765,0.07457292434275203,{},{}
"[1, 0, 0, 0, 0, 0, 0, 1, 1, 0, 0, 1, 0, 1, 0, 1, 0, 1]",100000011001010101,"[""101010100110000001""]",1,0.000244140625,False,False,,,,3.485755075709376,0.11801342112185777,{},{}
"[1, 0, 0, 0, 0, 0, 0, 1, 1, 0, 1, 0, 0, 0, 0, 1, 1, 0]",100000011010000110,"[""11000010110000001""]",1,0.000244140625,False,False,,,,4.273767594753062,0.14642974304349776,{},{}
"[1, 0, 0, 0, 0, 0, 0, 1, 1, 0, 1, 0, 1, 0, 0, 1, 0, 0]",100000011010100100,"[""1001010110000001""]",1,0.000244140625,False,False,,,,2.2757597471445186,0.07438008288262943,{},{}
"[1, 0, 0, 0, 0, 0, 0, 1, 1, 0, 1, 0, 1, 1, 0, 1, 1, 0]",100000011010110110,"[""11011010110000001""]",1,0.000244140625,False,False,,,,4.732876915634678,0.1629855691809176,{},{}
"[1, 0, 0, 0, 0, 0, 0, 1, 1, 0, 1, 1, 0, 0, 1, 1, 0, 0]",100000011011001100,"[""1100110110000001""]",1,0.000244140625,False,False,,,,3.4698558218351243,0.11744008211329367,{},{}
"[1, 0, 0, 0, 0, 0, 0, 1, 1, 0, 1, 1, 0, 1, 0, 0, 0, 1]",100000011011010001,"[""100010110110000001""]",1,0.000244140625,False,False,,,,3.5140950273393523,0.11903538101373669,{},{}
"[1, 0, 0, 0, 0, 0, 0, 1, 1, 1, 0, 0, 0, 0, 0, 1, 0, 1]",100000011100000101,"[""101000001110000001""]",1,0.000244140625,False,False,,,,4.325347884455113,0.14828976694104154,{},{}
"[1, 0, 0, 0, 0, 0, 0, 1, 1, 1, 0, 0, 1, 0, 1, 0, 1, 0]",100000011100101010,"[""10101001110000001""]",1,0.000244140625,False,False,,,,3.4485310099071578,0.11667109341575506,{},{}
"[1, 0, 0, 0, 0, 0, 0, 1, 1, 1, 0, 1, 1, 0, 0, 0, 0, 1]",100000011101100001,"[""100001101110000001""]",1,0.000244140625,False,False,,,,3.496113098161258,0.11838693917309566,{},{}
"[1, 0, 0, 0, 0, 0, 0, 1, 1, 1, 1, 0, 1, 0, 0, 1, 0, 1]",100000011110100101,"[""101001011110000001""]",1,0.000244140625,False,False,,,,4.774144112252244,0.16447369521387895,{},{}
"[1, 0, 0, 0, 0, 0, 0, 1, 1, 1, 1, 1, 0, 0, 0, 0, 1, 1]",100000011111000011,"[""110000111110000001""]",1,0.000244140625,False,False,,,,8.716411494591636,0.3066348110977837,{},{}
"[1, 0, 0, 0, 0, 0, 1, 0, 0, 0, 0, 0, 1, 1, 1, 0, 1, 1]",100000100000111011,"[""110111000001000001""]",1,0.000244140625,False,False,,,,7.455332950183715,0.2611593738168412,{},{}
"[1, 0, 0, 0, 0, 0, 1, 0, 0, 0, 0, 1, 0, 0, 1, 0, 0, 0]",100000100001001000,"[""100100001000001""]",1,0.000244140625,False,False,,,,1.8603159875137107,0.05939886960402291,{},{}
"[1, 0, 0, 0, 0, 0, 1, 0, 0, 0, 0, 1, 1, 0, 0, 0, 1, 0]",100000100001100010,"[""10001100001000001""]",1,0.000244140625,False,False,,,,1.0405680236409904,0.029838143761385976,{},{}
"[1, 0, 0, 0, 0, 0, 1, 0, 0, 0, 0, 1, 1, 0, 1, 1, 1, 0]",100000100001101110,"[""11101100001000001""]",1,0.000244140625,False,False,,,,3.534736545485911,0.11977972962550218,{},{}
"[1, 0, 0, 0, 0, 0, 1, 0, 0, 0, 1, 0, 0, 0, 0, 0, 1, 1]",100000100010000011,"[""110000010001000001""]",1,0.000244140625,False,False,,,,3.0232168772781742,0.10133394709062382,{},{}
"[1, 0, 0, 0, 0, 0, 1, 0, 0, 0, 1, 0, 0, 1, 0, 0, 0, 1]",100000100010010001,"[""100010010001000001""]",1,0.000244140625,False,False,,,,0.9931948204271739,0.02812983055512275,{},{}
"[1, 0, 0, 0, 0, 0, 1, 0, 0, 0, 1, 0, 0, 1, 0, 0, 1, 0]",100000100010010010,"[""10010010001000001""]",1,0.000244140625,False,False,,,,0.9980194462215148,0.028303810176524984,{},{}
"[1, 0, 0, 0, 0, 0, 1, 0, 0, 0, 1, 0, 0, 1, 0, 1, 1, 0]",100000100010010110,"[""11010010001000001""]",1,0.000244140625,False,False,,,,2.2184415707860867,0.07231314649266045,{},{}
"[1, 0, 0, 0, 0, 0, 1, 0, 0, 0, 1, 1, 0, 1, 0, 0, 1, 0]",100000100011010010,"[""10010110001000001""]",1,0.000244140625,False,False,,,,2.2001574170045495,0.07165380620635196,{},{}
"[1, 0, 0, 0, 0, 0, 1, 0, 0, 1, 0, 0, 0, 0, 1, 1, 1, 0]",100000100100001110,"[""11100001001000001""]",1,0.000244140625,False,False,,,,2.282331170803217,0.07461705334395621,{},{}
"[1, 0, 0, 0, 0, 0, 1, 0, 0, 1, 0, 1, 0, 1, 1, 1, 0, 1]",100000100101011101,"[""101110101001000001""]",1,0.000244140625,False,False,,,,4.732782134287841,0.1629821512945277,{},{}
"[1, 0, 0, 0, 0, 0, 1, 0, 0, 1, 0, 1, 0, 1, 1, 1, 1, 1]",100000100101011111,"[""111110101001000001""]",1,0.000244140625,False,False,,,,7.946619166183959,0.2788755229034946,{},{}
"[1, 0, 0, 0, 0, 0, 1, 0, 0, 1, 1, 0, 0, 0, 1, 1, 1, 0]",100000100110001110,"[""11100011001000001""]",1,0.000244140625,False,False,,,,3.4582486295058397,0.11702151806023062,{},{}
"[1, 0, 0, 0, 0, 0, 1, 0, 1, 0, 0, 0, 0, 0, 1, 1, 0, 1]",100000101000001101,"[""101100000101000001""]",1,0.000244140625,False,False,,,,4.375022872152947,0.15008108422060482,{},{}
"[1, 0, 0, 0, 0, 0, 1, 0, 1, 0, 0, 0, 0, 1, 0, 0, 0, 1]",100000101000010001,"[""100010000101000001""]",1,0.000244140625,False,False,,,,3.106442690112137,0.10433513226538492,{},{}
"[1, 0, 0, 0, 0, 0, 1, 0, 1, 0, 0, 1, 1, 0, 0, 0, 0, 0]",100000101001100000,"[""1100101000001""]",1,0.000244140625,False,False,,,,3.117715374076275,0.10474163369614212,{},{}
"[1, 0, 0, 0, 0, 0, 1, 0, 1, 0, 0, 1, 1, 0, 0, 1, 0, 0]",100000101001100100,"[""1001100101000001""]",1,0.000244140625,False,False,,,,2.378155859768172,0.07807256343277273,{},{}
"[1, 0, 0, 0, 0, 0, 1, 0, 1, 0, 1, 1, 0, 0, 1, 0, 1, 1]",100000101011001011,"[""110100110101000001""]",1,0.000244140625,False,False,,,,4.73389433283916,0.16302225800769699,{},{}
"[1, 0, 0, 0, 0, 0, 1, 0, 1, 1, 0, 0, 1, 0, 0, 1, 0, 1]",100000101100100101,"[""101001001101000001""]",1,0.000244140625,False,False,,,,3.735660003389569,0.12702518007637614,{},{}
"[1, 0, 0, 0, 0, 0, 1, 0, 1, 1, 1, 0, 0, 0, 0, 0, 0, 0]",100000101110000000,"[""11101000001""]",1,0.000244140625,False,False,,,,5.058777494412864,0.17473778826018874,{},{}
"[1, 0, 0, 0, 0, 0, 1, 0, 1, 1, 1, 0, 0, 0, 0, 1, 1, 0]",100000101110000110,"[""11000011101000001""]",1,0.000244140625,False,False,,,,5.517259979315886,0.1912710102225107,{},{}
"[1, 0, 0, 0, 0, 0, 1, 0, 1, 1, 1, 0, 0, 0, 1, 0, 0, 0]",100000101110001000,"[""100011101000001""]",1,0.000244140625,False,False,,,,4.2451204325109035,0.14539670490674006,{},{}
"[1, 0, 0, 0, 0, 0, 1, 0, 1, 1, 1, 0, 0, 0, 1, 0, 0, 1]",100000101110001001,"[""100100011101000001""]",1,0.000244140625,False,False,,,,3.505527544725351,0.11872643117076595,{},{}
"[1, 0, 0, 0, 0, 0, 1, 1, 0, 0, 0, 0, 1, 0, 0, 0, 1, 1]",100000110000100011,"[""110001000011000001""]",1,0.000244140625,False,False,,,,4.268194617422603,0.14622877730493752,{},{}
"[1, 0, 0, 0, 0, 0, 1, 1, 0, 0, 0, 1, 0, 0, 1, 0, 0, 0]",100000110001001000,"[""100100011000001""]",1,0.000244140625,False,False,,,,3.0425285218877125,0.10203033946612429,{},{}
"[1, 0, 0, 0, 0, 0, 1, 1, 0, 0, 0, 1, 1, 0, 0, 1, 1, 1]",100000110001100111,"[""111001100011000001""]",1,0.000244140625,False,False,,,,6.730773073897534,0.23503120174028777,{},{}
"[1, 0, 0, 0, 0, 0, 1, 1, 0, 0, 1, 0, 0, 0, 0, 0, 1, 1]",100000110010000011,"[""110000010011000001""]",1,0.000244140625,False,False,,,,4.257310907567926,0.14583630257203917,{},{}
"[1, 0, 0, 0, 0, 0, 1, 1, 0, 0, 1, 1, 0, 0, 0, 0, 0, 0]",100000110011000000,"[""110011000001""]",1,0.000244140625,False,False,,,,5.004516179684356,0.1727810845912065,{},{}
"[1, 0, 0, 0, 0, 0, 1, 1, 0, 0, 1, 1, 0, 0, 0, 1, 1, 0]",100000110011000110,"[""11000110011000001""]",1,0.000244140625,False,False,,,,5.4568185677604255,0.18909144763098912,{},{}
"[1, 0, 0, 0, 0, 0, 1, 1, 0, 0, 1, 1, 0, 0, 1, 1, 1, 0]",100000110011001110,"[""11100110011000001""]",1,0.000244140625,False,False,,,,4.691987756835787,0.16151107547497442,{},{}
"[1, 0, 0, 0, 0, 0, 1, 1, 0, 1, 0, 0, 0, 0, 1, 0, 0, 0]",100000110100001000,"[""100001011000001""]",1,0.000244140625,False,False,,,,3.027998765670023,0.1015063855692676,{},{}
"[1, 0, 0, 0, 0, 0, 1, 1, 0, 1, 0, 0, 0, 1, 1, 0, 0, 0]",100000110100011000,"[""110001011000001""]",1,0.000244140625,False,False,,,,4.217258096199531,0.1443919681811436,{},{}
"[1, 0, 0, 0, 0, 0, 1, 1, 0, 1, 0, 0, 1, 0, 1, 0, 1, 0]",100000110100101010,"[""10101001011000001""]",1,0.000244140625,False,False,,,,3.484245398008035,0.11795898101269392,{},{}
"[1, 0, 0, 0, 0, 0, 1, 1, 0, 1, 0, 1, 0, 1, 0, 0, 1, 0]",100000110101010010,"[""10010101011000001""]",1,0.000244140625,False,False,,,,3.4397996904461925,0.11635623549331421,{},{}
"[1, 0, 0, 0, 0, 0, 1, 1, 0, 1, 1, 0, 0, 0, 1, 0, 1, 1]",100000110110001011,"[""110100011011000001""]",1,0.000244140625,False,False,,,,4.664293278523638,0.16051239183461175,{},{}
"[1, 0, 0, 0, 0, 0, 1, 1, 0, 1, 1, 0, 1, 0, 0, 0, 0, 1]",100000110110100001,"[""100001011011000001""]",1,0.000244140625,False,False,,,,3.4909328382141016,0.11820013511765398,{},{}
"[1, 0, 0, 0, 0, 0, 1, 1, 0, 1, 1, 0, 1, 0, 1, 0, 1, 0]",100000110110101010,"[""10101011011000001""]",1,0.000244140625,False,False,,,,4.695442273933368,0.16163564795010185,{},{}
"[1, 0, 0, 0, 0, 0, 1, 1, 0, 1, 1, 0, 1, 0, 1, 0, 1, 1]",100000110110101011,"[""110101011011000001""]",1,0.000244140625,False,False,,,,5.926392225430972,0.20602462559430582,{},{}
"[1, 0, 0, 0, 0, 0, 1, 1, 0, 1, 1, 0, 1, 1, 0, 1, 1, 0]",100000110110110110,"[""11011011011000001""]",1,0.000244140625,False,False,,,,6.025456418368377,0.20959695462384081,{},{}
"[1, 0, 0, 0, 0, 0, 1, 1, 0, 1, 1, 1, 1, 0, 1, 0, 0, 0]",100000110111101000,"[""101111011000001""]",1,0.000244140625,False,False,,,,8.705187562917391,0.3062300677111318,{},{}
"[1, 0, 0, 0, 0, 0, 1, 1, 1, 0, 0, 0, 0, 0, 1, 0, 0, 0]",100000111000001000,"[""100000111000001""]",1,0.000244140625,False,False,,,,7.080009052053774,0.2476249128071501,{},{}
"[1, 0, 0, 0, 0, 0, 1, 1, 1, 0, 0, 0, 1, 1, 0, 1, 0, 0]",100000111000110100,"[""1011000111000001""]",1,0.000244140625,False,False,,,,7.55754899961465,0.2648453611533275,{},{}
"[1, 0, 0, 0, 0, 0, 1, 1, 1, 0, 0, 1, 1, 1, 0, 1, 0, 0]",100000111001110100,"[""1011100111000001""]",1,0.000244140625,False,False,,,,6.74389193771269,0.23550427779987884,{},{}
"[1, 0, 0, 0, 0, 0, 1, 1, 1, 0, 1, 0, 1, 0, 0, 0, 0, 1]",100000111010100001,"[""100001010111000001""]",1,0.000244140625,False,False,,,,5.558956779059539,0.19277462806611514,{},{}
"[1, 0, 0, 0, 0, 0, 1, 1, 1, 1, 0, 0, 0, 1, 0, 0, 0, 1]",100000111100010001,"[""100010001111000001""]",1,0.000244140625,False,False,,,,5.537397134685192,0.19199717113459203,{},{}
"[1, 0, 0, 0, 0, 0, 1, 1, 1, 1, 0, 0, 1, 0, 0, 0, 0, 1]",100000111100100001,"[""100001001111000001""]",1,0.000244140625,False,False,,,,5.611677903985358,0.19467579133669516,{},{}
"[1, 0, 0, 0, 0, 0, 1, 1, 1, 1, 1, 0, 1, 1, 0, 0, 0, 0]",100000111110110000,"[""11011111000001""]",1,0.000244140625,False,False,,,,8.74527063480559,0.30767549331904676,{},{}
"[1, 0, 0, 0, 0, 1, 0, 0, 0, 0, 0, 0, 1, 1, 1, 1, 0, 0]",100001000000111100,"[""1111000000100001""]",1,0.000244140625,False,False,,,,6.254641154641489,0.21786152794986668,{},{}
"[1, 0, 0, 0, 0, 1, 0, 0, 0, 0, 0, 1, 0, 0, 0, 0, 1, 1]",100001000001000011,"[""110000100000100001""]",1,0.000244140625,False,False,,,,3.1204434671661283,0.10484001077721636,{},{}
"[1, 0, 0, 0, 0, 1, 0, 0, 0, 0, 0, 1, 1, 1, 1, 0, 0, 0]",100001000001111000,"[""111100000100001""]",1,0.000244140625,False,False,,,,6.2216828648923315,0.21667302732473026,{},{}
"[1, 0, 0, 0, 0, 1, 0, 0, 0, 0, 1, 0, 0, 0, 1, 0, 0, 1]",100001000010001001,"[""100100010000100001""]",1,0.000244140625,False,False,,,,1.082523893972631,0.0313511038845238,{},{}
"[1, 0, 0, 0, 0, 1, 0, 0, 0, 0, 1, 0, 0, 1, 0, 1, 0, 1]",100001000010010101,"[""101010010000100001""]",1,0.000244140625,False,False,,,,2.282971346667076,0.07464013856531279,{},{}
"[1, 0, 0, 0, 0, 1, 0, 0, 0, 0, 1, 0, 0, 1, 1, 1, 1, 1]",100001000010011111,"[""111110010000100001""]",1,0.000244140625,False,False,,,,6.730222564006892,0.2350113499411152,{},{}
"[1, 0, 0, 0, 0, 1, 0, 0, 0, 0, 1, 1, 1, 1, 0, 0, 1, 0]",100001000011110010,"[""10011110000100001""]",1,0.000244140625,False,False,,,,3.4089855339987105,0.11524505392170915,{},{}
"[1, 0, 0, 0, 0, 1, 0, 0, 0, 1, 0, 0, 0, 0, 1, 1, 0, 0]",100001000100001100,"[""1100001000100001""]",1,0.000244140625,False,False,,,,1.0740863864625247,0.03104684104119435,{},{}
"[1, 0, 0, 0, 0, 1, 0, 0, 0, 1, 0, 0, 1, 1, 0, 0, 1, 1]",100001000100110011,"[""110011001000100001""]",1,0.000244140625,False,False,,,,3.5126107564994653,0.1189818570950351,{},{}
"[1, 0, 0, 0, 0, 1, 0, 0, 0, 1, 0, 1, 0, 0, 0, 1, 0, 0]",100001000101000100,"[""1000101000100001""]",1,0.000244140625,False,False,,,,3.06474771719769,0.1028315802986105,{},{}
"[1, 0, 0, 0, 0, 1, 0, 0, 0, 1, 1, 0, 0, 0, 1, 0, 0, 0]",100001000110001000,"[""100011000100001""]",1,0.000244140625,False,False,,,,2.9786161594744724,0.09972561178576815,{},{}
"[1, 0, 0, 0, 0, 1, 0, 0, 0, 1, 1, 0, 0, 1, 0, 1, 1, 0]",100001000110010110,"[""11010011000100001""]",1,0.000244140625,False,False,,,,3.4405026708255306,0.11638158549256056,{},{}
"[1, 0, 0, 0, 0, 1, 0, 0, 0, 1, 1, 0, 0, 1, 1, 1, 1, 0]",100001000110011110,"[""11110011000100001""]",1,0.000244140625,False,False,,,,4.6426406416085655,0.15973158152238753,{},{}
"[1, 0, 0, 0, 0, 1, 0, 0, 1, 0, 0, 0, 0, 0, 1, 0, 0, 0]",100001001000001000,"[""100000100100001""]",1,0.000244140625,False,False,,,,1.9436688935374848,0.06240463785444388,{},{}
"[1, 0, 0, 0, 0, 1, 0, 0, 1, 0, 0, 0, 0, 0, 1, 1, 0, 0]",100001001000001100,"[""1100000100100001""]",1,0.000244140625,False,False,,,,1.1452031563625118,0.03361136505403328,{},{}
"[1, 0, 0, 0, 0, 1, 0, 0, 1, 0, 0, 1, 0, 0, 0, 0, 0, 1]",100001001001000001,"[""100000100100100001""]",1,0.000244140625,False,False,,,,1.2428718357336104,0.037133370818660874,{},{}
"[1, 0, 0, 0, 0, 1, 0, 0, 1, 0, 0, 1, 0, 1, 0, 0, 1, 0]",100001001001010010,"[""10010100100100001""]",1,0.000244140625,True,True,"[0, 2, 2, 2, 1, 1]",0.3050294753202413,0.3823822061620406,0.30502947532024194,0.0033140725445689268,"{""degradation"": 0.27646338034487855, ""nominal"": 0.3062617123462192, ""surge"": 0.3323633332696262}","{""degradation"": 0.3227335886720179, ""nominal"": 0.23122621536466006, ""surge"": 0.3823822061620406}"
"[1, 0, 0, 0, 0, 1, 0, 0, 1, 0, 0, 1, 1, 0, 0, 0, 1, 0]",100001001001100010,"[""10001100100100001""]",1,0.000244140625,True,False,"[0, 2, 2, 2, 0, 1]",0.30572988578591576,0.3978549890524673,0.305729885785916,0.003339329870802821,"{""degradation"": 0.29221595440295245, ""nominal"": 0.288485579812218, ""surge"": 0.3364881231425768}","{""degradation"": 0.3978549890524673, ""nominal"": 0.19519790063810266, ""surge"": 0.3940623389228177}"
"[1, 0, 0, 0, 0, 1, 0, 0, 1, 0, 0, 1, 1, 0, 1, 0, 0, 1]",100001001001101001,"[""100101100100100001""]",1,0.000244140625,False,False,,,,1.6546588939772686,0.051982720705154487,{},{}
"[1, 0, 0, 0, 0, 1, 0, 0, 1, 0, 0, 1, 1, 0, 1, 0, 1, 0]",100001001001101010,"[""10101100100100001""]",1,0.000244140625,False,False,,,,1.5315604055964425,0.04754369697220426,{},{}
"[1, 0, 0, 0, 0, 1, 0, 0, 1, 0, 1, 0, 0, 0, 0, 0, 0, 1]",100001001010000001,"[""100000010100100001""]",1,0.000244140625,False,False,,,,1.2212886331295412,0.03635506435972097,{},{}
"[1, 0, 0, 0, 0, 1, 0, 0, 1, 0, 1, 0, 0, 1, 1, 0, 1, 0]",100001001010011010,"[""10110010100100001""]",1,0.000244140625,False,False,,,,1.5215618179483608,0.04718314040932829,{},{}
"[1, 0, 0, 0, 0, 1, 0, 0, 1, 0, 1, 1, 0, 0, 1, 0, 1, 1]",100001001011001011,"[""110100110100100001""]",1,0.000244140625,False,False,,,,2.847299122934227,0.09499022104774803,{},{}
"[1, 0, 0, 0, 0, 1, 0, 0, 1, 0, 1, 1, 0, 1, 1, 0, 1, 0]",100001001011011010,"[""10110110100100001""]",1,0.000244140625,False,False,,,,2.7459511848365485,0.09133553845644467,{},{}
"[1, 0, 0, 0, 0, 1, 0, 0, 1, 1, 0, 0, 1, 0, 0, 0, 0, 1]",100001001100100001,"[""100001001100100001""]",1,0.000244140625,True,False,"[0, 2, 2, 0, 0, 2]",0.4591216663643247,0.899003966697706,0.4591216663643248,0.008870752420205213,"{""degradation"": 0.37569533989323983, ""nominal"": 0.4868635190161872, ""surge"": 0.5148061401835472}","{""degradation"": 0.7959542658951331, ""nominal"": 0.5972663941518447, ""surge"": 0.899003966697706}"
"[1, 0, 0, 0, 0, 1, 0, 0, 1, 1, 0, 0, 1, 0, 0, 0, 1, 1]",100001001100100011,"[""110001001100100001""]",1,0.000244140625,False,False,,,,1.6445647894444595,0.05161871973184116,{},{}
"[1, 0, 0, 0, 0, 1, 0, 0, 1, 1, 0, 1, 0, 0, 0, 0, 1, 0]",100001001101000010,"[""10000101100100001""]",1,0.000244140625,False,False,,,,2.294950063598743,0.07507210007393393,{},{}
"[1, 0, 0, 0, 0, 1, 0, 0, 1, 1, 0, 1, 1, 0, 0, 0, 0, 1]",100001001101100001,"[""100001101100100001""]",1,0.000244140625,False,False,,,,1.644023451540027,0.05159919868136418,{},{}
"[1, 0, 0, 0, 0, 1, 0, 0, 1, 1, 1, 0, 0, 1, 0, 0, 1, 0]",100001001110010010,"[""10010011100100001""]",1,0.000244140625,False,False,,,,1.4946005634112849,0.046210897367724595,{},{}
"[1, 0, 0, 0, 0, 1, 0, 0, 1, 1, 1, 1, 1, 0, 1, 0, 0, 0]",100001001111101000,"[""101111100100001""]",1,0.000244140625,False,False,,,,6.7167334261187275,0.2345249215209923,{},{}
"[1, 0, 0, 0, 0, 1, 0, 1, 0, 0, 0, 0, 0, 0, 1, 1, 0, 0]",100001010000001100,"[""1100000010100001""]",1,0.000244140625,False,False,,,,1.04900135980574,0.03014225618287613,{},{}
"[1, 0, 0, 0, 0, 1, 0, 1, 0, 0, 0, 0, 0, 1, 0, 0, 1, 1]",100001010000010011,"[""110010000010100001""]",1,0.000244140625,False,False,,,,2.362789356590134,0.07751843581352255,{},{}
"[1, 0, 0, 0, 0, 1, 0, 1, 0, 0, 0, 0, 0, 1, 0, 1, 0, 1]",100001010000010101,"[""101010000010100001""]",1,0.000244140625,False,False,,,,2.323104686638828,0.07608737687798826,{},{}
"[1, 0, 0, 0, 0, 1, 0, 1, 0, 0, 0, 0, 1, 0, 0, 1, 1, 0]",100001010000100110,"[""11001000010100001""]",1,0.000244140625,False,False,,,,2.265544821091502,0.07401172499476172,{},{}
"[1, 0, 0, 0, 0, 1, 0, 1, 0, 0, 0, 0, 1, 0, 1, 0, 0, 0]",100001010000101000,"[""101000010100001""]",1,0.000244140625,False,False,,,,3.0319824824915074,0.10165004138298654,{},{}
"[1, 0, 0, 0, 0, 1, 0, 1, 0, 0, 0, 1, 0, 0, 1, 0, 0, 1]",100001010001001001,"[""100100100010100001""]",1,0.000244140625,True,True,"[0, 2, 1, 2, 2, 2]",0.32724836558552656,0.49337635651077916,0.32724836558552717,0.0041153023769149475,"{""degradation"": 0.3122462973863768, ""nominal"": 0.3522914132697458, ""surge"": 0.3172073861004572}","{""degradation"": 0.49337635651077916, ""nominal"": 0.32451830510747026, ""surge"": 0.33946523814577956}"
"[1, 0, 0, 0, 0, 1, 0, 1, 0, 0, 0, 1, 0, 1, 1, 1, 1, 1]",100001010001011111,"[""111110100010100001""]",1,0.000244140625,False,False,,,,5.992292110008721,0.20840102481323297,{},{}
"[1, 0, 0, 0, 0, 1, 0, 1, 0, 0, 0, 1, 1, 0, 1, 1, 1, 0]",100001010001101110,"[""11101100010100001""]",1,0.000244140625,False,False,,,,2.693513311685063,0.08944458945709745,{},{}
"[1, 0, 0, 0, 0, 1, 0, 1, 0, 0, 1, 0, 1, 0, 0, 1, 0, 1]",100001010010100101,"[""101001010010100001""]",1,0.000244140625,False,False,,,,1.522504731327118,0.047217142572323755,{},{}
"[1, 0, 0, 0, 0, 1, 0, 1, 0, 0, 1, 0, 1, 0, 1, 0, 0, 1]",100001010010101001,"[""100101010010100001""]",1,0.000244140625,False,False,,,,1.4845312310801373,0.04584778969856585,{},{}
"[1, 0, 0, 0, 0, 1, 0, 1, 0, 0, 1, 1, 0, 0, 0, 0, 0, 1]",100001010011000001,"[""100000110010100001""]",1,0.000244140625,False,False,,,,2.2892360233821707,0.07486604750199716,{},{}
"[1, 0, 0, 0, 0, 1, 0, 1, 0, 0, 1, 1, 0, 0, 1, 1, 1, 0]",100001010011001110,"[""11100110010100001""]",1,0.000244140625,False,False,,,,2.6880739573147734,0.08924844226260921,{},{}
"[1, 0, 0, 0, 0, 1, 0, 1, 0, 0, 1, 1, 0, 1, 0, 0, 1, 0]",100001010011010010,"[""10010110010100001""]",1,0.000244140625,False,False,,,,1.5017411123428768,0.04646839091285708,{},{}
"[1, 0, 0, 0, 0, 1, 0, 1, 0, 1, 0, 1, 1, 1, 1, 0, 0, 1]",100001010101111001,"[""100111101010100001""]",1,0.000244140625,False,False,,,,5.933454344606446,0.20627929090366257,{},{}
"[1, 0, 0, 0, 0, 1, 0, 1, 0, 1, 1, 1, 0, 1, 0, 1, 0, 0]",100001010111010100,"[""1010111010100001""]",1,0.000244140625,False,False,,,,4.639518941684035,0.15961901068391168,{},{}
"[1, 0, 0, 0, 0, 1, 0, 1, 1, 0, 0, 1, 0, 0, 0, 0, 0, 1]",100001011001000001,"[""100000100110100001""]",1,0.000244140625,False,False,,,,2.427246099491119,0.07984279426218982,{},{}
"[1, 0, 0, 0, 0, 1, 0, 1, 1, 0, 0, 1, 0, 0, 1, 0, 1, 0]",100001011001001010,"[""10100100110100001""]",1,0.000244140625,False,False,,,,1.5573600318010326,0.048474050825690396,{},{}
"[1, 0, 0, 0, 0, 1, 0, 1, 1, 0, 0, 1, 0, 1, 1, 1, 0, 0]",100001011001011100,"[""1110100110100001""]",1,0.000244140625,False,False,,,,2.746108423382392,0.09134120859623203,{},{}
"[1, 0, 0, 0, 0, 1, 0, 1, 1, 0, 0, 1, 1, 0, 0, 1, 0, 1]",100001011001100101,"[""101001100110100001""]",1,0.000244140625,False,False,,,,2.854755261876604,0.09525909500515188,{},{}
"[1, 0, 0, 0, 0, 1, 0, 1, 1, 0, 0, 1, 1, 1, 1, 0, 0, 1]",100001011001111001,"[""100111100110100001""]",1,0.000244140625,False,False,,,,6.054867343136452,0.21065753460959663,{},{}
"[1, 0, 0, 0, 0, 1, 0, 1, 1, 0, 1, 0, 0, 0, 0, 1, 0, 0]",100001011010000100,"[""1000010110100001""]",1,0.000244140625,False,False,,,,2.3260374491313285,0.07619313449108779,{},{}
"[1, 0, 0, 0, 0, 1, 0, 1, 1, 0, 1, 1, 0, 0, 0, 0, 1, 0]",100001011011000010,"[""10000110110100001""]",1,0.000244140625,False,False,,,,3.558521420600834,0.12063743004497252,{},{}
"[1, 0, 0, 0, 0, 1, 0, 1, 1, 0, 1, 1, 0, 0, 0, 1, 0, 1]",100001011011000101,"[""101000110110100001""]",1,0.000244140625,False,False,,,,4.827378362110489,0.1663933621540244,{},{}
"[1, 0, 0, 0, 0, 1, 0, 1, 1, 0, 1, 1, 1, 0, 0, 1, 0, 1]",100001011011100101,"[""101001110110100001""]",1,0.000244140625,False,False,,,,4.053353261670947,0.13848143702850443,{},{}
"[1, 0, 0, 0, 0, 1, 0, 1, 1, 1, 0, 0, 1, 0, 0, 1, 0, 0]",100001011100100100,"[""1001001110100001""]",1,0.000244140625,False,False,,,,1.6007302710555553,0.050038014152022706,{},{}
"[1, 0, 0, 0, 0, 1, 0, 1, 1, 1, 0, 0, 1, 0, 1, 1, 0, 1]",100001011100101101,"[""101101001110100001""]",1,0.000244140625,False,False,,,,4.13654355524938,0.14148134135229534,{},{}
"[1, 0, 0, 0, 0, 1, 0, 1, 1, 1, 0, 1, 0, 1, 1, 1, 0, 0]",100001011101011100,"[""1110101110100001""]",1,0.000244140625,False,False,,,,3.961303500755676,0.13516205367384315,{},{}
"[1, 0, 0, 0, 0, 1, 0, 1, 1, 1, 0, 1, 1, 0, 1, 1, 0, 0]",100001011101101100,"[""1101101110100001""]",1,0.000244140625,False,False,,,,4.028698761649116,0.13759237728325108,{},{}
"[1, 0, 0, 0, 0, 1, 0, 1, 1, 1, 0, 1, 1, 1, 1, 0, 0, 0]",100001011101111000,"[""111101110100001""]",1,0.000244140625,False,False,,,,7.945725776363782,0.27884330659713125,{},{}
"[1, 0, 0, 0, 0, 1, 0, 1, 1, 1, 0, 1, 1, 1, 1, 0, 1, 0]",100001011101111010,"[""10111101110100001""]",1,0.000244140625,False,False,,,,7.186944709140114,0.25148109273225494,{},{}
"[1, 0, 0, 0, 0, 1, 0, 1, 1, 1, 1, 0, 0, 0, 0, 0, 1, 1]",100001011110000011,"[""110000011110100001""]",1,0.000244140625,False,False,,,,4.857337963132053,0.16747372781662304,{},{}
"[1, 0, 0, 0, 0, 1, 0, 1, 1, 1, 1, 0, 0, 0, 1, 1, 0, 0]",100001011110001100,"[""1100011110100001""]",1,0.000244140625,False,False,,,,2.7369141338674874,0.09100965562672673,{},{}
"[1, 0, 0, 0, 0, 1, 0, 1, 1, 1, 1, 0, 1, 0, 1, 0, 1, 0]",100001011110101010,"[""10101011110100001""]",1,0.000244140625,False,False,,,,3.954657825909428,0.13492240565905436,{},{}
"[1, 0, 0, 0, 0, 1, 0, 1, 1, 1, 1, 1, 0, 1, 0, 0, 1, 0]",100001011111010010,"[""10010111110100001""]",1,0.000244140625,False,False,,,,5.976171227432788,0.2078196937076122,{},{}
"[1, 0, 0, 0, 0, 1, 1, 0, 0, 0, 0, 0, 0, 1, 0, 0, 0, 0]",100001100000010000,"[""10000001100001""]",1,0.000244140625,False,False,,,,1.832373449865841,0.058391240758134746,{},{}
"[1, 0, 0, 0, 0, 1, 1, 0, 0, 0, 0, 0, 0, 1, 0, 1, 0, 0]",100001100000010100,"[""1010000001100001""]",1,0.000244140625,False,False,,,,1.062134243695248,0.030615837816854063,{},{}
"[1, 0, 0, 0, 0, 1, 1, 0, 0, 0, 0, 0, 0, 1, 1, 0, 1, 0]",100001100000011010,"[""10110000001100001""]",1,0.000244140625,False,False,,,,2.2339945727823376,0.0728739993990454,{},{}
"[1, 0, 0, 0, 0, 1, 1, 0, 0, 0, 1, 1, 0, 0, 1, 0, 0, 0]",100001100011001000,"[""100110001100001""]",1,0.000244140625,False,False,,,,2.2352082385095713,0.07291776509461097,{},{}
"[1, 0, 0, 0, 0, 1, 1, 0, 0, 0, 1, 1, 1, 1, 0, 1, 0, 0]",100001100011110100,"[""1011110001100001""]",1,0.000244140625,False,False,,,,2.6864935874032447,0.08919145293937387,{},{}
"[1, 0, 0, 0, 0, 1, 1, 0, 0, 0, 1, 1, 1, 1, 1, 0, 0, 1]",100001100011111001,"[""100111110001100001""]",1,0.000244140625,False,False,,,,5.929526919343655,0.20613766500573127,{},{}
"[1, 0, 0, 0, 0, 1, 1, 0, 0, 1, 0, 1, 1, 1, 0, 0, 0, 1]",100001100101110001,"[""100011101001100001""]",1,0.000244140625,False,False,,,,2.7805392184730042,0.0925828088673803,{},{}
"[1, 0, 0, 0, 0, 1, 1, 0, 0, 1, 1, 1, 0, 1, 0, 1, 0, 1]",100001100111010101,"[""101010111001100001""]",1,0.000244140625,False,False,,,,5.97993191791002,0.2079553070242361,{},{}
"[1, 0, 0, 0, 0, 1, 1, 0, 0, 1, 1, 1, 1, 0, 0, 0, 0, 1]",100001100111100001,"[""100001111001100001""]",1,0.000244140625,False,False,,,,4.771200549208169,0.16436754812479643,{},{}
"[1, 0, 0, 0, 0, 1, 1, 0, 1, 0, 1, 0, 0, 1, 1, 1, 0, 0]",100001101010011100,"[""1110010101100001""]",1,0.000244140625,False,False,,,,2.7315455556823585,0.09081606067451042,{},{}
"[1, 0, 0, 0, 0, 1, 1, 0, 1, 0, 1, 1, 1, 0, 1, 0, 1, 0]",100001101011101010,"[""10101110101100001""]",1,0.000244140625,False,False,,,,3.9890565935593223,0.13616285099669106,{},{}
"[1, 0, 0, 0, 0, 1, 1, 0, 1, 0, 1, 1, 1, 1, 0, 0, 1, 0]",100001101011110010,"[""10011110101100001""]",1,0.000244140625,False,False,,,,3.9704197471120795,0.13549079234857248,{},{}
"[1, 0, 0, 0, 0, 1, 1, 0, 1, 0, 1, 1, 1, 1, 0, 0, 1, 1]",100001101011110011,"[""110011110101100001""]",1,0.000244140625,False,False,,,,5.294756391258035,0.18324736410754164,{},{}
"[1, 0, 0, 0, 0, 1, 1, 0, 1, 1, 0, 0, 0, 0, 1, 0, 0, 1]",100001101100001001,"[""100100001101100001""]",1,0.000244140625,False,False,,,,1.682391095632494,0.05298276467753588,{},{}
"[1, 0, 0, 0, 0, 1, 1, 0, 1, 1, 0, 0, 0, 1, 0, 0, 0, 1]",100001101100010001,"[""100010001101100001""]",1,0.000244140625,False,False,,,,1.659366740106087,0.05215248916431095,{},{}
"[1, 0, 0, 0, 0, 1, 1, 0, 1, 1, 0, 0, 0, 1, 0, 0, 1, 0]",100001101100010010,"[""10010001101100001""]",1,0.000244140625,False,False,,,,1.5424107644360907,0.04793496904250961,{},{}
"[1, 0, 0, 0, 0, 1, 1, 0, 1, 1, 0, 1, 1, 0, 1, 0, 1, 0]",100001101101101010,"[""10101101101100001""]",1,0.000244140625,False,False,,,,4.0486632268918665,0.13831231085996618,{},{}
"[1, 0, 0, 0, 0, 1, 1, 0, 1, 1, 1, 1, 1, 0, 0, 0, 1, 1]",100001101111100011,"[""110001111101100001""]",1,0.000244140625,False,False,,,,7.340322995537251,0.257012028671369,{},{}
"[1, 0, 0, 0, 0, 1, 1, 1, 0, 0, 0, 0, 0, 1, 1, 1, 1, 1]",100001110000011111,"[""111110000011100001""]",1,0.000244140625,False,False,,,,8.009965065937942,0.281159823515888,{},{}
"[1, 0, 0, 0, 0, 1, 1, 1, 0, 0, 0, 1, 0, 0, 1, 1, 1, 0]",100001110001001110,"[""11100100011100001""]",1,0.000244140625,False,False,,,,2.7124830407866902,0.09012865210317358,{},{}
"[1, 0, 0, 0, 0, 1, 1, 1, 0, 0, 1, 0, 1, 1, 0, 0, 1, 1]",100001110010110011,"[""110011010011100001""]",1,0.000244140625,False,False,,,,4.016045122819337,0.13713607758524182,{},{}
"[1, 0, 0, 0, 0, 1, 1, 1, 0, 1, 0, 1, 1, 0, 1, 1, 0, 1]",100001110101101101,"[""101101101011100001""]",1,0.000244140625,False,False,,,,5.350856238854952,0.1852703666494347,{},{}
"[1, 0, 0, 0, 0, 1, 1, 1, 0, 1, 0, 1, 1, 1, 0, 1, 0, 1]",100001110101110101,"[""101011101011100001""]",1,0.000244140625,False,False,,,,5.306387533231437,0.1836667918027178,{},{}
"[1, 0, 0, 0, 0, 1, 1, 1, 0, 1, 1, 0, 0, 0, 0, 1, 0, 0]",100001110110000100,"[""1000011011100001""]",1,0.000244140625,False,False,,,,3.513709134404789,0.11902146542535347,{},{}
"[1, 0, 0, 0, 0, 1, 1, 1, 0, 1, 1, 0, 0, 0, 1, 0, 0, 0]",100001110110001000,"[""100011011100001""]",1,0.000244140625,False,False,,,,3.4396115868109325,0.1163494523352742,{},{}
"[1, 0, 0, 0, 0, 1, 1, 1, 0, 1, 1, 0, 1, 0, 0, 1, 0, 0]",100001110110100100,"[""1001011011100001""]",1,0.000244140625,False,False,,,,2.8079289260969524,0.09357050224835126,{},{}
"[1, 0, 0, 0, 0, 1, 1, 1, 0, 1, 1, 1, 0, 1, 1, 1, 0, 0]",100001110111011100,"[""1110111011100001""]",1,0.000244140625,False,False,,,,7.171551839453354,0.25092601431694284,{},{}
"[1, 0, 0, 0, 0, 1, 1, 1, 1, 0, 0, 1, 1, 0, 0, 1, 0, 1]",100001111001100101,"[""101001100111100001""]",1,0.000244140625,False,False,,,,6.155221852876406,0.21427639342991034,{},{}
"[1, 0, 0, 0, 0, 1, 1, 1, 1, 0, 1, 1, 1, 1, 1, 0, 0, 0]",100001111011111000,"[""111110111100001""]",1,0.000244140625,False,False,,,,11.223306304176086,0.3970353164340331,{},{}
"[1, 0, 0, 0, 0, 1, 1, 1, 1, 1, 0, 0, 0, 1, 0, 1, 1, 0]",100001111100010110,"[""11010001111100001""]",1,0.000244140625,False,False,,,,6.057784348330919,0.21076272400272156,{},{}
"[1, 0, 0, 0, 0, 1, 1, 1, 1, 1, 0, 1, 0, 0, 1, 1, 0, 0]",100001111101001100,"[""1100101111100001""]",1,0.000244140625,False,False,,,,6.063172091961135,0.21095701007524906,{},{}
"[1, 0, 0, 0, 0, 1, 1, 1, 1, 1, 1, 0, 0, 1, 0, 0, 1, 1]",100001111110010011,"[""110010011111100001""]",1,0.000244140625,False,False,,,,7.362712444448633,0.25781940897629874,{},{}
"[1, 0, 0, 0, 1, 0, 0, 0, 0, 0, 0, 0, 0, 0, 0, 0, 0, 1]",100010000000000001,"[""100000000000010001""]",1,0.000244140625,False,False,,,,2.655366740006219,0.08806899549781816,{},{}
"[1, 0, 0, 0, 1, 0, 0, 0, 0, 0, 1, 0, 0, 0, 1, 0, 0, 1]",100010000010001001,"[""100100010000010001""]",1,0.000244140625,False,False,,,,1.023071492291269,0.029207205730161386,{},{}
"[1, 0, 0, 0, 1, 0, 0, 0, 0, 0, 1, 0, 0, 1, 0, 1, 0, 0]",100010000010010100,"[""1010010000010001""]",1,0.000244140625,False,False,,,,0.9998324029163148,0.028369186753450373,{},{}
"[1, 0, 0, 0, 1, 0, 0, 0, 0, 0, 1, 0, 0, 1, 1, 1, 0, 0]",100010000010011100,"[""1110010000010001""]",1,0.000244140625,False,False,,,,2.2019703736993494,0.07171918278327735,{},{}
"[1, 0, 0, 0, 1, 0, 0, 0, 0, 0, 1, 1, 0, 0, 1, 0, 1, 0]",100010000011001010,"[""10100110000010001""]",1,0.000244140625,False,False,,,,2.2749660260655182,0.07435146070575815,{},{}
"[1, 0, 0, 0, 1, 0, 0, 0, 0, 0, 1, 1, 0, 1, 1, 0, 1, 0]",100010000011011010,"[""10110110000010001""]",1,0.000244140625,False,False,,,,3.515997963729175,0.11910400232588948,{},{}
"[1, 0, 0, 0, 1, 0, 0, 0, 0, 1, 0, 0, 1, 0, 0, 0, 0, 1]",100010000100100001,"[""100001001000010001""]",1,0.000244140625,False,False,,,,1.0299435009404676,0.029455015511484287,{},{}
"[1, 0, 0, 0, 1, 0, 0, 0, 0, 1, 0, 0, 1, 0, 1, 1, 0, 1]",100010000100101101,"[""101101001000010001""]",1,0.000244140625,False,False,,,,3.5043137875383445,0.11868266217709243,{},{}
"[1, 0, 0, 0, 1, 0, 0, 0, 0, 1, 0, 0, 1, 1, 0, 0, 1, 0]",100010000100110010,"[""10011001000010001""]",1,0.000244140625,False,False,,,,2.221574296406206,0.07242611492598118,{},{}
"[1, 0, 0, 0, 1, 0, 0, 0, 0, 1, 0, 1, 0, 1, 0, 0, 0, 1]",100010000101010001,"[""100010101000010001""]",1,0.000244140625,False,False,,,,2.2047045719573872,0.07181778002129113,{},{}
"[1, 0, 0, 0, 1, 0, 0, 0, 0, 1, 0, 1, 1, 0, 1, 1, 0, 1]",100010000101101101,"[""101101101000010001""]",1,0.000244140625,False,False,,,,4.73014430734887,0.16288702927849383,{},{}
"[1, 0, 0, 0, 1, 0, 0, 0, 0, 1, 1, 0, 0, 0, 0, 0, 1, 1]",100010000110000011,"[""110000011000010001""]",1,0.000244140625,False,False,,,,4.2531242032155205,0.14568532687584965,{},{}
"[1, 0, 0, 0, 1, 0, 0, 0, 0, 1, 1, 0, 0, 0, 1, 0, 0, 0]",100010000110001000,"[""100011000010001""]",1,0.000244140625,False,False,,,,2.956518434852451,0.09892875127731181,{},{}
"[1, 0, 0, 0, 1, 0, 0, 0, 0, 1, 1, 0, 0, 1, 0, 1, 0, 0]",100010000110010100,"[""1010011000010001""]",1,0.000244140625,False,False,,,,2.197791294682266,0.07156848206239347,{},{}
"[1, 0, 0, 0, 1, 0, 0, 0, 0, 1, 1, 0, 0, 1, 0, 1, 1, 0]",100010000110010110,"[""11010011000010001""]",1,0.000244140625,False,False,,,,3.47028644211926,0.1174556106034182,{},{}
"[1, 0, 0, 0, 1, 0, 0, 0, 0, 1, 1, 0, 1, 0, 1, 0, 0, 0]",100010000110101000,"[""101011000010001""]",1,0.000244140625,False,False,,,,4.173154665148073,0.14280156540920794,{},{}
"[1, 0, 0, 0, 1, 0, 0, 0, 0, 1, 1, 0, 1, 1, 1, 0, 0, 1]",100010000110111001,"[""100111011000010001""]",1,0.000244140625,False,False,,,,6.6246401618358455,0.23120396940229637,{},{}
"[1, 0, 0, 0, 1, 0, 0, 0, 0, 1, 1, 1, 1, 0, 0, 1, 0, 1]",100010000111100101,"[""101001111000010001""]",1,0.000244140625,False,False,,,,6.685675601725356,0.23340495310066967,{},{}
"[1, 0, 0, 0, 1, 0, 0, 0, 1, 0, 0, 0, 0, 0, 1, 1, 0, 1]",100010001000001101,"[""101100000100010001""]",1,0.000244140625,False,False,,,,2.3115702014036943,0.07567143469722222,{},{}
"[1, 0, 0, 0, 1, 0, 0, 0, 1, 0, 0, 1, 1, 1, 1, 0, 0, 1]",100010001001111001,"[""100111100100010001""]",1,0.000244140625,False,False,,,,4.720420996616668,0.16253639940747897,{},{}
"[1, 0, 0, 0, 1, 0, 0, 0, 1, 0, 1, 0, 0, 0, 0, 0, 1, 0]",100010001010000010,"[""10000010100010001""]",1,0.000244140625,False,False,,,,1.0966464574166963,0.03186037410484006,{},{}
"[1, 0, 0, 0, 1, 0, 0, 0, 1, 0, 1, 0, 0, 0, 0, 1, 0, 1]",100010001010000101,"[""101000010100010001""]",1,0.000244140625,False,False,,,,2.308030230415002,0.07554378069074778,{},{}
"[1, 0, 0, 0, 1, 0, 0, 0, 1, 0, 1, 0, 0, 0, 1, 1, 1, 1]",100010001010001111,"[""111100010100010001""]",1,0.000244140625,False,False,,,,4.752828286896707,0.16370503057887612,{},{}
"[1, 0, 0, 0, 1, 0, 0, 0, 1, 0, 1, 1, 0, 1, 0, 1, 0, 0]",100010001011010100,"[""1010110100010001""]",1,0.000244140625,False,False,,,,1.435824262959093,0.044091379930312,{},{}
"[1, 0, 0, 0, 1, 0, 0, 0, 1, 0, 1, 1, 1, 0, 1, 1, 0, 0]",100010001011101100,"[""1101110100010001""]",1,0.000244140625,False,False,,,,2.692227839089738,0.08939823435206114,{},{}
"[1, 0, 0, 0, 1, 0, 0, 0, 1, 1, 0, 0, 0, 1, 1, 0, 1, 1]",100010001100011011,"[""110110001100010001""]",1,0.000244140625,False,False,,,,2.7250295873953014,0.09058108997543966,{},{}
"[1, 0, 0, 0, 1, 0, 0, 0, 1, 1, 0, 0, 1, 0, 0, 1, 0, 0]",100010001100100100,"[""1001001100010001""]",1,0.000244140625,True,False,"[0, 1, 2, 0, 0, 0]",0.30363860159511064,0.6927470549327062,0.3036386015951114,0.0032639165958111274,"{""degradation"": 0.3540533147741767, ""nominal"": 0.2858862442129351, ""surge"": 0.2709762457982201}","{""degradation"": 0.6927470549327062, ""nominal"": 0.18992961852601892, ""surge"": 0.20855290732540432}"
"[1, 0, 0, 0, 1, 0, 0, 0, 1, 1, 0, 0, 1, 0, 1, 0, 1, 1]",100010001100101011,"[""110101001100010001""]",1,0.000244140625,False,False,,,,2.724012578345431,0.09054441586702143,{},{}
"[1, 0, 0, 0, 1, 0, 0, 0, 1, 1, 0, 1, 0, 1, 0, 0, 1, 1]",100010001101010011,"[""110010101100010001""]",1,0.000244140625,False,False,,,,2.732927103737799,0.09086588033263115,{},{}
"[1, 0, 0, 0, 1, 0, 0, 0, 1, 1, 0, 1, 0, 1, 0, 1, 1, 0]",100010001101010110,"[""11010101100010001""]",1,0.000244140625,False,False,,,,2.6717027279185412,0.08865808346305497,{},{}
"[1, 0, 0, 0, 1, 0, 0, 0, 1, 1, 1, 1, 0, 0, 0, 1, 0, 0]",100010001111000100,"[""1000111100010001""]",1,0.000244140625,False,False,,,,5.438381311484706,0.18842658635401546,{},{}
"[1, 0, 0, 0, 1, 0, 0, 0, 1, 1, 1, 1, 1, 0, 1, 0, 0, 1]",100010001111101001,"[""100101111100010001""]",1,0.000244140625,False,False,,,,5.927718557647456,0.20607245412789862,{},{}
"[1, 0, 0, 0, 1, 0, 0, 0, 1, 1, 1, 1, 1, 1, 0, 0, 1, 0]",100010001111110010,"[""10011111100010001""]",1,0.000244140625,False,False,,,,5.915834279719973,0.20564389816053477,{},{}
"[1, 0, 0, 0, 1, 0, 0, 1, 0, 0, 0, 0, 1, 0, 1, 0, 0, 1]",100010010000101001,"[""100101000010010001""]",1,0.000244140625,False,False,,,,2.2403831497900044,0.07310437627312268,{},{}
"[1, 0, 0, 0, 1, 0, 0, 1, 0, 0, 0, 1, 1, 0, 1, 1, 1, 1]",100010010001101111,"[""111101100010010001""]",1,0.000244140625,False,False,,,,5.952988428891266,0.2069837046205354,{},{}
"[1, 0, 0, 0, 1, 0, 0, 1, 0, 0, 1, 0, 0, 0, 0, 0, 0, 0]",100010010010000000,"[""10010010001""]",1,0.000244140625,False,False,,,,1.8523338002486116,0.05911102594991556,{},{}
"[1, 0, 0, 0, 1, 0, 0, 1, 0, 0, 1, 0, 0, 0, 1, 1, 0, 1]",100010010010001101,"[""101100010010010001""]",1,0.000244140625,False,False,,,,1.47260210559162,0.045417616494545274,{},{}
"[1, 0, 0, 0, 1, 0, 0, 1, 0, 0, 1, 0, 0, 1, 0, 1, 0, 1]",100010010010010101,"[""101010010010010001""]",1,0.000244140625,False,False,,,,1.5154992750342915,0.04696452056897472,{},{}
"[1, 0, 0, 0, 1, 0, 0, 1, 0, 0, 1, 0, 1, 0, 0, 1, 0, 0]",100010010010100100,"[""1001010010010001""]",1,0.000244140625,True,False,"[0, 1, 1, 1, 0, 0]",0.2532681077619272,0.19164713905207045,0.25326810776192776,0.0014475188438404173,"{""degradation"": 0.23792557721478064, ""nominal"": 0.25687270139947227, ""surge"": 0.26500604467152866}","{""degradation"": 0.13895322820228267, ""nominal"": 0.1311255423403537, ""surge"": 0.19164713905207045}"
"[1, 0, 0, 0, 1, 0, 0, 1, 0, 0, 1, 0, 1, 0, 1, 1, 1, 0]",100010010010101110,"[""11101010010010001""]",1,0.000244140625,False,False,,,,2.7333455814663443,0.09088097095310228,{},{}
"[1, 0, 0, 0, 1, 0, 0, 1, 0, 0, 1, 1, 0, 1, 0, 1, 1, 1]",100010010011010111,"[""111010110010010001""]",1,0.000244140625,False,False,,,,6.023970657554692,0.20954337697556755,{},{}
"[1, 0, 0, 0, 1, 0, 0, 1, 0, 0, 1, 1, 1, 0, 1, 1, 1, 1]",100010010011101111,"[""111101110010010001""]",1,0.000244140625,False,False,,,,7.207362238381807,0.25221736413626833,{},{}
"[1, 0, 0, 0, 1, 0, 0, 1, 0, 1, 0, 0, 0, 0, 0, 1, 1, 0]",100010010100000110,"[""11000001010010001""]",1,0.000244140625,False,False,,,,2.25671530974076,0.07369332619919694,{},{}
"[1, 0, 0, 0, 1, 0, 0, 1, 0, 1, 0, 0, 0, 0, 1, 1, 0, 0]",100010010100001100,"[""1100001010010001""]",1,0.000244140625,True,False,"[0, 1, 1, 0, 2, 0]",0.22152866152790834,0.23328460334473164,0.22152866152790912,0.00030297062918133454,"{""degradation"": 0.25770638488617365, ""nominal"": 0.20355978404572922, ""surge"": 0.20331981565182225}","{""degradation"": 0.23328460334473164, ""nominal"": 0.02307197322245648, ""surge"": 0.01697076361128398}"
"[1, 0, 0, 0, 1, 0, 0, 1, 0, 1, 0, 0, 1, 0, 1, 1, 0, 0]",100010010100101100,"[""1101001010010001""]",1,0.000244140625,False,False,,,,1.4781832529508563,0.0456188768504653,{},{}
"[1, 0, 0, 0, 1, 0, 0, 1, 0, 1, 0, 0, 1, 1, 0, 1, 0, 0]",100010010100110100,"[""1011001010010001""]",1,0.000244140625,False,False,,,,1.483347844312708,0.045805115884979875,{},{}
"[1, 0, 0, 0, 1, 0, 0, 1, 0, 1, 0, 1, 1, 0, 0, 0, 1, 0]",100010010101100010,"[""10001101010010001""]",1,0.000244140625,False,False,,,,1.4432755561318995,0.04436007914563405,{},{}
"[1, 0, 0, 0, 1, 0, 0, 1, 0, 1, 1, 0, 0, 0, 0, 0, 0, 1]",100010010110000001,"[""100000011010010001""]",1,0.000244140625,False,False,,,,2.2426654353071793,0.07318667719906714,{},{}
"[1, 0, 0, 0, 1, 0, 0, 1, 0, 1, 1, 0, 1, 0, 0, 1, 0, 1]",100010010110100101,"[""101001011010010001""]",1,0.000244140625,False,False,,,,2.7236364650751472,0.09053085294066035,{},{}
"[1, 0, 0, 0, 1, 0, 0, 1, 0, 1, 1, 0, 1, 0, 1, 0, 1, 1]",100010010110101011,"[""110101011010010001""]",1,0.000244140625,False,False,,,,3.9314816229647205,0.134086654414141,{},{}
"[1, 0, 0, 0, 1, 0, 0, 1, 1, 0, 0, 1, 0, 0, 1, 0, 0, 0]",100010011001001000,"[""100100110010001""]",1,0.000244140625,False,False,,,,2.293220314655542,0.07500972403088163,{},{}
"[1, 0, 0, 0, 1, 0, 0, 1, 1, 0, 0, 1, 0, 0, 1, 1, 0, 0]",100010011001001100,"[""1100100110010001""]",1,0.000244140625,False,False,,,,1.4854159082157343,0.045879691818994525,{},{}
"[1, 0, 0, 0, 1, 0, 0, 1, 1, 0, 0, 1, 1, 0, 0, 0, 1, 0]",100010011001100010,"[""10001100110010001""]",1,0.000244140625,False,False,,,,1.498568468616531,0.046353983002713824,{},{}
"[1, 0, 0, 0, 1, 0, 0, 1, 1, 0, 1, 1, 1, 0, 1, 1, 0, 0]",100010011011101100,"[""1101110110010001""]",1,0.000244140625,False,False,,,,3.9531657411357424,0.13486859996404474,{},{}
"[1, 0, 0, 0, 1, 0, 0, 1, 1, 1, 0, 0, 0, 0, 0, 1, 1, 0]",100010011100000110,"[""11000001110010001""]",1,0.000244140625,False,False,,,,3.500628444726508,0.1185497659537433,{},{}
"[1, 0, 0, 0, 1, 0, 0, 1, 1, 1, 0, 0, 0, 0, 1, 0, 1, 1]",100010011100001011,"[""110100001110010001""]",1,0.000244140625,False,False,,,,2.749636911566143,0.09146844852415585,{},{}
"[1, 0, 0, 0, 1, 0, 0, 1, 1, 1, 0, 0, 1, 0, 1, 0, 0, 1]",100010011100101001,"[""100101001110010001""]",1,0.000244140625,False,False,,,,2.7289485228658803,0.09072240972510208,{},{}
"[1, 0, 0, 0, 1, 0, 0, 1, 1, 1, 0, 1, 0, 0, 0, 1, 0, 1]",100010011101000101,"[""101000101110010001""]",1,0.000244140625,False,False,,,,4.733746425070602,0.16301692434273038,{},{}
"[1, 0, 0, 0, 1, 0, 0, 1, 1, 1, 1, 1, 0, 0, 0, 1, 0, 1]",100010011111000101,"[""101000111110010001""]",1,0.000244140625,False,False,,,,7.967623842087655,0.2796329672561091,{},{}
"[1, 0, 0, 0, 1, 0, 1, 0, 0, 0, 0, 0, 0, 0, 1, 0, 1, 1]",100010100000001011,"[""110100000001010001""]",1,0.000244140625,False,False,,,,2.260472977535138,0.07382883051561213,{},{}
"[1, 0, 0, 0, 1, 0, 1, 0, 0, 0, 1, 0, 0, 0, 1, 0, 1, 0]",100010100010001010,"[""10100010001010001""]",1,0.000244140625,True,False,"[0, 1, 0, 1, 2, 1]",0.23927874904052887,0.13235439656835657,0.23927874904052934,0.0009430520856384182,"{""degradation"": 0.21962245021089843, ""nominal"": 0.2541467354464034, ""surge"": 0.2440670614642848}","{""degradation"": 0.05166866589494832, ""nominal"": 0.1256006083254216, ""surge"": 0.13235439656835657}"
"[1, 0, 0, 0, 1, 0, 1, 0, 0, 0, 1, 0, 1, 0, 0, 0, 1, 1]",100010100010100011,"[""110001010001010001""]",1,0.000244140625,False,False,,,,1.5074075011424415,0.0466727251389897,{},{}
"[1, 0, 0, 0, 1, 0, 1, 0, 0, 0, 1, 1, 0, 0, 0, 0, 1, 0]",100010100011000010,"[""10000110001010001""]",1,0.000244140625,False,False,,,,2.2644124509903594,0.07397089088039059,{},{}
"[1, 0, 0, 0, 1, 0, 1, 0, 0, 0, 1, 1, 0, 1, 0, 0, 0, 0]",100010100011010000,"[""10110001010001""]",1,0.000244140625,False,False,,,,2.217154208532027,0.07226672324511416,{},{}
"[1, 0, 0, 0, 1, 0, 1, 0, 0, 0, 1, 1, 1, 0, 0, 0, 1, 0]",100010100011100010,"[""10001110001010001""]",1,0.000244140625,False,False,,,,1.4864930367703684,0.04591853388180416,{},{}
"[1, 0, 0, 0, 1, 0, 1, 0, 0, 0, 1, 1, 1, 0, 1, 0, 0, 1]",100010100011101001,"[""100101110001010001""]",1,0.000244140625,False,False,,,,2.6862595426171723,0.08918301310901028,{},{}
"[1, 0, 0, 0, 1, 0, 1, 0, 0, 0, 1, 1, 1, 1, 0, 0, 0, 0]",100010100011110000,"[""11110001010001""]",1,0.000244140625,False,False,,,,3.4392347943120374,0.11633586491542044,{},{}
"[1, 0, 0, 0, 1, 0, 1, 0, 0, 1, 0, 0, 0, 0, 1, 0, 1, 0]",100010100100001010,"[""10100001001010001""]",1,0.000244140625,True,False,"[0, 1, 0, 0, 2, 1]",0.23148512036553487,0.2593655756636237,0.23148512036553506,0.0006620079955836965,"{""degradation"": 0.2631754316009477, ""nominal"": 0.2090288307605033, ""surge"": 0.22225109873515364}","{""degradation"": 0.2593655756636237, ""nominal"": 0.03415652920881838, ""surge"": 0.07057831855492287}"
"[1, 0, 0, 0, 1, 0, 1, 0, 0, 1, 0, 0, 0, 1, 1, 0, 1, 0]",100010100100011010,"[""10110001001010001""]",1,0.000244140625,False,False,,,,1.4505795126333658,0.04462346529018312,{},{}
"[1, 0, 0, 0, 1, 0, 1, 0, 0, 1, 1, 0, 0, 0, 1, 1, 0, 1]",100010100110001101,"[""101100011001010001""]",1,0.000244140625,False,False,,,,2.7086485333890318,0.08999037689308555,{},{}
"[1, 0, 0, 0, 1, 0, 1, 0, 0, 1, 1, 0, 1, 0, 0, 0, 1, 0]",100010100110100010,"[""10001011001010001""]",1,0.000244140625,False,False,,,,1.5105404887576661,0.04678570302005024,{},{}
"[1, 0, 0, 0, 1, 0, 1, 0, 0, 1, 1, 0, 1, 0, 1, 0, 1, 1]",100010100110101011,"[""110101011001010001""]",1,0.000244140625,False,False,,,,3.945069563960643,0.1345766457483662,{},{}
"[1, 0, 0, 0, 1, 0, 1, 0, 0, 1, 1, 1, 0, 0, 0, 1, 0, 0]",100010100111000100,"[""1000111001010001""]",1,0.000244140625,False,False,,,,5.485596098233925,0.19012918694385839,{},{}
"[1, 0, 0, 0, 1, 0, 1, 0, 1, 0, 0, 0, 0, 0, 0, 0, 1, 1]",100010101000000011,"[""110000000101010001""]",1,0.000244140625,False,False,,,,4.355397851482187,0.14937339126951324,{},{}
"[1, 0, 0, 0, 1, 0, 1, 0, 1, 0, 0, 0, 0, 1, 1, 0, 0, 0]",100010101000011000,"[""110000101010001""]",1,0.000244140625,False,False,,,,4.248429314670105,0.14551602567686026,{},{}
"[1, 0, 0, 0, 1, 0, 1, 0, 1, 0, 0, 1, 1, 1, 1, 1, 0, 0]",100010101001111100,"[""1111100101010001""]",1,0.000244140625,False,False,,,,5.983355760824705,0.20807877336534308,{},{}
"[1, 0, 0, 0, 1, 0, 1, 0, 1, 0, 1, 0, 0, 0, 0, 1, 0, 1]",100010101010000101,"[""101000010101010001""]",1,0.000244140625,False,False,,,,3.5536954355382564,0.12046340140733912,{},{}
"[1, 0, 0, 0, 1, 0, 1, 0, 1, 0, 1, 0, 1, 0, 1, 0, 0, 0]",100010101010101000,"[""101010101010001""]",1,0.000244140625,False,False,,,,3.489187238979784,0.11813718750122684,{},{}
"[1, 0, 0, 0, 1, 0, 1, 0, 1, 0, 1, 0, 1, 1, 0, 1, 1, 0]",100010101010110110,"[""11011010101010001""]",1,0.000244140625,False,False,,,,4.031181777250974,0.1376819166864632,{},{}
"[1, 0, 0, 0, 1, 0, 1, 0, 1, 0, 1, 1, 0, 0, 1, 0, 0, 0]",100010101011001000,"[""100110101010001""]",1,0.000244140625,False,False,,,,3.4850396566678032,0.11798762257513054,{},{}
"[1, 0, 0, 0, 1, 0, 1, 0, 1, 1, 0, 0, 1, 0, 1, 0, 1, 0]",100010101100101010,"[""10101001101010001""]",1,0.000244140625,False,False,,,,2.7468358715234533,0.09136744092130065,{},{}
"[1, 0, 0, 0, 1, 0, 1, 0, 1, 1, 0, 1, 0, 0, 1, 1, 0, 1]",100010101101001101,"[""101100101101010001""]",1,0.000244140625,False,False,,,,4.043723720322472,0.1381341885517314,{},{}
"[1, 0, 0, 0, 1, 0, 1, 1, 0, 0, 0, 0, 0, 0, 1, 0, 0, 1]",100010110000001001,"[""100100000011010001""]",1,0.000244140625,False,False,,,,2.2539085234072442,0.0735921113807887,{},{}
"[1, 0, 0, 0, 1, 0, 1, 1, 0, 0, 0, 0, 1, 0, 0, 1, 0, 0]",100010110000100100,"[""1001000011010001""]",1,0.000244140625,False,False,,,,2.316254399438832,0.07584035038840023,{},{}
"[1, 0, 0, 0, 1, 0, 1, 1, 0, 0, 0, 1, 0, 0, 1, 1, 0, 0]",100010110001001100,"[""1100100011010001""]",1,0.000244140625,False,False,,,,1.4850062489697335,0.045864919199611956,{},{}
"[1, 0, 0, 0, 1, 0, 1, 1, 0, 0, 0, 1, 1, 1, 0, 1, 1, 1]",100010110001110111,"[""111011100011010001""]",1,0.000244140625,False,False,,,,7.253261725315408,0.2538725340291606,{},{}
"[1, 0, 0, 0, 1, 0, 1, 1, 0, 0, 1, 0, 0, 0, 1, 0, 0, 0]",100010110010001000,"[""100010011010001""]",1,0.000244140625,False,False,,,,2.2460561667395207,0.07330894951530925,{},{}
"[1, 0, 0, 0, 1, 0, 1, 1, 0, 0, 1, 0, 1, 0, 0, 0, 0, 0]",100010110010100000,"[""1010011010001""]",1,0.000244140625,False,False,,,,2.2724551451566555,0.074260916458695,{},{}
"[1, 0, 0, 0, 1, 0, 1, 1, 0, 0, 1, 0, 1, 0, 1, 0, 1, 1]",100010110010101011,"[""110101010011010001""]",1,0.000244140625,False,False,,,,3.9770262069385165,0.1357290262403617,{},{}
"[1, 0, 0, 0, 1, 0, 1, 1, 0, 0, 1, 0, 1, 1, 1, 1, 0, 0]",100010110010111100,"[""1111010011010001""]",1,0.000244140625,False,False,,,,5.990848564044467,0.20834896946406323,{},{}
"[1, 0, 0, 0, 1, 0, 1, 1, 0, 0, 1, 1, 1, 0, 0, 0, 1, 0]",100010110011100010,"[""10001110011010001""]",1,0.000244140625,False,False,,,,2.7525326188610713,0.09157286989906417,{},{}
"[1, 0, 0, 0, 1, 0, 1, 1, 0, 1, 0, 1, 0, 1, 1, 1, 0, 1]",100010110101011101,"[""101110101011010001""]",1,0.000244140625,False,False,,,,5.20905025854705,0.180156736739426,{},{}
"[1, 0, 0, 0, 1, 0, 1, 1, 0, 1, 1, 0, 1, 1, 0, 1, 1, 0]",100010110110110110,"[""11011011011010001""]",1,0.000244140625,False,False,,,,5.3454527562114595,0.18507551301629466,{},{}
"[1, 0, 0, 0, 1, 0, 1, 1, 1, 0, 0, 0, 1, 0, 1, 0, 0, 0]",100010111000101000,"[""101000111010001""]",1,0.000244140625,False,False,,,,7.524145240351232,0.2636407965637012,{},{}
"[1, 0, 0, 0, 1, 0, 1, 1, 1, 0, 0, 1, 0, 1, 1, 1, 1, 0]",100010111001011110,"[""11110100111010001""]",1,0.000244140625,False,False,,,,7.241456880355084,0.25344684247411436,{},{}
"[1, 0, 0, 0, 1, 0, 1, 1, 1, 0, 0, 1, 1, 0, 0, 0, 0, 0]",100010111001100000,"[""1100111010001""]",1,0.000244140625,False,False,,,,5.5162477240087355,0.19123450753761706,{},{}
"[1, 0, 0, 0, 1, 0, 1, 1, 1, 0, 0, 1, 1, 1, 0, 0, 1, 1]",100010111001110011,"[""110011100111010001""]",1,0.000244140625,False,False,,,,7.287030603239279,0.25509026507127885,{},{}
"[1, 0, 0, 0, 1, 0, 1, 1, 1, 0, 1, 1, 0, 0, 0, 1, 0, 0]",100010111011000100,"[""1000110111010001""]",1,0.000244140625,False,False,,,,6.739128010545516,0.2353324870164558,{},{}
"[1, 0, 0, 0, 1, 0, 1, 1, 1, 1, 0, 0, 0, 1, 0, 1, 0, 0]",100010111100010100,"[""1010001111010001""]",1,0.000244140625,False,False,,,,4.769631825952972,0.16431097878871564,{},{}
"[1, 0, 0, 0, 1, 0, 1, 1, 1, 1, 0, 0, 0, 1, 1, 1, 1, 1]",100010111100011111,"[""111110001111010001""]",1,0.000244140625,False,False,,,,10.543147630164164,0.3725082849828398,{},{}
"[1, 0, 0, 0, 1, 0, 1, 1, 1, 1, 0, 0, 1, 0, 1, 1, 0, 1]",100010111100101101,"[""101101001111010001""]",1,0.000244140625,False,False,,,,7.3456689933699,0.25720480935915463,{},{}
"[1, 0, 0, 0, 1, 0, 1, 1, 1, 1, 1, 0, 0, 0, 1, 1, 0, 1]",100010111110001101,"[""101100011111010001""]",1,0.000244140625,False,False,,,,7.260192916744961,0.25412247798589077,{},{}
"[1, 0, 0, 0, 1, 1, 0, 0, 0, 0, 1, 0, 0, 0, 0, 0, 1, 0]",100011000010000010,"[""10000010000110001""]",1,0.000244140625,False,False,,,,3.0966464574166963,0.1039818727737327,{},{}
"[1, 0, 0, 0, 1, 1, 0, 0, 0, 0, 1, 0, 0, 1, 0, 1, 1, 1]",100011000010010111,"[""111010010000110001""]",1,0.000244140625,False,False,,,,6.836974447179167,0.2388609028411707,{},{}
"[1, 0, 0, 0, 1, 1, 0, 0, 0, 0, 1, 0, 0, 1, 1, 1, 0, 0]",100011000010011100,"[""1110010000110001""]",1,0.000244140625,False,False,,,,3.4530604485664256,0.11683442836787265,{},{}
"[1, 0, 0, 0, 1, 1, 0, 0, 0, 0, 1, 0, 1, 0, 0, 0, 0, 1]",100011000010100001,"[""100001010000110001""]",1,0.000244140625,False,False,,,,2.301791175287943,0.0753187956877271,{},{}
"[1, 0, 0, 0, 1, 1, 0, 0, 0, 0, 1, 1, 0, 0, 1, 0, 1, 1]",100011000011001011,"[""110100110000110001""]",1,0.000244140625,False,False,,,,4.805140551676713,0.16559145004622508,{},{}
"[1, 0, 0, 0, 1, 1, 0, 0, 0, 0, 1, 1, 0, 0, 1, 1, 1, 0]",100011000011001110,"[""11100110000110001""]",1,0.000244140625,False,False,,,,4.718251694492786,0.162458172747359,{},{}
"[1, 0, 0, 0, 1, 1, 0, 0, 0, 0, 1, 1, 0, 1, 1, 0, 1, 1]",100011000011011011,"[""110110110000110001""]",1,0.000244140625,False,False,,,,6.063408674947702,0.21096554143502444,{},{}
"[1, 0, 0, 0, 1, 1, 0, 0, 0, 1, 0, 0, 0, 0, 1, 0, 1, 0]",100011000100001010,"[""10100001000110001""]",1,0.000244140625,False,False,,,,2.2390717194928644,0.07305708511390789,{},{}
"[1, 0, 0, 0, 1, 1, 0, 0, 0, 1, 0, 0, 0, 1, 1, 0, 1, 1]",100011000100011011,"[""110110001000110001""]",1,0.000244140625,False,False,,,,4.771722933719477,0.1643863857017149,{},{}
"[1, 0, 0, 0, 1, 1, 0, 0, 0, 1, 0, 1, 0, 1, 0, 0, 1, 0]",100011000101010010,"[""10010101000110001""]",1,0.000244140625,False,False,,,,3.475402297368028,0.11764009217717535,{},{}
"[1, 0, 0, 0, 1, 1, 0, 0, 1, 0, 0, 0, 0, 0, 1, 0, 1, 1]",100011001000001011,"[""110100000100110001""]",1,0.000244140625,False,False,,,,3.6759846475884697,0.12487324202938882,{},{}
"[1, 0, 0, 0, 1, 1, 0, 0, 1, 0, 0, 0, 0, 0, 1, 1, 1, 0]",100011001000001110,"[""11100000100110001""]",1,0.000244140625,False,False,,,,3.5517411133452033,0.12039292708461669,{},{}
"[1, 0, 0, 0, 1, 1, 0, 0, 1, 0, 0, 0, 0, 1, 1, 0, 0, 0]",100011001000011000,"[""110000100110001""]",1,0.000244140625,False,False,,,,4.326641157089337,0.14833640332132536,{},{}
"[1, 0, 0, 0, 1, 1, 0, 0, 1, 0, 0, 0, 0, 1, 1, 0, 0, 1]",100011001000011001,"[""100110000100110001""]",1,0.000244140625,False,False,,,,3.6524189541576293,0.12402344546568687,{},{}
"[1, 0, 0, 0, 1, 1, 0, 0, 1, 0, 1, 0, 0, 0, 0, 0, 0, 1]",100011001010000001,"[""100000010100110001""]",1,0.000244140625,False,False,,,,2.450280983374595,0.08067344943585993,{},{}
"[1, 0, 0, 0, 1, 1, 0, 0, 1, 0, 1, 0, 0, 0, 1, 1, 1, 1]",100011001010001111,"[""111100010100110001""]",1,0.000244140625,False,False,,,,6.105951971946162,0.2124996846039468,{},{}
"[1, 0, 0, 0, 1, 1, 0, 0, 1, 0, 1, 1, 1, 1, 0, 1, 0, 1]",100011001011110101,"[""101011110100110001""]",1,0.000244140625,False,False,,,,5.292566145390785,0.1831683822003419,{},{}
"[1, 0, 0, 0, 1, 1, 0, 0, 1, 1, 0, 0, 0, 0, 0, 0, 0, 0]",100011001100000000,"[""1100110001""]",1,0.000244140625,False,False,,,,3.108979419100416,0.10442660861356066,{},{}
"[1, 0, 0, 0, 1, 1, 0, 0, 1, 1, 0, 0, 0, 0, 0, 0, 1, 1]",100011001100000011,"[""110000001100110001""]",1,0.000244140625,False,False,,,,3.6648184257363896,0.12447057970216814,{},{}
"[1, 0, 0, 0, 1, 1, 0, 0, 1, 1, 0, 0, 0, 0, 0, 1, 1, 0]",100011001100000110,"[""11000001100110001""]",1,0.000244140625,False,False,,,,3.5647982199354527,0.12086377613240082,{},{}
"[1, 0, 0, 0, 1, 1, 0, 0, 1, 1, 1, 0, 0, 1, 1, 0, 0, 0]",100011001110011000,"[""110011100110001""]",1,0.000244140625,False,False,,,,4.706558385840469,0.16203650327515748,{},{}
"[1, 0, 0, 0, 1, 1, 0, 0, 1, 1, 1, 0, 1, 1, 0, 1, 0, 0]",100011001110110100,"[""1011011100110001""]",1,0.000244140625,False,False,,,,4.004068783355072,0.13670420180987672,{},{}
"[1, 0, 0, 0, 1, 1, 0, 0, 1, 1, 1, 0, 1, 1, 1, 0, 0, 1]",100011001110111001,"[""100111011100110001""]",1,0.000244140625,False,False,,,,7.2662085988117155,0.25433940798897575,{},{}
"[1, 0, 0, 0, 1, 1, 0, 1, 0, 0, 0, 1, 1, 1, 1, 1, 1, 1]",100011010001111111,"[""111111100010110001""]",1,0.000244140625,False,False,,,,10.531720514445226,0.37209621462728343,{},{}
"[1, 0, 0, 0, 1, 1, 0, 1, 0, 0, 1, 0, 1, 0, 0, 1, 0, 0]",100011010010100100,"[""1001010010110001""]",1,0.000244140625,False,False,,,,1.4950195133641686,0.04622600501695921,{},{}
"[1, 0, 0, 0, 1, 1, 0, 1, 0, 1, 0, 0, 0, 1, 0, 0, 0, 1]",100011010100010001,"[""100010001010110001""]",1,0.000244140625,False,False,,,,1.5576850421057649,0.04848577094082046,{},{}
"[1, 0, 0, 0, 1, 1, 0, 1, 0, 1, 0, 0, 0, 1, 1, 0, 0, 1]",100011010100011001,"[""100110001010110001""]",1,0.000244140625,False,False,,,,2.761264165811136,0.09188773602493241,{},{}
"[1, 0, 0, 0, 1, 1, 0, 1, 0, 1, 0, 0, 1, 0, 0, 1, 0, 0]",100011010100100100,"[""1001001010110001""]",1,0.000244140625,False,False,,,,1.5177966877700633,0.047047366993757146,{},{}
"[1, 0, 0, 0, 1, 1, 0, 1, 0, 1, 1, 0, 0, 0, 0, 0, 1, 1]",100011010110000011,"[""110000011010110001""]",1,0.000244140625,False,False,,,,4.82628587576231,0.16635396627767143,{},{}
"[1, 0, 0, 0, 1, 1, 0, 1, 0, 1, 1, 0, 0, 1, 1, 0, 1, 0]",100011010110011010,"[""10110011010110001""]",1,0.000244140625,False,False,,,,4.011296870924937,0.13696485206390105,{},{}
"[1, 0, 0, 0, 1, 1, 0, 1, 0, 1, 1, 1, 0, 0, 0, 1, 0, 0]",100011010111000100,"[""1000111010110001""]",1,0.000244140625,False,False,,,,6.687818814882368,0.23348223897309497,{},{}
"[1, 0, 0, 0, 1, 1, 0, 1, 1, 0, 0, 1, 0, 1, 0, 0, 1, 0]",100011011001010010,"[""10010100110110001""]",1,0.000244140625,False,False,,,,2.8561798927918867,0.095310468263482,{},{}
"[1, 0, 0, 0, 1, 1, 0, 1, 1, 0, 0, 1, 1, 1, 1, 0, 0, 0]",100011011001111000,"[""111100110110001""]",1,0.000244140625,False,False,,,,7.999366117378999,0.28077761748869523,{},{}
"[1, 0, 0, 0, 1, 1, 0, 1, 1, 0, 0, 1, 1, 1, 1, 1, 0, 1]",100011011001111101,"[""101111100110110001""]",1,0.000244140625,False,False,,,,8.57459405474214,0.3015207679481181,{},{}
"[1, 0, 0, 0, 1, 1, 0, 1, 1, 0, 1, 0, 0, 0, 1, 0, 0, 1]",100011011010001001,"[""100100010110110001""]",1,0.000244140625,False,False,,,,2.8975618235186396,0.09680273169439486,{},{}
"[1, 0, 0, 0, 1, 1, 0, 1, 1, 0, 1, 0, 1, 1, 0, 0, 1, 0]",100011011010110010,"[""10011010110110001""]",1,0.000244140625,False,False,,,,4.125648484593186,0.14108845694038122,{},{}
"[1, 0, 0, 0, 1, 1, 0, 1, 1, 1, 1, 0, 1, 0, 1, 1, 0, 0]",100011011110101100,"[""1101011110110001""]",1,0.000244140625,False,False,,,,5.25450662733644,0.18179592745999432,{},{}
"[1, 0, 0, 0, 1, 1, 0, 1, 1, 1, 1, 1, 1, 0, 0, 0, 1, 1]",100011011111100011,"[""110001111110110001""]",1,0.000244140625,False,False,,,,8.591006822009094,0.3021126246344163,{},{}
"[1, 0, 0, 0, 1, 1, 0, 1, 1, 1, 1, 1, 1, 0, 1, 0, 0, 0]",100011011111101000,"[""101111110110001""]",1,0.000244140625,False,False,,,,9.206663678409786,0.3243136722091149,{},{}
"[1, 0, 0, 0, 1, 1, 0, 1, 1, 1, 1, 1, 1, 1, 1, 0, 0, 0]",100011011111111000,"[""111111110110001""]",1,0.000244140625,False,False,,,,12.462478640822663,0.44172079944802545,{},{}
"[1, 0, 0, 0, 1, 1, 1, 0, 0, 0, 0, 1, 0, 1, 1, 0, 1, 0]",100011100001011010,"[""10110100001110001""]",1,0.000244140625,False,False,,,,2.7334355293254644,0.09088421454030318,{},{}
"[1, 0, 0, 0, 1, 1, 1, 0, 0, 0, 0, 1, 1, 1, 0, 1, 0, 0]",100011100001110100,"[""1011100001110001""]",1,0.000244140625,False,False,,,,2.739568478945677,0.09110537329923846,{},{}
"[1, 0, 0, 0, 1, 1, 1, 0, 0, 0, 1, 0, 0, 0, 0, 0, 0, 0]",100011100010000000,"[""10001110001""]",1,0.000244140625,False,False,,,,3.0426884615812253,0.1020361070113207,{},{}
"[1, 0, 0, 0, 1, 1, 1, 0, 0, 0, 1, 0, 0, 0, 0, 1, 1, 0]",100011100010000110,"[""11000010001110001""]",1,0.000244140625,False,False,,,,3.5244480103741385,0.1194087173398179,{},{}
"[1, 0, 0, 0, 1, 1, 1, 0, 0, 0, 1, 0, 0, 1, 0, 1, 1, 0]",100011100010010110,"[""11010010001110001""]",1,0.000244140625,False,False,,,,2.7669211009601327,0.0920917293453416,{},{}
"[1, 0, 0, 0, 1, 1, 1, 0, 0, 0, 1, 1, 0, 1, 0, 0, 1, 1]",100011100011010011,"[""110010110001110001""]",1,0.000244140625,False,False,,,,4.044957583530045,0.1381786825835727,{},{}
"[1, 0, 0, 0, 1, 1, 1, 0, 0, 1, 0, 0, 1, 0, 0, 1, 1, 0]",100011100100100110,"[""11001001001110001""]",1,0.000244140625,False,False,,,,2.8602312037834663,0.09545656157362524,{},{}
"[1, 0, 0, 0, 1, 1, 1, 0, 0, 1, 0, 1, 0, 0, 0, 1, 0, 0]",100011100101000100,"[""1000101001110001""]",1,0.000244140625,False,False,,,,3.547426842571494,0.12023735124768503,{},{}
"[1, 0, 0, 0, 1, 1, 1, 0, 0, 1, 1, 0, 0, 0, 1, 0, 1, 0]",100011100110001010,"[""10100011001110001""]",1,0.000244140625,False,False,,,,2.6937720711579454,0.08945392051758698,{},{}
"[1, 0, 0, 0, 1, 1, 1, 0, 0, 1, 1, 0, 0, 0, 1, 0, 1, 1]",100011100110001011,"[""110100011001110001""]",1,0.000244140625,False,False,,,,3.990092707509395,0.13620021404212654,{},{}
"[1, 0, 0, 0, 1, 1, 1, 0, 1, 0, 0, 1, 1, 0, 0, 0, 0, 0]",100011101001100000,"[""1100101110001""]",1,0.000244140625,False,False,,,,3.5783422393810502,0.12135218362260938,{},{}
"[1, 0, 0, 0, 1, 1, 1, 0, 1, 0, 1, 0, 0, 1, 0, 0, 1, 0]",100011101010010010,"[""10010010101110001""]",1,0.000244140625,False,False,,,,2.8364137059746763,0.09459768475536874,{},{}
"[1, 0, 0, 0, 1, 1, 1, 0, 1, 0, 1, 0, 0, 1, 0, 1, 0, 1]",100011101010010101,"[""101010010101110001""]",1,0.000244140625,False,False,,,,4.118015996513044,0.14081322370092508,{},{}
"[1, 0, 0, 0, 1, 1, 1, 0, 1, 0, 1, 1, 0, 1, 0, 0, 0, 1]",100011101011010001,"[""100010110101110001""]",1,0.000244140625,False,False,,,,4.083936810046513,0.13958430270023364,{},{}
"[1, 0, 0, 0, 1, 1, 1, 0, 1, 1, 0, 1, 1, 1, 1, 0, 0, 0]",100011101101111000,"[""111101101110001""]",1,0.000244140625,False,False,,,,9.255531036628419,0.3260758657644736,{},{}
"[1, 0, 0, 0, 1, 1, 1, 0, 1, 1, 1, 0, 0, 0, 1, 0, 0, 0]",100011101110001000,"[""100011101110001""]",1,0.000244140625,False,False,,,,4.74102671503839,0.16327945705434088,{},{}
"[1, 0, 0, 0, 1, 1, 1, 1, 0, 0, 0, 0, 0, 0, 0, 0, 0, 1]",100011110000000001,"[""100000000011110001""]",1,0.000244140625,False,False,,,,4.346671667970787,0.14905871855326225,{},{}
"[1, 0, 0, 0, 1, 1, 1, 1, 0, 0, 0, 0, 1, 1, 0, 1, 1, 0]",100011110000110110,"[""11011000011110001""]",1,0.000244140625,False,False,,,,6.0619252086370095,0.21091204652824844,{},{}
"[1, 0, 0, 0, 1, 1, 1, 1, 0, 0, 0, 1, 1, 0, 0, 0, 1, 1]",100011110001100011,"[""110001100011110001""]",1,0.000244140625,False,False,,,,4.028333334981724,0.13757919972379815,{},{}
"[1, 0, 0, 0, 1, 1, 1, 1, 0, 0, 1, 0, 0, 1, 0, 1, 1, 0]",100011110010010110,"[""11010010011110001""]",1,0.000244140625,False,False,,,,4.068240100273544,0.13901826758373506,{},{}
"[1, 0, 0, 0, 1, 1, 1, 1, 0, 0, 1, 0, 1, 0, 1, 0, 1, 1]",100011110010101011,"[""110101010011110001""]",1,0.000244140625,False,False,,,,5.274809628129768,0.1825280688823396,{},{}
"[1, 0, 0, 0, 1, 1, 1, 1, 0, 0, 1, 1, 1, 1, 0, 1, 0, 1]",100011110011110101,"[""101011110011110001""]",1,0.000244140625,False,False,,,,6.522464242577998,0.2275194291899225,{},{}
"[1, 0, 0, 0, 1, 1, 1, 1, 0, 1, 0, 1, 1, 0, 1, 1, 1, 1]",100011110101101111,"[""111101101011110001""]",1,0.000244140625,False,False,,,,9.849752866811135,0.34750395023174846,{},{}
"[1, 0, 0, 0, 1, 1, 1, 1, 1, 0, 0, 1, 0, 1, 0, 1, 0, 0]",100011111001010100,"[""1010100111110001""]",1,0.000244140625,False,False,,,,6.0189834943986265,0.2093635361351067,{},{}
"[1, 0, 0, 0, 1, 1, 1, 1, 1, 0, 1, 1, 0, 0, 1, 0, 0, 0]",100011111011001000,"[""100110111110001""]",1,0.000244140625,False,False,,,,8.024391889644582,0.28168006558926534,{},{}
"[1, 0, 0, 1, 0, 0, 0, 0, 0, 0, 0, 0, 0, 0, 0, 1, 0, 0]",100100000000000100,"[""1000000000001001""]",1,0.000244140625,False,False,,,,2.6951395090418844,0.08950323135235012,{},{}
"[1, 0, 0, 1, 0, 0, 0, 0, 0, 0, 0, 0, 0, 0, 0, 1, 0, 1]",100100000000000101,"[""101000000000001001""]",1,0.000244140625,False,False,,,,3.9275306134618266,0.13394417805083914,{},{}
"[1, 0, 0, 1, 0, 0, 0, 0, 0, 0, 0, 0, 0, 1, 1, 1, 0, 0]",100100000000011100,"[""1110000000001001""]",1,0.000244140625,False,False,,,,3.0526985460540534,0.10239707815831199,{},{}
"[1, 0, 0, 1, 0, 0, 0, 0, 0, 0, 0, 0, 1, 0, 0, 0, 0, 0]",100100000000100000,"[""1000000001001""]",1,0.000244140625,False,False,,,,2.678120631727652,0.0888895178835679,{},{}
"[1, 0, 0, 1, 0, 0, 0, 0, 0, 0, 0, 0, 1, 0, 1, 0, 1, 0]",100100000000101010,"[""10101000000001001""]",1,0.000244140625,False,False,,,,3.0499066929058256,0.10229640184175516,{},{}
"[1, 0, 0, 1, 0, 0, 0, 0, 0, 0, 1, 0, 0, 1, 1, 0, 1, 1]",100100000010011011,"[""110110010000001001""]",1,0.000244140625,False,False,,,,3.441887190689327,0.11643151231631747,{},{}
"[1, 0, 0, 1, 0, 0, 0, 0, 0, 0, 1, 0, 1, 0, 0, 0, 0, 1]",100100000010100001,"[""100001010000001001""]",1,0.000244140625,False,False,,,,1.0486966167693956,0.0301312669206311,{},{}
"[1, 0, 0, 1, 0, 0, 0, 0, 0, 0, 1, 1, 0, 1, 0, 0, 1, 0]",100100000011010010,"[""10010110000001001""]",1,0.000244140625,False,False,,,,2.1908187477397143,0.07131704679487544,{},{}
"[1, 0, 0, 1, 0, 0, 0, 0, 0, 0, 1, 1, 1, 1, 0, 1, 0, 0]",100100000011110100,"[""1011110000001001""]",1,0.000244140625,False,False,,,,3.456242580449346,0.1169491784280518,{},{}
"[1, 0, 0, 1, 0, 0, 0, 0, 0, 1, 0, 0, 0, 0, 0, 0, 1, 0]",100100000100000010,"[""10000001000001001""]",1,0.000244140625,False,False,,,,1.8276502306707834,0.05822091793469013,{},{}
"[1, 0, 0, 1, 0, 0, 0, 0, 0, 1, 0, 1, 0, 1, 0, 1, 1, 1]",100100000101010111,"[""111010101000001001""]",1,0.000244140625,False,False,,,,6.731568468560607,0.2350598842678548,{},{}
"[1, 0, 0, 1, 0, 0, 0, 0, 0, 1, 0, 1, 0, 1, 1, 1, 0, 0]",100100000101011100,"[""1110101000001001""]",1,0.000244140625,False,False,,,,3.5126120049774086,0.11898190211608525,{},{}
"[1, 0, 0, 1, 0, 0, 0, 0, 0, 1, 0, 1, 1, 0, 1, 1, 0, 1]",100100000101101101,"[""101101101000001001""]",1,0.000244140625,False,False,,,,4.901038020467712,0.16904958463010517,{},{}
"[1, 0, 0, 1, 0, 0, 0, 0, 0, 1, 1, 0, 0, 0, 1, 1, 0, 0]",100100000110001100,"[""1100011000001001""]",1,0.000244140625,False,False,,,,2.2882226380892208,0.07482950406896888,{},{}
"[1, 0, 0, 1, 0, 0, 0, 0, 0, 1, 1, 1, 0, 1, 0, 0, 0, 1]",100100000111010001,"[""100010111000001001""]",1,0.000244140625,False,False,,,,5.406633554803045,0.18728173845838705,{},{}
"[1, 0, 0, 1, 0, 0, 0, 0, 0, 1, 1, 1, 1, 0, 0, 1, 0, 1]",100100000111100101,"[""101001111000001001""]",1,0.000244140625,False,False,,,,6.81195122835665,0.23795854681967088,{},{}
"[1, 0, 0, 1, 0, 0, 0, 0, 1, 0, 0, 1, 0, 0, 1, 0, 1, 0]",100100001001001010,"[""10100100100001001""]",1,0.000244140625,True,False,"[0, 0, 2, 2, 2, 1]",0.2688331776664154,0.34131052699165676,0.2688331776664158,0.0020088069280392944,"{""degradation"": 0.28035886944878696, ""nominal"": 0.2643323541996184, ""surge"": 0.26180830935084093}","{""degradation"": 0.34131052699165676, ""nominal"": 0.14624461946921988, ""surge"": 0.18259213886299627}"
"[1, 0, 0, 1, 0, 0, 0, 0, 1, 0, 0, 1, 0, 0, 1, 1, 0, 0]",100100001001001100,"[""1100100100001001""]",1,0.000244140625,True,False,"[0, 0, 2, 2, 2, 0]",0.3397257032878557,0.5855720348117017,0.3397257032878558,0.004565244524159856,"{""degradation"": 0.3315792603358749, ""nominal"": 0.3443783141913494, ""surge"": 0.34321953533634275}","{""degradation"": 0.5855720348117017, ""nominal"": 0.30848019200758303, ""surge"": 0.41312362216691617}"
"[1, 0, 0, 1, 0, 0, 0, 0, 1, 0, 0, 1, 1, 0, 0, 0, 1, 0]",100100001001100010,"[""10001100100001001""]",1,0.000244140625,True,False,"[0, 0, 2, 2, 0, 1]",0.2729807599783961,0.44156419805201474,0.27298075997839677,0.002158371854135624,"{""degradation"": 0.3013815523324127, ""nominal"": 0.24518559471556267, ""surge"": 0.27237513288721293}","{""degradation"": 0.44156419805201474, ""nominal"": 0.1074383450804686, ""surge"": 0.21251412411948198}"
"[1, 0, 0, 1, 0, 0, 0, 0, 1, 0, 0, 1, 1, 1, 0, 1, 1, 0]",100100001001110110,"[""11011100100001001""]",1,0.000244140625,False,False,,,,2.7280160429025866,0.09068878379888634,{},{}
"[1, 0, 0, 1, 0, 0, 0, 0, 1, 0, 1, 0, 0, 0, 1, 0, 0, 1]",100100001010001001,"[""100100010100001001""]",1,0.000244140625,True,False,"[0, 0, 2, 1, 2, 2]",0.3014037210138423,0.4297317329977791,0.30140372101384294,0.003183325127377583,"{""degradation"": 0.2989003448321206, ""nominal"": 0.29516997024138614, ""surge"": 0.3101408479680202}","{""degradation"": 0.4297317329977791, ""nominal"": 0.20874569128810017, ""surge"": 0.3194549816022346}"
"[1, 0, 0, 1, 0, 0, 0, 0, 1, 0, 1, 0, 0, 0, 1, 0, 1, 0]",100100001010001010,"[""10100010100001001""]",1,0.000244140625,True,False,"[0, 0, 2, 1, 2, 1]",0.23759745508818209,0.2025445030982081,0.2375974550881823,0.0008824233658653113,"{""degradation"": 0.251260342836457, ""nominal"": 0.22498704370526001, ""surge"": 0.23654497872282926}","{""degradation"": 0.2025445030982081, ""nominal"": 0.0665003203764073, ""surge"": 0.11105417819022553}"
"[1, 0, 0, 1, 0, 0, 0, 0, 1, 0, 1, 0, 0, 1, 0, 0, 0, 0]",100100001010010000,"[""10010100001001""]",1,0.000244140625,False,False,,,,1.0118937908743082,0.02880412944122908,{},{}
"[1, 0, 0, 1, 0, 0, 0, 0, 1, 0, 1, 0, 0, 1, 0, 0, 1, 1]",100100001010010011,"[""110010010100001001""]",1,0.000244140625,False,False,,,,1.517414149645536,0.0470335723823377,{},{}
"[1, 0, 0, 1, 0, 0, 0, 0, 1, 0, 1, 1, 0, 0, 0, 0, 0, 1]",100100001011000001,"[""100000110100001001""]",1,0.000244140625,False,False,,,,2.29062389882667,0.07491609533050869,{},{}
"[1, 0, 0, 1, 0, 0, 0, 0, 1, 0, 1, 1, 0, 0, 1, 0, 1, 0]",100100001011001010,"[""10100110100001001""]",1,0.000244140625,False,False,,,,1.461986821976371,0.04503482141298172,{},{}
"[1, 0, 0, 1, 0, 0, 0, 0, 1, 0, 1, 1, 0, 0, 1, 1, 1, 1]",100100001011001111,"[""111100110100001001""]",1,0.000244140625,False,False,,,,5.98662709923489,0.2081967402797409,{},{}
"[1, 0, 0, 1, 0, 0, 0, 0, 1, 0, 1, 1, 0, 1, 0, 0, 0, 1]",100100001011010001,"[""100010110100001001""]",1,0.000244140625,False,False,,,,1.4665413575292927,0.045199061377890454,{},{}
"[1, 0, 0, 1, 0, 0, 0, 0, 1, 0, 1, 1, 0, 1, 0, 1, 0, 0]",100100001011010100,"[""1010110100001001""]",1,0.000244140625,False,False,,,,1.4358950391442526,0.044093932172583894,{},{}
"[1, 0, 0, 1, 0, 0, 0, 0, 1, 0, 1, 1, 1, 0, 1, 0, 0, 0]",100100001011101000,"[""101110100001001""]",1,0.000244140625,False,False,,,,3.495364077810091,0.11835992893796583,{},{}
"[1, 0, 0, 1, 0, 0, 0, 0, 1, 1, 0, 0, 0, 0, 1, 0, 0, 1]",100100001100001001,"[""100100001100001001""]",1,0.000244140625,True,False,"[0, 0, 2, 0, 2, 2]",0.3572834183775442,0.6869623495708476,0.35728341837754446,0.005198388886894745,"{""degradation"": 0.352840291598952, ""nominal"": 0.35334320479599246, ""surge"": 0.36566675873768806}","{""degradation"": 0.6869623495708476, ""nominal"": 0.3266500554227798, ""surge"": 0.47668723571190996}"
"[1, 0, 0, 1, 0, 0, 0, 0, 1, 1, 0, 0, 0, 1, 0, 1, 0, 0]",100100001100010100,"[""1010001100001001""]",1,0.000244140625,True,False,"[0, 0, 2, 0, 1, 0]",0.3170562507212535,0.6927470549327062,0.31705625072125393,0.0037477670776065054,"{""degradation"": 0.3540533147741767, ""nominal"": 0.2858862442129351, ""surge"": 0.31122919317664866}","{""degradation"": 0.6927470549327062, ""nominal"": 0.18992961852601892, ""surge"": 0.32253683956782414}"
"[1, 0, 0, 1, 0, 0, 0, 0, 1, 1, 0, 0, 0, 1, 0, 1, 0, 1]",100100001100010101,"[""101010001100001001""]",1,0.000244140625,False,False,,,,1.602597064885531,0.05010533213638455,{},{}
"[1, 0, 0, 1, 0, 0, 0, 0, 1, 1, 0, 1, 1, 0, 1, 0, 1, 0]",100100001101101010,"[""10101101100001001""]",1,0.000244140625,False,False,,,,2.751571557431423,0.09153821330375463,{},{}
"[1, 0, 0, 1, 0, 0, 0, 0, 1, 1, 1, 0, 0, 0, 0, 0, 1, 1]",100100001110000011,"[""110000011100001001""]",1,0.000244140625,False,False,,,,3.5229623927974263,0.11935514485677723,{},{}
"[1, 0, 0, 1, 0, 0, 0, 0, 1, 1, 1, 0, 1, 0, 0, 0, 0, 0]",100100001110100000,"[""1011100001001""]",1,0.000244140625,False,False,,,,2.3108171955941947,0.0756442807434785,{},{}
"[1, 0, 0, 1, 0, 0, 0, 0, 1, 1, 1, 0, 1, 1, 0, 0, 0, 1]",100100001110110001,"[""100011011100001001""]",1,0.000244140625,False,False,,,,2.7564804357760995,0.09171523113525529,{},{}
"[1, 0, 0, 1, 0, 0, 0, 0, 1, 1, 1, 0, 1, 1, 0, 0, 1, 0]",100100001110110010,"[""10011011100001001""]",1,0.000244140625,False,False,,,,2.706714198903768,0.08992062334208346,{},{}
"[1, 0, 0, 1, 0, 0, 0, 0, 1, 1, 1, 0, 1, 1, 0, 1, 0, 0]",100100001110110100,"[""1011011100001001""]",1,0.000244140625,False,False,,,,2.7979733233032116,0.09321149575153286,{},{}
"[1, 0, 0, 1, 0, 0, 0, 0, 1, 1, 1, 1, 0, 0, 1, 1, 1, 0]",100100001111001110,"[""11100111100001001""]",1,0.000244140625,False,False,,,,5.960302926133272,0.20724747087208686,{},{}
"[1, 0, 0, 1, 0, 0, 0, 0, 1, 1, 1, 1, 0, 1, 0, 0, 1, 1]",100100001111010011,"[""110010111100001001""]",1,0.000244140625,False,False,,,,5.92941173109907,0.20613351123131704,{},{}
"[1, 0, 0, 1, 0, 0, 0, 1, 0, 0, 0, 0, 0, 1, 0, 0, 0, 1]",100100010000010001,"[""100010000010001001""]",1,0.000244140625,False,False,,,,1.042666829663761,0.02991382827927473,{},{}
"[1, 0, 0, 1, 0, 0, 0, 1, 0, 0, 0, 0, 0, 1, 1, 0, 1, 0]",100100010000011010,"[""10110000010001001""]",1,0.000244140625,False,False,,,,2.2471762653830267,0.07334934111172257,{},{}
"[1, 0, 0, 1, 0, 0, 0, 1, 0, 0, 0, 0, 1, 0, 1, 1, 0, 1]",100100010000101101,"[""101101000010001001""]",1,0.000244140625,False,False,,,,3.5833187347910327,0.12153163977615278,{},{}
"[1, 0, 0, 1, 0, 0, 0, 1, 0, 0, 0, 1, 1, 0, 0, 1, 1, 0]",100100010001100110,"[""11001100010001001""]",1,0.000244140625,False,False,,,,1.5091617916647646,0.046735986169774986,{},{}
"[1, 0, 0, 1, 0, 0, 0, 1, 0, 0, 1, 0, 0, 1, 0, 1, 0, 0]",100100010010010100,"[""1010010010001001""]",1,0.000244140625,True,False,"[0, 0, 1, 1, 1, 0]",0.2526745479208964,0.18660480383627936,0.25267454792089744,0.001426114631198029,"{""degradation"": 0.23792557721478064, ""nominal"": 0.25687270139947227, ""surge"": 0.2632253651484362}","{""degradation"": 0.13895322820228267, ""nominal"": 0.1311255423403537, ""surge"": 0.18660480383627936}"
"[1, 0, 0, 1, 0, 0, 0, 1, 0, 0, 1, 0, 1, 1, 0, 0, 1, 0]",100100010010110010,"[""10011010010001001""]",1,0.000244140625,False,False,,,,1.4894734795139883,0.04602601088048751,{},{}
"[1, 0, 0, 1, 0, 0, 0, 1, 0, 0, 1, 1, 0, 1, 0, 0, 1, 0]",100100010011010010,"[""10010110010001001""]",1,0.000244140625,False,False,,,,1.4601921952521777,0.04497010582853169,{},{}
"[1, 0, 0, 1, 0, 0, 0, 1, 0, 0, 1, 1, 1, 0, 0, 1, 0, 0]",100100010011100100,"[""1001110010001001""]",1,0.000244140625,False,False,,,,1.496375920421098,0.04627491807183462,{},{}
"[1, 0, 0, 1, 0, 0, 0, 1, 0, 1, 0, 0, 0, 0, 1, 1, 1, 0]",100100010100001110,"[""11100001010001001""]",1,0.000244140625,False,False,,,,1.5185004609295998,0.047072745581251504,{},{}
"[1, 0, 0, 1, 0, 0, 0, 1, 0, 1, 0, 0, 0, 1, 0, 0, 0, 0]",100100010100010000,"[""10001010001001""]",1,0.000244140625,False,False,,,,1.0136789724941582,0.02886850442813895,{},{}
"[1, 0, 0, 1, 0, 0, 0, 1, 0, 1, 0, 0, 0, 1, 0, 1, 0, 0]",100100010100010100,"[""1010001010001001""]",1,0.000244140625,True,False,"[0, 0, 1, 0, 1, 0]",0.2927967967157248,0.523660296110184,0.29279679671572556,0.002872952987722617,"{""degradation"": 0.3185966848777423, ""nominal"": 0.2770712524097747, ""surge"": 0.28272245285965747}","{""degradation"": 0.523660296110184, ""nominal"": 0.17206356704441456, ""surge"": 0.24181454298177396}"
"[1, 0, 0, 1, 0, 0, 0, 1, 0, 1, 0, 0, 0, 1, 1, 0, 0, 1]",100100010100011001,"[""100110001010001001""]",1,0.000244140625,False,False,,,,1.4668853862268048,0.04521146731051529,{},{}
"[1, 0, 0, 1, 0, 0, 0, 1, 0, 1, 0, 0, 1, 0, 0, 1, 0, 1]",100100010100100101,"[""101001001010001001""]",1,0.000244140625,False,False,,,,1.6459433949833175,0.051668433280608994,{},{}
"[1, 0, 0, 1, 0, 0, 0, 1, 0, 1, 1, 0, 0, 1, 0, 1, 0, 0]",100100010110010100,"[""1010011010001001""]",1,0.000244140625,False,False,,,,1.4960961562985613,0.04626482956793905,{},{}
"[1, 0, 0, 1, 0, 0, 0, 1, 0, 1, 1, 0, 0, 1, 0, 1, 0, 1]",100100010110010101,"[""101010011010001001""]",1,0.000244140625,False,False,,,,2.744282293403498,0.09127535698081103,{},{}
"[1, 0, 0, 1, 0, 0, 0, 1, 1, 0, 0, 1, 0, 1, 0, 1, 1, 0]",100100011001010110,"[""11010100110001001""]",1,0.000244140625,False,False,,,,2.702172855668511,0.0897568591020352,{},{}
"[1, 0, 0, 1, 0, 0, 0, 1, 1, 0, 1, 0, 0, 0, 1, 1, 0, 0]",100100011010001100,"[""1100010110001001""]",1,0.000244140625,False,False,,,,1.515544785558851,0.04696616171259294,{},{}
"[1, 0, 0, 1, 0, 0, 0, 1, 1, 0, 1, 1, 1, 0, 0, 1, 0, 0]",100100011011100100,"[""1001110110001001""]",1,0.000244140625,False,False,,,,2.7589663939365163,0.09180487664933401,{},{}
"[1, 0, 0, 1, 0, 0, 0, 1, 1, 0, 1, 1, 1, 1, 0, 1, 0, 1]",100100011011110101,"[""101011110110001001""]",1,0.000244140625,False,False,,,,5.239909051341131,0.181269527931137,{},{}
"[1, 0, 0, 1, 0, 0, 0, 1, 1, 1, 0, 0, 0, 0, 0, 1, 1, 0]",100100011100000110,"[""11000001110001001""]",1,0.000244140625,False,False,,,,3.549495802945141,0.120311959509102,{},{}
"[1, 0, 0, 1, 0, 0, 0, 1, 1, 1, 0, 0, 0, 0, 0, 1, 1, 1]",100100011100000111,"[""111000001110001001""]",1,0.000244140625,False,False,,,,6.8350366171094175,0.2387910232367727,{},{}
"[1, 0, 0, 1, 0, 0, 0, 1, 1, 1, 0, 0, 0, 1, 1, 0, 0, 1]",100100011100011001,"[""100110001110001001""]",1,0.000244140625,False,False,,,,2.7481531982718934,0.09141494471096771,{},{}
"[1, 0, 0, 1, 0, 0, 0, 1, 1, 1, 0, 1, 0, 1, 1, 0, 0, 1]",100100011101011001,"[""100110101110001001""]",1,0.000244140625,False,False,,,,3.9646450488175846,0.13528255240089263,{},{}
"[1, 0, 0, 1, 0, 0, 0, 1, 1, 1, 0, 1, 1, 0, 0, 0, 1, 0]",100100011101100010,"[""10001101110001001""]",1,0.000244140625,False,False,,,,2.7267173800714453,0.0906419530440626,{},{}
"[1, 0, 0, 1, 0, 0, 0, 1, 1, 1, 1, 0, 0, 0, 1, 0, 0, 1]",100100011110001001,"[""100100011110001001""]",1,0.000244140625,False,False,,,,2.7416968348517337,0.09118212340806126,{},{}
"[1, 0, 0, 1, 0, 0, 0, 1, 1, 1, 1, 0, 1, 1, 0, 1, 0, 1]",100100011110110101,"[""101011011110001001""]",1,0.000244140625,False,False,,,,5.338447235670419,0.18482288869610689,{},{}
"[1, 0, 0, 1, 0, 0, 1, 0, 0, 0, 0, 0, 0, 0, 0, 0, 1, 0]",100100100000000010,"[""10000000001001001""]",1,0.000244140625,False,False,,,,1.8644165937384307,0.059546740537211804,{},{}
"[1, 0, 0, 1, 0, 0, 1, 0, 0, 0, 0, 0, 0, 0, 1, 0, 1, 0]",100100100000001010,"[""10100000001001001""]",1,0.000244140625,False,False,,,,1.0600982011013058,0.030542416595239662,{},{}
"[1, 0, 0, 1, 0, 0, 1, 0, 0, 0, 0, 0, 0, 0, 1, 1, 0, 1]",100100100000001101,"[""101100000001001001""]",1,0.000244140625,False,False,,,,2.4074033948320626,0.07912725146336212,{},{}
"[1, 0, 0, 1, 0, 0, 1, 0, 0, 0, 0, 0, 1, 0, 0, 0, 1, 1]",100100100000100011,"[""110001000001001001""]",1,0.000244140625,False,False,,,,2.364351000550095,0.07757474986491235,{},{}
"[1, 0, 0, 1, 0, 0, 1, 0, 0, 0, 0, 0, 1, 0, 1, 0, 0, 1]",100100100000101001,"[""100101000001001001""]",1,0.000244140625,False,False,,,,2.391825670440168,0.07856550704886493,{},{}
"[1, 0, 0, 1, 0, 0, 1, 0, 0, 0, 0, 0, 1, 1, 1, 0, 1, 1]",100100100000111011,"[""110111000001001001""]",1,0.000244140625,False,False,,,,6.7596426156430836,0.23607225904857435,{},{}
"[1, 0, 0, 1, 0, 0, 1, 0, 0, 0, 0, 1, 1, 0, 0, 0, 0, 1]",100100100001100001,"[""100001100001001001""]",1,0.000244140625,True,False,"[0, 0, 0, 2, 0, 2]",0.37458948483283483,0.8945698531437528,0.3745894848328355,0.005822458611304265,"{""degradation"": 0.3963745249662942, ""nominal"": 0.348017903243641, ""surge"": 0.37937602628856926}","{""degradation"": 0.8945698531437528, ""nominal"": 0.3158568392957645, ""surge"": 0.515507653231206}"
"[1, 0, 0, 1, 0, 0, 1, 0, 0, 0, 1, 0, 1, 0, 0, 0, 1, 1]",100100100010100011,"[""110001010001001001""]",1,0.000244140625,False,False,,,,1.5402684592527178,0.04785771591229412,{},{}
"[1, 0, 0, 1, 0, 0, 1, 0, 0, 0, 1, 0, 1, 1, 0, 0, 1, 1]",100100100010110011,"[""110011010001001001""]",1,0.000244140625,False,False,,,,2.7460209796936637,0.09133805531129192,{},{}
"[1, 0, 0, 1, 0, 0, 1, 0, 0, 0, 1, 1, 0, 0, 1, 0, 0, 1]",100100100011001001,"[""100100110001001001""]",1,0.000244140625,False,False,,,,1.4882977684807739,0.04598361385962902,{},{}
"[1, 0, 0, 1, 0, 0, 1, 0, 0, 1, 0, 0, 0, 1, 0, 0, 1, 1]",100100100100010011,"[""110010001001001001""]",1,0.000244140625,False,False,,,,1.537386153408042,0.04775377780372405,{},{}
"[1, 0, 0, 1, 0, 0, 1, 0, 0, 1, 0, 0, 0, 1, 1, 0, 0, 1]",100100100100011001,"[""100110001001001001""]",1,0.000244140625,False,False,,,,1.5350257615597918,0.047668660304953224,{},{}
"[1, 0, 0, 1, 0, 0, 1, 0, 0, 1, 1, 0, 0, 0, 1, 0, 0, 1]",100100100110001001,"[""100100011001001001""]",1,0.000244140625,False,False,,,,1.5192307288747973,0.047099079590570254,{},{}
"[1, 0, 0, 1, 0, 0, 1, 0, 0, 1, 1, 1, 0, 1, 1, 0, 1, 0]",100100100111011010,"[""10110111001001001""]",1,0.000244140625,False,False,,,,5.932259696602447,0.20623621100144746,{},{}
"[1, 0, 0, 1, 0, 0, 1, 0, 1, 0, 0, 0, 0, 0, 1, 1, 0, 1]",100100101000001101,"[""101100000101001001""]",1,0.000244140625,False,False,,,,3.6886712068771503,0.12533072886381452,{},{}
"[1, 0, 0, 1, 0, 0, 1, 0, 1, 0, 0, 1, 0, 0, 0, 0, 1, 1]",100100101001000011,"[""110000100101001001""]",1,0.000244140625,False,False,,,,3.572315964643998,0.12113487163989604,{},{}
"[1, 0, 0, 1, 0, 0, 1, 0, 1, 0, 1, 0, 1, 1, 1, 1, 0, 1]",100100101010111101,"[""101111010101001001""]",1,0.000244140625,False,False,,,,7.352705097277784,0.25745853653846795,{},{}
"[1, 0, 0, 1, 0, 0, 1, 0, 1, 1, 0, 0, 0, 0, 0, 1, 0, 1]",100100101100000101,"[""101000001101001001""]",1,0.000244140625,False,False,,,,3.7818739245036532,0.12869168870143302,{},{}
"[1, 0, 0, 1, 0, 0, 1, 0, 1, 1, 0, 0, 1, 0, 0, 1, 1, 1]",100100101100100111,"[""111001001101001001""]",1,0.000244140625,False,False,,,,6.306999555887662,0.2197496111327573,{},{}
"[1, 0, 0, 1, 0, 0, 1, 0, 1, 1, 0, 1, 0, 0, 0, 0, 1, 1]",100100101101000011,"[""110000101101001001""]",1,0.000244140625,False,False,,,,4.836976961191045,0.16673949482943018,{},{}
"[1, 0, 0, 1, 0, 0, 1, 1, 0, 0, 1, 1, 0, 1, 1, 1, 1, 1]",100100110011011111,"[""111110110011001001""]",1,0.000244140625,False,False,,,,8.48551549706375,0.2983085284086036,{},{}
"[1, 0, 0, 1, 0, 0, 1, 1, 0, 0, 1, 1, 1, 0, 1, 1, 1, 0]",100100110011101110,"[""11101110011001001""]",1,0.000244140625,False,False,,,,5.3117566021567,0.18386040445139112,{},{}
"[1, 0, 0, 1, 0, 0, 1, 1, 0, 1, 1, 0, 1, 1, 0, 0, 0, 1]",100100110110110001,"[""100011011011001001""]",1,0.000244140625,False,False,,,,4.042563426945682,0.13809234750311655,{},{}
"[1, 0, 0, 1, 0, 0, 1, 1, 0, 1, 1, 1, 1, 0, 0, 0, 0, 0]",100100110111100000,"[""1111011001001""]",1,0.000244140625,False,False,,,,6.8011134173834416,0.2375677272348319,{},{}
"[1, 0, 0, 1, 0, 0, 1, 1, 1, 0, 0, 0, 1, 1, 0, 1, 0, 0]",100100111000110100,"[""1011000111001001""]",1,0.000244140625,False,False,,,,6.897982712420897,0.24106090660138213,{},{}
"[1, 0, 0, 1, 0, 0, 1, 1, 1, 0, 1, 0, 0, 1, 0, 0, 1, 1]",100100111010010011,"[""110010010111001001""]",1,0.000244140625,False,False,,,,6.049958004772671,0.21048050018946232,{},{}
"[1, 0, 0, 1, 0, 0, 1, 1, 1, 0, 1, 0, 1, 0, 1, 1, 1, 0]",100100111010101110,"[""11101010111001001""]",1,0.000244140625,False,False,,,,7.352119438167438,0.25743741723209435,{},{}
"[1, 0, 0, 1, 0, 0, 1, 1, 1, 0, 1, 0, 1, 0, 1, 1, 1, 1]",100100111010101111,"[""111101010111001001""]",1,0.000244140625,False,False,,,,10.629762735989218,0.37563169060257356,{},{}
"[1, 0, 0, 1, 0, 0, 1, 1, 1, 0, 1, 1, 0, 0, 1, 1, 0, 0]",100100111011001100,"[""1100110111001001""]",1,0.000244140625,False,False,,,,6.029169361682584,0.20973084614198742,{},{}
"[1, 0, 0, 1, 0, 0, 1, 1, 1, 1, 0, 0, 1, 1, 1, 0, 1, 0]",100100111100111010,"[""10111001111001001""]",1,0.000244140625,False,False,,,,9.308525705981037,0.3279868932520602,{},{}
"[1, 0, 0, 1, 0, 0, 1, 1, 1, 1, 0, 1, 0, 0, 1, 0, 0, 0]",100100111101001000,"[""100101111001001""]",1,0.000244140625,False,False,,,,6.804213815309173,0.23767952990726876,{},{}
"[1, 0, 0, 1, 0, 1, 0, 0, 0, 0, 0, 1, 0, 0, 0, 1, 1, 0]",100101000001000110,"[""11000100000101001""]",1,0.000244140625,False,False,,,,4.299338306557464,0.1473518420721797,{},{}
"[1, 0, 0, 1, 0, 1, 0, 0, 0, 0, 0, 1, 0, 1, 1, 1, 1, 0]",100101000001011110,"[""11110100000101001""]",1,0.000244140625,False,False,,,,4.727661139942781,0.16279748440110742,{},{}
"[1, 0, 0, 1, 0, 1, 0, 0, 0, 0, 0, 1, 1, 0, 0, 0, 0, 0]",100101000001100000,"[""1100000101001""]",1,0.000244140625,False,False,,,,3.0875376368982623,0.10365340188028499,{},{}
"[1, 0, 0, 1, 0, 1, 0, 0, 0, 0, 0, 1, 1, 0, 0, 0, 0, 1]",100101000001100001,"[""100001100000101001""]",1,0.000244140625,False,False,,,,2.3680632405647177,0.07770861602154895,{},{}
"[1, 0, 0, 1, 0, 1, 0, 0, 0, 0, 1, 0, 0, 1, 1, 0, 0, 0]",100101000010011000,"[""110010000101001""]",1,0.000244140625,False,False,,,,4.21547291457968,0.1443275931942337,{},{}
"[1, 0, 0, 1, 0, 1, 0, 0, 0, 0, 1, 0, 1, 0, 1, 0, 0, 1]",100101000010101001,"[""100101010000101001""]",1,0.000244140625,False,False,,,,3.540720492401185,0.1199955152352445,{},{}
"[1, 0, 0, 1, 0, 1, 0, 0, 0, 0, 1, 0, 1, 1, 0, 1, 1, 1]",100101000010110111,"[""111011010000101001""]",1,0.000244140625,False,False,,,,8.063864753048952,0.2831034866220032,{},{}
"[1, 0, 0, 1, 0, 1, 0, 0, 0, 0, 1, 1, 1, 1, 1, 1, 0, 1]",100101000011111101,"[""101111110000101001""]",1,0.000244140625,False,False,,,,9.254617513428228,0.3260429234333403,{},{}
"[1, 0, 0, 1, 0, 1, 0, 0, 0, 1, 0, 0, 0, 1, 0, 1, 1, 0]",100101000100010110,"[""11010001000101001""]",1,0.000244140625,False,False,,,,3.5524529269917204,0.12041859561809658,{},{}
"[1, 0, 0, 1, 0, 1, 0, 0, 0, 1, 0, 0, 1, 0, 0, 0, 1, 1]",100101000100100011,"[""110001001000101001""]",1,0.000244140625,False,False,,,,3.629262372454148,0.12318840177743501,{},{}
"[1, 0, 0, 1, 0, 1, 0, 0, 0, 1, 1, 0, 0, 1, 0, 1, 0, 1]",100101000110010101,"[""101010011000101001""]",1,0.000244140625,False,False,,,,4.817310353569832,0.16603030222174273,{},{}
"[1, 0, 0, 1, 0, 1, 0, 0, 0, 1, 1, 0, 0, 1, 1, 0, 0, 1]",100101000110011001,"[""100110011000101001""]",1,0.000244140625,False,False,,,,4.724535467446305,0.1626847703087104,{},{}
"[1, 0, 0, 1, 0, 1, 0, 0, 1, 0, 0, 0, 0, 1, 0, 1, 1, 0]",100101001000010110,"[""11010000100101001""]",1,0.000244140625,False,False,,,,3.578106980279994,0.12134370000313754,{},{}
"[1, 0, 0, 1, 0, 1, 0, 0, 1, 0, 0, 0, 1, 1, 1, 0, 1, 1]",100101001000111011,"[""110111000100101001""]",1,0.000244140625,False,False,,,,8.106240056424422,0.28463157181499715,{},{}
"[1, 0, 0, 1, 0, 1, 0, 0, 1, 0, 0, 1, 0, 0, 0, 1, 0, 0]",100101001001000100,"[""1000100100101001""]",1,0.000244140625,False,False,,,,2.392309514408104,0.07858295482490966,{},{}
"[1, 0, 0, 1, 0, 1, 0, 0, 1, 0, 0, 1, 0, 1, 1, 0, 0, 0]",100101001001011000,"[""110100100101001""]",1,0.000244140625,False,False,,,,3.534461637353523,0.11976981623225012,{},{}
"[1, 0, 0, 1, 0, 1, 0, 0, 1, 0, 1, 0, 1, 0, 0, 0, 0, 0]",100101001010100000,"[""1010100101001""]",1,0.000244140625,False,False,,,,2.353707434489801,0.07719093489718747,{},{}
"[1, 0, 0, 1, 0, 1, 0, 0, 1, 0, 1, 0, 1, 0, 1, 0, 0, 1]",100101001010101001,"[""100101010100101001""]",1,0.000244140625,False,False,,,,2.8751668389209692,0.09599515176846948,{},{}
"[1, 0, 0, 1, 0, 1, 0, 0, 1, 1, 0, 0, 1, 1, 1, 1, 0, 1]",100101001100111101,"[""101111001100101001""]",1,0.000244140625,False,False,,,,7.487992036547185,0.2623370849436863,{},{}
"[1, 0, 0, 1, 0, 1, 0, 0, 1, 1, 0, 1, 0, 0, 1, 0, 1, 1]",100101001101001011,"[""110100101100101001""]",1,0.000244140625,False,False,,,,4.110900924130488,0.14055664885924127,{},{}
"[1, 0, 0, 1, 0, 1, 0, 1, 0, 0, 0, 0, 1, 1, 0, 0, 0, 1]",100101010000110001,"[""100011000010101001""]",1,0.000244140625,False,False,,,,3.5625308366350223,0.1207820125915589,{},{}
"[1, 0, 0, 1, 0, 1, 0, 1, 0, 0, 0, 1, 0, 1, 0, 0, 0, 1]",100101010001010001,"[""100010100010101001""]",1,0.000244140625,False,False,,,,1.5174545196882177,0.047035028156327464,{},{}
"[1, 0, 0, 1, 0, 1, 0, 1, 0, 0, 0, 1, 0, 1, 1, 1, 0, 1]",100101010001011101,"[""101110100010101001""]",1,0.000244140625,False,False,,,,4.026195543072487,0.13750210934562995,{},{}
"[1, 0, 0, 1, 0, 1, 0, 1, 0, 0, 0, 1, 1, 0, 0, 1, 0, 1]",100101010001100101,"[""101001100010101001""]",1,0.000244140625,False,False,,,,2.837291115502784,0.09462932480042548,{},{}
"[1, 0, 0, 1, 0, 1, 0, 1, 0, 0, 0, 1, 1, 0, 1, 1, 1, 1]",100101010001101111,"[""111101100010101001""]",1,0.000244140625,False,False,,,,7.308977877565985,0.25588170022934853,{},{}
"[1, 0, 0, 1, 0, 1, 0, 1, 0, 0, 0, 1, 1, 1, 0, 1, 0, 1]",100101010001110101,"[""101011100010101001""]",1,0.000244140625,False,False,,,,4.035889115297127,0.13785166682377803,{},{}
"[1, 0, 0, 1, 0, 1, 0, 1, 0, 0, 1, 0, 1, 0, 0, 0, 0, 1]",100101010010100001,"[""100001010010101001""]",1,0.000244140625,False,False,,,,1.5452946510276897,0.048038964153998234,{},{}
"[1, 0, 0, 1, 0, 1, 0, 1, 0, 0, 1, 0, 1, 0, 1, 0, 0, 1]",100101010010101001,"[""100101010010101001""]",1,0.000244140625,False,False,,,,2.7582124439978974,0.09177768864958676,{},{}
"[1, 0, 0, 1, 0, 1, 0, 1, 0, 1, 0, 0, 1, 0, 1, 1, 0, 1]",100101010100101101,"[""101101001010101001""]",1,0.000244140625,False,False,,,,4.173880794752109,0.1428277501868434,{},{}
"[1, 0, 0, 1, 0, 1, 0, 1, 0, 1, 1, 0, 1, 1, 1, 0, 1, 1]",100101010110111011,"[""110111011010101001""]",1,0.000244140625,False,False,,,,8.510459777687718,0.2992080378595126,{},{}
"[1, 0, 0, 1, 0, 1, 0, 1, 0, 1, 1, 0, 1, 1, 1, 1, 0, 0]",100101010110111100,"[""1111011010101001""]",1,0.000244140625,False,False,,,,7.279457517777837,0.25481717393476544,{},{}
"[1, 0, 0, 1, 0, 1, 0, 1, 1, 0, 0, 0, 0, 1, 0, 0, 0, 0]",100101011000010000,"[""10000110101001""]",1,0.000244140625,False,False,,,,4.341941860425176,0.1488881581489598,{},{}
"[1, 0, 0, 1, 0, 1, 0, 1, 1, 0, 0, 0, 0, 1, 1, 1, 1, 0]",100101011000011110,"[""11110000110101001""]",1,0.000244140625,False,False,,,,6.044516718530794,0.21028428333023702,{},{}
"[1, 0, 0, 1, 0, 1, 0, 1, 1, 0, 1, 0, 0, 0, 0, 0, 1, 0]",100101011010000010,"[""10000010110101001""]",1,0.000244140625,False,False,,,,3.575263276859012,0.121241153926892,{},{}
"[1, 0, 0, 1, 0, 1, 0, 1, 1, 0, 1, 0, 0, 0, 0, 0, 1, 1]",100101011010000011,"[""110000010110101001""]",1,0.000244140625,False,False,,,,4.901041073927305,0.1690496947401462,{},{}
"[1, 0, 0, 1, 0, 1, 0, 1, 1, 1, 0, 0, 0, 1, 0, 0, 1, 1]",100101011100010011,"[""110010001110101001""]",1,0.000244140625,False,False,,,,4.129578023127474,0.14123015904446623,{},{}
"[1, 0, 0, 1, 0, 1, 0, 1, 1, 1, 0, 0, 1, 0, 0, 0, 1, 1]",100101011100100011,"[""110001001110101001""]",1,0.000244140625,False,False,,,,4.164685061424481,0.1424961451523694,{},{}
"[1, 0, 0, 1, 0, 1, 0, 1, 1, 1, 0, 0, 1, 0, 1, 0, 0, 1]",100101011100101001,"[""100101001110101001""]",1,0.000244140625,False,False,,,,4.1662189833566785,0.14255145952666498,{},{}
"[1, 0, 0, 1, 0, 1, 0, 1, 1, 1, 0, 0, 1, 1, 1, 0, 0, 1]",100101011100111001,"[""100111001110101001""]",1,0.000244140625,False,False,,,,7.372714499493517,0.25818009057610164,{},{}
"[1, 0, 0, 1, 0, 1, 0, 1, 1, 1, 0, 1, 1, 1, 0, 1, 1, 0]",100101011101110110,"[""11011101110101001""]",1,0.000244140625,False,False,,,,6.572819449335785,0.2293352756784993,{},{}
"[1, 0, 0, 1, 0, 1, 0, 1, 1, 1, 1, 0, 0, 0, 0, 0, 1, 1]",100101011110000011,"[""110000011110101001""]",1,0.000244140625,False,False,,,,6.121680506784977,0.21306686735616742,{},{}
"[1, 0, 0, 1, 0, 1, 1, 0, 0, 0, 1, 0, 1, 0, 0, 0, 1, 0]",100101100010100010,"[""10001010001101001""]",1,0.000244140625,False,False,,,,1.549628760435017,0.04819525538692392,{},{}
"[1, 0, 0, 1, 0, 1, 1, 0, 0, 0, 1, 0, 1, 0, 1, 0, 0, 0]",100101100010101000,"[""101010001101001""]",1,0.000244140625,False,False,,,,3.5458272156644286,0.12017966750276071,{},{}
"[1, 0, 0, 1, 0, 1, 1, 0, 0, 1, 0, 0, 0, 0, 1, 0, 0, 1]",100101100100001001,"[""100100001001101001""]",1,0.000244140625,False,False,,,,1.6709317531017494,0.05256953219899714,{},{}
"[1, 0, 0, 1, 0, 1, 1, 0, 0, 1, 0, 0, 0, 1, 0, 1, 1, 0]",100101100100010110,"[""11010001001101001""]",1,0.000244140625,False,False,,,,2.874209301268297,0.09596062224319818,{},{}
"[1, 0, 0, 1, 0, 1, 1, 0, 0, 1, 0, 0, 1, 0, 0, 1, 0, 0]",100101100100100100,"[""1001001001101001""]",1,0.000244140625,False,False,,,,1.8510900748670767,0.059066176280691135,{},{}
"[1, 0, 0, 1, 0, 1, 1, 0, 0, 1, 0, 1, 0, 0, 0, 1, 0, 0]",100101100101000100,"[""1000101001101001""]",1,0.000244140625,False,False,,,,3.7056480210037392,0.12594292550253094,{},{}
"[1, 0, 0, 1, 0, 1, 1, 0, 0, 1, 1, 1, 0, 1, 0, 0, 1, 0]",100101100111010010,"[""10010111001101001""]",1,0.000244140625,False,False,,,,5.957519251658996,0.20714708948464133,{},{}
"[1, 0, 0, 1, 0, 1, 1, 0, 1, 0, 0, 0, 0, 1, 1, 0, 1, 1]",100101101000011011,"[""110110000101101001""]",1,0.000244140625,False,False,,,,6.118593294003409,0.2129555401499092,{},{}
"[1, 0, 0, 1, 0, 1, 1, 0, 1, 0, 1, 0, 1, 0, 1, 1, 0, 0]",100101101010101100,"[""1101010101101001""]",1,0.000244140625,False,False,,,,4.186897340948992,0.14329713659644944,{},{}
"[1, 0, 0, 1, 0, 1, 1, 0, 1, 0, 1, 0, 1, 1, 0, 0, 0, 1]",100101101010110001,"[""100011010101101001""]",1,0.000244140625,False,False,,,,4.153976568761096,0.14210998888268533,{},{}
"[1, 0, 0, 1, 0, 1, 1, 0, 1, 1, 0, 0, 0, 0, 1, 1, 0, 1]",100101101100001101,"[""101100001101101001""]",1,0.000244140625,False,False,,,,4.33857673325848,0.14876680914172305,{},{}
"[1, 0, 0, 1, 0, 1, 1, 0, 1, 1, 0, 1, 0, 1, 1, 0, 0, 1]",100101101101011001,"[""100110101101101001""]",1,0.000244140625,False,False,,,,5.39524777846486,0.18687115883187772,{},{}
"[1, 0, 0, 1, 0, 1, 1, 0, 1, 1, 1, 0, 0, 0, 1, 0, 1, 0]",100101101110001010,"[""10100011101101001""]",1,0.000244140625,False,False,,,,4.035225097377007,0.13782772184000702,{},{}
"[1, 0, 0, 1, 0, 1, 1, 1, 0, 0, 0, 0, 1, 0, 1, 1, 1, 0]",100101110000101110,"[""11101000011101001""]",1,0.000244140625,False,False,,,,6.117921764945421,0.21293132430887826,{},{}
"[1, 0, 0, 1, 0, 1, 1, 1, 0, 0, 1, 1, 0, 0, 1, 1, 1, 1]",100101110011001111,"[""111100110011101001""]",1,0.000244140625,False,False,,,,8.543708133513682,0.30040699848473523,{},{}
"[1, 0, 0, 1, 0, 1, 1, 1, 0, 0, 1, 1, 1, 0, 0, 1, 1, 0]",100101110011100110,"[""11001110011101001""]",1,0.000244140625,False,False,,,,5.310441302341085,0.18381297375444056,{},{}
"[1, 0, 0, 1, 0, 1, 1, 1, 0, 1, 0, 1, 1, 0, 0, 1, 0, 0]",100101110101100100,"[""1001101011101001""]",1,0.000244140625,False,False,,,,4.21820439441678,0.14442609240395146,{},{}
"[1, 0, 0, 1, 0, 1, 1, 1, 0, 1, 1, 0, 0, 0, 0, 0, 0, 1]",100101110110000001,"[""100000011011101001""]",1,0.000244140625,False,False,,,,4.829485825035051,0.16646935884627867,{},{}
"[1, 0, 0, 1, 0, 1, 1, 1, 0, 1, 1, 0, 1, 0, 0, 0, 0, 0]",100101110110100000,"[""1011011101001""]",1,0.000244140625,False,False,,,,4.840726852202648,0.1668747187092311,{},{}
"[1, 0, 0, 1, 0, 1, 1, 1, 0, 1, 1, 0, 1, 0, 0, 1, 0, 0]",100101110110100100,"[""1001011011101001""]",1,0.000244140625,False,False,,,,4.205325754163253,0.1439616789860005,{},{}
"[1, 0, 0, 1, 0, 1, 1, 1, 1, 0, 1, 0, 0, 1, 1, 0, 1, 0]",100101111010011010,"[""10110010111101001""]",1,0.000244140625,False,False,,,,7.282324169381543,0.25492054753967586,{},{}
"[1, 0, 0, 1, 0, 1, 1, 1, 1, 1, 0, 0, 1, 1, 1, 0, 0, 1]",100101111100111001,"[""100111001111101001""]",1,0.000244140625,False,False,,,,10.715309941683271,0.3787165869433692,{},{}
"[1, 0, 0, 1, 1, 0, 0, 0, 0, 0, 0, 0, 0, 0, 1, 0, 0, 0]",100110000000001000,"[""100000000011001""]",1,0.000244140625,False,False,,,,3.8245955184196836,0.130232261390807,{},{}
"[1, 0, 0, 1, 1, 0, 0, 0, 0, 0, 0, 0, 0, 1, 0, 0, 0, 1]",100110000000010001,"[""100010000000011001""]",1,0.000244140625,False,False,,,,3.052005498928596,0.10237208635964391,{},{}
"[1, 0, 0, 1, 1, 0, 0, 0, 0, 0, 1, 1, 1, 0, 1, 1, 0, 0]",100110000011101100,"[""1101110000011001""]",1,0.000244140625,False,False,,,,4.748781295103791,0.1635590930222732,{},{}
"[1, 0, 0, 1, 1, 0, 0, 0, 0, 0, 1, 1, 1, 1, 0, 0, 0, 0]",100110000011110000,"[""11110000011001""]",1,0.000244140625,False,False,,,,5.429896125047202,0.18812060417283658,{},{}
"[1, 0, 0, 1, 1, 0, 0, 0, 1, 0, 0, 0, 0, 1, 0, 1, 1, 0]",100110001000010110,"[""11010000100011001""]",1,0.000244140625,False,False,,,,3.5244480103741385,0.1194087173398179,{},{}
"[1, 0, 0, 1, 1, 0, 0, 0, 1, 0, 0, 0, 1, 0, 0, 0, 0, 1]",100110001000100001,"[""100001000100011001""]",1,0.000244140625,False,False,,,,2.363932836840679,0.07755967056820634,{},{}
"[1, 0, 0, 1, 1, 0, 0, 0, 1, 0, 0, 0, 1, 0, 0, 0, 1, 0]",100110001000100010,"[""10001000100011001""]",1,0.000244140625,False,False,,,,2.305570926399407,0.07545509634510422,{},{}
"[1, 0, 0, 1, 1, 0, 0, 0, 1, 0, 1, 0, 0, 1, 1, 1, 1, 0]",100110001010011110,"[""11110010100011001""]",1,0.000244140625,False,False,,,,3.978397741008001,0.13577848478664503,{},{}
"[1, 0, 0, 1, 1, 0, 0, 0, 1, 0, 1, 1, 1, 0, 1, 1, 0, 0]",100110001011101100,"[""1101110100011001""]",1,0.000244140625,False,False,,,,3.999871369970868,0.13655283993797587,{},{}
"[1, 0, 0, 1, 1, 0, 0, 0, 1, 1, 0, 0, 1, 0, 1, 1, 1, 0]",100110001100101110,"[""11101001100011001""]",1,0.000244140625,False,False,,,,4.071707843831336,0.13914331701492874,{},{}
"[1, 0, 0, 1, 1, 0, 0, 0, 1, 1, 1, 0, 0, 0, 0, 1, 0, 1]",100110001110000101,"[""101000011100011001""]",1,0.000244140625,False,False,,,,4.821530169404581,0.16618247194279712,{},{}
"[1, 0, 0, 1, 1, 0, 0, 0, 1, 1, 1, 0, 1, 0, 0, 1, 0, 0]",100110001110100100,"[""1001011100011001""]",1,0.000244140625,False,False,,,,2.8381066632749645,0.09465873406420836,{},{}
"[1, 0, 0, 1, 1, 0, 0, 0, 1, 1, 1, 1, 1, 0, 0, 0, 0, 0]",100110001111100000,"[""1111100011001""]",1,0.000244140625,False,False,,,,6.721108448709106,0.23468268811395648,{},{}
"[1, 0, 0, 1, 1, 0, 0, 0, 1, 1, 1, 1, 1, 0, 1, 1, 0, 1]",100110001111101101,"[""101101111100011001""]",1,0.000244140625,False,False,,,,8.570293306562473,0.30136567974606054,{},{}
"[1, 0, 0, 1, 1, 0, 0, 1, 0, 0, 0, 0, 0, 0, 1, 0, 0, 0]",100110010000001000,"[""100000010011001""]",1,0.000244140625,False,False,,,,3.038753604594635,0.10189421311986037,{},{}
"[1, 0, 0, 1, 1, 0, 0, 1, 0, 0, 0, 0, 0, 1, 0, 0, 0, 1]",100110010000010001,"[""100010000010011001""]",1,0.000244140625,False,False,,,,2.292104333061423,0.07496948089835424,{},{}
"[1, 0, 0, 1, 1, 0, 0, 1, 0, 0, 0, 1, 1, 0, 1, 0, 1, 1]",100110010001101011,"[""110101100010011001""]",1,0.000244140625,False,False,,,,3.9750577721306684,0.13565804300617468,{},{}
"[1, 0, 0, 1, 1, 0, 0, 1, 0, 0, 0, 1, 1, 1, 1, 1, 0, 1]",100110010001111101,"[""101111100010011001""]",1,0.000244140625,False,False,,,,7.247846088528728,0.2536772421085097,{},{}
"[1, 0, 0, 1, 1, 0, 0, 1, 0, 0, 1, 0, 0, 0, 0, 0, 0, 1]",100110010010000001,"[""100000010010011001""]",1,0.000244140625,False,False,,,,2.284206816718926,0.07468469054116278,{},{}
"[1, 0, 0, 1, 1, 0, 0, 1, 0, 0, 1, 0, 0, 0, 1, 0, 1, 0]",100110010010001010,"[""10100010010011001""]",1,0.000244140625,False,False,,,,1.523995669660902,0.04727090692585146,{},{}
"[1, 0, 0, 1, 1, 0, 0, 1, 0, 0, 1, 1, 0, 0, 0, 0, 1, 1]",100110010011000011,"[""110000110010011001""]",1,0.000244140625,False,False,,,,4.762843137501004,0.16406617359613956,{},{}
"[1, 0, 0, 1, 1, 0, 0, 1, 0, 0, 1, 1, 1, 0, 0, 0, 0, 1]",100110010011100001,"[""100001110010011001""]",1,0.000244140625,False,False,,,,2.7005278569394724,0.08969753921521184,{},{}
"[1, 0, 0, 1, 1, 0, 0, 1, 0, 1, 0, 0, 1, 0, 1, 1, 1, 0]",100110010100101110,"[""11101001010011001""]",1,0.000244140625,False,False,,,,4.070055272361922,0.13908372404941294,{},{}
"[1, 0, 0, 1, 1, 0, 0, 1, 0, 1, 1, 1, 0, 0, 0, 1, 0, 0]",100110010111000100,"[""1000111010011001""]",1,0.000244140625,False,False,,,,6.735033601631588,0.23518483956293793,{},{}
"[1, 0, 0, 1, 1, 0, 0, 1, 1, 0, 0, 1, 0, 0, 1, 0, 1, 1]",100110011001001011,"[""110100100110011001""]",1,0.000244140625,False,False,,,,4.02634748205325,0.13750758837912938,{},{}
"[1, 0, 0, 1, 1, 0, 0, 1, 1, 0, 1, 0, 0, 0, 0, 0, 0, 0]",100110011010000000,"[""10110011001""]",1,0.000244140625,False,False,,,,4.303626363627229,0.14750647262330427,{},{}
"[1, 0, 0, 1, 1, 0, 0, 1, 1, 0, 1, 0, 1, 1, 0, 1, 0, 0]",100110011010110100,"[""1011010110011001""]",1,0.000244140625,False,False,,,,4.052742219699187,0.13845940239712798,{},{}
"[1, 0, 0, 1, 1, 0, 0, 1, 1, 0, 1, 1, 0, 0, 0, 0, 1, 0]",100110011011000010,"[""10000110110011001""]",1,0.000244140625,False,False,,,,4.77436516806681,0.16448166665219693,{},{}
"[1, 0, 0, 1, 1, 0, 0, 1, 1, 1, 0, 1, 0, 0, 0, 1, 1, 0]",100110011101000110,"[""11000101110011001""]",1,0.000244140625,False,False,,,,6.001071277125837,0.2087176081580085,{},{}
"[1, 0, 0, 1, 1, 0, 1, 0, 0, 0, 0, 1, 0, 1, 0, 1, 0, 0]",100110100001010100,"[""1010100001011001""]",1,0.000244140625,False,False,,,,1.5213504533658,0.04717551844409839,{},{}
"[1, 0, 0, 1, 1, 0, 1, 0, 0, 0, 0, 1, 1, 1, 1, 0, 0, 1]",100110100001111001,"[""100111100001011001""]",1,0.000244140625,False,False,,,,5.998466724419038,0.20862368603572026,{},{}
"[1, 0, 0, 1, 1, 0, 1, 0, 0, 0, 1, 0, 0, 0, 1, 0, 1, 1]",100110100010001011,"[""110100010001011001""]",1,0.000244140625,False,False,,,,2.730516802308128,0.09077896305695533,{},{}
"[1, 0, 0, 1, 1, 0, 1, 0, 0, 0, 1, 0, 0, 1, 0, 0, 1, 0]",100110100010010010,"[""10010010001011001""]",1,0.000244140625,False,False,,,,1.526239842581635,0.04735183348300916,{},{}
"[1, 0, 0, 1, 1, 0, 1, 0, 0, 0, 1, 0, 0, 1, 0, 1, 0, 0]",100110100010010100,"[""1010010001011001""]",1,0.000244140625,False,False,,,,1.5289682055857607,0.04745022029739432,{},{}
"[1, 0, 0, 1, 1, 0, 1, 0, 0, 0, 1, 1, 0, 1, 1, 1, 0, 0]",100110100011011100,"[""1110110001011001""]",1,0.000244140625,False,False,,,,3.9756140347089923,0.13567810225157576,{},{}
"[1, 0, 0, 1, 1, 0, 1, 0, 0, 1, 0, 0, 0, 0, 1, 1, 0, 0]",100110100100001100,"[""1100001001011001""]",1,0.000244140625,False,False,,,,1.636770480510664,0.05133765111114432,{},{}
"[1, 0, 0, 1, 1, 0, 1, 0, 0, 1, 0, 1, 0, 0, 0, 0, 0, 1]",100110100101000001,"[""100000101001011001""]",1,0.000244140625,False,False,,,,3.563258382626997,0.12080824844520477,{},{}
"[1, 0, 0, 1, 1, 0, 1, 0, 0, 1, 0, 1, 1, 0, 1, 1, 0, 0]",100110100101101100,"[""1101101001011001""]",1,0.000244140625,False,False,,,,4.219519694232399,0.14447352310090214,{},{}
"[1, 0, 0, 1, 1, 0, 1, 0, 0, 1, 1, 0, 0, 0, 1, 1, 1, 1]",100110100110001111,"[""111100011001011001""]",1,0.000244140625,False,False,,,,7.318317186766118,0.2562184827173714,{},{}
"[1, 0, 0, 1, 1, 0, 1, 0, 0, 1, 1, 0, 1, 0, 1, 1, 0, 0]",100110100110101100,"[""1101011001011001""]",1,0.000244140625,False,False,,,,4.165712319344047,0.1425331888427087,{},{}
"[1, 0, 0, 1, 1, 0, 1, 0, 0, 1, 1, 1, 0, 0, 1, 0, 0, 1]",100110100111001001,"[""100100111001011001""]",1,0.000244140625,False,False,,,,5.979789385889368,0.2079501672127672,{},{}
"[1, 0, 0, 1, 1, 0, 1, 0, 1, 0, 0, 0, 1, 0, 1, 1, 1, 0]",100110101000101110,"[""11101000101011001""]",1,0.000244140625,False,False,,,,6.129422163593762,0.2133460373017823,{},{}
"[1, 0, 0, 1, 1, 0, 1, 0, 1, 0, 1, 1, 1, 0, 1, 0, 0, 1]",100110101011101001,"[""100101110101011001""]",1,0.000244140625,False,False,,,,5.290514358651299,0.18309439323304155,{},{}
"[1, 0, 0, 1, 1, 0, 1, 0, 1, 1, 0, 0, 0, 0, 1, 0, 1, 0]",100110101100001010,"[""10100001101011001""]",1,0.000244140625,False,False,,,,2.7703692515458176,0.0922160722392794,{},{}
"[1, 0, 0, 1, 1, 0, 1, 0, 1, 1, 0, 0, 1, 1, 0, 0, 1, 1]",100110101100110011,"[""110011001101011001""]",1,0.000244140625,False,False,,,,5.389766819978773,0.1866735113617984,{},{}
"[1, 0, 0, 1, 1, 0, 1, 0, 1, 1, 0, 1, 0, 1, 0, 1, 0, 1]",100110101101010101,"[""101010101101011001""]",1,0.000244140625,False,False,,,,5.356924913112534,0.18548920759062976,{},{}
"[1, 0, 0, 1, 1, 0, 1, 0, 1, 1, 0, 1, 0, 1, 0, 1, 1, 0]",100110101101010110,"[""11010101101011001""]",1,0.000244140625,False,False,,,,5.31260303172459,0.18389092733586804,{},{}
"[1, 0, 0, 1, 1, 0, 1, 0, 1, 1, 1, 1, 0, 0, 0, 1, 0, 0]",100110101111000100,"[""1000111101011001""]",1,0.000244140625,False,False,,,,8.079281615290757,0.2836594302268286,{},{}
"[1, 0, 0, 1, 1, 0, 1, 0, 1, 1, 1, 1, 0, 0, 1, 1, 1, 1]",100110101111001111,"[""111100111101011001""]",1,0.000244140625,False,False,,,,11.859887889836395,0.41999092542545385,{},{}
"[1, 0, 0, 1, 1, 0, 1, 1, 0, 0, 0, 0, 0, 0, 1, 0, 1, 1]",100110110000001011,"[""110100000011011001""]",1,0.000244140625,False,False,,,,4.759418760515622,0.16394268799604308,{},{}
"[1, 0, 0, 1, 1, 0, 1, 1, 0, 0, 0, 1, 0, 1, 0, 0, 0, 1]",100110110001010001,"[""100010100011011001""]",1,0.000244140625,False,False,,,,2.7279555507422844,0.09068660240625699,{},{}
"[1, 0, 0, 1, 1, 0, 1, 1, 0, 0, 0, 1, 1, 1, 1, 1, 1, 0]",100110110001111110,"[""11111100011011001""]",1,0.000244140625,False,False,,,,8.605812192041908,0.30264651737197334,{},{}
"[1, 0, 0, 1, 1, 0, 1, 1, 0, 0, 1, 0, 1, 0, 1, 1, 0, 1]",100110110010101101,"[""101101010011011001""]",1,0.000244140625,False,False,,,,5.335874426652282,0.18473011127501845,{},{}
"[1, 0, 0, 1, 1, 0, 1, 1, 0, 1, 0, 1, 0, 1, 0, 1, 1, 1]",100110110101010111,"[""111010101011011001""]",1,0.000244140625,False,False,,,,8.600151801541815,0.3024423994490144,{},{}
"[1, 0, 0, 1, 1, 0, 1, 1, 0, 1, 0, 1, 1, 1, 1, 1, 0, 0]",100110110101111100,"[""1111101011011001""]",1,0.000244140625,False,False,,,,8.658216528159567,0.3045362570007503,{},{}
"[1, 0, 0, 1, 1, 0, 1, 1, 0, 1, 1, 0, 0, 0, 1, 0, 1, 1]",100110110110001011,"[""110100011011011001""]",1,0.000244140625,False,False,,,,5.2626585338682155,0.18208989131803452,{},{}
"[1, 0, 0, 1, 1, 0, 1, 1, 0, 1, 1, 0, 0, 1, 0, 1, 0, 1]",100110110110010101,"[""101010011011011001""]",1,0.000244140625,False,False,,,,5.350755588300448,0.18526673711501834,{},{}
"[1, 0, 0, 1, 1, 0, 1, 1, 0, 1, 1, 0, 0, 1, 1, 0, 0, 1]",100110110110011001,"[""100110011011011001""]",1,0.000244140625,False,False,,,,5.240533993359712,0.18129206380861757,{},{}
"[1, 0, 0, 1, 1, 0, 1, 1, 0, 1, 1, 0, 0, 1, 1, 1, 0, 1]",100110110110011101,"[""101110011011011001""]",1,0.000244140625,False,False,,,,6.571570897613153,0.22929025196779834,{},{}
"[1, 0, 0, 1, 1, 0, 1, 1, 1, 0, 0, 1, 0, 0, 0, 0, 0, 1]",100110111001000001,"[""100000100111011001""]",1,0.000244140625,False,False,,,,6.796185013683498,0.2373900053043893,{},{}
"[1, 0, 0, 1, 1, 0, 1, 1, 1, 0, 1, 0, 1, 0, 0, 0, 1, 0]",100110111010100010,"[""10001010111011001""]",1,0.000244140625,False,False,,,,6.100779177906661,0.21231314977472965,{},{}
"[1, 0, 0, 1, 1, 0, 1, 1, 1, 0, 1, 1, 0, 0, 1, 0, 0, 1]",100110111011001001,"[""100100110111011001""]",1,0.000244140625,False,False,,,,7.26667277269825,0.25435614644714566,{},{}
"[1, 0, 0, 1, 1, 0, 1, 1, 1, 1, 1, 0, 1, 0, 0, 0, 0, 0]",100110111110100000,"[""1011111011001""]",1,0.000244140625,False,False,,,,8.113165152896993,0.2848812959830114,{},{}
"[1, 0, 0, 1, 1, 1, 0, 0, 0, 0, 0, 0, 1, 1, 1, 1, 0, 0]",100111000000111100,"[""1111000000111001""]",1,0.000244140625,False,False,,,,10.79343876515118,0.3815339708622406,{},{}
"[1, 0, 0, 1, 1, 1, 0, 0, 0, 0, 0, 1, 0, 1, 0, 0, 0, 0]",100111000001010000,"[""10100000111001""]",1,0.000244140625,False,False,,,,6.249870467592443,0.21768949340003793,{},{}
"[1, 0, 0, 1, 1, 1, 0, 0, 0, 0, 0, 1, 0, 1, 1, 0, 0, 1]",100111000001011001,"[""100110100000111001""]",1,0.000244140625,False,False,,,,6.78280144594159,0.2369073838228478,{},{}
"[1, 0, 0, 1, 1, 1, 0, 0, 0, 0, 1, 0, 0, 0, 1, 1, 0, 0]",100111000010001100,"[""1100010000111001""]",1,0.000244140625,False,False,,,,5.506206116294016,0.19087239963890174,{},{}
"[1, 0, 0, 1, 1, 1, 0, 0, 0, 0, 1, 1, 0, 1, 0, 1, 0, 1]",100111000011010101,"[""101010110000111001""]",1,0.000244140625,False,False,,,,8.015164781493139,0.28134732915513433,{},{}
"[1, 0, 0, 1, 1, 1, 0, 0, 0, 0, 1, 1, 1, 0, 0, 0, 0, 1]",100111000011100001,"[""100001110000111001""]",1,0.000244140625,False,False,,,,6.760374173381405,0.23609863956879962,{},{}
"[1, 0, 0, 1, 1, 1, 0, 0, 0, 1, 0, 1, 0, 1, 0, 1, 0, 0]",100111000101010100,"[""1010101000111001""]",1,0.000244140625,False,False,,,,6.758966393936517,0.23604787398711935,{},{}
"[1, 0, 0, 1, 1, 1, 0, 0, 0, 1, 1, 0, 0, 0, 1, 1, 1, 0]",100111000110001110,"[""11100011000111001""]",1,0.000244140625,False,False,,,,8.010965148900022,0.28119588725689715,{},{}
"[1, 0, 0, 1, 1, 1, 0, 0, 0, 1, 1, 1, 1, 0, 0, 1, 0, 0]",100111000111100100,"[""1001111000111001""]",1,0.000244140625,False,False,,,,10.05174503270634,0.35478793909361733,{},{}
"[1, 0, 0, 1, 1, 1, 0, 0, 1, 0, 0, 0, 0, 0, 1, 1, 0, 0]",100111001000001100,"[""1100000100111001""]",1,0.000244140625,False,False,,,,5.603258633037781,0.19437218611747578,{},{}
"[1, 0, 0, 1, 1, 1, 0, 0, 1, 1, 0, 0, 0, 1, 1, 0, 0, 0]",100111001100011000,"[""110001100111001""]",1,0.000244140625,False,False,,,,6.758262900645723,0.23602250549190154,{},{}
"[1, 0, 0, 1, 1, 1, 0, 0, 1, 1, 1, 0, 0, 0, 1, 0, 0, 1]",100111001110001001,"[""100100011100111001""]",1,0.000244140625,False,False,,,,6.085481850636354,0.2117615166905481,{},{}
"[1, 0, 0, 1, 1, 1, 0, 1, 0, 0, 0, 1, 0, 1, 0, 0, 0, 0]",100111010001010000,"[""10100010111001""]",1,0.000244140625,False,False,,,,5.489969301725268,0.19028688793874823,{},{}
"[1, 0, 0, 1, 1, 1, 0, 1, 0, 0, 0, 1, 0, 1, 1, 1, 1, 0]",100111010001011110,"[""11110100010111001""]",1,0.000244140625,False,False,,,,7.276649828030919,0.25471592653859293,{},{}
"[1, 0, 0, 1, 1, 1, 0, 1, 0, 0, 1, 1, 1, 1, 1, 1, 0, 1]",100111010011111101,"[""101111110010111001""]",1,0.000244140625,False,False,,,,11.812944870781202,0.4182981249823024,{},{}
"[1, 0, 0, 1, 1, 1, 0, 1, 0, 1, 0, 0, 0, 0, 0, 0, 0, 0]",100111010100000000,"[""1010111001""]",1,0.000244140625,False,False,,,,6.2903883794678475,0.21915059966373207,{},{}
"[1, 0, 0, 1, 1, 1, 0, 1, 0, 1, 0, 1, 0, 1, 1, 1, 0, 1]",100111010101011101,"[""101110101010111001""]",1,0.000244140625,False,False,,,,8.56502742471082,0.30117578810058326,{},{}
"[1, 0, 0, 1, 1, 1, 0, 1, 0, 1, 0, 1, 1, 0, 0, 0, 1, 1]",100111010101100011,"[""110001101010111001""]",1,0.000244140625,False,False,,,,7.300491527615064,0.25557567609100396,{},{}
"[1, 0, 0, 1, 1, 1, 0, 1, 0, 1, 0, 1, 1, 0, 1, 0, 1, 0]",100111010101101010,"[""10101101010111001""]",1,0.000244140625,False,False,,,,7.239340080338975,0.2533705090793423,{},{}
"[1, 0, 0, 1, 1, 1, 0, 1, 0, 1, 1, 0, 1, 0, 0, 1, 0, 0]",100111010110100100,"[""1001011010111001""]",1,0.000244140625,False,False,,,,6.089705896056133,0.21191383893360805,{},{}
"[1, 0, 0, 1, 1, 1, 0, 1, 1, 0, 0, 0, 0, 0, 1, 0, 0, 0]",100111011000001000,"[""100000110111001""]",1,0.000244140625,False,False,,,,7.5725814691595,0.265387443269462,{},{}
"[1, 0, 0, 1, 1, 1, 0, 1, 1, 0, 0, 1, 0, 1, 0, 1, 0, 1]",100111011001010101,"[""101010100110111001""]",1,0.000244140625,False,False,,,,7.371336146339088,0.2581303861285054,{},{}
"[1, 0, 0, 1, 1, 1, 0, 1, 1, 0, 0, 1, 1, 1, 1, 0, 0, 1]",100111011001111001,"[""100111100110111001""]",1,0.000244140625,False,False,,,,10.598825127365053,0.3745160572529704,{},{}
"[1, 0, 0, 1, 1, 1, 1, 0, 0, 1, 0, 1, 1, 0, 0, 0, 0, 1]",100111100101100001,"[""100001101001111001""]",1,0.000244140625,False,False,,,,6.172206349643141,0.2148888671103873,{},{}
"[1, 0, 0, 1, 1, 1, 1, 0, 1, 0, 0, 1, 0, 1, 1, 0, 0, 0]",100111101001011000,"[""110100101111001""]",1,0.000244140625,False,False,,,,8.024462665829741,0.28168261783153725,{},{}
"[1, 0, 0, 1, 1, 1, 1, 0, 1, 0, 1, 0, 0, 0, 1, 1, 0, 0]",100111101010001100,"[""1100010101111001""]",1,0.000244140625,False,False,,,,6.0817531728028325,0.21162705777384458,{},{}
"[1, 0, 0, 1, 1, 1, 1, 0, 1, 1, 0, 0, 0, 0, 1, 1, 0, 1]",100111101100001101,"[""101100001101111001""]",1,0.000244140625,False,False,,,,7.532289666280825,0.2639344906656212,{},{}
"[1, 0, 0, 1, 1, 1, 1, 1, 0, 0, 0, 1, 0, 0, 1, 0, 1, 0]",100111110001001010,"[""10100100011111001""]",1,0.000244140625,False,False,,,,6.006109980156789,0.20889930756497838,{},{}
"[1, 0, 0, 1, 1, 1, 1, 1, 0, 0, 0, 1, 1, 0, 0, 0, 0, 0]",100111110001100000,"[""1100011111001""]",1,0.000244140625,False,False,,,,6.781040983025258,0.23684390021090931,{},{}
"[1, 0, 0, 1, 1, 1, 1, 1, 0, 1, 0, 0, 1, 0, 1, 1, 0, 1]",100111110100101101,"[""101101001011111001""]",1,0.000244140625,False,False,,,,8.766758370463693,0.30845035716837843,{},{}
"[1, 0, 0, 1, 1, 1, 1, 1, 0, 1, 0, 0, 1, 0, 1, 1, 1, 0]",100111110100101110,"[""11101001011111001""]",1,0.000244140625,False,False,,,,8.709203506030464,0.3063748856290737,{},{}
"[1, 0, 0, 1, 1, 1, 1, 1, 1, 0, 0, 0, 0, 1, 0, 0, 1, 0]",100111111000010010,"[""10010000111111001""]",1,0.000244140625,False,False,,,,10.123150605094054,0.3573628775405734,{},{}
"[1, 0, 0, 1, 1, 1, 1, 1, 1, 0, 0, 0, 0, 1, 0, 1, 0, 0]",100111111000010100,"[""1010000111111001""]",1,0.000244140625,False,False,,,,10.129773281878627,0.3576016962280249,{},{}
"[1, 0, 0, 1, 1, 1, 1, 1, 1, 0, 1, 1, 1, 0, 1, 1, 0, 0]",100111111011101100,"[""1101110111111001""]",1,0.000244140625,False,False,,,,11.902658113050578,0.42153325172375883,{},{}
"[1, 0, 0, 1, 1, 1, 1, 1, 1, 1, 1, 0, 0, 0, 0, 0, 0, 0]",100111111110000000,"[""11111111001""]",1,0.000244140625,False,False,,,,12.10341573529956,0.42877272201665884,{},{}
"[1, 0, 0, 1, 1, 1, 1, 1, 1, 1, 1, 0, 1, 0, 1, 0, 0, 0]",100111111110101000,"[""101011111111001""]",1,0.000244140625,False,False,,,,12.625336344711155,0.4475935702851318,{},{}
"[1, 0, 1, 0, 0, 0, 0, 0, 0, 0, 0, 0, 1, 0, 0, 0, 1, 0]",101000000000100010,"[""10001000000000101""]",1,0.000244140625,False,False,,,,3.8333908305583058,0.1305494269371561,{},{}
"[1, 0, 1, 0, 0, 0, 0, 0, 0, 0, 0, 1, 1, 0, 1, 0, 1, 1]",101000000001101011,"[""110101100000000101""]",1,0.000244140625,False,False,,,,5.560562263347992,0.19283252303260148,{},{}
"[1, 0, 1, 0, 0, 0, 0, 0, 0, 0, 1, 0, 0, 1, 0, 1, 0, 0]",101000000010010100,"[""1010010000000101""]",1,0.000244140625,False,False,,,,2.9963051097241613,0.1003634885867117,{},{}
"[1, 0, 1, 0, 0, 0, 0, 0, 0, 0, 1, 1, 0, 1, 1, 1, 0, 1]",101000000011011101,"[""101110110000000101""]",1,0.000244140625,False,False,,,,6.739271575198842,0.2353376640654327,{},{}
"[1, 0, 1, 0, 0, 0, 0, 0, 0, 1, 0, 0, 0, 1, 0, 0, 0, 0]",101000000100010000,"[""10001000000101""]",1,0.000244140625,False,False,,,,3.7925889515201328,0.12907808060478612,{},{}
"[1, 0, 1, 0, 0, 0, 0, 0, 0, 1, 0, 0, 1, 0, 1, 1, 0, 1]",101000000100101101,"[""101101001000000101""]",1,0.000244140625,False,False,,,,5.618038675115788,0.19490516551000336,{},{}
"[1, 0, 1, 0, 0, 0, 0, 0, 0, 1, 0, 1, 0, 1, 0, 1, 0, 1]",101000000101010101,"[""101010101000000101""]",1,0.000244140625,False,False,,,,5.487347989205132,0.19019236144503235,{},{}
"[1, 0, 1, 0, 0, 0, 0, 0, 0, 1, 0, 1, 0, 1, 1, 0, 0, 1]",101000000101011001,"[""100110101000000101""]",1,0.000244140625,False,False,,,,5.527657900652317,0.191645967057423,{},{}
"[1, 0, 1, 0, 0, 0, 0, 0, 0, 1, 0, 1, 1, 0, 1, 1, 1, 1]",101000000101101111,"[""111101101000000101""]",1,0.000244140625,False,False,,,,10.055887172878617,0.35493730777207794,{},{}
"[1, 0, 1, 0, 0, 0, 0, 0, 0, 1, 1, 0, 1, 0, 0, 0, 1, 0]",101000000110100010,"[""10001011000000101""]",1,0.000244140625,False,False,,,,4.199369664684382,0.14374689793628942,{},{}
"[1, 0, 1, 0, 0, 0, 0, 0, 0, 1, 1, 0, 1, 1, 0, 0, 1, 1]",101000000110110011,"[""110011011000000101""]",1,0.000244140625,False,False,,,,6.645410805887767,0.23195297439096774,{},{}
"[1, 0, 1, 0, 0, 0, 0, 0, 1, 0, 0, 0, 0, 1, 0, 0, 1, 0]",101000001000010010,"[""10010000100000101""]",1,0.000244140625,False,False,,,,3.065103156430037,0.1028443977036718,{},{}
"[1, 0, 1, 0, 0, 0, 0, 0, 1, 0, 0, 0, 1, 0, 0, 0, 0, 0]",101000001000100000,"[""1000100000101""]",1,0.000244140625,False,False,,,,3.9069352986877446,0.13320149556730693,{},{}
"[1, 0, 1, 0, 0, 0, 0, 0, 1, 0, 0, 1, 0, 0, 1, 0, 0, 1]",101000001001001001,"[""100100100100000101""]",1,0.000244140625,False,False,,,,2.4524736518113124,0.08075251870272994,{},{}
"[1, 0, 1, 0, 0, 0, 0, 0, 1, 0, 1, 0, 0, 0, 1, 1, 0, 0]",101000001010001100,"[""1100010100000101""]",1,0.000244140625,False,False,,,,2.3109703737309895,0.07564980446187294,{},{}
"[1, 0, 1, 0, 0, 0, 0, 0, 1, 0, 1, 1, 0, 0, 0, 0, 0, 0]",101000001011000000,"[""110100000101""]",1,0.000244140625,False,False,,,,5.089317619453955,0.17583908805393816,{},{}
"[1, 0, 1, 0, 0, 0, 0, 0, 1, 0, 1, 1, 1, 0, 0, 1, 1, 0]",101000001011100110,"[""11001110100000101""]",1,0.000244140625,False,False,,,,4.724207450315399,0.1626729417651754,{},{}
"[1, 0, 1, 0, 0, 0, 0, 0, 1, 1, 0, 0, 1, 1, 0, 1, 0, 1]",101000001100110101,"[""101011001100000101""]",1,0.000244140625,False,False,,,,4.802293353976955,0.16548877796366848,{},{}
"[1, 0, 1, 0, 0, 0, 0, 0, 1, 1, 0, 1, 0, 1, 1, 0, 1, 0]",101000001101011010,"[""10110101100000101""]",1,0.000244140625,False,False,,,,4.735060201045741,0.16306430008885148,{},{}
"[1, 0, 1, 0, 0, 0, 0, 0, 1, 1, 0, 1, 1, 1, 0, 0, 1, 0]",101000001101110010,"[""10011101100000101""]",1,0.000244140625,False,False,,,,4.680613718128998,0.1611009191162486,{},{}
"[1, 0, 1, 0, 0, 0, 0, 0, 1, 1, 0, 1, 1, 1, 0, 0, 1, 1]",101000001101110011,"[""110011101100000101""]",1,0.000244140625,False,False,,,,5.9568158630284405,0.20712172476355015,{},{}
"[1, 0, 1, 0, 0, 0, 0, 1, 0, 0, 0, 0, 0, 0, 1, 0, 0, 0]",101000010000001000,"[""100000010000101""]",1,0.000244140625,False,False,,,,3.915315241361766,0.13350368257951184,{},{}
"[1, 0, 1, 0, 0, 0, 0, 1, 0, 0, 0, 1, 0, 1, 0, 0, 1, 0]",101000010001010010,"[""10010100010000101""]",1,0.000244140625,False,False,,,,2.3005413112657678,0.07527372465452131,{},{}
"[1, 0, 1, 0, 0, 0, 0, 1, 0, 0, 1, 0, 0, 0, 0, 0, 1, 0]",101000010010000010,"[""10000010010000101""]",1,0.000244140625,False,False,,,,3.06894617976589,0.10298298000487242,{},{}
"[1, 0, 1, 0, 0, 0, 0, 1, 0, 0, 1, 0, 0, 1, 0, 0, 1, 1]",101000010010010011,"[""110010010010000101""]",1,0.000244140625,False,False,,,,3.542369221849489,0.12005496965460011,{},{}
"[1, 0, 1, 0, 0, 0, 0, 1, 0, 0, 1, 0, 0, 1, 1, 0, 1, 0]",101000010010011010,"[""10110010010000101""]",1,0.000244140625,False,False,,,,3.5710304096462675,0.12108851356336722,{},{}
"[1, 0, 1, 0, 0, 0, 0, 1, 0, 0, 1, 0, 1, 1, 0, 0, 1, 1]",101000010010110011,"[""110011010010000101""]",1,0.000244140625,False,False,,,,4.728325760282621,0.16282145110858492,{},{}
"[1, 0, 1, 0, 0, 0, 0, 1, 0, 1, 1, 0, 0, 0, 1, 0, 1, 1]",101000010110001011,"[""110100011010000101""]",1,0.000244140625,False,False,,,,4.709550284854007,0.16214439339551864,{},{}
"[1, 0, 1, 0, 0, 0, 0, 1, 1, 0, 0, 0, 0, 1, 0, 0, 1, 0]",101000011000010010,"[""10010000110000101""]",1,0.000244140625,False,False,,,,4.322197984016474,0.14817617917089532,{},{}
"[1, 0, 1, 0, 0, 0, 0, 1, 1, 0, 0, 1, 0, 1, 0, 1, 0, 1]",101000011001010101,"[""101010100110000101""]",1,0.000244140625,False,False,,,,4.774515557779493,0.16448708981792848,{},{}
"[1, 0, 1, 0, 0, 0, 0, 1, 1, 0, 0, 1, 1, 0, 0, 0, 0, 0]",101000011001100000,"[""1100110000101""]",1,0.000244140625,False,False,,,,4.31716890698614,0.14799482688472082,{},{}
"[1, 0, 1, 0, 0, 0, 0, 1, 1, 0, 1, 1, 1, 0, 0, 0, 0, 0]",101000011011100000,"[""1110110000101""]",1,0.000244140625,False,False,,,,5.515766906780483,0.19121716890807336,{},{}
"[1, 0, 1, 0, 0, 0, 0, 1, 1, 1, 0, 1, 1, 0, 1, 0, 0, 0]",101000011101101000,"[""101101110000101""]",1,0.000244140625,False,False,,,,6.806329003416464,0.23775580517540099,{},{}
"[1, 0, 1, 0, 0, 0, 0, 1, 1, 1, 0, 1, 1, 1, 0, 0, 0, 1]",101000011101110001,"[""100011101110000101""]",1,0.000244140625,False,False,,,,5.974132910760882,0.20774619048104237,{},{}
"[1, 0, 1, 0, 0, 0, 1, 0, 0, 0, 1, 0, 0, 1, 1, 0, 1, 0]",101000100010011010,"[""10110010001000101""]",1,0.000244140625,False,False,,,,3.478858653348662,0.1177647309638036,{},{}
"[1, 0, 1, 0, 0, 0, 1, 0, 0, 0, 1, 1, 0, 1, 0, 1, 1, 1]",101000100011010111,"[""111010110001000101""]",1,0.000244140625,False,False,,,,7.936687092830998,0.27851736489594214,{},{}
"[1, 0, 1, 0, 0, 0, 1, 0, 0, 1, 0, 0, 0, 0, 1, 1, 0, 0]",101000100100001100,"[""1100001001000101""]",1,0.000244140625,False,False,,,,2.400722986017026,0.07888635091563147,{},{}
"[1, 0, 1, 0, 0, 0, 1, 0, 0, 1, 0, 0, 0, 1, 1, 0, 0, 0]",101000100100011000,"[""110001001000101""]",1,0.000244140625,False,False,,,,4.286364897289428,0.14688401121255185,{},{}
"[1, 0, 1, 0, 0, 0, 1, 0, 0, 1, 0, 0, 0, 1, 1, 0, 1, 0]",101000100100011010,"[""10110001001000101""]",1,0.000244140625,False,False,,,,3.484406896500553,0.11796480476935049,{},{}
"[1, 0, 1, 0, 0, 0, 1, 0, 0, 1, 0, 1, 0, 0, 0, 1, 1, 0]",101000100101000110,"[""11000101001000101""]",1,0.000244140625,False,False,,,,5.558150101302654,0.19274553866173044,{},{}
"[1, 0, 1, 0, 0, 0, 1, 0, 0, 1, 1, 0, 0, 0, 0, 1, 1, 0]",101000100110000110,"[""11000011001000101""]",1,0.000244140625,False,False,,,,5.494574912162903,0.19045296970227188,{},{}
"[1, 0, 1, 0, 0, 0, 1, 0, 0, 1, 1, 0, 0, 1, 0, 1, 1, 0]",101000100110010110,"[""11010011001000101""]",1,0.000244140625,False,False,,,,4.701768585526186,0.16186377948666206,{},{}
"[1, 0, 1, 0, 0, 0, 1, 0, 1, 0, 0, 0, 0, 1, 0, 0, 0, 0]",101000101000010000,"[""10000101000101""]",1,0.000244140625,False,False,,,,5.076602314995289,0.17538056464714305,{},{}
"[1, 0, 1, 0, 0, 0, 1, 0, 1, 0, 0, 0, 1, 0, 1, 1, 0, 0]",101000101000101100,"[""1101000101000101""]",1,0.000244140625,False,False,,,,5.6898883144046115,0.19749611734216801,{},{}
"[1, 0, 1, 0, 0, 0, 1, 0, 1, 0, 0, 0, 1, 0, 1, 1, 1, 1]",101000101000101111,"[""111101000101000101""]",1,0.000244140625,False,False,,,,10.12639988043436,0.3574800488441387,{},{}
"[1, 0, 1, 0, 0, 0, 1, 0, 1, 0, 0, 1, 0, 0, 0, 0, 0, 0]",101000101001000000,"[""100101000101""]",1,0.000244140625,False,False,,,,5.144878863923535,0.17784266816346558,{},{}
"[1, 0, 1, 0, 0, 0, 1, 0, 1, 0, 1, 1, 0, 1, 1, 1, 1, 0]",101000101011011110,"[""11110110101000101""]",1,0.000244140625,False,False,,,,7.240851480983515,0.253425011319129,{},{}
"[1, 0, 1, 0, 0, 0, 1, 0, 1, 1, 0, 0, 1, 0, 0, 0, 1, 0]",101000101100100010,"[""10001001101000101""]",1,0.000244140625,False,False,,,,3.565670202583803,0.12089522048010697,{},{}
"[1, 0, 1, 0, 0, 0, 1, 0, 1, 1, 1, 0, 0, 1, 0, 1, 1, 1]",101000101110010111,"[""111010011101000101""]",1,0.000244140625,False,False,,,,9.239120051018709,0.32548407332607066,{},{}
"[1, 0, 1, 0, 0, 0, 1, 1, 0, 0, 0, 0, 1, 0, 0, 0, 1, 0]",101000110000100010,"[""10001000011000101""]",1,0.000244140625,False,False,,,,4.287209318013437,0.14691446165661312,{},{}
"[1, 0, 1, 0, 0, 0, 1, 1, 0, 0, 0, 0, 1, 0, 1, 0, 1, 0]",101000110000101010,"[""10101000011000101""]",1,0.000244140625,False,False,,,,5.5468204573078195,0.19233698320958423,{},{}
"[1, 0, 1, 0, 0, 0, 1, 1, 0, 0, 0, 0, 1, 0, 1, 1, 0, 1]",101000110000101101,"[""101101000011000101""]",1,0.000244140625,False,False,,,,6.8534018783314785,0.23945328831816307,{},{}
"[1, 0, 1, 0, 0, 0, 1, 1, 0, 0, 0, 0, 1, 1, 0, 0, 1, 1]",101000110000110011,"[""110011000011000101""]",1,0.000244140625,False,False,,,,6.7386948147012085,0.2353168656497015,{},{}
"[1, 0, 1, 0, 0, 0, 1, 1, 0, 0, 0, 1, 1, 0, 0, 0, 0, 0]",101000110001100000,"[""1100011000101""]",1,0.000244140625,False,False,,,,4.31675924774014,0.14798005426533828,{},{}
"[1, 0, 1, 0, 0, 0, 1, 1, 0, 0, 1, 1, 0, 1, 1, 1, 0, 0]",101000110011011100,"[""1110110011000101""]",1,0.000244140625,False,False,,,,6.01609686690875,0.20925944218477235,{},{}
"[1, 0, 1, 0, 0, 0, 1, 1, 0, 1, 0, 0, 1, 0, 1, 1, 1, 0]",101000110100101110,"[""11101001011000101""]",1,0.000244140625,False,False,,,,6.100039581769542,0.21228647938382025,{},{}
"[1, 0, 1, 0, 0, 0, 1, 1, 0, 1, 0, 1, 0, 0, 1, 0, 0, 1]",101000110101001001,"[""100100101011000101""]",1,0.000244140625,False,False,,,,4.8029968797651135,0.1655141476307656,{},{}
"[1, 0, 1, 0, 0, 0, 1, 1, 0, 1, 0, 1, 0, 1, 1, 0, 0, 1]",101000110101011001,"[""100110101011000101""]",1,0.000244140625,False,False,,,,6.009492395901954,0.20902128001130962,{},{}
"[1, 0, 1, 0, 0, 0, 1, 1, 0, 1, 1, 0, 1, 1, 1, 0, 0, 0]",101000110110111000,"[""111011011000101""]",1,0.000244140625,False,False,,,,9.990094223289487,0.3525647647089705,{},{}
"[1, 0, 1, 0, 0, 0, 1, 1, 0, 1, 1, 1, 0, 0, 0, 1, 1, 0]",101000110111000110,"[""11000111011000101""]",1,0.000244140625,False,False,,,,9.98755950528587,0.3524733608784085,{},{}
"[1, 0, 1, 0, 0, 0, 1, 1, 0, 1, 1, 1, 1, 0, 0, 1, 1, 1]",101000110111100111,"[""111001111011000101""]",1,0.000244140625,False,False,,,,12.529965434082966,0.4441544237831708,{},{}
"[1, 0, 1, 0, 0, 0, 1, 1, 1, 0, 1, 0, 0, 0, 1, 0, 1, 0]",101000111010001010,"[""10100010111000101""]",1,0.000244140625,False,False,,,,6.7834527647447365,0.23693087086694484,{},{}
"[1, 0, 1, 0, 0, 0, 1, 1, 1, 0, 1, 1, 1, 0, 0, 0, 1, 1]",101000111011100011,"[""110001110111000101""]",1,0.000244140625,False,False,,,,9.272396826159351,0.3266840587730761,{},{}
"[1, 0, 1, 0, 0, 0, 1, 1, 1, 1, 0, 0, 0, 0, 0, 0, 1, 0]",101000111100000010,"[""10000001111000101""]",1,0.000244140625,False,False,,,,7.514606843853022,0.26329683483852667,{},{}
"[1, 0, 1, 0, 0, 1, 0, 0, 0, 0, 0, 1, 1, 1, 0, 0, 0, 1]",101001000001110001,"[""100011100000100101""]",1,0.000244140625,False,False,,,,3.5442993629051998,0.12012457198739021,{},{}
"[1, 0, 1, 0, 0, 1, 0, 0, 0, 0, 0, 1, 1, 1, 0, 0, 1, 1]",101001000001110011,"[""110011100000100101""]",1,0.000244140625,False,False,,,,4.767475064066155,0.16423320433894106,{},{}
"[1, 0, 1, 0, 0, 1, 0, 0, 0, 0, 1, 0, 0, 0, 1, 1, 1, 1]",101001000010001111,"[""111100010000100101""]",1,0.000244140625,False,False,,,,6.7938326106452225,0.23730517588809244,{},{}
"[1, 0, 1, 0, 0, 1, 0, 0, 0, 0, 1, 0, 0, 1, 0, 0, 1, 1]",101001000010010011,"[""110010010000100101""]",1,0.000244140625,False,False,,,,3.5571170674964288,0.12058678801969751,{},{}
"[1, 0, 1, 0, 0, 1, 0, 0, 0, 0, 1, 0, 1, 1, 1, 1, 1, 0]",101001000010111110,"[""11111010000100101""]",1,0.000244140625,False,False,,,,7.965152918432178,0.2795438638975444,{},{}
"[1, 0, 1, 0, 0, 1, 0, 0, 0, 1, 0, 0, 0, 1, 1, 1, 0, 0]",101001000100011100,"[""1110001000100101""]",1,0.000244140625,False,False,,,,3.5333423909856023,0.11972945536953304,{},{}
"[1, 0, 1, 0, 0, 1, 0, 0, 0, 1, 0, 0, 1, 0, 1, 0, 1, 0]",101001000100101010,"[""10101001000100101""]",1,0.000244140625,False,False,,,,3.513314352230042,0.11900722928430821,{},{}
"[1, 0, 1, 0, 0, 1, 0, 0, 0, 1, 0, 0, 1, 1, 0, 1, 1, 0]",101001000100110110,"[""11011001000100101""]",1,0.000244140625,False,False,,,,4.740648817434802,0.16326582978358378,{},{}
"[1, 0, 1, 0, 0, 1, 0, 0, 0, 1, 0, 1, 0, 0, 1, 0, 1, 0]",101001000101001010,"[""10100101000100101""]",1,0.000244140625,False,False,,,,3.549083496617114,0.12029709143395803,{},{}
"[1, 0, 1, 0, 0, 1, 0, 0, 0, 1, 0, 1, 0, 0, 1, 1, 0, 1]",101001000101001101,"[""101100101000100101""]",1,0.000244140625,False,False,,,,4.901513633840781,0.16906673560473154,{},{}
"[1, 0, 1, 0, 0, 1, 0, 0, 0, 1, 0, 1, 0, 1, 0, 0, 0, 1]",101001000101010001,"[""100010101000100101""]",1,0.000244140625,False,False,,,,3.5414170570605243,0.12002063387882017,{},{}
"[1, 0, 1, 0, 0, 1, 0, 0, 0, 1, 0, 1, 0, 1, 1, 0, 1, 1]",101001000101011011,"[""110110101000100101""]",1,0.000244140625,False,False,,,,6.046455293621017,0.21035418980063156,{},{}
"[1, 0, 1, 0, 0, 1, 0, 0, 0, 1, 0, 1, 1, 1, 0, 0, 0, 0]",101001000101110000,"[""11101000100101""]",1,0.000244140625,False,False,,,,5.472512473191869,0.1896573816208309,{},{}
"[1, 0, 1, 0, 0, 1, 0, 0, 0, 1, 1, 0, 0, 0, 0, 0, 1, 0]",101001000110000010,"[""10000011000100101""]",1,0.000244140625,False,False,,,,4.220881957685156,0.1445226473417995,{},{}
"[1, 0, 1, 0, 0, 1, 0, 0, 0, 1, 1, 0, 0, 1, 0, 0, 1, 1]",101001000110010011,"[""110010011000100101""]",1,0.000244140625,False,False,,,,4.732293783742388,0.1629645410079208,{},{}
"[1, 0, 1, 0, 0, 1, 0, 0, 0, 1, 1, 1, 0, 1, 1, 1, 1, 0]",101001000111011110,"[""11110111000100101""]",1,0.000244140625,False,False,,,,9.208219623850038,0.3243697807676139,{},{}
"[1, 0, 1, 0, 0, 1, 0, 0, 1, 0, 0, 1, 1, 1, 1, 0, 0, 0]",101001001001111000,"[""111100100100101""]",1,0.000244140625,False,False,,,,6.842727964098725,0.23906837897259836,{},{}
"[1, 0, 1, 0, 0, 1, 0, 0, 1, 0, 1, 0, 0, 0, 0, 1, 1, 1]",101001001010000111,"[""111000010100100101""]",1,0.000244140625,False,False,,,,6.868667817870625,0.24000378953723903,{},{}
"[1, 0, 1, 0, 0, 1, 0, 0, 1, 0, 1, 0, 0, 0, 1, 0, 0, 0]",101001001010001000,"[""100010100100101""]",1,0.000244140625,False,False,,,,2.376350043188394,0.07800744433374539,{},{}
"[1, 0, 1, 0, 0, 1, 0, 0, 1, 0, 1, 0, 0, 1, 0, 0, 0, 1]",101001001010010001,"[""100010010100100101""]",1,0.000244140625,False,False,,,,1.6371114981945971,0.05134994846436325,{},{}
"[1, 0, 1, 0, 0, 1, 0, 0, 1, 0, 1, 0, 0, 1, 1, 1, 1, 1]",101001001010011111,"[""111110010100100101""]",1,0.000244140625,False,False,,,,7.351267663213285,0.25740670158898327,{},{}
"[1, 0, 1, 0, 0, 1, 0, 0, 1, 0, 1, 1, 1, 0, 0, 0, 1, 0]",101001001011100010,"[""10001110100100101""]",1,0.000244140625,False,False,,,,2.7668049442528106,0.09208754064743534,{},{}
"[1, 0, 1, 0, 0, 1, 0, 0, 1, 0, 1, 1, 1, 1, 0, 1, 0, 0]",101001001011110100,"[""1011110100100101""]",1,0.000244140625,False,False,,,,3.9812178171988384,0.13588017884726686,{},{}
"[1, 0, 1, 0, 0, 1, 0, 0, 1, 1, 0, 0, 0, 1, 0, 1, 0, 1]",101001001100010101,"[""101010001100100101""]",1,0.000244140625,False,False,,,,2.885820896032784,0.09637934505137351,{},{}
"[1, 0, 1, 0, 0, 1, 0, 0, 1, 1, 0, 0, 1, 1, 0, 0, 0, 1]",101001001100110001,"[""100011001100100101""]",1,0.000244140625,False,False,,,,2.862345655298391,0.09553281027968479,{},{}
"[1, 0, 1, 0, 0, 1, 0, 0, 1, 1, 0, 1, 1, 0, 0, 0, 0, 0]",101001001101100000,"[""1101100100101""]",1,0.000244140625,False,False,,,,3.5955057378935082,0.12197111224016927,{},{}
"[1, 0, 1, 0, 0, 1, 0, 0, 1, 1, 0, 1, 1, 1, 0, 0, 0, 1]",101001001101110001,"[""100011101100100101""]",1,0.000244140625,False,False,,,,4.084602117533434,0.13960829418674983,{},{}
"[1, 0, 1, 0, 0, 1, 0, 0, 1, 1, 1, 0, 0, 0, 0, 1, 1, 1]",101001001110000111,"[""111000011100100101""]",1,0.000244140625,False,False,,,,8.083862895243907,0.2838246346148501,{},{}
"[1, 0, 1, 0, 0, 1, 0, 0, 1, 1, 1, 1, 0, 1, 0, 0, 1, 1]",101001001111010011,"[""110010111100100101""]",1,0.000244140625,False,False,,,,7.295452955917375,0.25539398142000996,{},{}
"[1, 0, 1, 0, 0, 1, 0, 1, 0, 0, 0, 0, 0, 1, 0, 0, 0, 0]",101001010000010000,"[""10000010100101""]",1,0.000244140625,False,False,,,,3.084553108815624,0.10354577756121537,{},{}
"[1, 0, 1, 0, 0, 1, 0, 1, 0, 0, 0, 0, 1, 0, 1, 1, 1, 0]",101001010000101110,"[""11101000010100101""]",1,0.000244140625,False,False,,,,4.784459281739159,0.16484566795508893,{},{}
"[1, 0, 1, 0, 0, 1, 0, 1, 0, 0, 0, 1, 1, 0, 1, 1, 0, 1]",101001010001101101,"[""101101100010100101""]",1,0.000244140625,False,False,,,,4.1060063890502985,0.1403801482566059,{},{}
"[1, 0, 1, 0, 0, 1, 0, 1, 0, 0, 1, 0, 0, 0, 1, 1, 0, 0]",101001010010001100,"[""1100010010100101""]",1,0.000244140625,False,False,,,,1.5284623253277019,0.04743197787621521,{},{}
"[1, 0, 1, 0, 0, 1, 0, 1, 0, 0, 1, 0, 0, 0, 1, 1, 1, 1]",101001010010001111,"[""111100010010100101""]",1,0.000244140625,False,False,,,,6.048765708848153,0.2104375051049958,{},{}
"[1, 0, 1, 0, 0, 1, 0, 1, 0, 0, 1, 0, 0, 1, 0, 1, 1, 0]",101001010010010110,"[""11010010010100101""]",1,0.000244140625,False,False,,,,2.7539843623179836,0.09162522085596181,{},{}
"[1, 0, 1, 0, 0, 1, 0, 1, 0, 0, 1, 0, 1, 1, 1, 1, 0, 0]",101001010010111100,"[""1111010010100101""]",1,0.000244140625,False,False,,,,5.99220895568566,0.20839802620603298,{},{}
"[1, 0, 1, 0, 0, 1, 0, 1, 0, 0, 1, 1, 1, 0, 0, 1, 0, 1]",101001010011100101,"[""101001110010100101""]",1,0.000244140625,False,False,,,,3.996166998572936,0.13641925752955336,{},{}
"[1, 0, 1, 0, 0, 1, 0, 1, 0, 0, 1, 1, 1, 1, 0, 0, 1, 1]",101001010011110011,"[""110011110010100101""]",1,0.000244140625,False,False,,,,5.254101430667907,0.1817813157644992,{},{}
"[1, 0, 1, 0, 0, 1, 0, 1, 0, 1, 0, 0, 0, 1, 1, 0, 0, 1]",101001010100011001,"[""100110001010100101""]",1,0.000244140625,False,False,,,,2.798425415100084,0.09322779852049604,{},{}
"[1, 0, 1, 0, 0, 1, 0, 1, 0, 1, 0, 0, 0, 1, 1, 0, 1, 0]",101001010100011010,"[""10110001010100101""]",1,0.000244140625,False,False,,,,2.744764864447305,0.0912927588542578,{},{}
"[1, 0, 1, 0, 0, 1, 0, 1, 0, 1, 0, 1, 0, 1, 0, 1, 1, 0]",101001010101010110,"[""11010101010100101""]",1,0.000244140625,False,False,,,,3.9583014806051517,0.13505379857769814,{},{}
"[1, 0, 1, 0, 0, 1, 0, 1, 0, 1, 0, 1, 1, 0, 0, 1, 0, 0]",101001010101100100,"[""1001101010100101""]",1,0.000244140625,False,False,,,,2.7751391394574227,0.0923880779716132,{},{}
"[1, 0, 1, 0, 0, 1, 0, 1, 0, 1, 1, 0, 0, 1, 0, 1, 0, 0]",101001010110010100,"[""1010011010100101""]",1,0.000244140625,False,False,,,,2.6981254451766112,0.08961090644683317,{},{}
"[1, 0, 1, 0, 0, 1, 0, 1, 0, 1, 1, 1, 1, 0, 1, 1, 0, 1]",101001010111101101,"[""101101111010100101""]",1,0.000244140625,False,False,,,,8.550479158080416,0.3006511667043736,{},{}
"[1, 0, 1, 0, 0, 1, 0, 1, 1, 0, 0, 1, 0, 0, 0, 0, 0, 1]",101001011001000001,"[""100000100110100101""]",1,0.000244140625,False,False,,,,3.6973292430315654,0.12564294413530747,{},{}
"[1, 0, 1, 0, 0, 1, 0, 1, 1, 0, 0, 1, 1, 1, 0, 1, 0, 0]",101001011001110100,"[""1011100110100101""]",1,0.000244140625,False,False,,,,4.027115768859942,0.13753529337708245,{},{}
"[1, 0, 1, 0, 0, 1, 0, 1, 1, 0, 1, 0, 0, 0, 1, 0, 1, 0]",101001011010001010,"[""10100010110100101""]",1,0.000244140625,False,False,,,,2.8501642085156265,0.09509353818072061,{},{}
"[1, 0, 1, 0, 0, 1, 0, 1, 1, 0, 1, 0, 0, 0, 1, 0, 1, 1]",101001011010001011,"[""110100010110100101""]",1,0.000244140625,False,False,,,,4.166603336319085,0.14256531958249827,{},{}
"[1, 0, 1, 0, 0, 1, 0, 1, 1, 0, 1, 1, 0, 0, 0, 1, 0, 0]",101001011011000100,"[""1000110110100101""]",1,0.000244140625,False,False,,,,4.790361047112312,0.16505849003684092,{},{}
"[1, 0, 1, 0, 0, 1, 0, 1, 1, 0, 1, 1, 0, 0, 1, 0, 1, 0]",101001011011001010,"[""10100110110100101""]",1,0.000244140625,False,False,,,,4.111908252463155,0.14059297387374306,{},{}
"[1, 0, 1, 0, 0, 1, 0, 1, 1, 1, 0, 1, 0, 0, 1, 0, 0, 0]",101001011101001000,"[""100101110100101""]",1,0.000244140625,False,False,,,,4.847268036138439,0.16711059870349015,{},{}
"[1, 0, 1, 0, 0, 1, 0, 1, 1, 1, 1, 0, 1, 1, 1, 0, 0, 1]",101001011110111001,"[""100111011110100101""]",1,0.000244140625,False,False,,,,8.573646419411505,0.30148659550799956,{},{}
"[1, 0, 1, 0, 0, 1, 1, 0, 0, 0, 0, 1, 0, 0, 1, 1, 0, 1]",101001100001001101,"[""101100100001100101""]",1,0.000244140625,False,False,,,,2.921924515864748,0.09768126863620011,{},{}
"[1, 0, 1, 0, 0, 1, 1, 0, 0, 0, 0, 1, 1, 0, 0, 0, 0, 0]",101001100001100000,"[""1100001100101""]",1,0.000244140625,False,False,,,,2.353297321671695,0.07717614592165489,{},{}
"[1, 0, 1, 0, 0, 1, 1, 0, 0, 0, 0, 1, 1, 0, 0, 0, 1, 0]",101001100001100010,"[""10001100001100101""]",1,0.000244140625,False,False,,,,1.5387404447518298,0.047802614564398195,{},{}
"[1, 0, 1, 0, 0, 1, 1, 0, 0, 0, 1, 0, 1, 1, 1, 0, 0, 0]",101001100010111000,"[""111010001100101""]",1,0.000244140625,False,False,,,,6.720549370740455,0.23466252734347054,{},{}
"[1, 0, 1, 0, 0, 1, 1, 0, 0, 0, 1, 1, 1, 0, 0, 0, 1, 0]",101001100011100010,"[""10001110001100101""]",1,0.000244140625,False,False,,,,2.72255541979695,0.0904918696378641,{},{}
"[1, 0, 1, 0, 0, 1, 1, 0, 0, 1, 0, 1, 1, 0, 0, 0, 0, 0]",101001100101100000,"[""1101001100101""]",1,0.000244140625,False,False,,,,3.6060575993141946,0.12235162026987245,{},{}
"[1, 0, 1, 0, 0, 1, 1, 0, 0, 1, 1, 0, 0, 1, 1, 0, 0, 0]",101001100110011000,"[""110011001100101""]",1,0.000244140625,False,False,,,,4.6939745158682875,0.16158271949443337,{},{}
"[1, 0, 1, 0, 0, 1, 1, 0, 0, 1, 1, 1, 1, 1, 0, 0, 0, 1]",101001100111110001,"[""100011111001100101""]",1,0.000244140625,False,False,,,,7.233716760597403,0.253167727955714,{},{}
"[1, 0, 1, 0, 0, 1, 1, 0, 1, 0, 0, 0, 0, 1, 1, 1, 1, 1]",101001101000011111,"[""111110000101100101""]",1,0.000244140625,False,False,,,,9.389739194973256,0.33091551252118445,{},{}
"[1, 0, 1, 0, 0, 1, 1, 0, 1, 0, 0, 1, 0, 1, 1, 0, 0, 0]",101001101001011000,"[""110100101100101""]",1,0.000244140625,False,False,,,,4.858415067099473,0.16751256899279932,{},{}
"[1, 0, 1, 0, 0, 1, 1, 0, 1, 0, 0, 1, 1, 1, 0, 1, 1, 0]",101001101001110110,"[""11011100101100101""]",1,0.000244140625,False,False,,,,5.311706465049639,0.183858596469741,{},{}
"[1, 0, 1, 0, 0, 1, 1, 0, 1, 0, 0, 1, 1, 1, 1, 1, 0, 0]",101001101001111100,"[""1111100101100101""]",1,0.000244140625,False,False,,,,7.394085848315715,0.25895075742891793,{},{}
"[1, 0, 1, 0, 0, 1, 1, 0, 1, 1, 0, 0, 1, 0, 0, 0, 1, 0]",101001101100100010,"[""10001001101100101""]",1,0.000244140625,False,False,,,,2.8512614733959047,0.09513310637452183,{},{}
"[1, 0, 1, 0, 0, 1, 1, 0, 1, 1, 0, 1, 0, 1, 1, 0, 0, 0]",101001101101011000,"[""110101101100101""]",1,0.000244140625,False,False,,,,6.079054499957144,0.21152974160882054,{},{}
"[1, 0, 1, 0, 0, 1, 1, 0, 1, 1, 0, 1, 0, 1, 1, 0, 1, 1]",101001101101011011,"[""110110101101100101""]",1,0.000244140625,False,False,,,,6.626566845264055,0.23127344705044786,{},{}
"[1, 0, 1, 0, 0, 1, 1, 0, 1, 1, 0, 1, 1, 1, 1, 0, 1, 1]",101001101101111011,"[""110111101101100101""]",1,0.000244140625,False,False,,,,9.907343130701062,0.34958069830198774,{},{}
"[1, 0, 1, 0, 0, 1, 1, 0, 1, 1, 1, 0, 0, 0, 0, 0, 1, 0]",101001101110000010,"[""10000011101100101""]",1,0.000244140625,False,False,,,,4.763638832268855,0.1640948669457098,{},{}
"[1, 0, 1, 0, 0, 1, 1, 0, 1, 1, 1, 0, 0, 0, 0, 1, 1, 1]",101001101110000111,"[""111000011101100101""]",1,0.000244140625,False,False,,,,9.374990816978874,0.33038367495923937,{},{}
"[1, 0, 1, 0, 0, 1, 1, 0, 1, 1, 1, 1, 0, 1, 0, 1, 0, 0]",101001101111010100,"[""1010111101100101""]",1,0.000244140625,False,False,,,,7.261565916746633,0.2541719893947873,{},{}
"[1, 0, 1, 0, 0, 1, 1, 1, 0, 0, 0, 0, 0, 0, 0, 1, 0, 0]",101001110000000100,"[""1000000011100101""]",1,0.000244140625,False,False,,,,4.321654178321221,0.14815656913003214,{},{}
"[1, 0, 1, 0, 0, 1, 1, 1, 0, 0, 0, 1, 1, 1, 0, 1, 0, 0]",101001110001110100,"[""1011100011100101""]",1,0.000244140625,False,False,,,,4.016828562367452,0.13716432900240508,{},{}
"[1, 0, 1, 0, 0, 1, 1, 1, 0, 0, 1, 0, 1, 0, 0, 0, 0, 1]",101001110010100001,"[""100001010011100101""]",1,0.000244140625,False,False,,,,2.766522718860453,0.09207736338830572,{},{}
"[1, 0, 1, 0, 0, 1, 1, 1, 0, 0, 1, 1, 0, 0, 0, 0, 1, 0]",101001110011000010,"[""10000110011100101""]",1,0.000244140625,False,False,,,,4.736730593690199,0.1631245356992934,{},{}
"[1, 0, 1, 0, 0, 1, 1, 1, 0, 1, 0, 0, 0, 1, 1, 0, 0, 1]",101001110100011001,"[""100110001011100101""]",1,0.000244140625,False,False,,,,4.041928890839832,0.13806946565565983,{},{}
"[1, 0, 1, 0, 0, 1, 1, 1, 0, 1, 1, 0, 0, 0, 1, 1, 1, 0]",101001110110001110,"[""11100011011100101""]",1,0.000244140625,False,False,,,,5.248708825878948,0.18158685439494482,{},{}
"[1, 0, 1, 0, 0, 1, 1, 1, 1, 0, 1, 0, 0, 0, 1, 1, 0, 0]",101001111010001100,"[""1100010111100101""]",1,0.000244140625,False,False,,,,6.073380929294907,0.21132514839933833,{},{}
"[1, 0, 1, 0, 0, 1, 1, 1, 1, 0, 1, 1, 0, 0, 0, 0, 0, 0]",101001111011000000,"[""110111100101""]",1,0.000244140625,False,False,,,,8.806265458406159,0.3098750123636056,{},{}
"[1, 0, 1, 0, 0, 1, 1, 1, 1, 1, 0, 0, 0, 0, 0, 1, 0, 1]",101001111100000101,"[""101000001111100101""]",1,0.000244140625,False,False,,,,8.200166228337135,0.2880186199562856,{},{}
"[1, 0, 1, 0, 1, 0, 0, 0, 0, 0, 0, 0, 0, 0, 0, 1, 0, 0]",101010000000000100,"[""1000000000010101""]",1,0.000244140625,False,False,,,,3.845737966244068,0.13099467390211875,{},{}
"[1, 0, 1, 0, 1, 0, 0, 0, 0, 0, 1, 0, 1, 1, 0, 1, 1, 1]",101010000010110111,"[""111011010000010101""]",1,0.000244140625,False,False,,,,7.986393993381136,0.28030983297687295,{},{}
"[1, 0, 1, 0, 1, 0, 0, 0, 0, 0, 1, 1, 0, 0, 0, 0, 0, 0]",101010000011000000,"[""110000010101""]",1,0.000244140625,False,False,,,,5.065058165448426,0.17496427396405426,{},{}
"[1, 0, 1, 0, 1, 0, 0, 0, 0, 0, 1, 1, 0, 0, 0, 0, 1, 0]",101010000011000010,"[""10000110000010101""]",1,0.000244140625,False,False,,,,4.315615767489594,0.14793881951065443,{},{}
"[1, 0, 1, 0, 1, 0, 0, 0, 0, 1, 0, 1, 0, 1, 0, 1, 0, 0]",101010000101010100,"[""1010101000010101""]",1,0.000244140625,False,False,,,,3.4659924729617426,0.11730076685797913,{},{}
"[1, 0, 1, 0, 1, 0, 0, 0, 0, 1, 1, 0, 1, 0, 1, 1, 1, 1]",101010000110101111,"[""111101011000010101""]",1,0.000244140625,False,False,,,,9.232170625717968,0.3252334718422822,{},{}
"[1, 0, 1, 0, 1, 0, 0, 0, 0, 1, 1, 1, 1, 1, 0, 1, 0, 0]",101010000111110100,"[""1011111000010101""]",1,0.000244140625,False,False,,,,7.93528509323236,0.27846680773984867,{},{}
"[1, 0, 1, 0, 1, 0, 0, 0, 1, 0, 0, 0, 0, 1, 0, 0, 1, 1]",101010001000010011,"[""110010000100010101""]",1,0.000244140625,False,False,,,,3.5955178230712397,0.12197154804073411,{},{}
"[1, 0, 1, 0, 1, 0, 0, 0, 1, 0, 0, 0, 0, 1, 0, 1, 1, 1]",101010001000010111,"[""111010000100010101""]",1,0.000244140625,False,False,,,,6.797052085896267,0.23742127257810883,{},{}
"[1, 0, 1, 0, 1, 0, 0, 0, 1, 0, 0, 1, 0, 0, 0, 1, 0, 0]",101010001001000100,"[""1000100100010101""]",1,0.000244140625,False,False,,,,2.301848317738854,0.07532085628732578,{},{}
"[1, 0, 1, 0, 1, 0, 0, 0, 1, 0, 0, 1, 0, 1, 0, 1, 1, 0]",101010001001010110,"[""11010100100010101""]",1,0.000244140625,False,False,,,,2.7431064032318666,0.09123295350008699,{},{}
"[1, 0, 1, 0, 1, 0, 0, 0, 1, 0, 0, 1, 0, 1, 1, 0, 0, 1]",101010001001011001,"[""100110100100010101""]",1,0.000244140625,False,False,,,,2.850520371586989,0.09510638168795921,{},{}
"[1, 0, 1, 0, 1, 0, 0, 0, 1, 0, 0, 1, 1, 0, 0, 0, 0, 0]",101010001001100000,"[""1100100010101""]",1,0.000244140625,False,False,,,,2.3035067789542913,0.07538066164149658,{},{}
"[1, 0, 1, 0, 1, 0, 0, 0, 1, 0, 1, 0, 0, 1, 1, 1, 0, 0]",101010001010011100,"[""1110010100010101""]",1,0.000244140625,False,False,,,,2.739659201253035,0.09110864481362314,{},{}
"[1, 0, 1, 0, 1, 0, 0, 0, 1, 0, 1, 0, 1, 0, 0, 0, 1, 1]",101010001010100011,"[""110001010100010101""]",1,0.000244140625,False,False,,,,2.7829155144267093,0.0926684998801113,{},{}
"[1, 0, 1, 0, 1, 0, 0, 0, 1, 0, 1, 0, 1, 0, 1, 1, 0, 0]",101010001010101100,"[""1101010100010101""]",1,0.000244140625,False,False,,,,2.7623347412306565,0.09192634177677936,{},{}
"[1, 0, 1, 0, 1, 0, 0, 0, 1, 0, 1, 1, 0, 0, 0, 1, 0, 1]",101010001011000101,"[""101000110100010101""]",1,0.000244140625,False,False,,,,4.770192099012479,0.16433118265507338,{},{}
"[1, 0, 1, 0, 1, 0, 0, 0, 1, 0, 1, 1, 0, 1, 0, 0, 1, 0]",101010001011010010,"[""10010110100010101""]",1,0.000244140625,False,False,,,,2.7998402636778295,0.09327881902040432,{},{}
"[1, 0, 1, 0, 1, 0, 0, 0, 1, 0, 1, 1, 1, 1, 1, 1, 0, 0]",101010001011111100,"[""1111110100010101""]",1,0.000244140625,False,False,,,,7.246055483290691,0.25361267154186395,{},{}
"[1, 0, 1, 0, 1, 0, 0, 0, 1, 1, 0, 0, 0, 1, 1, 0, 1, 1]",101010001100011011,"[""110110001100010101""]",1,0.000244140625,False,False,,,,4.011628340081912,0.1369768050900828,{},{}
"[1, 0, 1, 0, 1, 0, 0, 0, 1, 1, 0, 1, 0, 0, 0, 1, 0, 0]",101010001101000100,"[""1000101100010101""]",1,0.000244140625,False,False,,,,3.5077047258473026,0.11880494195346035,{},{}
"[1, 0, 1, 0, 1, 0, 0, 0, 1, 1, 0, 1, 1, 0, 0, 1, 0, 1]",101010001101100101,"[""101001101100010101""]",1,0.000244140625,False,False,,,,4.052782437279204,0.1384608526731998,{},{}
"[1, 0, 1, 0, 1, 0, 0, 0, 1, 1, 0, 1, 1, 0, 0, 1, 1, 0]",101010001101100110,"[""11001101100010101""]",1,0.000244140625,False,False,,,,3.995861679760268,0.13640824750438266,{},{}
"[1, 0, 1, 0, 1, 0, 0, 1, 0, 0, 0, 0, 1, 1, 0, 0, 1, 1]",101010010000110011,"[""110011000010010101""]",1,0.000244140625,False,False,,,,4.78924692884667,0.16501831409733467,{},{}
"[1, 0, 1, 0, 1, 0, 0, 1, 0, 0, 1, 0, 0, 0, 0, 0, 0, 0]",101010010010000000,"[""10010010101""]",1,0.000244140625,False,False,,,,3.0850622667297176,0.10356413817712715,{},{}
"[1, 0, 1, 0, 1, 0, 0, 1, 0, 0, 1, 1, 1, 1, 0, 0, 1, 1]",101010010011110011,"[""110011110010010101""]",1,0.000244140625,False,False,,,,5.2971534152329145,0.1833338025882484,{},{}
"[1, 0, 1, 0, 1, 0, 0, 1, 0, 1, 0, 0, 0, 0, 0, 0, 0, 0]",101010010100000000,"[""1010010101""]",1,0.000244140625,False,False,,,,3.026361565958623,0.10144734692086438,{},{}
"[1, 0, 1, 0, 1, 0, 0, 1, 0, 1, 0, 0, 1, 0, 0, 0, 0, 0]",101010010100100000,"[""1001010010101""]",1,0.000244140625,False,False,,,,2.2444389491765833,0.07325063143815289,{},{}
"[1, 0, 1, 0, 1, 0, 0, 1, 0, 1, 0, 1, 0, 0, 1, 0, 0, 1]",101010010101001001,"[""100100101010010101""]",1,0.000244140625,False,False,,,,2.7736514902003178,0.09233443222465516,{},{}
"[1, 0, 1, 0, 1, 0, 0, 1, 0, 1, 0, 1, 1, 0, 1, 1, 1, 0]",101010010101101110,"[""11101101010010101""]",1,0.000244140625,False,False,,,,5.29546955868123,0.18327308145922294,{},{}
"[1, 0, 1, 0, 1, 0, 0, 1, 0, 1, 1, 0, 0, 0, 1, 1, 0, 0]",101010010110001100,"[""1100011010010101""]",1,0.000244140625,False,False,,,,2.736269044272582,0.09098639321254659,{},{}
"[1, 0, 1, 0, 1, 0, 0, 1, 0, 1, 1, 0, 1, 0, 1, 0, 0, 1]",101010010110101001,"[""100101011010010101""]",1,0.000244140625,False,False,,,,3.9530824243006286,0.13486559549653837,{},{}
"[1, 0, 1, 0, 1, 0, 0, 1, 1, 0, 0, 0, 0, 0, 0, 0, 1, 1]",101010011000000011,"[""110000000110010101""]",1,0.000244140625,False,False,,,,5.62084572370325,0.19500638978548546,{},{}
"[1, 0, 1, 0, 1, 0, 0, 1, 1, 0, 0, 1, 0, 0, 0, 1, 1, 1]",101010011001000111,"[""111000100110010101""]",1,0.000244140625,False,False,,,,8.053975118028156,0.28274685897250906,{},{}
"[1, 0, 1, 0, 1, 0, 0, 1, 1, 0, 0, 1, 0, 1, 0, 0, 0, 1]",101010011001010001,"[""100010100110010101""]",1,0.000244140625,False,False,,,,2.8317574676169635,0.09442977731110982,{},{}
"[1, 0, 1, 0, 1, 0, 0, 1, 1, 0, 1, 0, 1, 1, 1, 1, 0, 0]",101010011010111100,"[""1111010110010101""]",1,0.000244140625,False,False,,,,7.290588004337883,0.25521854762057766,{},{}
"[1, 0, 1, 0, 1, 0, 0, 1, 1, 0, 1, 1, 0, 1, 0, 1, 0, 1]",101010011011010101,"[""101010110110010101""]",1,0.000244140625,False,False,,,,5.289106692854869,0.18304363174960983,{},{}
"[1, 0, 1, 0, 1, 0, 0, 1, 1, 0, 1, 1, 0, 1, 1, 0, 0, 0]",101010011011011000,"[""110110110010101""]",1,0.000244140625,False,False,,,,6.109027853214933,0.21261060318736244,{},{}
"[1, 0, 1, 0, 1, 0, 0, 1, 1, 1, 0, 0, 0, 1, 0, 0, 0, 1]",101010011100010001,"[""100010001110010101""]",1,0.000244140625,False,False,,,,2.7738978994407066,0.09234331792650652,{},{}
"[1, 0, 1, 0, 1, 0, 0, 1, 1, 1, 0, 0, 0, 1, 1, 0, 1, 0]",101010011100011010,"[""10110001110010101""]",1,0.000244140625,False,False,,,,4.024466574569857,0.13743976144584946,{},{}
"[1, 0, 1, 0, 1, 0, 0, 1, 1, 1, 0, 0, 1, 0, 0, 0, 1, 0]",101010011100100010,"[""10001001110010101""]",1,0.000244140625,False,False,,,,2.73645652534539,0.09099315392051807,{},{}
"[1, 0, 1, 0, 1, 0, 1, 0, 0, 0, 0, 1, 0, 0, 0, 1, 1, 0]",101010100001000110,"[""11000100001010101""]",1,0.000244140625,False,False,,,,3.5336615974440404,0.11974096619361672,{},{}
"[1, 0, 1, 0, 1, 0, 1, 0, 0, 0, 1, 0, 0, 1, 1, 0, 0, 0]",101010100010011000,"[""110010001010101""]",1,0.000244140625,False,False,,,,3.4944142919538015,0.11832567894828078,{},{}
"[1, 0, 1, 0, 1, 0, 1, 0, 0, 0, 1, 0, 0, 1, 1, 1, 1, 1]",101010100010011111,"[""111110010001010101""]",1,0.000244140625,False,False,,,,7.252753886667637,0.253854220986981,{},{}
"[1, 0, 1, 0, 1, 0, 1, 0, 0, 0, 1, 0, 1, 0, 0, 0, 1, 0]",101010100010100010,"[""10001010001010101""]",1,0.000244140625,False,False,,,,1.5055831338200987,0.04660693708628474,{},{}
"[1, 0, 1, 0, 1, 0, 1, 0, 0, 0, 1, 1, 0, 1, 0, 1, 0, 0]",101010100011010100,"[""1010110001010101""]",1,0.000244140625,False,False,,,,2.7148364165183736,0.09021351659552358,{},{}
"[1, 0, 1, 0, 1, 0, 1, 0, 0, 1, 0, 0, 0, 1, 1, 0, 0, 1]",101010100100011001,"[""100110001001010101""]",1,0.000244140625,False,False,,,,2.734806800383744,0.09093366360220538,{},{}
"[1, 0, 1, 0, 1, 0, 1, 0, 0, 1, 0, 0, 1, 0, 0, 0, 0, 1]",101010100100100001,"[""100001001001010101""]",1,0.000244140625,False,False,,,,1.5494764303895265,0.04818976225133739,{},{}
"[1, 0, 1, 0, 1, 0, 1, 0, 0, 1, 0, 0, 1, 0, 0, 1, 1, 0]",101010100100100110,"[""11001001001010101""]",1,0.000244140625,False,False,,,,2.839707866013989,0.09471647463481395,{},{}
"[1, 0, 1, 0, 1, 0, 1, 0, 1, 0, 0, 0, 1, 1, 0, 0, 1, 1]",101010101000110011,"[""110011000101010101""]",1,0.000244140625,False,False,,,,6.045816905157296,0.2103311690342633,{},{}
"[1, 0, 1, 0, 1, 0, 1, 0, 1, 0, 0, 0, 1, 1, 1, 0, 1, 0]",101010101000111010,"[""10111000101010101""]",1,0.000244140625,False,False,,,,8.026343593707562,0.2817504455002555,{},{}
"[1, 0, 1, 0, 1, 0, 1, 0, 1, 0, 0, 1, 0, 0, 1, 1, 1, 0]",101010101001001110,"[""11100100101010101""]",1,0.000244140625,False,False,,,,4.059437267829325,0.13870083084953094,{},{}
"[1, 0, 1, 0, 1, 0, 1, 0, 1, 0, 1, 0, 0, 1, 1, 0, 1, 1]",101010101010011011,"[""110110010101010101""]",1,0.000244140625,False,False,,,,5.297804541463158,0.1833572826880223,{},{}
"[1, 0, 1, 0, 1, 0, 1, 0, 1, 0, 1, 1, 0, 1, 0, 0, 0, 0]",101010101011010000,"[""10110101010101""]",1,0.000244140625,False,False,,,,4.7383274269395494,0.16318211870282712,{},{}
"[1, 0, 1, 0, 1, 0, 1, 0, 1, 0, 1, 1, 0, 1, 0, 0, 0, 1]",101010101011010001,"[""100010110101010101""]",1,0.000244140625,False,False,,,,4.008073208418833,0.13684860437832957,{},{}
"[1, 0, 1, 0, 1, 0, 1, 0, 1, 0, 1, 1, 1, 1, 0, 0, 1, 0]",101010101011110010,"[""10011110101010101""]",1,0.000244140625,False,False,,,,5.259478015028721,0.18197519942541004,{},{}
"[1, 0, 1, 0, 1, 0, 1, 0, 1, 1, 0, 0, 0, 0, 0, 1, 0, 0]",101010101100000100,"[""1000001101010101""]",1,0.000244140625,False,False,,,,3.5672375160823915,0.12095173897930805,{},{}
"[1, 0, 1, 0, 1, 0, 1, 0, 1, 1, 0, 0, 1, 0, 0, 0, 0, 0]",101010101100100000,"[""1001101010101""]",1,0.000244140625,False,False,,,,3.5703371302201683,0.12106351338776393,{},{}
"[1, 0, 1, 0, 1, 0, 1, 0, 1, 1, 0, 0, 1, 0, 1, 0, 1, 1]",101010101100101011,"[""110101001101010101""]",1,0.000244140625,False,False,,,,5.311077922031844,0.18383593073753038,{},{}
"[1, 0, 1, 0, 1, 0, 1, 0, 1, 1, 1, 0, 1, 1, 0, 1, 1, 0]",101010101110110110,"[""11011011101010101""]",1,0.000244140625,False,False,,,,6.555968306040736,0.22872761082413767,{},{}
"[1, 0, 1, 0, 1, 0, 1, 1, 0, 0, 0, 0, 0, 1, 1, 0, 0, 0]",101010110000011000,"[""110000011010101""]",1,0.000244140625,False,False,,,,5.55205283441697,0.19252566664894058,{},{}
"[1, 0, 1, 0, 1, 0, 1, 1, 0, 0, 0, 0, 1, 0, 1, 0, 1, 0]",101010110000101010,"[""10101000011010101""]",1,0.000244140625,False,False,,,,4.796257960705482,0.1652711371597711,{},{}
"[1, 0, 1, 0, 1, 0, 1, 1, 0, 0, 0, 1, 0, 1, 1, 1, 1, 0]",101010110001011110,"[""11110100011010101""]",1,0.000244140625,False,False,,,,5.330835844380124,0.18454841622270116,{},{}
"[1, 0, 1, 0, 1, 0, 1, 1, 0, 0, 1, 0, 1, 0, 0, 1, 0, 1]",101010110010100101,"[""101001010011010101""]",1,0.000244140625,False,False,,,,4.01669254027927,0.1371594239439792,{},{}
"[1, 0, 1, 0, 1, 0, 1, 1, 0, 0, 1, 1, 0, 0, 0, 0, 0, 1]",101010110011000001,"[""100000110011010101""]",1,0.000244140625,False,False,,,,4.74853041469991,0.1635500460869159,{},{}
"[1, 0, 1, 0, 1, 0, 1, 1, 0, 0, 1, 1, 0, 0, 0, 0, 1, 0]",101010110011000010,"[""10000110011010101""]",1,0.000244140625,False,False,,,,4.8005351766215085,0.16542537677076824,{},{}
"[1, 0, 1, 0, 1, 0, 1, 1, 0, 0, 1, 1, 1, 0, 1, 0, 1, 1]",101010110011101011,"[""110101110011010101""]",1,0.000244140625,False,False,,,,6.555546740750668,0.22871240886388441,{},{}
"[1, 0, 1, 0, 1, 0, 1, 1, 0, 1, 0, 0, 0, 1, 1, 0, 1, 1]",101010110100011011,"[""110110001011010101""]",1,0.000244140625,False,False,,,,5.2722430524287915,0.18243551623933882,{},{}
"[1, 0, 1, 0, 1, 0, 1, 1, 0, 1, 0, 1, 0, 0, 1, 0, 0, 1]",101010110101001001,"[""100100101011010101""]",1,0.000244140625,False,False,,,,4.026493635204901,0.1375128587712955,{},{}
"[1, 0, 1, 0, 1, 0, 1, 1, 0, 1, 1, 0, 0, 0, 0, 0, 1, 0]",101010110110000010,"[""10000011011010101""]",1,0.000244140625,False,False,,,,4.755107106764638,0.16378720653091192,{},{}
"[1, 0, 1, 0, 1, 0, 1, 1, 1, 0, 0, 0, 0, 1, 1, 0, 1, 0]",101010111000011010,"[""10110000111010101""]",1,0.000244140625,False,False,,,,8.076067201707607,0.2835435160643494,{},{}
"[1, 0, 1, 0, 1, 0, 1, 1, 1, 0, 1, 0, 0, 0, 1, 0, 0, 1]",101010111010001001,"[""100100010111010101""]",1,0.000244140625,False,False,,,,6.061417116845349,0.2108937243575105,{},{}
"[1, 0, 1, 0, 1, 0, 1, 1, 1, 1, 0, 0, 0, 0, 0, 0, 0, 0]",101010111100000000,"[""1111010101""]",1,0.000244140625,False,False,,,,7.525278575332461,0.26368166547237126,{},{}
"[1, 0, 1, 0, 1, 0, 1, 1, 1, 1, 0, 1, 1, 0, 1, 1, 1, 0]",101010111101101110,"[""11101101111010101""]",1,0.000244140625,False,False,,,,9.894650670543328,0.3491229986778022,{},{}
"[1, 0, 1, 0, 1, 0, 1, 1, 1, 1, 1, 1, 0, 0, 0, 1, 0, 0]",101010111111000100,"[""1000111111010101""]",1,0.000244140625,False,False,,,,11.269868948070958,0.3987144002638751,{},{}
"[1, 0, 1, 0, 1, 0, 1, 1, 1, 1, 1, 1, 1, 0, 0, 0, 0, 0]",101010111111100000,"[""1111111010101""]",1,0.000244140625,False,False,,,,11.272968562208733,0.398826174672331,{},{}
"[1, 0, 1, 0, 1, 1, 0, 0, 0, 0, 1, 0, 0, 1, 0, 1, 0, 0]",101011000010010100,"[""1010010000110101""]",1,0.000244140625,False,False,,,,3.4908278841458253,0.11819635039530624,{},{}
"[1, 0, 1, 0, 1, 1, 0, 0, 0, 0, 1, 0, 1, 1, 0, 0, 1, 0]",101011000010110010,"[""10011010000110101""]",1,0.000244140625,False,False,,,,4.755642823533421,0.16380652487902525,{},{}
"[1, 0, 1, 0, 1, 1, 0, 0, 0, 1, 0, 1, 1, 1, 0, 0, 0, 1]",101011000101110001,"[""100011101000110101""]",1,0.000244140625,False,False,,,,5.997825459788374,0.20860056155261686,{},{}
"[1, 0, 1, 0, 1, 1, 0, 0, 0, 1, 1, 0, 0, 0, 0, 0, 1, 0]",101011000110000010,"[""10000011000110101""]",1,0.000244140625,False,False,,,,5.485153725152922,0.190113234639072,{},{}
"[1, 0, 1, 0, 1, 1, 0, 0, 1, 0, 0, 1, 0, 0, 1, 0, 0, 1]",101011001001001001,"[""100100100100110101""]",1,0.000244140625,False,False,,,,2.978471201969934,0.09972038450953284,{},{}
"[1, 0, 1, 0, 1, 1, 0, 0, 1, 0, 0, 1, 0, 0, 1, 1, 0, 0]",101011001001001100,"[""1100100100110101""]",1,0.000244140625,False,False,,,,2.8714638533340002,0.09586161933342872,{},{}
"[1, 0, 1, 0, 1, 1, 0, 0, 1, 0, 1, 0, 1, 1, 1, 0, 1, 1]",101011001010111011,"[""110111010100110101""]",1,0.000244140625,False,False,,,,8.644579792776701,0.3040445061043686,{},{}
"[1, 0, 1, 0, 1, 1, 0, 0, 1, 0, 1, 1, 0, 0, 1, 1, 1, 0]",101011001011001110,"[""11100110100110101""]",1,0.000244140625,False,False,,,,5.329958124434347,0.18451676498375066,{},{}
"[1, 0, 1, 0, 1, 1, 0, 0, 1, 1, 0, 0, 1, 0, 0, 0, 0, 1]",101011001100100001,"[""100001001100110101""]",1,0.000244140625,False,False,,,,2.883401336484268,0.09629209392099472,{},{}
"[1, 0, 1, 0, 1, 1, 0, 0, 1, 1, 0, 0, 1, 1, 0, 0, 0, 0]",101011001100110000,"[""11001100110101""]",1,0.000244140625,False,False,,,,4.757662692132655,0.16387936285427077,{},{}
"[1, 0, 1, 0, 1, 1, 0, 0, 1, 1, 0, 0, 1, 1, 0, 0, 0, 1]",101011001100110001,"[""100011001100110101""]",1,0.000244140625,False,False,,,,4.091338005543445,0.13985119535582374,{},{}
"[1, 0, 1, 0, 1, 1, 0, 0, 1, 1, 1, 1, 0, 1, 1, 1, 0, 1]",101011001111011101,"[""101110111100110101""]",1,0.000244140625,False,False,,,,9.856703974709918,0.34775461239128314,{},{}
"[1, 0, 1, 0, 1, 1, 0, 0, 1, 1, 1, 1, 1, 0, 1, 0, 1, 0]",101011001111101010,"[""10101111100110101""]",1,0.000244140625,False,False,,,,8.529575477415737,0.29989736431575725,{},{}
"[1, 0, 1, 0, 1, 1, 0, 1, 0, 0, 0, 0, 0, 1, 1, 1, 1, 0]",101011010000011110,"[""11110000010110101""]",1,0.000244140625,False,False,,,,6.08457591590242,0.21172884800519431,{},{}
"[1, 0, 1, 0, 1, 1, 0, 1, 0, 0, 0, 0, 1, 1, 0, 0, 0, 0]",101011010000110000,"[""11000010110101""]",1,0.000244140625,False,False,,,,5.522108880029926,0.19144586521570728,{},{}
"[1, 0, 1, 0, 1, 1, 0, 1, 0, 0, 0, 1, 0, 0, 0, 1, 0, 1]",101011010001000101,"[""101000100010110101""]",1,0.000244140625,False,False,,,,4.815929922571101,0.16598052284552398,{},{}
"[1, 0, 1, 0, 1, 1, 0, 1, 0, 0, 1, 0, 0, 1, 0, 1, 0, 0]",101011010010010100,"[""1010010010110101""]",1,0.000244140625,False,False,,,,2.777706534149705,0.09248066014805419,{},{}
"[1, 0, 1, 0, 1, 1, 0, 1, 0, 0, 1, 0, 1, 0, 1, 1, 0, 1]",101011010010101101,"[""101101010010110101""]",1,0.000244140625,False,False,,,,5.302357094020778,0.1835214511446345,{},{}
"[1, 0, 1, 0, 1, 1, 0, 1, 0, 1, 0, 1, 0, 1, 0, 0, 1, 1]",101011010101010011,"[""110010101010110101""]",1,0.000244140625,False,False,,,,5.325081844957959,0.18434092269186791,{},{}
"[1, 0, 1, 0, 1, 1, 0, 1, 0, 1, 0, 1, 0, 1, 1, 0, 0, 0]",101011010101011000,"[""110101010110101""]",1,0.000244140625,False,False,,,,6.026227877664505,0.2096247740241402,{},{}
"[1, 0, 1, 0, 1, 1, 0, 1, 0, 1, 0, 1, 1, 0, 0, 0, 0, 0]",101011010101100000,"[""1101010110101""]",1,0.000244140625,False,False,,,,4.717785486278702,0.16244136092981323,{},{}
"[1, 0, 1, 0, 1, 1, 0, 1, 0, 1, 0, 1, 1, 0, 0, 1, 0, 0]",101011010101100100,"[""1001101010110101""]",1,0.000244140625,False,False,,,,4.000797624280717,0.1365862413624633,{},{}
"[1, 0, 1, 0, 1, 1, 0, 1, 1, 0, 0, 1, 0, 1, 1, 1, 0, 1]",101011011001011101,"[""101110100110110101""]",1,0.000244140625,False,False,,,,6.685514136498314,0.2333991305435911,{},{}
"[1, 0, 1, 0, 1, 1, 0, 1, 1, 0, 0, 1, 1, 0, 0, 0, 0, 1]",101011011001100001,"[""100001100110110101""]",1,0.000244140625,False,False,,,,4.127621604817662,0.14115960913420278,{},{}
"[1, 0, 1, 0, 1, 1, 0, 1, 1, 0, 1, 0, 1, 0, 0, 1, 1, 1]",101011011010100111,"[""111001010110110101""]",1,0.000244140625,False,False,,,,8.666632202815903,0.3048397325350127,{},{}
"[1, 0, 1, 0, 1, 1, 0, 1, 1, 0, 1, 1, 0, 1, 1, 0, 0, 0]",101011011011011000,"[""110110110110101""]",1,0.000244140625,False,False,,,,7.39678085341054,0.25904794133209746,{},{}
"[1, 0, 1, 0, 1, 1, 1, 0, 0, 0, 0, 1, 0, 1, 1, 1, 0, 1]",101011100001011101,"[""101110100001110101""]",1,0.000244140625,False,False,,,,5.340810303553601,0.1849081026947026,{},{}
"[1, 0, 1, 0, 1, 1, 1, 0, 0, 1, 0, 1, 1, 1, 0, 1, 0, 1]",101011100101110101,"[""101011101001110101""]",1,0.000244140625,False,False,,,,6.623164023096059,0.23115073873321806,{},{}
"[1, 0, 1, 0, 1, 1, 1, 1, 0, 0, 0, 1, 0, 1, 1, 1, 0, 0]",101011110001011100,"[""1110100011110101""]",1,0.000244140625,False,False,,,,5.305427569248156,0.18363217478214663,{},{}
"[1, 0, 1, 0, 1, 1, 1, 1, 0, 0, 1, 1, 1, 1, 0, 0, 1, 1]",101011110011110011,"[""110011110011110101""]",1,0.000244140625,False,False,,,,7.857117650693585,0.2756480311883432,{},{}
"[1, 0, 1, 0, 1, 1, 1, 1, 0, 1, 0, 0, 0, 0, 0, 1, 0, 1]",101011110100000101,"[""101000001011110101""]",1,0.000244140625,False,False,,,,6.087054907873629,0.2118182423132702,{},{}
"[1, 0, 1, 0, 1, 1, 1, 1, 0, 1, 0, 0, 0, 0, 1, 0, 0, 0]",101011110100001000,"[""100001011110101""]",1,0.000244140625,False,False,,,,4.763330070252497,0.1640837327560339,{},{}
"[1, 0, 1, 0, 1, 1, 1, 1, 1, 0, 0, 0, 0, 1, 1, 0, 1, 0]",101011111000011010,"[""10110000111110101""]",1,0.000244140625,False,False,,,,9.373158871168052,0.330317613620561,{},{}
"[1, 0, 1, 0, 1, 1, 1, 1, 1, 0, 0, 1, 0, 1, 0, 0, 1, 0]",101011111001010010,"[""10010100111110101""]",1,0.000244140625,False,False,,,,7.354481532638381,0.2575225961287153,{},{}
"[1, 0, 1, 0, 1, 1, 1, 1, 1, 0, 1, 1, 1, 1, 0, 0, 1, 1]",101011111011110011,"[""110011110111110101""]",1,0.000244140625,False,False,,,,11.214564794510054,0.39672009104516165,{},{}
"[1, 0, 1, 0, 1, 1, 1, 1, 1, 1, 1, 0, 0, 1, 0, 1, 1, 0]",101011111110010110,"[""11010011111110101""]",1,0.000244140625,False,False,,,,9.883159980419114,0.34870863578155314,{},{}
"[1, 0, 1, 1, 0, 0, 0, 0, 0, 0, 1, 0, 0, 0, 1, 0, 1, 0]",101100000010001010,"[""10100010000001101""]",1,0.000244140625,False,False,,,,2.2846065315560584,0.07469910455770988,{},{}
"[1, 0, 1, 1, 0, 0, 0, 0, 0, 0, 1, 1, 0, 0, 1, 0, 1, 0]",101100000011001010,"[""10100110000001101""]",1,0.000244140625,False,False,,,,3.5463505755035873,0.12019854025073233,{},{}
"[1, 0, 1, 1, 0, 0, 0, 0, 0, 0, 1, 1, 1, 0, 0, 0, 1, 0]",101100000011100010,"[""10001110000001101""]",1,0.000244140625,False,False,,,,3.494466142226557,0.11832754870796952,{},{}
"[1, 0, 1, 1, 0, 0, 0, 0, 0, 1, 0, 1, 0, 1, 0, 1, 1, 0]",101100000101010110,"[""11010101000001101""]",1,0.000244140625,False,False,,,,4.764245297183289,0.16411673652496933,{},{}
"[1, 0, 1, 1, 0, 0, 0, 0, 0, 1, 1, 0, 0, 1, 1, 1, 0, 1]",101100000110011101,"[""101110011000001101""]",1,0.000244140625,False,False,,,,6.019764054496567,0.20939168371713898,{},{}
"[1, 0, 1, 1, 0, 0, 0, 0, 1, 0, 0, 0, 1, 0, 1, 1, 0, 0]",101100001000101100,"[""1101000100001101""]",1,0.000244140625,False,False,,,,3.717904322199117,0.12638489690770494,{},{}
"[1, 0, 1, 1, 0, 0, 0, 0, 1, 0, 0, 1, 0, 0, 1, 1, 1, 0]",101100001001001110,"[""11100100100001101""]",1,0.000244140625,False,False,,,,2.8512839854974477,0.09513391817777254,{},{}
"[1, 0, 1, 1, 0, 0, 0, 0, 1, 0, 0, 1, 1, 1, 0, 1, 0, 0]",101100001001110100,"[""1011100100001101""]",1,0.000244140625,False,False,,,,2.820175678683916,0.09401212932355074,{},{}
"[1, 0, 1, 1, 0, 0, 0, 0, 1, 0, 1, 0, 0, 1, 0, 0, 0, 1]",101100001010010001,"[""100010010100001101""]",1,0.000244140625,False,False,,,,1.5237067080995312,0.04726048675541958,{},{}
"[1, 0, 1, 1, 0, 0, 0, 0, 1, 0, 1, 0, 0, 1, 0, 0, 1, 1]",101100001010010011,"[""110010010100001101""]",1,0.000244140625,False,False,,,,2.7594812853914767,0.09182344402102578,{},{}
"[1, 0, 1, 1, 0, 0, 0, 0, 1, 0, 1, 0, 1, 1, 0, 1, 0, 1]",101100001010110101,"[""101011010100001101""]",1,0.000244140625,False,False,,,,4.060818642238111,0.1387506442458232,{},{}
"[1, 0, 1, 1, 0, 0, 0, 0, 1, 0, 1, 1, 0, 0, 1, 1, 0, 1]",101100001011001101,"[""101100110100001101""]",1,0.000244140625,False,False,,,,4.108243895733064,0.14046083442422724,{},{}
"[1, 0, 1, 1, 0, 0, 0, 0, 1, 1, 0, 0, 1, 1, 0, 1, 0, 0]",101100001100110100,"[""1011001100001101""]",1,0.000244140625,False,False,,,,2.8813591859538636,0.0962184524426146,{},{}
"[1, 0, 1, 1, 0, 0, 0, 1, 0, 0, 0, 0, 0, 1, 0, 0, 1, 1]",101100010000010011,"[""110010000010001101""]",1,0.000244140625,False,False,,,,3.5281146275695416,0.11954093830340669,{},{}
"[1, 0, 1, 1, 0, 0, 0, 1, 0, 0, 1, 0, 0, 0, 0, 1, 0, 1]",101100010010000101,"[""101000010010001101""]",1,0.000244140625,False,False,,,,3.535333827152286,0.11980126804995538,{},{}
"[1, 0, 1, 1, 0, 0, 0, 1, 0, 0, 1, 1, 0, 0, 1, 0, 0, 1]",101100010011001001,"[""100100110010001101""]",1,0.000244140625,False,False,,,,2.793896998272464,0.09306450041639334,{},{}
"[1, 0, 1, 1, 0, 0, 0, 1, 0, 0, 1, 1, 0, 1, 0, 0, 0, 0]",101100010011010000,"[""10110010001101""]",1,0.000244140625,False,False,,,,3.4893990814559803,0.11814482669965937,{},{}
"[1, 0, 1, 1, 0, 0, 0, 1, 0, 0, 1, 1, 0, 1, 1, 0, 0, 1]",101100010011011001,"[""100110110010001101""]",1,0.000244140625,False,False,,,,4.02233005980513,0.13736271712246928,{},{}
"[1, 0, 1, 1, 0, 0, 0, 1, 0, 0, 1, 1, 1, 0, 0, 0, 0, 0]",101100010011100000,"[""1110010001101""]",1,0.000244140625,False,False,,,,3.508180307653154,0.11882209178974917,{},{}
"[1, 0, 1, 1, 0, 0, 0, 1, 0, 1, 0, 1, 0, 1, 0, 1, 1, 1]",101100010101010111,"[""111010101010001101""]",1,0.000244140625,False,False,,,,7.265923379568818,0.25432912276935227,{},{}
"[1, 0, 1, 1, 0, 0, 0, 1, 0, 1, 1, 1, 1, 0, 0, 0, 1, 0]",101100010111100010,"[""10001111010001101""]",1,0.000244140625,False,False,,,,5.9834821795423165,0.20808333211903005,{},{}
"[1, 0, 1, 1, 0, 0, 0, 1, 1, 0, 1, 0, 0, 1, 0, 0, 0, 0]",101100011010010000,"[""10010110001101""]",1,0.000244140625,False,False,,,,3.5203944234715214,0.11926254195861723,{},{}
"[1, 0, 1, 1, 0, 0, 0, 1, 1, 1, 0, 1, 0, 1, 0, 1, 1, 0]",101100011101010110,"[""11010101110001101""]",1,0.000244140625,False,False,,,,5.253752861107131,0.18176874608494245,{},{}
"[1, 0, 1, 1, 0, 0, 0, 1, 1, 1, 1, 0, 1, 1, 0, 1, 0, 1]",101100011110110101,"[""101011011110001101""]",1,0.000244140625,False,False,,,,6.610692108594373,0.23070099215065212,{},{}
"[1, 0, 1, 1, 0, 0, 0, 1, 1, 1, 1, 1, 0, 1, 1, 0, 1, 0]",101100011111011010,"[""10110111110001101""]",1,0.000244140625,False,False,,,,8.51620684847843,0.2994152815387038,{},{}
"[1, 0, 1, 1, 0, 0, 1, 0, 0, 0, 0, 0, 0, 0, 0, 1, 1, 0]",101100100000000110,"[""11000000001001101""]",1,0.000244140625,False,False,,,,4.3817072399254915,0.1503221275313098,{},{}
"[1, 0, 1, 1, 0, 0, 1, 0, 0, 0, 0, 0, 1, 0, 1, 0, 1, 0]",101100100000101010,"[""10101000001001101""]",1,0.000244140625,False,False,,,,3.6336381711704773,0.12334619635808255,{},{}
"[1, 0, 1, 1, 0, 0, 1, 0, 0, 0, 1, 0, 0, 0, 0, 0, 1, 1]",101100100010000011,"[""110000010001001101""]",1,0.000244140625,False,False,,,,3.5054536233421008,0.11872376551029412,{},{}
"[1, 0, 1, 1, 0, 0, 1, 0, 0, 0, 1, 0, 0, 0, 1, 0, 0, 1]",101100100010001001,"[""100100010001001101""]",1,0.000244140625,False,False,,,,1.5512277307403641,0.04825291545429827,{},{}
"[1, 0, 1, 1, 0, 0, 1, 0, 0, 0, 1, 0, 0, 0, 1, 0, 1, 0]",101100100010001010,"[""10100010001001101""]",1,0.000244140625,False,False,,,,1.524776141874045,0.04729905133869211,{},{}
"[1, 0, 1, 1, 0, 0, 1, 0, 0, 0, 1, 0, 0, 1, 0, 1, 1, 0]",101100100010010110,"[""11010010001001101""]",1,0.000244140625,False,False,,,,2.7648183719913977,0.09201590336308177,{},{}
"[1, 0, 1, 1, 0, 0, 1, 0, 0, 0, 1, 0, 1, 1, 1, 0, 1, 0]",101100100010111010,"[""10111010001001101""]",1,0.000244140625,False,False,,,,6.024646819578881,0.2095677598848313,{},{}
"[1, 0, 1, 1, 0, 0, 1, 0, 0, 0, 1, 1, 0, 0, 0, 0, 1, 0]",101100100011000010,"[""10000110001001101""]",1,0.000244140625,False,False,,,,3.5125551667645345,0.11897985248753819,{},{}
"[1, 0, 1, 1, 0, 0, 1, 0, 0, 0, 1, 1, 1, 1, 1, 1, 1, 0]",101100100011111110,"[""11111110001001101""]",1,0.000244140625,False,False,,,,8.628207589967023,0.30345411220279606,{},{}
"[1, 0, 1, 1, 0, 0, 1, 0, 0, 1, 0, 0, 0, 0, 0, 0, 0, 1]",101100100100000001,"[""100000001001001101""]",1,0.000244140625,False,False,,,,2.4101951910287283,0.07922792572620296,{},{}
"[1, 0, 1, 1, 0, 0, 1, 0, 0, 1, 0, 0, 1, 1, 0, 1, 0, 1]",101100100100110101,"[""101011001001001101""]",1,0.000244140625,False,False,,,,4.255013008344847,0.1457534386041599,{},{}
"[1, 0, 1, 1, 0, 0, 1, 0, 0, 1, 0, 1, 0, 1, 1, 0, 1, 0]",101100100101011010,"[""10110101001001101""]",1,0.000244140625,False,False,,,,4.061961004555793,0.13879183868701025,{},{}
"[1, 0, 1, 1, 0, 0, 1, 0, 0, 1, 1, 0, 0, 0, 1, 0, 1, 1]",101100100110001011,"[""110100011001001101""]",1,0.000244140625,False,False,,,,4.013930726498535,0.13705983086952372,{},{}
"[1, 0, 1, 1, 0, 0, 1, 0, 0, 1, 1, 1, 1, 0, 0, 1, 0, 1]",101100100111100101,"[""101001111001001101""]",1,0.000244140625,False,False,,,,7.477269470579889,0.2619504211801176,{},{}
"[1, 0, 1, 1, 0, 0, 1, 0, 1, 0, 0, 0, 1, 0, 1, 1, 0, 1]",101100101000101101,"[""101101000101001101""]",1,0.000244140625,False,False,,,,6.320906876603319,0.22025111953899834,{},{}
"[1, 0, 1, 1, 0, 0, 1, 0, 1, 0, 0, 0, 1, 1, 0, 0, 0, 1]",101100101000110001,"[""100011000101001101""]",1,0.000244140625,False,False,,,,4.884238746362292,0.16844379021758898,{},{}
"[1, 0, 1, 1, 0, 0, 1, 0, 1, 0, 0, 1, 0, 1, 0, 0, 0, 1]",101100101001010001,"[""100010100101001101""]",1,0.000244140625,False,False,,,,2.82171572059828,0.09406766438898916,{},{}
"[1, 0, 1, 1, 0, 0, 1, 0, 1, 0, 0, 1, 1, 1, 0, 0, 0, 0]",101100101001110000,"[""11100101001101""]",1,0.000244140625,False,False,,,,4.83819058004039,0.16678325883454398,{},{}
"[1, 0, 1, 1, 0, 0, 1, 0, 1, 0, 1, 0, 0, 1, 1, 0, 0, 0]",101100101010011000,"[""110010101001101""]",1,0.000244140625,False,False,,,,4.765242074880961,0.16415268107566724,{},{}
"[1, 0, 1, 1, 0, 0, 1, 0, 1, 0, 1, 1, 1, 1, 0, 1, 0, 0]",101100101011110100,"[""1011110101001101""]",1,0.000244140625,False,False,,,,5.348027248841127,0.1851683511496765,{},{}
"[1, 0, 1, 1, 0, 0, 1, 0, 1, 0, 1, 1, 1, 1, 1, 0, 0, 1]",101100101011111001,"[""100111110101001101""]",1,0.000244140625,False,False,,,,8.592291210494,0.3021589406456186,{},{}
"[1, 0, 1, 1, 0, 0, 1, 0, 1, 1, 0, 0, 0, 1, 0, 0, 0, 0]",101100101100010000,"[""10001101001101""]",1,0.000244140625,False,False,,,,3.5771382878236695,0.12130876822728785,{},{}
"[1, 0, 1, 1, 0, 0, 1, 0, 1, 1, 0, 0, 0, 1, 1, 0, 1, 1]",101100101100011011,"[""110110001101001101""]",1,0.000244140625,False,False,,,,5.320332240493455,0.1841696483958357,{},{}
"[1, 0, 1, 1, 0, 0, 1, 0, 1, 1, 0, 0, 1, 0, 1, 0, 0, 1]",101100101100101001,"[""100101001101001101""]",1,0.000244140625,False,False,,,,4.26941562807442,0.1462728078639874,{},{}
"[1, 0, 1, 1, 0, 0, 1, 0, 1, 1, 1, 0, 1, 1, 0, 0, 0, 0]",101100101110110000,"[""11011101001101""]",1,0.000244140625,False,False,,,,6.072838385154849,0.21130558385110082,{},{}
"[1, 0, 1, 1, 0, 0, 1, 1, 0, 0, 0, 1, 0, 0, 0, 0, 0, 0]",101100110001000000,"[""100011001101""]",1,0.000244140625,False,False,,,,4.337010001661623,0.14871031162633444,{},{}
"[1, 0, 1, 1, 0, 0, 1, 1, 0, 0, 0, 1, 0, 1, 0, 1, 0, 0]",101100110001010100,"[""1010100011001101""]",1,0.000244140625,False,False,,,,2.8122726648194236,0.09372714072159662,{},{}
"[1, 0, 1, 1, 0, 0, 1, 1, 0, 0, 0, 1, 1, 1, 1, 1, 0, 0]",101100110001111100,"[""1111100011001101""]",1,0.000244140625,False,False,,,,7.445507904217507,0.2608050752970543,{},{}
"[1, 0, 1, 1, 0, 0, 1, 1, 0, 0, 1, 0, 1, 1, 1, 0, 0, 0]",101100110010111000,"[""111010011001101""]",1,0.000244140625,False,False,,,,8.061041526097195,0.28300167894258166,{},{}
"[1, 0, 1, 1, 0, 0, 1, 1, 0, 1, 0, 0, 1, 0, 0, 0, 1, 0]",101100110100100010,"[""10001001011001101""]",1,0.000244140625,False,False,,,,2.865328852238358,0.09564038659675222,{},{}
"[1, 0, 1, 1, 0, 0, 1, 1, 0, 1, 1, 0, 1, 0, 0, 1, 0, 0]",101100110110100100,"[""1001011011001101""]",1,0.000244140625,False,False,,,,4.217141882955295,0.1443877774444739,{},{}
"[1, 0, 1, 1, 0, 0, 1, 1, 0, 1, 1, 0, 1, 1, 0, 1, 0, 0]",101100110110110100,"[""1011011011001101""]",1,0.000244140625,False,False,,,,5.429779911802967,0.1881164134361669,{},{}
"[1, 0, 1, 1, 0, 0, 1, 1, 1, 0, 0, 0, 0, 1, 0, 1, 0, 0]",101100111000010100,"[""1010000111001101""]",1,0.000244140625,False,False,,,,6.8439885832961345,0.23911383784548235,{},{}
"[1, 0, 1, 1, 0, 0, 1, 1, 1, 1, 1, 0, 0, 0, 1, 1, 1, 0]",101100111110001110,"[""11100011111001101""]",1,0.000244140625,False,False,,,,8.625805464013728,0.3033674897409246,{},{}
"[1, 0, 1, 1, 0, 1, 0, 0, 0, 0, 1, 0, 0, 1, 0, 1, 0, 1]",101101000010010101,"[""101010010000101101""]",1,0.000244140625,False,False,,,,4.808058364595612,0.1656966685664983,{},{}
"[1, 0, 1, 1, 0, 1, 0, 0, 0, 0, 1, 0, 0, 1, 0, 1, 1, 0]",101101000010010110,"[""11010010000101101""]",1,0.000244140625,False,False,,,,4.748953458458446,0.16356530136184996,{},{}
"[1, 0, 1, 1, 0, 1, 0, 0, 0, 0, 1, 1, 0, 0, 0, 0, 0, 0]",101101000011000000,"[""110000101101""]",1,0.000244140625,False,False,,,,6.2895201079654965,0.21911928914273157,{},{}
"[1, 0, 1, 1, 0, 1, 0, 0, 0, 0, 1, 1, 0, 1, 0, 0, 1, 1]",101101000011010011,"[""110010110000101101""]",1,0.000244140625,False,False,,,,6.017651271763523,0.20931549518860454,{},{}
"[1, 0, 1, 1, 0, 1, 0, 0, 0, 1, 0, 1, 1, 0, 0, 1, 1, 0]",101101000101100110,"[""11001101000101101""]",1,0.000244140625,False,False,,,,6.142976374304741,0.21383481229665718,{},{}
"[1, 0, 1, 1, 0, 1, 0, 0, 0, 1, 0, 1, 1, 0, 1, 0, 1, 0]",101101000101101010,"[""10101101000101101""]",1,0.000244140625,False,False,,,,6.096364055090551,0.2121539371375771,{},{}
"[1, 0, 1, 1, 0, 1, 0, 0, 0, 1, 0, 1, 1, 1, 0, 1, 0, 1]",101101000101110101,"[""101011101000101101""]",1,0.000244140625,False,False,,,,7.426511139412524,0.26012003772325637,{},{}
"[1, 0, 1, 1, 0, 1, 0, 0, 0, 1, 1, 0, 0, 0, 1, 1, 1, 0]",101101000110001110,"[""11100011000101101""]",1,0.000244140625,False,False,,,,6.044792532767209,0.21029422939827927,{},{}
"[1, 0, 1, 1, 0, 1, 0, 0, 0, 1, 1, 0, 1, 0, 0, 1, 0, 1]",101101000110100101,"[""101001011000101101""]",1,0.000244140625,False,False,,,,6.177679822305314,0.21508624463604684,{},{}
"[1, 0, 1, 1, 0, 1, 0, 0, 1, 0, 0, 1, 0, 0, 1, 1, 1, 1]",101101001001001111,"[""111100100100101101""]",1,0.000244140625,False,False,,,,7.482050968368684,0.2621228455733225,{},{}
"[1, 0, 1, 1, 0, 1, 0, 0, 1, 0, 1, 0, 0, 0, 1, 0, 1, 0]",101101001010001010,"[""10100010100101101""]",1,0.000244140625,False,False,,,,2.8141109373539086,0.09379343020667108,{},{}
"[1, 0, 1, 1, 0, 1, 0, 0, 1, 0, 1, 0, 0, 1, 0, 0, 0, 0]",101101001010010000,"[""10010100101101""]",1,0.000244140625,False,False,,,,3.5417139268158575,0.12003133922465221,{},{}
"[1, 0, 1, 1, 0, 1, 0, 0, 1, 0, 1, 0, 0, 1, 1, 1, 0, 1]",101101001010011101,"[""101110010100101101""]",1,0.000244140625,False,False,,,,5.400674697487441,0.18706685759840933,{},{}
"[1, 0, 1, 1, 0, 1, 0, 0, 1, 0, 1, 0, 1, 0, 0, 1, 1, 0]",101101001010100110,"[""11001010100101101""]",1,0.000244140625,False,False,,,,4.100950401462939,0.14019782555558008,{},{}
"[1, 0, 1, 1, 0, 1, 0, 0, 1, 0, 1, 1, 1, 0, 0, 0, 0, 1]",101101001011100001,"[""100001110100101101""]",1,0.000244140625,False,False,,,,4.135911313196581,0.14145854223011062,{},{}
"[1, 0, 1, 1, 0, 1, 0, 0, 1, 0, 1, 1, 1, 0, 1, 1, 1, 0]",101101001011101110,"[""11101110100101101""]",1,0.000244140625,False,False,,,,6.630203101047348,0.23140457315876511,{},{}
"[1, 0, 1, 1, 0, 1, 0, 0, 1, 1, 1, 1, 0, 1, 0, 0, 0, 0]",101101001111010000,"[""10111100101101""]",1,0.000244140625,False,False,,,,7.984609821908573,0.28024549441663116,{},{}
"[1, 0, 1, 1, 0, 1, 0, 1, 0, 0, 0, 0, 0, 1, 0, 0, 0, 0]",101101010000010000,"[""10000010101101""]",1,0.000244140625,False,False,,,,4.305594665240343,0.14757745105438935,{},{}
"[1, 0, 1, 1, 0, 1, 0, 1, 0, 0, 0, 0, 1, 0, 0, 1, 0, 0]",101101010000100100,"[""1001000010101101""]",1,0.000244140625,False,False,,,,3.634769930319745,0.12338700844107127,{},{}
"[1, 0, 1, 1, 0, 1, 0, 1, 0, 0, 0, 0, 1, 0, 0, 1, 0, 1]",101101010000100101,"[""101001000010101101""]",1,0.000244140625,False,False,,,,4.923193050328697,0.16984851160841935,{},{}
"[1, 0, 1, 1, 0, 1, 0, 1, 0, 0, 1, 0, 0, 1, 0, 0, 1, 0]",101101010010010010,"[""10010010010101101""]",1,0.000244140625,False,False,,,,2.772050502995338,0.09227669942636874,{},{}
"[1, 0, 1, 1, 0, 1, 0, 1, 0, 0, 1, 0, 1, 0, 1, 0, 0, 0]",101101010010101000,"[""101010010101101""]",1,0.000244140625,False,False,,,,4.787286390314736,0.16494761560877408,{},{}
"[1, 0, 1, 1, 0, 1, 0, 1, 0, 0, 1, 1, 1, 1, 1, 0, 1, 0]",101101010011111010,"[""10111110010101101""]",1,0.000244140625,False,False,,,,8.542061126889427,0.3003476061917058,{},{}
"[1, 0, 1, 1, 0, 1, 0, 1, 0, 1, 0, 0, 0, 0, 0, 0, 0, 0]",101101010100000000,"[""1010101101""]",1,0.000244140625,False,False,,,,4.318297429038837,0.1480355222355815,{},{}
"[1, 0, 1, 1, 0, 1, 0, 1, 0, 1, 0, 0, 0, 0, 1, 1, 1, 0]",101101010100001110,"[""11100001010101101""]",1,0.000244140625,False,False,,,,4.0885287550448055,0.13974989167777463,{},{}
"[1, 0, 1, 1, 0, 1, 0, 1, 0, 1, 0, 0, 0, 1, 1, 0, 1, 1]",101101010100011011,"[""110110001010101101""]",1,0.000244140625,False,False,,,,5.324825959442519,0.18433169526843735,{},{}
"[1, 0, 1, 1, 0, 1, 0, 1, 0, 1, 0, 1, 0, 0, 1, 0, 1, 1]",101101010101001011,"[""110100101010101101""]",1,0.000244140625,False,False,,,,5.340900756250049,0.18491136448671583,{},{}
"[1, 0, 1, 1, 0, 1, 0, 1, 0, 1, 0, 1, 1, 0, 1, 0, 1, 0]",101101010101101010,"[""10101101010101101""]",1,0.000244140625,False,False,,,,5.316017736070769,0.18401406413334687,{},{}
"[1, 0, 1, 1, 0, 1, 0, 1, 1, 0, 0, 0, 1, 1, 1, 1, 0, 1]",101101011000111101,"[""101111000110101101""]",1,0.000244140625,False,False,,,,10.75248263653538,0.3800570621745169,{},{}
"[1, 0, 1, 1, 0, 1, 0, 1, 1, 0, 1, 0, 0, 0, 0, 0, 0, 0]",101101011010000000,"[""10110101101""]",1,0.000244140625,False,False,,,,5.586170725554624,0.19375598336907543,{},{}
"[1, 0, 1, 1, 0, 1, 0, 1, 1, 0, 1, 1, 1, 0, 1, 1, 0, 1]",101101011011101101,"[""101101110110101101""]",1,0.000244140625,False,False,,,,7.981195462190582,0.2801223700467031,{},{}
"[1, 0, 1, 1, 0, 1, 0, 1, 1, 1, 0, 0, 0, 0, 1, 0, 0, 1]",101101011100001001,"[""100100001110101101""]",1,0.000244140625,False,False,,,,4.1950422479029665,0.14359084804446912,{},{}
"[1, 0, 1, 1, 0, 1, 0, 1, 1, 1, 0, 1, 0, 1, 1, 1, 0, 1]",101101011101011101,"[""101110101110101101""]",1,0.000244140625,False,False,,,,7.978313156345907,0.28001843193813303,{},{}
"[1, 0, 1, 1, 0, 1, 1, 0, 0, 0, 0, 0, 0, 0, 1, 1, 0, 0]",101101100000001100,"[""1100000001101101""]",1,0.000244140625,False,False,,,,3.7148628473493135,0.12627521904553915,{},{}
"[1, 0, 1, 1, 0, 1, 1, 0, 0, 0, 0, 0, 0, 1, 0, 1, 0, 0]",101101100000010100,"[""1010000001101101""]",1,0.000244140625,False,False,,,,3.6200114435488997,0.12285480634907206,{},{}
"[1, 0, 1, 1, 0, 1, 1, 0, 0, 0, 0, 0, 1, 1, 0, 1, 0, 1]",101101100000110101,"[""101011000001101101""]",1,0.000244140625,False,False,,,,6.233232412684233,0.2170895126725802,{},{}
"[1, 0, 1, 1, 0, 1, 1, 0, 0, 0, 0, 1, 0, 1, 0, 0, 0, 0]",101101100001010000,"[""10100001101101""]",1,0.000244140625,False,False,,,,3.549808209735491,0.1203232251320592,{},{}
"[1, 0, 1, 1, 0, 1, 1, 0, 0, 0, 0, 1, 1, 0, 0, 1, 1, 1]",101101100001100111,"[""111001100001101101""]",1,0.000244140625,False,False,,,,7.477613415427777,0.26196282408906213,{},{}
"[1, 0, 1, 1, 0, 1, 1, 0, 0, 0, 1, 1, 0, 0, 1, 0, 0, 0]",101101100011001000,"[""100110001101101""]",1,0.000244140625,False,False,,,,4.822332075870193,0.16621138929084323,{},{}
"[1, 0, 1, 1, 0, 1, 1, 0, 0, 1, 0, 0, 1, 0, 1, 0, 1, 0]",101101100100101010,"[""10101001001101101""]",1,0.000244140625,False,False,,,,4.1657150546844335,0.14253328748113273,{},{}
"[1, 0, 1, 1, 0, 1, 1, 0, 0, 1, 0, 1, 0, 0, 0, 0, 1, 0]",101101100101000010,"[""10000101001101101""]",1,0.000244140625,False,False,,,,4.836593746791039,0.16672567583101022,{},{}
"[1, 0, 1, 1, 0, 1, 1, 0, 0, 1, 0, 1, 0, 0, 0, 1, 0, 0]",101101100101000100,"[""1000101001101101""]",1,0.000244140625,False,False,,,,4.985069833809021,0.1720798347871251,{},{}
"[1, 0, 1, 1, 0, 1, 1, 0, 0, 1, 1, 0, 0, 0, 1, 1, 0, 0]",101101100110001100,"[""1100011001101101""]",1,0.000244140625,False,False,,,,4.159168238567825,0.142297204386213,{},{}
"[1, 0, 1, 1, 0, 1, 1, 0, 1, 0, 0, 0, 0, 0, 1, 1, 1, 0]",101101101000001110,"[""11100000101101101""]",1,0.000244140625,False,False,,,,6.182323183666066,0.21525368772614617,{},{}
"[1, 0, 1, 1, 0, 1, 1, 0, 1, 1, 1, 1, 0, 1, 0, 0, 0, 0]",101101101111010000,"[""10111101101101""]",1,0.000244140625,False,False,,,,9.291081216751447,0.32735783189868456,{},{}
"[1, 0, 1, 1, 0, 1, 1, 1, 0, 0, 0, 0, 0, 1, 0, 1, 0, 1]",101101110000010101,"[""101010000011101101""]",1,0.000244140625,False,False,,,,6.13598576088057,0.21358272553827415,{},{}
"[1, 0, 1, 1, 0, 1, 1, 1, 0, 1, 0, 0, 0, 0, 1, 1, 0, 0]",101101110100001100,"[""1100001011101101""]",1,0.000244140625,False,False,,,,4.20679877462587,0.14401479720766747,{},{}
"[1, 0, 1, 1, 0, 1, 1, 1, 0, 1, 1, 1, 1, 1, 0, 0, 1, 1]",101101110111110011,"[""110011111011101101""]",1,0.000244140625,False,False,,,,11.131035879760416,0.39370797578819666,{},{}
"[1, 0, 1, 1, 0, 1, 1, 1, 1, 1, 0, 1, 0, 0, 0, 0, 1, 0]",101101111101000010,"[""10000101111101101""]",1,0.000244140625,False,False,,,,9.348323886733882,0.32942204547215553,{},{}
"[1, 0, 1, 1, 0, 1, 1, 1, 1, 1, 1, 0, 1, 1, 0, 0, 0, 1]",101101111110110001,"[""100011011111101101""]",1,0.000244140625,False,False,,,,9.970038864877356,0.3518415534564582,{},{}
"[1, 0, 1, 1, 1, 0, 0, 0, 0, 1, 0, 0, 0, 0, 0, 1, 0, 0]",101110000100000100,"[""1000001000011101""]",1,0.000244140625,False,False,,,,4.3535021182746565,0.14930502970951148,{},{}
"[1, 0, 1, 1, 1, 0, 0, 0, 0, 1, 0, 1, 0, 0, 1, 1, 1, 0]",101110000101001110,"[""11100101000011101""]",1,0.000244140625,False,False,,,,6.097020994741752,0.2121776268736669,{},{}
"[1, 0, 1, 1, 1, 0, 0, 0, 0, 1, 1, 0, 1, 1, 0, 0, 0, 0]",101110000110110000,"[""11011000011101""]",1,0.000244140625,False,False,,,,6.722585567652608,0.23473595412991527,{},{}
"[1, 0, 1, 1, 1, 0, 0, 0, 1, 0, 0, 0, 0, 0, 1, 1, 0, 0]",101110001000001100,"[""1100000100011101""]",1,0.000244140625,False,False,,,,3.602104385528781,0.12220906441849118,{},{}
"[1, 0, 1, 1, 1, 0, 0, 0, 1, 0, 0, 0, 1, 0, 0, 0, 1, 1]",101110001000100011,"[""110001000100011101""]",1,0.000244140625,False,False,,,,4.826722512889465,0.1663697117396639,{},{}
"[1, 0, 1, 1, 1, 0, 0, 0, 1, 1, 0, 0, 0, 1, 0, 1, 0, 0]",101110001100010100,"[""1010001100011101""]",1,0.000244140625,False,False,,,,2.776615338063907,0.0924413107995295,{},{}
"[1, 0, 1, 1, 1, 0, 0, 0, 1, 1, 0, 1, 1, 0, 0, 0, 1, 0]",101110001101100010,"[""10001101100011101""]",1,0.000244140625,False,False,,,,4.02265480202289,0.13737442757018226,{},{}
"[1, 0, 1, 1, 1, 0, 0, 0, 1, 1, 1, 0, 1, 1, 1, 1, 0, 1]",101110001110111101,"[""101111011100011101""]",1,0.000244140625,False,False,,,,9.872436152541901,0.34832192651256727,{},{}
"[1, 0, 1, 1, 1, 0, 0, 1, 0, 0, 0, 0, 0, 1, 0, 1, 0, 0]",101110010000010100,"[""1010000010011101""]",1,0.000244140625,False,False,,,,3.5523802261300066,0.12041597397054592,{},{}
"[1, 0, 1, 1, 1, 0, 0, 1, 0, 0, 0, 0, 0, 1, 1, 0, 0, 0]",101110010000011000,"[""110000010011101""]",1,0.000244140625,False,False,,,,5.572891902330147,0.19327713905332117,{},{}
"[1, 0, 1, 1, 1, 0, 0, 1, 0, 0, 0, 0, 1, 0, 1, 1, 1, 1]",101110010000101111,"[""111101000010011101""]",1,0.000244140625,False,False,,,,9.363078328474835,0.32995410169734574,{},{}
"[1, 0, 1, 1, 1, 0, 0, 1, 0, 0, 0, 1, 0, 0, 0, 0, 0, 0]",101110010001000000,"[""100010011101""]",1,0.000244140625,False,False,,,,4.301659808253754,0.14743555716292905,{},{}
"[1, 0, 1, 1, 1, 0, 0, 1, 0, 0, 0, 1, 0, 0, 0, 0, 0, 1]",101110010001000001,"[""100000100010011101""]",1,0.000244140625,False,False,,,,3.535492065596033,0.11980697424681042,{},{}
"[1, 0, 1, 1, 1, 0, 0, 1, 0, 0, 0, 1, 0, 0, 0, 0, 1, 1]",101110010001000011,"[""110000100010011101""]",1,0.000244140625,False,False,,,,4.790052870199251,0.16504737694642835,{},{}
"[1, 0, 1, 1, 1, 0, 0, 1, 0, 0, 0, 1, 0, 1, 1, 1, 0, 0]",101110010001011100,"[""1110100010011101""]",1,0.000244140625,False,False,,,,4.084515231559092,0.1396051610134084,{},{}
"[1, 0, 1, 1, 1, 0, 0, 1, 0, 0, 0, 1, 1, 0, 1, 0, 1, 0]",101110010001101010,"[""10101100010011101""]",1,0.000244140625,False,False,,,,4.080282225488526,0.13945251564256653,{},{}
"[1, 0, 1, 1, 1, 0, 0, 1, 0, 0, 1, 0, 0, 0, 1, 0, 1, 0]",101110010010001010,"[""10100010010011101""]",1,0.000244140625,False,False,,,,2.824256550379361,0.09415928861482621,{},{}
"[1, 0, 1, 1, 1, 0, 0, 1, 0, 0, 1, 0, 0, 1, 0, 0, 1, 0]",101110010010010010,"[""10010010010011101""]",1,0.000244140625,False,False,,,,2.8409567659713444,0.09476151090311993,{},{}
"[1, 0, 1, 1, 1, 0, 0, 1, 0, 0, 1, 1, 0, 0, 1, 0, 0, 0]",101110010011001000,"[""100110010011101""]",1,0.000244140625,False,False,,,,4.818840913592681,0.16608549536306802,{},{}
"[1, 0, 1, 1, 1, 0, 0, 1, 0, 0, 1, 1, 0, 1, 1, 1, 1, 0]",101110010011011110,"[""11110110010011101""]",1,0.000244140625,False,False,,,,6.637324936444502,0.23166139187982307,{},{}
"[1, 0, 1, 1, 1, 0, 0, 1, 0, 1, 0, 0, 1, 0, 1, 1, 0, 1]",101110010100101101,"[""101101001010011101""]",1,0.000244140625,False,False,,,,5.3998550097191025,0.18703729904326277,{},{}
"[1, 0, 1, 1, 1, 0, 0, 1, 0, 1, 0, 1, 0, 1, 0, 1, 0, 1]",101110010101010101,"[""101010101010011101""]",1,0.000244140625,False,False,,,,5.28492177237732,0.18289272038128435,{},{}
"[1, 0, 1, 1, 1, 0, 0, 1, 0, 1, 1, 0, 0, 1, 1, 0, 0, 1]",101110010110011001,"[""100110011010011101""]",1,0.000244140625,False,False,,,,5.264501216413308,0.18215633983139606,{},{}
"[1, 0, 1, 1, 1, 0, 0, 1, 0, 1, 1, 1, 0, 0, 1, 0, 1, 0]",101110010111001010,"[""10100111010011101""]",1,0.000244140625,False,False,,,,7.306640027184562,0.2557973955927626,{},{}
"[1, 0, 1, 1, 1, 0, 0, 1, 1, 0, 0, 0, 1, 1, 0, 0, 1, 1]",101110011000110011,"[""110011000110011101""]",1,0.000244140625,False,False,,,,7.344195953809518,0.257151690448808,{},{}
"[1, 0, 1, 1, 1, 0, 0, 1, 1, 0, 0, 1, 1, 1, 1, 0, 1, 1]",101110011001111011,"[""110111100110011101""]",1,0.000244140625,False,False,,,,9.8842284755811,0.3487471665177546,{},{}
"[1, 0, 1, 1, 1, 0, 0, 1, 1, 0, 1, 0, 0, 1, 1, 1, 0, 0]",101110011010011100,"[""1110010110011101""]",1,0.000244140625,False,False,,,,5.321058132087851,0.18419582459066516,{},{}
"[1, 0, 1, 1, 1, 0, 0, 1, 1, 0, 1, 1, 0, 0, 1, 0, 0, 1]",101110011011001001,"[""100100110110011101""]",1,0.000244140625,False,False,,,,5.343279652244885,0.1849971492588783,{},{}
"[1, 0, 1, 1, 1, 0, 0, 1, 1, 1, 0, 1, 1, 0, 1, 1, 0, 0]",101110011101101100,"[""1101101110011101""]",1,0.000244140625,False,False,,,,6.666664720812278,0.23271940648943618,{},{}
"[1, 0, 1, 1, 1, 0, 1, 0, 0, 0, 0, 0, 1, 0, 0, 0, 0, 1]",101110100000100001,"[""100001000001011101""]",1,0.000244140625,False,False,,,,3.6125262168547385,0.12258488346554242,{},{}
"[1, 0, 1, 1, 1, 0, 1, 0, 0, 0, 0, 1, 0, 0, 1, 0, 0, 0]",101110100001001000,"[""100100001011101""]",1,0.000244140625,False,False,,,,3.6181519605999917,0.12278775200055982,{},{}
"[1, 0, 1, 1, 1, 0, 1, 0, 0, 0, 0, 1, 1, 0, 1, 0, 0, 0]",101110100001101000,"[""101100001011101""]",1,0.000244140625,False,False,,,,4.9029314485990465,0.16911786306733204,{},{}
"[1, 0, 1, 1, 1, 0, 1, 0, 0, 0, 0, 1, 1, 1, 0, 0, 1, 0]",101110100001110010,"[""10011100001011101""]",1,0.000244140625,False,False,,,,4.052988329427687,0.13846827729835617,{},{}
"[1, 0, 1, 1, 1, 0, 1, 0, 0, 0, 1, 0, 0, 1, 0, 0, 0, 0]",101110100010010000,"[""10010001011101""]",1,0.000244140625,False,False,,,,3.495811830890582,0.11837607524956514,{},{}
"[1, 0, 1, 1, 1, 0, 1, 0, 0, 0, 1, 1, 0, 0, 0, 0, 0, 1]",101110100011000001,"[""100000110001011101""]",1,0.000244140625,False,False,,,,4.757939860149904,0.1638893577406643,{},{}
"[1, 0, 1, 1, 1, 0, 1, 0, 0, 1, 0, 0, 1, 0, 1, 0, 1, 0]",101110100100101010,"[""10101001001011101""]",1,0.000244140625,False,False,,,,4.132116931414068,0.14132171397977225,{},{}
"[1, 0, 1, 1, 1, 0, 1, 0, 1, 0, 1, 1, 0, 0, 0, 0, 1, 0]",101110101011000010,"[""10000110101011101""]",1,0.000244140625,False,False,,,,6.027917009099375,0.209685685369406,{},{}
"[1, 0, 1, 1, 1, 0, 1, 1, 0, 0, 0, 1, 1, 0, 0, 0, 1, 0]",101110110001100010,"[""10001100011011101""]",1,0.000244140625,False,False,,,,4.074713347753852,0.1392516977385023,{},{}
"[1, 0, 1, 1, 1, 0, 1, 1, 0, 0, 1, 0, 1, 0, 1, 0, 0, 1]",101110110010101001,"[""100101010011011101""]",1,0.000244140625,False,False,,,,5.314437072382136,0.183957064216289,{},{}
"[1, 0, 1, 1, 1, 0, 1, 1, 0, 0, 1, 1, 0, 1, 0, 0, 0, 0]",101110110011010000,"[""10110011011101""]",1,0.000244140625,False,False,,,,6.023624281659174,0.2095308864012238,{},{}
"[1, 0, 1, 1, 1, 0, 1, 1, 0, 1, 0, 0, 0, 0, 0, 0, 0, 0]",101110110100000000,"[""1011011101""]",1,0.000244140625,False,False,,,,5.566997767276412,0.19306459212660507,{},{}
"[1, 0, 1, 1, 1, 0, 1, 1, 0, 1, 1, 0, 1, 0, 0, 0, 1, 0]",101110110110100010,"[""10001011011011101""]",1,0.000244140625,False,False,,,,5.361242648784064,0.18564490837437317,{},{}
"[1, 0, 1, 1, 1, 0, 1, 1, 0, 1, 1, 0, 1, 1, 0, 0, 1, 0]",101110110110110010,"[""10011011011011101""]",1,0.000244140625,False,False,,,,6.6389951565927685,0.23172162126992307,{},{}
"[1, 0, 1, 1, 1, 0, 1, 1, 1, 0, 0, 0, 1, 0, 1, 0, 1, 0]",101110111000101010,"[""10101000111011101""]",1,0.000244140625,False,False,,,,9.367481558447283,0.3301128854696441,{},{}
"[1, 0, 1, 1, 1, 0, 1, 1, 1, 0, 0, 1, 1, 0, 0, 0, 0, 0]",101110111001100000,"[""1100111011101""]",1,0.000244140625,False,False,,,,8.092802262392057,0.2841469948927881,{},{}
"[1, 0, 1, 1, 1, 0, 1, 1, 1, 1, 0, 0, 0, 0, 1, 0, 0, 1]",101110111100001001,"[""100100001111011101""]",1,0.000244140625,False,False,,,,7.362548043871339,0.2578134805682905,{},{}
"[1, 0, 1, 1, 1, 1, 0, 0, 0, 0, 1, 0, 0, 1, 0, 1, 1, 1]",101111000010010111,"[""111010010000111101""]",1,0.000244140625,False,False,,,,11.362061465107704,0.4020389315112489,{},{}
"[1, 0, 1, 1, 1, 1, 0, 0, 0, 0, 1, 1, 0, 0, 1, 1, 0, 1]",101111000011001101,"[""101100110000111101""]",1,0.000244140625,False,False,,,,9.365252253772622,0.3300324950725811,{},{}
"[1, 0, 1, 1, 1, 1, 0, 0, 0, 1, 1, 1, 0, 1, 0, 0, 1, 1]",101111000111010011,"[""110010111000111101""]",1,0.000244140625,False,False,,,,12.564416744183838,0.44539676384096166,{},{}
"[1, 0, 1, 1, 1, 1, 0, 0, 1, 0, 0, 1, 1, 1, 1, 1, 0, 1]",101111001001111101,"[""101111100100111101""]",1,0.000244140625,False,False,,,,11.996269918414407,0.42490896357172886,{},{}
"[1, 0, 1, 1, 1, 1, 0, 0, 1, 0, 1, 1, 0, 0, 0, 0, 0, 1]",101111001011000001,"[""100000110100111101""]",1,0.000244140625,False,False,,,,8.13348440839679,0.2856140235622521,{},{}
"[1, 0, 1, 1, 1, 1, 0, 0, 1, 1, 0, 0, 0, 1, 0, 0, 0, 0]",101111001100010000,"[""10001100111101""]",1,0.000244140625,False,False,,,,6.79675091268629,0.23741041204647761,{},{}
"[1, 0, 1, 1, 1, 1, 0, 1, 0, 0, 0, 0, 0, 0, 1, 0, 1, 1]",101111010000001011,"[""110100000010111101""]",1,0.000244140625,False,False,,,,8.12879385075569,0.28544487853891765,{},{}
"[1, 0, 1, 1, 1, 1, 0, 1, 0, 0, 0, 1, 0, 0, 0, 0, 0, 1]",101111010001000001,"[""100000100010111101""]",1,0.000244140625,False,False,,,,6.835437216170793,0.23880546913910858,{},{}
"[1, 0, 1, 1, 1, 1, 0, 1, 0, 0, 0, 1, 0, 1, 0, 0, 1, 1]",101111010001010011,"[""110010100010111101""]",1,0.000244140625,False,False,,,,7.372387838059057,0.2581683109199963,{},{}
"[1, 0, 1, 1, 1, 1, 0, 1, 0, 1, 0, 0, 0, 0, 1, 0, 1, 0]",101111010100001010,"[""10100001010111101""]",1,0.000244140625,False,False,,,,6.043773977997074,0.21025749955003,{},{}
"[1, 0, 1, 1, 1, 1, 0, 1, 0, 1, 0, 1, 1, 1, 0, 0, 1, 0]",101111010101110010,"[""10011101010111101""]",1,0.000244140625,False,False,,,,8.550908065130114,0.30066663341398053,{},{}
"[1, 0, 1, 1, 1, 1, 0, 1, 1, 0, 0, 0, 0, 0, 1, 1, 0, 0]",101111011000001100,"[""1100000110111101""]",1,0.000244140625,False,False,,,,8.138516667844367,0.2857954906087771,{},{}
"[1, 0, 1, 1, 1, 1, 0, 1, 1, 1, 0, 0, 1, 1, 0, 1, 0, 0]",101111011100110100,"[""1011001110111101""]",1,0.000244140625,False,False,,,,8.670542837088872,0.30498075293726895,{},{}
"[1, 0, 1, 1, 1, 1, 1, 0, 0, 0, 0, 0, 1, 0, 1, 0, 1, 0]",101111100000101010,"[""10101000001111101""]",1,0.000244140625,False,False,,,,8.104381927017773,0.284564566276233,{},{}
"[1, 0, 1, 1, 1, 1, 1, 0, 0, 0, 0, 0, 1, 0, 1, 0, 1, 1]",101111100000101011,"[""110101000001111101""]",1,0.000244140625,False,False,,,,9.40214371629156,0.33136282885505763,{},{}
"[1, 0, 1, 1, 1, 1, 1, 0, 0, 0, 0, 1, 1, 0, 0, 1, 1, 0]",101111100001100110,"[""11001100001111101""]",1,0.000244140625,False,False,,,,7.419623798586217,0.25987167505213804,{},{}
"[1, 0, 1, 1, 1, 1, 1, 0, 0, 0, 1, 0, 0, 0, 1, 0, 1, 1]",101111100010001011,"[""110100010001111101""]",1,0.000244140625,False,False,,,,7.3285611042178385,0.25658788605680066,{},{}
"[1, 0, 1, 1, 1, 1, 1, 0, 0, 0, 1, 1, 1, 1, 0, 1, 0, 0]",101111100011110100,"[""1011110001111101""]",1,0.000244140625,False,False,,,,8.600798617660551,0.30246572412293765,{},{}
"[1, 0, 1, 1, 1, 1, 1, 0, 0, 1, 0, 0, 1, 1, 1, 1, 1, 0]",101111100100111110,"[""11111001001111101""]",1,0.000244140625,False,False,,,,12.014314223294926,0.4255596547269396,{},{}
"[1, 0, 1, 1, 1, 1, 1, 0, 1, 0, 0, 0, 1, 0, 1, 1, 0, 0]",101111101000101100,"[""1101000101111101""]",1,0.000244140625,False,False,,,,9.523288359077153,0.3357313954517599,{},{}
"[1, 0, 1, 1, 1, 1, 1, 0, 1, 0, 1, 0, 0, 1, 1, 0, 1, 1]",101111101010011011,"[""110110010101111101""]",1,0.000244140625,False,False,,,,9.932775972656955,0.3504978256406218,{},{}
"[1, 0, 1, 1, 1, 1, 1, 0, 1, 0, 1, 1, 0, 0, 1, 1, 1, 1]",101111101011001111,"[""111100110101111101""]",1,0.000244140625,False,False,,,,13.255286444254116,0.4703100429179601,{},{}
"[1, 0, 1, 1, 1, 1, 1, 1, 0, 0, 0, 0, 1, 0, 1, 0, 1, 0]",101111110000101010,"[""10101000011111101""]",1,0.000244140625,False,False,,,,9.355981159798942,0.3296981724767401,{},{}
"[1, 0, 1, 1, 1, 1, 1, 1, 0, 1, 1, 0, 0, 1, 1, 1, 0, 0]",101111110110011100,"[""1110011011111101""]",1,0.000244140625,False,False,,,,9.904913453271762,0.34949308231324616,{},{}
"[1, 0, 1, 1, 1, 1, 1, 1, 0, 1, 1, 1, 0, 0, 0, 0, 1, 0]",101111110111000010,"[""10000111011111101""]",1,0.000244140625,False,False,,,,12.571559139307805,0.4456543239611746,{},{}
"[1, 0, 1, 1, 1, 1, 1, 1, 0, 1, 1, 1, 1, 0, 1, 0, 0, 1]",101111110111101001,"[""100101111011111101""]",1,0.000244140625,False,False,,,,13.193026599688304,0.4680649062694707,{},{}
"[1, 0, 1, 1, 1, 1, 1, 1, 1, 1, 0, 1, 1, 1, 0, 0, 0, 1]",101111111101110001,"[""100011101111111101""]",1,0.000244140625,False,False,,,,13.259272538840401,0.4704537844756595,{},{}
"[1, 1, 0, 0, 0, 0, 0, 0, 0, 0, 0, 0, 0, 0, 0, 0, 1, 1]",110000000000000011,"[""110000000000000011""]",1,0.000244140625,False,False,,,,5.866750611044229,0.20387390428800375,{},{}
"[1, 1, 0, 0, 0, 0, 0, 0, 0, 0, 0, 0, 1, 1, 0, 0, 1, 0]",110000000000110010,"[""10011000000000011""]",1,0.000244140625,False,False,,,,5.0315129209827525,0.1737546073120149,{},{}
"[1, 1, 0, 0, 0, 0, 0, 0, 0, 0, 0, 1, 0, 1, 0, 0, 1, 0]",110000000001010010,"[""10010100000000011""]",1,0.000244140625,False,False,,,,3.0397968369901567,0.10193183286177285,{},{}
"[1, 1, 0, 0, 0, 0, 0, 0, 0, 0, 1, 1, 0, 1, 1, 0, 0, 0]",110000000011011000,"[""110110000000011""]",1,0.000244140625,False,False,,,,6.235605299949683,0.21717508076545852,{},{}
"[1, 1, 0, 0, 0, 0, 0, 0, 0, 0, 1, 1, 1, 1, 1, 0, 1, 1]",110000000011111011,"[""110111110000000011""]",1,0.000244140625,False,False,,,,9.931463300737573,0.3504504897075786,{},{}
"[1, 1, 0, 0, 0, 0, 0, 0, 0, 1, 0, 0, 0, 0, 0, 0, 1, 0]",110000000100000010,"[""10000001000000011""]",1,0.000244140625,False,False,,,,3.7923000372629136,0.1290676621401774,{},{}
"[1, 1, 0, 0, 0, 0, 0, 0, 0, 1, 0, 1, 0, 0, 1, 0, 0, 1]",110000000101001001,"[""100100101000000011""]",1,0.000244140625,False,False,,,,4.233378244895909,0.1449732728225177,{},{}
"[1, 1, 0, 0, 0, 0, 0, 0, 0, 1, 1, 0, 0, 1, 1, 0, 0, 1]",110000000110011001,"[""100110011000000011""]",1,0.000244140625,False,False,,,,5.417342600805058,0.1876679146818767,{},{}
"[1, 1, 0, 0, 0, 0, 0, 0, 0, 1, 1, 1, 1, 1, 1, 0, 0, 0]",110000000111111000,"[""111111000000011""]",1,0.000244140625,False,False,,,,12.618079577226428,0.44733188581188676,{},{}
"[1, 1, 0, 0, 0, 0, 0, 0, 1, 0, 0, 0, 0, 0, 0, 0, 1, 1]",110000001000000011,"[""110000000100000011""]",1,0.000244140625,False,False,,,,5.136518024440975,0.17754117002665945,{},{}
"[1, 1, 0, 0, 0, 0, 0, 0, 1, 0, 0, 0, 1, 0, 0, 1, 1, 1]",110000001000100111,"[""111001000100000011""]",1,0.000244140625,False,False,,,,7.554688517561623,0.2647422100270376,{},{}
"[1, 1, 0, 0, 0, 0, 0, 0, 1, 0, 0, 1, 0, 0, 1, 0, 1, 1]",110000001001001011,"[""110100100100000011""]",1,0.000244140625,False,False,,,,3.5486914823495415,0.12028295510571957,{},{}
"[1, 1, 0, 0, 0, 0, 0, 0, 1, 0, 1, 1, 0, 0, 0, 0, 0, 0]",110000001011000000,"[""110100000011""]",1,0.000244140625,False,False,,,,5.029549487628892,0.17368380443400644,{},{}
"[1, 1, 0, 0, 0, 0, 0, 0, 1, 0, 1, 1, 0, 1, 1, 1, 0, 0]",110000001011011100,"[""1110110100000011""]",1,0.000244140625,False,False,,,,4.669552299112116,0.16070203605779754,{},{}
"[1, 1, 0, 0, 0, 0, 0, 0, 1, 0, 1, 1, 1, 0, 1, 0, 1, 0]",110000001011101010,"[""10101110100000011""]",1,0.000244140625,False,False,,,,4.691894147913719,0.16150769986710026,{},{}
"[1, 1, 0, 0, 0, 0, 0, 0, 1, 1, 0, 0, 0, 1, 0, 0, 0, 0]",110000001100010000,"[""10001100000011""]",1,0.000244140625,False,False,,,,3.0119269023566515,0.1009268221349866,{},{}
"[1, 1, 0, 0, 0, 0, 0, 0, 1, 1, 0, 0, 0, 1, 1, 1, 0, 1]",110000001100011101,"[""101110001100000011""]",1,0.000244140625,False,False,,,,4.733260794913818,0.16299941215537733,{},{}
"[1, 1, 0, 0, 0, 0, 0, 0, 1, 1, 0, 0, 0, 1, 1, 1, 1, 1]",110000001100011111,"[""111110001100000011""]",1,0.000244140625,False,False,,,,7.974479727690151,0.27988019562828637,{},{}
"[1, 1, 0, 0, 0, 0, 0, 0, 1, 1, 0, 1, 0, 1, 1, 0, 0, 1]",110000001101011001,"[""100110101100000011""]",1,0.000244140625,False,False,,,,4.709641174429495,0.16214767094171742,{},{}
"[1, 1, 0, 0, 0, 0, 0, 1, 0, 0, 0, 0, 1, 0, 1, 0, 0, 0]",110000010000101000,"[""101000010000011""]",1,0.000244140625,False,False,,,,5.036728629625737,0.17394268967399107,{},{}
"[1, 1, 0, 0, 0, 0, 0, 1, 0, 0, 1, 1, 0, 0, 0, 1, 1, 1]",110000010011000111,"[""111000110010000011""]",1,0.000244140625,False,False,,,,8.731143693522162,0.30716606523056256,{},{}
"[1, 1, 0, 0, 0, 0, 0, 1, 0, 0, 1, 1, 0, 1, 0, 0, 0, 1]",110000010011010001,"[""100010110010000011""]",1,0.000244140625,False,False,,,,3.5197058652981443,0.11923771203492488,{},{}
"[1, 1, 0, 0, 0, 0, 0, 1, 0, 1, 0, 0, 0, 1, 0, 1, 0, 0]",110000010100010100,"[""1010001010000011""]",1,0.000244140625,False,False,,,,2.2554298371454347,0.07364697109416063,{},{}
"[1, 1, 0, 0, 0, 0, 0, 1, 0, 1, 0, 1, 0, 0, 0, 0, 0, 0]",110000010101000000,"[""101010000011""]",1,0.000244140625,False,False,,,,4.9900352833015615,0.17225889261660846,{},{}
"[1, 1, 0, 0, 0, 0, 0, 1, 0, 1, 0, 1, 0, 0, 0, 1, 0, 0]",110000010101000100,"[""1000101010000011""]",1,0.000244140625,False,False,,,,4.214351721646581,0.1442871621369177,{},{}
"[1, 1, 0, 0, 0, 0, 0, 1, 0, 1, 0, 1, 0, 1, 1, 0, 0, 0]",110000010101011000,"[""110101010000011""]",1,0.000244140625,False,False,,,,5.460523042316314,0.18922503375936486,{},{}
"[1, 1, 0, 0, 0, 0, 0, 1, 0, 1, 1, 1, 1, 0, 1, 1, 0, 0]",110000010111101100,"[""1101111010000011""]",1,0.000244140625,False,False,,,,7.930714249897108,0.27830197970408915,{},{}
"[1, 1, 0, 0, 0, 0, 0, 1, 1, 0, 0, 0, 0, 0, 1, 0, 1, 1]",110000011000001011,"[""110100000110000011""]",1,0.000244140625,False,False,,,,5.595299263233361,0.19408516527809844,{},{}
"[1, 1, 0, 0, 0, 0, 0, 1, 1, 0, 0, 0, 0, 1, 0, 0, 1, 0]",110000011000010010,"[""10010000110000011""]",1,0.000244140625,False,False,,,,4.3763481675392475,0.15012887536532432,{},{}
"[1, 1, 0, 0, 0, 0, 0, 1, 1, 0, 1, 0, 1, 0, 0, 0, 1, 1]",110000011010100011,"[""110001010110000011""]",1,0.000244140625,False,False,,,,4.822711818186827,0.16622508308333503,{},{}
"[1, 1, 0, 0, 0, 0, 0, 1, 1, 0, 1, 0, 1, 0, 0, 1, 0, 0]",110000011010100100,"[""1001010110000011""]",1,0.000244140625,False,False,,,,3.5180203106608525,0.11917692967165999,{},{}
"[1, 1, 0, 0, 0, 0, 0, 1, 1, 0, 1, 1, 0, 0, 0, 1, 0, 1]",110000011011000101,"[""101000110110000011""]",1,0.000244140625,False,False,,,,6.746692977755381,0.23560528540273407,{},{}
"[1, 1, 0, 0, 0, 0, 0, 1, 1, 0, 1, 1, 1, 0, 1, 0, 1, 0]",110000011011101010,"[""10101110110000011""]",1,0.000244140625,False,False,,,,5.990273196565941,0.2083282212816449,{},{}
"[1, 1, 0, 0, 0, 0, 1, 0, 0, 0, 0, 0, 0, 0, 1, 0, 1, 1]",110000100000001011,"[""110100000001000011""]",1,0.000244140625,False,False,,,,4.260472977535138,0.1459503291845048,{},{}
"[1, 1, 0, 0, 0, 0, 1, 0, 0, 0, 0, 0, 1, 0, 1, 0, 0, 0]",110000100000101000,"[""101000001000011""]",1,0.000244140625,False,False,,,,5.054573620542191,0.17458619341830478,{},{}
"[1, 1, 0, 0, 0, 0, 1, 0, 0, 0, 1, 0, 0, 0, 0, 1, 0, 0]",110000100010000100,"[""1000010001000011""]",1,0.000244140625,False,False,,,,3.021359180543556,0.10126695715433735,{},{}
"[1, 1, 0, 0, 0, 0, 1, 0, 0, 0, 1, 0, 0, 0, 0, 1, 0, 1]",110000100010000101,"[""101000010001000011""]",1,0.000244140625,False,False,,,,4.253750284963498,0.14570790385282634,{},{}
"[1, 1, 0, 0, 0, 0, 1, 0, 0, 0, 1, 0, 1, 1, 0, 0, 1, 1]",110000100010110011,"[""110011010001000011""]",1,0.000244140625,False,False,,,,4.739100769541262,0.16321000601653715,{},{}
"[1, 1, 0, 0, 0, 0, 1, 0, 0, 0, 1, 1, 0, 1, 0, 1, 1, 0]",110000100011010110,"[""11010110001000011""]",1,0.000244140625,False,False,,,,4.69929165834642,0.16177445963651282,{},{}
"[1, 1, 0, 0, 0, 0, 1, 0, 0, 1, 0, 1, 1, 0, 0, 0, 1, 0]",110000100101100010,"[""10001101001000011""]",1,0.000244140625,False,False,,,,3.4921429143505325,0.11824377136988541,{},{}
"[1, 1, 0, 0, 0, 0, 1, 0, 0, 1, 0, 1, 1, 0, 0, 1, 1, 0]",110000100101100110,"[""11001101001000011""]",1,0.000244140625,False,False,,,,4.792601761169755,0.16513929186479653,{},{}
"[1, 1, 0, 0, 0, 0, 1, 0, 0, 1, 1, 0, 0, 0, 1, 1, 0, 0]",110000100110001100,"[""1100011001000011""]",1,0.000244140625,False,False,,,,3.4683599126265925,0.11738613850629771,{},{}
"[1, 1, 0, 0, 0, 0, 1, 0, 0, 1, 1, 0, 1, 0, 0, 1, 0, 1]",110000100110100101,"[""101001011001000011""]",1,0.000244140625,False,False,,,,4.799289201375823,0.16538044596975662,{},{}
"[1, 1, 0, 0, 0, 0, 1, 0, 1, 0, 0, 1, 0, 0, 0, 1, 0, 1]",110000101001000101,"[""101000100101000011""]",1,0.000244140625,False,False,,,,5.549337890184451,0.19242776372551473,{},{}
"[1, 1, 0, 0, 0, 0, 1, 0, 1, 1, 0, 0, 0, 0, 1, 1, 0, 0]",110000101100001100,"[""1100001101000011""]",1,0.000244140625,False,False,,,,3.5402499026901655,0.11997854541763606,{},{}
"[1, 1, 0, 0, 0, 0, 1, 0, 1, 1, 0, 0, 0, 1, 0, 1, 1, 0]",110000101100010110,"[""11010001101000011""]",1,0.000244140625,False,False,,,,4.760692678870474,0.16398862644650994,{},{}
"[1, 1, 0, 0, 0, 0, 1, 0, 1, 1, 0, 0, 1, 0, 0, 0, 1, 0]",110000101100100010,"[""10001001101000011""]",1,0.000244140625,False,False,,,,3.5432567478180808,0.1200869745060813,{},{}
"[1, 1, 0, 0, 0, 0, 1, 0, 1, 1, 0, 1, 1, 1, 0, 0, 1, 1]",110000101101110011,"[""110011101101000011""]",1,0.000244140625,False,False,,,,7.251471077955561,0.25380796194357075,{},{}
"[1, 1, 0, 0, 0, 0, 1, 0, 1, 1, 0, 1, 1, 1, 0, 1, 0, 0]",110000101101110100,"[""1011101101000011""]",1,0.000244140625,False,False,,,,6.025170177834172,0.2095866325756875,{},{}
"[1, 1, 0, 0, 0, 0, 1, 1, 0, 0, 0, 0, 0, 0, 1, 0, 0, 1]",110000110000001001,"[""100100000011000011""]",1,0.000244140625,False,False,,,,4.274747591320422,0.14646508245406192,{},{}
"[1, 1, 0, 0, 0, 0, 1, 1, 0, 0, 1, 0, 0, 1, 0, 0, 1, 1]",110000110010010011,"[""110010010011000011""]",1,0.000244140625,False,False,,,,4.829839581723008,0.16648211557752848,{},{}
"[1, 1, 0, 0, 0, 0, 1, 1, 0, 0, 1, 1, 0, 1, 0, 1, 1, 0]",110000110011010110,"[""11010110011000011""]",1,0.000244140625,False,False,,,,6.012111056308174,0.2091157108678104,{},{}
"[1, 1, 0, 0, 0, 0, 1, 1, 0, 1, 0, 0, 0, 1, 0, 1, 0, 1]",110000110100010101,"[""101010001011000011""]",1,0.000244140625,False,False,,,,4.783243497336996,0.1648018258585178,{},{}
"[1, 1, 0, 0, 0, 0, 1, 1, 0, 1, 0, 0, 1, 0, 0, 1, 0, 0]",110000110100100100,"[""1001001011000011""]",1,0.000244140625,False,False,,,,3.603297251249666,0.12225208005024166,{},{}
"[1, 1, 0, 0, 0, 0, 1, 1, 0, 1, 0, 1, 0, 0, 0, 1, 0, 0]",110000110101000100,"[""1000101011000011""]",1,0.000244140625,False,False,,,,5.503317913998041,0.1907682488998794,{},{}
"[1, 1, 0, 0, 0, 0, 1, 1, 0, 1, 1, 0, 1, 1, 0, 0, 0, 1]",110000110110110001,"[""100011011011000011""]",1,0.000244140625,False,False,,,,5.99834703340815,0.20861936988817903,{},{}
"[1, 1, 0, 0, 0, 0, 1, 1, 1, 0, 0, 1, 1, 0, 0, 0, 1, 1]",110000111001100011,"[""110001100111000011""]",1,0.000244140625,False,False,,,,8.02547985386741,0.2817192983943896,{},{}
"[1, 1, 0, 0, 0, 0, 1, 1, 1, 0, 1, 0, 1, 1, 0, 1, 1, 1]",110000111010110111,"[""111011010111000011""]",1,0.000244140625,False,False,,,,12.631703718760512,0.4478231825646444,{},{}
"[1, 1, 0, 0, 0, 0, 1, 1, 1, 1, 0, 1, 0, 0, 0, 0, 1, 1]",110000111101000011,"[""110000101111000011""]",1,0.000244140625,False,False,,,,10.013258878757899,0.3534000995432357,{},{}
"[1, 1, 0, 0, 0, 0, 1, 1, 1, 1, 0, 1, 0, 0, 1, 0, 1, 0]",110000111101001010,"[""10100101111000011""]",1,0.000244140625,False,False,,,,7.972225922933817,0.2797989217399194,{},{}
"[1, 1, 0, 0, 0, 0, 1, 1, 1, 1, 1, 0, 1, 1, 0, 0, 1, 1]",110000111110110011,"[""110011011111000011""]",1,0.000244140625,False,False,,,,10.606787325103783,0.374803180069778,{},{}
"[1, 1, 0, 0, 0, 1, 0, 0, 0, 0, 0, 1, 0, 0, 0, 1, 0, 0]",110001000001000100,"[""1000100000100011""]",1,0.000244140625,False,False,,,,3.0339269035819143,0.10172015866452831,{},{}
"[1, 1, 0, 0, 0, 1, 0, 0, 0, 0, 0, 1, 0, 1, 1, 0, 1, 0]",110001000001011010,"[""10110100000100011""]",1,0.000244140625,False,False,,,,3.5260561009325944,0.11946670629035346,{},{}
"[1, 1, 0, 0, 0, 1, 0, 0, 0, 0, 0, 1, 1, 0, 0, 0, 0, 0]",110001000001100000,"[""1100000100011""]",1,0.000244140625,False,False,,,,3.0169080262676813,0.10110644519574606,{},{}
"[1, 1, 0, 0, 0, 1, 0, 0, 0, 0, 0, 1, 1, 1, 1, 1, 1, 0]",110001000001111110,"[""11111100000100011""]",1,0.000244140625,False,False,,,,7.952124110395742,0.27907403531681585,{},{}
"[1, 1, 0, 0, 0, 1, 0, 0, 0, 0, 1, 0, 0, 0, 1, 1, 1, 0]",110001000010001110,"[""11100010000100011""]",1,0.000244140625,False,False,,,,3.4751849890749282,0.11763225587728958,{},{}
"[1, 1, 0, 0, 0, 1, 0, 0, 0, 1, 0, 0, 0, 0, 1, 0, 0, 1]",110001000100001001,"[""100100001000100011""]",1,0.000244140625,False,False,,,,2.314669815541469,0.07578320910567804,{},{}
"[1, 1, 0, 0, 0, 1, 0, 0, 0, 1, 0, 0, 0, 0, 1, 1, 0, 0]",110001000100001100,"[""1100001000100011""]",1,0.000244140625,False,False,,,,2.2677993194848685,0.07409302389619982,{},{}
"[1, 1, 0, 0, 0, 1, 0, 0, 0, 1, 0, 0, 0, 0, 1, 1, 1, 1]",110001000100001111,"[""111100001000100011""]",1,0.000244140625,False,False,,,,6.784842496139164,0.2369809856224015,{},{}
"[1, 1, 0, 0, 0, 1, 0, 0, 0, 1, 0, 0, 0, 1, 0, 1, 0, 1]",110001000100010101,"[""101010001000100011""]",1,0.000244140625,False,False,,,,3.5684775011901246,0.12099645377145647,{},{}
"[1, 1, 0, 0, 0, 1, 0, 0, 0, 1, 0, 0, 0, 1, 1, 1, 1, 0]",110001000100011110,"[""11110001000100011""]",1,0.000244140625,False,False,,,,4.718396074242717,0.1624633791893302,{},{}
"[1, 1, 0, 0, 0, 1, 0, 0, 0, 1, 0, 1, 0, 1, 0, 0, 1, 0]",110001000101010010,"[""10010101000100011""]",1,0.000244140625,False,False,,,,3.4660636281031927,0.11730333276569882,{},{}
"[1, 1, 0, 0, 0, 1, 0, 0, 0, 1, 1, 0, 1, 1, 1, 0, 0, 0]",110001000110111000,"[""111011000100011""]",1,0.000244140625,False,False,,,,8.644780285205316,0.30405173601158036,{},{}
"[1, 1, 0, 0, 0, 1, 0, 0, 0, 1, 1, 1, 0, 0, 1, 1, 0, 1]",110001000111001101,"[""101100111000100011""]",1,0.000244140625,False,False,,,,7.960532467646683,0.2793772469799565,{},{}
"[1, 1, 0, 0, 0, 1, 0, 0, 1, 0, 0, 0, 0, 1, 1, 0, 0, 1]",110001001000011001,"[""100110000100100011""]",1,0.000244140625,False,False,,,,3.6710962926872996,0.12469696428863991,{},{}
"[1, 1, 0, 0, 0, 1, 0, 0, 1, 0, 0, 1, 0, 0, 0, 0, 1, 1]",110001001001000011,"[""110000100100100011""]",1,0.000244140625,False,False,,,,3.6652048254012968,0.12448451356362727,{},{}
"[1, 1, 0, 0, 0, 1, 0, 0, 1, 0, 0, 1, 0, 1, 0, 0, 0, 1]",110001001001010001,"[""100010100100100011""]",1,0.000244140625,False,False,,,,1.6445214378151318,0.051617156439602734,{},{}
"[1, 1, 0, 0, 0, 1, 0, 0, 1, 0, 1, 0, 1, 1, 0, 0, 1, 0]",110001001010110010,"[""10011010100100011""]",1,0.000244140625,False,False,,,,2.8034904173665955,0.09341044629760711,{},{}
"[1, 1, 0, 0, 0, 1, 0, 0, 1, 0, 1, 1, 0, 0, 0, 0, 0, 0]",110001001011000000,"[""110100100011""]",1,0.000244140625,False,False,,,,4.307963818559665,0.1476628844983723,{},{}
"[1, 1, 0, 0, 0, 1, 0, 0, 1, 1, 0, 0, 0, 0, 1, 0, 0, 1]",110001001100001001,"[""100100001100100011""]",1,0.000244140625,False,False,,,,1.630438823531584,0.051109326815950026,{},{}
"[1, 1, 0, 0, 0, 1, 0, 0, 1, 1, 0, 0, 0, 1, 1, 0, 0, 1]",110001001100011001,"[""100110001100100011""]",1,0.000244140625,False,False,,,,2.8462730089332595,0.09495321860797058,{},{}
"[1, 1, 0, 0, 0, 1, 0, 0, 1, 1, 0, 1, 0, 0, 0, 0, 1, 1]",110001001101000011,"[""110000101100100011""]",1,0.000244140625,False,False,,,,4.848279057989753,0.16714705690904205,{},{}
"[1, 1, 0, 0, 0, 1, 0, 0, 1, 1, 0, 1, 1, 1, 0, 0, 1, 0]",110001001101110010,"[""10011101100100011""]",1,0.000244140625,False,False,,,,3.9625553422519255,0.13520719601624587,{},{}
"[1, 1, 0, 0, 0, 1, 0, 0, 1, 1, 1, 0, 0, 1, 1, 0, 0, 1]",110001001110011001,"[""100110011100100011""]",1,0.000244140625,False,False,,,,4.049572368516095,0.13834509518818702,{},{}
"[1, 1, 0, 0, 0, 1, 0, 1, 0, 0, 0, 0, 0, 1, 1, 1, 0, 1]",110001010000011101,"[""101110000010100011""]",1,0.000244140625,False,False,,,,4.825696965910714,0.16633272974713242,{},{}
"[1, 1, 0, 0, 0, 1, 0, 1, 0, 0, 1, 1, 0, 1, 0, 1, 0, 0]",110001010011010100,"[""1010110010100011""]",1,0.000244140625,False,False,,,,2.7227029129629727,0.09049718835195258,{},{}
"[1, 1, 0, 0, 0, 1, 0, 1, 0, 1, 0, 0, 1, 0, 0, 1, 0, 0]",110001010100100100,"[""1001001010100011""]",1,0.000244140625,False,False,,,,1.529297086418405,0.04746207998666121,{},{}
"[1, 1, 0, 0, 0, 1, 0, 1, 0, 1, 1, 0, 0, 1, 1, 0, 1, 0]",110001010110011010,"[""10110011010100011""]",1,0.000244140625,False,False,,,,4.022797269573279,0.13737956505680513,{},{}
"[1, 1, 0, 0, 0, 1, 0, 1, 0, 1, 1, 0, 1, 1, 1, 0, 1, 0]",110001010110111010,"[""10111011010100011""]",1,0.000244140625,False,False,,,,7.239433499868902,0.25337387785759397,{},{}
"[1, 1, 0, 0, 0, 1, 0, 1, 0, 1, 1, 1, 1, 0, 0, 0, 0, 1]",110001010111100001,"[""100001111010100011""]",1,0.000244140625,False,False,,,,5.944148601353263,0.20666493381552775,{},{}
"[1, 1, 0, 0, 0, 1, 0, 1, 1, 0, 0, 0, 0, 0, 1, 0, 1, 0]",110001011000001010,"[""10100000110100011""]",1,0.000244140625,False,False,,,,3.613306481949688,0.1226130204095458,{},{}
"[1, 1, 0, 0, 0, 1, 0, 1, 1, 0, 0, 0, 1, 0, 1, 0, 1, 0]",110001011000101010,"[""10101000110100011""]",1,0.000244140625,False,False,,,,4.807160536725317,0.16566429222072213,{},{}
"[1, 1, 0, 0, 0, 1, 0, 1, 1, 0, 0, 1, 0, 1, 1, 0, 1, 0]",110001011001011010,"[""10110100110100011""]",1,0.000244140625,False,False,,,,4.102849480515589,0.140266307769264,{},{}
"[1, 1, 0, 0, 0, 1, 0, 1, 1, 0, 0, 1, 1, 0, 0, 0, 0, 0]",110001011001100000,"[""1100110100011""]",1,0.000244140625,False,False,,,,3.5324812406700907,0.11969840164386611,{},{}
"[1, 1, 0, 0, 0, 1, 0, 1, 1, 0, 1, 1, 1, 0, 0, 1, 0, 1]",110001011011100101,"[""101001110110100011""]",1,0.000244140625,False,False,,,,5.3164528931004575,0.18402975622191556,{},{}
"[1, 1, 0, 0, 0, 1, 0, 1, 1, 1, 0, 1, 0, 1, 0, 1, 0, 1]",110001011101010101,"[""101010101110100011""]",1,0.000244140625,False,False,,,,5.332247925785451,0.18459933693629849,{},{}
"[1, 1, 0, 0, 0, 1, 0, 1, 1, 1, 1, 0, 1, 0, 1, 1, 1, 1]",110001011110101111,"[""111101011110100011""]",1,0.000244140625,False,False,,,,9.876180689394616,0.3484569573173866,{},{}
"[1, 1, 0, 0, 0, 1, 0, 1, 1, 1, 1, 1, 0, 1, 0, 1, 1, 1]",110001011111010111,"[""111010111110100011""]",1,0.000244140625,False,False,,,,11.892955147013362,0.42118335549769015,{},{}
"[1, 1, 0, 0, 0, 1, 1, 0, 0, 0, 0, 1, 0, 1, 0, 1, 0, 0]",110001100001010100,"[""1010100001100011""]",1,0.000244140625,False,False,,,,1.477469532038341,0.04559313953954434,{},{}
"[1, 1, 0, 0, 0, 1, 1, 0, 0, 0, 0, 1, 0, 1, 1, 0, 1, 0]",110001100001011010,"[""10110100001100011""]",1,0.000244140625,False,False,,,,2.7334355293254644,0.09088421454030318,{},{}
"[1, 1, 0, 0, 0, 1, 1, 0, 0, 0, 0, 1, 1, 0, 1, 0, 1, 0]",110001100001101010,"[""10101100001100011""]",1,0.000244140625,False,False,,,,2.72564190065047,0.09060317045024846,{},{}
"[1, 1, 0, 0, 0, 1, 1, 0, 0, 0, 1, 0, 1, 0, 0, 0, 0, 0]",110001100010100000,"[""1010001100011""]",1,0.000244140625,False,False,,,,2.255430378096399,0.07364699060125775,{},{}
"[1, 1, 0, 0, 0, 1, 1, 0, 0, 0, 1, 1, 1, 1, 0, 0, 1, 0]",110001100011110010,"[""10011110001100011""]",1,0.000244140625,False,False,,,,3.9520401944289336,0.1348280119063863,{},{}
"[1, 1, 0, 0, 0, 1, 1, 0, 0, 0, 1, 1, 1, 1, 0, 1, 0, 0]",110001100011110100,"[""1011110001100011""]",1,0.000244140625,False,False,,,,3.9414266856061744,0.13444528082516985,{},{}
"[1, 1, 0, 0, 0, 1, 1, 0, 0, 1, 0, 0, 1, 1, 0, 1, 0, 0]",110001100100110100,"[""1011001001100011""]",1,0.000244140625,False,False,,,,2.8381066632749645,0.09465873406420836,{},{}
"[1, 1, 0, 0, 0, 1, 1, 0, 0, 1, 1, 0, 1, 1, 0, 1, 1, 0]",110001100110110110,"[""11011011001100011""]",1,0.000244140625,False,False,,,,5.304562501029958,0.183600979773973,{},{}
"[1, 1, 0, 0, 0, 1, 1, 0, 1, 0, 0, 0, 0, 0, 1, 0, 1, 0]",110001101000001010,"[""10100000101100011""]",1,0.000244140625,False,False,,,,3.5597480082965536,0.12068166171640457,{},{}
"[1, 1, 0, 0, 0, 1, 1, 0, 1, 0, 0, 0, 0, 1, 1, 1, 1, 0]",110001101000011110,"[""11110000101100011""]",1,0.000244140625,False,False,,,,6.035178049265959,0.20994752391876048,{},{}
"[1, 1, 0, 0, 0, 1, 1, 0, 1, 0, 0, 1, 0, 0, 1, 1, 1, 1]",110001101001001111,"[""111100100101100011""]",1,0.000244140625,False,False,,,,7.356912151689775,0.25761024607305516,{},{}
"[1, 1, 0, 0, 0, 1, 1, 0, 1, 0, 1, 0, 0, 0, 0, 1, 0, 1]",110001101010000101,"[""101000010101100011""]",1,0.000244140625,False,False,,,,4.888141782058041,0.16858453660945677,{},{}
"[1, 1, 0, 0, 0, 1, 1, 0, 1, 0, 1, 0, 0, 0, 1, 0, 0, 0]",110001101010001000,"[""100010101100011""]",1,0.000244140625,False,False,,,,3.5282847985232157,0.11954707479551113,{},{}
"[1, 1, 0, 0, 0, 1, 1, 0, 1, 0, 1, 0, 0, 0, 1, 1, 0, 0]",110001101010001100,"[""1100010101100011""]",1,0.000244140625,False,False,,,,2.7659431086951196,0.09205646221142193,{},{}
"[1, 1, 0, 0, 0, 1, 1, 0, 1, 0, 1, 1, 0, 0, 1, 0, 1, 1]",110001101011001011,"[""110100110101100011""]",1,0.000244140625,False,False,,,,5.3304507174432025,0.18453452825676692,{},{}
"[1, 1, 0, 0, 0, 1, 1, 0, 1, 0, 1, 1, 0, 1, 1, 1, 0, 1]",110001101011011101,"[""101110110101100011""]",1,0.000244140625,False,False,,,,6.55532315637144,0.22870434624362998,{},{}
"[1, 1, 0, 0, 0, 1, 1, 0, 1, 1, 0, 0, 0, 0, 1, 1, 1, 1]",110001101100001111,"[""111100001101100011""]",1,0.000244140625,False,False,,,,7.391739425864245,0.25886614367706273,{},{}
"[1, 1, 0, 0, 0, 1, 1, 0, 1, 1, 0, 0, 1, 0, 0, 1, 0, 1]",110001101100100101,"[""101001001101100011""]",1,0.000244140625,False,False,,,,4.270996222813025,0.14632980529465556,{},{}
"[1, 1, 0, 0, 0, 1, 1, 0, 1, 1, 1, 1, 0, 1, 1, 0, 0, 0]",110001101111011000,"[""110111101100011""]",1,0.000244140625,False,False,,,,9.204628965646416,0.3242402989421874,{},{}
"[1, 1, 0, 0, 0, 1, 1, 1, 0, 0, 0, 0, 1, 0, 0, 1, 0, 1]",110001110000100101,"[""101001000011100011""]",1,0.000244140625,False,False,,,,4.857929323698367,0.16749505272177118,{},{}
"[1, 1, 0, 0, 0, 1, 1, 1, 0, 0, 1, 0, 0, 0, 0, 1, 1, 0]",110001110010000110,"[""11000010011100011""]",1,0.000244140625,False,False,,,,4.783310652583511,0.16480424752702885,{},{}
"[1, 1, 0, 0, 0, 1, 1, 1, 0, 0, 1, 0, 1, 0, 1, 1, 1, 0]",110001110010101110,"[""11101010011100011""]",1,0.000244140625,False,False,,,,5.266224908803551,0.1822184974706103,{},{}
"[1, 1, 0, 0, 0, 1, 1, 1, 0, 1, 0, 0, 0, 0, 0, 0, 0, 1]",110001110100000001,"[""100000001011100011""]",1,0.000244140625,False,False,,,,3.5788114994767994,0.12136910549329485,{},{}
"[1, 1, 0, 0, 0, 1, 1, 1, 0, 1, 0, 0, 1, 0, 1, 1, 0, 0]",110001110100101100,"[""1101001011100011""]",1,0.000244140625,False,False,,,,4.075202635429447,0.13926934181872433,{},{}
"[1, 1, 0, 0, 0, 1, 1, 1, 1, 0, 1, 0, 0, 0, 1, 0, 0, 1]",110001111010001001,"[""100100010111100011""]",1,0.000244140625,False,False,,,,6.118603379943358,0.2129559038564615,{},{}
"[1, 1, 0, 0, 0, 1, 1, 1, 1, 1, 0, 1, 1, 1, 0, 0, 0, 0]",110001111101110000,"[""11101111100011""]",1,0.000244140625,False,False,,,,9.284902631904906,0.3271350274992918,{},{}
"[1, 1, 0, 0, 0, 1, 1, 1, 1, 1, 1, 1, 1, 1, 1, 1, 1, 0]",110001111111111110,"[""11111111111100011""]",1,0.000244140625,False,False,,,,16.407812743899562,0.5839925035797241,{},{}
"[1, 1, 0, 0, 1, 0, 0, 0, 0, 0, 0, 1, 0, 0, 0, 0, 1, 1]",110010000001000011,"[""110000100000010011""]",1,0.000244140625,False,False,,,,4.331267636795606,0.14850323764631407,{},{}
"[1, 1, 0, 0, 1, 0, 0, 0, 0, 0, 0, 1, 0, 1, 0, 1, 1, 0]",110010000001010110,"[""11010100000010011""]",1,0.000244140625,False,False,,,,3.529650902741401,0.11959633753728785,{},{}
"[1, 1, 0, 0, 1, 0, 0, 0, 0, 0, 0, 1, 1, 0, 0, 0, 1, 1]",110010000001100011,"[""110001100000010011""]",1,0.000244140625,False,False,,,,3.507885505963902,0.11881146101992968,{},{}
"[1, 1, 0, 0, 1, 0, 0, 0, 0, 0, 1, 1, 0, 1, 1, 1, 1, 1]",110010000011011111,"[""111110110000010011""]",1,0.000244140625,False,False,,,,9.297215100150563,0.32757902433038677,{},{}
"[1, 1, 0, 0, 1, 0, 0, 0, 0, 1, 0, 1, 1, 0, 0, 0, 1, 0]",110010000101100010,"[""10001101000010011""]",1,0.000244140625,False,False,,,,3.4641146240450764,0.11723305021890727,{},{}
"[1, 1, 0, 0, 1, 0, 0, 0, 0, 1, 1, 0, 0, 0, 1, 0, 0, 0]",110010000110001000,"[""100011000010011""]",1,0.000244140625,False,False,,,,4.20811766763362,0.1440623574778189,{},{}
"[1, 1, 0, 0, 1, 0, 0, 0, 0, 1, 1, 0, 0, 0, 1, 1, 1, 1]",110010000110001111,"[""111100011000010011""]",1,0.000244140625,False,False,,,,7.97579593161229,0.2799276589279956,{},{}
"[1, 1, 0, 0, 1, 0, 0, 0, 0, 1, 1, 0, 1, 0, 1, 0, 0, 0]",110010000110101000,"[""101011000010011""]",1,0.000244140625,False,False,,,,5.424753897929242,0.187935171609715,{},{}
"[1, 1, 0, 0, 1, 0, 0, 0, 1, 0, 0, 0, 0, 0, 1, 0, 1, 0]",110010001000001010,"[""10100000100010011""]",1,0.000244140625,False,False,,,,2.323391752370572,0.07609772868338319,{},{}
"[1, 1, 0, 0, 1, 0, 0, 0, 1, 0, 0, 0, 0, 1, 1, 0, 1, 1]",110010001000011011,"[""110110000100010011""]",1,0.000244140625,False,False,,,,4.874086198212563,0.1680776817236557,{},{}
"[1, 1, 0, 0, 1, 0, 0, 0, 1, 0, 0, 0, 1, 0, 1, 0, 0, 1]",110010001000101001,"[""100101000100010011""]",1,0.000244140625,False,False,,,,3.540328300364763,0.11998137249652811,{},{}
"[1, 1, 0, 0, 1, 0, 0, 0, 1, 0, 0, 1, 1, 0, 0, 1, 0, 0]",110010001001100100,"[""1001100100010011""]",1,0.000244140625,False,False,,,,1.4762216187008295,0.04554813884948922,{},{}
"[1, 1, 0, 0, 1, 0, 0, 0, 1, 0, 1, 0, 0, 1, 1, 0, 1, 0]",110010001010011010,"[""10110010100010011""]",1,0.000244140625,False,False,,,,2.8555180696698184,0.09528660242577336,{},{}
"[1, 1, 0, 0, 1, 0, 0, 0, 1, 0, 1, 0, 1, 0, 0, 1, 0, 1]",110010001010100101,"[""101001010100010011""]",1,0.000244140625,False,False,,,,2.7856043627566285,0.09276546176573487,{},{}
"[1, 1, 0, 0, 1, 0, 0, 0, 1, 1, 0, 1, 0, 0, 0, 0, 0, 1]",110010001101000001,"[""100000101100010011""]",1,0.000244140625,False,False,,,,3.5108711396479197,0.11891912520781353,{},{}
"[1, 1, 0, 0, 1, 0, 0, 0, 1, 1, 0, 1, 0, 0, 0, 1, 0, 0]",110010001101000100,"[""1000101100010011""]",1,0.000244140625,False,False,,,,3.456103127248822,0.11694414964114382,{},{}
"[1, 1, 0, 0, 1, 0, 0, 0, 1, 1, 0, 1, 0, 1, 0, 1, 0, 0]",110010001101010100,"[""1010101100010011""]",1,0.000244140625,False,False,,,,2.682083027923378,0.08903240485954574,{},{}
"[1, 1, 0, 0, 1, 0, 0, 0, 1, 1, 0, 1, 0, 1, 1, 0, 0, 0]",110010001101011000,"[""110101100010011""]",1,0.000244140625,False,False,,,,4.69293577865372,0.16154526185211446,{},{}
"[1, 1, 0, 0, 1, 0, 0, 0, 1, 1, 0, 1, 1, 0, 1, 0, 1, 1]",110010001101101011,"[""110101101100010011""]",1,0.000244140625,False,False,,,,5.2280171858092945,0.18084069834907446,{},{}
"[1, 1, 0, 0, 1, 0, 0, 0, 1, 1, 1, 0, 0, 0, 0, 1, 0, 0]",110010001110000100,"[""1000011100010011""]",1,0.000244140625,False,False,,,,3.4785039042180053,0.11775193844432638,{},{}
"[1, 1, 0, 0, 1, 0, 0, 0, 1, 1, 1, 1, 1, 0, 1, 1, 0, 0]",110010001111101100,"[""1101111100010011""]",1,0.000244140625,False,False,,,,7.181804324764183,0.25129572661979177,{},{}
"[1, 1, 0, 0, 1, 0, 0, 1, 0, 0, 0, 0, 0, 0, 1, 0, 0, 0]",110010010000001000,"[""100000010010011""]",1,0.000244140625,False,False,,,,3.1004786114743506,0.10412006312061677,{},{}
"[1, 1, 0, 0, 1, 0, 0, 1, 0, 0, 0, 0, 0, 1, 0, 1, 0, 1]",110010010000010101,"[""101010000010010011""]",1,0.000244140625,False,False,,,,3.5906430199888764,0.12179575898872622,{},{}
"[1, 1, 0, 0, 1, 0, 0, 1, 0, 0, 0, 0, 1, 0, 1, 1, 1, 0]",110010010000101110,"[""11101000010010011""]",1,0.000244140625,False,False,,,,4.7912531408135965,0.16509065960418576,{},{}
"[1, 1, 0, 0, 1, 0, 0, 1, 0, 0, 0, 1, 1, 1, 1, 0, 1, 0]",110010010001111010,"[""10111100010010011""]",1,0.000244140625,False,False,,,,6.083861601914692,0.21170308930753678,{},{}
"[1, 1, 0, 0, 1, 0, 0, 1, 0, 0, 1, 0, 1, 0, 0, 1, 0, 0]",110010010010100100,"[""1001010010010011""]",1,0.000244140625,False,False,,,,1.5389746217275535,0.047811059161619665,{},{}
"[1, 1, 0, 0, 1, 0, 0, 1, 0, 0, 1, 1, 0, 1, 0, 0, 0, 1]",110010010011010001,"[""100010110010010011""]",1,0.000244140625,False,False,,,,2.8572074056326437,0.09534752114647047,{},{}
"[1, 1, 0, 0, 1, 0, 0, 1, 0, 1, 0, 0, 0, 1, 1, 1, 0, 0]",110010010100011100,"[""1110001010010011""]",1,0.000244140625,False,False,,,,2.7597899310402587,0.09183457401439968,{},{}
"[1, 1, 0, 0, 1, 0, 0, 1, 0, 1, 0, 1, 0, 1, 0, 1, 0, 0]",110010010101010100,"[""1010101010010011""]",1,0.000244140625,False,False,,,,2.733215076168091,0.09087626483425515,{},{}
"[1, 1, 0, 0, 1, 0, 0, 1, 0, 1, 0, 1, 1, 0, 1, 0, 1, 1]",110010010101101011,"[""110101101010010011""]",1,0.000244140625,False,False,,,,5.232455887729833,0.18100076126640133,{},{}
"[1, 1, 0, 0, 1, 0, 0, 1, 0, 1, 0, 1, 1, 1, 1, 0, 1, 1]",110010010101111011,"[""110111101010010011""]",1,0.000244140625,False,False,,,,8.539345300050417,0.3002496714408285,{},{}
"[1, 1, 0, 0, 1, 0, 0, 1, 0, 1, 1, 0, 0, 0, 1, 1, 0, 0]",110010010110001100,"[""1100011010010011""]",1,0.000244140625,False,False,,,,2.733215076168091,0.09087626483425515,{},{}
"[1, 1, 0, 0, 1, 0, 0, 1, 0, 1, 1, 0, 1, 0, 0, 1, 0, 0]",110010010110100100,"[""1001011010010011""]",1,0.000244140625,False,False,,,,2.769054358278333,0.09216865620275909,{},{}
"[1, 1, 0, 0, 1, 0, 0, 1, 1, 0, 1, 0, 0, 1, 0, 1, 0, 1]",110010011010010101,"[""101010010110010011""]",1,0.000244140625,False,False,,,,4.145769026062222,0.14181401874276947,{},{}
"[1, 1, 0, 0, 1, 0, 0, 1, 1, 0, 1, 0, 0, 1, 1, 0, 1, 1]",110010011010011011,"[""110110010110010011""]",1,0.000244140625,False,False,,,,5.508104054432316,0.19094084071035924,{},{}
"[1, 1, 0, 0, 1, 0, 0, 1, 1, 0, 1, 1, 0, 0, 0, 1, 0, 0]",110010011011000100,"[""1000110110010011""]",1,0.000244140625,False,False,,,,4.769830650123052,0.16431814853727453,{},{}
"[1, 1, 0, 0, 1, 0, 0, 1, 1, 0, 1, 1, 0, 1, 0, 0, 0, 1]",110010011011010001,"[""100010110110010011""]",1,0.000244140625,False,False,,,,4.147813886942568,0.14188775795839942,{},{}
"[1, 1, 0, 0, 1, 0, 0, 1, 1, 1, 0, 0, 0, 0, 0, 1, 0, 0]",110010011100000100,"[""1000001110010011""]",1,0.000244140625,False,False,,,,3.521628438816035,0.11930704147663058,{},{}
"[1, 1, 0, 0, 1, 0, 0, 1, 1, 1, 0, 0, 1, 0, 0, 1, 0, 1]",110010011100100101,"[""101001001110010011""]",1,0.000244140625,False,False,,,,4.066706150247935,0.13896295219637,{},{}
"[1, 1, 0, 0, 1, 0, 0, 1, 1, 1, 0, 1, 0, 1, 0, 1, 0, 1]",110010011101010101,"[""101010101110010011""]",1,0.000244140625,False,False,,,,5.2720076945829515,0.18242702905905608,{},{}
"[1, 1, 0, 0, 1, 0, 0, 1, 1, 1, 0, 1, 1, 1, 0, 0, 0, 0]",110010011101110000,"[""11101110010011""]",1,0.000244140625,False,False,,,,5.970889156026779,0.20762921825467345,{},{}
"[1, 1, 0, 0, 1, 0, 0, 1, 1, 1, 1, 0, 0, 1, 0, 0, 0, 0]",110010011110010000,"[""10011110010011""]",1,0.000244140625,False,False,,,,4.832429512396539,0.16657551041834026,{},{}
"[1, 1, 0, 0, 1, 0, 0, 1, 1, 1, 1, 0, 0, 1, 0, 0, 1, 0]",110010011110010010,"[""10010011110010011""]",1,0.000244140625,False,False,,,,4.166144825014118,0.14254878532126286,{},{}
"[1, 1, 0, 0, 1, 0, 1, 0, 0, 0, 0, 0, 0, 0, 0, 0, 1, 0]",110010100000000010,"[""10000000001010011""]",1,0.000244140625,False,False,,,,3.093338167798325,0.10386257337107889,{},{}
"[1, 1, 0, 0, 1, 0, 1, 0, 0, 0, 0, 1, 1, 1, 0, 0, 0, 1]",110010100001110001,"[""100011100001010011""]",1,0.000244140625,False,False,,,,2.7307055941174845,0.09078577103106893,{},{}
"[1, 1, 0, 0, 1, 0, 1, 0, 0, 0, 1, 0, 0, 0, 0, 1, 1, 0]",110010100010000110,"[""11000010001010011""]",1,0.000244140625,False,False,,,,3.5508979162461056,0.1203625207653866,{},{}
"[1, 1, 0, 0, 1, 0, 1, 0, 0, 0, 1, 0, 0, 1, 1, 1, 0, 0]",110010100010011100,"[""1110010001010011""]",1,0.000244140625,False,False,,,,2.7323524994429755,0.09084515967118903,{},{}
"[1, 1, 0, 0, 1, 0, 1, 0, 0, 0, 1, 1, 0, 0, 0, 1, 1, 0]",110010100011000110,"[""11000110001010011""]",1,0.000244140625,False,False,,,,4.762374556293976,0.1640492762066901,{},{}
"[1, 1, 0, 0, 1, 0, 1, 0, 0, 0, 1, 1, 0, 1, 0, 0, 0, 1]",110010100011010001,"[""100010110001010011""]",1,0.000244140625,False,False,,,,2.745762632220683,0.09132873910782759,{},{}
"[1, 1, 0, 0, 1, 0, 1, 0, 0, 1, 0, 0, 0, 0, 0, 1, 0, 0]",110010100100000100,"[""1000001001010011""]",1,0.000244140625,False,False,,,,2.3090774595575034,0.07558154455835125,{},{}
"[1, 1, 0, 0, 1, 0, 1, 0, 0, 1, 0, 0, 1, 0, 0, 1, 1, 1]",110010100100100111,"[""111001001001010011""]",1,0.000244140625,False,False,,,,6.108926498802496,0.2126069482713016,{},{}
"[1, 1, 0, 0, 1, 0, 1, 0, 0, 1, 0, 1, 1, 0, 0, 0, 1, 0]",110010100101100010,"[""10001101001010011""]",1,0.000244140625,False,False,,,,2.762419485661372,0.09192939772445288,{},{}
"[1, 1, 0, 0, 1, 0, 1, 0, 0, 1, 1, 0, 0, 0, 0, 0, 0, 0]",110010100110000000,"[""11001010011""]",1,0.000244140625,False,False,,,,4.255939536010492,0.14578684988606214,{},{}
"[1, 1, 0, 0, 1, 0, 1, 0, 0, 1, 1, 0, 0, 1, 0, 1, 0, 1]",110010100110010101,"[""101010011001010011""]",1,0.000244140625,False,False,,,,4.021822274142543,0.1373444059909751,{},{}
"[1, 1, 0, 0, 1, 0, 1, 0, 0, 1, 1, 1, 1, 0, 0, 1, 1, 0]",110010100111100110,"[""11001111001010011""]",1,0.000244140625,False,False,,,,7.3079134727063,0.25584331699251306,{},{}
"[1, 1, 0, 0, 1, 0, 1, 0, 1, 0, 0, 0, 0, 0, 1, 0, 1, 1]",110010101000001011,"[""110100000101010011""]",1,0.000244140625,False,False,,,,4.8120173608910655,0.16583943293952466,{},{}
"[1, 1, 0, 0, 1, 0, 1, 0, 1, 0, 0, 0, 1, 1, 1, 0, 1, 0]",110010101000111010,"[""10111000101010011""]",1,0.000244140625,False,False,,,,8.035962160289667,0.2820972982187295,{},{}
"[1, 1, 0, 0, 1, 0, 1, 0, 1, 0, 0, 1, 0, 0, 0, 0, 1, 0]",110010101001000010,"[""10000100101010011""]",1,0.000244140625,False,False,,,,3.5408304264894452,0.11999947954084456,{},{}
"[1, 1, 0, 0, 1, 0, 1, 0, 1, 0, 0, 1, 0, 0, 1, 0, 0, 1]",110010101001001001,"[""100100100101010011""]",1,0.000244140625,False,False,,,,2.7832870760983752,0.09268189867241554,{},{}
"[1, 1, 0, 0, 1, 0, 1, 0, 1, 0, 0, 1, 0, 0, 1, 0, 1, 1]",110010101001001011,"[""110100100101010011""]",1,0.000244140625,False,False,,,,4.047186549966427,0.13825906078350994,{},{}
"[1, 1, 0, 0, 1, 0, 1, 0, 1, 0, 0, 1, 1, 0, 0, 0, 1, 0]",110010101001100010,"[""10001100101010011""]",1,0.000244140625,False,False,,,,2.7722496815342907,0.09228388195373471,{},{}
"[1, 1, 0, 0, 1, 0, 1, 0, 1, 0, 1, 0, 0, 0, 1, 0, 0, 0]",110010101010001000,"[""100010101010011""]",1,0.000244140625,False,False,,,,3.50146970037361,0.11858010226275963,{},{}
"[1, 1, 0, 0, 1, 0, 1, 0, 1, 0, 1, 0, 0, 0, 1, 1, 1, 1]",110010101010001111,"[""111100010101010011""]",1,0.000244140625,False,False,,,,7.294710811288677,0.25536721912858457,{},{}
"[1, 1, 0, 0, 1, 0, 1, 0, 1, 0, 1, 0, 0, 1, 0, 1, 1, 0]",110010101010010110,"[""11010010101010011""]",1,0.000244140625,False,False,,,,4.081902228305394,0.1395109341580667,{},{}
"[1, 1, 0, 0, 1, 0, 1, 0, 1, 0, 1, 0, 1, 0, 1, 0, 0, 0]",110010101010101000,"[""101010101010011""]",1,0.000244140625,False,False,,,,4.740786471760953,0.16327079370173392,{},{}
"[1, 1, 0, 0, 1, 0, 1, 0, 1, 0, 1, 1, 1, 0, 1, 0, 0, 1]",110010101011101001,"[""100101110101010011""]",1,0.000244140625,False,False,,,,5.247142595237936,0.18153037494439936,{},{}
"[1, 1, 0, 0, 1, 0, 1, 0, 1, 1, 0, 0, 0, 0, 0, 0, 0, 0]",110010101100000000,"[""1101010011""]",1,0.000244140625,False,False,,,,4.292550108851354,0.14710705457626697,{},{}
"[1, 1, 0, 0, 1, 0, 1, 0, 1, 1, 0, 0, 1, 0, 1, 0, 1, 1]",110010101100101011,"[""110101001101010011""]",1,0.000244140625,False,False,,,,5.294755740656074,0.18324734064634737,{},{}
"[1, 1, 0, 0, 1, 0, 1, 0, 1, 1, 1, 1, 1, 1, 1, 1, 1, 1]",110010101111111111,"[""111111111101010011""]",1,0.000244140625,False,False,,,,16.401997675562388,0.5837828078580546,{},{}
"[1, 1, 0, 0, 1, 0, 1, 1, 0, 0, 0, 0, 0, 1, 1, 1, 0, 0]",110010110000011100,"[""1110000011010011""]",1,0.000244140625,False,False,,,,4.795995845749219,0.1652616850980365,{},{}
"[1, 1, 0, 0, 1, 0, 1, 1, 0, 0, 0, 0, 1, 1, 1, 1, 1, 0]",110010110000111110,"[""11111000011010011""]",1,0.000244140625,False,False,,,,9.369872559878306,0.3301991067729066,{},{}
"[1, 1, 0, 0, 1, 0, 1, 1, 0, 0, 0, 1, 0, 1, 1, 0, 1, 0]",110010110001011010,"[""10110100011010011""]",1,0.000244140625,False,False,,,,4.106725644796768,0.14040608515778671,{},{}
"[1, 1, 0, 0, 1, 0, 1, 1, 0, 0, 0, 1, 1, 0, 0, 0, 1, 0]",110010110001100010,"[""10001100011010011""]",1,0.000244140625,False,False,,,,2.793203992600991,0.093039510112587,{},{}
"[1, 1, 0, 0, 1, 0, 1, 1, 0, 0, 0, 1, 1, 1, 1, 1, 1, 1]",110010110001111111,"[""111111100011010011""]",1,0.000244140625,False,False,,,,11.86256655532344,0.420087520110133,{},{}
"[1, 1, 0, 0, 1, 0, 1, 1, 0, 0, 1, 0, 0, 0, 1, 0, 0, 0]",110010110010001000,"[""100010011010011""]",1,0.000244140625,False,False,,,,3.5411013499699813,0.12000924924456499,{},{}
"[1, 1, 0, 0, 1, 0, 1, 1, 0, 0, 1, 0, 0, 1, 0, 0, 0, 0]",110010110010010000,"[""10010011010011""]",1,0.000244140625,False,False,,,,3.6192779366353633,0.12282835554012794,{},{}
"[1, 1, 0, 0, 1, 0, 1, 1, 0, 0, 1, 0, 1, 0, 0, 0, 1, 0]",110010110010100010,"[""10001010011010011""]",1,0.000244140625,False,False,,,,2.8620419100015386,0.09552185699667347,{},{}
"[1, 1, 0, 0, 1, 0, 1, 1, 0, 0, 1, 0, 1, 1, 0, 0, 1, 1]",110010110010110011,"[""110011010011010011""]",1,0.000244140625,False,False,,,,5.424701125060228,0.18793326858051385,{},{}
"[1, 1, 0, 0, 1, 0, 1, 1, 0, 1, 0, 0, 0, 1, 0, 0, 0, 0]",110010110100010000,"[""10001011010011""]",1,0.000244140625,False,False,,,,3.5581616591222813,0.12062445677647424,{},{}
"[1, 1, 0, 0, 1, 0, 1, 1, 0, 1, 1, 0, 0, 0, 1, 1, 0, 0]",110010110110001100,"[""1100011011010011""]",1,0.000244140625,False,False,,,,4.012842599254715,0.13702059218574034,{},{}
"[1, 1, 0, 0, 1, 0, 1, 1, 1, 0, 1, 0, 1, 1, 1, 0, 0, 1]",110010111010111001,"[""100111010111010011""]",1,0.000244140625,False,False,,,,10.615349154635958,0.375111926058382,{},{}
"[1, 1, 0, 0, 1, 0, 1, 1, 1, 1, 0, 0, 0, 0, 1, 0, 0, 1]",110010111100001001,"[""100100001111010011""]",1,0.000244140625,False,False,,,,6.036420602230932,0.2099923313097652,{},{}
"[1, 1, 0, 0, 1, 0, 1, 1, 1, 1, 0, 1, 1, 0, 1, 1, 1, 1]",110010111101101111,"[""111101101111010011""]",1,0.000244140625,False,False,,,,13.149121508808607,0.46648165579275186,{},{}
"[1, 1, 0, 0, 1, 0, 1, 1, 1, 1, 1, 0, 0, 0, 0, 1, 0, 0]",110010111110000100,"[""1000011111010011""]",1,0.000244140625,False,False,,,,8.064677009183434,0.28313277718686414,{},{}
"[1, 1, 0, 0, 1, 1, 0, 0, 0, 0, 0, 0, 0, 0, 0, 1, 1, 0]",110011000000000110,"[""11000000000110011""]",1,0.000244140625,False,False,,,,6.342185959403404,0.2210184592099191,{},{}
"[1, 1, 0, 0, 1, 1, 0, 0, 0, 0, 0, 0, 1, 0, 1, 0, 1, 1]",110011000000101011,"[""110101000000110011""]",1,0.000244140625,False,False,,,,6.826507995068332,0.2384834747351809,{},{}
"[1, 1, 0, 0, 1, 1, 0, 0, 0, 0, 0, 0, 1, 1, 0, 1, 1, 0]",110011000000110110,"[""11011000000110011""]",1,0.000244140625,False,False,,,,6.823975821376739,0.23839216265441707,{},{}
"[1, 1, 0, 0, 1, 1, 0, 0, 0, 0, 0, 1, 1, 1, 0, 0, 1, 0]",110011000001110010,"[""10011100000110011""]",1,0.000244140625,False,False,,,,4.784561168207422,0.16484934205748153,{},{}
"[1, 1, 0, 0, 1, 1, 0, 0, 0, 1, 0, 0, 0, 0, 0, 0, 1, 0]",110011000100000010,"[""10000001000110011""]",1,0.000244140625,False,False,,,,4.315828412824335,0.1479464876607677,{},{}
"[1, 1, 0, 0, 1, 1, 0, 0, 0, 1, 0, 0, 0, 0, 1, 0, 1, 1]",110011000100001011,"[""110100001000110011""]",1,0.000244140625,False,False,,,,4.817169325803496,0.16602521665481168,{},{}
"[1, 1, 0, 0, 1, 1, 0, 0, 0, 1, 0, 0, 0, 1, 0, 0, 1, 0]",110011000100010010,"[""10010001000110011""]",1,0.000244140625,False,False,,,,3.5809820445020497,0.12144737697336953,{},{}
"[1, 1, 0, 0, 1, 1, 0, 0, 0, 1, 0, 1, 0, 1, 0, 0, 1, 0]",110011000101010010,"[""10010101000110011""]",1,0.000244140625,False,False,,,,4.783120015285085,0.16479737300319652,{},{}
"[1, 1, 0, 0, 1, 1, 0, 0, 1, 0, 0, 0, 1, 1, 0, 1, 0, 0]",110011001000110100,"[""1011000100110011""]",1,0.000244140625,False,False,,,,4.824450649386132,0.1662877866393481,{},{}
"[1, 1, 0, 0, 1, 1, 0, 0, 1, 0, 0, 1, 0, 0, 0, 0, 1, 0]",110011001001000010,"[""10000100100110011""]",1,0.000244140625,False,False,,,,3.6212039982921853,0.1228978107667373,{},{}
"[1, 1, 0, 0, 1, 1, 0, 0, 1, 0, 0, 1, 1, 0, 0, 0, 1, 1]",110011001001100011,"[""110001100100110011""]",1,0.000244140625,False,False,,,,4.142277003058445,0.14168809377656014,{},{}
"[1, 1, 0, 0, 1, 1, 0, 0, 1, 0, 1, 0, 0, 1, 1, 0, 0, 1]",110011001010011001,"[""100110010100110011""]",1,0.000244140625,False,False,,,,4.182113370187192,0.14312462302598486,{},{}
"[1, 1, 0, 0, 1, 1, 0, 0, 1, 0, 1, 0, 1, 0, 1, 1, 0, 1]",110011001010101101,"[""101101010100110011""]",1,0.000244140625,False,False,,,,5.352366417237459,0.18532482481353654,{},{}
"[1, 1, 0, 0, 1, 1, 0, 0, 1, 0, 1, 1, 0, 0, 0, 1, 0, 0]",110011001011000100,"[""1000110100110011""]",1,0.000244140625,False,False,,,,4.774038865736542,0.1644698999456579,{},{}
"[1, 1, 0, 0, 1, 1, 0, 0, 1, 1, 0, 0, 0, 0, 1, 0, 0, 0]",110011001100001000,"[""100001100110011""]",1,0.000244140625,False,False,,,,3.5324812406700907,0.11969840164386611,{},{}
"[1, 1, 0, 0, 1, 1, 0, 0, 1, 1, 0, 0, 0, 0, 1, 1, 0, 0]",110011001100001100,"[""1100001100110011""]",1,0.000244140625,False,False,,,,2.7740338646224423,0.0923482209328433,{},{}
"[1, 1, 0, 0, 1, 1, 0, 0, 1, 1, 0, 0, 0, 0, 1, 1, 0, 1]",110011001100001101,"[""101100001100110011""]",1,0.000244140625,False,False,,,,4.117047847298069,0.14077831151476553,{},{}
"[1, 1, 0, 0, 1, 1, 0, 0, 1, 1, 0, 0, 1, 0, 1, 0, 1, 1]",110011001100101011,"[""110101001100110011""]",1,0.000244140625,False,False,,,,5.358913233354068,0.1855609079084563,{},{}
"[1, 1, 0, 0, 1, 1, 0, 0, 1, 1, 0, 0, 1, 1, 0, 1, 0, 1]",110011001100110101,"[""101011001100110011""]",1,0.000244140625,False,False,,,,5.41478055421987,0.1875755253621851,{},{}
"[1, 1, 0, 0, 1, 1, 0, 0, 1, 1, 1, 0, 0, 0, 0, 1, 0, 1]",110011001110000101,"[""101000011100110011""]",1,0.000244140625,False,False,,,,6.130109955002417,0.2133708395753642,{},{}
"[1, 1, 0, 0, 1, 1, 0, 0, 1, 1, 1, 0, 0, 0, 0, 1, 1, 1]",110011001110000111,"[""111000011100110011""]",1,0.000244140625,False,False,,,,9.425285643531131,0.3321973440923598,{},{}
"[1, 1, 0, 0, 1, 1, 0, 1, 0, 0, 0, 1, 0, 0, 1, 0, 1, 0]",110011010001001010,"[""10100100010110011""]",1,0.000244140625,False,False,,,,2.8536061246763937,0.09521765625662422,{},{}
"[1, 1, 0, 0, 1, 1, 0, 1, 0, 0, 0, 1, 1, 0, 0, 0, 1, 0]",110011010001100010,"[""10001100010110011""]",1,0.000244140625,False,False,,,,2.793613651846992,0.09305428273196958,{},{}
"[1, 1, 0, 0, 1, 1, 0, 1, 0, 1, 0, 0, 1, 1, 0, 1, 0, 0]",110011010100110100,"[""1011001010110011""]",1,0.000244140625,False,False,,,,4.059660839588257,0.13870889301468803,{},{}
"[1, 1, 0, 0, 1, 1, 0, 1, 0, 1, 0, 1, 1, 0, 1, 1, 1, 0]",110011010101101110,"[""11101101010110011""]",1,0.000244140625,False,False,,,,6.526990056297652,0.22768263342400136,{},{}
"[1, 1, 0, 0, 1, 1, 0, 1, 0, 1, 1, 0, 1, 1, 0, 0, 0, 0]",110011010110110000,"[""11011010110011""]",1,0.000244140625,False,False,,,,6.050506895614499,0.21050029360452147,{},{}
"[1, 1, 0, 0, 1, 1, 0, 1, 0, 1, 1, 0, 1, 1, 0, 1, 0, 1]",110011010110110101,"[""101011011010110011""]",1,0.000244140625,False,False,,,,6.63773718631046,0.23167625791890256,{},{}
"[1, 1, 0, 0, 1, 1, 0, 1, 0, 1, 1, 1, 0, 1, 0, 1, 0, 0]",110011010111010100,"[""1010111010110011""]",1,0.000244140625,False,False,,,,7.277561260054265,0.2547487934603222,{},{}
"[1, 1, 0, 0, 1, 1, 0, 1, 1, 0, 0, 0, 0, 1, 1, 0, 0, 0]",110011011000011000,"[""110000110110011""]",1,0.000244140625,False,False,,,,6.912801979543814,0.24159530047842184,{},{}
"[1, 1, 0, 0, 1, 1, 0, 1, 1, 0, 0, 1, 0, 0, 1, 1, 0, 0]",110011011001001100,"[""1100100110110011""]",1,0.000244140625,False,False,,,,4.053773742332271,0.13849659987623242,{},{}
"[1, 1, 0, 0, 1, 1, 0, 1, 1, 0, 0, 1, 0, 1, 0, 1, 0, 0]",110011011001010100,"[""1010100110110011""]",1,0.000244140625,False,False,,,,4.079863871154176,0.13943742947178256,{},{}
"[1, 1, 0, 0, 1, 1, 0, 1, 1, 1, 0, 1, 0, 0, 1, 0, 1, 1]",110011011101001011,"[""110100101110110011""]",1,0.000244140625,False,False,,,,6.661711553177096,0.23254079155293236,{},{}
"[1, 1, 0, 0, 1, 1, 0, 1, 1, 1, 0, 1, 0, 0, 1, 1, 0, 1]",110011011101001101,"[""101100101110110011""]",1,0.000244140625,False,False,,,,6.611982802381181,0.23074753553576574,{},{}
"[1, 1, 0, 0, 1, 1, 0, 1, 1, 1, 1, 1, 0, 1, 0, 0, 0, 1]",110011011111010001,"[""100010111110110011""]",1,0.000244140625,False,False,,,,8.686173533963984,0.3055444075792051,{},{}
"[1, 1, 0, 0, 1, 1, 1, 0, 0, 0, 0, 1, 1, 0, 0, 0, 0, 0]",110011100001100000,"[""1100001110011""]",1,0.000244140625,False,False,,,,3.5069090547438995,0.11877624945724786,{},{}
"[1, 1, 0, 0, 1, 1, 1, 0, 0, 0, 1, 0, 1, 0, 1, 1, 0, 1]",110011100010101101,"[""101101010001110011""]",1,0.000244140625,False,False,,,,5.2975475938043015,0.1833480169629042,{},{}
"[1, 1, 0, 0, 1, 1, 1, 0, 0, 0, 1, 1, 0, 1, 1, 0, 0, 0]",110011100011011000,"[""110110001110011""]",1,0.000244140625,False,False,,,,5.9924538518618515,0.2084068573456556,{},{}
"[1, 1, 0, 0, 1, 1, 1, 0, 0, 0, 1, 1, 1, 1, 0, 0, 0, 0]",110011100011110000,"[""11110001110011""]",1,0.000244140625,False,False,,,,5.979365248566499,0.20793487250308387,{},{}
"[1, 1, 0, 0, 1, 1, 1, 0, 0, 1, 0, 0, 0, 1, 0, 1, 0, 0]",110011100100010100,"[""1010001001110011""]",1,0.000244140625,False,False,,,,2.806986503012313,0.09353651776572908,{},{}
"[1, 1, 0, 0, 1, 1, 1, 0, 0, 1, 1, 0, 1, 0, 0, 0, 0, 0]",110011100110100000,"[""1011001110011""]",1,0.000244140625,False,False,,,,4.763392770825913,0.16408599378569497,{},{}
"[1, 1, 0, 0, 1, 1, 1, 0, 1, 0, 1, 1, 0, 0, 1, 0, 0, 0]",110011101011001000,"[""100110101110011""]",1,0.000244140625,False,False,,,,6.026553619028089,0.20963652050180026,{},{}
"[1, 1, 0, 0, 1, 1, 1, 0, 1, 1, 0, 1, 0, 0, 0, 0, 0, 0]",110011101101000000,"[""101101110011""]",1,0.000244140625,False,False,,,,6.7953826314006776,0.2373610707980181,{},{}
"[1, 1, 0, 0, 1, 1, 1, 1, 0, 0, 0, 0, 1, 1, 0, 1, 0, 0]",110011110000110100,"[""1011000011110011""]",1,0.000244140625,False,False,,,,6.0998699568592665,0.21228036258244992,{},{}
"[1, 1, 0, 0, 1, 1, 1, 1, 0, 0, 0, 1, 0, 0, 1, 1, 0, 1]",110011110001001101,"[""101100100011110011""]",1,0.000244140625,False,False,,,,5.305124277766691,0.18362123786405823,{},{}
"[1, 1, 0, 0, 1, 1, 1, 1, 0, 0, 1, 0, 1, 1, 1, 0, 1, 1]",110011110010111011,"[""110111010011110011""]",1,0.000244140625,False,False,,,,9.964138923477362,0.35162879714854506,{},{}
"[1, 1, 0, 0, 1, 1, 1, 1, 0, 1, 0, 1, 0, 0, 0, 0, 0, 1]",110011110101000001,"[""100000101011110011""]",1,0.000244140625,False,False,,,,6.0514950584547575,0.21053592749700564,{},{}
"[1, 1, 0, 0, 1, 1, 1, 1, 1, 0, 0, 1, 0, 0, 0, 1, 1, 0]",110011111001000110,"[""11000100111110011""]",1,0.000244140625,False,False,,,,9.35555113312843,0.32968266539276764,{},{}
"[1, 1, 0, 0, 1, 1, 1, 1, 1, 0, 1, 1, 1, 1, 0, 0, 0, 1]",110011111011110001,"[""100011110111110011""]",1,0.000244140625,False,False,,,,9.953398383461586,0.35124148522731957,{},{}
"[1, 1, 0, 0, 1, 1, 1, 1, 1, 1, 0, 0, 1, 0, 0, 0, 1, 1]",110011111100100011,"[""110001001111110011""]",1,0.000244140625,False,False,,,,8.741507214614124,0.30753978156688205,{},{}
"[1, 1, 0, 0, 1, 1, 1, 1, 1, 1, 1, 0, 1, 1, 0, 0, 0, 0]",110011111110110000,"[""11011111110011""]",1,0.000244140625,False,False,,,,10.659565554723088,0.3767064025783956,{},{}
"[1, 1, 0, 0, 1, 1, 1, 1, 1, 1, 1, 1, 0, 1, 1, 1, 0, 0]",110011111111011100,"[""1110111111110011""]",1,0.000244140625,False,False,,,,13.129686624580712,0.4657808193042658,{},{}
"[1, 1, 0, 0, 1, 1, 1, 1, 1, 1, 1, 1, 1, 0, 1, 1, 0, 0]",110011111111101100,"[""1101111111110011""]",1,0.000244140625,False,False,,,,13.14070955297978,0.46617831436219614,{},{}
"[1, 1, 0, 1, 0, 0, 0, 0, 0, 0, 0, 1, 0, 0, 1, 0, 0, 0]",110100000001001000,"[""100100000001011""]",1,0.000244140625,False,False,,,,3.0425285218877125,0.10203033946612429,{},{}
"[1, 1, 0, 1, 0, 0, 0, 0, 0, 0, 0, 1, 1, 1, 1, 0, 1, 0]",110100000001111010,"[""10111100000001011""]",1,0.000244140625,False,False,,,,6.712323556580896,0.23436589832099092,{},{}
"[1, 1, 0, 1, 0, 0, 0, 0, 0, 0, 1, 0, 0, 0, 0, 0, 0, 0]",110100000010000000,"[""10000001011""]",1,0.000244140625,False,False,,,,3.800937055978984,0.12937911950709455,{},{}
"[1, 1, 0, 1, 0, 0, 0, 0, 0, 0, 1, 1, 0, 0, 1, 0, 0, 1]",110100000011001001,"[""100100110000001011""]",1,0.000244140625,False,False,,,,3.4562814404946645,0.11695057975040515,{},{}
"[1, 1, 0, 1, 0, 0, 0, 0, 0, 0, 1, 1, 1, 1, 1, 0, 0, 1]",110100000011111001,"[""100111110000001011""]",1,0.000244140625,False,False,,,,7.914692604149838,0.27772422715287154,{},{}
"[1, 1, 0, 1, 0, 0, 0, 0, 0, 1, 0, 0, 0, 1, 0, 0, 0, 0]",110100000100010000,"[""10001000001011""]",1,0.000244140625,False,False,,,,3.0230176417589933,0.10132676250850814,{},{}
"[1, 1, 0, 1, 0, 0, 0, 0, 0, 1, 0, 0, 1, 0, 0, 0, 1, 1]",110100000100100011,"[""110001001000001011""]",1,0.000244140625,False,False,,,,3.539632233594772,0.11995627180721544,{},{}
"[1, 1, 0, 1, 0, 0, 0, 0, 0, 1, 1, 0, 0, 0, 1, 0, 0, 0]",110100000110001000,"[""100011000001011""]",1,0.000244140625,False,False,,,,4.209360579857034,0.14410717782395213,{},{}
"[1, 1, 0, 1, 0, 0, 0, 0, 0, 1, 1, 0, 0, 1, 0, 1, 1, 0]",110100000110010110,"[""11010011000001011""]",1,0.000244140625,False,False,,,,4.7592526344707204,0.16393669736637995,{},{}
"[1, 1, 0, 1, 0, 0, 0, 0, 1, 0, 0, 0, 0, 0, 1, 1, 0, 0]",110100001000001100,"[""1100000100001011""]",1,0.000244140625,False,False,,,,2.3133439034586636,0.07573539572242048,{},{}
"[1, 1, 0, 1, 0, 0, 0, 0, 1, 0, 0, 0, 0, 1, 1, 1, 0, 0]",110100001000011100,"[""1110000100001011""]",1,0.000244140625,False,False,,,,3.511941903253006,0.11895773774577299,{},{}
"[1, 1, 0, 1, 0, 0, 0, 0, 1, 0, 0, 0, 1, 0, 0, 1, 0, 1]",110100001000100101,"[""101001000100001011""]",1,0.000244140625,False,False,,,,3.650948177404744,0.12397040815387414,{},{}
"[1, 1, 0, 1, 0, 0, 0, 0, 1, 0, 0, 0, 1, 1, 0, 0, 1, 0]",110100001000110010,"[""10011000100001011""]",1,0.000244140625,False,False,,,,3.5167678023247406,0.11913176328251215,{},{}
"[1, 1, 0, 1, 0, 0, 0, 0, 1, 0, 0, 1, 0, 1, 0, 0, 0, 1]",110100001001010001,"[""100010100100001011""]",1,0.000244140625,False,False,,,,1.508115850423382,0.04669826874485093,{},{}
"[1, 1, 0, 1, 0, 0, 0, 0, 1, 0, 0, 1, 1, 0, 0, 1, 0, 1]",110100001001100101,"[""101001100100001011""]",1,0.000244140625,False,False,,,,2.8279524462379486,0.09429256538894897,{},{}
"[1, 1, 0, 1, 0, 0, 0, 0, 1, 0, 0, 1, 1, 1, 0, 0, 1, 0]",110100001001110010,"[""10011100100001011""]",1,0.000244140625,False,False,,,,2.701669587500442,0.08973871087477844,{},{}
"[1, 1, 0, 1, 0, 0, 0, 0, 1, 1, 1, 1, 0, 1, 0, 1, 0, 0]",110100001111010100,"[""1010111100001011""]",1,0.000244140625,False,False,,,,5.930646863419002,0.20617805102830097,{},{}
"[1, 1, 0, 1, 0, 0, 0, 1, 0, 0, 0, 0, 0, 1, 0, 0, 0, 0]",110100010000010000,"[""10000010001011""]",1,0.000244140625,False,False,,,,3.0712136272898234,0.10306474586166199,{},{}
"[1, 1, 0, 1, 0, 0, 0, 1, 0, 0, 0, 0, 0, 1, 1, 1, 0, 1]",110100010000011101,"[""101110000010001011""]",1,0.000244140625,False,False,,,,4.79009435898888,0.16504887306327137,{},{}
"[1, 1, 0, 1, 0, 0, 0, 1, 0, 0, 0, 1, 0, 0, 0, 0, 0, 0]",110100010001000000,"[""100010001011""]",1,0.000244140625,False,False,,,,3.0222379954484717,0.10129864787833487,{},{}
"[1, 1, 0, 1, 0, 0, 0, 1, 0, 0, 0, 1, 1, 0, 0, 0, 1, 1]",110100010001100011,"[""110001100010001011""]",1,0.000244140625,False,False,,,,2.723372973909144,0.09052135125177127,{},{}
"[1, 1, 0, 1, 0, 0, 0, 1, 0, 0, 0, 1, 1, 1, 1, 1, 0, 1]",110100010001111101,"[""101111100010001011""]",1,0.000244140625,False,False,,,,7.268685156441906,0.25442871451289034,{},{}
"[1, 1, 0, 1, 0, 0, 0, 1, 0, 0, 1, 0, 1, 1, 1, 0, 1, 0]",110100010010111010,"[""10111010010001011""]",1,0.000244140625,False,False,,,,6.041785525318117,0.21018579445641072,{},{}
"[1, 1, 0, 1, 0, 0, 0, 1, 0, 0, 1, 1, 0, 0, 1, 1, 1, 1]",110100010011001111,"[""111100110010001011""]",1,0.000244140625,False,False,,,,7.247171035396612,0.25365289918672507,{},{}
"[1, 1, 0, 1, 0, 0, 0, 1, 0, 1, 0, 1, 0, 0, 0, 0, 0, 0]",110100010101000000,"[""101010001011""]",1,0.000244140625,False,False,,,,4.233538759041309,0.1449790610828796,{},{}
"[1, 1, 0, 1, 0, 0, 0, 1, 0, 1, 0, 1, 0, 1, 0, 0, 1, 1]",110100010101010011,"[""110010101010001011""]",1,0.000244140625,False,False,,,,3.984203146819845,0.13598783207041068,{},{}
"[1, 1, 0, 1, 0, 0, 0, 1, 0, 1, 0, 1, 0, 1, 1, 0, 1, 0]",110100010101011010,"[""10110101010001011""]",1,0.000244140625,False,False,,,,3.980524868055104,0.13585519058189313,{},{}
"[1, 1, 0, 1, 0, 0, 0, 1, 0, 1, 1, 1, 1, 0, 0, 0, 0, 0]",110100010111100000,"[""1111010001011""]",1,0.000244140625,False,False,,,,6.7029402680935295,0.23402752990691522,{},{}
"[1, 1, 0, 1, 0, 0, 0, 1, 0, 1, 1, 1, 1, 0, 1, 0, 1, 0]",110100010111101010,"[""10101111010001011""]",1,0.000244140625,False,False,,,,7.2239464764327685,0.25281540418752685,{},{}
"[1, 1, 0, 1, 0, 0, 0, 1, 1, 0, 0, 0, 0, 1, 0, 1, 1, 1]",110100011000010111,"[""111010000110001011""]",1,0.000244140625,False,False,,,,8.108367873190637,0.28470830248203327,{},{}
"[1, 1, 0, 1, 0, 0, 0, 1, 1, 0, 0, 1, 0, 1, 0, 0, 1, 0]",110100011001010010,"[""10010100110001011""]",1,0.000244140625,False,False,,,,2.7592907118429837,0.0918165717960638,{},{}
"[1, 1, 0, 1, 0, 0, 0, 1, 1, 1, 0, 0, 1, 0, 1, 1, 1, 0]",110100011100101110,"[""11101001110001011""]",1,0.000244140625,False,False,,,,5.334807475260847,0.1846916362083399,{},{}
"[1, 1, 0, 1, 0, 0, 0, 1, 1, 1, 0, 1, 1, 0, 1, 1, 1, 0]",110100011101101110,"[""11101101110001011""]",1,0.000244140625,False,False,,,,6.559196842149035,0.22884403425545627,{},{}
"[1, 1, 0, 1, 0, 0, 0, 1, 1, 1, 0, 1, 1, 1, 1, 1, 0, 1]",110100011101111101,"[""101111101110001011""]",1,0.000244140625,False,False,,,,9.850629123599317,0.3475355487081397,{},{}
"[1, 1, 0, 1, 0, 0, 0, 1, 1, 1, 1, 0, 0, 1, 0, 1, 0, 1]",110100011110010101,"[""101010011110001011""]",1,0.000244140625,False,False,,,,5.331106093982138,0.18455816162585711,{},{}
"[1, 1, 0, 1, 0, 0, 1, 0, 0, 0, 0, 0, 1, 0, 1, 0, 0, 0]",110100100000101000,"[""101000001001011""]",1,0.000244140625,False,False,,,,4.349544616736725,0.14916231923856144,{},{}
"[1, 1, 0, 1, 0, 0, 1, 0, 0, 0, 0, 1, 0, 0, 0, 0, 0, 0]",110100100001000000,"[""100001001011""]",1,0.000244140625,False,False,,,,3.055426459472835,0.10249544876031275,{},{}
"[1, 1, 0, 1, 0, 0, 1, 0, 0, 0, 0, 1, 0, 1, 1, 0, 0, 1]",110100100001011001,"[""100110100001001011""]",1,0.000244140625,False,False,,,,2.7323645749496537,0.09084559512300844,{},{}
"[1, 1, 0, 1, 0, 0, 1, 0, 0, 0, 1, 0, 0, 0, 1, 0, 1, 1]",110100100010001011,"[""110100010001001011""]",1,0.000244140625,False,False,,,,2.721178133043293,0.09044220364547882,{},{}
"[1, 1, 0, 1, 0, 0, 1, 0, 0, 0, 1, 0, 1, 0, 0, 0, 0, 0]",110100100010100000,"[""1010001001011""]",1,0.000244140625,False,False,,,,2.3086499686886928,0.0755661289172883,{},{}
"[1, 1, 0, 1, 0, 0, 1, 0, 0, 1, 0, 0, 0, 1, 1, 1, 1, 0]",110100100100011110,"[""11110001001001011""]",1,0.000244140625,False,False,,,,4.0780285660036775,0.1393712469927982,{},{}
"[1, 1, 0, 1, 0, 0, 1, 0, 0, 1, 0, 0, 1, 0, 1, 1, 0, 0]",110100100100101100,"[""1101001001001011""]",1,0.000244140625,False,False,,,,2.9936891744218723,0.1002691559995007,{},{}
"[1, 1, 0, 1, 0, 0, 1, 0, 0, 1, 0, 1, 0, 0, 1, 1, 1, 0]",110100100101001110,"[""11100101001001011""]",1,0.000244140625,False,False,,,,4.083323540624035,0.1395621877453152,{},{}
"[1, 1, 0, 1, 0, 0, 1, 0, 0, 1, 0, 1, 0, 1, 1, 1, 1, 0]",110100100101011110,"[""11110101001001011""]",1,0.000244140625,False,False,,,,5.3117566021567,0.18386040445139112,{},{}
"[1, 1, 0, 1, 0, 0, 1, 0, 0, 1, 1, 0, 0, 0, 0, 1, 1, 0]",110100100110000110,"[""11000011001001011""]",1,0.000244140625,False,False,,,,4.838535918161302,0.1667957119859578,{},{}
"[1, 1, 0, 1, 0, 0, 1, 0, 0, 1, 1, 0, 0, 1, 0, 0, 1, 1]",110100100110010011,"[""110010011001001011""]",1,0.000244140625,False,False,,,,4.023291943548624,0.1373974033710323,{},{}
"[1, 1, 0, 1, 0, 0, 1, 0, 0, 1, 1, 0, 1, 1, 0, 0, 1, 0]",110100100110110010,"[""10011011001001011""]",1,0.000244140625,False,False,,,,4.065431284355402,0.13891697957698432,{},{}
"[1, 1, 0, 1, 0, 0, 1, 0, 0, 1, 1, 1, 0, 1, 0, 0, 0, 0]",110100100111010000,"[""10111001001011""]",1,0.000244140625,False,False,,,,6.7047486297897265,0.2340927407847478,{},{}
"[1, 1, 0, 1, 0, 0, 1, 0, 1, 0, 0, 0, 0, 0, 0, 1, 0, 0]",110100101000000100,"[""1000000101001011""]",1,0.000244140625,False,False,,,,4.388220166801663,0.150556988554825,{},{}
"[1, 1, 0, 1, 0, 0, 1, 0, 1, 0, 0, 0, 1, 0, 1, 0, 1, 1]",110100101000101011,"[""110101000101001011""]",1,0.000244140625,False,False,,,,6.085367226426939,0.21175738325566473,{},{}
"[1, 1, 0, 1, 0, 0, 1, 0, 1, 0, 0, 1, 0, 0, 1, 1, 0, 0]",110100101001001100,"[""1100100101001011""]",1,0.000244140625,False,False,,,,2.8190709632398994,0.09397229245683816,{},{}
"[1, 1, 0, 1, 0, 0, 1, 0, 1, 0, 1, 0, 1, 0, 0, 0, 1, 1]",110100101010100011,"[""110001010101001011""]",1,0.000244140625,False,False,,,,4.083646309382064,0.13957382702859145,{},{}
"[1, 1, 0, 1, 0, 0, 1, 0, 1, 1, 0, 0, 0, 0, 1, 0, 0, 0]",110100101100001000,"[""100001101001011""]",1,0.000244140625,False,False,,,,3.5668828968503057,0.12093895114407065,{},{}
"[1, 1, 0, 1, 0, 0, 1, 0, 1, 1, 0, 0, 0, 0, 1, 1, 0, 0]",110100101100001100,"[""1100001101001011""]",1,0.000244140625,False,False,,,,2.8900222847612476,0.09653085027716721,{},{}
"[1, 1, 0, 1, 0, 0, 1, 0, 1, 1, 1, 0, 0, 1, 0, 0, 1, 1]",110100101110010011,"[""110010011101001011""]",1,0.000244140625,False,False,,,,5.313898424858547,0.18393764018296122,{},{}
"[1, 1, 0, 1, 0, 0, 1, 1, 0, 0, 0, 0, 0, 1, 0, 0, 0, 1]",110100110000010001,"[""100010000011001011""]",1,0.000244140625,False,False,,,,3.553113011292586,0.1204423987526097,{},{}
"[1, 1, 0, 1, 0, 0, 1, 1, 0, 0, 0, 0, 0, 1, 0, 0, 1, 0]",110100110000010010,"[""10010000011001011""]",1,0.000244140625,False,False,,,,3.5706454019995206,0.12107462989912604,{},{}
"[1, 1, 0, 1, 0, 0, 1, 1, 0, 0, 0, 1, 0, 0, 1, 0, 1, 1]",110100110001001011,"[""110100100011001011""]",1,0.000244140625,False,False,,,,3.9967496789744903,0.13644026942145593,{},{}
"[1, 1, 0, 1, 0, 0, 1, 1, 0, 0, 0, 1, 0, 1, 1, 0, 1, 0]",110100110001011010,"[""10110100011001011""]",1,0.000244140625,False,False,,,,4.01873238404509,0.13723298223869987,{},{}
"[1, 1, 0, 1, 0, 0, 1, 1, 0, 0, 0, 1, 1, 0, 0, 0, 0, 0]",110100110001100000,"[""1100011001011""]",1,0.000244140625,False,False,,,,3.5392895774230153,0.11994391536889781,{},{}
"[1, 1, 0, 1, 0, 0, 1, 1, 0, 0, 0, 1, 1, 1, 1, 1, 0, 1]",110100110001111101,"[""101111100011001011""]",1,0.000244140625,False,False,,,,8.599780199983318,0.30242899921836114,{},{}
"[1, 1, 0, 1, 0, 0, 1, 1, 0, 0, 1, 0, 0, 0, 0, 0, 0, 1]",110100110010000001,"[""100000010011001011""]",1,0.000244140625,False,False,,,,3.5265381564204183,0.11948408957246517,{},{}
"[1, 1, 0, 1, 0, 0, 1, 1, 0, 0, 1, 0, 0, 0, 0, 1, 0, 1]",110100110010000101,"[""101000010011001011""]",1,0.000244140625,False,False,,,,4.809659183204037,0.16575439528506664,{},{}
"[1, 1, 0, 1, 0, 0, 1, 1, 0, 0, 1, 1, 0, 0, 0, 1, 0, 0]",110100110011000100,"[""1000110011001011""]",1,0.000244140625,False,False,,,,4.762169863959796,0.16404189484773657,{},{}
"[1, 1, 0, 1, 0, 0, 1, 1, 0, 0, 1, 1, 1, 0, 1, 1, 1, 0]",110100110011101110,"[""11101110011001011""]",1,0.000244140625,False,False,,,,6.59863525216058,0.2302662128730317,{},{}
"[1, 1, 0, 1, 0, 0, 1, 1, 0, 0, 1, 1, 1, 1, 0, 0, 1, 0]",110100110011110010,"[""10011110011001011""]",1,0.000244140625,False,False,,,,5.299401844453312,0.18341488263076142,{},{}
"[1, 1, 0, 1, 0, 0, 1, 1, 0, 1, 1, 0, 0, 0, 1, 1, 1, 0]",110100110110001110,"[""11100011011001011""]",1,0.000244140625,False,False,,,,5.3383323611353894,0.18481874623429428,{},{}
"[1, 1, 0, 1, 0, 0, 1, 1, 0, 1, 1, 1, 0, 1, 0, 1, 1, 1]",110100110111010111,"[""111010111011001011""]",1,0.000244140625,False,False,,,,11.869286216546852,0.4203298361291229,{},{}
"[1, 1, 0, 1, 0, 0, 1, 1, 1, 0, 0, 1, 0, 0, 1, 0, 0, 0]",110100111001001000,"[""100100111001011""]",1,0.000244140625,False,False,,,,6.773108819927918,0.2365578604657762,{},{}
"[1, 1, 0, 1, 0, 0, 1, 1, 1, 1, 1, 0, 0, 0, 0, 1, 0, 0]",110100111110000100,"[""1000011111001011""]",1,0.000244140625,False,False,,,,8.121565937407562,0.28518423456745967,{},{}
"[1, 1, 0, 1, 0, 1, 0, 0, 0, 0, 0, 1, 1, 0, 0, 1, 1, 0]",110101000001100110,"[""11001100000101011""]",1,0.000244140625,False,False,,,,4.781090934445019,0.16472420282764358,{},{}
"[1, 1, 0, 1, 0, 1, 0, 0, 0, 0, 1, 0, 0, 1, 0, 1, 0, 0]",110101000010010100,"[""1010010000101011""]",1,0.000244140625,False,False,,,,3.5152650214363153,0.11907757187759005,{},{}
"[1, 1, 0, 1, 0, 1, 0, 0, 0, 0, 1, 0, 0, 1, 0, 1, 1, 0]",110101000010010110,"[""11010010000101011""]",1,0.000244140625,False,False,,,,4.78776016887331,0.16496470041861483,{},{}
"[1, 1, 0, 1, 0, 1, 0, 0, 0, 0, 1, 0, 0, 1, 1, 0, 0, 1]",110101000010011001,"[""100110010000101011""]",1,0.000244140625,False,False,,,,4.777506471321233,0.16459494440143818,{},{}
"[1, 1, 0, 1, 0, 1, 0, 0, 0, 0, 1, 0, 1, 0, 1, 0, 0, 0]",110101000010101000,"[""101010000101011""]",1,0.000244140625,False,False,,,,5.479848569714949,0.18992192675864297,{},{}
"[1, 1, 0, 1, 0, 1, 0, 0, 0, 0, 1, 1, 0, 1, 0, 0, 0, 0]",110101000011010000,"[""10110000101011""]",1,0.000244140625,False,False,,,,5.451728674252941,0.18890790225707668,{},{}
"[1, 1, 0, 1, 0, 1, 0, 0, 0, 1, 1, 0, 0, 0, 1, 0, 0, 0]",110101000110001000,"[""100011000101011""]",1,0.000244140625,False,False,,,,5.462612384107616,0.18930037698997498,{},{}
"[1, 1, 0, 1, 0, 1, 0, 0, 1, 0, 0, 0, 0, 1, 0, 0, 0, 0]",110101001000010000,"[""10000100101011""]",1,0.000244140625,False,False,,,,4.351280529690011,0.14922491756043632,{},{}
"[1, 1, 0, 1, 0, 1, 0, 0, 1, 0, 0, 0, 0, 1, 1, 0, 1, 1]",110101001000011011,"[""110110000100101011""]",1,0.000244140625,False,False,,,,6.149872391034516,0.21408348782735576,{},{}
"[1, 1, 0, 1, 0, 1, 0, 0, 1, 0, 0, 0, 0, 1, 1, 1, 0, 1]",110101001000011101,"[""101110000100101011""]",1,0.000244140625,False,False,,,,6.163547954037418,0.21457663887681083,{},{}
"[1, 1, 0, 1, 0, 1, 0, 0, 1, 0, 0, 0, 1, 0, 0, 1, 1, 0]",110101001000100110,"[""11001000100101011""]",1,0.000244140625,False,False,,,,4.883942149464925,0.16843309471121964,{},{}
"[1, 1, 0, 1, 0, 1, 0, 0, 1, 1, 0, 0, 1, 0, 0, 1, 0, 0]",110101001100100100,"[""1001001100101011""]",1,0.000244140625,False,False,,,,2.9559982479319054,0.09890999294716296,{},{}
"[1, 1, 0, 1, 0, 1, 0, 0, 1, 1, 0, 0, 1, 0, 1, 0, 1, 1]",110101001100101011,"[""110101001100101011""]",1,0.000244140625,False,False,,,,5.396280192924358,0.18690838847091093,{},{}
"[1, 1, 0, 1, 0, 1, 0, 0, 1, 1, 1, 1, 1, 0, 0, 0, 0, 1]",110101001111100001,"[""100001111100101011""]",1,0.000244140625,False,False,,,,7.336800975356514,0.25688502198448054,{},{}
"[1, 1, 0, 1, 0, 1, 0, 1, 0, 0, 0, 0, 0, 0, 1, 1, 0, 0]",110101010000001100,"[""1100000010101011""]",1,0.000244140625,False,False,,,,3.5598414561951355,0.12068503151765117,{},{}
"[1, 1, 0, 1, 0, 1, 0, 1, 0, 0, 0, 0, 1, 0, 0, 0, 1, 1]",110101010000100011,"[""110001000010101011""]",1,0.000244140625,False,False,,,,4.847755008573036,0.16712815929438696,{},{}
"[1, 1, 0, 1, 0, 1, 0, 1, 0, 0, 1, 1, 1, 0, 0, 0, 0, 0]",110101010011100000,"[""1110010101011""]",1,0.000244140625,False,False,,,,4.703431794701612,0.16192375605582784,{},{}
"[1, 1, 0, 1, 0, 1, 0, 1, 0, 1, 0, 1, 0, 0, 1, 0, 0, 1]",110101010101001001,"[""100100101010101011""]",1,0.000244140625,False,False,,,,4.030501363828214,0.13765738046858128,{},{}
"[1, 1, 0, 1, 0, 1, 0, 1, 0, 1, 1, 0, 0, 1, 1, 0, 0, 0]",110101010110011000,"[""110011010101011""]",1,0.000244140625,False,False,,,,5.988703917831335,0.2082716319145604,{},{}
"[1, 1, 0, 1, 0, 1, 0, 1, 0, 1, 1, 1, 0, 0, 1, 0, 1, 0]",110101010111001010,"[""10100111010101011""]",1,0.000244140625,False,False,,,,7.224438003040852,0.25283312900533217,{},{}
"[1, 1, 0, 1, 0, 1, 0, 1, 1, 0, 0, 0, 0, 1, 0, 0, 1, 0]",110101011000010010,"[""10010000110101011""]",1,0.000244140625,False,False,,,,4.8829809947760685,0.16839843475291316,{},{}
"[1, 1, 0, 1, 0, 1, 0, 1, 1, 1, 0, 0, 0, 0, 1, 0, 0, 0]",110101011100001000,"[""100001110101011""]",1,0.000244140625,False,False,,,,4.80616245358785,0.165628300594887,{},{}
"[1, 1, 0, 1, 0, 1, 0, 1, 1, 1, 0, 0, 0, 1, 1, 0, 1, 0]",110101011100011010,"[""10110001110101011""]",1,0.000244140625,False,False,,,,5.317979373526285,0.18408480224991527,{},{}
"[1, 1, 0, 1, 0, 1, 0, 1, 1, 1, 0, 0, 1, 0, 0, 0, 0, 0]",110101011100100000,"[""1001110101011""]",1,0.000244140625,False,False,,,,4.855343607524978,0.16740180985899258,{},{}
"[1, 1, 0, 1, 0, 1, 1, 0, 0, 0, 0, 0, 0, 0, 1, 1, 0, 0]",110101100000001100,"[""1100000001101011""]",1,0.000244140625,False,False,,,,3.6104766290367056,0.1225109737929974,{},{}
"[1, 1, 0, 1, 0, 1, 1, 0, 0, 0, 0, 0, 0, 1, 0, 0, 1, 1]",110101100000010011,"[""110010000001101011""]",1,0.000244140625,False,False,,,,4.861355200392181,0.1676185924024775,{},{}
"[1, 1, 0, 1, 0, 1, 1, 0, 0, 0, 1, 0, 0, 1, 0, 0, 1, 1]",110101100010010011,"[""110010010001101011""]",1,0.000244140625,False,False,,,,4.085150952448504,0.13962808558504816,{},{}
"[1, 1, 0, 1, 0, 1, 1, 0, 0, 0, 1, 0, 1, 0, 0, 0, 0, 1]",110101100010100001,"[""100001010001101011""]",1,0.000244140625,False,False,,,,2.8424273766057313,0.09481454222457514,{},{}
"[1, 1, 0, 1, 0, 1, 1, 0, 0, 0, 1, 1, 1, 1, 0, 0, 1, 0]",110101100011110010,"[""10011110001101011""]",1,0.000244140625,False,False,,,,5.249172920006975,0.18160358997696321,{},{}
"[1, 1, 0, 1, 0, 1, 1, 0, 0, 1, 0, 0, 0, 0, 1, 0, 0, 1]",110101100100001001,"[""100100001001101011""]",1,0.000244140625,False,False,,,,2.873983355388928,0.0959524744654791,{},{}
"[1, 1, 0, 1, 0, 1, 1, 0, 0, 1, 0, 0, 0, 0, 1, 1, 1, 0]",110101100100001110,"[""11100001001101011""]",1,0.000244140625,False,False,,,,4.121524647251265,0.1409397482756982,{},{}
"[1, 1, 0, 1, 0, 1, 1, 0, 0, 1, 0, 0, 0, 1, 0, 0, 1, 0]",110101100100010010,"[""10010001001101011""]",1,0.000244140625,False,False,,,,2.8139005279027813,0.09378584268419639,{},{}
"[1, 1, 0, 1, 0, 1, 1, 0, 0, 1, 0, 1, 0, 0, 1, 1, 0, 1]",110101100101001101,"[""101100101001101011""]",1,0.000244140625,False,False,,,,5.44018944871773,0.1884917891375378,{},{}
"[1, 1, 0, 1, 0, 1, 1, 0, 1, 0, 0, 1, 0, 0, 1, 1, 0, 0]",110101101001001100,"[""1100100101101011""]",1,0.000244140625,False,False,,,,4.118324362083849,0.14082434359447726,{},{}
"[1, 1, 0, 1, 0, 1, 1, 0, 1, 0, 1, 1, 0, 0, 0, 1, 0, 0]",110101101011000100,"[""1000110101101011""]",1,0.000244140625,False,False,,,,6.063075834273162,0.21095353895089153,{},{}
"[1, 1, 0, 1, 0, 1, 1, 0, 1, 1, 1, 0, 1, 0, 1, 1, 0, 1]",110101101110101101,"[""101101011101101011""]",1,0.000244140625,False,False,,,,8.079908843643878,0.28368204855124596,{},{}
"[1, 1, 0, 1, 0, 1, 1, 1, 0, 0, 0, 0, 1, 0, 0, 0, 0, 1]",110101110000100001,"[""100001000011101011""]",1,0.000244140625,False,False,,,,4.886724047242015,0.16853341202963334,{},{}
"[1, 1, 0, 1, 0, 1, 1, 1, 0, 0, 1, 1, 0, 0, 0, 0, 1, 0]",110101110011000010,"[""10000110011101011""]",1,0.000244140625,False,False,,,,6.007357838503467,0.20894430627202282,{},{}
"[1, 1, 0, 1, 0, 1, 1, 1, 0, 1, 0, 0, 0, 0, 1, 0, 1, 0]",110101110100001010,"[""10100001011101011""]",1,0.000244140625,False,False,,,,4.040645822856657,0.1380231972627395,{},{}
"[1, 1, 0, 1, 0, 1, 1, 1, 0, 1, 0, 0, 1, 0, 0, 0, 0, 0]",110101110100100000,"[""1001011101011""]",1,0.000244140625,False,False,,,,4.887185252222438,0.1685500434268242,{},{}
"[1, 1, 0, 1, 0, 1, 1, 1, 1, 1, 1, 0, 0, 0, 1, 0, 0, 0]",110101111110001000,"[""100011111101011""]",1,0.000244140625,False,False,,,,9.319936410575613,0.32839837181017467,{},{}
"[1, 1, 0, 1, 1, 0, 0, 0, 0, 0, 0, 0, 1, 1, 0, 1, 0, 1]",110110000000110101,"[""101011000000011011""]",1,0.000244140625,False,False,,,,6.831377996583509,0.23865909063907803,{},{}
"[1, 1, 0, 1, 1, 0, 0, 0, 0, 0, 0, 1, 0, 0, 0, 0, 1, 1]",110110000001000011,"[""110000100000011011""]",1,0.000244140625,False,False,,,,5.538647065188474,0.19204224456515637,{},{}
"[1, 1, 0, 1, 1, 0, 0, 0, 0, 0, 0, 1, 0, 1, 1, 1, 1, 0]",110110000001011110,"[""11110100000011011""]",1,0.000244140625,False,False,,,,6.034898422428678,0.20993744036547413,{},{}
"[1, 1, 0, 1, 1, 0, 0, 0, 0, 0, 1, 0, 1, 0, 0, 0, 0, 1]",110110000010100001,"[""100001010000011011""]",1,0.000244140625,False,False,,,,3.5177878011472767,0.11916854520437306,{},{}
"[1, 1, 0, 1, 1, 0, 0, 0, 0, 0, 1, 1, 0, 1, 1, 1, 0, 1]",110110000011011101,"[""101110110000011011""]",1,0.000244140625,False,False,,,,7.245164986340118,0.2535805595545462,{},{}
"[1, 1, 0, 1, 1, 0, 0, 0, 0, 1, 0, 0, 1, 1, 0, 0, 1, 1]",110110000100110011,"[""110011001000011011""]",1,0.000244140625,False,False,,,,6.073621283660987,0.21133381575788499,{},{}
"[1, 1, 0, 1, 1, 0, 0, 0, 0, 1, 0, 0, 1, 1, 1, 0, 1, 0]",110110000100111010,"[""10111001000011011""]",1,0.000244140625,False,False,,,,8.027573117339085,0.2817947830437326,{},{}
"[1, 1, 0, 1, 1, 0, 0, 0, 0, 1, 1, 0, 0, 0, 1, 0, 1, 1]",110110000110001011,"[""110100011000011011""]",1,0.000244140625,False,False,,,,5.9978652748516925,0.2086019973136349,{},{}
"[1, 1, 0, 1, 1, 0, 0, 0, 1, 0, 0, 1, 0, 0, 1, 0, 0, 0]",110110001001001000,"[""100100100011011""]",1,0.000244140625,False,False,,,,3.5005997430484115,0.11854873094972398,{},{}
"[1, 1, 0, 1, 1, 0, 0, 0, 1, 0, 0, 1, 1, 0, 1, 0, 0, 0]",110110001001101000,"[""101100100011011""]",1,0.000244140625,False,False,,,,4.7399165144357545,0.1632394223886983,{},{}
"[1, 1, 0, 1, 1, 0, 0, 0, 1, 0, 1, 0, 0, 1, 0, 1, 1, 0]",110110001010010110,"[""11010010100011011""]",1,0.000244140625,False,False,,,,4.089079168186721,0.13976973998811565,{},{}
"[1, 1, 0, 1, 1, 0, 0, 0, 1, 0, 1, 1, 0, 0, 1, 1, 1, 1]",110110001011001111,"[""111100110100011011""]",1,0.000244140625,False,False,,,,8.554293125852698,0.30078870124017953,{},{}
"[1, 1, 0, 1, 1, 0, 0, 0, 1, 1, 0, 0, 0, 1, 0, 0, 0, 0]",110110001100010000,"[""10001100011011""]",1,0.000244140625,False,False,,,,3.5070296108775683,0.11878059680176482,{},{}
"[1, 1, 0, 1, 1, 0, 0, 0, 1, 1, 0, 0, 1, 0, 1, 1, 1, 0]",110110001100101110,"[""11101001100011011""]",1,0.000244140625,False,False,,,,5.33264574587734,0.1846136826269123,{},{}
"[1, 1, 0, 1, 1, 0, 0, 0, 1, 1, 1, 0, 1, 0, 0, 1, 0, 0]",110110001110100100,"[""1001011100011011""]",1,0.000244140625,False,False,,,,4.080367226791298,0.1394555808532389,{},{}
"[1, 1, 0, 1, 1, 0, 0, 1, 0, 0, 0, 0, 0, 0, 0, 0, 1, 0]",110110010000000010,"[""10000000010011011""]",1,0.000244140625,False,False,,,,4.367544283115609,0.14981140069595406,{},{}
"[1, 1, 0, 1, 1, 0, 0, 1, 0, 0, 0, 1, 1, 0, 0, 1, 0, 0]",110110010001100100,"[""1001100010011011""]",1,0.000244140625,False,False,,,,2.7810404420742927,0.09260088336602686,{},{}
"[1, 1, 0, 1, 1, 0, 0, 1, 0, 0, 1, 0, 1, 0, 0, 0, 1, 1]",110110010010100011,"[""110001010010011011""]",1,0.000244140625,False,False,,,,4.113110352951151,0.1406363225181155,{},{}
"[1, 1, 0, 1, 1, 0, 0, 1, 0, 1, 1, 0, 0, 0, 0, 0, 1, 1]",110110010110000011,"[""110000011010011011""]",1,0.000244140625,False,False,,,,6.102330530763978,0.2123690927212466,{},{}
"[1, 1, 0, 1, 1, 0, 0, 1, 0, 1, 1, 0, 0, 0, 1, 0, 1, 1]",110110010110001011,"[""110100011010011011""]",1,0.000244140625,False,False,,,,5.3166894766565225,0.18403828760222748,{},{}
"[1, 1, 0, 1, 1, 0, 0, 1, 1, 0, 1, 1, 0, 1, 0, 1, 1, 1]",110110011011010111,"[""111010110110011011""]",1,0.000244140625,False,False,,,,9.951700640074751,0.3511802633286127,{},{}
"[1, 1, 0, 1, 1, 0, 0, 1, 1, 1, 0, 0, 0, 0, 1, 1, 1, 0]",110110011100001110,"[""11100001110011011""]",1,0.000244140625,False,False,,,,5.3162349518083065,0.18402189709560968,{},{}
"[1, 1, 0, 1, 1, 0, 0, 1, 1, 1, 1, 0, 0, 1, 1, 0, 0, 0]",110110011110011000,"[""110011110011011""]",1,0.000244140625,False,False,,,,7.2981894503713285,0.2554926614605691,{},{}
"[1, 1, 0, 1, 1, 0, 1, 0, 0, 0, 0, 0, 0, 0, 1, 0, 1, 1]",110110100000001011,"[""110100000001011011""]",1,0.000244140625,False,False,,,,4.789596497693634,0.16503091981190018,{},{}
"[1, 1, 0, 1, 1, 0, 1, 0, 0, 0, 0, 1, 1, 0, 0, 0, 1, 0]",110110100001100010,"[""10001100001011011""]",1,0.000244140625,False,False,,,,2.8046302042134066,0.09345154786538466,{},{}
"[1, 1, 0, 1, 1, 0, 1, 0, 0, 0, 0, 1, 1, 0, 0, 1, 0, 0]",110110100001100100,"[""1001100001011011""]",1,0.000244140625,False,False,,,,2.863870118256295,0.09558778355627941,{},{}
"[1, 1, 0, 1, 1, 0, 1, 0, 0, 0, 1, 0, 0, 0, 0, 1, 0, 0]",110110100010000100,"[""1000010001011011""]",1,0.000244140625,False,False,,,,3.567929409519259,0.12097668917510108,{},{}
"[1, 1, 0, 1, 1, 0, 1, 0, 0, 0, 1, 0, 0, 0, 1, 0, 0, 0]",110110100010001000,"[""100010001011011""]",1,0.000244140625,False,False,,,,3.497726175705849,0.11844510795808819,{},{}
"[1, 1, 0, 1, 1, 0, 1, 0, 0, 0, 1, 0, 1, 0, 0, 0, 1, 1]",110110100010100011,"[""110001010001011011""]",1,0.000244140625,False,False,,,,4.089257147340856,0.13977615804977964,{},{}
"[1, 1, 0, 1, 1, 0, 1, 0, 0, 0, 1, 1, 0, 0, 1, 0, 0, 1]",110110100011001001,"[""100100110001011011""]",1,0.000244140625,False,False,,,,3.9760662913883253,0.135694410966324,{},{}
"[1, 1, 0, 1, 1, 0, 1, 0, 0, 1, 0, 0, 0, 0, 1, 0, 0, 0]",110110100100001000,"[""100001001011011""]",1,0.000244140625,False,False,,,,3.5392895774230153,0.11994391536889781,{},{}
"[1, 1, 0, 1, 1, 0, 1, 0, 0, 1, 0, 1, 1, 0, 0, 0, 0, 1]",110110100101100001,"[""100001101001011011""]",1,0.000244140625,False,False,,,,4.08858101462684,0.1397517761974627,{},{}
"[1, 1, 0, 1, 1, 0, 1, 0, 0, 1, 1, 0, 1, 1, 1, 0, 1, 0]",110110100110111010,"[""10111011001011011""]",1,0.000244140625,False,False,,,,8.61774333015953,0.3030767631529076,{},{}
"[1, 1, 0, 1, 1, 0, 1, 0, 1, 0, 0, 0, 0, 1, 0, 1, 0, 0]",110110101000010100,"[""1010000101011011""]",1,0.000244140625,False,False,,,,4.830519883034678,0.16650664775260052,{},{}
"[1, 1, 0, 1, 1, 0, 1, 0, 1, 0, 0, 0, 0, 1, 1, 0, 0, 1]",110110101000011001,"[""100110000101011011""]",1,0.000244140625,False,False,,,,6.056637285572718,0.21072136006012718,{},{}
"[1, 1, 0, 1, 1, 0, 1, 0, 1, 0, 0, 0, 1, 0, 1, 1, 0, 0]",110110101000101100,"[""1101000101011011""]",1,0.000244140625,False,False,,,,6.142255624456709,0.21380882151705446,{},{}
"[1, 1, 0, 1, 1, 0, 1, 0, 1, 0, 0, 0, 1, 1, 0, 0, 0, 0]",110110101000110000,"[""11000101011011""]",1,0.000244140625,False,False,,,,6.8321783442501145,0.23868795177566393,{},{}
"[1, 1, 0, 1, 1, 0, 1, 0, 1, 0, 0, 1, 1, 0, 0, 1, 1, 0]",110110101001100110,"[""11001100101011011""]",1,0.000244140625,False,False,,,,5.373123880032434,0.18607335447620527,{},{}
"[1, 1, 0, 1, 1, 0, 1, 0, 1, 0, 1, 0, 0, 0, 1, 0, 0, 0]",110110101010001000,"[""100010101011011""]",1,0.000244140625,False,False,,,,4.750977979956432,0.16363830712411107,{},{}
"[1, 1, 0, 1, 1, 0, 1, 0, 1, 0, 1, 1, 0, 1, 0, 0, 0, 0]",110110101011010000,"[""10110101011011""]",1,0.000244140625,False,False,,,,5.997454273104475,0.20858717628265247,{},{}
"[1, 1, 0, 1, 1, 0, 1, 0, 1, 0, 1, 1, 1, 1, 0, 1, 0, 0]",110110101011110100,"[""1011110101011011""]",1,0.000244140625,False,False,,,,6.589578116329479,0.22993960576813832,{},{}
"[1, 1, 0, 1, 1, 0, 1, 0, 1, 1, 0, 1, 0, 0, 1, 0, 0, 0]",110110101101001000,"[""100101101011011""]",1,0.000244140625,False,False,,,,6.018371901484125,0.20934148163632213,{},{}
"[1, 1, 0, 1, 1, 0, 1, 0, 1, 1, 1, 0, 1, 0, 1, 0, 0, 0]",110110101110101000,"[""101011101011011""]",1,0.000244140625,False,False,,,,7.316744276602368,0.2561617623982308,{},{}
"[1, 1, 0, 1, 1, 0, 1, 1, 0, 0, 0, 0, 0, 0, 0, 1, 1, 0]",110110110000000110,"[""11000000011011011""]",1,0.000244140625,False,False,,,,6.882937403874715,0.24051836150123887,{},{}
"[1, 1, 0, 1, 1, 0, 1, 1, 0, 0, 0, 1, 0, 0, 1, 1, 1, 0]",110110110001001110,"[""11100100011011011""]",1,0.000244140625,False,False,,,,5.3403630551851204,0.18489197458339657,{},{}
"[1, 1, 0, 1, 1, 0, 1, 1, 0, 0, 1, 0, 0, 0, 1, 0, 1, 1]",110110110010001011,"[""110100010011011011""]",1,0.000244140625,False,False,,,,5.345558323381672,0.18507931984755766,{},{}
"[1, 1, 0, 1, 1, 0, 1, 1, 0, 0, 1, 0, 0, 0, 1, 1, 1, 0]",110110110010001110,"[""11100010011011011""]",1,0.000244140625,False,False,,,,5.3776109072156775,0.18623516003871704,{},{}
"[1, 1, 0, 1, 1, 0, 1, 1, 1, 0, 1, 1, 1, 1, 0, 1, 0, 0]",110110111011110100,"[""1011110111011011""]",1,0.000244140625,False,False,,,,9.91990271678265,0.35003360638742026,{},{}
"[1, 1, 0, 1, 1, 1, 0, 0, 0, 0, 0, 0, 1, 1, 0, 0, 0, 1]",110111000000110001,"[""100011000000111011""]",1,0.000244140625,False,False,,,,8.865146874507381,0.311998320350089,{},{}
"[1, 1, 0, 1, 1, 1, 0, 0, 0, 0, 1, 1, 0, 0, 1, 1, 0, 1]",110111000011001101,"[""101100110000111011""]",1,0.000244140625,False,False,,,,9.302236726072676,0.3277601079240155,{},{}
"[1, 1, 0, 1, 1, 1, 0, 0, 0, 1, 0, 0, 0, 0, 1, 0, 1, 0]",110111000100001010,"[""10100001000111011""]",1,0.000244140625,False,False,,,,6.775852563840136,0.23665680192723262,{},{}
"[1, 1, 0, 1, 1, 1, 0, 0, 1, 0, 1, 1, 1, 0, 1, 1, 0, 0]",110111001011101100,"[""1101110100111011""]",1,0.000244140625,False,False,,,,8.562224400244329,0.3010747089379188,{},{}
"[1, 1, 0, 1, 1, 1, 0, 0, 1, 1, 1, 1, 0, 0, 0, 0, 0, 0]",110111001111000000,"[""111100111011""]",1,0.000244140625,False,False,,,,12.01058270988806,0.4254250935573365,{},{}
"[1, 1, 0, 1, 1, 1, 0, 1, 0, 0, 0, 0, 1, 1, 1, 0, 1, 1]",110111010000111011,"[""110111000010111011""]",1,0.000244140625,False,False,,,,12.69996207415363,0.45028463000845714,{},{}
"[1, 1, 0, 1, 1, 1, 0, 1, 1, 0, 0, 0, 0, 0, 1, 1, 0, 0]",110111011000001100,"[""1100000110111011""]",1,0.000244140625,False,False,,,,8.109521951782002,0.28474991942082867,{},{}
"[1, 1, 0, 1, 1, 1, 0, 1, 1, 1, 0, 0, 1, 1, 1, 0, 0, 1]",110111011100111001,"[""100111001110111011""]",1,0.000244140625,False,False,,,,11.96821399121283,0.4238972458135673,{},{}
"[1, 1, 0, 1, 1, 1, 0, 1, 1, 1, 1, 0, 0, 1, 0, 0, 0, 1]",110111011110010001,"[""100010011110111011""]",1,0.000244140625,False,False,,,,8.748378106833876,0.30778755108892253,{},{}
"[1, 1, 0, 1, 1, 1, 1, 0, 0, 1, 1, 1, 1, 0, 1, 0, 1, 0]",110111100111101010,"[""10101111001111011""]",1,0.000244140625,False,False,,,,11.857148399932449,0.41989213736672343,{},{}
"[1, 1, 0, 1, 1, 1, 1, 0, 1, 0, 0, 0, 0, 1, 1, 1, 1, 1]",110111101000011111,"[""111110000101111011""]",1,0.000244140625,False,False,,,,14.018955999573684,0.4978485393266871,{},{}
"[1, 1, 0, 1, 1, 1, 1, 0, 1, 0, 1, 1, 0, 0, 0, 1, 0, 0]",110111101011000100,"[""1000110101111011""]",1,0.000244140625,False,False,,,,9.335514134967507,0.32896011622467186,{},{}
"[1, 1, 0, 1, 1, 1, 1, 0, 1, 0, 1, 1, 1, 0, 1, 0, 1, 0]",110111101011101010,"[""10101110101111011""]",1,0.000244140625,False,False,,,,9.86751747378702,0.3481445552709308,{},{}
"[1, 1, 0, 1, 1, 1, 1, 1, 0, 0, 0, 0, 0, 0, 0, 0, 0, 0]",110111110000000000,"[""11111011""]",1,0.000244140625,False,False,,,,9.589082237926753,0.3381039720246963,{},{}
"[1, 1, 0, 1, 1, 1, 1, 1, 0, 0, 1, 1, 1, 1, 0, 1, 0, 1]",110111110011110101,"[""101011110011111011""]",1,0.000244140625,False,False,,,,11.23490069166377,0.39745341873491286,{},{}
"[1, 1, 0, 1, 1, 1, 1, 1, 0, 1, 0, 0, 1, 1, 1, 0, 1, 1]",110111110100111011,"[""110111001011111011""]",1,0.000244140625,False,False,,,,13.28381739533754,0.4713388903932528,{},{}
"[1, 1, 0, 1, 1, 1, 1, 1, 0, 1, 1, 0, 0, 1, 0, 0, 0, 0]",110111110110010000,"[""10011011111011""]",1,0.000244140625,False,False,,,,9.382404382979162,0.33065101370445016,{},{}
"[1, 1, 1, 0, 0, 0, 0, 0, 0, 0, 0, 0, 0, 0, 0, 1, 0, 0]",111000000000000100,"[""1000000000000111""]",1,0.000244140625,False,False,,,,7.85723836489241,0.27565238423280813,{},{}
"[1, 1, 1, 0, 0, 0, 0, 0, 0, 1, 0, 0, 1, 0, 1, 1, 0, 0]",111000000100101100,"[""1101001000000111""]",1,0.000244140625,False,False,,,,7.580801656640527,0.2656838693896975,{},{}
"[1, 1, 1, 0, 0, 0, 0, 0, 1, 0, 0, 1, 0, 1, 1, 0, 1, 0]",111000001001011010,"[""10110100100000111""]",1,0.000244140625,False,False,,,,6.842832590797216,0.23907215188974634,{},{}
"[1, 1, 1, 0, 0, 0, 0, 0, 1, 0, 1, 1, 0, 1, 1, 1, 1, 1]",111000001011011111,"[""111110110100000111""]",1,0.000244140625,False,False,,,,12.570939605450178,0.4456319831060305,{},{}
"[1, 1, 1, 0, 0, 0, 0, 0, 1, 1, 0, 0, 0, 0, 0, 0, 0, 0]",111000001100000000,"[""1100000111""]",1,0.000244140625,False,False,,,,7.053954885385912,0.24668538003382245,{},{}
"[1, 1, 1, 0, 0, 0, 0, 0, 1, 1, 0, 0, 0, 1, 1, 0, 0, 0]",111000001100011000,"[""110001100000111""]",1,0.000244140625,False,False,,,,7.513605177396976,0.26326071399553846,{},{}
"[1, 1, 1, 0, 0, 0, 0, 0, 1, 1, 0, 0, 1, 0, 1, 1, 1, 0]",111000001100101110,"[""11101001100000111""]",1,0.000244140625,False,False,,,,8.026039416938282,0.2817394766580251,{},{}
"[1, 1, 1, 0, 0, 0, 0, 1, 0, 0, 0, 0, 0, 0, 1, 0, 1, 1]",111000010000001011,"[""110100000010000111""]",1,0.000244140625,False,False,,,,7.61429233190673,0.2668915682355134,{},{}
"[1, 1, 1, 0, 0, 0, 0, 1, 0, 1, 0, 0, 0, 1, 0, 0, 0, 1]",111000010100010001,"[""100010001010000111""]",1,0.000244140625,False,False,,,,5.524969553957137,0.19154902326112402,{},{}
"[1, 1, 1, 0, 0, 0, 0, 1, 0, 1, 1, 0, 1, 0, 1, 0, 0, 1]",111000010110101001,"[""100101011010000111""]",1,0.000244140625,False,False,,,,7.976083221597312,0.2799380188201318,{},{}
"[1, 1, 1, 0, 0, 0, 0, 1, 0, 1, 1, 1, 1, 1, 0, 0, 0, 1]",111000010111110001,"[""100011111010000111""]",1,0.000244140625,False,False,,,,11.202441023293348,0.39628289877032785,{},{}
"[1, 1, 1, 0, 0, 0, 0, 1, 1, 0, 0, 0, 0, 1, 0, 0, 0, 0]",111000011000010000,"[""10000110000111""]",1,0.000244140625,False,False,,,,8.37065353754182,0.29416652007822,{},{}
"[1, 1, 1, 0, 0, 0, 0, 1, 1, 0, 0, 0, 0, 1, 0, 0, 1, 0]",111000011000010010,"[""10010000110000111""]",1,0.000244140625,False,False,,,,7.629915701933531,0.26745495866580915,{},{}
"[1, 1, 1, 0, 0, 0, 0, 1, 1, 0, 0, 0, 1, 1, 0, 0, 1, 0]",111000011000110010,"[""10011000110000111""]",1,0.000244140625,False,False,,,,8.825210909631497,0.3105581995312705,{},{}
"[1, 1, 1, 0, 0, 0, 0, 1, 1, 0, 0, 1, 1, 1, 0, 0, 1, 0]",111000011001110010,"[""10011100110000111""]",1,0.000244140625,False,False,,,,8.047467371866542,0.28251218476944295,{},{}
"[1, 1, 1, 0, 0, 0, 0, 1, 1, 0, 1, 0, 1, 1, 0, 1, 1, 0]",111000011010110110,"[""11011010110000111""]",1,0.000244140625,False,False,,,,9.327279855785221,0.32866318194712957,{},{}
"[1, 1, 1, 0, 0, 0, 1, 0, 0, 0, 0, 1, 1, 1, 0, 0, 1, 0]",111000100001110010,"[""10011100001000111""]",1,0.000244140625,False,False,,,,6.758017333233152,0.2360136501469921,{},{}
"[1, 1, 1, 0, 0, 0, 1, 0, 0, 0, 1, 1, 0, 0, 0, 1, 1, 1]",111000100011000111,"[""111000110001000111""]",1,0.000244140625,False,False,,,,11.976529001328148,0.42419709130904915,{},{}
"[1, 1, 1, 0, 0, 0, 1, 0, 0, 0, 1, 1, 1, 1, 1, 1, 0, 0]",111000100011111100,"[""1111110001000111""]",1,0.000244140625,False,False,,,,11.295431999423418,0.3996362230509198,{},{}
"[1, 1, 1, 0, 0, 0, 1, 0, 0, 1, 0, 0, 0, 1, 0, 0, 0, 0]",111000100100010000,"[""10001001000111""]",1,0.000244140625,False,False,,,,6.265084777504935,0.2182381328160889,{},{}
"[1, 1, 1, 0, 0, 0, 1, 0, 0, 1, 0, 1, 0, 0, 1, 0, 0, 0]",111000100101001000,"[""100101001000111""]",1,0.000244140625,False,False,,,,7.579944444610006,0.2656529576815384,{},{}
"[1, 1, 1, 0, 0, 0, 1, 0, 1, 0, 0, 0, 0, 1, 1, 0, 0, 1]",111000101000011001,"[""100110000101000111""]",1,0.000244140625,False,False,,,,8.834951586014009,0.3109094556206482,{},{}
"[1, 1, 1, 0, 0, 0, 1, 0, 1, 0, 1, 0, 1, 1, 0, 0, 1, 1]",111000101010110011,"[""110011010101000111""]",1,0.000244140625,False,False,,,,9.290451725126799,0.32733513195899994,{},{}
"[1, 1, 1, 0, 0, 0, 1, 0, 1, 1, 0, 1, 1, 1, 0, 1, 0, 0]",111000101101110100,"[""1011101101000111""]",1,0.000244140625,False,False,,,,9.323269329169126,0.3285185593521274,{},{}
"[1, 1, 1, 0, 0, 0, 1, 0, 1, 1, 1, 0, 0, 0, 1, 1, 0, 1]",111000101110001101,"[""101100011101000111""]",1,0.000244140625,False,False,,,,9.297354166033909,0.32758403915034706,{},{}
"[1, 1, 1, 0, 0, 0, 1, 1, 0, 0, 0, 0, 1, 0, 0, 1, 1, 1]",111000110000100111,"[""111001000011000111""]",1,0.000244140625,False,False,,,,12.06037672516212,0.4272207030604899,{},{}
"[1, 1, 1, 0, 0, 0, 1, 1, 0, 1, 1, 0, 0, 1, 0, 1, 1, 0]",111000110110010110,"[""11010011011000111""]",1,0.000244140625,False,False,,,,9.316300897561922,0.3282672724866858,{},{}
"[1, 1, 1, 0, 0, 0, 1, 1, 0, 1, 1, 1, 0, 0, 0, 0, 1, 0]",111000110111000010,"[""10000111011000111""]",1,0.000244140625,False,False,,,,12.006820729716523,0.42528943373336947,{},{}
"[1, 1, 1, 0, 0, 0, 1, 1, 1, 0, 1, 1, 0, 1, 0, 1, 0, 1]",111000111011010101,"[""101010110111000111""]",1,0.000244140625,False,False,,,,12.557772695274808,0.44515717445868735,{},{}
"[1, 1, 1, 0, 0, 0, 1, 1, 1, 1, 1, 0, 0, 1, 0, 0, 0, 0]",111000111110010000,"[""10011111000111""]",1,0.000244140625,False,False,,,,12.022176719374082,0.4258431822271931,{},{}
"[1, 1, 1, 0, 0, 1, 0, 0, 0, 0, 0, 0, 0, 0, 0, 0, 1, 1]",111001000000000011,"[""110000000000100111""]",1,0.000244140625,False,False,,,,8.397262498716586,0.29512605915719325,{},{}
"[1, 1, 1, 0, 0, 1, 0, 0, 0, 0, 1, 0, 0, 1, 1, 0, 0, 1]",111001000010011001,"[""100110010000100111""]",1,0.000244140625,False,False,,,,6.847387126350139,0.23923639185465512,{},{}
"[1, 1, 1, 0, 0, 1, 0, 0, 0, 0, 1, 0, 0, 1, 1, 0, 1, 1]",111001000010011011,"[""110110010000100111""]",1,0.000244140625,False,False,,,,8.12777979012963,0.2854083107528713,{},{}
"[1, 1, 1, 0, 0, 1, 0, 0, 0, 0, 1, 0, 0, 1, 1, 1, 0, 0]",111001000010011100,"[""1110010000100111""]",1,0.000244140625,False,False,,,,6.769836938431048,0.23643987396726557,{},{}
"[1, 1, 1, 0, 0, 1, 0, 0, 0, 0, 1, 1, 0, 0, 0, 0, 0, 1]",111001000011000001,"[""100000110000100111""]",1,0.000244140625,False,False,,,,7.570819565570959,0.26532390770580416,{},{}
"[1, 1, 1, 0, 0, 1, 0, 0, 0, 0, 1, 1, 0, 0, 0, 0, 1, 0]",111001000011000010,"[""10000110000100111""]",1,0.000244140625,False,False,,,,7.540851563945672,0.26424323911114045,{},{}
"[1, 1, 1, 0, 0, 1, 0, 0, 0, 1, 0, 0, 0, 1, 0, 0, 1, 0]",111001000100010010,"[""10010001000100111""]",1,0.000244140625,False,False,,,,5.515331462330934,0.1912014664549291,{},{}
"[1, 1, 1, 0, 0, 1, 0, 0, 0, 1, 0, 1, 0, 0, 1, 0, 1, 1]",111001000101001011,"[""110100101000100111""]",1,0.000244140625,False,False,,,,8.08589688186196,0.28389798169643327,{},{}
"[1, 1, 1, 0, 0, 1, 0, 0, 0, 1, 1, 0, 1, 1, 1, 1, 1, 0]",111001000110111110,"[""11111011000100111""]",1,0.000244140625,False,False,,,,12.51562290758661,0.4436372215303631,{},{}
"[1, 1, 1, 0, 0, 1, 0, 0, 1, 0, 0, 1, 0, 0, 0, 0, 0, 1]",111001001001000001,"[""100000100100100111""]",1,0.000244140625,False,False,,,,5.706667912296401,0.19810120221567662,{},{}
"[1, 1, 1, 0, 0, 1, 0, 0, 1, 1, 0, 0, 1, 1, 0, 1, 0, 1]",111001001100110101,"[""101011001100100111""]",1,0.000244140625,False,False,,,,7.403086727801135,0.2592753358878312,{},{}
"[1, 1, 1, 0, 0, 1, 0, 0, 1, 1, 1, 0, 0, 0, 0, 1, 0, 1]",111001001110000101,"[""101000011100100111""]",1,0.000244140625,False,False,,,,8.099738790054012,0.2843971312780573,{},{}
"[1, 1, 1, 0, 0, 1, 0, 0, 1, 1, 1, 0, 1, 0, 0, 1, 0, 0]",111001001110100100,"[""1001011100100111""]",1,0.000244140625,False,False,,,,6.033497890253342,0.2098869361257645,{},{}
"[1, 1, 1, 0, 0, 1, 0, 1, 0, 0, 0, 0, 0, 0, 0, 1, 1, 0]",111001010000000110,"[""11000000010100111""]",1,0.000244140625,False,False,,,,7.565575756619674,0.2651348120256542,{},{}
"[1, 1, 1, 0, 0, 1, 0, 1, 0, 0, 0, 1, 0, 0, 1, 1, 0, 0]",111001010001001100,"[""1100100010100111""]",1,0.000244140625,False,False,,,,4.841708804523203,0.16691012864572102,{},{}
"[1, 1, 1, 0, 0, 1, 0, 1, 0, 0, 0, 1, 0, 1, 1, 1, 1, 0]",111001010001011110,"[""11110100010100111""]",1,0.000244140625,False,False,,,,7.370761910068971,0.25810967873831,{},{}
"[1, 1, 1, 0, 0, 1, 0, 1, 0, 0, 0, 1, 1, 0, 0, 1, 0, 1]",111001010001100101,"[""101001100010100111""]",1,0.000244140625,False,False,,,,6.055566950163406,0.21068276296322822,{},{}
"[1, 1, 1, 0, 0, 1, 0, 1, 0, 0, 1, 0, 0, 0, 0, 0, 1, 1]",111001010010000011,"[""110000010010100111""]",1,0.000244140625,False,False,,,,6.888161084764471,0.24070673134840748,{},{}
"[1, 1, 1, 0, 0, 1, 0, 1, 0, 0, 1, 0, 0, 0, 0, 1, 0, 0]",111001010010000100,"[""1000010010100111""]",1,0.000244140625,False,False,,,,5.534112546846337,0.1918787264358681,{},{}
"[1, 1, 1, 0, 0, 1, 0, 1, 0, 0, 1, 0, 0, 1, 0, 0, 1, 0]",111001010010010010,"[""10010010010100111""]",1,0.000244140625,False,False,,,,4.8961678110938935,0.16887396123066964,{},{}
"[1, 1, 1, 0, 0, 1, 0, 1, 0, 0, 1, 1, 0, 0, 0, 0, 0, 1]",111001010011000001,"[""100000110010100111""]",1,0.000244140625,False,False,,,,6.83391919700047,0.23875072823032267,{},{}
"[1, 1, 1, 0, 0, 1, 0, 1, 0, 0, 1, 1, 1, 1, 0, 1, 0, 1]",111001010011110101,"[""101011110010100111""]",1,0.000244140625,False,False,,,,8.545259329593339,0.3004629357777323,{},{}
"[1, 1, 1, 0, 0, 1, 0, 1, 0, 1, 1, 1, 1, 0, 0, 0, 1, 1]",111001010111100011,"[""110001111010100111""]",1,0.000244140625,False,False,,,,10.519466679148428,0.37165433214426,{},{}
"[1, 1, 1, 0, 0, 1, 0, 1, 0, 1, 1, 1, 1, 0, 1, 1, 1, 0]",111001010111101110,"[""11101111010100111""]",1,0.000244140625,False,False,,,,11.814595571070695,0.4183576504716681,{},{}
"[1, 1, 1, 0, 0, 1, 0, 1, 1, 0, 0, 1, 1, 1, 0, 0, 0, 1]",111001011001110001,"[""100011100110100111""]",1,0.000244140625,False,False,,,,7.393838488396234,0.25894183744486615,{},{}
"[1, 1, 1, 0, 0, 1, 0, 1, 1, 1, 0, 0, 1, 1, 1, 0, 0, 1]",111001011100111001,"[""100111001110100111""]",1,0.000244140625,False,False,,,,10.66362442843619,0.37685276860594397,{},{}
"[1, 1, 1, 0, 0, 1, 0, 1, 1, 1, 1, 0, 1, 1, 0, 0, 1, 1]",111001011110110011,"[""110011011110100111""]",1,0.000244140625,False,False,,,,9.931689292077388,0.35045863912463543,{},{}
"[1, 1, 1, 0, 0, 1, 1, 0, 0, 0, 0, 0, 0, 0, 0, 1, 0, 0]",111001100000000100,"[""1000000001100111""]",1,0.000244140625,False,False,,,,6.333154576969563,0.22069278079182889,{},{}
"[1, 1, 1, 0, 0, 1, 1, 0, 0, 0, 0, 0, 1, 0, 0, 1, 1, 0]",111001100000100110,"[""11001000001100111""]",1,0.000244140625,False,False,,,,6.81741721710208,0.23815565446968476,{},{}
"[1, 1, 1, 0, 0, 1, 1, 0, 0, 0, 0, 1, 0, 0, 1, 0, 0, 0]",111001100001001000,"[""100100001100111""]",1,0.000244140625,False,False,,,,5.601056417354576,0.19429277256974334,{},{}
"[1, 1, 1, 0, 0, 1, 1, 0, 0, 0, 1, 1, 0, 1, 1, 1, 1, 0]",111001100011011110,"[""11110110001100111""]",1,0.000244140625,False,False,,,,8.547579605555317,0.3005466066675839,{},{}
"[1, 1, 1, 0, 0, 1, 1, 0, 0, 1, 0, 0, 0, 1, 1, 0, 0, 1]",111001100100011001,"[""100110001001100111""]",1,0.000244140625,False,False,,,,6.072106628017844,0.21127919614040958,{},{}
"[1, 1, 1, 0, 0, 1, 1, 0, 0, 1, 0, 1, 0, 0, 1, 1, 1, 0]",111001100101001110,"[""11100101001100111""]",1,0.000244140625,False,False,,,,7.329433731079156,0.25661935363530913,{},{}
"[1, 1, 1, 0, 0, 1, 1, 0, 0, 1, 1, 0, 0, 1, 0, 1, 1, 1]",111001100110010111,"[""111010011001100111""]",1,0.000244140625,False,False,,,,10.573864183385018,0.37361594690895517,{},{}
"[1, 1, 1, 0, 0, 1, 1, 0, 1, 0, 0, 1, 1, 0, 0, 1, 0, 0]",111001101001100100,"[""1001100101100111""]",1,0.000244140625,False,False,,,,6.127543207143064,0.21327828072420335,{},{}
"[1, 1, 1, 0, 0, 1, 1, 0, 1, 0, 0, 1, 1, 1, 1, 0, 0, 0]",111001101001111000,"[""111100101100111""]",1,0.000244140625,False,False,,,,11.356901925909883,0.40185287466155506,{},{}
"[1, 1, 1, 0, 0, 1, 1, 0, 1, 0, 1, 0, 0, 0, 1, 1, 0, 1]",111001101010001101,"[""101100010101100111""]",1,0.000244140625,False,False,,,,7.389820057098365,0.258796929801116,{},{}
"[1, 1, 1, 0, 0, 1, 1, 1, 0, 0, 0, 1, 1, 1, 0, 0, 1, 0]",111001110001110010,"[""10011100011100111""]",1,0.000244140625,False,False,,,,7.298147787487615,0.2554911590657629,{},{}
"[1, 1, 1, 0, 0, 1, 1, 1, 0, 1, 0, 0, 1, 1, 0, 0, 0, 1]",111001110100110001,"[""100011001011100111""]",1,0.000244140625,False,False,,,,7.339135219982644,0.25696919659482875,{},{}
"[1, 1, 1, 0, 0, 1, 1, 1, 0, 1, 0, 1, 1, 1, 0, 0, 1, 1]",111001110101110011,"[""110011101011100111""]",1,0.000244140625,False,False,,,,9.855126217824063,0.34769771729571164,{},{}
"[1, 1, 1, 0, 0, 1, 1, 1, 0, 1, 1, 1, 1, 1, 0, 1, 0, 0]",111001110111110100,"[""1011111011100111""]",1,0.000244140625,False,False,,,,11.830683524363172,0.4189377941226524,{},{}
"[1, 1, 1, 0, 0, 1, 1, 1, 1, 0, 1, 1, 0, 1, 0, 0, 1, 0]",111001111011010010,"[""10010110111100111""]",1,0.000244140625,False,False,,,,10.644455015556597,0.37616150521320446,{},{}
"[1, 1, 1, 0, 0, 1, 1, 1, 1, 1, 0, 0, 0, 0, 1, 0, 1, 1]",111001111100001011,"[""110100001111100111""]",1,0.000244140625,False,False,,,,10.66952575037049,0.3770655746969586,{},{}
"[1, 1, 1, 0, 1, 0, 0, 0, 0, 0, 0, 0, 0, 0, 1, 0, 0, 0]",111010000000001000,"[""100000000010111""]",1,0.000244140625,False,False,,,,7.131635056920224,0.24948658522777806,{},{}
"[1, 1, 1, 0, 1, 0, 0, 0, 0, 1, 0, 0, 0, 1, 0, 1, 0, 0]",111010000100010100,"[""1010001000010111""]",1,0.000244140625,False,False,,,,5.506835642156211,0.19089510081321787,{},{}
"[1, 1, 1, 0, 1, 0, 0, 0, 0, 1, 0, 0, 1, 1, 0, 1, 0, 0]",111010000100110100,"[""1011001000010111""]",1,0.000244140625,False,False,,,,6.764931386501496,0.2362629760887869,{},{}
"[1, 1, 1, 0, 1, 0, 0, 0, 0, 1, 0, 0, 1, 1, 1, 1, 0, 0]",111010000100111100,"[""1111001000010111""]",1,0.000244140625,False,False,,,,10.040337558480873,0.3543765770250336,{},{}
"[1, 1, 1, 0, 1, 0, 0, 0, 0, 1, 1, 0, 0, 0, 0, 0, 0, 0]",111010000110000000,"[""11000010111""]",1,0.000244140625,False,False,,,,8.24516452675185,0.28964129231589525,{},{}
"[1, 1, 1, 0, 1, 0, 0, 0, 1, 0, 1, 1, 1, 0, 0, 1, 0, 0]",111010001011100100,"[""1001110100010111""]",1,0.000244140625,False,False,,,,5.989520848523164,0.20830109104746208,{},{}
"[1, 1, 1, 0, 1, 0, 0, 0, 1, 1, 1, 1, 0, 0, 0, 0, 1, 0]",111010001111000010,"[""10000111100010111""]",1,0.000244140625,False,False,,,,10.012245599460346,0.35336355993248086,{},{}
"[1, 1, 1, 0, 1, 0, 0, 1, 0, 0, 0, 0, 0, 0, 1, 1, 0, 1]",111010010000001101,"[""101100000010010111""]",1,0.000244140625,False,False,,,,6.844003528702615,0.23911437678803912,{},{}
"[1, 1, 1, 0, 1, 0, 0, 1, 0, 0, 0, 1, 0, 0, 1, 1, 1, 0]",111010010001001110,"[""11100100010010111""]",1,0.000244140625,False,False,,,,6.139504141028637,0.2137096009628569,{},{}
"[1, 1, 1, 0, 1, 0, 0, 1, 0, 0, 0, 1, 1, 1, 0, 0, 0, 0]",111010010001110000,"[""11100010010111""]",1,0.000244140625,False,False,,,,6.819939340728704,0.23824660413757492,{},{}
"[1, 1, 1, 0, 1, 0, 0, 1, 0, 0, 1, 0, 0, 1, 0, 0, 0, 1]",111010010010010001,"[""100010010010010111""]",1,0.000244140625,False,False,,,,4.916534485586389,0.1696083987743198,{},{}
"[1, 1, 1, 0, 1, 0, 0, 1, 0, 0, 1, 1, 0, 0, 1, 0, 0, 1]",111010010011001001,"[""100100110010010111""]",1,0.000244140625,False,False,,,,6.140338925772552,0.2137397039262554,{},{}
"[1, 1, 1, 0, 1, 0, 0, 1, 0, 0, 1, 1, 1, 0, 1, 1, 1, 0]",111010010011101110,"[""11101110010010111""]",1,0.000244140625,False,False,,,,8.65369111438001,0.3043730671888111,{},{}
"[1, 1, 1, 0, 1, 0, 0, 1, 0, 1, 1, 0, 1, 0, 0, 0, 0, 1]",111010010110100001,"[""100001011010010111""]",1,0.000244140625,False,False,,,,6.0000168668850495,0.20867958533461978,{},{}
"[1, 1, 1, 0, 1, 0, 0, 1, 1, 0, 0, 0, 0, 1, 1, 0, 0, 1]",111010011000011001,"[""100110000110010111""]",1,0.000244140625,False,False,,,,8.202232581427275,0.2880931341971056,{},{}
"[1, 1, 1, 0, 1, 0, 0, 1, 1, 0, 1, 0, 0, 1, 1, 1, 0, 0]",111010011010011100,"[""1110010110010111""]",1,0.000244140625,False,False,,,,7.398540587536441,0.25911139866330685,{},{}
"[1, 1, 1, 0, 1, 0, 0, 1, 1, 1, 0, 1, 1, 0, 0, 1, 1, 1]",111010011101100111,"[""111001101110010111""]",1,0.000244140625,False,False,,,,11.85104770723286,0.4196721418165171,{},{}
"[1, 1, 1, 0, 1, 0, 0, 1, 1, 1, 1, 1, 0, 1, 0, 0, 1, 1]",111010011111010011,"[""110010111110010111""]",1,0.000244140625,False,False,,,,11.961982007022387,0.4236725157938195,{},{}
"[1, 1, 1, 0, 1, 0, 1, 0, 0, 0, 0, 1, 0, 1, 1, 0, 1, 0]",111010100001011010,"[""10110100001010111""]",1,0.000244140625,False,False,,,,6.123355271386232,0.21312726062264747,{},{}
"[1, 1, 1, 0, 1, 0, 1, 0, 0, 0, 1, 0, 1, 1, 1, 0, 0, 1]",111010100010111001,"[""100111010001010111""]",1,0.000244140625,False,False,,,,9.283178554942978,0.3270728559921344,{},{}
"[1, 1, 1, 0, 1, 0, 1, 0, 1, 0, 0, 0, 1, 1, 0, 1, 0, 1]",111010101000110101,"[""101011000101010111""]",1,0.000244140625,False,False,,,,9.354712944374539,0.3296524396782186,{},{}
"[1, 1, 1, 0, 1, 0, 1, 0, 1, 0, 0, 1, 0, 1, 1, 1, 0, 1]",111010101001011101,"[""101110100101010111""]",1,0.000244140625,False,False,,,,8.60607166436662,0.30265587413843403,{},{}
"[1, 1, 1, 0, 1, 0, 1, 0, 1, 0, 0, 1, 1, 1, 1, 1, 0, 1]",111010101001111101,"[""101111100101010111""]",1,0.000244140625,False,False,,,,11.894745466146121,0.42124791574716525,{},{}
"[1, 1, 1, 0, 1, 0, 1, 0, 1, 0, 1, 1, 0, 0, 1, 0, 1, 0]",111010101011001010,"[""10100110101010111""]",1,0.000244140625,False,False,,,,7.3485910678423085,0.25731018155424074,{},{}
"[1, 1, 1, 0, 1, 0, 1, 0, 1, 0, 1, 1, 0, 1, 1, 0, 1, 0]",111010101011011010,"[""10110110101010111""]",1,0.000244140625,False,False,,,,8.643579761258346,0.3040084442184587,{},{}
"[1, 1, 1, 0, 1, 0, 1, 0, 1, 1, 1, 1, 1, 1, 0, 0, 1, 1]",111010101111110011,"[""110011111101010111""]",1,0.000244140625,False,False,,,,13.131437572710428,0.4658439598058691,{},{}
"[1, 1, 1, 0, 1, 0, 1, 1, 0, 0, 0, 1, 0, 0, 1, 1, 0, 1]",111010110001001101,"[""101100100011010111""]",1,0.000244140625,False,False,,,,7.342794684969732,0.2571011596444263,{},{}
"[1, 1, 1, 0, 1, 0, 1, 1, 0, 1, 0, 0, 1, 0, 1, 0, 1, 0]",111010110100101010,"[""10101001011010111""]",1,0.000244140625,False,False,,,,7.347666303884287,0.257276833872957,{},{}
"[1, 1, 1, 0, 1, 0, 1, 1, 0, 1, 1, 1, 0, 0, 1, 0, 0, 1]",111010110111001001,"[""100100111011010111""]",1,0.000244140625,False,False,,,,10.566916634100755,0.3733654130757266,{},{}
"[1, 1, 1, 0, 1, 0, 1, 1, 1, 1, 0, 0, 0, 0, 1, 1, 1, 0]",111010111100001110,"[""11100001111010111""]",1,0.000244140625,False,False,,,,10.609318892645437,0.3748944702923208,{},{}
"[1, 1, 1, 0, 1, 1, 0, 0, 0, 0, 0, 1, 0, 0, 1, 0, 1, 0]",111011000001001010,"[""10100100000110111""]",1,0.000244140625,False,False,,,,6.896176499223733,0.24099577320003462,{},{}
"[1, 1, 1, 0, 1, 1, 0, 0, 0, 0, 1, 1, 0, 0, 1, 0, 1, 1]",111011000011001011,"[""110100110000110111""]",1,0.000244140625,False,False,,,,9.438973428723227,0.33269093588311566,{},{}
"[1, 1, 1, 0, 1, 1, 0, 0, 0, 1, 0, 0, 0, 1, 0, 0, 0, 0]",111011000100010000,"[""10001000110111""]",1,0.000244140625,False,False,,,,7.535771008061774,0.26406003045893156,{},{}
"[1, 1, 1, 0, 1, 1, 0, 0, 0, 1, 1, 0, 1, 0, 0, 1, 1, 0]",111011000110100110,"[""11001011000110111""]",1,0.000244140625,False,False,,,,9.286784024408625,0.32720287192276815,{},{}
"[1, 1, 1, 0, 1, 1, 0, 0, 0, 1, 1, 0, 1, 1, 0, 0, 0, 1]",111011000110110001,"[""100011011000110111""]",1,0.000244140625,False,False,,,,9.288747804436731,0.32727368730210965,{},{}
"[1, 1, 1, 0, 1, 1, 0, 0, 1, 0, 0, 0, 0, 0, 0, 0, 1, 0]",111011001000000010,"[""10000000100110111""]",1,0.000244140625,False,False,,,,7.659692010332753,0.26852871465909867,{},{}
"[1, 1, 1, 0, 1, 1, 0, 0, 1, 1, 0, 0, 1, 0, 1, 0, 0, 0]",111011001100101000,"[""101001100110111""]",1,0.000244140625,False,False,,,,8.0565552915655,0.28283990196367864,{},{}
"[1, 1, 1, 0, 1, 1, 0, 1, 0, 0, 1, 0, 1, 0, 0, 1, 1, 0]",111011010010100110,"[""11001010010110111""]",1,0.000244140625,False,False,,,,7.368351549781348,0.2580227593401723,{},{}
"[1, 1, 1, 0, 1, 1, 0, 1, 0, 1, 0, 0, 0, 1, 0, 1, 1, 0]",111011010100010110,"[""11010001010110111""]",1,0.000244140625,False,False,,,,7.3870288883110184,0.25869627816312535,{},{}
"[1, 1, 1, 0, 1, 1, 0, 1, 0, 1, 0, 0, 1, 0, 0, 1, 0, 0]",111011010100100100,"[""1001001010110111""]",1,0.000244140625,False,False,,,,6.051969056085274,0.2105530202067448,{},{}
"[1, 1, 1, 0, 1, 1, 0, 1, 0, 1, 0, 1, 1, 1, 1, 0, 1, 1]",111011010101111011,"[""110111101010110111""]",1,0.000244140625,False,False,,,,13.22359935472715,0.46916738272539,{},{}
"[1, 1, 1, 0, 1, 1, 0, 1, 0, 1, 1, 0, 0, 1, 0, 0, 0, 0]",111011010110010000,"[""10011010110111""]",1,0.000244140625,False,False,,,,8.095335716055658,0.28423835313030166,{},{}
"[1, 1, 1, 0, 1, 1, 0, 1, 1, 0, 0, 0, 0, 0, 1, 0, 1, 0]",111011011000001010,"[""10100000110110111""]",1,0.000244140625,False,False,,,,8.217951215163442,0.2886599599081455,{},{}
"[1, 1, 1, 0, 1, 1, 0, 1, 1, 1, 0, 0, 0, 0, 0, 0, 0, 1]",111011011100000001,"[""100000001110110111""]",1,0.000244140625,False,False,,,,8.175910730777543,0.28714394853880687,{},{}
"[1, 1, 1, 0, 1, 1, 0, 1, 1, 1, 0, 0, 0, 0, 1, 1, 1, 0]",111011011100001110,"[""11100001110110111""]",1,0.000244140625,False,False,,,,8.636121708284092,0.30373950123963106,{},{}
"[1, 1, 1, 0, 1, 1, 1, 0, 0, 0, 0, 0, 0, 0, 1, 0, 0, 0]",111011100000001000,"[""100000001110111""]",1,0.000244140625,False,False,,,,7.573588951034008,0.2654237738207976,{},{}
"[1, 1, 1, 0, 1, 1, 1, 0, 0, 0, 0, 0, 0, 1, 1, 1, 1, 0]",111011100000011110,"[""11110000001110111""]",1,0.000244140625,False,False,,,,9.360418858203687,0.3298581992065355,{},{}
"[1, 1, 1, 0, 1, 1, 1, 0, 0, 0, 0, 1, 1, 0, 0, 0, 0, 0]",111011100001100000,"[""1100001110111""]",1,0.000244140625,False,False,,,,6.786330867549182,0.23703465741073473,{},{}
"[1, 1, 1, 0, 1, 1, 1, 0, 0, 0, 1, 0, 0, 0, 0, 0, 1, 1]",111011100010000011,"[""110000010001110111""]",1,0.000244140625,False,False,,,,8.114217851687012,0.28491925709020294,{},{}
"[1, 1, 1, 0, 1, 1, 1, 0, 0, 1, 0, 1, 0, 1, 1, 0, 0, 0]",111011100101011000,"[""110101001110111""]",1,0.000244140625,False,False,,,,9.311409489230607,0.32809088463695785,{},{}
"[1, 1, 1, 0, 1, 1, 1, 0, 1, 0, 1, 0, 0, 1, 1, 0, 0, 0]",111011101010011000,"[""110010101110111""]",1,0.000244140625,False,False,,,,9.354637212965391,0.3296497087468566,{},{}
"[1, 1, 1, 0, 1, 1, 1, 0, 1, 0, 1, 1, 0, 1, 1, 0, 1, 1]",111011101011011011,"[""110110110101110111""]",1,0.000244140625,False,False,,,,11.295185812042758,0.3996273453494965,{},{}
"[1, 1, 1, 0, 1, 1, 1, 0, 1, 1, 0, 0, 0, 1, 1, 1, 0, 0]",111011101100011100,"[""1110001101110111""]",1,0.000244140625,False,False,,,,8.615815693239085,0.3030072511211116,{},{}
"[1, 1, 1, 0, 1, 1, 1, 0, 1, 1, 0, 0, 1, 1, 0, 0, 0, 1]",111011101100110001,"[""100011001101110111""]",1,0.000244140625,False,False,,,,8.685081965150772,0.3055050447898505,{},{}
"[1, 1, 1, 0, 1, 1, 1, 0, 1, 1, 0, 0, 1, 1, 1, 0, 1, 0]",111011101100111010,"[""10111001101110111""]",1,0.000244140625,False,False,,,,11.896854810298242,0.42132398027789497,{},{}
"[1, 1, 1, 0, 1, 1, 1, 0, 1, 1, 0, 1, 0, 0, 1, 0, 0, 1]",111011101101001001,"[""100100101101110111""]",1,0.000244140625,False,False,,,,8.683885929596128,0.3054619148515194,{},{}
"[1, 1, 1, 0, 1, 1, 1, 0, 1, 1, 1, 1, 1, 1, 1, 1, 0, 0]",111011101111111100,"[""1111111101110111""]",1,0.000244140625,False,False,,,,16.455610499086163,0.5857161264482573,{},{}
"[1, 1, 1, 0, 1, 1, 1, 1, 0, 0, 1, 0, 0, 1, 1, 0, 0, 1]",111011110010011001,"[""100110010011110111""]",1,0.000244140625,False,False,,,,8.692808873113236,0.30578368288101526,{},{}
"[1, 1, 1, 0, 1, 1, 1, 1, 0, 0, 1, 0, 1, 1, 1, 1, 1, 0]",111011110010111110,"[""11111010011110111""]",1,0.000244140625,False,False,,,,13.26443317767327,0.4706398809790172,{},{}
"[1, 1, 1, 0, 1, 1, 1, 1, 0, 1, 0, 1, 0, 0, 1, 1, 1, 0]",111011110101001110,"[""11100101011110111""]",1,0.000244140625,False,False,,,,9.9062558842688,0.34954149138092916,{},{}
"[1, 1, 1, 0, 1, 1, 1, 1, 0, 1, 1, 1, 0, 1, 1, 0, 0, 0]",111011110111011000,"[""110111011110111""]",1,0.000244140625,False,False,,,,13.88821038283182,0.4931337544147812,{},{}
"[1, 1, 1, 0, 1, 1, 1, 1, 1, 0, 0, 0, 1, 1, 0, 1, 1, 0]",111011111000110110,"[""11011000111110111""]",1,0.000244140625,False,False,,,,13.996087547419604,0.497023885805892,{},{}
"[1, 1, 1, 1, 0, 0, 0, 0, 0, 0, 0, 0, 0, 0, 0, 0, 1, 1]",111100000000000011,"[""110000000000001111""]",1,0.000244140625,False,False,,,,8.318358904566548,0.29228073642696184,{},{}
"[1, 1, 1, 1, 0, 0, 0, 0, 0, 0, 0, 0, 0, 1, 0, 0, 1, 1]",111100000000010011,"[""110010000000001111""]",1,0.000244140625,False,False,,,,7.556130635364047,0.2647942138756216,{},{}
"[1, 1, 1, 1, 0, 0, 0, 0, 0, 0, 1, 0, 0, 0, 1, 0, 1, 1]",111100000010001011,"[""110100010000001111""]",1,0.000244140625,False,False,,,,6.781269403443765,0.23685213722236398,{},{}
"[1, 1, 1, 1, 0, 0, 0, 0, 0, 0, 1, 0, 0, 0, 1, 1, 0, 0]",111100000010001100,"[""1100010000001111""]",1,0.000244140625,False,False,,,,5.562553862026727,0.1929043415733301,{},{}
"[1, 1, 1, 1, 0, 0, 0, 0, 0, 0, 1, 1, 1, 1, 1, 1, 0, 0]",111100000011111100,"[""1111110000001111""]",1,0.000244140625,False,False,,,,11.325609736601429,0.4007244548667768,{},{}
"[1, 1, 1, 1, 0, 0, 0, 0, 0, 1, 0, 0, 1, 0, 0, 0, 0, 1]",111100000100100001,"[""100001001000001111""]",1,0.000244140625,False,False,,,,5.581815896951046,0.19359894498640734,{},{}
"[1, 1, 1, 1, 0, 0, 0, 0, 0, 1, 1, 0, 0, 0, 0, 1, 0, 0]",111100000110000100,"[""1000011000001111""]",1,0.000244140625,False,False,,,,7.537025661845173,0.2641052742145162,{},{}
"[1, 1, 1, 1, 0, 0, 0, 0, 1, 0, 0, 1, 1, 0, 1, 1, 0, 0]",111100001001101100,"[""1101100100001111""]",1,0.000244140625,False,False,,,,6.157566266483995,0.21436093474134987,{},{}
"[1, 1, 1, 1, 0, 0, 0, 1, 0, 0, 0, 0, 0, 0, 0, 0, 1, 0]",111100010000000010,"[""10000000010001111""]",1,0.000244140625,False,False,,,,6.330390093046445,0.2205930914300382,{},{}
"[1, 1, 1, 1, 0, 0, 0, 1, 0, 0, 0, 0, 0, 0, 0, 0, 1, 1]",111100010000000011,"[""110000000010001111""]",1,0.000244140625,False,False,,,,7.572119866731223,0.26537079754000376,{},{}
"[1, 1, 1, 1, 0, 0, 0, 1, 0, 0, 0, 0, 0, 0, 1, 0, 1, 0]",111100010000001010,"[""10100000010001111""]",1,0.000244140625,False,False,,,,5.600781054528001,0.1942828427798782,{},{}
"[1, 1, 1, 1, 0, 0, 0, 1, 0, 0, 0, 0, 1, 0, 0, 0, 0, 0]",111100010000100000,"[""1000010001111""]",1,0.000244140625,False,False,,,,6.332382245437902,0.22066492993806255,{},{}
"[1, 1, 1, 1, 0, 0, 0, 1, 0, 0, 0, 0, 1, 0, 0, 1, 0, 0]",111100010000100100,"[""1001000010001111""]",1,0.000244140625,False,False,,,,5.620838738924305,0.19500613790912275,{},{}
"[1, 1, 1, 1, 0, 0, 0, 1, 0, 0, 0, 0, 1, 1, 1, 1, 1, 1]",111100010000111111,"[""111111000010001111""]",1,0.000244140625,False,False,,,,14.667027790134226,0.5212184937168166,{},{}
"[1, 1, 1, 1, 0, 0, 0, 1, 0, 0, 1, 0, 1, 0, 0, 0, 0, 0]",111100010010100000,"[""1010010001111""]",1,0.000244140625,False,False,,,,5.539684807582788,0.19207966633351142,{},{}
"[1, 1, 1, 1, 0, 0, 0, 1, 0, 0, 1, 0, 1, 1, 1, 0, 0, 1]",111100010010111001,"[""100111010010001111""]",1,0.000244140625,False,False,,,,9.324856690769332,0.3285758008008956,{},{}
"[1, 1, 1, 1, 0, 0, 0, 1, 0, 0, 1, 1, 1, 0, 0, 0, 1, 0]",111100010011100010,"[""10001110010001111""]",1,0.000244140625,False,False,,,,6.029100950552038,0.2097283791853571,{},{}
"[1, 1, 1, 1, 0, 0, 0, 1, 0, 1, 0, 0, 0, 0, 0, 1, 1, 1]",111100010100000111,"[""111000001010001111""]",1,0.000244140625,False,False,,,,10.079774640152959,0.3557987077416928,{},{}
"[1, 1, 1, 1, 0, 0, 0, 1, 0, 1, 0, 1, 0, 1, 1, 0, 0, 1]",111100010101011001,"[""100110101010001111""]",1,0.000244140625,False,False,,,,7.321447103039148,0.25633134984353095,{},{}
"[1, 1, 1, 1, 0, 0, 0, 1, 0, 1, 0, 1, 1, 0, 1, 1, 0, 1]",111100010101101101,"[""101101101010001111""]",1,0.000244140625,False,False,,,,8.686041003885652,0.30553962844527105,{},{}
"[1, 1, 1, 1, 0, 0, 0, 1, 1, 0, 0, 0, 0, 0, 0, 0, 0, 1]",111100011000000001,"[""100000000110001111""]",1,0.000244140625,False,False,,,,7.6160630597804255,0.2669554220095062,{},{}
"[1, 1, 1, 1, 0, 0, 0, 1, 1, 1, 0, 0, 0, 0, 1, 0, 0, 0]",111100011100001000,"[""100001110001111""]",1,0.000244140625,False,False,,,,6.818670334110701,0.23820084280801937,{},{}
"[1, 1, 1, 1, 0, 0, 0, 1, 1, 1, 0, 1, 0, 1, 1, 0, 0, 0]",111100011101011000,"[""110101110001111""]",1,0.000244140625,False,False,,,,9.31573294799762,0.3282467917998129,{},{}
"[1, 1, 1, 1, 0, 0, 1, 0, 0, 0, 0, 0, 1, 1, 1, 0, 1, 1]",111100100000111011,"[""110111000001001111""]",1,0.000244140625,False,False,,,,11.350029542240307,0.4016050513567163,{},{}
"[1, 1, 1, 1, 0, 0, 1, 0, 0, 0, 1, 0, 1, 0, 1, 1, 1, 0]",111100100010101110,"[""11101010001001111""]",1,0.000244140625,False,False,,,,7.3969667852518075,0.2590546461736187,{},{}
"[1, 1, 1, 1, 0, 0, 1, 0, 0, 1, 0, 0, 0, 0, 0, 1, 0, 0]",111100100100000100,"[""1000001001001111""]",1,0.000244140625,False,False,,,,5.686758891199576,0.19738326799640982,{},{}
"[1, 1, 1, 1, 0, 0, 1, 0, 0, 1, 0, 1, 0, 0, 0, 0, 1, 0]",111100100101000010,"[""10000101001001111""]",1,0.000244140625,False,False,,,,6.805157352904182,0.23771355457996998,{},{}
"[1, 1, 1, 1, 0, 0, 1, 0, 0, 1, 1, 0, 0, 1, 0, 0, 1, 0]",111100100110010010,"[""10010011001001111""]",1,0.000244140625,False,False,,,,6.019334671573134,0.20937619984716857,{},{}
"[1, 1, 1, 1, 0, 0, 1, 0, 1, 0, 0, 1, 0, 0, 0, 1, 0, 1]",111100101001000101,"[""101000100101001111""]",1,0.000244140625,False,False,,,,8.144569767097444,0.2860137699036388,{},{}
"[1, 1, 1, 1, 0, 0, 1, 1, 0, 0, 0, 1, 1, 0, 0, 1, 0, 0]",111100110001100100,"[""1001100011001111""]",1,0.000244140625,False,False,,,,6.16629272835826,0.21467561749557434,{},{}
"[1, 1, 1, 1, 0, 0, 1, 1, 0, 0, 0, 1, 1, 1, 0, 1, 1, 0]",111100110001110110,"[""11011100011001111""]",1,0.000244140625,False,False,,,,8.66877097903186,0.3049168584080188,{},{}
"[1, 1, 1, 1, 0, 0, 1, 1, 0, 0, 1, 0, 0, 0, 0, 0, 0, 1]",111100110010000001,"[""100000010011001111""]",1,0.000244140625,False,False,,,,6.78226742019821,0.2368881264543776,{},{}
"[1, 1, 1, 1, 0, 0, 1, 1, 0, 0, 1, 0, 1, 0, 1, 0, 0, 0]",111100110010101000,"[""101010011001111""]",1,0.000244140625,False,False,,,,8.10360561233654,0.2845365717871084,{},{}
"[1, 1, 1, 1, 0, 0, 1, 1, 0, 1, 0, 1, 1, 0, 1, 0, 1, 0]",111100110101101010,"[""10101101011001111""]",1,0.000244140625,False,False,,,,8.677799674704287,0.3052424399394792,{},{}
"[1, 1, 1, 1, 0, 0, 1, 1, 1, 0, 0, 1, 0, 0, 1, 0, 0, 1]",111100111001001001,"[""100100100111001111""]",1,0.000244140625,False,False,,,,9.393411710755679,0.3310479461922412,{},{}
"[1, 1, 1, 1, 0, 0, 1, 1, 1, 0, 1, 0, 0, 0, 1, 0, 1, 0]",111100111010001010,"[""10100010111001111""]",1,0.000244140625,False,False,,,,9.342840491628122,0.32922431013574505,{},{}
"[1, 1, 1, 1, 0, 1, 0, 0, 0, 0, 0, 0, 0, 0, 0, 1, 0, 1]",111101000000000101,"[""101000000000101111""]",1,0.000244140625,False,False,,,,9.672594502069707,0.3411154868483074,{},{}
"[1, 1, 1, 1, 0, 1, 0, 0, 0, 0, 1, 0, 0, 0, 0, 0, 0, 0]",111101000010000000,"[""10000101111""]",1,0.000244140625,False,False,,,,8.289079056094181,0.29122488315064926,{},{}
"[1, 1, 1, 1, 0, 1, 0, 0, 0, 0, 1, 0, 0, 0, 0, 0, 0, 1]",111101000010000001,"[""100000010000101111""]",1,0.000244140625,False,False,,,,7.578943329025471,0.2656168567033897,{},{}
"[1, 1, 1, 1, 0, 1, 0, 1, 0, 0, 0, 0, 1, 1, 0, 1, 0, 0]",111101010000110100,"[""1011000010101111""]",1,0.000244140625,False,False,,,,8.118747782379113,0.2850826097853932,{},{}
"[1, 1, 1, 1, 0, 1, 0, 1, 0, 0, 1, 0, 1, 0, 0, 0, 1, 0]",111101010010100010,"[""10001010010101111""]",1,0.000244140625,False,False,,,,6.052198776225082,0.2105613040871235,{},{}
"[1, 1, 1, 1, 0, 1, 0, 1, 0, 1, 0, 0, 1, 0, 1, 1, 0, 0]",111101010100101100,"[""1101001010101111""]",1,0.000244140625,False,False,,,,7.445157659768766,0.2607924452197825,{},{}
"[1, 1, 1, 1, 0, 1, 0, 1, 0, 1, 1, 0, 1, 0, 1, 0, 0, 0]",111101010110101000,"[""101011010101111""]",1,0.000244140625,False,False,,,,9.306749181692592,0.32792283045500803,{},{}
"[1, 1, 1, 1, 0, 1, 0, 1, 0, 1, 1, 0, 1, 1, 0, 1, 1, 1]",111101010110110111,"[""111011011010101111""]",1,0.000244140625,False,False,,,,13.252759246043302,0.47021891025676144,{},{}
"[1, 1, 1, 1, 0, 1, 1, 0, 0, 0, 0, 0, 0, 0, 0, 0, 0, 1]",111101100000000001,"[""100000000001101111""]",1,0.000244140625,False,False,,,,7.647089794421282,0.2680742693100565,{},{}
"[1, 1, 1, 1, 0, 1, 1, 0, 0, 1, 1, 1, 1, 1, 1, 1, 0, 0]",111101100111111100,"[""1111111001101111""]",1,0.000244140625,False,False,,,,15.257536609039796,0.5425126842151503,{},{}
"[1, 1, 1, 1, 0, 1, 1, 0, 1, 1, 0, 1, 1, 0, 1, 1, 1, 0]",111101101101101110,"[""11101101101101111""]",1,0.000244140625,False,False,,,,11.358379003202083,0.4019061391755367,{},{}
"[1, 1, 1, 1, 0, 1, 1, 0, 1, 1, 1, 1, 0, 1, 1, 0, 0, 1]",111101101111011001,"[""100110111101101111""]",1,0.000244140625,False,False,,,,13.201068570207552,0.4683549057525203,{},{}
"[1, 1, 1, 1, 0, 1, 1, 1, 0, 0, 0, 0, 1, 1, 0, 1, 0, 0]",111101110000110100,"[""1011000011101111""]",1,0.000244140625,False,False,,,,9.44050415665569,0.3327461350793875,{},{}
"[1, 1, 1, 1, 0, 1, 1, 1, 0, 0, 1, 0, 0, 0, 1, 0, 1, 0]",111101110010001010,"[""10100010011101111""]",1,0.000244140625,False,False,,,,7.331340092979779,0.25668809847394825,{},{}
"[1, 1, 1, 1, 0, 1, 1, 1, 0, 1, 1, 0, 0, 1, 0, 1, 0, 1]",111101110110010101,"[""101010011011101111""]",1,0.000244140625,False,False,,,,9.964623747625513,0.35164628027062284,{},{}
"[1, 1, 1, 1, 0, 1, 1, 1, 1, 0, 0, 0, 0, 0, 1, 0, 1, 0]",111101111000001010,"[""10100000111101111""]",1,0.000244140625,False,False,,,,11.39561759732403,0.4032489907837354,{},{}
"[1, 1, 1, 1, 1, 0, 0, 0, 0, 0, 1, 1, 0, 0, 0, 0, 1, 0]",111110000011000010,"[""10000110000011111""]",1,0.000244140625,False,False,,,,8.814197304653359,0.31016104068288525,{},{}
"[1, 1, 1, 1, 1, 0, 0, 0, 0, 0, 1, 1, 1, 0, 0, 1, 1, 1]",111110000011100111,"[""111001110000011111""]",1,0.000244140625,False,False,,,,12.593039012476714,0.4464289042832543,{},{}
"[1, 1, 1, 1, 1, 0, 0, 0, 0, 0, 1, 1, 1, 0, 1, 1, 0, 1]",111110000011101101,"[""101101110000011111""]",1,0.000244140625,False,False,,,,10.607741867142042,0.37483760157094886,{},{}
"[1, 1, 1, 1, 1, 0, 0, 0, 0, 1, 0, 1, 1, 0, 0, 0, 0, 1]",111110000101100001,"[""100001101000011111""]",1,0.000244140625,False,False,,,,8.039069513274217,0.28220935169579897,{},{}
"[1, 1, 1, 1, 1, 0, 0, 0, 0, 1, 1, 0, 0, 1, 0, 1, 0, 0]",111110000110010100,"[""1010011000011111""]",1,0.000244140625,False,False,,,,8.04588100996156,0.2824549793704337,{},{}
"[1, 1, 1, 1, 1, 0, 0, 0, 1, 0, 0, 1, 1, 0, 0, 0, 1, 0]",111110001001100010,"[""10001100100011111""]",1,0.000244140625,False,False,,,,6.042332825074737,0.210205530495745,{},{}
"[1, 1, 1, 1, 1, 0, 0, 0, 1, 0, 1, 0, 0, 1, 0, 1, 0, 0]",111110001010010100,"[""1010010100011111""]",1,0.000244140625,False,False,,,,6.044210807186135,0.2102732519379187,{},{}
"[1, 1, 1, 1, 1, 0, 0, 0, 1, 0, 1, 0, 1, 1, 0, 1, 0, 0]",111110001010110100,"[""1011010100011111""]",1,0.000244140625,False,False,,,,7.324987092623141,0.25645900452056586,{},{}
"[1, 1, 1, 1, 1, 0, 0, 0, 1, 1, 0, 1, 0, 0, 1, 0, 0, 0]",111110001101001000,"[""100101100011111""]",1,0.000244140625,False,False,,,,8.049516064419048,0.2825860621580422,{},{}
"[1, 1, 1, 1, 1, 0, 0, 0, 1, 1, 0, 1, 1, 1, 1, 0, 0, 1]",111110001101111001,"[""100111101100011111""]",1,0.000244140625,False,False,,,,11.869829072489393,0.4203494119211916,{},{}
"[1, 1, 1, 1, 1, 0, 0, 1, 0, 0, 1, 1, 0, 1, 0, 0, 0, 1]",111110010011010001,"[""100010110010011111""]",1,0.000244140625,False,False,,,,7.367009444127479,0.25797436200460777,{},{}
"[1, 1, 1, 1, 1, 0, 0, 1, 0, 0, 1, 1, 1, 0, 0, 0, 0, 1]",111110010011100001,"[""100001110010011111""]",1,0.000244140625,False,False,,,,7.297995650271899,0.25548567288376256,{},{}
"[1, 1, 1, 1, 1, 0, 0, 1, 0, 1, 0, 1, 0, 0, 0, 0, 1, 0]",111110010101000010,"[""10000101010011111""]",1,0.000244140625,False,False,,,,8.066169441986114,0.28318659543206004,{},{}
"[1, 1, 1, 1, 1, 0, 0, 1, 0, 1, 0, 1, 1, 0, 0, 1, 0, 1]",111110010101100101,"[""101001101010011111""]",1,0.000244140625,False,False,,,,8.635207650238192,0.30370653962156074,{},{}
"[1, 1, 1, 1, 1, 0, 0, 1, 1, 0, 0, 1, 0, 0, 0, 1, 0, 1]",111110011001000101,"[""101000100110011111""]",1,0.000244140625,False,False,,,,9.353700360263623,0.32961592513641486,{},{}
"[1, 1, 1, 1, 1, 0, 0, 1, 1, 0, 0, 1, 0, 1, 0, 0, 0, 1]",111110011001010001,"[""100010100110011111""]",1,0.000244140625,False,False,,,,7.375860215066648,0.2582935274368618,{},{}
"[1, 1, 1, 1, 1, 0, 0, 1, 1, 0, 1, 0, 0, 1, 0, 1, 0, 0]",111110011010010100,"[""1010010110011111""]",1,0.000244140625,False,False,,,,7.38603580628765,0.2586604668812121,{},{}
"[1, 1, 1, 1, 1, 0, 0, 1, 1, 0, 1, 0, 0, 1, 0, 1, 0, 1]",111110011010010101,"[""101010010110011111""]",1,0.000244140625,False,False,,,,8.682356442639101,0.30540676040575176,{},{}
"[1, 1, 1, 1, 1, 0, 0, 1, 1, 0, 1, 1, 0, 1, 0, 0, 1, 0]",111110011011010010,"[""10010110110011111""]",1,0.000244140625,False,False,,,,8.710805634388528,0.30643265957819543,{},{}
"[1, 1, 1, 1, 1, 0, 1, 0, 0, 0, 0, 0, 0, 0, 1, 1, 0, 0]",111110100000001100,"[""1100000001011111""]",1,0.000244140625,False,False,,,,6.883144190327875,0.240525818375692,{},{}
"[1, 1, 1, 1, 1, 0, 1, 0, 0, 0, 0, 1, 1, 1, 0, 1, 1, 0]",111110100001110110,"[""11011100001011111""]",1,0.000244140625,False,False,,,,8.685286588178023,0.3055124236495443,{},{}
"[1, 1, 1, 1, 1, 0, 1, 0, 0, 0, 1, 1, 1, 0, 0, 1, 0, 0]",111110100011100100,"[""1001110001011111""]",1,0.000244140625,False,False,,,,7.379331077462139,0.2584186893356799,{},{}
"[1, 1, 1, 1, 1, 0, 1, 0, 0, 1, 0, 0, 1, 0, 1, 0, 1, 0]",111110100100101010,"[""10101001001011111""]",1,0.000244140625,False,False,,,,7.404555232108416,0.2593282912535526,{},{}
"[1, 1, 1, 1, 1, 0, 1, 0, 0, 1, 0, 1, 0, 1, 0, 0, 0, 1]",111110100101010001,"[""100010101001011111""]",1,0.000244140625,False,False,,,,7.313716495920968,0.25605257835803913,{},{}
"[1, 1, 1, 1, 1, 0, 1, 0, 0, 1, 1, 0, 0, 1, 0, 0, 0, 0]",111110100110010000,"[""10011001011111""]",1,0.000244140625,False,False,,,,8.043056843404855,0.28235313780815363,{},{}
"[1, 1, 1, 1, 1, 0, 1, 0, 0, 1, 1, 0, 1, 1, 0, 0, 0, 0]",111110100110110000,"[""11011001011111""]",1,0.000244140625,False,False,,,,9.35205965984624,0.3295567602499307,{},{}
"[1, 1, 1, 1, 1, 0, 1, 0, 1, 0, 0, 0, 1, 1, 0, 0, 0, 1]",111110101000110001,"[""100011000101011111""]",1,0.000244140625,False,False,,,,9.383507667918186,0.3306907989860808,{},{}
"[1, 1, 1, 1, 1, 0, 1, 0, 1, 0, 0, 1, 0, 0, 0, 0, 1, 0]",111110101001000010,"[""10000100101011111""]",1,0.000244140625,False,False,,,,8.06258357899622,0.28305728652563383,{},{}
"[1, 1, 1, 1, 1, 0, 1, 0, 1, 0, 0, 1, 0, 1, 0, 0, 1, 0]",111110101001010010,"[""10010100101011111""]",1,0.000244140625,False,False,,,,7.327737210673934,0.25655817583823565,{},{}
"[1, 1, 1, 1, 1, 0, 1, 0, 1, 1, 0, 0, 0, 1, 0, 1, 0, 0]",111110101100010100,"[""1010001101011111""]",1,0.000244140625,False,False,,,,7.3823104116831715,0.2585261263602081,{},{}
"[1, 1, 1, 1, 1, 0, 1, 0, 1, 1, 0, 0, 0, 1, 0, 1, 1, 1]",111110101100010111,"[""111010001101011111""]",1,0.000244140625,False,False,,,,11.972365583640999,0.4240469553474583,{},{}
"[1, 1, 1, 1, 1, 0, 1, 0, 1, 1, 1, 0, 1, 0, 1, 0, 0, 0]",111110101110101000,"[""101011101011111""]",1,0.000244140625,False,False,,,,10.62634382658566,0.37550840216757475,{},{}
"[1, 1, 1, 1, 1, 0, 1, 1, 0, 0, 1, 0, 1, 0, 1, 0, 0, 1]",111110110010101001,"[""100101010011011111""]",1,0.000244140625,False,False,,,,8.630321323525774,0.303530335018818,{},{}
"[1, 1, 1, 1, 1, 0, 1, 1, 0, 1, 0, 1, 1, 0, 1, 0, 0, 1]",111110110101101001,"[""100101101011011111""]",1,0.000244140625,False,False,,,,9.949147535282256,0.35108819645666595,{},{}
"[1, 1, 1, 1, 1, 0, 1, 1, 1, 0, 0, 0, 0, 0, 0, 0, 1, 1]",111110111000000011,"[""110000000111011111""]",1,0.000244140625,False,False,,,,13.40727981085443,0.4757910376114326,{},{}
"[1, 1, 1, 1, 1, 0, 1, 1, 1, 0, 1, 0, 0, 0, 0, 0, 1, 0]",111110111010000010,"[""10000010111011111""]",1,0.000244140625,False,False,,,,11.40061240121623,0.40342910715486674,{},{}
"[1, 1, 1, 1, 1, 0, 1, 1, 1, 0, 1, 0, 0, 0, 1, 0, 1, 0]",111110111010001010,"[""10100010111011111""]",1,0.000244140625,False,False,,,,10.671003362697785,0.3771188585047067,{},{}
"[1, 1, 1, 1, 1, 0, 1, 1, 1, 1, 0, 0, 1, 0, 0, 0, 1, 0]",111110111100100010,"[""10001001111011111""]",1,0.000244140625,False,False,,,,10.686064140413748,0.3776619614347039,{},{}
"[1, 1, 1, 1, 1, 0, 1, 1, 1, 1, 0, 1, 1, 0, 0, 0, 1, 0]",111110111101100010,"[""10001101111011111""]",1,0.000244140625,False,False,,,,11.934895457520959,0.42269575452191344,{},{}
"[1, 1, 1, 1, 1, 1, 0, 0, 0, 0, 1, 0, 0, 1, 0, 0, 0, 0]",111111000010010000,"[""10010000111111""]",1,0.000244140625,False,False,,,,10.818773472123743,0.3824475593798399,{},{}
"[1, 1, 1, 1, 1, 1, 0, 0, 1, 0, 0, 1, 0, 0, 0, 0, 1, 1]",111111001001000011,"[""110000100100111111""]",1,0.000244140625,False,False,,,,11.456783833855313,0.4054546911070215,{},{}
"[1, 1, 1, 1, 1, 1, 0, 0, 1, 1, 1, 0, 1, 0, 0, 1, 1, 0]",111111001110100110,"[""11001011100111111""]",1,0.000244140625,False,False,,,,11.95064406939376,0.423263661267024,{},{}
"[1, 1, 1, 1, 1, 1, 0, 1, 0, 1, 0, 0, 1, 0, 0, 1, 0, 0]",111111010100100100,"[""1001001010111111""]",1,0.000244140625,False,False,,,,9.418737431609966,0.3319612106636818,{},{}
"[1, 1, 1, 1, 1, 1, 0, 1, 0, 1, 0, 1, 0, 1, 1, 0, 1, 0]",111111010101011010,"[""10110101010111111""]",1,0.000244140625,False,False,,,,11.959910575509179,0.4235978184212582,{},{}
"[1, 1, 1, 1, 1, 1, 0, 1, 0, 1, 0, 1, 0, 1, 1, 0, 1, 1]",111111010101011011,"[""110110101010111111""]",1,0.000244140625,False,False,,,,13.282806066732794,0.4713024211259423,{},{}
"[1, 1, 1, 1, 1, 1, 0, 1, 1, 0, 0, 0, 0, 0, 0, 0, 1, 0]",111111011000000010,"[""10000000110111111""]",1,0.000244140625,False,False,,,,12.17794047937144,0.43146014013184864,{},{}
"[1, 1, 1, 1, 1, 1, 0, 1, 1, 0, 0, 1, 1, 0, 0, 1, 0, 1]",111111011001100101,"[""101001100110111111""]",1,0.000244140625,False,False,,,,12.001262458781934,0.42508899831846436,{},{}
"[1, 1, 1, 1, 1, 1, 0, 1, 1, 1, 0, 0, 0, 0, 1, 0, 1, 0]",111111011100001010,"[""10100001110111111""]",1,0.000244140625,False,False,,,,10.66107335736817,0.37676077507162575,{},{}
"[1, 1, 1, 1, 1, 1, 0, 1, 1, 1, 0, 1, 0, 0, 1, 0, 0, 1]",111111011101001001,"[""100100101110111111""]",1,0.000244140625,False,False,,,,11.985329831430235,0.4245144558372956,{},{}
"[1, 1, 1, 1, 1, 1, 1, 0, 0, 0, 0, 0, 0, 0, 0, 1, 1, 0]",111111100000000110,"[""11000000001111111""]",1,0.000244140625,False,False,,,,12.136389695115476,0.4299617877161447,{},{}
"[1, 1, 1, 1, 1, 1, 1, 0, 1, 0, 0, 1, 0, 0, 1, 0, 0, 0]",111111101001001000,"[""100100101111111""]",1,0.000244140625,False,False,,,,11.400639107284833,0.40343007019571236,{},{}
"[1, 1, 1, 1, 1, 1, 1, 0, 1, 1, 0, 1, 0, 0, 1, 0, 1, 1]",111111101101001011,"[""110100101101111111""]",1,0.000244140625,False,False,,,,13.284434535485069,0.471361144929417,{},{}
"[1, 1, 1, 1, 1, 1, 1, 1, 0, 1, 0, 0, 1, 0, 0, 1, 1, 1]",111111110100100111,"[""111001001011111111""]",1,0.000244140625,False,False,,,,15.39223587212764,0.5473700405768958,{},{}
