routes,canonical_bitstring,provider_bitstrings,counts,probability,one_hot,joint_feasible,assignment,weighted_cost,worst_case_regret,base_energy,transformed_energy,scenario_costs,scenario_regrets
"[0, 0, 0, 0, 0, 1, 1, 0, 0, 1, 0, 0, 0, 1, 0, 0, 1, 1]",000001100100010011,"[""110010001001100000""]",2,0.00048828125,False,False,,,,2.313210711811175,0.07573059273180693,{},{}
"[0, 0, 0, 1, 0, 1, 0, 0, 1, 0, 0, 0, 0, 1, 0, 0, 1, 0]",000101001000010010,"[""10010000100101000""]",2,0.00048828125,False,False,,,,3.1201276901445403,0.1048286236211953,{},{}
"[0, 0, 0, 1, 0, 1, 1, 0, 0, 0, 0, 0, 1, 1, 0, 0, 0, 1]",000101100000110001,"[""100011000001101000""]",2,0.00048828125,False,False,,,,4.333538486389967,0.14858512618431255,{},{}
"[0, 0, 0, 1, 1, 1, 1, 1, 1, 0, 1, 1, 0, 0, 0, 1, 0, 1]",000111111011000101,"[""101000110111111000""]",2,0.00048828125,False,False,,,,13.359835747690745,0.4740801691422793,{},{}
"[0, 0, 1, 0, 0, 0, 0, 1, 0, 0, 1, 0, 1, 0, 0, 1, 1, 1]",001000010010100111,"[""111001010010000100""]",2,0.00048828125,False,False,,,,5.463331766880138,0.18932631847181042,{},{}
"[0, 0, 1, 0, 0, 0, 0, 1, 1, 0, 1, 0, 0, 1, 0, 0, 1, 1]",001000011010010011,"[""110010010110000100""]",2,0.00048828125,False,False,,,,3.6655633965729875,0.12449744390876817,{},{}
"[0, 0, 1, 0, 0, 1, 0, 0, 1, 0, 0, 0, 0, 1, 0, 0, 0, 0]",001001001000010000,"[""10000100100100""]",2,0.00048828125,False,False,,,,1.975901452179754,0.06356696807205059,{},{}
"[0, 0, 1, 0, 1, 1, 0, 0, 0, 0, 1, 1, 0, 0, 1, 0, 0, 1]",001011000011001001,"[""100100110000110100""]",2,0.00048828125,False,False,,,,3.686710947306409,0.12526004043480357,{},{}
"[0, 0, 1, 1, 0, 0, 0, 1, 1, 0, 1, 1, 1, 0, 1, 1, 0, 0]",001100011011101100,"[""1101110110001100""]",2,0.00048828125,False,False,,,,4.037020336748865,0.13789245951699092,{},{}
"[0, 1, 0, 0, 0, 0, 1, 1, 0, 0, 0, 0, 0, 0, 0, 0, 1, 0]",010000110000000010,"[""10000000011000010""]",2,0.00048828125,False,False,,,,3.876620070140621,0.13210830570965268,{},{}
"[0, 1, 0, 0, 1, 1, 1, 1, 0, 1, 1, 1, 0, 0, 1, 0, 1, 0]",010011110111001010,"[""10100111011110010""]",2,0.00048828125,False,False,,,,7.318436067635604,0.2562227696506066,{},{}
"[0, 1, 0, 1, 0, 0, 1, 0, 1, 0, 1, 0, 1, 0, 1, 0, 0, 0]",010100101010101000,"[""101010101001010""]",2,0.00048828125,False,False,,,,3.456847772418265,0.11697100210394222,{},{}
"[0, 1, 0, 1, 1, 0, 1, 1, 1, 1, 0, 0, 0, 1, 1, 1, 1, 0]",010110111100011110,"[""11110001111011010""]",2,0.00048828125,False,False,,,,8.594387779873216,0.30223454450846476,{},{}
"[0, 1, 0, 1, 1, 1, 0, 0, 0, 0, 1, 0, 1, 1, 1, 1, 1, 0]",010111000010111110,"[""11111010000111010""]",2,0.00048828125,False,False,,,,11.313925545694483,0.40030311418730563,{},{}
"[0, 1, 0, 1, 1, 1, 1, 0, 1, 0, 1, 0, 0, 1, 0, 1, 0, 1]",010111101010010101,"[""101010010101111010""]",2,0.00048828125,False,False,,,,7.43291065431143,0.2603508090258879,{},{}
"[0, 1, 1, 1, 0, 0, 1, 1, 0, 1, 1, 0, 0, 1, 0, 0, 0, 1]",011100110110010001,"[""100010011011001110""]",2,0.00048828125,False,False,,,,4.004890077118924,0.13673381827842493,{},{}
"[0, 1, 1, 1, 0, 1, 1, 1, 0, 1, 0, 1, 1, 0, 0, 0, 1, 1]",011101110101100011,"[""110001101011101110""]",2,0.00048828125,False,False,,,,6.582075069803851,0.22966904028813298,{},{}
"[1, 0, 0, 0, 0, 1, 1, 0, 1, 0, 1, 0, 1, 1, 1, 0, 0, 1]",100001101010111001,"[""100111010101100001""]",2,0.00048828125,False,False,,,,6.049643144701254,0.21046914609935152,{},{}
"[1, 0, 0, 0, 1, 1, 0, 0, 0, 0, 0, 1, 0, 1, 0, 0, 0, 1]",100011000001010001,"[""100010100000110001""]",2,0.00048828125,False,False,,,,2.328752429825018,0.07629103872933078,{},{}
"[1, 0, 0, 0, 1, 1, 1, 0, 0, 0, 0, 1, 1, 1, 0, 0, 0, 1]",100011100001110001,"[""100011100001110001""]",2,0.00048828125,False,False,,,,2.7582124439978974,0.09177768864958676,{},{}
"[1, 0, 0, 1, 0, 1, 0, 1, 1, 0, 1, 1, 1, 0, 0, 0, 0, 0]",100101011011100000,"[""1110110101001""]",2,0.00048828125,False,False,,,,4.758262900645723,0.1639010068230089,{},{}
"[1, 0, 1, 0, 0, 0, 0, 0, 1, 1, 1, 0, 1, 0, 1, 0, 0, 1]",101000001110101001,"[""100101011100000101""]",2,0.00048828125,False,False,,,,4.763097322584329,0.16407533970071392,{},{}
"[1, 0, 1, 0, 1, 1, 0, 0, 1, 0, 1, 1, 1, 0, 0, 1, 1, 1]",101011001011100111,"[""111001110100110101""]",2,0.00048828125,False,False,,,,8.617084471270893,0.30305300420767767,{},{}
"[1, 0, 1, 0, 1, 1, 0, 1, 0, 0, 0, 1, 0, 0, 0, 0, 0, 1]",101011010001000001,"[""100000100010110101""]",2,0.00048828125,False,False,,,,3.6050569904812386,0.1223155375655654,{},{}
"[1, 0, 1, 0, 1, 1, 1, 0, 1, 1, 0, 1, 1, 0, 0, 0, 1, 0]",101011101101100010,"[""10001101101110101""]",2,0.00048828125,False,False,,,,5.32908514074817,0.18448528453787036,{},{}
"[1, 0, 1, 1, 0, 0, 0, 0, 0, 0, 1, 0, 1, 1, 0, 1, 0, 1]",101100000010110101,"[""101011010000001101""]",2,0.00048828125,False,False,,,,4.772373890311695,0.16440985968421445,{},{}
"[1, 0, 1, 1, 0, 1, 1, 0, 1, 0, 0, 1, 0, 1, 0, 0, 1, 1]",101101101001010011,"[""110010100101101101""]",2,0.00048828125,False,False,,,,5.388676437543854,0.18663419135413412,{},{}
"[1, 0, 1, 1, 1, 0, 1, 1, 1, 0, 1, 1, 0, 1, 0, 1, 1, 0]",101110111011010110,"[""11010110111011101""]",2,0.00048828125,False,False,,,,9.879272076001422,0.3485684350349105,{},{}
"[1, 1, 0, 0, 0, 1, 0, 1, 1, 1, 1, 1, 0, 1, 1, 0, 1, 0]",110001011111011010,"[""10110111110100011""]",2,0.00048828125,False,False,,,,8.554337551647915,0.30079030326764483,{},{}
"[1, 1, 0, 0, 1, 0, 0, 0, 0, 0, 0, 0, 0, 1, 0, 0, 0, 0]",110010000000010000,"[""10000000010011""]",2,0.00048828125,False,False,,,,3.873172868161789,0.1319839970231888,{},{}
"[1, 1, 0, 0, 1, 1, 0, 0, 1, 0, 0, 0, 0, 0, 1, 1, 1, 0]",110011001000001110,"[""11100000100110011""]",2,0.00048828125,False,False,,,,4.824179414039549,0.16627800568950435,{},{}
"[1, 1, 0, 0, 1, 1, 1, 1, 0, 1, 0, 0, 0, 0, 1, 1, 1, 1]",110011110100001111,"[""111100001011110011""]",2,0.00048828125,False,False,,,,8.629791773767089,0.30351123905770994,{},{}
"[1, 1, 0, 1, 0, 1, 1, 1, 0, 0, 0, 1, 0, 0, 0, 0, 1, 0]",110101110001000010,"[""10000100011101011""]",2,0.00048828125,False,False,,,,4.762322698277762,0.16404740616776645,{},{}
"[1, 1, 0, 1, 1, 0, 1, 1, 0, 0, 1, 0, 1, 1, 0, 0, 1, 0]",110110110010110010,"[""10011010011011011""]",2,0.00048828125,False,False,,,,5.460706161962653,0.1892316371910297,{},{}
"[1, 1, 0, 1, 1, 1, 0, 1, 0, 1, 0, 1, 0, 0, 1, 0, 1, 0]",110111010101001010,"[""10100101010111011""]",2,0.00048828125,False,False,,,,7.293125384575278,0.25531004745328456,{},{}
"[1, 1, 0, 1, 1, 1, 0, 1, 1, 0, 1, 1, 0, 1, 1, 1, 0, 0]",110111011011011100,"[""1110110110111011""]",2,0.00048828125,False,False,,,,9.887706169125384,0.34887257475291705,{},{}
"[1, 1, 1, 1, 1, 0, 0, 1, 0, 0, 0, 1, 1, 0, 0, 1, 1, 0]",111110010001100110,"[""11001100010011111""]",2,0.00048828125,False,False,,,,7.374744426924524,0.2582532912803583,{},{}
"[0, 0, 0, 0, 0, 0, 0, 0, 0, 1, 0, 0, 0, 1, 1, 1, 0, 0]",000000000100011100,"[""1110001000000000""]",1,0.000244140625,False,False,,,,3.7531396810374216,0.1276555103504823,{},{}
"[0, 0, 0, 0, 0, 0, 0, 0, 0, 1, 1, 1, 1, 1, 1, 0, 1, 1]",000000000111111011,"[""110111111000000000""]",1,0.000244140625,False,False,,,,12.595254641761052,0.4465088015354949,{},{}
"[0, 0, 0, 0, 0, 0, 0, 0, 0, 1, 1, 1, 1, 1, 1, 1, 1, 0]",000000000111111110,"[""11111111000000000""]",1,0.000244140625,False,False,,,,12.58317677312408,0.4460732645420827,{},{}
"[0, 0, 0, 0, 0, 0, 0, 0, 1, 0, 0, 1, 0, 0, 1, 0, 1, 1]",000000001001001011,"[""110100100100000000""]",1,0.000244140625,False,False,,,,3.156610284285076,0.10614421330356748,{},{}
"[0, 0, 0, 0, 0, 0, 0, 0, 1, 0, 0, 1, 0, 0, 1, 1, 0, 1]",000000001001001101,"[""101100100100000000""]",1,0.000244140625,False,False,,,,3.1272387074182557,0.10508505223261565,{},{}
"[0, 0, 0, 0, 0, 0, 0, 0, 1, 0, 0, 1, 1, 0, 0, 0, 1, 0]",000000001001100010,"[""10001100100000000""]",1,0.000244140625,False,False,,,,1.8187639904240187,0.05790047345262588,{},{}
"[0, 0, 0, 0, 0, 0, 0, 0, 1, 0, 0, 1, 1, 0, 1, 0, 0, 1]",000000001001101001,"[""100101100100000000""]",1,0.000244140625,False,False,,,,3.1116609830263604,0.10452330781811842,{},{}
"[0, 0, 0, 0, 0, 0, 0, 0, 1, 0, 1, 0, 0, 0, 1, 1, 0, 1]",000000001010001101,"[""101100010100000000""]",1,0.000244140625,False,False,,,,3.074065439444196,0.10316758434490976,{},{}
"[0, 0, 0, 0, 0, 0, 0, 0, 1, 0, 1, 1, 0, 0, 0, 1, 0, 0]",000000001011000100,"[""1000110100000000""]",1,0.000244140625,False,False,,,,3.8136583272297493,0.12983785808088386,{},{}
"[0, 0, 0, 0, 0, 0, 0, 0, 1, 0, 1, 1, 1, 1, 0, 1, 0, 0]",000000001011110100,"[""1011110100000000""]",1,0.000244140625,False,False,,,,4.152851783273784,0.14206942827517233,{},{}
"[0, 0, 0, 0, 0, 0, 0, 0, 1, 1, 0, 1, 1, 0, 0, 0, 1, 0]",000000001101100010,"[""10001101100000000""]",1,0.000244140625,False,False,,,,2.980598834843093,0.09979710854524755,{},{}
"[0, 0, 0, 0, 0, 0, 0, 0, 1, 1, 0, 1, 1, 1, 1, 0, 0, 0]",000000001101111000,"[""111101100000000""]",1,0.000244140625,False,False,,,,8.174966144880283,0.28710988606354093,{},{}
"[0, 0, 0, 0, 0, 0, 0, 0, 1, 1, 1, 1, 0, 0, 0, 0, 0, 1]",000000001111000001,"[""100000111100000000""]",1,0.000244140625,False,False,,,,7.064944078472462,0.24708165857110434,{},{}
"[0, 0, 0, 0, 0, 0, 0, 1, 0, 0, 1, 0, 0, 1, 0, 0, 1, 0]",000000010010010010,"[""10010010010000000""]",1,0.000244140625,False,False,,,,1.9249406253162034,0.06172928246864798,{},{}
"[0, 0, 0, 0, 0, 0, 0, 1, 0, 0, 1, 0, 1, 0, 0, 0, 0, 1]",000000010010100001,"[""100001010010000000""]",1,0.000244140625,False,False,,,,1.8047948589304021,0.057396736103414656,{},{}
"[0, 0, 0, 0, 0, 0, 0, 1, 0, 0, 1, 1, 0, 0, 1, 0, 1, 1]",000000010011001011,"[""110100110010000000""]",1,0.000244140625,False,False,,,,4.325590944136379,0.14829853185528097,{},{}
"[0, 0, 0, 0, 0, 0, 0, 1, 0, 0, 1, 1, 1, 1, 0, 1, 1, 1]",000000010011110111,"[""111011110010000000""]",1,0.000244140625,False,False,,,,8.65725759969956,0.30450167732192435,{},{}
"[0, 0, 0, 0, 0, 0, 0, 1, 0, 1, 0, 0, 1, 1, 0, 1, 1, 0]",000000010100110110,"[""11011001010000000""]",1,0.000244140625,False,False,,,,4.186432098224003,0.14328035959516394,{},{}
"[0, 0, 0, 0, 0, 0, 0, 1, 0, 1, 0, 1, 0, 0, 0, 0, 1, 1]",000000010101000011,"[""110000101010000000""]",1,0.000244140625,False,False,,,,5.026175064377264,0.17356212020298115,{},{}
"[0, 0, 0, 0, 0, 0, 0, 1, 0, 1, 1, 0, 1, 0, 0, 1, 0, 0]",000000010110100100,"[""1001011010000000""]",1,0.000244140625,False,False,,,,2.962449351055002,0.09914262455981562,{},{}
"[0, 0, 0, 0, 0, 0, 0, 1, 0, 1, 1, 1, 0, 0, 0, 0, 1, 0]",000000010111000010,"[""10000111010000000""]",1,0.000244140625,False,False,,,,7.0143195051474905,0.24525609852226926,{},{}
"[0, 0, 0, 0, 0, 0, 0, 1, 0, 1, 1, 1, 1, 0, 1, 0, 0, 1]",000000010111101001,"[""100101111010000000""]",1,0.000244140625,False,False,,,,7.385259524678201,0.25863247358468083,{},{}
"[0, 0, 0, 0, 0, 0, 0, 1, 1, 0, 0, 0, 0, 1, 0, 1, 0, 0]",000000011000010100,"[""1010000110000000""]",1,0.000244140625,False,False,,,,3.8390715537694313,0.13075427807291085,{},{}
"[0, 0, 0, 0, 0, 0, 0, 1, 1, 0, 0, 1, 0, 1, 0, 1, 0, 1]",000000011001010101,"[""101010100110000000""]",1,0.000244140625,False,False,,,,4.28438045115958,0.1468124505980957,{},{}
"[0, 0, 0, 0, 0, 0, 0, 1, 1, 1, 1, 0, 0, 1, 1, 0, 1, 0]",000000011110011010,"[""10110011110000000""]",1,0.000244140625,False,False,,,,5.48274896865073,0.1900265173176361,{},{}
"[0, 0, 0, 0, 0, 0, 0, 1, 1, 1, 1, 0, 0, 1, 1, 1, 0, 1]",000000011110011101,"[""101110011110000000""]",1,0.000244140625,False,False,,,,6.691884542718653,0.23362885216546134,{},{}
"[0, 0, 0, 0, 0, 0, 0, 1, 1, 1, 1, 1, 1, 1, 1, 1, 0, 1]",000000011111111101,"[""101111111110000000""]",1,0.000244140625,False,False,,,,13.127465784418076,0.4657007341438491,{},{}
"[0, 0, 0, 0, 0, 0, 1, 0, 0, 0, 0, 1, 0, 0, 1, 1, 0, 0]",000000100001001100,"[""1100100001000000""]",1,0.000244140625,False,False,,,,1.8357934834161973,0.058514569730709544,{},{}
"[0, 0, 0, 0, 0, 0, 1, 0, 0, 0, 1, 1, 0, 0, 1, 0, 0, 1]",000000100011001001,"[""100100110001000000""]",1,0.000244140625,False,False,,,,3.022071391240247,0.101292640005744,{},{}
"[0, 0, 0, 0, 0, 0, 1, 0, 0, 0, 1, 1, 0, 1, 0, 1, 0, 1]",000000100011010101,"[""101010110001000000""]",1,0.000244140625,False,False,,,,4.1722514400350335,0.14276899443481406,{},{}
"[0, 0, 0, 0, 0, 0, 1, 0, 0, 1, 1, 0, 0, 1, 0, 0, 0, 0]",000000100110010000,"[""10011001000000""]",1,0.000244140625,False,False,,,,3.739380826047494,0.12715935572956152,{},{}
"[0, 0, 0, 0, 0, 0, 1, 0, 0, 1, 1, 0, 1, 1, 0, 1, 1, 0]",000000100110110110,"[""11011011001000000""]",1,0.000244140625,False,False,,,,5.421654061892741,0.18782338919942487,{},{}
"[0, 0, 0, 0, 0, 0, 1, 0, 1, 0, 0, 0, 1, 0, 1, 1, 1, 0]",000000101000101110,"[""11101000101000000""]",1,0.000244140625,False,False,,,,6.243013900396496,0.2174422404490901,{},{}
"[0, 0, 0, 0, 0, 0, 1, 0, 1, 0, 0, 0, 1, 1, 1, 1, 1, 0]",000000101000111110,"[""11111000101000000""]",1,0.000244140625,False,False,,,,9.426828875441615,0.33225299419144866,{},{}
"[0, 0, 0, 0, 0, 0, 1, 0, 1, 0, 0, 1, 0, 1, 1, 0, 0, 1]",000000101001011001,"[""100110100101000000""]",1,0.000244140625,False,False,,,,4.299736320979491,0.14736619477048388,{},{}
"[0, 0, 0, 0, 0, 0, 1, 0, 1, 0, 0, 1, 1, 1, 0, 1, 0, 0]",000000101001110100,"[""1011100101000000""]",1,0.000244140625,False,False,,,,4.214432996467834,0.14429009296787407,{},{}
"[0, 0, 0, 0, 0, 0, 1, 0, 1, 0, 1, 0, 0, 1, 0, 1, 1, 1]",000000101010010111,"[""111010010101000000""]",1,0.000244140625,False,False,,,,7.492891645548022,0.2625137685157023,{},{}
"[0, 0, 0, 0, 0, 0, 1, 0, 1, 1, 0, 0, 1, 0, 0, 1, 1, 1]",000000101100100111,"[""111001001101000000""]",1,0.000244140625,False,False,,,,7.565835149593354,0.26514416593065715,{},{}
"[0, 0, 0, 0, 0, 0, 1, 0, 1, 1, 0, 1, 0, 1, 1, 0, 0, 0]",000000101101011000,"[""110101101000000""]",1,0.000244140625,False,False,,,,6.214505925011004,0.2164142214946813,{},{}
"[0, 0, 0, 0, 0, 0, 1, 0, 1, 1, 1, 0, 0, 0, 1, 1, 0, 0]",000000101110001100,"[""1100011101000000""]",1,0.000244140625,False,False,,,,4.212991843545496,0.14423812391358906,{},{}
"[0, 0, 0, 0, 0, 0, 1, 0, 1, 1, 1, 0, 0, 0, 1, 1, 1, 0]",000000101110001110,"[""11100011101000000""]",1,0.000244140625,False,False,,,,5.411033842756622,0.1874404161392804,{},{}
"[0, 0, 0, 0, 0, 0, 1, 0, 1, 1, 1, 0, 1, 1, 0, 0, 1, 0]",000000101110110010,"[""10011011101000000""]",1,0.000244140625,False,False,,,,5.417748006552308,0.18768253391690704,{},{}
"[0, 0, 0, 0, 0, 0, 1, 1, 0, 0, 0, 0, 0, 0, 0, 1, 0, 0]",000000110000000100,"[""1000000011000000""]",1,0.000244140625,False,False,,,,4.605832559881634,0.15840425451375084,{},{}
"[0, 0, 0, 0, 0, 0, 1, 1, 0, 0, 1, 1, 0, 0, 1, 1, 0, 0]",000000110011001100,"[""1100110011000000""]",1,0.000244140625,False,False,,,,4.207265348319707,0.14403162220468696,{},{}
"[0, 0, 0, 0, 0, 0, 1, 1, 0, 0, 1, 1, 1, 0, 1, 1, 0, 1]",000000110011101101,"[""101101110011000000""]",1,0.000244140625,False,False,,,,6.645512860848098,0.23195665456931056,{},{}
"[0, 0, 0, 0, 0, 0, 1, 1, 0, 0, 1, 1, 1, 1, 1, 0, 0, 0]",000000110011111000,"[""111110011000000""]",1,0.000244140625,False,False,,,,9.410782016195643,0.33167433242257455,{},{}
"[0, 0, 0, 0, 0, 0, 1, 1, 0, 1, 0, 0, 0, 1, 1, 0, 1, 1]",000000110100011011,"[""110110001011000000""]",1,0.000244140625,False,False,,,,5.436584835468885,0.18836180408272357,{},{}
"[0, 0, 0, 0, 0, 0, 1, 1, 0, 1, 1, 0, 0, 0, 0, 1, 0, 0]",000000110110000100,"[""1000011011000000""]",1,0.000244140625,False,False,,,,4.994491935099431,0.17241960281996235,{},{}
"[0, 0, 0, 0, 0, 0, 1, 1, 0, 1, 1, 1, 1, 0, 1, 1, 0, 1]",000000110111101101,"[""101101111011000000""]",1,0.000244140625,False,False,,,,9.900726299348708,0.3493420904052022,{},{}
"[0, 0, 0, 0, 0, 0, 1, 1, 1, 0, 0, 1, 0, 1, 1, 0, 1, 0]",000000111001011010,"[""10110100111000000""]",1,0.000244140625,False,False,,,,7.500201822521596,0.26277737897513676,{},{}
"[0, 0, 0, 0, 0, 0, 1, 1, 1, 0, 0, 1, 1, 1, 0, 1, 1, 1]",000000111001110111,"[""111011100111000000""]",1,0.000244140625,False,False,,,,11.942169085858993,0.4229580470101632,{},{}
"[0, 0, 0, 0, 0, 0, 1, 1, 1, 0, 1, 0, 1, 1, 0, 0, 1, 1]",000000111010110011,"[""110011010111000000""]",1,0.000244140625,False,False,,,,8.767526436581768,0.3084780542081346,{},{}
"[0, 0, 0, 0, 0, 0, 1, 1, 1, 0, 1, 1, 0, 0, 1, 1, 0, 0]",000000111011001100,"[""1100110111000000""]",1,0.000244140625,False,False,,,,7.46051715257029,0.2613463200396025,{},{}
"[0, 0, 0, 0, 0, 0, 1, 1, 1, 0, 1, 1, 0, 1, 0, 1, 1, 0]",000000111011010110,"[""11010110111000000""]",1,0.000244140625,False,False,,,,8.699701317592421,0.30603222959368076,{},{}
"[0, 0, 0, 0, 0, 0, 1, 1, 1, 1, 0, 0, 1, 0, 0, 1, 1, 1]",000000111100100111,"[""111001001111000000""]",1,0.000244140625,False,False,,,,10.776150161308738,0.3809105308527358,{},{}
"[0, 0, 0, 0, 0, 0, 1, 1, 1, 1, 0, 1, 0, 0, 0, 0, 1, 1]",000000111101000011,"[""110000101111000000""]",1,0.000244140625,False,False,,,,9.50665577158864,0.33513161188355345,{},{}
"[0, 0, 0, 0, 0, 0, 1, 1, 1, 1, 1, 0, 0, 0, 1, 0, 1, 0]",000000111110001010,"[""10100011111000000""]",1,0.000244140625,False,False,,,,7.443091655536869,0.26071794355905215,{},{}
"[0, 0, 0, 0, 0, 0, 1, 1, 1, 1, 1, 0, 0, 1, 1, 1, 1, 0]",000000111110011110,"[""11110011111000000""]",1,0.000244140625,False,False,,,,9.906998878623208,0.34956828431410036,{},{}
"[0, 0, 0, 0, 0, 1, 0, 0, 0, 0, 1, 0, 1, 1, 0, 1, 1, 1]",000001000010110111,"[""111011010000100000""]",1,0.000244140625,False,False,,,,7.500045211741479,0.2627717314730519,{},{}
"[0, 0, 0, 0, 0, 1, 0, 0, 0, 1, 0, 0, 0, 0, 1, 1, 0, 0]",000001000100001100,"[""1100001000100000""]",1,0.000244140625,False,False,,,,1.838749443949359,0.0586211638825384,{},{}
"[0, 0, 0, 0, 0, 1, 0, 0, 0, 1, 1, 0, 0, 1, 0, 1, 1, 1]",000001000110010111,"[""111010011000100000""]",1,0.000244140625,False,False,,,,7.517281397348811,0.2633932812417199,{},{}
"[0, 0, 0, 0, 0, 1, 0, 0, 0, 1, 1, 0, 0, 1, 1, 1, 0, 1]",000001000110011101,"[""101110011000100000""]",1,0.000244140625,False,False,,,,5.464967452310229,0.1893853025140949,{},{}
"[0, 0, 0, 0, 0, 1, 0, 0, 0, 1, 1, 1, 0, 0, 1, 0, 0, 0]",000001000111001000,"[""100111000100000""]",1,0.000244140625,False,False,,,,7.0131313004612075,0.24521325097091917,{},{}
"[0, 0, 0, 0, 0, 1, 0, 0, 0, 1, 1, 1, 0, 0, 1, 0, 1, 1]",000001000111001011,"[""110100111000100000""]",1,0.000244140625,False,False,,,,7.51539145236628,0.26332512840944894,{},{}
"[0, 0, 0, 0, 0, 1, 0, 0, 0, 1, 1, 1, 1, 0, 0, 0, 1, 0]",000001000111100010,"[""10001111000100000""]",1,0.000244140625,False,False,,,,6.173752479153048,0.21494462169908263,{},{}
"[0, 0, 0, 0, 0, 1, 0, 0, 0, 1, 1, 1, 1, 0, 0, 1, 0, 0]",000001000111100100,"[""1001111000100000""]",1,0.000244140625,False,False,,,,6.186685046460059,0.2154109797669916,{},{}
"[0, 0, 0, 0, 0, 1, 0, 0, 1, 0, 0, 0, 1, 0, 1, 0, 0, 0]",000001001000101000,"[""101000100100000""]",1,0.000244140625,False,False,,,,3.9174709852336487,0.1335814203189051,{},{}
"[0, 0, 0, 0, 0, 1, 0, 0, 1, 0, 0, 0, 1, 1, 1, 1, 0, 0]",000001001000111100,"[""1111000100100000""]",1,0.000244140625,False,False,,,,6.276879475145921,0.21866345845119609,{},{}
"[0, 0, 0, 0, 0, 1, 0, 0, 1, 0, 0, 1, 0, 0, 0, 0, 0, 1]",000001001001000001,"[""100000100100100000""]",1,0.000244140625,False,False,,,,2.086959927795528,0.06757181992269674,{},{}
"[0, 0, 0, 0, 0, 1, 0, 0, 1, 0, 0, 1, 0, 1, 1, 0, 1, 1]",000001001001011011,"[""110110100100100000""]",1,0.000244140625,False,False,,,,3.6899460620738056,0.12537670109749882,{},{}
"[0, 0, 0, 0, 0, 1, 0, 0, 1, 0, 1, 0, 0, 0, 0, 1, 0, 1]",000001001010000101,"[""101000010100100000""]",1,0.000244140625,False,False,,,,3.221448271404773,0.10848231970444093,{},{}
"[0, 0, 0, 0, 0, 1, 0, 0, 1, 0, 1, 0, 0, 0, 1, 0, 1, 1]",000001001010001011,"[""110100010100100000""]",1,0.000244140625,False,False,,,,2.45765917884312,0.08093951269319095,{},{}
"[0, 0, 0, 0, 0, 1, 0, 0, 1, 0, 1, 0, 0, 1, 0, 1, 1, 0]",000001001010010110,"[""11010010100100000""]",1,0.000244140625,False,False,,,,2.3195834854405577,0.07596039972422128,{},{}
"[0, 0, 0, 0, 0, 1, 0, 0, 1, 0, 1, 0, 1, 1, 1, 0, 0, 0]",000001001010111000,"[""111010100100000""]",1,0.000244140625,False,False,,,,6.258148179430242,0.21798799389168358,{},{}
"[0, 0, 0, 0, 0, 1, 0, 0, 1, 0, 1, 1, 0, 0, 0, 1, 0, 0]",000001001011000100,"[""1000110100100000""]",1,0.000244140625,False,False,,,,3.089910928777016,0.1037389845638222,{},{}
"[0, 0, 0, 0, 0, 1, 0, 0, 1, 0, 1, 1, 0, 1, 0, 0, 0, 0]",000001001011010000,"[""10110100100000""]",1,0.000244140625,False,False,,,,3.1190955105311593,0.10479140245088903,{},{}
"[0, 0, 0, 0, 0, 1, 0, 0, 1, 1, 0, 1, 1, 0, 1, 0, 1, 1]",000001001101101011,"[""110101101100100000""]",1,0.000244140625,False,False,,,,4.807018600346843,0.16565917388855653,{},{}
"[0, 0, 0, 0, 0, 1, 0, 0, 1, 1, 1, 0, 0, 1, 0, 1, 0, 1]",000001001110010101,"[""101010011100100000""]",1,0.000244140625,False,False,,,,3.5857754293986366,0.12162023002458887,{},{}
"[0, 0, 0, 0, 0, 1, 0, 0, 1, 1, 1, 1, 0, 1, 0, 0, 1, 1]",000001001111010011,"[""110010111100100000""]",1,0.000244140625,False,False,,,,6.835495586475475,0.23880757401603428,{},{}
"[0, 0, 0, 0, 0, 1, 0, 1, 0, 0, 0, 0, 0, 0, 0, 0, 0, 1]",000001010000000001,"[""100000000010100000""]",1,0.000244140625,False,False,,,,2.778560914729718,0.09251146975198626,{},{}
"[0, 0, 0, 0, 0, 1, 0, 1, 0, 0, 0, 0, 0, 1, 0, 1, 1, 1]",000001010000010111,"[""111010000010100000""]",1,0.000244140625,False,False,,,,6.374449393513707,0.22218190282003922,{},{}
"[0, 0, 0, 0, 0, 1, 0, 1, 0, 0, 0, 1, 0, 0, 1, 0, 0, 0]",000001010001001000,"[""100100010100000""]",1,0.000244140625,False,False,,,,1.902311252629331,0.06091325033259091,{},{}
"[0, 0, 0, 0, 0, 1, 0, 1, 0, 0, 0, 1, 0, 0, 1, 1, 1, 1]",000001010001001111,"[""111100100010100000""]",1,0.000244140625,False,False,,,,5.556748636967271,0.19269500080763102,{},{}
"[0, 0, 0, 0, 0, 1, 0, 1, 0, 0, 1, 0, 0, 0, 0, 1, 0, 1]",000001010010000101,"[""101000010010100000""]",1,0.000244140625,False,False,,,,3.115994275130042,0.10467956957846222,{},{}
"[0, 0, 0, 0, 0, 1, 0, 1, 0, 0, 1, 0, 1, 1, 1, 0, 0, 0]",000001010010111000,"[""111010010100000""]",1,0.000244140625,False,False,,,,6.225328277437562,0.21680448363274446,{},{}
"[0, 0, 0, 0, 0, 1, 0, 1, 0, 1, 0, 1, 0, 0, 0, 0, 1, 1]",000001010101000011,"[""110000101010100000""]",1,0.000244140625,False,False,,,,4.321796756185008,0.1481617105946388,{},{}
"[0, 0, 0, 0, 0, 1, 0, 1, 0, 1, 0, 1, 1, 0, 1, 1, 0, 0]",000001010101101100,"[""1101101010100000""]",1,0.000244140625,False,False,,,,3.439307034415452,0.11633846994768159,{},{}
"[0, 0, 0, 0, 0, 1, 0, 1, 0, 1, 1, 0, 0, 0, 0, 0, 1, 0]",000001010110000010,"[""10000011010100000""]",1,0.000244140625,False,False,,,,3.053212363505527,0.10241560680063323,{},{}
"[0, 0, 0, 0, 0, 1, 0, 1, 1, 0, 0, 0, 0, 1, 1, 0, 0, 0]",000001011000011000,"[""110000110100000""]",1,0.000244140625,False,False,,,,5.170729249151253,0.1787748524253612,{},{}
"[0, 0, 0, 0, 0, 1, 0, 1, 1, 0, 0, 0, 1, 0, 0, 1, 0, 0]",000001011000100100,"[""1001000110100000""]",1,0.000244140625,False,False,,,,3.105135854813598,0.10428800680526289,{},{}
"[0, 0, 0, 0, 0, 1, 0, 1, 1, 0, 0, 0, 1, 1, 0, 0, 0, 1]",000001011000110001,"[""100011000110100000""]",1,0.000244140625,False,False,,,,4.424083075070759,0.15185023190032113,{},{}
"[0, 0, 0, 0, 0, 1, 0, 1, 1, 0, 0, 0, 1, 1, 1, 1, 0, 1]",000001011000111101,"[""101111000110100000""]",1,0.000244140625,False,False,,,,8.830208469536931,0.31073841528630425,{},{}
"[0, 0, 0, 0, 0, 1, 0, 1, 1, 0, 0, 1, 1, 0, 0, 0, 1, 0]",000001011001100010,"[""10001100110100000""]",1,0.000244140625,False,False,,,,2.3053316036866693,0.07544646618875014,{},{}
"[0, 0, 0, 0, 0, 1, 0, 1, 1, 0, 1, 0, 0, 1, 0, 0, 1, 1]",000001011010010011,"[""110010010110100000""]",1,0.000244140625,False,False,,,,3.7766199458765026,0.12850222629515082,{},{}
"[0, 0, 0, 0, 0, 1, 0, 1, 1, 0, 1, 0, 0, 1, 0, 1, 0, 1]",000001011010010101,"[""101010010110100000""]",1,0.000244140625,False,False,,,,3.6616374975751604,0.12435587304909518,{},{}
"[0, 0, 0, 0, 0, 1, 0, 1, 1, 0, 1, 1, 0, 1, 0, 1, 1, 1]",000001011011010111,"[""111010110110100000""]",1,0.000244140625,False,False,,,,8.125490793608016,0.285325767823078,{},{}
"[0, 0, 0, 0, 0, 1, 0, 1, 1, 1, 0, 0, 0, 0, 0, 1, 1, 1]",000001011100000111,"[""111000001110100000""]",1,0.000244140625,False,False,,,,7.640856369997564,0.2678494873544176,{},{}
"[0, 0, 0, 0, 0, 1, 0, 1, 1, 1, 0, 1, 0, 1, 0, 0, 1, 0]",000001011101010010,"[""10010101110100000""]",1,0.000244140625,False,False,,,,3.5337646652193353,0.11974468289482608,{},{}
"[0, 0, 0, 0, 0, 1, 0, 1, 1, 1, 1, 0, 0, 1, 0, 1, 1, 1]",000001011110010111,"[""111010011110100000""]",1,0.000244140625,False,False,,,,8.111762522116223,0.28483071606601723,{},{}
"[0, 0, 0, 0, 0, 1, 0, 1, 1, 1, 1, 1, 1, 1, 0, 0, 0, 0]",000001011111110000,"[""11111110100000""]",1,0.000244140625,False,False,,,,8.676357274974583,0.3051904259243863,{},{}
"[0, 0, 0, 0, 0, 1, 1, 0, 0, 0, 0, 0, 1, 1, 1, 1, 1, 0]",000001100000111110,"[""11111000001100000""]",1,0.000244140625,False,False,,,,7.434005815322945,0.260390301352605,{},{}
"[0, 0, 0, 0, 0, 1, 1, 0, 0, 0, 0, 1, 1, 1, 1, 0, 1, 0]",000001100001111010,"[""10111100001100000""]",1,0.000244140625,False,False,,,,5.427622380445954,0.18803861123872043,{},{}
"[0, 0, 0, 0, 0, 1, 1, 0, 0, 0, 1, 0, 0, 0, 1, 0, 0, 1]",000001100010001001,"[""100100010001100000""]",1,0.000244140625,False,False,,,,1.073185224707796,0.031014344473047285,{},{}
"[0, 0, 0, 0, 0, 1, 1, 0, 0, 0, 1, 0, 1, 1, 1, 0, 0, 1]",000001100010111001,"[""100111010001100000""]",1,0.000244140625,False,False,,,,5.44151558526371,0.18853961061510566,{},{}
"[0, 0, 0, 0, 0, 1, 1, 0, 0, 1, 0, 0, 0, 0, 1, 0, 0, 0]",000001100100001000,"[""100001001100000""]",1,0.000244140625,False,False,,,,1.8325337625101727,0.058397021752217136,{},{}
"[0, 0, 0, 0, 0, 1, 1, 0, 0, 1, 0, 0, 0, 1, 0, 1, 1, 0]",000001100100010110,"[""11010001001100000""]",1,0.000244140625,False,False,,,,2.2426476667270827,0.07318603645075426,{},{}
"[0, 0, 0, 0, 0, 1, 1, 0, 0, 1, 1, 1, 0, 1, 0, 0, 0, 0]",000001100111010000,"[""10111001100000""]",1,0.000244140625,False,False,,,,6.181108473049263,0.21520988435107977,{},{}
"[0, 0, 0, 0, 0, 1, 1, 0, 0, 1, 1, 1, 0, 1, 0, 0, 1, 1]",000001100111010011,"[""110010111001100000""]",1,0.000244140625,False,False,,,,6.721101203035155,0.23468242682952437,{},{}
"[0, 0, 0, 0, 0, 1, 1, 0, 0, 1, 1, 1, 0, 1, 0, 1, 0, 1]",000001100111010101,"[""101010111001100000""]",1,0.000244140625,False,False,,,,6.700304394823395,0.23393247834164355,{},{}
"[0, 0, 0, 0, 0, 1, 1, 0, 0, 1, 1, 1, 1, 1, 0, 0, 0, 1]",000001100111110001,"[""100011111001100000""]",1,0.000244140625,False,False,,,,6.667490484824168,0.23274918415847834,{},{}
"[0, 0, 0, 0, 0, 1, 1, 0, 0, 1, 1, 1, 1, 1, 0, 1, 1, 0]",000001100111110110,"[""11011111001100000""]",1,0.000244140625,False,False,,,,7.889956563766677,0.2768322270010876,{},{}
"[0, 0, 0, 0, 0, 1, 1, 0, 0, 1, 1, 1, 1, 1, 1, 0, 1, 1]",000001100111111011,"[""110111111001100000""]",1,0.000244140625,False,False,,,,11.144890614611635,0.39420758790876165,{},{}
"[0, 0, 0, 0, 0, 1, 1, 0, 1, 0, 1, 0, 0, 0, 1, 0, 0, 1]",000001101010001001,"[""100100010101100000""]",1,0.000244140625,False,False,,,,2.3982929019627455,0.07879872026368843,{},{}
"[0, 0, 0, 0, 0, 1, 1, 0, 1, 0, 1, 0, 1, 1, 1, 0, 0, 0]",000001101010111000,"[""111010101100000""]",1,0.000244140625,False,False,,,,7.459522803980036,0.2613104630843383,{},{}
"[0, 0, 0, 0, 0, 1, 1, 0, 1, 0, 1, 1, 1, 1, 0, 0, 0, 0]",000001101011110000,"[""11110101100000""]",1,0.000244140625,False,False,,,,5.460963956902374,0.18924093346973064,{},{}
"[0, 0, 0, 0, 0, 1, 1, 0, 1, 1, 0, 0, 0, 0, 0, 0, 1, 0]",000001101100000010,"[""10000001101100000""]",1,0.000244140625,False,False,,,,3.111489431345379,0.10451712153595268,{},{}
"[0, 0, 0, 0, 0, 1, 1, 0, 1, 1, 0, 0, 1, 1, 1, 1, 1, 1]",000001101100111111,"[""111111001101100000""]",1,0.000244140625,False,False,,,,11.310647567429953,0.40018490783478466,{},{}
"[0, 0, 0, 0, 0, 1, 1, 0, 1, 1, 0, 1, 1, 0, 1, 1, 0, 1]",000001101101101101,"[""101101101101100000""]",1,0.000244140625,False,False,,,,6.149983803507893,0.21408750544463093,{},{}
"[0, 0, 0, 0, 0, 1, 1, 0, 1, 1, 0, 1, 1, 1, 0, 0, 0, 0]",000001101101110000,"[""11101101100000""]",1,0.000244140625,False,False,,,,5.492344059230539,0.19037252347387587,{},{}
"[0, 0, 0, 0, 0, 1, 1, 0, 1, 1, 1, 0, 0, 0, 0, 1, 0, 1]",000001101110000101,"[""101000011101100000""]",1,0.000244140625,False,False,,,,5.638017973327853,0.19562563397470678,{},{}
"[0, 0, 0, 0, 0, 1, 1, 0, 1, 1, 1, 0, 1, 0, 0, 0, 1, 0]",000001101110100010,"[""10001011101100000""]",1,0.000244140625,False,False,,,,3.505484273265962,0.1187248707695156,{},{}
"[0, 0, 0, 0, 0, 1, 1, 0, 1, 1, 1, 1, 0, 0, 1, 0, 0, 1]",000001101111001001,"[""100100111101100000""]",1,0.000244140625,False,False,,,,6.816536323626564,0.23812388879087382,{},{}
"[0, 0, 0, 0, 0, 1, 1, 1, 0, 0, 0, 0, 1, 0, 1, 1, 0, 1]",000001110000101101,"[""101101000011100000""]",1,0.000244140625,False,False,,,,5.524603549393471,0.19153582486229842,{},{}
"[0, 0, 0, 0, 0, 1, 1, 1, 0, 0, 0, 1, 0, 1, 0, 0, 0, 0]",000001110001010000,"[""10100011100000""]",1,0.000244140625,False,False,,,,3.0288289111677233,0.10153632123797127,{},{}
"[0, 0, 0, 0, 0, 1, 1, 1, 0, 0, 0, 1, 1, 0, 1, 0, 1, 0]",000001110001101010,"[""10101100011100000""]",1,0.000244140625,False,False,,,,3.442622018467876,0.11645801075664373,{},{}
"[0, 0, 0, 0, 0, 1, 1, 1, 0, 0, 1, 0, 0, 0, 1, 1, 0, 1]",000001110010001101,"[""101100010011100000""]",1,0.000244140625,False,False,,,,3.490770286207197,0.11819427337047919,{},{}
"[0, 0, 0, 0, 0, 1, 1, 1, 0, 0, 1, 0, 0, 1, 1, 0, 0, 1]",000001110010011001,"[""100110010011100000""]",1,0.000244140625,False,False,,,,3.5191102378371744,0.11921623326235814,{},{}
"[0, 0, 0, 0, 0, 1, 1, 1, 0, 0, 1, 1, 0, 0, 1, 1, 0, 1]",000001110011001101,"[""101100110011100000""]",1,0.000244140625,False,False,,,,4.716600806017724,0.16239864047188066,{},{}
"[0, 0, 0, 0, 0, 1, 1, 1, 0, 0, 1, 1, 1, 0, 1, 0, 1, 0]",000001110011101010,"[""10101110011100000""]",1,0.000244140625,False,False,,,,4.661716410735707,0.16041946805124316,{},{}
"[0, 0, 0, 0, 0, 1, 1, 1, 0, 0, 1, 1, 1, 1, 1, 1, 0, 1]",000001110011111101,"[""101111110011100000""]",1,0.000244140625,False,False,,,,9.160228944923674,0.32263920092446036,{},{}
"[0, 0, 0, 0, 0, 1, 1, 1, 0, 1, 0, 0, 0, 0, 0, 0, 1, 1]",000001110100000011,"[""110000001011100000""]",1,0.000244140625,False,False,,,,4.318871680568262,0.14805623017603903,{},{}
"[0, 0, 0, 0, 0, 1, 1, 1, 0, 1, 0, 1, 1, 0, 0, 0, 1, 1]",000001110101100011,"[""110001101011100000""]",1,0.000244140625,False,False,,,,4.720409696039586,0.1625359919002015,{},{}
"[0, 0, 0, 0, 0, 1, 1, 1, 0, 1, 0, 1, 1, 0, 1, 0, 1, 1]",000001110101101011,"[""110101101011100000""]",1,0.000244140625,False,False,,,,5.946240215850112,0.20674035900160292,{},{}
"[0, 0, 0, 0, 0, 1, 1, 1, 0, 1, 1, 0, 0, 1, 0, 0, 0, 1]",000001110110010001,"[""100010011011100000""]",1,0.000244140625,False,False,,,,3.509385168907431,0.11886553998942245,{},{}
"[0, 0, 0, 0, 0, 1, 1, 1, 0, 1, 1, 1, 1, 1, 1, 1, 0, 0]",000001110111111100,"[""1111111011100000""]",1,0.000244140625,False,False,,,,11.129901569260007,0.39366707170157395,{},{}
"[0, 0, 0, 0, 0, 1, 1, 1, 1, 0, 0, 1, 0, 0, 0, 1, 1, 0]",000001111001000110,"[""11000100111100000""]",1,0.000244140625,False,False,,,,7.523725105550699,0.26362564618797246,{},{}
"[0, 0, 0, 0, 0, 1, 1, 1, 1, 0, 0, 1, 0, 1, 1, 0, 0, 0]",000001111001011000,"[""110100111100000""]",1,0.000244140625,False,False,,,,7.544574160557366,0.264377478734428,{},{}
"[0, 0, 0, 0, 0, 1, 1, 1, 1, 0, 1, 0, 0, 0, 0, 0, 0, 1]",000001111010000001,"[""100000010111100000""]",1,0.000244140625,False,False,,,,6.44094231410976,0.2245796873621687,{},{}
"[0, 0, 0, 0, 0, 1, 1, 1, 1, 0, 1, 0, 1, 0, 1, 1, 1, 1]",000001111010101111,"[""111101010111100000""]",1,0.000244140625,False,False,,,,11.29313104152494,0.39955324878491366,{},{}
"[0, 0, 0, 0, 0, 1, 1, 1, 1, 0, 1, 1, 1, 0, 0, 0, 0, 1]",000001111011100001,"[""100001110111100000""]",1,0.000244140625,False,False,,,,6.811800637718595,0.2379531164084199,{},{}
"[0, 0, 0, 0, 0, 1, 1, 1, 1, 1, 0, 1, 0, 0, 0, 1, 1, 0]",000001111101000110,"[""11000101111100000""]",1,0.000244140625,False,False,,,,8.748258852188819,0.3077832506770602,{},{}
"[0, 0, 0, 0, 0, 1, 1, 1, 1, 1, 1, 0, 0, 0, 1, 1, 1, 0]",000001111110001110,"[""11100011111100000""]",1,0.000244140625,False,False,,,,7.960896881036489,0.27939038799986043,{},{}
"[0, 0, 0, 0, 1, 0, 0, 0, 0, 0, 0, 0, 1, 0, 0, 0, 1, 1]",000010000000100011,"[""110001000000010000""]",1,0.000244140625,False,False,,,,3.8534942543110726,0.13127437146186877,{},{}
"[0, 0, 0, 0, 1, 0, 0, 0, 0, 1, 0, 0, 1, 1, 1, 1, 1, 1]",000010000100111111,"[""111111001000010000""]",1,0.000244140625,False,False,,,,10.661889908061802,0.3767902205015077,{},{}
"[0, 0, 0, 0, 1, 0, 0, 0, 0, 1, 0, 1, 0, 0, 1, 1, 0, 1]",000010000101001101,"[""101100101000010000""]",1,0.000244140625,False,False,,,,4.238152773412757,0.14514544589855394,{},{}
"[0, 0, 0, 0, 1, 0, 0, 0, 1, 0, 0, 0, 1, 1, 1, 0, 1, 0]",000010001000111010,"[""10111000100010000""]",1,0.000244140625,False,False,,,,6.255350334288562,0.21788710149935286,{},{}
"[0, 0, 0, 0, 1, 0, 0, 0, 1, 0, 0, 1, 0, 0, 0, 1, 0, 0]",000010001001000100,"[""1000100100010000""]",1,0.000244140625,False,False,,,,1.832552279032119,0.058397689471873584,{},{}
"[0, 0, 0, 0, 1, 0, 0, 0, 1, 0, 0, 1, 0, 0, 1, 0, 0, 1]",000010001001001001,"[""100100100100010000""]",1,0.000244140625,False,False,,,,1.164159517766116,0.03429494565090182,{},{}
"[0, 0, 0, 0, 1, 0, 0, 0, 1, 0, 1, 1, 0, 1, 0, 0, 0, 1]",000010001011010001,"[""100010110100010000""]",1,0.000244140625,False,False,,,,2.365360059282598,0.07761113727892888,{},{}
"[0, 0, 0, 0, 1, 0, 0, 0, 1, 0, 1, 1, 1, 1, 0, 0, 1, 0]",000010001011110010,"[""10011110100010000""]",1,0.000244140625,False,False,,,,3.5071620941393906,0.11878537424746041,{},{}
"[0, 0, 0, 0, 1, 0, 0, 0, 1, 1, 0, 1, 0, 1, 0, 1, 0, 1]",000010001101010101,"[""101010101100010000""]",1,0.000244140625,False,False,,,,3.469187268144978,0.11741597356625669,{},{}
"[0, 0, 0, 0, 1, 0, 0, 0, 1, 1, 1, 0, 1, 0, 1, 1, 1, 0]",000010001110101110,"[""11101011100010000""]",1,0.000244140625,False,False,,,,4.637498414490605,0.159546148959266,{},{}
"[0, 0, 0, 0, 1, 0, 0, 1, 0, 0, 0, 0, 0, 0, 0, 1, 1, 0]",000010010000000110,"[""11000000010010000""]",1,0.000244140625,False,False,,,,3.868882192073355,0.1318292720282885,{},{}
"[0, 0, 0, 0, 1, 0, 0, 1, 0, 0, 0, 0, 1, 1, 0, 1, 0, 0]",000010010000110100,"[""1011000010010000""]",1,0.000244140625,False,False,,,,3.0085924959839265,0.1008065809426006,{},{}
"[0, 0, 0, 0, 1, 0, 0, 1, 0, 0, 0, 1, 0, 1, 0, 0, 1, 0]",000010010001010010,"[""10010100010010000""]",1,0.000244140625,False,False,,,,1.1707635790559534,0.034533093049663975,{},{}
"[0, 0, 0, 0, 1, 0, 0, 1, 0, 0, 0, 1, 0, 1, 1, 0, 1, 0]",000010010001011010,"[""10110100010010000""]",1,0.000244140625,False,False,,,,2.39659409886648,0.07873746015106539,{},{}
"[0, 0, 0, 0, 1, 0, 0, 1, 0, 0, 1, 1, 0, 0, 1, 0, 1, 1]",000010010011001011,"[""110100110010010000""]",1,0.000244140625,False,False,,,,3.6289852032864225,0.12317840684955442,{},{}
"[0, 0, 0, 0, 1, 0, 0, 1, 0, 0, 1, 1, 0, 1, 0, 1, 1, 1]",000010010011010111,"[""111010110010010000""]",1,0.000244140625,False,False,,,,6.834096431653239,0.23875711944470956,{},{}
"[0, 0, 0, 0, 1, 0, 0, 1, 0, 0, 1, 1, 1, 0, 1, 1, 0, 0]",000010010011101100,"[""1101110010010000""]",1,0.000244140625,False,False,,,,3.4365609865774873,0.11623944540493633,{},{}
"[0, 0, 0, 0, 1, 0, 0, 1, 0, 0, 1, 1, 1, 1, 0, 0, 0, 0]",000010010011110000,"[""11110010010000""]",1,0.000244140625,False,False,,,,4.262558005496703,0.14602551685518209,{},{}
"[0, 0, 0, 0, 1, 0, 0, 1, 0, 1, 0, 0, 1, 1, 0, 1, 0, 0]",000010010100110100,"[""1011001010010000""]",1,0.000244140625,False,False,,,,2.2025481851878292,0.07174001909852598,{},{}
"[0, 0, 0, 0, 1, 0, 0, 1, 0, 1, 1, 0, 0, 0, 0, 0, 1, 1]",000010010110000011,"[""110000011010010000""]",1,0.000244140625,False,False,,,,4.338628228669605,0.1487686661048355,{},{}
"[0, 0, 0, 0, 1, 0, 0, 1, 0, 1, 1, 0, 0, 1, 0, 1, 0, 1]",000010010110010101,"[""101010011010010000""]",1,0.000244140625,False,False,,,,3.4953574098944102,0.11835968848792988,{},{}
"[0, 0, 0, 0, 1, 0, 0, 1, 1, 1, 1, 0, 1, 0, 1, 0, 0, 1]",000010011110101001,"[""100101011110010000""]",1,0.000244140625,False,False,,,,4.698752413114093,0.1617550140493601,{},{}
"[0, 0, 0, 0, 1, 0, 0, 1, 1, 1, 1, 0, 1, 1, 0, 0, 1, 0]",000010011110110010,"[""10011011110010000""]",1,0.000244140625,False,False,,,,4.771780849394689,0.16438847418436126,{},{}
"[0, 0, 0, 0, 1, 0, 1, 0, 0, 0, 0, 0, 1, 0, 1, 1, 1, 0]",000010100000101110,"[""11101000001010000""]",1,0.000244140625,False,False,,,,4.218754446390967,0.14444592769031356,{},{}
"[0, 0, 0, 0, 1, 0, 1, 0, 0, 0, 0, 1, 1, 0, 0, 1, 0, 0]",000010100001100100,"[""1001100001010000""]",1,0.000244140625,False,False,,,,1.0088117282752953,0.028692987954413003,{},{}
"[0, 0, 0, 0, 1, 0, 1, 0, 0, 0, 1, 0, 0, 1, 0, 0, 0, 1]",000010100010010001,"[""100010010001010000""]",1,0.000244140625,False,False,,,,1.047925430118562,0.03010345735212532,{},{}
"[0, 0, 0, 0, 1, 0, 1, 0, 0, 0, 1, 0, 0, 1, 0, 0, 1, 0]",000010100010010010,"[""10010010001010000""]",1,0.000244140625,False,False,,,,1.0880294731356144,0.0315496391946611,{},{}
"[0, 0, 0, 0, 1, 0, 1, 0, 0, 0, 1, 1, 1, 0, 0, 1, 0, 1]",000010100011100101,"[""101001110001010000""]",1,0.000244140625,False,False,,,,3.4304621632247443,0.116019517264778,{},{}
"[0, 0, 0, 0, 1, 0, 1, 0, 0, 0, 1, 1, 1, 1, 1, 1, 0, 0]",000010100011111100,"[""1111110001010000""]",1,0.000244140625,False,False,,,,6.6336573016183245,0.231529134219706,{},{}
"[0, 0, 0, 0, 1, 0, 1, 0, 0, 1, 0, 0, 1, 0, 1, 0, 0, 1]",000010100100101001,"[""100101001001010000""]",1,0.000244140625,False,False,,,,2.214845286116169,0.07218346177264323,{},{}
"[0, 0, 0, 0, 1, 0, 1, 0, 0, 1, 0, 0, 1, 1, 0, 1, 0, 0]",000010100100110100,"[""1011001001010000""]",1,0.000244140625,False,False,,,,2.233910340915045,0.07287096193479298,{},{}
"[0, 0, 0, 0, 1, 0, 1, 0, 0, 1, 0, 1, 0, 1, 1, 0, 1, 1]",000010100101011011,"[""110110101001010000""]",1,0.000244140625,False,False,,,,4.698328879416414,0.1617397411068534,{},{}
"[0, 0, 0, 0, 1, 0, 1, 0, 0, 1, 0, 1, 0, 1, 1, 1, 0, 0]",000010100101011100,"[""1110101001010000""]",1,0.000244140625,False,False,,,,3.422460425692991,0.11573096861340541,{},{}
"[0, 0, 0, 0, 1, 0, 1, 0, 0, 1, 0, 1, 0, 1, 1, 1, 0, 1]",000010100101011101,"[""101110101001010000""]",1,0.000244140625,False,False,,,,4.670646562797928,0.1607414960262774,{},{}
"[0, 0, 0, 0, 1, 0, 1, 0, 0, 1, 1, 0, 0, 0, 1, 1, 1, 0]",000010100110001110,"[""11100011001010000""]",1,0.000244140625,False,False,,,,3.4220538059738033,0.11571630560163734,{},{}
"[0, 0, 0, 0, 1, 0, 1, 0, 0, 1, 1, 0, 1, 0, 0, 1, 0, 0]",000010100110100100,"[""1001011001010000""]",1,0.000244140625,False,False,,,,2.233910340915045,0.07287096193479298,{},{}
"[0, 0, 0, 0, 1, 0, 1, 0, 1, 0, 0, 1, 0, 0, 0, 1, 1, 0]",000010101001000110,"[""11000100101010000""]",1,0.000244140625,False,False,,,,4.25464944388476,0.1457403281972978,{},{}
"[0, 0, 0, 0, 1, 0, 1, 0, 1, 0, 0, 1, 0, 0, 1, 0, 1, 0]",000010101001001010,"[""10100100101010000""]",1,0.000244140625,False,False,,,,2.2882843701350937,0.07483173017280102,{},{}
"[0, 0, 0, 0, 1, 0, 1, 0, 1, 0, 0, 1, 1, 0, 0, 1, 0, 1]",000010101001100101,"[""101001100101010000""]",1,0.000244140625,False,False,,,,3.520308915356819,0.11925945847192687,{},{}
"[0, 0, 0, 0, 1, 0, 1, 0, 1, 0, 1, 0, 0, 0, 1, 1, 0, 1]",000010101010001101,"[""101100010101010000""]",1,0.000244140625,False,False,,,,3.4835933463258693,0.11793546754043023,{},{}
"[0, 0, 0, 0, 1, 0, 1, 0, 1, 0, 1, 0, 1, 1, 0, 0, 1, 0]",000010101010110010,"[""10011010101010000""]",1,0.000244140625,False,False,,,,3.506398747906152,0.1187578474102882,{},{}
"[0, 0, 0, 0, 1, 0, 1, 0, 1, 0, 1, 1, 1, 0, 0, 1, 0, 1]",000010101011100101,"[""101001110101010000""]",1,0.000244140625,False,False,,,,4.718906915151162,0.1624818004952794,{},{}
"[0, 0, 0, 0, 1, 0, 1, 0, 1, 1, 0, 0, 0, 0, 0, 1, 1, 1]",000010101100000111,"[""111000001101010000""]",1,0.000244140625,False,False,,,,7.5439086953744505,0.2643534815612761,{},{}
"[0, 0, 0, 0, 1, 0, 1, 0, 1, 1, 0, 0, 0, 0, 1, 1, 0, 0]",000010101100001100,"[""1100001101010000""]",1,0.000244140625,False,False,,,,2.230444642425528,0.07274598625029373,{},{}
"[0, 0, 0, 0, 1, 0, 1, 0, 1, 1, 0, 1, 0, 0, 1, 1, 1, 0]",000010101101001110,"[""11100101101010000""]",1,0.000244140625,False,False,,,,4.686336371803735,0.16130728229594116,{},{}
"[0, 0, 0, 0, 1, 0, 1, 0, 1, 1, 0, 1, 0, 1, 1, 0, 1, 1]",000010101101011011,"[""110110101101010000""]",1,0.000244140625,False,False,,,,5.968096292813161,0.2075285055144018,{},{}
"[0, 0, 0, 0, 1, 0, 1, 0, 1, 1, 1, 0, 0, 1, 0, 0, 0, 0]",000010101110010000,"[""10011101010000""]",1,0.000244140625,False,False,,,,4.2245649312043225,0.14465545812667957,{},{}
"[0, 0, 0, 0, 1, 0, 1, 1, 0, 0, 0, 0, 0, 1, 0, 0, 0, 0]",000010110000010000,"[""10000011010000""]",1,0.000244140625,False,False,,,,3.8523338002486116,0.13123252461880822,{},{}
"[0, 0, 0, 0, 1, 0, 1, 1, 0, 1, 0, 0, 0, 0, 0, 0, 0, 1]",000010110100000001,"[""100000001011010000""]",1,0.000244140625,False,False,,,,3.035362873162294,0.1017719408036183,{},{}
"[0, 0, 0, 0, 1, 0, 1, 1, 0, 1, 0, 0, 0, 1, 1, 1, 0, 0]",000010110100011100,"[""1110001011010000""]",1,0.000244140625,False,False,,,,3.436728740015292,0.116245494719607,{},{}
"[0, 0, 0, 0, 1, 0, 1, 1, 0, 1, 1, 0, 1, 0, 0, 1, 0, 0]",000010110110100100,"[""1001011011010000""]",1,0.000244140625,False,False,,,,3.4740091750478728,0.117589855142396,{},{}
"[0, 0, 0, 0, 1, 0, 1, 1, 1, 0, 0, 1, 0, 0, 0, 1, 0, 0]",000010111001000100,"[""1000100111010000""]",1,0.000244140625,False,False,,,,6.250246719140374,0.21770306131279457,{},{}
"[0, 0, 0, 0, 1, 0, 1, 1, 1, 0, 1, 0, 0, 1, 1, 0, 0, 0]",000010111010011000,"[""110010111010000""]",1,0.000244140625,False,False,,,,7.538404835745278,0.2641550082588165,{},{}
"[0, 0, 0, 0, 1, 0, 1, 1, 1, 0, 1, 0, 1, 0, 1, 1, 0, 1]",000010111010101101,"[""101101010111010000""]",1,0.000244140625,False,False,,,,7.969064995009993,0.2796849363103941,{},{}
"[0, 0, 0, 0, 1, 0, 1, 1, 1, 0, 1, 1, 0, 0, 1, 0, 1, 1]",000010111011001011,"[""110100110111010000""]",1,0.000244140625,False,False,,,,8.073341863150922,0.2834452383138053,{},{}
"[0, 0, 0, 0, 1, 0, 1, 1, 1, 1, 1, 0, 1, 0, 0, 0, 0, 0]",000010111110100000,"[""1011111010000""]",1,0.000244140625,False,False,,,,7.481603518355781,0.2621067101905675,{},{}
"[0, 0, 0, 0, 1, 1, 0, 0, 0, 0, 0, 0, 0, 1, 0, 0, 1, 1]",000011000000010011,"[""110010000000110000""]",1,0.000244140625,False,False,,,,5.257894253743241,0.18191808780668875,{},{}
"[0, 0, 0, 0, 1, 1, 0, 0, 0, 0, 0, 0, 1, 0, 0, 0, 0, 0]",000011000000100000,"[""1000000110000""]",1,0.000244140625,False,False,,,,4.640690862268189,0.15966127101833671,{},{}
"[0, 0, 0, 0, 1, 1, 0, 0, 0, 0, 1, 1, 0, 0, 1, 1, 1, 1]",000011000011001111,"[""111100110000110000""]",1,0.000244140625,False,False,,,,8.815359435677948,0.3102029479984567,{},{}
"[0, 0, 0, 0, 1, 1, 0, 0, 0, 1, 0, 0, 1, 0, 1, 1, 1, 0]",000011000100101110,"[""11101001000110000""]",1,0.000244140625,False,False,,,,5.44714060647845,0.18874245309513132,{},{}
"[0, 0, 0, 0, 1, 1, 0, 0, 0, 1, 1, 0, 0, 0, 1, 1, 1, 0]",000011000110001110,"[""11100011000110000""]",1,0.000244140625,False,False,,,,5.456484276857384,0.18907939285052974,{},{}
"[0, 0, 0, 0, 1, 1, 0, 0, 0, 1, 1, 1, 1, 1, 0, 0, 1, 0]",000011000111110010,"[""10011111000110000""]",1,0.000244140625,False,False,,,,8.689836006471642,0.30567647908224804,{},{}
"[0, 0, 0, 0, 1, 1, 0, 0, 1, 1, 0, 0, 0, 0, 0, 1, 1, 1]",000011001100000111,"[""111000001100110000""]",1,0.000244140625,False,False,,,,7.668872377792069,0.26885976558884717,{},{}
"[0, 0, 0, 0, 1, 1, 0, 0, 1, 1, 0, 1, 0, 1, 0, 0, 0, 0]",000011001101010000,"[""10101100110000""]",1,0.000244140625,False,False,,,,4.301884401707838,0.14744365617117894,{},{}
"[0, 0, 0, 0, 1, 1, 0, 0, 1, 1, 1, 0, 0, 1, 1, 0, 0, 1]",000011001110011001,"[""100110011100110000""]",1,0.000244140625,False,False,,,,4.838859074701465,0.1668073652529484,{},{}
"[0, 0, 0, 0, 1, 1, 0, 0, 1, 1, 1, 0, 1, 1, 0, 0, 1, 0]",000011001110110010,"[""10011011100110000""]",1,0.000244140625,False,False,,,,4.765391790158213,0.16415807992075176,{},{}
"[0, 0, 0, 0, 1, 1, 0, 0, 1, 1, 1, 0, 1, 1, 1, 0, 1, 1]",000011001110111011,"[""110111011100110000""]",1,0.000244140625,False,False,,,,9.299763921429701,0.3276709367356321,{},{}
"[0, 0, 0, 0, 1, 1, 0, 0, 1, 1, 1, 1, 1, 1, 0, 0, 1, 1]",000011001111110011,"[""110011111100110000""]",1,0.000244140625,False,False,,,,9.317000107037034,0.3282924865043001,{},{}
"[0, 0, 0, 0, 1, 1, 0, 1, 0, 0, 0, 1, 1, 0, 1, 1, 1, 0]",000011010001101110,"[""11101100010110000""]",1,0.000244140625,False,False,,,,4.7097756019530665,0.1621525184989486,{},{}
"[0, 0, 0, 0, 1, 1, 0, 1, 0, 0, 0, 1, 1, 1, 1, 0, 1, 1]",000011010001111011,"[""110111100010110000""]",1,0.000244140625,False,False,,,,8.073718809719253,0.2834588312895183,{},{}
"[0, 0, 0, 0, 1, 1, 0, 1, 0, 0, 1, 0, 1, 1, 0, 0, 0, 1]",000011010010110001,"[""100011010010110000""]",1,0.000244140625,False,False,,,,3.5984920766673607,0.1220788018541209,{},{}
"[0, 0, 0, 0, 1, 1, 0, 1, 0, 0, 1, 1, 0, 1, 1, 0, 1, 0]",000011010011011010,"[""10110110010110000""]",1,0.000244140625,False,False,,,,4.923995528619924,0.16987744957692563,{},{}
"[0, 0, 0, 0, 1, 1, 0, 1, 0, 1, 0, 0, 0, 1, 1, 0, 0, 1]",000011010100011001,"[""100110001010110000""]",1,0.000244140625,False,False,,,,3.5713899399096833,0.12110147849407442,{},{}
"[0, 0, 0, 0, 1, 1, 0, 1, 0, 1, 0, 0, 1, 0, 0, 0, 1, 1]",000011010100100011,"[""110001001010110000""]",1,0.000244140625,False,False,,,,3.553211354054226,0.12044594506628606,{},{}
"[0, 0, 0, 0, 1, 1, 0, 1, 1, 0, 0, 0, 0, 0, 1, 0, 0, 1]",000011011000001001,"[""100100000110110000""]",1,0.000244140625,False,False,,,,4.506331345641166,0.1548161661685523,{},{}
"[0, 0, 0, 0, 1, 1, 0, 1, 1, 0, 0, 1, 1, 0, 0, 1, 1, 0]",000011011001100110,"[""11001100110110000""]",1,0.000244140625,False,False,,,,4.763800565995651,0.1641006991850907,{},{}
"[0, 0, 0, 0, 1, 1, 0, 1, 1, 0, 1, 1, 1, 1, 0, 1, 0, 0]",000011011011110100,"[""1011110110110000""]",1,0.000244140625,False,False,,,,5.989593471557532,0.20830370988850033,{},{}
"[0, 0, 0, 0, 1, 1, 0, 1, 1, 1, 0, 0, 0, 1, 1, 1, 1, 0]",000011011100011110,"[""11110001110110000""]",1,0.000244140625,False,False,,,,6.027513044751027,0.20967111811230013,{},{}
"[0, 0, 0, 0, 1, 1, 0, 1, 1, 1, 0, 0, 1, 1, 0, 0, 0, 1]",000011011100110001,"[""100011001110110000""]",1,0.000244140625,False,False,,,,4.8561944908006724,0.16743249334751026,{},{}
"[0, 0, 0, 0, 1, 1, 0, 1, 1, 1, 1, 0, 0, 0, 1, 0, 0, 1]",000011011110001001,"[""100100011110110000""]",1,0.000244140625,False,False,,,,4.871363915214803,0.16797951415885606,{},{}
"[0, 0, 0, 0, 1, 1, 1, 0, 0, 0, 0, 1, 0, 1, 1, 1, 0, 0]",000011100001011100,"[""1110100001110000""]",1,0.000244140625,False,False,,,,3.4583554231867826,0.1170253691203896,{},{}
"[0, 0, 0, 0, 1, 1, 1, 0, 0, 0, 0, 1, 1, 1, 0, 0, 0, 1]",000011100001110001,"[""100011100001110000""]",1,0.000244140625,False,False,,,,3.5053702989933146,0.11872076077183909,{},{}
"[0, 0, 0, 0, 1, 1, 1, 0, 0, 0, 1, 0, 0, 0, 1, 1, 0, 1]",000011100010001101,"[""101100010001110000""]",1,0.000244140625,False,False,,,,3.5022706848555396,0.11860898636338328,{},{}
"[0, 0, 0, 0, 1, 1, 1, 0, 0, 1, 0, 0, 1, 1, 0, 1, 1, 1]",000011100100110111,"[""111011001001110000""]",1,0.000244140625,False,False,,,,8.058453509046908,0.28290835310845797,{},{}
"[0, 0, 0, 0, 1, 1, 1, 0, 0, 1, 0, 1, 0, 1, 0, 0, 0, 1]",000011100101010001,"[""100010101001110000""]",1,0.000244140625,False,False,,,,3.5305040009431448,0.1196271008976986,{},{}
"[0, 0, 0, 0, 1, 1, 1, 0, 0, 1, 1, 0, 0, 1, 0, 0, 0, 1]",000011100110010001,"[""100010011001110000""]",1,0.000244140625,False,False,,,,3.530224236820609,0.11961701239380305,{},{}
"[0, 0, 0, 0, 1, 1, 1, 0, 0, 1, 1, 0, 1, 0, 1, 1, 1, 1]",000011100110101111,"[""111101011001110000""]",1,0.000244140625,False,False,,,,9.234016624957775,0.32530003995814044,{},{}
"[0, 0, 0, 0, 1, 1, 1, 0, 0, 1, 1, 0, 1, 1, 0, 1, 1, 0]",000011100110110110,"[""11011011001110000""]",1,0.000244140625,False,False,,,,5.979472261331621,0.20793873146358252,{},{}
"[0, 0, 0, 0, 1, 1, 1, 0, 0, 1, 1, 1, 0, 0, 0, 0, 1, 0]",000011100111000010,"[""10000111001110000""]",1,0.000244140625,False,False,,,,7.49263848297536,0.2625046392836286,{},{}
"[0, 0, 0, 0, 1, 1, 1, 0, 0, 1, 1, 1, 1, 0, 1, 1, 0, 0]",000011100111101100,"[""1101111001110000""]",1,0.000244140625,False,False,,,,7.92086642271818,0.27794685967670085,{},{}
"[0, 0, 0, 0, 1, 1, 1, 0, 1, 0, 0, 0, 0, 0, 1, 1, 0, 1]",000011101000001101,"[""101100000101110000""]",1,0.000244140625,False,False,,,,5.636677878658643,0.195577309156756,{},{}
"[0, 0, 0, 0, 1, 1, 1, 0, 1, 0, 1, 0, 1, 1, 0, 0, 0, 0]",000011101010110000,"[""11010101110000""]",1,0.000244140625,False,False,,,,5.521656600664768,0.1914295556828912,{},{}
"[0, 0, 0, 0, 1, 1, 1, 0, 1, 0, 1, 1, 1, 0, 0, 1, 0, 0]",000011101011100100,"[""1001110101110000""]",1,0.000244140625,False,False,,,,4.736914133867487,0.1631311542956194,{},{}
"[0, 0, 0, 0, 1, 1, 1, 0, 1, 1, 0, 0, 0, 0, 0, 1, 1, 1]",000011101100000111,"[""111000001101110000""]",1,0.000244140625,False,False,,,,8.90637104968874,0.3134848949978233,{},{}
"[0, 0, 0, 0, 1, 1, 1, 0, 1, 1, 0, 1, 1, 0, 1, 0, 0, 0]",000011101101101000,"[""101101101110000""]",1,0.000244140625,False,False,,,,6.747127776569439,0.2356209645737787,{},{}
"[0, 0, 0, 0, 1, 1, 1, 0, 1, 1, 0, 1, 1, 1, 1, 0, 0, 1]",000011101101111001,"[""100111101101110000""]",1,0.000244140625,False,False,,,,9.279401089774572,0.3269366377675769,{},{}
"[0, 0, 0, 0, 1, 1, 1, 1, 0, 0, 0, 1, 0, 0, 1, 0, 1, 1]",000011110001001011,"[""110100100011110000""]",1,0.000244140625,False,False,,,,4.826144993541709,0.16634888595922864,{},{}
"[0, 0, 0, 0, 1, 1, 1, 1, 0, 0, 0, 1, 0, 1, 0, 1, 1, 1]",000011110001010111,"[""111010100011110000""]",1,0.000244140625,False,False,,,,8.064120062389248,0.2831126932681264,{},{}
"[0, 0, 0, 0, 1, 1, 1, 1, 0, 0, 1, 1, 0, 1, 0, 0, 1, 1]",000011110011010011,"[""110010110011110000""]",1,0.000244140625,False,False,,,,6.1482358237154235,0.21402447198349303,{},{}
"[0, 0, 0, 0, 1, 1, 1, 1, 0, 1, 0, 0, 0, 1, 1, 1, 1, 0]",000011110100011110,"[""11110001011110000""]",1,0.000244140625,False,False,,,,5.975096987068585,0.20778095579511371,{},{}
"[0, 0, 0, 0, 1, 1, 1, 1, 0, 1, 0, 1, 0, 1, 0, 1, 1, 0]",000011110101010110,"[""11010101011110000""]",1,0.000244140625,False,False,,,,5.98443565633342,0.20811771520659023,{},{}
"[0, 0, 0, 0, 1, 1, 1, 1, 0, 1, 1, 0, 0, 0, 1, 0, 0, 1]",000011110110001001,"[""100100011011110000""]",1,0.000244140625,False,False,,,,4.736130463861307,0.1631028945679656,{},{}
"[0, 0, 0, 0, 1, 1, 1, 1, 1, 0, 0, 1, 0, 1, 1, 0, 1, 0]",000011111001011010,"[""10110100111110000""]",1,0.000244140625,False,False,,,,8.091349081867248,0.2840945921141453,{},{}
"[0, 0, 0, 0, 1, 1, 1, 1, 1, 0, 1, 1, 0, 1, 1, 0, 0, 0]",000011111011011000,"[""110110111110000""]",1,0.000244140625,False,False,,,,10.061327025016249,0.35513347291642955,{},{}
"[0, 0, 0, 0, 1, 1, 1, 1, 1, 1, 1, 0, 1, 1, 0, 1, 0, 1]",000011111110110101,"[""101011011111110000""]",1,0.000244140625,False,False,,,,10.623181593847406,0.37539436968546336,{},{}
"[0, 0, 0, 0, 1, 1, 1, 1, 1, 1, 1, 1, 0, 0, 1, 0, 1, 0]",000011111111001010,"[""10100111111110000""]",1,0.000244140625,False,False,,,,11.275864467378042,0.39893060318273776,{},{}
"[0, 0, 0, 1, 0, 0, 0, 0, 0, 0, 1, 1, 0, 1, 0, 0, 1, 0]",000100000011010010,"[""10010110000001000""]",1,0.000244140625,False,False,,,,2.9927779886116794,0.10023629795640225,{},{}
"[0, 0, 0, 1, 0, 0, 0, 0, 0, 0, 1, 1, 1, 0, 0, 0, 0, 1]",000100000011100001,"[""100001110000001000""]",1,0.000244140625,False,False,,,,2.9807562569405155,0.09980278530404241,{},{}
"[0, 0, 0, 1, 0, 0, 0, 0, 0, 1, 0, 1, 1, 1, 1, 1, 1, 0]",000100000101111110,"[""11111101000001000""]",1,0.000244140625,False,False,,,,8.676901250337684,0.30521004208359914,{},{}
"[0, 0, 0, 1, 0, 0, 0, 0, 0, 1, 1, 0, 0, 0, 1, 1, 0, 0]",000100000110001100,"[""1100011000001000""]",1,0.000244140625,False,False,,,,2.999256445737761,0.10046991597489982,{},{}
"[0, 0, 0, 1, 0, 0, 0, 0, 0, 1, 1, 0, 1, 0, 1, 0, 0, 0]",000100000110101000,"[""101011000001000""]",1,0.000244140625,False,False,,,,4.965001382816196,0.17135615140634222,{},{}
"[0, 0, 0, 1, 0, 0, 0, 0, 1, 0, 0, 0, 1, 0, 1, 1, 1, 0]",000100001000101110,"[""11101000100001000""]",1,0.000244140625,False,False,,,,4.259529509542659,0.14591630702172292,{},{}
"[0, 0, 0, 1, 0, 0, 0, 0, 1, 0, 1, 0, 0, 1, 0, 0, 0, 0]",000100001010010000,"[""10010100001000""]",1,0.000244140625,False,False,,,,1.8023526330979314,0.057308667609851816,{},{}
"[0, 0, 0, 1, 0, 0, 0, 0, 1, 0, 1, 0, 1, 0, 1, 1, 0, 1]",000100001010101101,"[""101101010100001000""]",1,0.000244140625,False,False,,,,3.5164894197782743,0.11912172459928495,{},{}
"[0, 0, 0, 1, 0, 0, 0, 0, 1, 0, 1, 1, 0, 0, 1, 0, 1, 1]",000100001011001011,"[""110100110100001000""]",1,0.000244140625,False,False,,,,3.5128527764144417,0.118990584514523,{},{}
"[0, 0, 0, 1, 0, 0, 0, 0, 1, 0, 1, 1, 0, 1, 1, 0, 0, 0]",000100001011011000,"[""110110100001000""]",1,0.000244140625,False,False,,,,4.213084938084159,0.14424148097241218,{},{}
"[0, 0, 0, 1, 0, 0, 0, 0, 1, 0, 1, 1, 1, 1, 0, 0, 0, 0]",000100001011110000,"[""11110100001000""]",1,0.000244140625,False,False,,,,4.16387228744193,0.14246683591351908,{},{}
"[0, 0, 0, 1, 0, 0, 0, 0, 1, 1, 0, 0, 0, 0, 1, 1, 0, 1]",000100001100001101,"[""101100001100001000""]",1,0.000244140625,False,False,,,,2.3517296842843045,0.0771196157427809,{},{}
"[0, 0, 0, 1, 0, 0, 0, 0, 1, 1, 0, 0, 1, 0, 1, 1, 1, 0]",000100001100101110,"[""11101001100001000""]",1,0.000244140625,False,False,,,,3.498947915358274,0.11848916480544623,{},{}
"[0, 0, 0, 1, 0, 0, 0, 0, 1, 1, 0, 0, 1, 1, 1, 0, 1, 0]",000100001100111010,"[""10111001100001000""]",1,0.000244140625,False,False,,,,5.401191905323717,0.18708550850054712,{},{}
"[0, 0, 0, 1, 0, 0, 0, 0, 1, 1, 0, 1, 1, 0, 0, 0, 1, 1]",000100001101100011,"[""110001101100001000""]",1,0.000244140625,False,False,,,,3.4935790751780393,0.1182955604054901,{},{}
"[0, 0, 0, 1, 0, 0, 0, 0, 1, 1, 1, 1, 1, 0, 0, 0, 0, 1]",000100001111100001,"[""100001111100001000""]",1,0.000244140625,False,False,,,,5.472895687591874,0.18967120061925086,{},{}
"[0, 0, 0, 1, 0, 0, 0, 1, 0, 0, 0, 0, 0, 1, 0, 1, 1, 1]",000100010000010111,"[""111010000010001000""]",1,0.000244140625,False,False,,,,6.278040596872251,0.21870532937071605,{},{}
"[0, 0, 0, 1, 0, 0, 0, 1, 0, 1, 0, 0, 0, 1, 1, 1, 0, 1]",000100010100011101,"[""101110001010001000""]",1,0.000244140625,False,False,,,,3.472832050781907,0.11754740715930552,{},{}
"[0, 0, 0, 1, 0, 0, 0, 1, 0, 1, 0, 0, 1, 0, 1, 1, 1, 1]",000100010100101111,"[""111101001010001000""]",1,0.000244140625,False,False,,,,6.725036327841188,0.2348243303787545,{},{}
"[0, 0, 0, 1, 0, 0, 0, 1, 0, 1, 0, 1, 0, 1, 1, 0, 1, 1]",000100010101011011,"[""110110101010001000""]",1,0.000244140625,False,False,,,,4.679651540886744,0.16106622228390038,{},{}
"[0, 0, 0, 1, 0, 0, 0, 1, 0, 1, 1, 1, 1, 0, 0, 1, 1, 1]",000100010111100111,"[""111001111010001000""]",1,0.000244140625,False,False,,,,9.925453381579349,0.3502337675192936,{},{}
"[0, 0, 0, 1, 0, 0, 0, 1, 1, 0, 1, 0, 0, 0, 0, 1, 0, 1]",000100011010000101,"[""101000010110001000""]",1,0.000244140625,False,False,,,,4.317368899679837,0.14800203877111695,{},{}
"[0, 0, 0, 1, 0, 0, 0, 1, 1, 1, 0, 0, 0, 1, 1, 0, 1, 1]",000100011100011011,"[""110110001110001000""]",1,0.000244140625,False,False,,,,4.725029587395302,0.16270258864433235,{},{}
"[0, 0, 0, 1, 0, 0, 0, 1, 1, 1, 0, 1, 0, 1, 0, 1, 1, 1]",000100011101010111,"[""111010101110001000""]",1,0.000244140625,False,False,,,,7.955802389160481,0.2792066768053333,{},{}
"[0, 0, 0, 1, 0, 0, 0, 1, 1, 1, 1, 0, 0, 0, 0, 1, 0, 0]",000100011110000100,"[""1000011110001000""]",1,0.000244140625,False,False,,,,4.254920679231342,0.1457501091471415,{},{}
"[0, 0, 0, 1, 0, 0, 0, 1, 1, 1, 1, 0, 0, 0, 1, 0, 1, 0]",000100011110001010,"[""10100011110001000""]",1,0.000244140625,False,False,,,,3.4409299261533626,0.11639699263983931,{},{}
"[0, 0, 0, 1, 0, 0, 0, 1, 1, 1, 1, 0, 1, 0, 0, 0, 0, 0]",000100011110100000,"[""1011110001000""]",1,0.000244140625,False,False,,,,4.230004285574612,0.1448516053211678,{},{}
"[0, 0, 0, 1, 0, 0, 0, 1, 1, 1, 1, 1, 0, 1, 1, 0, 1, 1]",000100011111011011,"[""110110111110001000""]",1,0.000244140625,False,False,,,,9.199789561211983,0.3240657863919493,{},{}
"[0, 0, 0, 1, 0, 0, 1, 0, 0, 0, 0, 0, 0, 0, 1, 1, 0, 0]",000100100000001100,"[""1100000001001000""]",1,0.000244140625,False,False,,,,1.8685408955692442,0.059695465951712365,{},{}
"[0, 0, 0, 1, 0, 0, 1, 0, 0, 0, 0, 0, 1, 0, 0, 1, 1, 0]",000100100000100110,"[""11001000001001000""]",1,0.000244140625,False,False,,,,3.095267656244009,0.10393215217026239,{},{}
"[0, 0, 0, 1, 0, 0, 1, 0, 0, 0, 0, 0, 1, 1, 0, 0, 0, 0]",000100100000110000,"[""11000001001000""]",1,0.000244140625,False,False,,,,3.8033639607787744,0.12946663551273835,{},{}
"[0, 0, 0, 1, 0, 0, 1, 0, 0, 0, 0, 1, 1, 1, 1, 1, 1, 1]",000100100001111111,"[""111111100001001000""]",1,0.000244140625,False,False,,,,9.955237258987626,0.35130779645672133,{},{}
"[0, 0, 0, 1, 0, 0, 1, 0, 0, 0, 1, 0, 0, 0, 1, 1, 1, 1]",000100100010001111,"[""111100010001001000""]",1,0.000244140625,False,False,,,,5.452953912507108,0.18895208526663518,{},{}
"[0, 0, 0, 1, 0, 0, 1, 0, 0, 0, 1, 0, 1, 0, 0, 1, 0, 0]",000100100010100100,"[""1001010001001000""]",1,0.000244140625,False,False,,,,1.0731431157355065,0.031012825991952823,{},{}
"[0, 0, 0, 1, 0, 0, 1, 0, 0, 1, 0, 0, 0, 0, 1, 0, 0, 1]",000100100100001001,"[""100100001001001000""]",1,0.000244140625,False,False,,,,1.0760156063324562,0.03111641015533498,{},{}
"[0, 0, 0, 1, 0, 0, 1, 0, 0, 1, 0, 0, 0, 1, 0, 0, 0, 1]",000100100100010001,"[""100010001001001000""]",1,0.000244140625,False,False,,,,1.0436525815412132,0.029949375230633495,{},{}
"[0, 0, 0, 1, 0, 0, 1, 0, 0, 1, 0, 1, 1, 0, 1, 1, 1, 0]",000100100101101110,"[""11101101001001000""]",1,0.000244140625,False,False,,,,4.816014785607394,0.1659835830702035,{},{}
"[0, 0, 0, 1, 0, 0, 1, 0, 0, 1, 0, 1, 1, 1, 0, 0, 0, 1]",000100100101110001,"[""100011101001001000""]",1,0.000244140625,False,False,,,,3.4827557972817527,0.11790526489429504,{},{}
"[0, 0, 0, 1, 0, 0, 1, 0, 0, 1, 1, 0, 0, 1, 1, 1, 1, 0]",000100100110011110,"[""11110011001001000""]",1,0.000244140625,False,False,,,,4.671178089828114,0.16076066328927743,{},{}
"[0, 0, 0, 1, 0, 0, 1, 0, 1, 0, 1, 0, 1, 1, 0, 1, 1, 1]",000100101010110111,"[""111011010101001000""]",1,0.000244140625,False,False,,,,8.005671008076433,0.28100497657171647,{},{}
"[0, 0, 0, 1, 0, 0, 1, 0, 1, 1, 0, 0, 0, 1, 0, 0, 1, 0]",000100101100010010,"[""10010001101001000""]",1,0.000244140625,False,False,,,,2.2338186963273055,0.07286765716228663,{},{}
"[0, 0, 0, 1, 0, 0, 1, 0, 1, 1, 0, 1, 1, 1, 0, 0, 0, 1]",000100101101110001,"[""100011101101001000""]",1,0.000244140625,False,False,,,,4.761861879943334,0.1640307887133199,{},{}
"[0, 0, 0, 1, 0, 0, 1, 0, 1, 1, 1, 1, 0, 1, 1, 0, 1, 1]",000100101111011011,"[""110110111101001000""]",1,0.000244140625,False,False,,,,9.162419190790924,0.3227181828316601,{},{}
"[0, 0, 0, 1, 0, 0, 1, 0, 1, 1, 1, 1, 1, 1, 1, 0, 0, 0]",000100101111111000,"[""111111101001000""]",1,0.000244140625,False,False,,,,11.903202746242037,0.4215528916047553,{},{}
"[0, 0, 0, 1, 0, 0, 1, 1, 0, 0, 0, 0, 0, 0, 1, 0, 0, 1]",000100110000001001,"[""100100000011001000""]",1,0.000244140625,False,False,,,,3.0375887078487867,0.10185220607030782,{},{}
"[0, 0, 0, 1, 0, 0, 1, 1, 0, 0, 0, 0, 0, 1, 0, 1, 0, 0]",000100110000010100,"[""1010000011001000""]",1,0.000244140625,False,False,,,,3.0285361204248846,0.10152576298438633,{},{}
"[0, 0, 0, 1, 0, 0, 1, 1, 0, 0, 0, 0, 1, 1, 0, 1, 0, 0]",000100110000110100,"[""1011000011001000""]",1,0.000244140625,False,False,,,,4.281296398067384,0.14670123733260385,{},{}
"[0, 0, 0, 1, 0, 0, 1, 1, 0, 0, 0, 1, 0, 0, 0, 1, 1, 0]",000100110001000110,"[""11000100011001000""]",1,0.000244140625,False,False,,,,4.235562446109088,0.14505203675496214,{},{}
"[0, 0, 0, 1, 0, 0, 1, 1, 0, 0, 0, 1, 0, 1, 0, 1, 0, 1]",000100110001010101,"[""101010100011001000""]",1,0.000244140625,False,False,,,,3.4551676792853625,0.11691041668661808,{},{}
"[0, 0, 0, 1, 0, 0, 1, 1, 0, 1, 0, 0, 1, 0, 0, 1, 0, 0]",000100110100100100,"[""1001001011001000""]",1,0.000244140625,False,False,,,,2.3848157063077005,0.07831272248944056,{},{}
"[0, 0, 0, 1, 0, 0, 1, 1, 0, 1, 1, 0, 1, 0, 0, 1, 0, 0]",000100110110100100,"[""1001011011001000""]",1,0.000244140625,False,False,,,,3.56617752049471,0.12091351474412507,{},{}
"[0, 0, 0, 1, 0, 0, 1, 1, 0, 1, 1, 1, 0, 0, 0, 0, 0, 0]",000100110111000000,"[""111011001000""]",1,0.000244140625,False,False,,,,8.213655213893688,0.28850504288321643,{},{}
"[0, 0, 0, 1, 0, 0, 1, 1, 1, 0, 0, 0, 0, 1, 1, 0, 0, 0]",000100111000011000,"[""110000111001000""]",1,0.000244140625,False,False,,,,8.246267585286597,0.28968106943321803,{},{}
"[0, 0, 0, 1, 0, 0, 1, 1, 1, 0, 0, 1, 1, 1, 0, 0, 1, 1]",000100111001110011,"[""110011100111001000""]",1,0.000244140625,False,False,,,,7.9606355467925525,0.2793809640911973,{},{}
"[0, 0, 0, 1, 0, 0, 1, 1, 1, 0, 1, 0, 0, 1, 1, 0, 0, 0]",000100111010011000,"[""110010111001000""]",1,0.000244140625,False,False,,,,7.4589056141342684,0.26128820675601827,{},{}
"[0, 0, 0, 1, 0, 1, 0, 0, 0, 0, 0, 0, 1, 0, 1, 1, 0, 1]",000101000000101101,"[""101101000000101000""]",1,0.000244140625,False,False,,,,6.391246090727153,0.22278760430789984,{},{}
"[0, 0, 0, 1, 0, 1, 0, 0, 0, 0, 1, 1, 0, 0, 1, 1, 0, 0]",000101000011001100,"[""1100110000101000""]",1,0.000244140625,False,False,,,,4.250202140854906,0.14557995511752392,{},{}
"[0, 0, 0, 1, 0, 1, 0, 0, 0, 1, 0, 1, 1, 0, 0, 1, 0, 1]",000101000101100101,"[""101001101000101000""]",1,0.000244140625,False,False,,,,5.630664496542767,0.19536046209162314,{},{}
"[0, 0, 0, 1, 0, 1, 0, 0, 0, 1, 1, 0, 0, 0, 0, 0, 1, 0]",000101000110000010,"[""10000011000101000""]",1,0.000244140625,False,False,,,,5.02049295776557,0.17335721918076524,{},{}
"[0, 0, 0, 1, 0, 1, 0, 0, 1, 0, 0, 0, 1, 1, 0, 1, 0, 0]",000101001000110100,"[""1011000100101000""]",1,0.000244140625,False,False,,,,4.332358667711567,0.14854258103869067,{},{}
"[0, 0, 0, 1, 0, 1, 0, 0, 1, 1, 0, 0, 0, 0, 1, 0, 1, 0]",000101001100001010,"[""10100001100101000""]",1,0.000244140625,False,False,,,,2.297832369443419,0.07517603818250401,{},{}
"[0, 0, 0, 1, 0, 1, 0, 0, 1, 1, 0, 0, 0, 0, 1, 1, 0, 0]",000101001100001100,"[""1100001100101000""]",1,0.000244140625,False,False,,,,2.371178055922969,0.07782093859740594,{},{}
"[0, 0, 0, 1, 0, 1, 0, 0, 1, 1, 0, 1, 1, 0, 1, 0, 1, 1]",000101001101101011,"[""110101101100101000""]",1,0.000244140625,False,False,,,,6.072533280038019,0.21129458153196218,{},{}
"[0, 0, 0, 1, 0, 1, 0, 0, 1, 1, 0, 1, 1, 1, 1, 1, 1, 0]",000101001101111110,"[""11111101100101000""]",1,0.000244140625,False,False,,,,9.222921265281697,0.3248999329740858,{},{}
"[0, 0, 0, 1, 0, 1, 0, 0, 1, 1, 1, 1, 0, 0, 1, 1, 0, 1]",000101001111001101,"[""101100111100101000""]",1,0.000244140625,False,False,,,,8.084663802451082,0.2838535159288882,{},{}
"[0, 0, 0, 1, 0, 1, 0, 1, 0, 0, 0, 0, 1, 1, 0, 1, 0, 1]",000101010000110101,"[""101011000010101000""]",1,0.000244140625,False,False,,,,5.560579984847628,0.19283316208315768,{},{}
"[0, 0, 0, 1, 0, 1, 0, 1, 0, 0, 0, 1, 0, 1, 0, 1, 1, 0]",000101010001010110,"[""11010100010101000""]",1,0.000244140625,False,False,,,,3.4751849890749282,0.11763225587728958,{},{}
"[0, 0, 0, 1, 0, 1, 0, 1, 0, 0, 0, 1, 1, 0, 0, 1, 0, 0]",000101010001100100,"[""1001100010101000""]",1,0.000244140625,False,False,,,,2.2505631338775363,0.0734714741275318,{},{}
"[0, 0, 0, 1, 0, 1, 0, 1, 0, 0, 0, 1, 1, 1, 1, 0, 1, 0]",000101010001111010,"[""10111100010101000""]",1,0.000244140625,False,False,,,,6.682555478648884,0.2332924391245164,{},{}
"[0, 0, 0, 1, 0, 1, 0, 1, 0, 0, 1, 0, 0, 0, 0, 0, 1, 1]",000101010010000011,"[""110000010010101000""]",1,0.000244140625,False,False,,,,4.366392238895979,0.14976985711812776,{},{}
"[0, 0, 0, 1, 0, 1, 0, 1, 0, 0, 1, 1, 0, 0, 1, 1, 0, 0]",000101010011001100,"[""1100110010101000""]",1,0.000244140625,False,False,,,,3.4676940924516177,0.11736212853186613,{},{}
"[0, 0, 0, 1, 0, 1, 0, 1, 0, 1, 0, 0, 1, 1, 0, 1, 0, 1]",000101010100110101,"[""101011001010101000""]",1,0.000244140625,False,False,,,,4.817234576270574,0.16602756963554893,{},{}
"[0, 0, 0, 1, 0, 1, 0, 1, 0, 1, 0, 1, 0, 0, 1, 1, 0, 1]",000101010101001101,"[""101100101010101000""]",1,0.000244140625,False,False,,,,4.799289144911681,0.16538044393361737,{},{}
"[0, 0, 0, 1, 0, 1, 0, 1, 0, 1, 1, 1, 0, 0, 0, 0, 1, 0]",000101010111000010,"[""10000111010101000""]",1,0.000244140625,False,False,,,,7.455283805916019,0.26115760163772256,{},{}
"[0, 0, 0, 1, 0, 1, 0, 1, 0, 1, 1, 1, 1, 0, 1, 1, 0, 1]",000101010111101101,"[""101101111010101000""]",1,0.000244140625,False,False,,,,9.2358643975993,0.3253666720241935,{},{}
"[0, 0, 0, 1, 0, 1, 0, 1, 1, 0, 0, 1, 0, 0, 1, 1, 0, 1]",000101011001001101,"[""101100100110101000""]",1,0.000244140625,False,False,,,,4.882626889921179,0.16838566546650288,{},{}
"[0, 0, 0, 1, 0, 1, 0, 1, 1, 0, 0, 1, 1, 0, 1, 1, 0, 1]",000101011001101101,"[""101101100110101000""]",1,0.000244140625,False,False,,,,6.107160636559297,0.21254326995559047,{},{}
"[0, 0, 0, 1, 0, 1, 0, 1, 1, 1, 0, 1, 0, 0, 0, 0, 0, 1]",000101011101000001,"[""100000101110101000""]",1,0.000244140625,False,False,,,,5.628997670609246,0.1953003550994503,{},{}
"[0, 0, 0, 1, 0, 1, 0, 1, 1, 1, 0, 1, 1, 1, 1, 0, 1, 1]",000101011101111011,"[""110111101110101000""]",1,0.000244140625,False,False,,,,10.528517538893404,0.3719807129287848,{},{}
"[0, 0, 0, 1, 0, 1, 0, 1, 1, 1, 1, 0, 1, 1, 1, 1, 1, 0]",000101011110111110,"[""11111011110101000""]",1,0.000244140625,False,False,,,,10.495938087182433,0.3708058734871818,{},{}
"[0, 0, 0, 1, 0, 1, 0, 1, 1, 1, 1, 1, 0, 1, 1, 0, 0, 1]",000101011111011001,"[""100110111110101000""]",1,0.000244140625,False,False,,,,9.283300404669118,0.3270772499845653,{},{}
"[0, 0, 0, 1, 0, 1, 1, 0, 0, 0, 0, 0, 0, 0, 0, 0, 0, 1]",000101100000000001,"[""100000000001101000""]",1,0.000244140625,False,False,,,,3.957477987303162,0.1350241027921565,{},{}
"[0, 0, 0, 1, 0, 1, 1, 0, 0, 0, 0, 0, 0, 1, 0, 0, 1, 0]",000101100000010010,"[""10010000001101000""]",1,0.000244140625,False,False,,,,3.0397541183418015,0.10193029239530259,{},{}
"[0, 0, 0, 1, 0, 1, 1, 0, 0, 0, 0, 0, 0, 1, 0, 1, 1, 1]",000101100000010111,"[""111010000001101000""]",1,0.000244140625,False,False,,,,7.583071734129991,0.2657657300850148,{},{}
"[0, 0, 0, 1, 0, 1, 1, 0, 0, 0, 0, 0, 0, 1, 1, 0, 1, 0]",000101100000011010,"[""10110000001101000""]",1,0.000244140625,False,False,,,,4.233994572782338,0.14499549806793804,{},{}
"[0, 0, 0, 1, 0, 1, 1, 0, 0, 0, 0, 1, 0, 0, 0, 0, 1, 0]",000101100001000010,"[""10000100001101000""]",1,0.000244140625,False,False,,,,3.04873844481488,0.10225427394018712,{},{}
"[0, 0, 0, 1, 0, 1, 1, 0, 0, 0, 0, 1, 1, 0, 1, 1, 1, 0]",000101100001101110,"[""11101100001101000""]",1,0.000244140625,False,False,,,,4.774326221704645,0.16448026221719342,{},{}
"[0, 0, 0, 1, 0, 1, 1, 0, 0, 0, 1, 0, 1, 0, 0, 1, 1, 1]",000101100010100111,"[""111001010001101000""]",1,0.000244140625,False,False,,,,6.818595826165158,0.2381981559956717,{},{}
"[0, 0, 0, 1, 0, 1, 1, 0, 0, 0, 1, 0, 1, 0, 1, 0, 1, 0]",000101100010101010,"[""10101010001101000""]",1,0.000244140625,False,False,,,,3.437397820032678,0.11626962224639864,{},{}
"[0, 0, 0, 1, 0, 1, 1, 0, 0, 0, 1, 1, 1, 0, 0, 0, 1, 1]",000101100011100011,"[""110001110001101000""]",1,0.000244140625,False,False,,,,4.7337184563841275,0.1630159157709382,{},{}
"[0, 0, 0, 1, 0, 1, 1, 0, 0, 0, 1, 1, 1, 0, 1, 1, 1, 1]",000101100011101111,"[""111101110001101000""]",1,0.000244140625,False,False,,,,9.254461833101216,0.3260373094840916,{},{}
"[0, 0, 0, 1, 0, 1, 1, 0, 0, 1, 0, 1, 1, 1, 0, 1, 1, 0]",000101100101110110,"[""11011101001101000""]",1,0.000244140625,False,False,,,,6.02797162155374,0.20968765473543338,{},{}
"[0, 0, 0, 1, 0, 1, 1, 0, 0, 1, 1, 0, 0, 1, 1, 1, 1, 0]",000101100110011110,"[""11110011001101000""]",1,0.000244140625,False,False,,,,5.940945503224861,0.2065494276968258,{},{}
"[0, 0, 0, 1, 0, 1, 1, 0, 0, 1, 1, 1, 1, 1, 1, 0, 1, 1]",000101100111111011,"[""110111111001101000""]",1,0.000244140625,False,False,,,,12.452534145492764,0.44136219349467637,{},{}
"[0, 0, 0, 1, 0, 1, 1, 0, 1, 0, 0, 0, 0, 1, 0, 1, 1, 1]",000101101000010111,"[""111010000101101000""]",1,0.000244140625,False,False,,,,8.898840742120104,0.3132133464641794,{},{}
"[0, 0, 0, 1, 0, 1, 1, 0, 1, 0, 0, 1, 0, 0, 0, 0, 0, 1]",000101101001000001,"[""100000100101101000""]",1,0.000244140625,False,False,,,,4.459589933391316,0.15313063581787242,{},{}
"[0, 0, 0, 1, 0, 1, 1, 0, 1, 0, 0, 1, 1, 0, 0, 0, 1, 0]",000101101001100010,"[""10001100101101000""]",1,0.000244140625,False,False,,,,3.5492333615256637,0.12030249567485927,{},{}
"[0, 0, 0, 1, 0, 1, 1, 1, 0, 0, 0, 0, 1, 0, 1, 1, 1, 0]",000101110000101110,"[""11101000011101000""]",1,0.000244140625,False,False,,,,6.756648984225997,0.23596430645644306,{},{}
"[0, 0, 0, 1, 0, 1, 1, 1, 0, 0, 0, 0, 1, 1, 0, 0, 1, 1]",000101110000110011,"[""110011000011101000""]",1,0.000244140625,False,False,,,,6.782910701498178,0.2369113236600873,{},{}
"[0, 0, 0, 1, 0, 1, 1, 1, 0, 0, 0, 0, 1, 1, 1, 1, 0, 0]",000101110000111100,"[""1111000011101000""]",1,0.000244140625,False,False,,,,8.751760629324828,0.3079095273845869,{},{}
"[0, 0, 0, 1, 0, 1, 1, 1, 0, 0, 0, 1, 1, 0, 0, 0, 0, 0]",000101110001100000,"[""1100011101000""]",1,0.000244140625,False,False,,,,4.248911103359087,0.1455333993380058,{},{}
"[0, 0, 0, 1, 0, 1, 1, 1, 0, 0, 0, 1, 1, 0, 0, 1, 0, 0]",000101110001100100,"[""1001100011101000""]",1,0.000244140625,False,False,,,,3.528028927580654,0.11953784789758945,{},{}
"[0, 0, 0, 1, 0, 1, 1, 1, 0, 0, 0, 1, 1, 1, 0, 1, 1, 0]",000101110001110110,"[""11011100011101000""]",1,0.000244140625,False,False,,,,5.959948343808833,0.20723468436776685,{},{}
"[0, 0, 0, 1, 0, 1, 1, 1, 0, 0, 1, 1, 1, 0, 0, 1, 0, 1]",000101110011100101,"[""101001110011101000""]",1,0.000244140625,False,False,,,,6.0057113781191145,0.20888493367681357,{},{}
"[0, 0, 0, 1, 0, 1, 1, 1, 0, 1, 0, 1, 0, 1, 0, 1, 0, 0]",000101110101010100,"[""1010101011101000""]",1,0.000244140625,False,False,,,,4.735965596639832,0.16309694933241853,{},{}
"[0, 0, 0, 1, 0, 1, 1, 1, 0, 1, 1, 0, 0, 0, 1, 1, 0, 0]",000101110110001100,"[""1100011011101000""]",1,0.000244140625,False,False,,,,4.735965596639832,0.16309694933241853,{},{}
"[0, 0, 0, 1, 0, 1, 1, 1, 0, 1, 1, 0, 0, 1, 0, 0, 0, 1]",000101110110010001,"[""100010011011101000""]",1,0.000244140625,False,False,,,,4.762227313912013,0.16404396653606274,{},{}
"[0, 0, 0, 1, 0, 1, 1, 1, 1, 0, 0, 0, 0, 1, 1, 0, 1, 0]",000101111000011010,"[""10110000111101000""]",1,0.000244140625,False,False,,,,8.767342001916042,0.30847140335588524,{},{}
"[0, 0, 0, 1, 0, 1, 1, 1, 1, 0, 1, 1, 1, 0, 0, 1, 1, 1]",000101111011100111,"[""111001110111101000""]",1,0.000244140625,False,False,,,,12.60077457240607,0.44670785437082844,{},{}
"[0, 0, 0, 1, 0, 1, 1, 1, 1, 1, 1, 0, 0, 0, 1, 1, 0, 0]",000101111110001100,"[""1100011111101000""]",1,0.000244140625,False,False,,,,8.035218995483783,0.2820704991389503,{},{}
"[0, 0, 0, 1, 1, 0, 0, 0, 0, 0, 0, 0, 0, 0, 0, 1, 0, 1]",000110000000000101,"[""101000000000011000""]",1,0.000244140625,False,False,,,,5.866239672096081,0.2038554794466694,{},{}
"[0, 0, 0, 1, 1, 0, 0, 0, 0, 0, 0, 0, 1, 1, 1, 0, 0, 1]",000110000000111001,"[""100111000000011000""]",1,0.000244140625,False,False,,,,8.223381910487058,0.28885579485092217,{},{}
"[0, 0, 0, 1, 1, 0, 0, 0, 0, 0, 1, 0, 0, 1, 1, 0, 1, 0]",000110000010011010,"[""10110010000011000""]",1,0.000244140625,False,False,,,,4.282269927576151,0.14673634353618922,{},{}
"[0, 0, 0, 1, 1, 0, 0, 0, 0, 0, 1, 1, 0, 0, 1, 0, 0, 1]",000110000011001001,"[""100100110000011000""]",1,0.000244140625,False,False,,,,4.2582406813666305,0.14586983091193198,{},{}
"[0, 0, 0, 1, 1, 0, 0, 0, 0, 0, 1, 1, 0, 1, 1, 1, 1, 0]",000110000011011110,"[""11110110000011000""]",1,0.000244140625,False,False,,,,6.7175322265542015,0.23455372686326417,{},{}
"[0, 0, 0, 1, 1, 0, 0, 0, 0, 1, 0, 0, 0, 1, 1, 1, 0, 1]",000110000100011101,"[""101110001000011000""]",1,0.000244140625,False,False,,,,5.472832050781907,0.18966890582819818,{},{}
"[0, 0, 0, 1, 1, 0, 0, 0, 0, 1, 0, 0, 1, 1, 0, 1, 0, 1]",000110000100110101,"[""101011001000011000""]",1,0.000244140625,False,False,,,,5.510112485814488,0.19101326625098716,{},{}
"[0, 0, 0, 1, 1, 0, 0, 0, 0, 1, 0, 1, 1, 0, 0, 1, 1, 0]",000110000101100110,"[""11001101000011000""]",1,0.000244140625,False,False,,,,5.4861888600010875,0.19015056237735906,{},{}
"[0, 0, 0, 1, 1, 0, 0, 0, 0, 1, 0, 1, 1, 1, 0, 0, 0, 0]",000110000101110000,"[""11101000011000""]",1,0.000244140625,False,False,,,,6.173154665148073,0.2149230640781006,{},{}
"[0, 0, 0, 1, 1, 0, 0, 0, 0, 1, 1, 0, 0, 0, 1, 0, 1, 0]",000110000110001010,"[""10100011000011000""]",1,0.000244140625,False,False,,,,4.208517189815957,0.1440767645470897,{},{}
"[0, 0, 0, 1, 1, 0, 0, 0, 0, 1, 1, 1, 0, 0, 1, 0, 0, 1]",000110000111001001,"[""100100111000011000""]",1,0.000244140625,False,False,,,,7.441314913955086,0.26065387292623937,{},{}
"[0, 0, 0, 1, 1, 0, 0, 0, 0, 1, 1, 1, 1, 1, 0, 0, 1, 1]",000110000111110011,"[""110011111000011000""]",1,0.000244140625,False,False,,,,9.922269011222667,0.35011893673807326,{},{}
"[0, 0, 0, 1, 1, 0, 0, 0, 0, 1, 1, 1, 1, 1, 0, 1, 1, 0]",000110000111110110,"[""11011111000011000""]",1,0.000244140625,False,False,,,,9.938417673590077,0.350701269603791,{},{}
"[0, 0, 0, 1, 1, 0, 0, 0, 1, 0, 0, 0, 0, 0, 1, 0, 1, 1]",000110001000001011,"[""110100000100011000""]",1,0.000244140625,False,False,,,,4.330037902420344,0.14845889250325978,{},{}
"[0, 0, 0, 1, 1, 0, 0, 0, 1, 0, 1, 0, 0, 0, 1, 1, 0, 1]",000110001010001101,"[""101100010100011000""]",1,0.000244140625,False,False,,,,3.5094476247368673,0.11886779219343223,{},{}
"[0, 0, 0, 1, 1, 0, 0, 0, 1, 0, 1, 0, 1, 0, 1, 1, 1, 0]",000110001010101110,"[""11101010100011000""]",1,0.000244140625,False,False,,,,4.69755700632954,0.16171190678494965,{},{}
"[0, 0, 0, 1, 1, 0, 0, 0, 1, 0, 1, 1, 0, 1, 0, 1, 0, 0]",000110001011010100,"[""1010110100011000""]",1,0.000244140625,False,False,,,,3.4336625335755864,0.11613492501777711,{},{}
"[0, 0, 0, 1, 1, 0, 0, 0, 1, 0, 1, 1, 1, 0, 1, 1, 1, 0]",000110001011101110,"[""11101110100011000""]",1,0.000244140625,False,False,,,,5.931285042482564,0.20620106424354256,{},{}
"[0, 0, 0, 1, 1, 0, 0, 0, 1, 1, 1, 1, 0, 1, 0, 1, 0, 0]",000110001111010100,"[""1010111100011000""]",1,0.000244140625,False,False,,,,6.648857610948871,0.23207726876428086,{},{}
"[0, 0, 0, 1, 1, 0, 0, 1, 0, 0, 0, 0, 1, 0, 1, 1, 0, 0]",000110010000101100,"[""1101000010011000""]",1,0.000244140625,False,False,,,,4.248103516400077,0.14550427714711117,{},{}
"[0, 0, 0, 1, 1, 0, 0, 1, 0, 0, 0, 1, 0, 0, 0, 1, 1, 1]",000110010001000111,"[""111000100010011000""]",1,0.000244140625,False,False,,,,7.511962831707455,0.2632014897793082,{},{}
"[0, 0, 0, 1, 1, 0, 0, 1, 0, 0, 0, 1, 1, 1, 1, 1, 0, 0]",000110010001111100,"[""1111100010011000""]",1,0.000244140625,False,False,,,,6.690575267620324,0.23358163872433066,{},{}
"[0, 0, 0, 1, 1, 0, 0, 1, 0, 0, 1, 0, 0, 0, 0, 0, 1, 1]",000110010010000011,"[""110000010010011000""]",1,0.000244140625,False,False,,,,4.362664407589935,0.14963542872783941,{},{}
"[0, 0, 0, 1, 1, 0, 0, 1, 0, 0, 1, 1, 0, 1, 0, 0, 1, 1]",000110010011010011,"[""110010110010011000""]",1,0.000244140625,False,False,,,,4.841113733259337,0.1668886699300386,{},{}
"[0, 0, 0, 1, 1, 0, 0, 1, 0, 1, 0, 0, 0, 0, 1, 1, 1, 0]",000110010100001110,"[""11100001010011000""]",1,0.000244140625,False,False,,,,3.478971771975803,0.11776881010626199,{},{}
"[0, 0, 0, 1, 1, 0, 0, 1, 0, 1, 0, 0, 0, 1, 0, 0, 1, 0]",000110010100010010,"[""10010001010011000""]",1,0.000244140625,False,False,,,,2.2882138338086193,0.07482918658001304,{},{}
"[0, 0, 0, 1, 1, 0, 0, 1, 0, 1, 0, 0, 0, 1, 0, 1, 0, 0]",000110010100010100,"[""1010001010011000""]",1,0.000244140625,False,False,,,,2.2532681077619277,0.07356901751273306,{},{}
"[0, 0, 0, 1, 1, 0, 0, 1, 0, 1, 0, 0, 0, 1, 1, 0, 1, 0]",000110010100011010,"[""10110001010011000""]",1,0.000244140625,False,False,,,,3.491792957513992,0.11823115166412505,{},{}
"[0, 0, 0, 1, 1, 0, 0, 1, 0, 1, 0, 0, 1, 0, 1, 0, 0, 0]",000110010100101000,"[""101001010011000""]",1,0.000244140625,False,False,,,,4.205950937136014,0.1439842235524694,{},{}
"[0, 0, 0, 1, 1, 0, 0, 1, 0, 1, 0, 0, 1, 0, 1, 1, 1, 0]",000110010100101110,"[""11101001010011000""]",1,0.000244140625,False,False,,,,4.726287694133915,0.16274795691606944,{},{}
"[0, 0, 0, 1, 1, 0, 0, 1, 0, 1, 0, 0, 1, 1, 0, 0, 1, 0]",000110010100110010,"[""10011001010011000""]",1,0.000244140625,False,False,,,,3.4876138784969086,0.11808045094324117,{},{}
"[0, 0, 0, 1, 1, 0, 0, 1, 0, 1, 0, 0, 1, 1, 0, 1, 1, 0]",000110010100110110,"[""11011001010011000""]",1,0.000244140625,False,False,,,,4.761287347234089,0.1640100706333074,{},{}
"[0, 0, 0, 1, 1, 0, 0, 1, 0, 1, 1, 0, 0, 0, 1, 0, 1, 0]",000110010110001010,"[""10100011010011000""]",1,0.000244140625,False,False,,,,3.4838954411714944,0.11794636130693355,{},{}
"[0, 0, 0, 1, 1, 0, 0, 1, 1, 0, 0, 0, 1, 1, 0, 1, 0, 1]",000110011000110101,"[""101011000110011000""]",1,0.000244140625,False,False,,,,6.782001480450784,0.23687853646780763,{},{}
"[0, 0, 0, 1, 1, 0, 0, 1, 1, 0, 0, 1, 0, 1, 0, 1, 1, 1]",000110011001010111,"[""111010100110011000""]",1,0.000244140625,False,False,,,,8.036104054594743,0.2821024150336968,{},{}
"[0, 0, 0, 1, 1, 0, 0, 1, 1, 0, 1, 1, 0, 0, 1, 0, 1, 0]",000110011011001010,"[""10100110110011000""]",1,0.000244140625,False,False,,,,4.792095683023297,0.16512104230761349,{},{}
"[0, 0, 0, 1, 1, 0, 0, 1, 1, 0, 1, 1, 1, 1, 0, 0, 1, 1]",000110011011110011,"[""110011110110011000""]",1,0.000244140625,False,False,,,,7.296837685089216,0.25544391579157183,{},{}
"[0, 0, 0, 1, 1, 0, 0, 1, 1, 1, 1, 1, 0, 1, 0, 0, 1, 0]",000110011111010010,"[""10010111110011000""]",1,0.000244140625,False,False,,,,8.008414565080262,0.2811039112931163,{},{}
"[0, 0, 0, 1, 1, 0, 1, 0, 0, 0, 0, 1, 1, 0, 0, 1, 1, 1]",000110100001100111,"[""111001100001011000""]",1,0.000244140625,False,False,,,,6.765966021573368,0.23630028580476628,{},{}
"[0, 0, 0, 1, 1, 0, 1, 0, 0, 0, 1, 0, 1, 0, 0, 1, 0, 0]",000110100010100100,"[""1001010001011000""]",1,0.000244140625,False,False,,,,2.2812963980673837,0.0745797386637112,{},{}
"[0, 0, 0, 1, 1, 0, 1, 0, 0, 0, 1, 0, 1, 0, 1, 0, 1, 1]",000110100010101011,"[""110101010001011000""]",1,0.000244140625,False,False,,,,4.690147556934637,0.16144471648761377,{},{}
"[0, 0, 0, 1, 1, 0, 1, 0, 0, 1, 0, 0, 0, 1, 1, 1, 1, 0]",000110100100011110,"[""11110001001011000""]",1,0.000244140625,False,False,,,,4.726094454549088,0.1627409885518395,{},{}
"[0, 0, 0, 1, 1, 0, 1, 0, 0, 1, 0, 0, 1, 0, 1, 0, 1, 1]",000110100100101011,"[""110101001001011000""]",1,0.000244140625,False,False,,,,4.731710958651803,0.1629435238984234,{},{}
"[0, 0, 0, 1, 1, 0, 1, 0, 0, 1, 0, 0, 1, 0, 1, 1, 1, 0]",000110100100101110,"[""11101001001011000""]",1,0.000244140625,False,False,,,,4.799778701051083,0.16539809769484548,{},{}
"[0, 0, 0, 1, 1, 0, 1, 0, 0, 1, 0, 1, 1, 0, 1, 1, 0, 0]",000110100101101100,"[""1101101001011000""]",1,0.000244140625,False,False,,,,4.822122866166096,0.16620384503214547,{},{}
"[0, 0, 0, 1, 1, 0, 1, 0, 0, 1, 0, 1, 1, 1, 0, 0, 0, 0]",000110100101110000,"[""11101001011000""]",1,0.000244140625,False,False,,,,5.459959128116026,0.18920469859074213,{},{}
"[0, 0, 0, 1, 1, 0, 1, 0, 1, 0, 1, 0, 0, 1, 1, 1, 0, 1]",000110101010011101,"[""101110010101011000""]",1,0.000244140625,False,False,,,,5.962706823479611,0.20733415721171894,{},{}
"[0, 0, 0, 1, 1, 0, 1, 0, 1, 0, 1, 1, 0, 0, 0, 1, 0, 1]",000110101011000101,"[""101000110101011000""]",1,0.000244140625,False,False,,,,6.752951100476615,0.23583095799748868,{},{}
"[0, 0, 0, 1, 1, 0, 1, 0, 1, 0, 1, 1, 0, 1, 0, 1, 1, 1]",000110101011010111,"[""111010110101011000""]",1,0.000244140625,False,False,,,,9.252438156523937,0.32596433419030435,{},{}
"[0, 0, 0, 1, 1, 0, 1, 0, 1, 0, 1, 1, 0, 1, 1, 0, 0, 1]",000110101011011001,"[""100110110101011000""]",1,0.000244140625,False,False,,,,5.95232018604057,0.2069596072826019,{},{}
"[0, 0, 0, 1, 1, 0, 1, 0, 1, 1, 0, 0, 0, 1, 1, 1, 0, 1]",000110101100011101,"[""101110001101011000""]",1,0.000244140625,False,False,,,,6.0107265886169365,0.20906578592543504,{},{}
"[0, 0, 0, 1, 1, 0, 1, 0, 1, 1, 0, 0, 1, 1, 0, 0, 0, 1]",000110101100110001,"[""100011001101011000""]",1,0.000244140625,False,False,,,,4.78511337709951,0.16486925512391937,{},{}
"[0, 0, 0, 1, 1, 0, 1, 0, 1, 1, 0, 1, 1, 0, 1, 1, 0, 0]",000110101101101100,"[""1101101101011000""]",1,0.000244140625,False,False,,,,6.063874271768337,0.21098233120526425,{},{}
"[0, 0, 0, 1, 1, 0, 1, 0, 1, 1, 1, 1, 0, 0, 0, 1, 1, 1]",000110101111000111,"[""111000111101011000""]",1,0.000244140625,False,False,,,,13.279961529187773,0.47119984497055883,{},{}
"[0, 0, 0, 1, 1, 0, 1, 0, 1, 1, 1, 1, 0, 1, 1, 0, 0, 0]",000110101111011000,"[""110111101011000""]",1,0.000244140625,False,False,,,,9.893875168154125,0.34909503348053694,{},{}
"[0, 0, 0, 1, 1, 0, 1, 0, 1, 1, 1, 1, 1, 0, 0, 0, 1, 1]",000110101111100011,"[""110001111101011000""]",1,0.000244140625,False,False,,,,9.256486288453383,0.3261103128610849,{},{}
"[0, 0, 0, 1, 1, 0, 1, 1, 0, 0, 0, 0, 0, 1, 0, 1, 0, 1]",000110110000010101,"[""101010000011011000""]",1,0.000244140625,False,False,,,,5.518262244584986,0.19130715265914633,{},{}
"[0, 0, 0, 1, 1, 0, 1, 1, 0, 0, 0, 1, 0, 0, 0, 0, 1, 0]",000110110001000010,"[""10000100011011000""]",1,0.000244140625,False,False,,,,4.264577824942179,0.14609835305790622,{},{}
"[0, 0, 0, 1, 1, 0, 1, 1, 0, 0, 1, 0, 0, 1, 1, 0, 0, 0]",000110110010011000,"[""110010011011000""]",1,0.000244140625,False,False,,,,5.4810320612392225,0.18996460434983928,{},{}
"[0, 0, 0, 1, 1, 0, 1, 1, 0, 0, 1, 1, 0, 1, 1, 1, 0, 1]",000110110011011101,"[""101110110011011000""]",1,0.000244140625,False,False,,,,7.203486850513764,0.2520776147457851,{},{}
"[0, 0, 0, 1, 1, 0, 1, 1, 0, 0, 1, 1, 1, 0, 0, 1, 1, 0]",000110110011100110,"[""11001110011011000""]",1,0.000244140625,False,False,,,,6.001472705904626,0.20873208398057602,{},{}
"[0, 0, 0, 1, 1, 0, 1, 1, 1, 0, 0, 1, 0, 0, 0, 1, 1, 1]",000110111001000111,"[""111000100111011000""]",1,0.000244140625,False,False,,,,12.02523372084395,0.425953419990913,{},{}
"[0, 0, 0, 1, 1, 0, 1, 1, 1, 1, 0, 1, 1, 0, 0, 1, 1, 1]",000110111101100111,"[""111001101111011000""]",1,0.000244140625,False,False,,,,12.588008822863607,0.44624751187651135,{},{}
"[0, 0, 0, 1, 1, 0, 1, 1, 1, 1, 0, 1, 1, 0, 1, 0, 0, 0]",000110111101101000,"[""101101111011000""]",1,0.000244140625,False,False,,,,9.971837724165077,0.3519064216703206,{},{}
"[0, 0, 0, 1, 1, 1, 0, 0, 0, 0, 0, 0, 0, 0, 1, 0, 1, 0]",000111000000001010,"[""10100000000111000""]",1,0.000244140625,False,False,,,,7.083292918237745,0.2477433314824581,{},{}
"[0, 0, 0, 1, 1, 1, 0, 0, 0, 0, 1, 0, 0, 0, 1, 0, 1, 1]",000111000010001011,"[""110100010000111000""]",1,0.000244140625,False,False,,,,7.592251583436866,0.266096762329798,{},{}
"[0, 0, 0, 1, 1, 1, 0, 0, 0, 0, 1, 0, 1, 0, 1, 0, 1, 1]",000111000010101011,"[""110101010000111000""]",1,0.000244140625,False,False,,,,8.767428299682825,0.30847451531802134,{},{}
"[0, 0, 0, 1, 1, 1, 0, 0, 0, 0, 1, 0, 1, 1, 1, 0, 0, 1]",000111000010111001,"[""100111010000111000""]",1,0.000244140625,False,False,,,,10.735965089909488,0.3794614270660206,{},{}
"[0, 0, 0, 1, 1, 1, 0, 0, 0, 1, 0, 0, 0, 0, 1, 1, 0, 0]",000111000100001100,"[""1100001000111000""]",1,0.000244140625,False,False,,,,6.288638387398046,0.2190874936383657,{},{}
"[0, 0, 0, 1, 1, 1, 0, 0, 0, 1, 0, 0, 0, 1, 0, 1, 0, 0]",000111000100010100,"[""1010001000111000""]",1,0.000244140625,False,False,,,,6.285098416409354,0.21895983963189125,{},{}
"[0, 0, 0, 1, 1, 1, 0, 0, 0, 1, 0, 1, 0, 1, 0, 0, 0, 0]",000111000101010000,"[""10101000111000""]",1,0.000244140625,False,False,,,,8.236345093975201,0.28932325696126454,{},{}
"[0, 0, 0, 1, 1, 1, 0, 0, 0, 1, 1, 0, 1, 1, 0, 1, 0, 1]",000111000110110101,"[""101011011000111000""]",1,0.000244140625,False,False,,,,10.041373003766587,0.3544139159579313,{},{}
"[0, 0, 0, 1, 1, 1, 0, 0, 0, 1, 1, 1, 0, 0, 0, 1, 1, 0]",000111000111000110,"[""11000111000111000""]",1,0.000244140625,False,False,,,,12.737793989233557,0.45164887721499647,{},{}
"[0, 0, 0, 1, 1, 1, 0, 0, 1, 0, 1, 0, 0, 0, 1, 1, 0, 1]",000111001010001101,"[""101100010100111000""]",1,0.000244140625,False,False,,,,6.86473303916983,0.23986189846882316,{},{}
"[0, 0, 0, 1, 1, 1, 0, 0, 1, 0, 1, 0, 1, 1, 1, 0, 1, 0]",000111001010111010,"[""10111010100111000""]",1,0.000244140625,False,False,,,,10.005628388149631,0.3531249383341121,{},{}
"[0, 0, 0, 1, 1, 1, 0, 0, 1, 0, 1, 1, 0, 0, 1, 1, 1, 0]",000111001011001110,"[""11100110100111000""]",1,0.000244140625,False,False,,,,8.01534336395323,0.2813537689724632,{},{}
"[0, 0, 0, 1, 1, 1, 0, 0, 1, 0, 1, 1, 0, 1, 0, 1, 1, 1]",000111001011010111,"[""111010110100111000""]",1,0.000244140625,False,False,,,,11.382897433746821,0.4027902921534845,{},{}
"[0, 0, 0, 1, 1, 1, 0, 0, 1, 0, 1, 1, 1, 0, 1, 1, 0, 1]",000111001011101101,"[""101101110100111000""]",1,0.000244140625,False,False,,,,9.315097305618476,0.32822387005931225,{},{}
"[0, 0, 0, 1, 1, 1, 0, 1, 0, 0, 0, 1, 1, 0, 1, 1, 1, 1]",000111010001101111,"[""111101100010111000""]",1,0.000244140625,False,False,,,,11.28094958726053,0.39911397641615576,{},{}
"[0, 0, 0, 1, 1, 1, 0, 1, 0, 0, 1, 0, 0, 1, 0, 0, 0, 0]",000111010010010000,"[""10010010111000""]",1,0.000244140625,False,False,,,,6.344164381304741,0.22108980258618102,{},{}
"[0, 0, 0, 1, 1, 1, 0, 1, 0, 0, 1, 0, 1, 1, 0, 0, 1, 1]",000111010010110011,"[""110011010010111000""]",1,0.000244140625,False,False,,,,8.124877451484192,0.2853036502464945,{},{}
"[0, 0, 0, 1, 1, 1, 0, 1, 0, 1, 0, 1, 0, 0, 0, 0, 0, 1]",000111010101000001,"[""100000101010111000""]",1,0.000244140625,False,False,,,,7.5482258167072604,0.26450916019150494,{},{}
"[0, 0, 0, 1, 1, 1, 0, 1, 0, 1, 1, 0, 1, 1, 0, 0, 1, 1]",000111010110110011,"[""110011011010111000""]",1,0.000244140625,False,False,,,,9.341513681779816,0.32917646437839077,{},{}
"[0, 0, 0, 1, 1, 1, 0, 1, 0, 1, 1, 0, 1, 1, 0, 1, 1, 0]",000111010110110110,"[""11011011010111000""]",1,0.000244140625,False,False,,,,9.310968997823048,0.3280750001867259,{},{}
"[0, 0, 0, 1, 1, 1, 0, 1, 0, 1, 1, 1, 0, 0, 0, 1, 0, 1]",000111010111000101,"[""101000111010111000""]",1,0.000244140625,False,False,,,,12.023655857676665,0.4258965210627535,{},{}
"[0, 0, 0, 1, 1, 1, 0, 1, 0, 1, 1, 1, 0, 1, 1, 0, 0, 0]",000111010111011000,"[""110111010111000""]",1,0.000244140625,False,False,,,,11.958089410331436,0.42353214584028703,{},{}
"[0, 0, 0, 1, 1, 1, 0, 1, 0, 1, 1, 1, 0, 1, 1, 1, 0, 0]",000111010111011100,"[""1110111010111000""]",1,0.000244140625,False,False,,,,11.20898070354862,0.39651872454074066,{},{}
"[0, 0, 0, 1, 1, 1, 0, 1, 1, 0, 1, 1, 1, 0, 1, 0, 1, 0]",000111011011101010,"[""10101110110111000""]",1,0.000244140625,False,False,,,,9.275864467378042,0.3268091045138451,{},{}
"[0, 0, 0, 1, 1, 1, 0, 1, 1, 1, 0, 0, 0, 1, 1, 0, 1, 0]",000111011100011010,"[""10110001110111000""]",1,0.000244140625,False,False,,,,8.042136431225018,0.2823199470552521,{},{}
"[0, 0, 0, 1, 1, 1, 1, 0, 0, 0, 0, 0, 1, 1, 1, 1, 1, 1]",000111100000111111,"[""111111000001111000""]",1,0.000244140625,False,False,,,,15.319477935630623,0.5447463348667853,{},{}
"[0, 0, 0, 1, 1, 1, 1, 0, 0, 0, 1, 0, 0, 0, 0, 1, 1, 0]",000111100010000110,"[""11000010001111000""]",1,0.000244140625,False,False,,,,7.533786679638974,0.2639884740890797,{},{}
"[0, 0, 0, 1, 1, 1, 1, 0, 0, 0, 1, 0, 0, 1, 1, 1, 0, 1]",000111100010011101,"[""101110010001111000""]",1,0.000244140625,False,False,,,,8.002223229922459,0.28088064710794525,{},{}
"[0, 0, 0, 1, 1, 1, 1, 0, 0, 0, 1, 0, 1, 0, 0, 0, 1, 0]",000111100010100010,"[""10001010001111000""]",1,0.000244140625,False,False,,,,5.5074291330599054,0.19091650253992828,{},{}
"[0, 0, 0, 1, 1, 1, 1, 0, 0, 0, 1, 0, 1, 0, 0, 1, 0, 0]",000111100010100100,"[""1001010001111000""]",1,0.000244140625,False,False,,,,5.534548202317967,0.19189443649862672,{},{}
"[0, 0, 0, 1, 1, 1, 1, 0, 0, 1, 1, 0, 0, 1, 1, 0, 0, 1]",000111100110011001,"[""100110011001111000""]",1,0.000244140625,False,False,,,,7.977306836265728,0.27998214328197146,{},{}
"[0, 0, 0, 1, 1, 1, 1, 0, 0, 1, 1, 1, 0, 1, 0, 1, 1, 1]",000111100111010111,"[""111010111001111000""]",1,0.000244140625,False,False,,,,14.57918721182395,0.5180508966409769,{},{}
"[0, 0, 0, 1, 1, 1, 1, 0, 1, 0, 0, 1, 0, 1, 1, 1, 1, 1]",000111101001011111,"[""111110100101111000""]",1,0.000244140625,False,False,,,,12.609758338711103,0.44703181571563344,{},{}
"[0, 0, 0, 1, 1, 1, 1, 0, 1, 0, 1, 0, 0, 1, 0, 1, 0, 0]",000111101010010100,"[""1010010101111000""]",1,0.000244140625,False,False,,,,6.782178953718747,0.23688493628683718,{},{}
"[0, 0, 0, 1, 1, 1, 1, 0, 1, 1, 0, 0, 0, 0, 1, 1, 1, 0]",000111101100001110,"[""11100001101111000""]",1,0.000244140625,False,False,,,,8.057343535992285,0.2828683266483672,{},{}
"[0, 0, 0, 1, 1, 1, 1, 0, 1, 1, 0, 1, 0, 1, 0, 0, 1, 1]",000111101101010011,"[""110010101101111000""]",1,0.000244140625,False,False,,,,9.366908941586344,0.3300922364765571,{},{}
"[0, 0, 0, 1, 1, 1, 1, 1, 0, 0, 0, 0, 1, 0, 0, 0, 1, 0]",000111110000100010,"[""10001000011111000""]",1,0.000244140625,False,False,,,,7.526992422002564,0.2637434680675395,{},{}
"[0, 0, 0, 1, 1, 1, 1, 1, 0, 0, 0, 1, 1, 0, 1, 0, 1, 1]",000111110001101011,"[""110101100011111000""]",1,0.000244140625,False,False,,,,9.263502524057085,0.3263633235744614,{},{}
"[0, 0, 0, 1, 1, 1, 1, 1, 0, 0, 1, 1, 0, 0, 0, 0, 0, 1]",000111110011000001,"[""100000110011111000""]",1,0.000244140625,False,False,,,,8.776230692350715,0.3087919361935615,{},{}
"[0, 0, 0, 1, 1, 1, 1, 1, 0, 1, 0, 0, 1, 0, 0, 0, 0, 1]",000111110100100001,"[""100001001011111000""]",1,0.000244140625,False,False,,,,6.830851200658132,0.2386400939832626,{},{}
"[0, 0, 0, 1, 1, 1, 1, 1, 0, 1, 0, 1, 1, 1, 1, 0, 1, 1]",000111110101111011,"[""110111101011111000""]",1,0.000244140625,False,False,,,,13.805108982404791,0.4901370556446406,{},{}
"[0, 0, 0, 1, 1, 1, 1, 1, 1, 0, 1, 0, 0, 1, 0, 0, 0, 0]",000111111010010000,"[""10010111111000""]",1,0.000244140625,False,False,,,,10.829958140628385,0.3828508869071746,{},{}
"[0, 0, 0, 1, 1, 1, 1, 1, 1, 0, 1, 0, 1, 1, 1, 0, 1, 0]",000111111010111010,"[""10111010111111000""]",1,0.000244140625,False,False,,,,14.571289931115967,0.5177661147809426,{},{}
"[0, 0, 0, 1, 1, 1, 1, 1, 1, 1, 0, 0, 1, 0, 1, 0, 1, 0]",000111111100101010,"[""10101001111111000""]",1,0.000244140625,False,False,,,,11.284026375116726,0.3992249276917933,{},{}
"[0, 0, 0, 1, 1, 1, 1, 1, 1, 1, 0, 1, 0, 1, 1, 1, 0, 0]",000111111101011100,"[""1110101111111000""]",1,0.000244140625,False,False,,,,12.52988493368281,0.44415152087841947,{},{}
"[0, 0, 1, 0, 0, 0, 0, 0, 0, 0, 0, 1, 0, 0, 0, 1, 1, 1]",001000000001000111,"[""111000100000000100""]",1,0.000244140625,False,False,,,,7.092902827790555,0.24808987202196872,{},{}
"[0, 0, 1, 0, 0, 0, 0, 0, 0, 0, 0, 1, 0, 1, 0, 1, 0, 1]",001000000001010101,"[""101010100000000100""]",1,0.000244140625,False,False,,,,3.0722194402043894,0.10310101622905152,{},{}
"[0, 0, 1, 0, 0, 0, 0, 0, 0, 0, 1, 0, 1, 1, 0, 0, 1, 0]",001000000010110010,"[""10011010000000100""]",1,0.000244140625,False,False,,,,3.005788668809581,0.1007054728336894,{},{}
"[0, 0, 1, 0, 0, 0, 0, 0, 0, 0, 1, 1, 1, 1, 0, 0, 1, 0]",001000000011110010,"[""10011110000000100""]",1,0.000244140625,False,False,,,,4.235942647387121,0.14506574709794595,{},{}
"[0, 0, 1, 0, 0, 0, 0, 0, 0, 1, 0, 0, 1, 0, 0, 0, 1, 1]",001000000100100011,"[""110001001000000100""]",1,0.000244140625,False,False,,,,3.0075648163178563,0.10076952204376632,{},{}
"[0, 0, 1, 0, 0, 0, 0, 0, 0, 1, 0, 1, 0, 0, 1, 1, 1, 1]",001000000101001111,"[""111100101000000100""]",1,0.000244140625,False,False,,,,7.543056571029325,0.26432275331886473,{},{}
"[0, 0, 1, 0, 0, 0, 0, 0, 0, 1, 1, 0, 0, 1, 0, 0, 1, 0]",001000000110010010,"[""10010011000000100""]",1,0.000244140625,False,False,,,,2.996449999544746,0.10036871342221289,{},{}
"[0, 0, 1, 0, 0, 0, 0, 0, 0, 1, 1, 0, 0, 1, 1, 0, 0, 1]",001000000110011001,"[""100110011000000100""]",1,0.000244140625,False,False,,,,4.240456690857615,0.1452285268880202,{},{}
"[0, 0, 1, 0, 0, 0, 0, 0, 0, 1, 1, 1, 0, 0, 0, 0, 0, 0]",001000000111000000,"[""111000000100""]",1,0.000244140625,False,False,,,,7.821368305547877,0.2743588830141732,{},{}
"[0, 0, 1, 0, 0, 0, 0, 0, 1, 0, 0, 1, 0, 1, 0, 0, 1, 1]",001000001001010011,"[""110010100100000100""]",1,0.000244140625,False,False,,,,2.3882519406355995,0.07843663567419336,{},{}
"[0, 0, 1, 0, 0, 0, 0, 0, 1, 0, 1, 0, 0, 0, 0, 1, 1, 1]",001000001010000111,"[""111000010100000100""]",1,0.000244140625,False,False,,,,6.314169508271374,0.22000816498840622,{},{}
"[0, 0, 1, 0, 0, 0, 0, 0, 1, 0, 1, 0, 0, 1, 0, 0, 0, 1]",001000001010010001,"[""100010010100000100""]",1,0.000244140625,False,False,,,,1.1374145744718953,0.03333050295480495,{},{}
"[0, 0, 1, 0, 0, 0, 0, 0, 1, 0, 1, 0, 0, 1, 0, 1, 0, 1]",001000001010010101,"[""101010010100000100""]",1,0.000244140625,False,False,,,,2.2934861206852086,0.07501930919548903,{},{}
"[0, 0, 1, 0, 0, 0, 0, 0, 1, 0, 1, 0, 1, 1, 1, 1, 1, 0]",001000001010111110,"[""11111010100000100""]",1,0.000244140625,False,False,,,,6.690299569476165,0.23357169684266216,{},{}
"[0, 0, 1, 0, 0, 0, 0, 0, 1, 1, 0, 0, 0, 0, 0, 0, 1, 1]",001000001100000011,"[""110000001100000100""]",1,0.000244140625,False,False,,,,3.1025558337248484,0.1041949693115039,{},{}
"[0, 0, 1, 0, 0, 0, 0, 0, 1, 1, 0, 0, 1, 0, 0, 0, 0, 1]",001000001100100001,"[""100001001100000100""]",1,0.000244140625,False,False,,,,1.099066046515796,0.031947626300835044,{},{}
"[0, 0, 1, 0, 0, 0, 0, 0, 1, 1, 0, 0, 1, 0, 0, 1, 0, 1]",001000001100100101,"[""101001001100000100""]",1,0.000244140625,False,False,,,,2.3351743149837607,0.07652261672029481,{},{}
"[0, 0, 1, 0, 0, 0, 0, 0, 1, 1, 0, 1, 0, 1, 1, 0, 0, 0]",001000001101011000,"[""110101100000100""]",1,0.000244140625,False,False,,,,4.316245662293981,0.1479615339893025,{},{}
"[0, 0, 1, 0, 0, 0, 0, 0, 1, 1, 0, 1, 1, 0, 1, 0, 1, 1]",001000001101101011,"[""110101101100000100""]",1,0.000244140625,False,False,,,,4.777848345043337,0.164607272624035,{},{}
"[0, 0, 1, 0, 0, 0, 0, 0, 1, 1, 1, 0, 0, 0, 1, 0, 1, 0]",001000001110001010,"[""10100011100000100""]",1,0.000244140625,False,False,,,,2.252543617557577,0.0735428918530787,{},{}
"[0, 0, 1, 0, 0, 0, 0, 1, 0, 0, 0, 1, 0, 0, 0, 1, 1, 1]",001000010001000111,"[""111000100010000100""]",1,0.000244140625,False,False,,,,6.303217839505939,0.21961323960626197,{},{}
"[0, 0, 1, 0, 0, 0, 0, 1, 0, 0, 1, 0, 0, 1, 1, 0, 0, 0]",001000010010011000,"[""110010010000100""]",1,0.000244140625,False,False,,,,3.1519620235360266,0.10597659353785487,{},{}
"[0, 0, 1, 0, 0, 0, 0, 1, 0, 0, 1, 0, 1, 1, 1, 1, 1, 0]",001000010010111110,"[""11111010010000100""]",1,0.000244140625,False,False,,,,6.740922408683071,0.23539719435790038,{},{}
"[0, 0, 1, 0, 0, 0, 0, 1, 0, 1, 0, 1, 1, 0, 1, 1, 0, 0]",001000010101101100,"[""1101101010000100""]",1,0.000244140625,False,False,,,,3.533009457207503,0.11971744952801602,{},{}
"[0, 0, 1, 0, 0, 0, 0, 1, 0, 1, 1, 0, 0, 0, 1, 0, 0, 1]",001000010110001001,"[""100100011010000100""]",1,0.000244140625,False,False,,,,2.2762953967927135,0.07439939881032408,{},{}
"[0, 0, 1, 0, 0, 0, 0, 1, 0, 1, 1, 0, 0, 1, 1, 1, 0, 1]",001000010110011101,"[""101110011010000100""]",1,0.000244140625,False,False,,,,4.708715882008516,0.16211430420366343,{},{}
"[0, 0, 1, 0, 0, 0, 0, 1, 1, 0, 0, 1, 0, 1, 0, 1, 1, 1]",001000011001010111,"[""111010100110000100""]",1,0.000244140625,False,False,,,,6.801418314435351,0.23757872205099362,{},{}
"[0, 0, 1, 0, 0, 0, 0, 1, 1, 0, 1, 1, 0, 0, 1, 0, 1, 0]",001000011011001010,"[""10100110110000100""]",1,0.000244140625,False,False,,,,3.658904675064629,0.12425732542156737,{},{}
"[0, 0, 1, 0, 0, 0, 0, 1, 1, 0, 1, 1, 1, 1, 0, 1, 0, 1]",001000011011110101,"[""101011110110000100""]",1,0.000244140625,False,False,,,,5.962688262720269,0.20733348789682884,{},{}
"[0, 0, 1, 0, 0, 0, 0, 1, 1, 1, 0, 0, 0, 0, 1, 1, 0, 1]",001000011100001101,"[""101100001110000100""]",1,0.000244140625,False,False,,,,3.5686884196855875,0.12100405965045136,{},{}
"[0, 0, 1, 0, 0, 0, 0, 1, 1, 1, 0, 1, 0, 0, 0, 1, 1, 0]",001000011101000110,"[""11000101110000100""]",1,0.000244140625,False,False,,,,5.474412985107311,0.1897259155046208,{},{}
"[0, 0, 1, 0, 0, 0, 0, 1, 1, 1, 0, 1, 0, 1, 0, 0, 0, 1]",001000011101010001,"[""100010101110000100""]",1,0.000244140625,False,False,,,,3.543180504344785,0.1200842251093024,{},{}
"[0, 0, 1, 0, 0, 0, 0, 1, 1, 1, 1, 1, 1, 1, 0, 1, 1, 0]",001000011111110110,"[""11011111110000100""]",1,0.000244140625,False,False,,,,9.157952164959545,0.3225570985328842,{},{}
"[0, 0, 1, 0, 0, 0, 1, 0, 0, 0, 0, 0, 0, 0, 1, 1, 0, 0]",001000100000001100,"[""1100000001000100""]",1,0.000244140625,False,False,,,,1.8929588339864365,0.06057599510823868,{},{}
"[0, 0, 1, 0, 0, 0, 1, 0, 0, 0, 0, 0, 1, 1, 0, 0, 0, 1]",001000100000110001,"[""100011000001000100""]",1,0.000244140625,False,False,,,,3.022818326556567,0.1013195750529549,{},{}
"[0, 0, 1, 0, 0, 0, 1, 0, 0, 0, 0, 1, 0, 1, 0, 0, 0, 0]",001000100001010000,"[""10100001000100""]",1,0.000244140625,False,False,,,,1.8468456373905444,0.058913118684784174,{},{}
"[0, 0, 1, 0, 0, 0, 1, 0, 0, 0, 0, 1, 1, 0, 0, 1, 1, 0]",001000100001100110,"[""11001100001000100""]",1,0.000244140625,False,False,,,,2.2684633324900254,0.07411696870273357,{},{}
"[0, 0, 1, 0, 0, 0, 1, 0, 0, 0, 1, 0, 1, 1, 0, 1, 0, 0]",001000100010110100,"[""1011010001000100""]",1,0.000244140625,False,False,,,,2.1921022721066055,0.07136333164533455,{},{}
"[0, 0, 1, 0, 0, 0, 1, 0, 0, 1, 0, 0, 0, 0, 1, 1, 1, 0]",001000100100001110,"[""11100001001000100""]",1,0.000244140625,False,False,,,,2.2684633324900254,0.07411696870273357,{},{}
"[0, 0, 1, 0, 0, 0, 1, 0, 0, 1, 1, 0, 0, 0, 0, 1, 0, 1]",001000100110000101,"[""101000011001000100""]",1,0.000244140625,False,False,,,,4.236354942714414,0.1450806147763952,{},{}
"[0, 0, 1, 0, 0, 0, 1, 0, 0, 1, 1, 0, 1, 0, 0, 1, 0, 0]",001000100110100100,"[""1001011001000100""]",1,0.000244140625,False,False,,,,2.2541620662972597,0.07360125432739108,{},{}
"[0, 0, 1, 0, 0, 0, 1, 0, 0, 1, 1, 0, 1, 0, 0, 1, 1, 0]",001000100110100110,"[""11001011001000100""]",1,0.000244140625,False,False,,,,3.4522040655083845,0.11680354655308238,{},{}
"[0, 0, 1, 0, 0, 0, 1, 0, 1, 0, 0, 1, 0, 0, 1, 0, 0, 0]",001000101001001000,"[""100100101000100""]",1,0.000244140625,False,False,,,,3.1884636572910208,0.10729286980299149,{},{}
"[0, 0, 1, 0, 0, 0, 1, 0, 1, 0, 1, 0, 0, 1, 1, 1, 0, 1]",001000101010011101,"[""101110010101000100""]",1,0.000244140625,False,False,,,,4.73435339307738,0.16303881206387683,{},{}
"[0, 0, 1, 0, 0, 0, 1, 0, 1, 1, 0, 0, 1, 0, 0, 0, 0, 0]",001000101100100000,"[""1001101000100""]",1,0.000244140625,False,False,,,,3.085496275462857,0.10357978885726184,{},{}
"[0, 0, 1, 0, 0, 0, 1, 0, 1, 1, 0, 1, 1, 0, 1, 1, 0, 0]",001000101101101100,"[""1101101101000100""]",1,0.000244140625,False,False,,,,4.861847588912279,0.16763634830147595,{},{}
"[0, 0, 1, 0, 0, 0, 1, 0, 1, 1, 0, 1, 1, 0, 1, 1, 1, 0]",001000101101101110,"[""11101101101000100""]",1,0.000244140625,False,False,,,,6.037952042727579,0.21004755620163537,{},{}
"[0, 0, 1, 0, 0, 0, 1, 0, 1, 1, 1, 0, 0, 1, 1, 1, 1, 1]",001000101110011111,"[""111110011101000100""]",1,0.000244140625,False,False,,,,9.18532304774261,0.32354411307598685,{},{}
"[0, 0, 1, 0, 0, 0, 1, 0, 1, 1, 1, 0, 1, 1, 0, 0, 0, 0]",001000101110110000,"[""11011101000100""]",1,0.000244140625,False,False,,,,5.418275953316952,0.18770157207284882,{},{}
"[0, 0, 1, 0, 0, 0, 1, 0, 1, 1, 1, 0, 1, 1, 0, 1, 0, 1]",001000101110110101,"[""101011011101000100""]",1,0.000244140625,False,False,,,,5.9588128976887385,0.20719373932984736,{},{}
"[0, 0, 1, 0, 0, 0, 1, 0, 1, 1, 1, 1, 0, 1, 0, 0, 0, 0]",001000101111010000,"[""10111101000100""]",1,0.000244140625,False,False,,,,7.439691217941368,0.26059532123129336,{},{}
"[0, 0, 1, 0, 0, 0, 1, 0, 1, 1, 1, 1, 1, 1, 1, 1, 0, 0]",001000101111111100,"[""1111111101000100""]",1,0.000244140625,False,False,,,,11.21042229945137,0.3965707095692313,{},{}
"[0, 0, 1, 0, 0, 0, 1, 1, 0, 0, 0, 0, 0, 1, 0, 1, 1, 1]",001000110000010111,"[""111010000011000100""]",1,0.000244140625,False,False,,,,7.489929995440179,0.262406969193547,{},{}
"[0, 0, 1, 0, 0, 0, 1, 1, 0, 0, 0, 0, 1, 1, 1, 0, 0, 0]",001000110000111000,"[""111000011000100""]",1,0.000244140625,False,False,,,,8.277589558753725,0.29081056326707627,{},{}
"[0, 0, 1, 0, 0, 0, 1, 1, 0, 0, 0, 1, 1, 0, 0, 1, 1, 1]",001000110001100111,"[""111001100011000100""]",1,0.000244140625,False,False,,,,6.709728295703013,0.23427231126901613,{},{}
"[0, 0, 1, 0, 0, 0, 1, 1, 0, 0, 1, 0, 0, 1, 1, 1, 1, 1]",001000110010011111,"[""111110010011000100""]",1,0.000244140625,False,False,,,,7.981234403133383,0.28012377428628027,{},{}
"[0, 0, 1, 0, 0, 0, 1, 1, 0, 1, 0, 0, 0, 1, 1, 1, 1, 0]",001000110100011110,"[""11110001011000100""]",1,0.000244140625,False,False,,,,4.71655007500291,0.16239681107347195,{},{}
"[0, 0, 1, 0, 0, 0, 1, 1, 0, 1, 1, 0, 1, 0, 0, 0, 0, 0]",001000110110100000,"[""1011011000100""]",1,0.000244140625,False,False,,,,4.209480947805134,0.14411151838235647,{},{}
"[0, 0, 1, 0, 0, 0, 1, 1, 0, 1, 1, 1, 1, 0, 0, 0, 0, 1]",001000110111100001,"[""100001111011000100""]",1,0.000244140625,False,False,,,,6.672026030802616,0.232912739345102,{},{}
"[0, 0, 1, 0, 0, 0, 1, 1, 1, 0, 0, 1, 0, 0, 0, 0, 1, 0]",001000111001000010,"[""10000100111000100""]",1,0.000244140625,False,False,,,,6.321757171677842,0.220281781816541,{},{}
"[0, 0, 1, 0, 0, 0, 1, 1, 1, 1, 0, 0, 1, 1, 1, 1, 0, 0]",001000111100111100,"[""1111001111000100""]",1,0.000244140625,False,False,,,,10.00247372350744,0.35301117876321586,{},{}
"[0, 0, 1, 0, 0, 0, 1, 1, 1, 1, 0, 1, 0, 1, 0, 0, 1, 0]",001000111101010010,"[""10010101111000100""]",1,0.000244140625,False,False,,,,6.717469433113969,0.2345514624847561,{},{}
"[0, 0, 1, 0, 0, 0, 1, 1, 1, 1, 0, 1, 0, 1, 1, 0, 0, 1]",001000111101011001,"[""100110101111000100""]",1,0.000244140625,False,False,,,,8.035756333558952,0.28208987595258683,{},{}
"[0, 0, 1, 0, 0, 0, 1, 1, 1, 1, 1, 0, 0, 0, 0, 1, 0, 1]",001000111110000101,"[""101000011111000100""]",1,0.000244140625,False,False,,,,8.746615105004558,0.30772397592187933,{},{}
"[0, 0, 1, 0, 0, 0, 1, 1, 1, 1, 1, 1, 0, 1, 1, 0, 1, 0]",001000111111011010,"[""10110111111000100""]",1,0.000244140625,False,False,,,,11.249702575441997,0.39798718575551717,{},{}
"[0, 0, 1, 0, 0, 1, 0, 0, 0, 0, 0, 0, 1, 0, 0, 1, 0, 0]",001001000000100100,"[""1001000000100100""]",1,0.000244140625,False,False,,,,1.8729139972229139,0.0598531632742594,{},{}
"[0, 0, 1, 0, 0, 1, 0, 0, 0, 0, 0, 1, 0, 1, 0, 0, 1, 1]",001001000001010011,"[""110010100000100100""]",1,0.000244140625,False,False,,,,2.42560661769494,0.0797836733200994,{},{}
"[0, 0, 1, 0, 0, 1, 0, 0, 0, 0, 1, 0, 1, 0, 0, 1, 0, 0]",001001000010100100,"[""1001010000100100""]",1,0.000244140625,False,False,,,,1.0189963941872138,0.029060254638917777,{},{}
"[0, 0, 1, 0, 0, 1, 0, 0, 0, 0, 1, 0, 1, 1, 0, 0, 1, 1]",001001000010110011,"[""110011010000100100""]",1,0.000244140625,False,False,,,,3.53236031211493,0.11969404086955107,{},{}
"[0, 0, 1, 0, 0, 1, 0, 0, 0, 0, 1, 1, 1, 0, 0, 0, 1, 1]",001001000011100011,"[""110001110000100100""]",1,0.000244140625,False,False,,,,3.5380844317218534,0.11990045691185673,{},{}
"[0, 0, 1, 0, 0, 1, 0, 0, 0, 1, 0, 0, 1, 0, 0, 0, 0, 1]",001001000100100001,"[""100001001000100100""]",1,0.000244140625,False,False,,,,1.1177433850454663,0.03262114512378809,{},{}
"[0, 0, 1, 0, 0, 1, 0, 0, 0, 1, 0, 1, 0, 0, 0, 1, 0, 0]",001001000101000100,"[""1000101000100100""]",1,0.000244140625,False,False,,,,3.095170459457956,0.10392864718132443,{},{}
"[0, 0, 1, 0, 0, 1, 0, 0, 1, 0, 0, 0, 1, 0, 1, 0, 1, 1]",001001001000101011,"[""110101000100100100""]",1,0.000244140625,False,False,,,,3.6865540738130127,0.125254383459081,{},{}
"[0, 0, 1, 0, 0, 1, 0, 0, 1, 0, 0, 1, 0, 1, 0, 0, 0, 1]",001001001001010001,"[""100010100100100100""]",1,0.000244140625,True,False,"[2, 2, 2, 2, 1, 2]",0.5066995258757571,1.101922738244109,0.506699525875757,0.010586445685916473,"{""degradation"": 0.380066442837772, ""nominal"": 0.5535660819107052, ""surge"": 0.5864660528787939}","{""degradation"": 0.8167993273555527, ""nominal"": 0.7324578326964784, ""surge"": 1.101922738244109}"
"[0, 0, 1, 0, 0, 1, 0, 0, 1, 0, 0, 1, 1, 0, 0, 0, 1, 0]",001001001001100010,"[""10001100100100100""]",1,0.000244140625,True,True,"[2, 2, 2, 2, 0, 1]",0.3514376074798826,0.5828109203060639,0.35143760747988273,0.004987584565457591,"{""degradation"": 0.3055619069572086, ""nominal"": 0.34560702284057754, ""surge"": 0.40314389264186173}","{""degradation"": 0.4614996125654668, ""nominal"": 0.31097051445747254, ""surge"": 0.5828109203060639}"
"[0, 0, 1, 0, 0, 1, 0, 0, 1, 0, 0, 1, 1, 0, 0, 1, 0, 0]",001001001001100100,"[""1001100100100100""]",1,0.000244140625,True,False,"[2, 2, 2, 2, 0, 0]",0.3635255446627256,0.6038561728835319,0.3635255446627263,0.005423484638178646,"{""degradation"": 0.31966417157138427, ""nominal"": 0.3603365271361062, ""surge"": 0.4105759352806863}","{""degradation"": 0.5287509622462864, ""nominal"": 0.3408239831751721, ""surge"": 0.6038561728835319}"
"[0, 0, 1, 0, 0, 1, 0, 0, 1, 0, 1, 1, 1, 0, 1, 1, 1, 1]",001001001011101111,"[""111101110100100100""]",1,0.000244140625,False,False,,,,7.34688033867597,0.2572484913785943,{},{}
"[0, 0, 1, 0, 0, 1, 0, 0, 1, 1, 0, 0, 0, 1, 0, 1, 0, 1]",001001001100010101,"[""101010001100100100""]",1,0.000244140625,False,False,,,,1.6368218254877682,0.05133950264949326,{},{}
"[0, 0, 1, 0, 0, 1, 0, 0, 1, 1, 0, 0, 0, 1, 1, 0, 1, 1]",001001001100011011,"[""110110001100100100""]",1,0.000244140625,False,False,,,,2.8876052344654646,0.09644368963232222,{},{}
"[0, 0, 1, 0, 0, 1, 0, 0, 1, 1, 0, 0, 1, 0, 0, 0, 1, 0]",001001001100100010,"[""10001001100100100""]",1,0.000244140625,True,False,"[2, 2, 2, 0, 0, 1]",0.29245714258625227,0.3847431254865989,0.29245714258625277,0.0028607048052992894,"{""degradation"": 0.28946646356792194, ""nominal"": 0.2611438076603193, ""surge"": 0.32676115653051563}","{""degradation"": 0.3847431254865989, ""nominal"": 0.13978213624805733, ""surge"": 0.3665185694489923}"
"[0, 0, 1, 0, 0, 1, 0, 0, 1, 1, 0, 1, 0, 1, 1, 1, 0, 0]",001001001101011100,"[""1110101100100100""]",1,0.000244140625,False,False,,,,2.8072655097115575,0.09354657895637317,{},{}
"[0, 0, 1, 0, 0, 1, 0, 0, 1, 1, 1, 0, 0, 1, 0, 0, 1, 0]",001001001110010010,"[""10010011100100100""]",1,0.000244140625,False,False,,,,1.5216309465755824,0.047185633239426365,{},{}
"[0, 0, 1, 0, 0, 1, 0, 0, 1, 1, 1, 0, 1, 1, 1, 0, 0, 0]",001001001110111000,"[""111011100100100""]",1,0.000244140625,False,False,,,,6.7058612000747555,0.2341328609029132,{},{}
"[0, 0, 1, 0, 0, 1, 0, 0, 1, 1, 1, 1, 0, 1, 1, 1, 0, 0]",001001001111011100,"[""1110111100100100""]",1,0.000244140625,False,False,,,,5.992521637679015,0.20840930175301675,{},{}
"[0, 0, 1, 0, 0, 1, 0, 0, 1, 1, 1, 1, 1, 0, 1, 0, 0, 1]",001001001111101001,"[""100101111100100100""]",1,0.000244140625,False,False,,,,6.089449574593451,0.21190459578959325,{},{}
"[0, 0, 1, 0, 0, 1, 0, 1, 0, 0, 0, 1, 1, 1, 1, 1, 0, 1]",001001010001111101,"[""101111100010100100""]",1,0.000244140625,False,False,,,,6.056325894760795,0.2107101310741134,{},{}
"[0, 0, 1, 0, 0, 1, 0, 1, 0, 0, 1, 0, 1, 0, 0, 1, 0, 1]",001001010010100101,"[""101001010010100100""]",1,0.000244140625,False,False,,,,1.5177345259115507,0.04704512539055916,{},{}
"[0, 0, 1, 0, 0, 1, 0, 1, 0, 0, 1, 0, 1, 0, 1, 0, 1, 0]",001001010010101010,"[""10101010010100100""]",1,0.000244140625,False,False,,,,1.524712901367839,0.04729677083865003,{},{}
"[0, 0, 1, 0, 0, 1, 0, 1, 0, 1, 0, 0, 0, 1, 1, 1, 1, 1]",001001010100011111,"[""111110001010100100""]",1,0.000244140625,False,False,,,,6.0515958162745935,0.21053956089949022,{},{}
"[0, 0, 1, 0, 0, 1, 0, 1, 0, 1, 0, 0, 1, 1, 0, 0, 1, 1]",001001010100110011,"[""110011001010100100""]",1,0.000244140625,False,False,,,,2.7512732506384854,0.09152745613726973,{},{}
"[0, 0, 1, 0, 0, 1, 0, 1, 0, 1, 0, 1, 0, 0, 0, 1, 0, 1]",001001010101000101,"[""101000101010100100""]",1,0.000244140625,False,False,,,,3.566526690302081,0.12092610606902382,{},{}
"[0, 0, 1, 0, 0, 1, 0, 1, 0, 1, 1, 0, 0, 0, 1, 1, 1, 0]",001001010110001110,"[""11100011010100100""]",1,0.000244140625,False,False,,,,2.7222439616308156,0.09048063822300696,{},{}
"[0, 0, 1, 0, 0, 1, 0, 1, 0, 1, 1, 0, 1, 0, 1, 0, 0, 1]",001001010110101001,"[""100101011010100100""]",1,0.000244140625,False,False,,,,2.7337519330195335,0.09089562429460349,{},{}
"[0, 0, 1, 0, 0, 1, 0, 1, 0, 1, 1, 0, 1, 1, 0, 1, 0, 1]",001001010110110101,"[""101011011010100100""]",1,0.000244140625,False,False,,,,3.958800615177788,0.1350717977444061,{},{}
"[0, 0, 1, 0, 0, 1, 0, 1, 0, 1, 1, 1, 0, 1, 0, 0, 0, 0]",001001010111010000,"[""10111010100100""]",1,0.000244140625,False,False,,,,5.493249691594501,0.1904051812555419,{},{}
"[0, 0, 1, 0, 0, 1, 0, 1, 0, 1, 1, 1, 0, 1, 0, 0, 0, 1]",001001010111010001,"[""100010111010100100""]",1,0.000244140625,False,False,,,,4.780231658681117,0.16469321669971235,{},{}
"[0, 0, 1, 0, 0, 1, 0, 1, 1, 0, 0, 1, 0, 1, 0, 1, 0, 1]",001001011001010101,"[""101010100110100100""]",1,0.000244140625,False,False,,,,2.9032638209824677,0.09700834999564362,{},{}
"[0, 0, 1, 0, 0, 1, 0, 1, 1, 0, 0, 1, 1, 0, 0, 0, 0, 1]",001001011001100001,"[""100001100110100100""]",1,0.000244140625,False,False,,,,1.6704107582665606,0.05255074473484086,{},{}
"[0, 0, 1, 0, 0, 1, 0, 1, 1, 1, 0, 0, 0, 0, 1, 0, 0, 1]",001001011100001001,"[""100100001110100100""]",1,0.000244140625,False,False,,,,1.696985613138728,0.05350905391498538,{},{}
"[0, 0, 1, 0, 0, 1, 0, 1, 1, 1, 0, 1, 0, 1, 1, 1, 1, 0]",001001011101011110,"[""11110101110100100""]",1,0.000244140625,False,False,,,,5.288977191381287,0.18303896182943255,{},{}
"[0, 0, 1, 0, 0, 1, 0, 1, 1, 1, 1, 0, 1, 0, 0, 0, 1, 0]",001001011110100010,"[""10001011110100100""]",1,0.000244140625,False,False,,,,2.734808098140147,0.09093371040027372,{},{}
"[0, 0, 1, 0, 0, 1, 0, 1, 1, 1, 1, 1, 0, 1, 0, 0, 0, 0]",001001011111010000,"[""10111110100100""]",1,0.000244140625,False,False,,,,6.781002691790111,0.236842519400277,{},{}
"[0, 0, 1, 0, 0, 1, 1, 0, 0, 0, 0, 0, 0, 0, 0, 0, 1, 1]",001001100000000011,"[""110000000001100100""]",1,0.000244140625,False,False,,,,3.145269351174848,0.10573525075746083,{},{}
"[0, 0, 1, 0, 0, 1, 1, 0, 0, 0, 0, 1, 0, 0, 1, 1, 1, 1]",001001100001001111,"[""111100100001100100""]",1,0.000244140625,False,False,,,,4.850922611634454,0.16724238543437578,{},{}
"[0, 0, 1, 0, 0, 1, 1, 0, 0, 0, 0, 1, 1, 0, 1, 0, 0, 1]",001001100001101001,"[""100101100001100100""]",1,0.000244140625,False,False,,,,1.6326655785550925,0.05118962527068198,{},{}
"[0, 0, 1, 0, 0, 1, 1, 0, 0, 0, 1, 0, 0, 0, 0, 1, 1, 1]",001001100010000111,"[""111000010001100100""]",1,0.000244140625,False,False,,,,5.522721072702498,0.1914679413422173,{},{}
"[0, 0, 1, 0, 0, 1, 1, 0, 0, 0, 1, 1, 1, 0, 1, 0, 1, 0]",001001100011101010,"[""10101110001100100""]",1,0.000244140625,False,False,,,,2.7307367422787268,0.09078689425710372,{},{}
"[0, 0, 1, 0, 0, 1, 1, 0, 0, 1, 1, 0, 1, 0, 1, 0, 0, 1]",001001100110101001,"[""100101011001100100""]",1,0.000244140625,False,False,,,,2.740096525287645,0.09112441504601312,{},{}
"[0, 0, 1, 0, 0, 1, 1, 0, 0, 1, 1, 1, 0, 0, 1, 0, 1, 1]",001001100111001011,"[""110100111001100100""]",1,0.000244140625,False,False,,,,6.017718709365342,0.20931792703905946,{},{}
"[0, 0, 1, 0, 0, 1, 1, 0, 1, 0, 0, 0, 0, 0, 1, 0, 0, 1]",001001101000001001,"[""100100000101100100""]",1,0.000244140625,False,False,,,,2.508631520507043,0.08277761352892342,{},{}
"[0, 0, 1, 0, 0, 1, 1, 0, 1, 0, 0, 0, 0, 1, 0, 0, 1, 0]",001001101000010010,"[""10010000101100100""]",1,0.000244140625,False,False,,,,2.339194028593797,0.0766675706051826,{},{}
"[0, 0, 1, 0, 0, 1, 1, 0, 1, 0, 0, 1, 1, 0, 1, 1, 1, 0]",001001101001101110,"[""11101100101100100""]",1,0.000244140625,False,False,,,,4.076227391381568,0.13930629528624278,{},{}
"[0, 0, 1, 0, 0, 1, 1, 0, 1, 0, 1, 0, 0, 1, 1, 0, 1, 0]",001001101010011010,"[""10110010101100100""]",1,0.000244140625,False,False,,,,2.7873215027217935,0.09282738311959084,{},{}
"[0, 0, 1, 0, 0, 1, 1, 0, 1, 0, 1, 1, 0, 0, 1, 1, 0, 0]",001001101011001100,"[""1100110101100100""]",1,0.000244140625,False,False,,,,2.820230434970111,0.0940141038762617,{},{}
"[0, 0, 1, 0, 0, 1, 1, 0, 1, 1, 0, 0, 0, 0, 1, 1, 0, 0]",001001101100001100,"[""1100001101100100""]",1,0.000244140625,False,False,,,,1.6182604021667308,0.05067016381582279,{},{}
"[0, 0, 1, 0, 0, 1, 1, 0, 1, 1, 0, 0, 0, 1, 0, 1, 1, 1]",001001101100010111,"[""111010001101100100""]",1,0.000244140625,False,False,,,,6.0895986822029,0.21190997272172146,{},{}
"[0, 0, 1, 0, 0, 1, 1, 0, 1, 1, 0, 1, 0, 0, 0, 0, 0, 0]",001001101101000000,"[""101101100100""]",1,0.000244140625,False,False,,,,4.375266625292041,0.1500898741414532,{},{}
"[0, 0, 1, 0, 0, 1, 1, 0, 1, 1, 1, 0, 0, 0, 0, 1, 0, 0]",001001101110000100,"[""1000011101100100""]",1,0.000244140625,False,False,,,,3.5327476676311536,0.11970800919972492,{},{}
"[0, 0, 1, 0, 0, 1, 1, 0, 1, 1, 1, 0, 1, 0, 0, 0, 1, 0]",001001101110100010,"[""10001011101100100""]",1,0.000244140625,False,False,,,,2.7245506117152187,0.0905638177535029,{},{}
"[0, 0, 1, 0, 0, 1, 1, 0, 1, 1, 1, 0, 1, 1, 0, 1, 0, 1]",001001101110110101,"[""101011011101100100""]",1,0.000244140625,False,False,,,,5.309774853354687,0.18378894110459787,{},{}
"[0, 0, 1, 0, 0, 1, 1, 0, 1, 1, 1, 1, 0, 0, 1, 1, 0, 1]",001001101111001101,"[""101100111101100100""]",1,0.000244140625,False,False,,,,7.369100825754186,0.25804977879321117,{},{}
"[0, 0, 1, 0, 0, 1, 1, 0, 1, 1, 1, 1, 0, 1, 1, 1, 1, 0]",001001101111011110,"[""11110111101100100""]",1,0.000244140625,False,False,,,,8.484472225397303,0.29827090725055216,{},{}
"[0, 0, 1, 0, 0, 1, 1, 0, 1, 1, 1, 1, 1, 0, 1, 1, 0, 1]",001001101111101101,"[""101101111101100100""]",1,0.000244140625,False,False,,,,8.635094086441969,0.30370244442597166,{},{}
"[0, 0, 1, 0, 0, 1, 1, 1, 0, 0, 0, 1, 1, 1, 0, 1, 0, 0]",001001110001110100,"[""1011100011100100""]",1,0.000244140625,False,False,,,,2.7070233021028143,0.08993176983506275,{},{}
"[0, 0, 1, 0, 0, 1, 1, 1, 0, 0, 1, 1, 1, 0, 0, 0, 1, 1]",001001110011100011,"[""110001110011100100""]",1,0.000244140625,False,False,,,,3.9828917558262367,0.13594054232851072,{},{}
"[0, 0, 1, 0, 0, 1, 1, 1, 0, 1, 0, 0, 0, 0, 0, 0, 0, 1]",001001110100000001,"[""100000001011100100""]",1,0.000244140625,False,False,,,,2.3287158773630168,0.076289720620161,{},{}
"[0, 0, 1, 0, 0, 1, 1, 1, 0, 1, 0, 0, 0, 0, 1, 0, 1, 1]",001001110100001011,"[""110100001011100100""]",1,0.000244140625,False,False,,,,2.782474702088077,0.09265260385686436,{},{}
"[0, 0, 1, 0, 0, 1, 1, 1, 0, 1, 0, 0, 1, 0, 1, 0, 1, 0]",001001110100101010,"[""10101001011100100""]",1,0.000244140625,False,False,,,,2.712128965297084,0.09011588387569741,{},{}
"[0, 0, 1, 0, 0, 1, 1, 1, 0, 1, 0, 0, 1, 0, 1, 0, 1, 1]",001001110100101011,"[""110101001011100100""]",1,0.000244140625,False,False,,,,3.999110932383699,0.1365254179887605,{},{}
"[0, 0, 1, 0, 0, 1, 1, 1, 0, 1, 0, 0, 1, 1, 1, 1, 0, 1]",001001110100111101,"[""101111001011100100""]",1,0.000244140625,False,False,,,,7.293029748169539,0.25530659873282996,{},{}
"[0, 0, 1, 0, 0, 1, 1, 1, 0, 1, 0, 1, 1, 1, 1, 1, 1, 0]",001001110101111110,"[""11111101011100100""]",1,0.000244140625,False,False,,,,8.502554394386625,0.2989229638138992,{},{}
"[0, 0, 1, 0, 0, 1, 1, 1, 1, 0, 0, 1, 0, 1, 1, 0, 1, 0]",001001111001011010,"[""10110100111100100""]",1,0.000244140625,False,False,,,,6.109746523079648,0.2126365189612082,{},{}
"[0, 0, 1, 0, 0, 1, 1, 1, 1, 0, 0, 1, 1, 0, 0, 0, 1, 1]",001001111001100011,"[""110001100111100100""]",1,0.000244140625,False,False,,,,6.1004054394616976,0.21229967248634915,{},{}
"[0, 0, 1, 0, 0, 1, 1, 1, 1, 0, 1, 0, 0, 1, 0, 1, 0, 0]",001001111010010100,"[""1010010111100100""]",1,0.000244140625,False,False,,,,4.7692422150765985,0.16429692912856478,{},{}
"[0, 0, 1, 0, 0, 1, 1, 1, 1, 0, 1, 0, 0, 1, 1, 1, 0, 0]",001001111010011100,"[""1110010111100100""]",1,0.000244140625,False,False,,,,6.0274122014486435,0.20966748162725082,{},{}
"[0, 0, 1, 0, 0, 1, 1, 1, 1, 0, 1, 1, 1, 1, 1, 1, 1, 0]",001001111011111110,"[""11111110111100100""]",1,0.000244140625,False,False,,,,11.795523808736123,0.41766990843075497,{},{}
"[0, 0, 1, 0, 0, 1, 1, 1, 1, 1, 0, 0, 0, 0, 0, 0, 1, 0]",001001111100000010,"[""10000001111100100""]",1,0.000244140625,False,False,,,,5.543032510893527,0.19220038702344608,{},{}
"[0, 0, 1, 0, 0, 1, 1, 1, 1, 1, 0, 0, 1, 0, 0, 1, 0, 1]",001001111100100101,"[""101001001111100100""]",1,0.000244140625,False,False,,,,6.15563365229911,0.21429124322566853,{},{}
"[0, 0, 1, 0, 0, 1, 1, 1, 1, 1, 1, 0, 0, 0, 0, 0, 1, 1]",001001111110000011,"[""110000011111100100""]",1,0.000244140625,False,False,,,,8.08790470022965,0.2839703851312997,{},{}
"[0, 0, 1, 0, 1, 0, 0, 0, 0, 0, 0, 1, 0, 1, 0, 1, 1, 0]",001010000001010110,"[""11010100000010100""]",1,0.000244140625,False,False,,,,2.3093190423446663,0.07559025621468267,{},{}
"[0, 0, 1, 0, 1, 0, 0, 0, 0, 0, 0, 1, 0, 1, 1, 1, 0, 1]",001010000001011101,"[""101110100000010100""]",1,0.000244140625,False,False,,,,3.5794714435431363,0.12139290357084578,{},{}
"[0, 0, 1, 0, 1, 0, 0, 0, 0, 0, 0, 1, 1, 0, 1, 0, 0, 0]",001010000001101000,"[""101100000010100""]",1,0.000244140625,False,False,,,,3.123565945672122,0.10495260969192319,{},{}
"[0, 0, 1, 0, 1, 0, 0, 0, 0, 1, 0, 0, 0, 1, 0, 0, 0, 1]",001010000100010001,"[""100010001000010100""]",1,0.000244140625,False,False,,,,1.048994899329489,0.030142023213261464,{},{}
"[0, 0, 1, 0, 1, 0, 0, 0, 0, 1, 1, 0, 0, 1, 1, 1, 1, 0]",001010000110011110,"[""11110011000010100""]",1,0.000244140625,False,False,,,,4.721524493692232,0.16257619233891216,{},{}
"[0, 0, 1, 0, 1, 0, 0, 0, 0, 1, 1, 0, 1, 0, 0, 0, 0, 0]",001010000110100000,"[""1011000010100""]",1,0.000244140625,False,False,,,,2.962643606643627,0.09914962956190382,{},{}
"[0, 0, 1, 0, 1, 0, 0, 0, 0, 1, 1, 0, 1, 0, 1, 0, 0, 1]",001010000110101001,"[""100101011000010100""]",1,0.000244140625,False,False,,,,3.435968511828282,0.11621808032151824,{},{}
"[0, 0, 1, 0, 1, 0, 0, 0, 0, 1, 1, 1, 0, 0, 1, 1, 0, 0]",001010000111001100,"[""1100111000010100""]",1,0.000244140625,False,False,,,,5.499576514277433,0.1906333312223946,{},{}
"[0, 0, 1, 0, 1, 0, 0, 0, 1, 0, 0, 1, 0, 0, 1, 0, 0, 0]",001010001001001000,"[""100100100010100""]",1,0.000244140625,False,False,,,,1.2054256144621043,0.035783032019866885,{},{}
"[0, 0, 1, 0, 1, 0, 0, 0, 1, 0, 0, 1, 1, 1, 1, 1, 1, 1]",001010001001111111,"[""111111100100010100""]",1,0.000244140625,False,False,,,,9.284603275966449,0.3271242324998333,{},{}
"[0, 0, 1, 0, 1, 0, 0, 0, 1, 0, 1, 0, 1, 0, 0, 1, 0, 0]",001010001010100100,"[""1001010100010100""]",1,0.000244140625,True,False,"[2, 1, 2, 1, 0, 0]",0.23648834578392508,0.17646353077931604,0.23648834578392613,0.0008424280532600272,"{""degradation"": 0.24579129612168293, ""nominal"": 0.21951799699048594, ""surge"": 0.2441557442396064}","{""degradation"": 0.17646353077931604, ""nominal"": 0.05541576439004539, ""surge"": 0.13260551883670363}"
"[0, 0, 1, 0, 1, 0, 0, 0, 1, 0, 1, 1, 0, 1, 0, 0, 0, 1]",001010001011010001,"[""100010110100010100""]",1,0.000244140625,False,False,,,,1.6217810747911954,0.05079712190882225,{},{}
"[0, 0, 1, 0, 1, 0, 0, 0, 1, 1, 0, 0, 0, 0, 0, 1, 0, 1]",001010001100000101,"[""101000001100010100""]",1,0.000244140625,False,False,,,,2.3047538216241903,0.07542563093462516,{},{}
"[0, 0, 1, 0, 1, 0, 0, 0, 1, 1, 0, 1, 0, 1, 0, 1, 0, 1]",001010001101010101,"[""101010101100010100""]",1,0.000244140625,False,False,,,,2.7349469529184107,0.09093871760762658,{},{}
"[0, 0, 1, 0, 1, 0, 0, 0, 1, 1, 0, 1, 1, 1, 0, 1, 1, 0]",001010001101110110,"[""11011101100010100""]",1,0.000244140625,False,False,,,,3.912596768528874,0.13340565241211244,{},{}
"[0, 0, 1, 0, 1, 0, 0, 0, 1, 1, 1, 0, 1, 1, 1, 0, 0, 1]",001010001110111001,"[""100111011100010100""]",1,0.000244140625,False,False,,,,5.9413459266390225,0.20656386726519152,{},{}
"[0, 0, 1, 0, 1, 0, 0, 0, 1, 1, 1, 1, 0, 0, 0, 0, 0, 0]",001010001111000000,"[""111100010100""]",1,0.000244140625,False,False,,,,6.2691112640984885,0.21838333093983753,{},{}
"[0, 0, 1, 0, 1, 0, 0, 1, 0, 0, 0, 0, 1, 1, 1, 1, 1, 1]",001010010000111111,"[""111111000010010100""]",1,0.000244140625,False,False,,,,10.040691045087222,0.35438932401693823,{},{}
"[0, 0, 1, 0, 1, 0, 0, 1, 0, 0, 0, 1, 1, 1, 0, 0, 1, 0]",001010010001110010,"[""10011100010010100""]",1,0.000244140625,False,False,,,,1.5698401457694775,0.04892409308717181,{},{}
"[0, 0, 1, 0, 1, 0, 0, 1, 0, 0, 1, 0, 0, 0, 0, 0, 1, 0]",001010010010000010,"[""10000010010010100""]",1,0.000244140625,False,False,,,,1.1977511924481807,0.03550628661133603,{},{}
"[0, 0, 1, 0, 1, 0, 0, 1, 0, 0, 1, 0, 1, 1, 1, 1, 0, 1]",001010010010111101,"[""101111010010010100""]",1,0.000244140625,False,False,,,,6.002771471893724,0.208778918455353,{},{}
"[0, 0, 1, 0, 1, 0, 0, 1, 0, 0, 1, 1, 0, 1, 0, 0, 1, 0]",001010010011010010,"[""10010110010010100""]",1,0.000244140625,False,False,,,,1.7149963480992607,0.0541585345137263,{},{}
"[0, 0, 1, 0, 1, 0, 0, 1, 0, 0, 1, 1, 0, 1, 1, 0, 0, 1]",001010010011011001,"[""100110110010010100""]",1,0.000244140625,False,False,,,,2.9229165761813727,0.09771704307460256,{},{}
"[0, 0, 1, 0, 1, 0, 0, 1, 0, 1, 0, 1, 0, 1, 1, 1, 0, 0]",001010010101011100,"[""1110101010010100""]",1,0.000244140625,False,False,,,,2.769853085588273,0.09219745890806941,{},{}
"[0, 0, 1, 0, 1, 0, 0, 1, 0, 1, 0, 1, 1, 0, 1, 0, 1, 0]",001010010101101010,"[""10101101010010100""]",1,0.000244140625,False,False,,,,2.7577225631752107,0.0917600231800361,{},{}
"[0, 0, 1, 0, 1, 0, 0, 1, 0, 1, 1, 0, 0, 0, 1, 0, 1, 1]",001010010110001011,"[""110100011010010100""]",1,0.000244140625,False,False,,,,2.8022312501894193,0.0933650397856608,{},{}
"[0, 0, 1, 0, 1, 0, 0, 1, 1, 0, 0, 1, 0, 0, 0, 1, 1, 1]",001010011001000111,"[""111000100110010100""]",1,0.000244140625,False,False,,,,6.841100094830018,0.23900967678695026,{},{}
"[0, 0, 1, 0, 1, 0, 0, 1, 1, 0, 0, 1, 1, 0, 0, 0, 0, 0]",001010011001100000,"[""1100110010100""]",1,0.000244140625,False,False,,,,2.3091133006981193,0.07558283701673887,{},{}
"[0, 0, 1, 0, 1, 0, 0, 1, 1, 0, 1, 0, 0, 0, 1, 0, 1, 0]",001010011010001010,"[""10100010110010100""]",1,0.000244140625,False,False,,,,1.6818775517374727,0.052964245899865287,{},{}
"[0, 0, 1, 0, 1, 0, 0, 1, 1, 0, 1, 0, 1, 1, 0, 1, 1, 1]",001010011010110111,"[""111011010110010100""]",1,0.000244140625,False,False,,,,7.331482132842966,0.25669322053785015,{},{}
"[0, 0, 1, 0, 1, 0, 0, 1, 1, 1, 0, 0, 0, 1, 1, 0, 0, 1]",001010011100011001,"[""100110001110010100""]",1,0.000244140625,False,False,,,,2.820634015536953,0.09402865729391885,{},{}
"[0, 0, 1, 0, 1, 0, 0, 1, 1, 1, 0, 0, 1, 1, 1, 0, 1, 1]",001010011100111011,"[""110111001110010100""]",1,0.000244140625,False,False,,,,7.277644548484741,0.25475179690353605,{},{}
"[0, 0, 1, 0, 1, 0, 0, 1, 1, 1, 0, 1, 0, 1, 1, 1, 1, 1]",001010011101011111,"[""111110101110010100""]",1,0.000244140625,False,False,,,,8.572202502431498,0.3014345267797238,{},{}
"[0, 0, 1, 0, 1, 0, 0, 1, 1, 1, 1, 1, 1, 1, 1, 1, 1, 0]",001010011111111110,"[""11111111110010100""]",1,0.000244140625,False,False,,,,11.784944740151996,0.4172884192903509,{},{}
"[0, 0, 1, 0, 1, 0, 1, 0, 0, 0, 0, 0, 1, 0, 0, 0, 1, 0]",001010100000100010,"[""10001000001010100""]",1,0.000244140625,False,False,,,,1.0300437142418406,0.029458629278225075,{},{}
"[0, 0, 1, 0, 1, 0, 1, 0, 0, 0, 0, 1, 0, 0, 0, 0, 1, 0]",001010100001000010,"[""10000100001010100""]",1,0.000244140625,False,False,,,,1.094359645838256,0.03177790996573481,{},{}
"[0, 0, 1, 0, 1, 0, 1, 0, 0, 0, 0, 1, 0, 0, 1, 0, 1, 0]",001010100001001010,"[""10100100001010100""]",1,0.000244140625,True,True,"[2, 1, 0, 2, 2, 1]",0.35898599563046046,0.5334320092749436,0.35898599563046096,0.005259785098434697,"{""degradation"": 0.269246155446731, ""nominal"": 0.4220058940324126, ""surge"": 0.3857059374122379}","{""degradation"": 0.2883158459456089, ""nominal"": 0.46581423936716726, ""surge"": 0.5334320092749436}"
"[0, 0, 1, 0, 1, 0, 1, 0, 0, 0, 1, 0, 0, 1, 0, 0, 0, 0]",001010100010010000,"[""10010001010100""]",1,0.000244140625,False,False,,,,1.0346006641478773,0.029622956306516294,{},{}
"[0, 0, 1, 0, 1, 0, 1, 0, 0, 0, 1, 1, 0, 0, 0, 1, 0, 0]",001010100011000100,"[""1000110001010100""]",1,0.000244140625,False,False,,,,2.2471945132826128,0.07334999914465543,{},{}
"[0, 0, 1, 0, 1, 0, 1, 0, 0, 1, 0, 0, 0, 0, 1, 0, 1, 0]",001010100100001010,"[""10100001001010100""]",1,0.000244140625,True,False,"[2, 1, 0, 0, 2, 1]",0.2537413293992201,0.17974933826610784,0.2537413293992211,0.001464583570682489,"{""degradation"": 0.24490223955235252, ""nominal"": 0.2555173623964578, ""surge"": 0.26080438624885016}","{""degradation"": 0.1722237681691344, ""nominal"": 0.12837856798761504, ""surge"": 0.17974933826610784}"
"[0, 0, 1, 0, 1, 0, 1, 0, 0, 1, 0, 0, 0, 1, 1, 0, 0, 1]",001010100100011001,"[""100110001001010100""]",1,0.000244140625,False,False,,,,1.4798029259956547,0.045677283474137534,{},{}
"[0, 0, 1, 0, 1, 0, 1, 0, 0, 1, 0, 0, 1, 0, 0, 0, 0, 1]",001010100100100001,"[""100001001001010100""]",1,0.000244140625,True,False,"[2, 1, 0, 0, 0, 2]",0.2490098393897236,0.46032907843145765,0.24900983938972446,0.001293962495471593,"{""degradation"": 0.3053164519265502, ""nominal"": 0.22452821299283196, ""surge"": 0.21718485324978865}","{""degradation"": 0.46032907843145765, ""nominal"": 0.06557037134042046, ""surge"": 0.05623227386163977}"
"[0, 0, 1, 0, 1, 0, 1, 0, 0, 1, 0, 0, 1, 1, 1, 0, 1, 0]",001010100100111010,"[""10111001001010100""]",1,0.000244140625,False,False,,,,4.6988106212275085,0.1617571130775472,{},{}
"[0, 0, 1, 0, 1, 0, 1, 0, 0, 1, 0, 1, 1, 0, 0, 0, 1, 0]",001010100101100010,"[""10001101001010100""]",1,0.000244140625,False,False,,,,1.4782750760373404,0.04562218805977012,{},{}
"[0, 0, 1, 0, 1, 0, 1, 0, 0, 1, 0, 1, 1, 0, 0, 1, 0, 0]",001010100101100100,"[""1001101001010100""]",1,0.000244140625,False,False,,,,1.5218873352068396,0.04719487880559033,{},{}
"[0, 0, 1, 0, 1, 0, 1, 0, 0, 1, 0, 1, 1, 1, 1, 1, 0, 0]",001010100101111100,"[""1111101001010100""]",1,0.000244140625,False,False,,,,6.000906717478382,0.20871167401381105,{},{}
"[0, 0, 1, 0, 1, 0, 1, 0, 0, 1, 1, 1, 0, 1, 1, 0, 0, 0]",001010100111011000,"[""110111001010100""]",1,0.000244140625,False,False,,,,6.723235047293251,0.2347593748524343,{},{}
"[0, 0, 1, 0, 1, 0, 1, 0, 0, 1, 1, 1, 1, 1, 1, 1, 0, 1]",001010100111111101,"[""101111111001010100""]",1,0.000244140625,False,False,,,,10.460289730508652,0.36952036703298363,{},{}
"[0, 0, 1, 0, 1, 0, 1, 0, 1, 0, 0, 0, 1, 1, 1, 1, 0, 0]",001010101000111100,"[""1111000101010100""]",1,0.000244140625,False,False,,,,6.730715851130306,0.2350291382444225,{},{}
"[0, 0, 1, 0, 1, 0, 1, 0, 1, 0, 1, 0, 1, 1, 0, 1, 0, 1]",001010101010110101,"[""101011010101010100""]",1,0.000244140625,False,False,,,,3.9642683443500504,0.13526896815551573,{},{}
"[0, 0, 1, 0, 1, 0, 1, 0, 1, 0, 1, 1, 0, 1, 0, 0, 0, 1]",001010101011010001,"[""100010110101010100""]",1,0.000244140625,False,False,,,,2.7870316519941136,0.09281693088515558,{},{}
"[0, 0, 1, 0, 1, 0, 1, 0, 1, 1, 0, 0, 1, 1, 1, 1, 0, 0]",001010101100111100,"[""1111001101010100""]",1,0.000244140625,False,False,,,,5.97013425694592,0.2076019960281458,{},{}
"[0, 0, 1, 0, 1, 0, 1, 0, 1, 1, 0, 1, 1, 1, 0, 0, 1, 1]",001010101101110011,"[""110011101101010100""]",1,0.000244140625,False,False,,,,5.226102840994027,0.18077166564055142,{},{}
"[0, 0, 1, 0, 1, 0, 1, 0, 1, 1, 0, 1, 1, 1, 0, 1, 0, 1]",001010101101110101,"[""101011101101010100""]",1,0.000244140625,False,False,,,,5.239880038425204,0.18126848170364826,{},{}
"[0, 0, 1, 0, 1, 0, 1, 0, 1, 1, 0, 1, 1, 1, 1, 0, 0, 1]",001010101101111001,"[""100111101101010100""]",1,0.000244140625,False,False,,,,7.248069105087561,0.25368528425273523,{},{}
"[0, 0, 1, 0, 1, 0, 1, 0, 1, 1, 1, 0, 0, 1, 0, 1, 0, 1]",001010101110010101,"[""101010011101010100""]",1,0.000244140625,False,False,,,,3.9534885221628766,0.13488023968975413,{},{}
"[0, 0, 1, 0, 1, 0, 1, 1, 0, 0, 0, 0, 1, 0, 0, 1, 0, 0]",001010110000100100,"[""1001000011010100""]",1,0.000244140625,False,False,,,,2.2578549441849707,0.07373442227122254,{},{}
"[0, 0, 1, 0, 1, 0, 1, 1, 0, 0, 1, 0, 0, 1, 1, 0, 1, 1]",001010110010011011,"[""110110010011010100""]",1,0.000244140625,False,False,,,,4.110476300338613,0.14054133660712104,{},{}
"[0, 0, 1, 0, 1, 0, 1, 1, 0, 0, 1, 1, 0, 1, 1, 1, 1, 0]",001010110011011110,"[""11110110011010100""]",1,0.000244140625,False,False,,,,5.342804655613564,0.18498002052442158,{},{}
"[0, 0, 1, 0, 1, 0, 1, 1, 0, 0, 1, 1, 1, 0, 0, 0, 1, 1]",001010110011100011,"[""110001110011010100""]",1,0.000244140625,False,False,,,,4.00000299243337,0.13655758634260298,{},{}
"[0, 0, 1, 0, 1, 0, 1, 1, 0, 1, 1, 0, 0, 1, 1, 0, 1, 1]",001010110110011011,"[""110110011011010100""]",1,0.000244140625,False,False,,,,5.285653016584572,0.1829190895953443,{},{}
"[0, 0, 1, 0, 1, 0, 1, 1, 0, 1, 1, 0, 1, 1, 0, 0, 1, 1]",001010110110110011,"[""110011011011010100""]",1,0.000244140625,False,False,,,,5.24411926050815,0.1814213512285544,{},{}
"[0, 0, 1, 0, 1, 0, 1, 1, 0, 1, 1, 1, 0, 0, 0, 0, 0, 0]",001010110111000000,"[""111011010100""]",1,0.000244140625,False,False,,,,7.489672385092047,0.26239767957135707,{},{}
"[0, 0, 1, 0, 1, 0, 1, 1, 0, 1, 1, 1, 0, 1, 1, 1, 0, 1]",001010110111011101,"[""101110111011010100""]",1,0.000244140625,False,False,,,,8.499852458354418,0.2988255299759241,{},{}
"[0, 0, 1, 0, 1, 0, 1, 1, 1, 0, 0, 1, 0, 1, 0, 1, 1, 0]",001010111001010110,"[""11010100111010100""]",1,0.000244140625,False,False,,,,6.020646383970913,0.20942350117914377,{},{}
"[0, 0, 1, 0, 1, 0, 1, 1, 1, 1, 0, 0, 0, 0, 1, 0, 0, 0]",001010111100001000,"[""100001111010100""]",1,0.000244140625,False,False,,,,5.510487925247915,0.19102680487828627,{},{}
"[0, 0, 1, 0, 1, 0, 1, 1, 1, 1, 0, 0, 0, 1, 1, 0, 0, 1]",001010111100011001,"[""100110001111010100""]",1,0.000244140625,False,False,,,,6.022008640086747,0.2094726251554662,{},{}
"[0, 0, 1, 0, 1, 0, 1, 1, 1, 1, 0, 0, 1, 0, 1, 0, 0, 1]",001010111100101001,"[""100101001111010100""]",1,0.000244140625,False,False,,,,6.006208606287656,0.20890286409716138,{},{}
"[0, 0, 1, 0, 1, 0, 1, 1, 1, 1, 0, 0, 1, 1, 1, 0, 0, 1]",001010111100111001,"[""100111001111010100""]",1,0.000244140625,False,False,,,,9.247983539647205,0.32580369736773157,{},{}
"[0, 0, 1, 0, 1, 1, 0, 0, 0, 0, 0, 0, 0, 1, 1, 1, 1, 0]",001011000000011110,"[""11110000000110100""]",1,0.000244140625,False,False,,,,5.58698397208391,0.19378530964831517,{},{}
"[0, 0, 1, 0, 1, 1, 0, 0, 0, 0, 0, 1, 1, 1, 0, 0, 1, 0]",001011000001110010,"[""10011100000110100""]",1,0.000244140625,False,False,,,,3.5433902398975095,0.12009178833049572,{},{}
"[0, 0, 1, 0, 1, 1, 0, 0, 0, 1, 0, 0, 0, 1, 0, 0, 0, 0]",001011000100010000,"[""10001000110100""]",1,0.000244140625,False,False,,,,3.0597963534341264,0.10265303041106898,{},{}
"[0, 0, 1, 0, 1, 1, 0, 0, 0, 1, 0, 1, 0, 1, 0, 0, 0, 0]",001011000101010000,"[""10101000110100""]",1,0.000244140625,False,False,,,,4.291391484934003,0.14706527372961048,{},{}
"[0, 0, 1, 0, 1, 1, 0, 0, 0, 1, 0, 1, 1, 1, 1, 1, 0, 1]",001011000101111101,"[""101111101000110100""]",1,0.000244140625,False,False,,,,9.284753955179363,0.32712966610516014,{},{}
"[0, 0, 1, 0, 1, 1, 0, 0, 0, 1, 1, 0, 0, 0, 0, 0, 1, 0]",001011000110000010,"[""10000011000110100""]",1,0.000244140625,False,False,,,,4.293117769867961,0.14712752485789377,{},{}
"[0, 0, 1, 0, 1, 1, 0, 0, 1, 0, 0, 1, 0, 1, 1, 1, 1, 0]",001011001001011110,"[""11110100100110100""]",1,0.000244140625,False,False,,,,4.117083101236209,0.14077958279819183,{},{}
"[0, 0, 1, 0, 1, 1, 0, 0, 1, 0, 1, 0, 1, 1, 0, 0, 1, 1]",001011001010110011,"[""110011010100110100""]",1,0.000244140625,False,False,,,,4.164196113941684,0.14247851333975456,{},{}
"[0, 0, 1, 0, 1, 1, 0, 0, 1, 1, 0, 1, 1, 1, 0, 0, 1, 0]",001011001101110010,"[""10011101100110100""]",1,0.000244140625,False,False,,,,3.990816355128686,0.13622630931753227,{},{}
"[0, 0, 1, 0, 1, 1, 0, 0, 1, 1, 1, 0, 0, 1, 0, 1, 1, 0]",001011001110010110,"[""11010011100110100""]",1,0.000244140625,False,False,,,,4.018713191529035,0.13723229014218932,{},{}
"[0, 0, 1, 0, 1, 1, 0, 1, 0, 0, 0, 0, 1, 0, 0, 0, 0, 1]",001011010000100001,"[""100001000010110100""]",1,0.000244140625,False,False,,,,2.3566026199423598,0.07729533745406893,{},{}
"[0, 0, 1, 0, 1, 1, 0, 1, 0, 0, 0, 0, 1, 0, 1, 0, 1, 0]",001011010000101010,"[""10101000010110100""]",1,0.000244140625,False,False,,,,3.57445392748851,0.12121196818211834,{},{}
"[0, 0, 1, 0, 1, 1, 0, 1, 0, 0, 0, 1, 0, 0, 1, 0, 1, 0]",001011010001001010,"[""10100100010110100""]",1,0.000244140625,False,False,,,,1.6985864554592949,0.05356678148863132,{},{}
"[0, 0, 1, 0, 1, 1, 0, 1, 0, 0, 0, 1, 0, 1, 0, 1, 1, 0]",001011010001010110,"[""11010100010110100""]",1,0.000244140625,False,False,,,,2.8472877672156223,0.09498981155202592,{},{}
"[0, 0, 1, 0, 1, 1, 0, 1, 0, 0, 0, 1, 1, 0, 0, 0, 0, 1]",001011010001100001,"[""100001100010110100""]",1,0.000244140625,False,False,,,,1.58030023509974,0.049301291746526324,{},{}
"[0, 0, 1, 0, 1, 1, 0, 1, 0, 0, 0, 1, 1, 1, 1, 0, 1, 1]",001011010001111011,"[""110111100010110100""]",1,0.000244140625,False,False,,,,7.407010908730038,0.2594168447926514,{},{}
"[0, 0, 1, 0, 1, 1, 0, 1, 0, 0, 1, 0, 0, 0, 0, 0, 1, 0]",001011010010000010,"[""10000010010110100""]",1,0.000244140625,False,False,,,,2.4395025980504217,0.08028477278445482,{},{}
"[0, 0, 1, 0, 1, 1, 0, 1, 0, 0, 1, 0, 0, 1, 1, 0, 0, 0]",001011010010011000,"[""110010010110100""]",1,0.000244140625,False,False,,,,3.669091680493805,0.12462467647081753,{},{}
"[0, 0, 1, 0, 1, 1, 0, 1, 0, 0, 1, 0, 1, 0, 1, 1, 0, 0]",001011010010101100,"[""1101010010110100""]",1,0.000244140625,False,False,,,,2.748419294320647,0.09142454033388071,{},{}
"[0, 0, 1, 0, 1, 1, 0, 1, 0, 0, 1, 1, 0, 0, 1, 0, 0, 0]",001011010011001000,"[""100110010110100""]",1,0.000244140625,False,False,,,,3.667123245685958,0.12455369323663056,{},{}
"[0, 0, 1, 0, 1, 1, 0, 1, 0, 0, 1, 1, 1, 1, 1, 0, 0, 0]",001011010011111000,"[""111110010110100""]",1,0.000244140625,False,False,,,,8.071329546262755,0.2833726726589196,{},{}
"[0, 0, 1, 0, 1, 1, 0, 1, 0, 1, 0, 0, 0, 1, 1, 1, 0, 1]",001011010100011101,"[""101110001010110100""]",1,0.000244140625,False,False,,,,4.071314785544265,0.13912914303856486,{},{}
"[0, 0, 1, 0, 1, 1, 0, 1, 0, 1, 0, 1, 0, 0, 0, 1, 0, 0]",001011010101000100,"[""1000101010110100""]",1,0.000244140625,False,False,,,,3.5052032080387585,0.11871473534681079,{},{}
"[0, 0, 1, 0, 1, 1, 0, 1, 0, 1, 1, 1, 0, 0, 1, 1, 1, 0]",001011010111001110,"[""11100111010110100""]",1,0.000244140625,False,False,,,,7.297441510454393,0.25546569018670723,{},{}
"[0, 0, 1, 0, 1, 1, 0, 1, 1, 0, 0, 1, 1, 0, 0, 1, 0, 0]",001011011001100100,"[""1001100110110100""]",1,0.000244140625,False,False,,,,2.785058691891871,0.09274578446546175,{},{}
"[0, 0, 1, 0, 1, 1, 0, 1, 1, 1, 1, 0, 0, 0, 1, 1, 0, 0]",001011011110001100,"[""1100011110110100""]",1,0.000244140625,False,False,,,,4.028274778173759,0.1375770881214243,{},{}
"[0, 0, 1, 0, 1, 1, 0, 1, 1, 1, 1, 1, 0, 0, 1, 0, 1, 0]",001011011111001010,"[""10100111110110100""]",1,0.000244140625,False,False,,,,7.379765934044528,0.2584343705898939,{},{}
"[0, 0, 1, 0, 1, 1, 1, 0, 0, 0, 0, 1, 0, 0, 0, 0, 1, 0]",001011100001000010,"[""10000100001110100""]",1,0.000244140625,False,False,,,,2.336111051440498,0.07655639613885364,{},{}
"[0, 0, 1, 0, 1, 1, 1, 0, 0, 1, 0, 0, 1, 1, 0, 0, 0, 1]",001011100100110001,"[""100011001001110100""]",1,0.000244140625,False,False,,,,2.7547299296401544,0.09165210657227857,{},{}
"[0, 0, 1, 0, 1, 1, 1, 0, 0, 1, 0, 1, 1, 1, 1, 0, 1, 1]",001011100101111011,"[""110111101001110100""]",1,0.000244140625,False,False,,,,8.543878900530569,0.30041315647132577,{},{}
"[0, 0, 1, 0, 1, 1, 1, 0, 1, 0, 0, 0, 1, 0, 1, 0, 0, 1]",001011101000101001,"[""100101000101110100""]",1,0.000244140625,False,False,,,,4.896198508305017,0.16887506819510523,{},{}
"[0, 0, 1, 0, 1, 1, 1, 0, 1, 0, 0, 1, 0, 0, 0, 1, 1, 1]",001011101001000111,"[""111000100101110100""]",1,0.000244140625,False,False,,,,8.141837442264592,0.28591524022274106,{},{}
"[0, 0, 1, 0, 1, 1, 1, 0, 1, 0, 1, 1, 0, 0, 0, 0, 0, 0]",001011101011000000,"[""110101110100""]",1,0.000244140625,False,False,,,,5.583062172597934,0.19364388662011142,{},{}
"[0, 0, 1, 0, 1, 1, 1, 0, 1, 1, 1, 0, 1, 0, 0, 0, 1, 1]",001011101110100011,"[""110001011101110100""]",1,0.000244140625,False,False,,,,5.322497692593773,0.184247736221221,{},{}
"[0, 0, 1, 0, 1, 1, 1, 0, 1, 1, 1, 0, 1, 1, 1, 0, 0, 0]",001011101110111000,"[""111011101110100""]",1,0.000244140625,False,False,,,,9.207631639439194,0.3243485776091619,{},{}
"[0, 0, 1, 0, 1, 1, 1, 0, 1, 1, 1, 1, 0, 0, 1, 1, 1, 1]",001011101111001111,"[""111100111101110100""]",1,0.000244140625,False,False,,,,11.875225632912578,0.42054401593388024,{},{}
"[0, 0, 1, 0, 1, 1, 1, 1, 0, 0, 0, 1, 0, 1, 0, 1, 0, 0]",001011110001010100,"[""1010100011110100""]",1,0.000244140625,False,False,,,,2.7513249738531966,0.09152932131515021,{},{}
"[0, 0, 1, 0, 1, 1, 1, 1, 0, 0, 0, 1, 1, 0, 1, 0, 1, 0]",001011110001101010,"[""10101100011110100""]",1,0.000244140625,False,False,,,,4.036852019524666,0.1378863898717604,{},{}
"[0, 0, 1, 0, 1, 1, 1, 1, 0, 0, 0, 1, 1, 1, 0, 0, 0, 0]",001011110001110000,"[""11100011110100""]",1,0.000244140625,False,False,,,,4.734306096538964,0.16303710651526063,{},{}
"[0, 0, 1, 0, 1, 1, 1, 1, 0, 0, 1, 1, 1, 0, 0, 0, 1, 1]",001011110011100011,"[""110001110011110100""]",1,0.000244140625,False,False,,,,5.297786413624623,0.1833566289845809,{},{}
"[0, 0, 1, 0, 1, 1, 1, 1, 0, 0, 1, 1, 1, 0, 1, 0, 1, 0]",001011110011101010,"[""10101110011110100""]",1,0.000244140625,False,False,,,,5.291225829015206,0.1831200493874933,{},{}
"[0, 0, 1, 0, 1, 1, 1, 1, 0, 1, 0, 0, 0, 1, 1, 1, 0, 0]",001011110100011100,"[""1110001011110100""]",1,0.000244140625,False,False,,,,3.993094906098648,0.13630847557290582,{},{}
"[0, 0, 1, 0, 1, 1, 1, 1, 0, 1, 1, 0, 0, 0, 0, 0, 0, 1]",001011110110000001,"[""100000011011110100""]",1,0.000244140625,False,False,,,,4.771015593596031,0.16436087848682912,{},{}
"[0, 0, 1, 0, 1, 1, 1, 1, 0, 1, 1, 0, 1, 0, 1, 0, 1, 0]",001011110110101010,"[""10101011011110100""]",1,0.000244140625,False,False,,,,5.219543160491133,0.1805351186462225,{},{}
"[0, 0, 1, 0, 1, 1, 1, 1, 0, 1, 1, 0, 1, 1, 0, 1, 0, 1]",001011110110110101,"[""101011011011110100""]",1,0.000244140625,False,False,,,,6.526478924306547,0.22766420162139328,{},{}
"[0, 0, 1, 0, 1, 1, 1, 1, 0, 1, 1, 1, 1, 1, 0, 1, 0, 1]",001011110111110101,"[""101011111011110100""]",1,0.000244140625,False,False,,,,9.775310241413756,0.3448194933774955,{},{}
"[0, 0, 1, 0, 1, 1, 1, 1, 1, 0, 0, 0, 0, 0, 0, 0, 1, 1]",001011111000000011,"[""110000000111110100""]",1,0.000244140625,False,False,,,,8.953130340839529,0.3151710700750683,{},{}
"[0, 0, 1, 0, 1, 1, 1, 1, 1, 0, 0, 0, 0, 0, 1, 0, 0, 1]",001011111000001001,"[""100100000111110100""]",1,0.000244140625,False,False,,,,6.939503337001023,0.24255817143657568,{},{}
"[0, 0, 1, 0, 1, 1, 1, 1, 1, 0, 0, 1, 0, 0, 0, 1, 0, 0]",001011111001000100,"[""1000100111110100""]",1,0.000244140625,False,False,,,,6.805921133492921,0.23774109708032704,{},{}
"[0, 0, 1, 0, 1, 1, 1, 1, 1, 0, 1, 0, 0, 1, 0, 1, 1, 1]",001011111010010111,"[""111010010111110100""]",1,0.000244140625,False,False,,,,10.705468259493472,0.3783616885088935,{},{}
"[0, 0, 1, 0, 1, 1, 1, 1, 1, 0, 1, 1, 0, 1, 1, 0, 0, 0]",001011111011011000,"[""110110111110100""]",1,0.000244140625,False,False,,,,9.3852804547622,0.3307547270080861,{},{}
"[0, 0, 1, 0, 1, 1, 1, 1, 1, 1, 0, 0, 0, 1, 0, 0, 1, 1]",001011111100010011,"[""110010001111110100""]",1,0.000244140625,False,False,,,,7.410696874370535,0.2595497634756687,{},{}
"[0, 0, 1, 0, 1, 1, 1, 1, 1, 1, 1, 0, 0, 0, 0, 1, 0, 0]",001011111110000100,"[""1000011111110100""]",1,0.000244140625,False,False,,,,8.015500980040883,0.28135945272669116,{},{}
"[0, 0, 1, 0, 1, 1, 1, 1, 1, 1, 1, 0, 1, 0, 0, 1, 1, 1]",001011111110100111,"[""111001011111110100""]",1,0.000244140625,False,False,,,,11.893109057060839,0.42118890560933225,{},{}
"[0, 0, 1, 1, 0, 0, 0, 0, 0, 0, 0, 1, 0, 0, 0, 0, 0, 1]",001100000001000001,"[""100000100000001100""]",1,0.000244140625,False,False,,,,1.9180798886223613,0.061481879162481705,{},{}
"[0, 0, 1, 1, 0, 0, 0, 0, 0, 0, 0, 1, 0, 1, 0, 1, 1, 1]",001100000001010111,"[""111010100000001100""]",1,0.000244140625,False,False,,,,5.506108435179975,0.19086887718473358,{},{}
"[0, 0, 1, 1, 0, 0, 0, 0, 0, 0, 0, 1, 1, 1, 0, 1, 0, 1]",001100000001110101,"[""101011100000001100""]",1,0.000244140625,False,False,,,,3.5089076335794767,0.11884831970766274,{},{}
"[0, 0, 1, 1, 0, 0, 0, 0, 0, 0, 1, 0, 0, 1, 1, 0, 0, 1]",001100000010011001,"[""100110010000001100""]",1,0.000244140625,False,False,,,,2.2853319376911214,0.07472526324651203,{},{}
"[0, 0, 1, 1, 0, 0, 0, 0, 0, 0, 1, 0, 1, 0, 0, 0, 0, 0]",001100000010100000,"[""1010000001100""]",1,0.000244140625,False,False,,,,1.8019276207849675,0.05729334134736997,{},{}
"[0, 0, 1, 1, 0, 0, 0, 0, 0, 0, 1, 0, 1, 1, 1, 1, 0, 0]",001100000010111100,"[""1111010000001100""]",1,0.000244140625,False,False,,,,5.4883475119991605,0.19022840498596189,{},{}
"[0, 0, 1, 1, 0, 0, 0, 0, 0, 0, 1, 1, 0, 0, 1, 0, 0, 1]",001100000011001001,"[""100100110000001100""]",1,0.000244140625,False,False,,,,2.346024820986198,0.0769138940974006,{},{}
"[0, 0, 1, 1, 0, 0, 0, 0, 0, 0, 1, 1, 0, 0, 1, 1, 0, 1]",001100000011001101,"[""101100110000001100""]",1,0.000244140625,False,False,,,,3.564795269418557,0.12086366973455064,{},{}
"[0, 0, 1, 1, 0, 0, 0, 0, 0, 1, 0, 0, 1, 1, 1, 1, 0, 0]",001100000100111100,"[""1111001000001100""]",1,0.000244140625,False,False,,,,5.55974597545465,0.1928030870794949,{},{}
"[0, 0, 1, 1, 0, 0, 0, 0, 0, 1, 0, 0, 1, 1, 1, 1, 1, 1]",001100000100111111,"[""111111001000001100""]",1,0.000244140625,False,False,,,,10.01387162811321,0.3534221957441424,{},{}
"[0, 0, 1, 1, 0, 0, 0, 0, 1, 0, 0, 0, 0, 0, 0, 1, 0, 0]",001100001000000100,"[""1000000100001100""]",1,0.000244140625,False,False,,,,1.9031151080887998,0.060942237962815934,{},{}
"[0, 0, 1, 1, 0, 0, 0, 0, 1, 0, 1, 0, 0, 1, 0, 0, 0, 1]",001100001010010001,"[""100010010100001100""]",1,0.000244140625,True,True,"[2, 0, 2, 1, 1, 2]",0.30266515167481217,0.35461033261733077,0.30266515167481245,0.00322881326224559,"{""degradation"": 0.2831477707740469, ""nominal"": 0.31294610277538754, ""surge"": 0.31190158147500213}","{""degradation"": 0.35461033261733077, ""nominal"": 0.244774006014658, ""surge"": 0.3244408358521109}"
"[0, 0, 1, 1, 0, 0, 0, 0, 1, 0, 1, 1, 1, 1, 1, 1, 0, 0]",001100001011111100,"[""1111110100001100""]",1,0.000244140625,False,False,,,,5.981783715822927,0.20802208424459148,{},{}
"[0, 0, 1, 1, 0, 0, 0, 0, 1, 1, 0, 0, 0, 1, 1, 0, 1, 1]",001100001100011011,"[""110110001100001100""]",1,0.000244140625,False,False,,,,2.7566952418789814,0.09172297720428683,{},{}
"[0, 0, 1, 1, 0, 0, 0, 0, 1, 1, 0, 1, 0, 1, 0, 0, 1, 0]",001100001101010010,"[""10010101100001100""]",1,0.000244140625,False,False,,,,1.4510359362626963,0.04463992426827073,{},{}
"[0, 0, 1, 1, 0, 0, 0, 0, 1, 1, 0, 1, 1, 1, 1, 1, 1, 0]",001100001101111110,"[""11111101100001100""]",1,0.000244140625,False,False,,,,7.249783025567202,0.2537470895095308,{},{}
"[0, 0, 1, 1, 0, 0, 0, 0, 1, 1, 1, 0, 0, 1, 0, 0, 1, 0]",001100001110010010,"[""10010011100001100""]",1,0.000244140625,False,False,,,,1.42807563104844,0.04381195845729705,{},{}
"[0, 0, 1, 1, 0, 0, 0, 0, 1, 1, 1, 1, 0, 1, 0, 0, 0, 1]",001100001111010001,"[""100010111100001100""]",1,0.000244140625,False,False,,,,4.707995846498312,0.16208833918361806,{},{}
"[0, 0, 1, 1, 0, 0, 0, 1, 0, 0, 0, 0, 0, 0, 0, 1, 0, 0]",001100010000000100,"[""1000000010001100""]",1,0.000244140625,False,False,,,,1.8665770341572447,0.059624647637606665,{},{}
"[0, 0, 1, 1, 0, 0, 0, 1, 0, 0, 0, 1, 0, 0, 1, 0, 0, 0]",001100010001001000,"[""100100010001100""]",1,0.000244140625,False,False,,,,1.1612642526242998,0.03419054022036603,{},{}
"[0, 0, 1, 1, 0, 0, 0, 1, 0, 0, 0, 1, 0, 0, 1, 0, 1, 1]",001100010001001011,"[""110100100010001100""]",1,0.000244140625,False,False,,,,1.5957005588174162,0.04985663895977877,{},{}
"[0, 0, 1, 1, 0, 0, 0, 1, 0, 0, 0, 1, 0, 0, 1, 1, 0, 1]",001100010001001101,"[""101100100010001100""]",1,0.000244140625,False,False,,,,1.6045282891341044,0.05017497352992096,{},{}
"[0, 0, 1, 1, 0, 0, 0, 1, 0, 0, 0, 1, 1, 1, 0, 1, 1, 1]",001100010001110111,"[""111011100010001100""]",1,0.000244140625,False,False,,,,5.968339094413692,0.20753726112205653,{},{}
"[0, 0, 1, 1, 0, 0, 0, 1, 0, 0, 1, 1, 1, 0, 1, 1, 1, 0]",001100010011101110,"[""11101110010001100""]",1,0.000244140625,False,False,,,,4.017810525393286,0.13719973932493537,{},{}
"[0, 0, 1, 1, 0, 0, 0, 1, 0, 1, 0, 0, 0, 0, 0, 0, 1, 1]",001100010100000011,"[""110000001010001100""]",1,0.000244140625,False,False,,,,2.265317124506458,0.07400351408528412,{},{}
"[0, 0, 1, 1, 0, 0, 0, 1, 0, 1, 0, 0, 0, 1, 0, 0, 0, 1]",001100010100010001,"[""100010001010001100""]",1,0.000244140625,True,False,"[2, 0, 1, 0, 1, 2]",0.26186992252762537,0.24753311060938885,0.26186992252762564,0.0017577067299275877,"{""degradation"": 0.26069422410065574, ""nominal"": 0.25901320628632696, ""surge"": 0.26590233719589346}","{""degradation"": 0.24753311060938885, ""nominal"": 0.13546387541645036, ""surge"": 0.194185163048329}"
"[0, 0, 1, 1, 0, 0, 0, 1, 0, 1, 0, 0, 0, 1, 1, 0, 1, 0]",001100010100011010,"[""10110001010001100""]",1,0.000244140625,False,False,,,,1.5051751882285709,0.046592226262566566,{},{}
"[0, 0, 1, 1, 0, 0, 0, 1, 0, 1, 0, 1, 1, 1, 1, 0, 0, 1]",001100010101111001,"[""100111101010001100""]",1,0.000244140625,False,False,,,,5.991963819722662,0.20838918641951845,{},{}
"[0, 0, 1, 1, 0, 0, 0, 1, 0, 1, 1, 0, 0, 1, 1, 1, 0, 0]",001100010110011100,"[""1110011010001100""]",1,0.000244140625,False,False,,,,2.7353830938595936,0.09095444517678107,{},{}
"[0, 0, 1, 1, 0, 0, 0, 1, 1, 0, 1, 0, 0, 1, 0, 1, 1, 0]",001100011010010110,"[""11010010110001100""]",1,0.000244140625,False,False,,,,2.75614609170149,0.09170317443738935,{},{}
"[0, 0, 1, 1, 0, 0, 0, 1, 1, 0, 1, 0, 1, 0, 0, 0, 0, 0]",001100011010100000,"[""1010110001100""]",1,0.000244140625,False,False,,,,2.2726713766322626,0.07426871392773508,{},{}
"[0, 0, 1, 1, 0, 0, 0, 1, 1, 0, 1, 0, 1, 0, 1, 0, 0, 0]",001100011010101000,"[""101010110001100""]",1,0.000244140625,False,False,,,,3.5322825159266467,0.11969123548070622,{},{}
"[0, 0, 1, 1, 0, 0, 0, 1, 1, 0, 1, 0, 1, 0, 1, 1, 1, 1]",001100011010101111,"[""111101010110001100""]",1,0.000244140625,False,False,,,,7.284799854134613,0.25500982258698746,{},{}
"[0, 0, 1, 1, 0, 0, 0, 1, 1, 0, 1, 0, 1, 1, 0, 1, 0, 1]",001100011010110101,"[""101011010110001100""]",1,0.000244140625,False,False,,,,4.005946480176404,0.13677191296427688,{},{}
"[0, 0, 1, 1, 0, 0, 0, 1, 1, 1, 0, 0, 0, 1, 0, 1, 0, 0]",001100011100010100,"[""1010001110001100""]",1,0.000244140625,False,False,,,,1.4969878149772824,0.046296983448044296,{},{}
"[0, 0, 1, 1, 0, 0, 0, 1, 1, 1, 1, 0, 1, 0, 1, 1, 0, 0]",001100011110101100,"[""1101011110001100""]",1,0.000244140625,False,False,,,,4.022592214959448,0.13737217063377588,{},{}
"[0, 0, 1, 1, 0, 0, 0, 1, 1, 1, 1, 1, 0, 1, 0, 1, 0, 1]",001100011111010101,"[""101010111110001100""]",1,0.000244140625,False,False,,,,7.225320636566771,0.2528649574316645,{},{}
"[0, 0, 1, 1, 0, 0, 0, 1, 1, 1, 1, 1, 1, 1, 0, 0, 1, 1]",001100011111110011,"[""110011111110001100""]",1,0.000244140625,False,False,,,,8.462119568159862,0.297464853680954,{},{}
"[0, 0, 1, 1, 0, 0, 1, 0, 0, 0, 0, 0, 0, 0, 0, 1, 1, 1]",001100100000000111,"[""111000000001001100""]",1,0.000244140625,False,False,,,,6.313362736461548,0.219979072192402,{},{}
"[0, 0, 1, 1, 0, 0, 1, 0, 0, 0, 0, 0, 1, 0, 0, 1, 1, 0]",001100100000100110,"[""11001000001001100""]",1,0.000244140625,False,False,,,,2.335173062606443,0.07652257155863026,{},{}
"[0, 0, 1, 1, 0, 0, 1, 0, 0, 0, 0, 0, 1, 1, 1, 1, 0, 0]",001100100000111100,"[""1111000001001100""]",1,0.000244140625,False,False,,,,5.588454694077319,0.19383834498546013,{},{}
"[0, 0, 1, 1, 0, 0, 1, 0, 0, 0, 1, 0, 0, 0, 0, 0, 1, 1]",001100100010000011,"[""110000010001001100""]",1,0.000244140625,False,False,,,,2.24228321572743,0.07317289407461108,{},{}
"[0, 0, 1, 1, 0, 0, 1, 0, 0, 0, 1, 0, 0, 1, 0, 0, 1, 1]",001100100010010011,"[""110010010001001100""]",1,0.000244140625,False,False,,,,1.4573744054332107,0.04486849421619277,{},{}
"[0, 0, 1, 1, 0, 0, 1, 0, 0, 0, 1, 0, 0, 1, 1, 1, 1, 1]",001100100010011111,"[""111110010001001100""]",1,0.000244140625,False,False,,,,5.962541371241996,0.2073281908800515,{},{}
"[0, 0, 1, 1, 0, 0, 1, 0, 0, 0, 1, 1, 0, 0, 1, 0, 1, 0]",001100100011001010,"[""10100110001001100""]",1,0.000244140625,False,False,,,,1.5233497782069034,0.04724761559603155,{},{}
"[0, 0, 1, 1, 0, 0, 1, 0, 0, 0, 1, 1, 1, 0, 0, 1, 0, 1]",001100100011100101,"[""101001110001001100""]",1,0.000244140625,False,False,,,,2.77703475801776,0.09245643539735125,{},{}
"[0, 0, 1, 1, 0, 0, 1, 0, 0, 1, 0, 0, 0, 0, 0, 1, 0, 0]",001100100100000100,"[""1000001001001100""]",1,0.000244140625,False,False,,,,1.1576274558688058,0.03405939460418583,{},{}
"[0, 0, 1, 1, 0, 0, 1, 0, 0, 1, 0, 1, 0, 0, 0, 1, 0, 1]",001100100101000101,"[""101000101001001100""]",1,0.000244140625,False,False,,,,3.629511208131123,0.12319737497840787,{},{}
"[0, 0, 1, 1, 0, 0, 1, 0, 0, 1, 0, 1, 0, 0, 1, 0, 0, 0]",001100100101001000,"[""100101001001100""]",1,0.000244140625,False,False,,,,2.3840697822041554,0.07828582390732011,{},{}
"[0, 0, 1, 1, 0, 0, 1, 0, 0, 1, 0, 1, 0, 0, 1, 1, 0, 0]",001100100101001100,"[""1100101001001100""]",1,0.000244140625,False,False,,,,1.6710851227682202,0.052575062824095256,{},{}
"[0, 0, 1, 1, 0, 0, 1, 0, 0, 1, 0, 1, 1, 0, 0, 0, 1, 0]",001100100101100010,"[""10001101001001100""]",1,0.000244140625,False,False,,,,1.5404106475272528,0.04786284332802042,{},{}
"[0, 0, 1, 1, 0, 0, 1, 0, 0, 1, 1, 0, 1, 1, 0, 0, 0, 0]",001100100110110000,"[""11011001001100""]",1,0.000244140625,False,False,,,,3.456152070801335,0.11694591458232252,{},{}
"[0, 0, 1, 1, 0, 0, 1, 0, 0, 1, 1, 1, 1, 0, 0, 0, 0, 1]",001100100111100001,"[""100001111001001100""]",1,0.000244140625,False,False,,,,4.750677211438692,0.16362746118598515,{},{}
"[0, 0, 1, 1, 0, 0, 1, 0, 0, 1, 1, 1, 1, 0, 1, 0, 1, 1]",001100100111101011,"[""110101111001001100""]",1,0.000244140625,False,False,,,,7.246376778734348,0.25362425769631997,{},{}
"[0, 0, 1, 1, 0, 0, 1, 0, 1, 0, 0, 0, 0, 1, 0, 0, 1, 1]",001100101000010011,"[""110010000101001100""]",1,0.000244140625,False,False,,,,3.5292868147315097,0.11958320825082748,{},{}
"[0, 0, 1, 1, 0, 0, 1, 0, 1, 0, 0, 1, 0, 1, 1, 0, 0, 1]",001100101001011001,"[""100110100101001100""]",1,0.000244140625,False,False,,,,2.828907449734804,0.09432700353066259,{},{}
"[0, 0, 1, 1, 0, 0, 1, 0, 1, 0, 0, 1, 1, 0, 1, 0, 0, 1]",001100101001101001,"[""100101100101001100""]",1,0.000244140625,False,False,,,,2.8970081222080175,0.09678276481022637,{},{}
"[0, 0, 1, 1, 0, 0, 1, 0, 1, 0, 0, 1, 1, 1, 1, 0, 0, 0]",001100101001111000,"[""111100101001100""]",1,0.000244140625,False,False,,,,6.798478439642864,0.2374727079630271,{},{}
"[0, 0, 1, 1, 0, 0, 1, 0, 1, 0, 1, 0, 1, 1, 0, 0, 0, 1]",001100101010110001,"[""100011010101001100""]",1,0.000244140625,False,False,,,,2.732125165847692,0.09083696185139421,{},{}
"[0, 0, 1, 1, 0, 0, 1, 0, 1, 0, 1, 1, 0, 1, 0, 0, 1, 1]",001100101011010011,"[""110010110101001100""]",1,0.000244140625,False,False,,,,3.975973135937169,0.13569105171095072,{},{}
"[0, 0, 1, 1, 0, 0, 1, 0, 1, 1, 0, 0, 0, 0, 1, 0, 1, 1]",001100101100001011,"[""110100001101001100""]",1,0.000244140625,False,False,,,,2.799147556966277,0.09325383949731673,{},{}
"[0, 0, 1, 1, 0, 0, 1, 0, 1, 1, 0, 0, 0, 1, 0, 1, 1, 1]",001100101100010111,"[""111010001101001100""]",1,0.000244140625,False,False,,,,6.036941588153247,0.21001111845251655,{},{}
"[0, 0, 1, 1, 0, 0, 1, 0, 1, 1, 0, 0, 1, 0, 1, 0, 1, 0]",001100101100101010,"[""10101001101001100""]",1,0.000244140625,False,False,,,,2.792941875316667,0.09303005796690077,{},{}
"[0, 0, 1, 1, 0, 0, 1, 0, 1, 1, 0, 1, 0, 0, 1, 1, 0, 1]",001100101101001101,"[""101100101101001100""]",1,0.000244140625,False,False,,,,4.181141156927406,0.1430895642873241,{},{}
"[0, 0, 1, 1, 0, 0, 1, 0, 1, 1, 0, 1, 1, 0, 0, 0, 0, 0]",001100101101100000,"[""1101101001100""]",1,0.000244140625,False,False,,,,3.6060575993141946,0.12235162026987245,{},{}
"[0, 0, 1, 1, 0, 0, 1, 0, 1, 1, 0, 1, 1, 1, 0, 0, 0, 0]",001100101101110000,"[""11101101001100""]",1,0.000244140625,False,False,,,,4.761478665543329,0.16401696971489999,{},{}
"[0, 0, 1, 1, 0, 0, 1, 0, 1, 1, 0, 1, 1, 1, 0, 0, 1, 0]",001100101101110010,"[""10011101101001100""]",1,0.000244140625,False,False,,,,3.967418181096951,0.13538255362889012,{},{}
"[0, 0, 1, 1, 0, 0, 1, 0, 1, 1, 1, 0, 1, 1, 1, 0, 1, 0]",001100101110111010,"[""10111011101001100""]",1,0.000244140625,False,False,,,,7.193289192989907,0.25170987957401875,{},{}
"[0, 0, 1, 1, 0, 0, 1, 0, 1, 1, 1, 1, 0, 0, 1, 1, 1, 0]",001100101111001110,"[""11100111101001100""]",1,0.000244140625,False,False,,,,7.272755957230881,0.25457551063973205,{},{}
"[0, 0, 1, 1, 0, 0, 1, 0, 1, 1, 1, 1, 1, 0, 0, 1, 0, 0]",001100101111100100,"[""1001111101001100""]",1,0.000244140625,False,False,,,,6.08851236723472,0.21187079938995565,{},{}
"[0, 0, 1, 1, 0, 0, 1, 0, 1, 1, 1, 1, 1, 0, 1, 0, 0, 0]",001100101111101000,"[""101111101001100""]",1,0.000244140625,False,False,,,,8.051238717285363,0.28264818231124467,{},{}
"[0, 0, 1, 1, 0, 0, 1, 1, 0, 0, 0, 0, 0, 1, 1, 1, 1, 0]",001100110000011110,"[""11110000011001100""]",1,0.000244140625,False,False,,,,4.771433328241541,0.16437594231116914,{},{}
"[0, 0, 1, 1, 0, 0, 1, 1, 0, 0, 0, 0, 1, 1, 0, 1, 1, 1]",001100110000110111,"[""111011000011001100""]",1,0.000244140625,False,False,,,,8.014209756616932,0.2813128902424653,{},{}
"[0, 0, 1, 1, 0, 0, 1, 1, 0, 0, 0, 1, 0, 0, 0, 1, 1, 1]",001100110001000111,"[""111000100011001100""]",1,0.000244140625,False,False,,,,6.755272879676809,0.23591468309523683,{},{}
"[0, 0, 1, 1, 0, 0, 1, 1, 0, 0, 0, 1, 0, 1, 0, 0, 1, 1]",001100110001010011,"[""110010100011001100""]",1,0.000244140625,False,False,,,,2.7367089617727345,0.09100225696724742,{},{}
"[0, 0, 1, 1, 0, 0, 1, 1, 0, 0, 1, 0, 0, 0, 1, 1, 1, 0]",001100110010001110,"[""11100010011001100""]",1,0.000244140625,False,False,,,,2.754197142634208,0.09163289387360848,{},{}
"[0, 0, 1, 1, 0, 0, 1, 1, 0, 0, 1, 0, 0, 0, 1, 1, 1, 1]",001100110010001111,"[""111100010011001100""]",1,0.000244140625,False,False,,,,5.994485763396648,0.20848012959818166,{},{}
"[0, 0, 1, 1, 0, 0, 1, 1, 0, 0, 1, 0, 0, 1, 0, 1, 0, 1]",001100110010010101,"[""101010010011001100""]",1,0.000244140625,False,False,,,,2.7235299057809357,0.09052701033266254,{},{}
"[0, 0, 1, 1, 0, 0, 1, 1, 0, 1, 0, 0, 1, 0, 1, 0, 0, 1]",001100110100101001,"[""100101001011001100""]",1,0.000244140625,False,False,,,,2.809087569683909,0.09361228380430846,{},{}
"[0, 0, 1, 1, 0, 0, 1, 1, 0, 1, 0, 1, 0, 1, 1, 1, 0, 0]",001100110101011100,"[""1110101011001100""]",1,0.000244140625,False,False,,,,4.0633960555849065,0.13884358770245325,{},{}
"[0, 0, 1, 1, 0, 0, 1, 1, 0, 1, 1, 0, 0, 1, 0, 0, 1, 0]",001100110110010010,"[""10010011011001100""]",1,0.000244140625,False,False,,,,2.710701547346752,0.09006441011479502,{},{}
"[0, 0, 1, 1, 0, 0, 1, 1, 0, 1, 1, 0, 0, 1, 1, 0, 1, 1]",001100110110011011,"[""110110011011001100""]",1,0.000244140625,False,False,,,,5.218498823746071,0.18049745908063805,{},{}
"[0, 0, 1, 1, 0, 0, 1, 1, 0, 1, 1, 1, 1, 0, 0, 1, 0, 0]",001100110111100100,"[""1001111011001100""]",1,0.000244140625,False,False,,,,6.057075973347861,0.2107371794700227,{},{}
"[0, 0, 1, 1, 0, 0, 1, 1, 0, 1, 1, 1, 1, 1, 0, 1, 0, 1]",001100110111110101,"[""101011111011001100""]",1,0.000244140625,False,False,,,,8.517900139300469,0.2994763428745877,{},{}
"[0, 0, 1, 1, 0, 0, 1, 1, 1, 0, 1, 0, 0, 0, 0, 0, 1, 0]",001100111010000010,"[""10000010111001100""]",1,0.000244140625,False,False,,,,5.508738344496167,0.1909637136853571,{},{}
"[0, 0, 1, 1, 0, 0, 1, 1, 1, 0, 1, 0, 0, 1, 0, 0, 1, 1]",001100111010010011,"[""110010010111001100""]",1,0.000244140625,False,False,,,,6.02885473290394,0.20971950039246734,{},{}
"[0, 0, 1, 1, 0, 0, 1, 1, 1, 0, 1, 0, 0, 1, 1, 1, 1, 0]",001100111010011110,"[""11110010111001100""]",1,0.000244140625,False,False,,,,7.257819553813283,0.25403689274013186,{},{}
"[0, 0, 1, 1, 0, 0, 1, 1, 1, 0, 1, 1, 0, 1, 0, 0, 0, 0]",001100111011010000,"[""10110111001100""]",1,0.000244140625,False,False,,,,6.728988757674713,0.23496685796024322,{},{}
"[0, 0, 1, 1, 0, 0, 1, 1, 1, 1, 0, 0, 1, 1, 0, 0, 0, 1]",001100111100110001,"[""100011001111001100""]",1,0.000244140625,False,False,,,,6.038680911493793,0.21007383975551153,{},{}
"[0, 0, 1, 1, 0, 0, 1, 1, 1, 1, 0, 1, 0, 1, 1, 1, 0, 1]",001100111101011101,"[""101110101111001100""]",1,0.000244140625,False,False,,,,8.592850004734931,0.3021790911846703,{},{}
"[0, 0, 1, 1, 0, 0, 1, 1, 1, 1, 1, 0, 0, 0, 0, 1, 0, 1]",001100111110000101,"[""101000011111001100""]",1,0.000244140625,False,False,,,,8.054258635885688,0.2827570828389014,{},{}
"[0, 0, 1, 1, 0, 0, 1, 1, 1, 1, 1, 0, 0, 0, 1, 1, 1, 1]",001100111110001111,"[""111100011111001100""]",1,0.000244140625,False,False,,,,10.545750038691569,0.3726021297844124,{},{}
"[0, 0, 1, 1, 0, 0, 1, 1, 1, 1, 1, 0, 1, 0, 1, 0, 0, 0]",001100111110101000,"[""101011111001100""]",1,0.000244140625,False,False,,,,8.020648752966395,0.28154508527578864,{},{}
"[0, 0, 1, 1, 0, 0, 1, 1, 1, 1, 1, 0, 1, 0, 1, 0, 1, 0]",001100111110101010,"[""10101011111001100""]",1,0.000244140625,False,False,,,,7.244631500135396,0.2535613216422444,{},{}
"[0, 0, 1, 1, 0, 0, 1, 1, 1, 1, 1, 1, 0, 0, 1, 0, 0, 0]",001100111111001000,"[""100111111001100""]",1,0.000244140625,False,False,,,,10.020293850006592,0.3536537858780099,{},{}
"[0, 0, 1, 1, 0, 1, 0, 0, 0, 0, 0, 0, 0, 0, 1, 0, 0, 0]",001101000000001000,"[""100000000101100""]",1,0.000244140625,False,False,,,,3.954015044676828,0.1348992264861487,{},{}
"[0, 0, 1, 1, 0, 1, 0, 0, 0, 0, 0, 0, 0, 1, 0, 0, 0, 1]",001101000000010001,"[""100010000000101100""]",1,0.000244140625,False,False,,,,3.1648229464927,0.1064403680568051,{},{}
"[0, 0, 1, 1, 0, 1, 0, 0, 0, 0, 0, 0, 1, 0, 0, 0, 0, 1]",001101000000100001,"[""100001000000101100""]",1,0.000244140625,False,False,,,,3.16878356382453,0.10658319088561789,{},{}
"[0, 0, 1, 1, 0, 1, 0, 0, 0, 0, 0, 0, 1, 1, 0, 0, 1, 0]",001101000000110010,"[""10011000000101100""]",1,0.000244140625,False,False,,,,4.260398364128004,0.14594763856913312,{},{}
"[0, 0, 1, 1, 0, 1, 0, 0, 0, 0, 0, 1, 0, 1, 1, 1, 0, 0]",001101000001011100,"[""1110100000101100""]",1,0.000244140625,False,False,,,,3.592832909130526,0.12187472803213346,{},{}
"[0, 0, 1, 1, 0, 1, 0, 0, 0, 0, 0, 1, 1, 1, 1, 1, 1, 1]",001101000001111111,"[""111111100000101100""]",1,0.000244140625,False,False,,,,11.33686299328105,0.40113025573509686,{},{}
"[0, 0, 1, 1, 0, 1, 0, 0, 0, 0, 1, 0, 0, 0, 0, 0, 1, 0]",001101000010000010,"[""10000010000101100""]",1,0.000244140625,False,False,,,,3.065103156430037,0.1028443977036718,{},{}
"[0, 0, 1, 1, 0, 1, 0, 0, 0, 0, 1, 0, 0, 0, 1, 0, 1, 1]",001101000010001011,"[""110100010000101100""]",1,0.000244140625,False,False,,,,3.5959012301260405,0.12198537398643033,{},{}
"[0, 0, 1, 1, 0, 1, 0, 0, 0, 0, 1, 0, 0, 1, 1, 1, 1, 1]",001101000010011111,"[""111110010000101100""]",1,0.000244140625,False,False,,,,8.056337723136348,0.2828320562830919,{},{}
"[0, 0, 1, 1, 0, 1, 0, 0, 0, 1, 0, 0, 0, 0, 1, 1, 1, 0]",001101000100001110,"[""11100001000101100""]",1,0.000244140625,False,False,,,,3.5684084830647844,0.12099396492613905,{},{}
"[0, 0, 1, 1, 0, 1, 0, 0, 0, 1, 0, 0, 0, 1, 0, 0, 0, 1]",001101000100010001,"[""100010001000101100""]",1,0.000244140625,False,False,,,,2.3493383320034944,0.07703338178761225,{},{}
"[0, 0, 1, 1, 0, 1, 0, 0, 0, 1, 0, 1, 1, 0, 0, 0, 1, 0]",001101000101100010,"[""10001101000101100""]",1,0.000244140625,False,False,,,,3.5046962594263755,0.1186964543999742,{},{}
"[0, 0, 1, 1, 0, 1, 0, 0, 1, 0, 1, 0, 0, 1, 1, 1, 0, 1]",001101001010011101,"[""101110010100101100""]",1,0.000244140625,False,False,,,,4.124831755186175,0.14105900506596095,{},{}
"[0, 0, 1, 1, 0, 1, 0, 0, 1, 0, 1, 1, 1, 0, 1, 1, 1, 1]",001101001011101111,"[""111101110100101100""]",1,0.000244140625,False,False,,,,8.633234086280327,0.30363537142638064,{},{}
"[0, 0, 1, 1, 0, 1, 0, 0, 1, 1, 0, 0, 0, 0, 0, 1, 0, 0]",001101001100000100,"[""1000001100101100""]",1,0.000244140625,False,False,,,,2.407504338580031,0.07913089157055449,{},{}
"[0, 0, 1, 1, 0, 1, 0, 0, 1, 1, 0, 0, 1, 0, 1, 1, 1, 0]",001101001100101110,"[""11101001100101100""]",1,0.000244140625,False,False,,,,4.101315676034999,0.14021099763036138,{},{}
"[0, 0, 1, 1, 0, 1, 0, 0, 1, 1, 0, 0, 1, 1, 1, 0, 1, 0]",001101001100111010,"[""10111001100101100""]",1,0.000244140625,False,False,,,,6.0035596660004416,0.20880734132546222,{},{}
"[0, 0, 1, 1, 0, 1, 0, 0, 1, 1, 0, 1, 0, 1, 0, 1, 0, 1]",001101001101010101,"[""101010101100101100""]",1,0.000244140625,False,False,,,,4.136093366062331,0.1414651071928681,{},{}
"[0, 0, 1, 1, 0, 1, 0, 0, 1, 1, 0, 1, 1, 0, 1, 1, 1, 1]",001101001101101111,"[""111101101100101100""]",1,0.000244140625,False,False,,,,8.704632549735816,0.3062100535199137,{},{}
"[0, 0, 1, 1, 0, 1, 0, 0, 1, 1, 1, 0, 1, 1, 1, 0, 1, 0]",001101001110111010,"[""10111011100101100""]",1,0.000244140625,False,False,,,,7.210753339363725,0.25233964977874507,{},{}
"[0, 0, 1, 1, 0, 1, 0, 0, 1, 1, 1, 0, 1, 1, 1, 1, 1, 0]",001101001110111110,"[""11111011100101100""]",1,0.000244140625,False,False,,,,8.511001662973072,0.2992275786489558,{},{}
"[0, 0, 1, 1, 0, 1, 0, 0, 1, 1, 1, 1, 0, 1, 1, 0, 1, 1]",001101001111011011,"[""110110111100101100""]",1,0.000244140625,False,False,,,,8.595992829846583,0.30229242381322363,{},{}
"[0, 0, 1, 1, 0, 1, 0, 1, 0, 0, 0, 1, 1, 0, 0, 0, 0, 1]",001101010001100001,"[""100001100010101100""]",1,0.000244140625,False,False,,,,1.567516773474583,0.04884031054123502,{},{}
"[0, 0, 1, 1, 0, 1, 0, 1, 0, 1, 0, 0, 0, 0, 0, 1, 0, 1]",001101010100000101,"[""101000001010101100""]",1,0.000244140625,False,False,,,,3.621285306406558,0.12290074279826856,{},{}
"[0, 0, 1, 1, 0, 1, 0, 1, 0, 1, 0, 0, 0, 1, 1, 0, 1, 0]",001101010100011010,"[""10110001010101100""]",1,0.000244140625,False,False,,,,2.7656039323604817,0.09204423125863838,{},{}
"[0, 0, 1, 1, 0, 1, 0, 1, 0, 1, 1, 0, 1, 0, 0, 0, 0, 0]",001101010110100000,"[""1011010101100""]",1,0.000244140625,False,False,,,,3.462732752055718,0.11718321887948673,{},{}
"[0, 0, 1, 1, 0, 1, 0, 1, 0, 1, 1, 0, 1, 0, 0, 1, 0, 0]",001101010110100100,"[""1001011010101100""]",1,0.000244140625,False,False,,,,2.7550835593225678,0.0916648587236133,{},{}
"[0, 0, 1, 1, 0, 1, 0, 1, 0, 1, 1, 1, 1, 0, 0, 0, 1, 1]",001101010111100011,"[""110001111010101100""]",1,0.000244140625,False,False,,,,7.2304262997610405,0.25304907147229916,{},{}
"[0, 0, 1, 1, 0, 1, 0, 1, 1, 0, 0, 0, 1, 1, 0, 1, 1, 1]",001101011000110111,"[""111011000110101100""]",1,0.000244140625,False,False,,,,9.387651069154522,0.33084021313945633,{},{}
"[0, 0, 1, 1, 0, 1, 0, 1, 1, 0, 0, 1, 0, 1, 1, 1, 0, 1]",001101011001011101,"[""101110100110101100""]",1,0.000244140625,False,False,,,,5.433914903717145,0.18826552434308402,{},{}
"[0, 0, 1, 1, 0, 1, 0, 1, 1, 0, 0, 1, 1, 0, 1, 0, 0, 0]",001101011001101000,"[""101100110101100""]",1,0.000244140625,False,False,,,,4.865945374668109,0.16778411752644318,{},{}
"[0, 0, 1, 1, 0, 1, 0, 1, 1, 0, 1, 0, 0, 1, 1, 0, 0, 0]",001101011010011000,"[""110010110101100""]",1,0.000244140625,False,False,,,,4.846717006536794,0.16709072816314938,{},{}
"[0, 0, 1, 1, 0, 1, 0, 1, 1, 0, 1, 1, 0, 0, 0, 0, 0, 1]",001101011011000001,"[""100000110110101100""]",1,0.000244140625,False,False,,,,4.905265912090743,0.16920204557013652,{},{}
"[0, 0, 1, 1, 0, 1, 0, 1, 1, 0, 1, 1, 1, 1, 0, 1, 0, 0]",001101011011110100,"[""1011110110101100""]",1,0.000244140625,False,False,,,,5.2476513140501115,0.18154871972596695,{},{}
"[0, 0, 1, 1, 0, 1, 0, 1, 1, 1, 0, 0, 0, 0, 0, 0, 1, 1]",001101011100000011,"[""110000001110101100""]",1,0.000244140625,False,False,,,,4.88820822295266,0.16858693251790322,{},{}
"[0, 0, 1, 1, 0, 1, 0, 1, 1, 1, 0, 0, 0, 1, 0, 0, 1, 0]",001101011100010010,"[""10010001110101100""]",1,0.000244140625,False,False,,,,2.784407123996872,0.09272228843892581,{},{}
"[0, 0, 1, 1, 0, 1, 0, 1, 1, 1, 0, 0, 0, 1, 0, 1, 0, 1]",001101011100010101,"[""101010001110101100""]",1,0.000244140625,False,False,,,,4.14499098345585,0.14178596194336957,{},{}
"[0, 0, 1, 1, 0, 1, 0, 1, 1, 1, 0, 0, 1, 1, 1, 0, 0, 1]",001101011100111001,"[""100111001110101100""]",1,0.000244140625,False,False,,,,7.370347059828669,0.25809471892778313,{},{}
"[0, 0, 1, 1, 0, 1, 0, 1, 1, 1, 0, 1, 0, 1, 0, 0, 1, 0]",001101011101010010,"[""10010101110101100""]",1,0.000244140625,False,False,,,,4.014561102574413,0.13708256270318236,{},{}
"[0, 0, 1, 1, 0, 1, 0, 1, 1, 1, 0, 1, 1, 0, 1, 0, 0, 1]",001101011101101001,"[""100101101110101100""]",1,0.000244140625,False,False,,,,5.4083594020320245,0.18734397380270085,{},{}
"[0, 0, 1, 1, 0, 1, 0, 1, 1, 1, 1, 0, 0, 1, 0, 1, 0, 1]",001101011110010101,"[""101010011110101100""]",1,0.000244140625,False,False,,,,5.357629012303521,0.18551459793506253,{},{}
"[0, 0, 1, 1, 0, 1, 1, 0, 0, 0, 1, 0, 0, 0, 1, 1, 0, 1]",001101100010001101,"[""101100010001101100""]",1,0.000244140625,False,False,,,,2.831396570831348,0.09441676310258815,{},{}
"[0, 0, 1, 1, 0, 1, 1, 0, 0, 0, 1, 0, 0, 1, 1, 1, 1, 0]",001101100010011110,"[""11110010001101100""]",1,0.000244140625,False,False,,,,3.974783978268971,0.13564816979435873,{},{}
"[0, 0, 1, 1, 0, 1, 1, 0, 0, 0, 1, 0, 1, 1, 1, 1, 1, 0]",001101100010111110,"[""11111010001101100""]",1,0.000244140625,False,False,,,,7.244780441518804,0.253566692580137,{},{}
"[0, 0, 1, 1, 0, 1, 1, 0, 0, 0, 1, 1, 1, 0, 0, 1, 1, 1]",001101100011100111,"[""111001110001101100""]",1,0.000244140625,False,False,,,,7.297993880369967,0.25548560905977263,{},{}
"[0, 0, 1, 1, 0, 1, 1, 0, 0, 1, 0, 0, 0, 1, 0, 0, 1, 1]",001101100100010011,"[""110010001001101100""]",1,0.000244140625,False,False,,,,2.7966195939133565,0.09316267925533862,{},{}
"[0, 0, 1, 1, 0, 1, 1, 0, 0, 1, 0, 1, 1, 1, 0, 0, 0, 0]",001101100101110000,"[""11101001101100""]",1,0.000244140625,False,False,,,,4.770817334808164,0.1643537291263765,{},{}
"[0, 0, 1, 1, 0, 1, 1, 0, 0, 1, 1, 1, 1, 0, 0, 1, 1, 1]",001101100111100111,"[""111001111001101100""]",1,0.000244140625,False,False,,,,10.608008704747125,0.37484722393493874,{},{}
"[0, 0, 1, 1, 0, 1, 1, 0, 1, 0, 1, 0, 0, 1, 1, 0, 0, 0]",001101101010011000,"[""110010101101100""]",1,0.000244140625,False,False,,,,4.7689855995487225,0.1642876753803387,{},{}
"[0, 0, 1, 1, 0, 1, 1, 0, 1, 0, 1, 0, 0, 1, 1, 1, 0, 1]",001101101010011101,"[""101110010101101100""]",1,0.000244140625,False,False,,,,5.358996561661087,0.18556391278964818,{},{}
"[0, 0, 1, 1, 0, 1, 1, 0, 1, 0, 1, 1, 0, 1, 1, 0, 0, 1]",001101101011011001,"[""100110110101101100""]",1,0.000244140625,False,False,,,,5.357948593486883,0.18552612227200774,{},{}
"[0, 0, 1, 1, 0, 1, 1, 0, 1, 1, 0, 0, 0, 0, 0, 0, 0, 0]",001101101100000000,"[""1101101100""]",1,0.000244140625,False,False,,,,4.398675368180253,0.15093401095097952,{},{}
"[0, 0, 1, 1, 0, 1, 1, 0, 1, 1, 0, 0, 1, 0, 0, 1, 0, 1]",001101101100100101,"[""101001001101101100""]",1,0.000244140625,False,False,,,,4.324365636034444,0.14825434632695964,{},{}
"[0, 0, 1, 1, 0, 1, 1, 0, 1, 1, 0, 1, 0, 0, 0, 1, 0, 1]",001101101101000101,"[""101000101101101100""]",1,0.000244140625,False,False,,,,6.252402306577324,0.21778079341102694,{},{}
"[0, 0, 1, 1, 0, 1, 1, 0, 1, 1, 1, 0, 0, 0, 0, 1, 0, 1]",001101101110000101,"[""101000011101101100""]",1,0.000244140625,False,False,,,,6.176228241306582,0.21503389953751292,{},{}
"[0, 0, 1, 1, 0, 1, 1, 1, 0, 0, 0, 1, 0, 0, 1, 1, 0, 1]",001101110001001101,"[""101100100011101100""]",1,0.000244140625,False,False,,,,4.134314787416761,0.14140097031415857,{},{}
"[0, 0, 1, 1, 0, 1, 1, 1, 0, 0, 0, 1, 1, 0, 1, 0, 1, 0]",001101110001101010,"[""10101100011101100""]",1,0.000244140625,False,False,,,,4.03091799186675,0.13767240438784462,{},{}
"[0, 0, 1, 1, 0, 1, 1, 1, 0, 0, 0, 1, 1, 0, 1, 1, 1, 0]",001101110001101110,"[""11101100011101100""]",1,0.000244140625,False,False,,,,5.3272720016956505,0.18441990138498898,{},{}
"[0, 0, 1, 1, 0, 1, 1, 1, 0, 0, 0, 1, 1, 1, 1, 1, 0, 1]",001101110001111101,"[""101111100011101100""]",1,0.000244140625,False,False,,,,8.620145436068269,0.3031633848919574,{},{}
"[0, 0, 1, 1, 0, 1, 1, 1, 0, 0, 1, 0, 0, 1, 0, 1, 0, 1]",001101110010010101,"[""101010010011101100""]",1,0.000244140625,False,False,,,,4.030651996237022,0.13766281238611697,{},{}
"[0, 0, 1, 1, 0, 1, 1, 1, 0, 0, 1, 0, 0, 1, 1, 0, 0, 0]",001101110010011000,"[""110010011101100""]",1,0.000244140625,False,False,,,,4.745504366820877,0.1634409245328761,{},{}
"[0, 0, 1, 1, 0, 1, 1, 1, 0, 0, 1, 0, 1, 0, 1, 0, 1, 0]",001101110010101010,"[""10101010011101100""]",1,0.000244140625,False,False,,,,3.9789296709222173,0.1357976665779451,{},{}
"[0, 0, 1, 1, 0, 1, 1, 1, 0, 0, 1, 1, 1, 1, 0, 1, 0, 0]",001101110011110100,"[""1011110011101100""]",1,0.000244140625,False,False,,,,5.228025438292784,0.18084099593981298,{},{}
"[0, 0, 1, 1, 0, 1, 1, 1, 0, 0, 1, 1, 1, 1, 1, 0, 1, 0]",001101110011111010,"[""10111110011101100""]",1,0.000244140625,False,False,,,,8.509721660327909,0.29918142079442117,{},{}
"[0, 0, 1, 1, 0, 1, 1, 1, 0, 1, 0, 0, 0, 1, 1, 1, 1, 0]",001101110100011110,"[""11110001011101100""]",1,0.000244140625,False,False,,,,5.293961019280786,0.1832186823980424,{},{}
"[0, 0, 1, 1, 0, 1, 1, 1, 1, 0, 0, 1, 0, 1, 0, 0, 1, 0]",001101111001010010,"[""10010100111101100""]",1,0.000244140625,False,False,,,,6.0374251454564885,0.21002855589121758,{},{}
"[0, 0, 1, 1, 0, 1, 1, 1, 1, 0, 0, 1, 1, 1, 0, 1, 1, 0]",001101111001110110,"[""11011100111101100""]",1,0.000244140625,False,False,,,,8.557300893987735,0.3008971636129532,{},{}
"[0, 0, 1, 1, 0, 1, 1, 1, 1, 0, 1, 1, 0, 1, 0, 1, 0, 0]",001101111011010100,"[""1010110111101100""]",1,0.000244140625,False,False,,,,7.265179890229401,0.2543023119866507,{},{}
"[0, 0, 1, 1, 0, 1, 1, 1, 1, 0, 1, 1, 1, 0, 1, 1, 1, 0]",001101111011101110,"[""11101110111101100""]",1,0.000244140625,False,False,,,,9.854958462072268,0.34769166789759676,{},{}
"[0, 0, 1, 1, 0, 1, 1, 1, 1, 1, 0, 0, 0, 0, 0, 1, 1, 1]",001101111100000111,"[""111000001111101100""]",1,0.000244140625,False,False,,,,11.428065708521308,0.40441909398799664,{},{}
"[0, 0, 1, 1, 0, 1, 1, 1, 1, 1, 0, 1, 1, 0, 0, 1, 0, 1]",001101111101100101,"[""101001101111101100""]",1,0.000244140625,False,False,,,,8.751835429940172,0.30791222475082686,{},{}
"[0, 0, 1, 1, 1, 0, 0, 0, 0, 0, 0, 0, 1, 1, 0, 0, 0, 1]",001110000000110001,"[""100011000000011100""]",1,0.000244140625,False,False,,,,4.261149346066457,0.14597471954057037,{},{}
"[0, 0, 1, 1, 1, 0, 0, 0, 0, 0, 1, 0, 0, 1, 1, 1, 0, 1]",001110000010011101,"[""101110010000011100""]",1,0.000244140625,False,False,,,,4.756873754942903,0.1638509131880305,{},{}
"[0, 0, 1, 1, 1, 0, 0, 0, 0, 0, 1, 0, 1, 0, 1, 1, 0, 1]",001110000010101101,"[""101101010000011100""]",1,0.000244140625,False,False,,,,4.752974440048357,0.1637103009710422,{},{}
"[0, 0, 1, 1, 1, 0, 0, 0, 0, 1, 0, 0, 0, 0, 1, 0, 0, 1]",001110000100001001,"[""100100001000011100""]",1,0.000244140625,False,False,,,,2.303485147036827,0.07537988157834327,{},{}
"[0, 0, 1, 1, 1, 0, 0, 0, 0, 1, 0, 0, 0, 1, 1, 1, 1, 0]",001110000100011110,"[""11110001000011100""]",1,0.000244140625,False,False,,,,4.753904752062251,0.16374384871937805,{},{}
"[0, 0, 1, 1, 1, 0, 0, 0, 0, 1, 0, 1, 1, 0, 1, 1, 0, 1]",001110000101101101,"[""101101101000011100""]",1,0.000244140625,False,False,,,,6.082113744889325,0.21164006027347257,{},{}
"[0, 0, 1, 1, 1, 0, 0, 0, 1, 0, 0, 1, 0, 0, 1, 0, 1, 1]",001110001001001011,"[""110100100100011100""]",1,0.000244140625,False,False,,,,2.8704831827119843,0.09582625561594856,{},{}
"[0, 0, 1, 1, 1, 0, 0, 0, 1, 0, 1, 0, 1, 0, 0, 0, 1, 1]",001110001010100011,"[""110001010100011100""]",1,0.000244140625,False,False,,,,2.7714151157783675,0.09225378688720726,{},{}
"[0, 0, 1, 1, 1, 0, 0, 0, 1, 1, 0, 0, 0, 1, 1, 0, 1, 0]",001110001100011010,"[""10110001100011100""]",1,0.000244140625,False,False,,,,2.723925796534128,0.09054128644987723,{},{}
"[0, 0, 1, 1, 1, 0, 0, 0, 1, 1, 0, 0, 1, 1, 1, 0, 1, 1]",001110001100111011,"[""110111001100011100""]",1,0.000244140625,False,False,,,,7.244780179523698,0.2535666831323971,{},{}
"[0, 0, 1, 1, 1, 0, 0, 0, 1, 1, 0, 1, 1, 1, 1, 1, 1, 0]",001110001101111110,"[""11111101100011100""]",1,0.000244140625,False,False,,,,8.51189306365146,0.2992597232253757,{},{}
"[0, 0, 1, 1, 1, 0, 0, 0, 1, 1, 1, 1, 1, 0, 0, 1, 0, 0]",001110001111100100,"[""1001111100011100""]",1,0.000244140625,False,False,,,,5.971575409868258,0.20765396508243084,{},{}
"[0, 0, 1, 1, 1, 0, 0, 1, 0, 0, 0, 1, 0, 0, 0, 1, 0, 1]",001110010001000101,"[""101000100010011100""]",1,0.000244140625,False,False,,,,3.536823839909519,0.11985499902649908,{},{}
"[0, 0, 1, 1, 1, 0, 0, 1, 0, 0, 0, 1, 1, 0, 0, 1, 1, 0]",001110010001100110,"[""11001100010011100""]",1,0.000244140625,False,False,,,,2.758393584781084,0.09178422072196347,{},{}
"[0, 0, 1, 1, 1, 0, 0, 1, 0, 0, 1, 0, 0, 1, 1, 0, 1, 0]",001110010010011010,"[""10110010010011100""]",1,0.000244140625,False,False,,,,2.8910267474893505,0.09656707195582112,{},{}
"[0, 0, 1, 1, 1, 0, 0, 1, 0, 0, 1, 0, 1, 1, 0, 1, 0, 0]",001110010010110100,"[""1011010010011100""]",1,0.000244140625,False,False,,,,2.752591358843085,0.09157498810683147,{},{}
"[0, 0, 1, 1, 1, 0, 0, 1, 0, 1, 0, 0, 0, 1, 1, 0, 1, 0]",001110010100011010,"[""10110001010011100""]",1,0.000244140625,False,False,,,,2.7898921088489432,0.09292008110277958,{},{}
"[0, 0, 1, 1, 1, 0, 0, 1, 0, 1, 0, 1, 0, 0, 0, 0, 0, 1]",001110010101000001,"[""100000101010011100""]",1,0.000244140625,False,False,,,,3.509025140408113,0.11885255709195529,{},{}
"[0, 0, 1, 1, 1, 0, 0, 1, 0, 1, 1, 0, 1, 0, 1, 1, 1, 1]",001110010110101111,"[""111101011010011100""]",1,0.000244140625,False,False,,,,8.537726614251516,0.3001913004179831,{},{}
"[0, 0, 1, 1, 1, 0, 0, 1, 1, 0, 0, 1, 0, 0, 0, 1, 1, 0]",001110011001000110,"[""11000100110011100""]",1,0.000244140625,False,False,,,,4.774170090822868,0.1644746320206023,{},{}
"[0, 0, 1, 1, 1, 0, 0, 1, 1, 0, 0, 1, 0, 0, 1, 0, 0, 0]",001110011001001000,"[""100100110011100""]",1,0.000244140625,False,False,,,,3.6078350751366584,0.12241571737995437,{},{}
"[0, 0, 1, 1, 1, 0, 0, 1, 1, 0, 1, 1, 0, 0, 1, 1, 0, 0]",001110011011001100,"[""1100110110011100""]",1,0.000244140625,False,False,,,,4.052585424243572,0.13845374823550627,{},{}
"[0, 0, 1, 1, 1, 0, 0, 1, 1, 1, 0, 0, 0, 0, 0, 0, 0, 0]",001110011100000000,"[""1110011100""]",1,0.000244140625,False,False,,,,4.268112971560864,0.14622583309398315,{},{}
"[0, 0, 1, 1, 1, 0, 0, 1, 1, 1, 0, 0, 0, 1, 0, 0, 0, 0]",001110011100010000,"[""10001110011100""]",1,0.000244140625,False,False,,,,3.494092872235419,0.11831408831238505,{},{}
"[0, 0, 1, 1, 1, 0, 0, 1, 1, 1, 0, 0, 1, 1, 0, 0, 0, 0]",001110011100110000,"[""11001110011100""]",1,0.000244140625,False,False,,,,4.71217025545338,0.16223887149856622,{},{}
"[0, 0, 1, 1, 1, 0, 0, 1, 1, 1, 0, 1, 0, 0, 0, 0, 1, 0]",001110011101000010,"[""10000101110011100""]",1,0.000244140625,False,False,,,,4.746371391321462,0.1634721900860585,{},{}
"[0, 0, 1, 1, 1, 0, 0, 1, 1, 1, 0, 1, 0, 0, 0, 1, 1, 0]",001110011101000110,"[""11000101110011100""]",1,0.000244140625,False,False,,,,5.9893651681961515,0.2082954770982134,{},{}
"[0, 0, 1, 1, 1, 0, 0, 1, 1, 1, 1, 1, 0, 0, 1, 1, 1, 0]",001110011111001110,"[""11100111110011100""]",1,0.000244140625,False,False,,,,8.544278851615902,0.30042757900716,{},{}
"[0, 0, 1, 1, 1, 0, 1, 0, 0, 0, 0, 1, 0, 0, 1, 1, 0, 1]",001110100001001101,"[""101100100001011100""]",1,0.000244140625,False,False,,,,2.834369636842002,0.0945239740907531,{},{}
"[0, 0, 1, 1, 1, 0, 1, 0, 0, 0, 0, 1, 0, 1, 1, 1, 1, 1]",001110100001011111,"[""111110100001011100""]",1,0.000244140625,False,False,,,,7.299320271362507,0.2555334397128741,{},{}
"[0, 0, 1, 1, 1, 0, 1, 0, 0, 0, 1, 0, 0, 0, 1, 0, 0, 0]",001110100010001000,"[""100010001011100""]",1,0.000244140625,False,False,,,,2.262378348115291,0.07389753960649226,{},{}
"[0, 0, 1, 1, 1, 0, 1, 0, 0, 0, 1, 0, 0, 1, 1, 0, 1, 0]",001110100010011010,"[""10110010001011100""]",1,0.000244140625,False,False,,,,2.755409040742453,0.0916765958275088,{},{}
"[0, 0, 1, 1, 1, 0, 1, 0, 0, 0, 1, 0, 0, 1, 1, 1, 0, 0]",001110100010011100,"[""1110010001011100""]",1,0.000244140625,False,False,,,,2.729910872742199,0.09075711278276404,{},{}
"[0, 0, 1, 1, 1, 0, 1, 0, 0, 0, 1, 0, 1, 1, 0, 0, 0, 0]",001110100010110000,"[""11010001011100""]",1,0.000244140625,False,False,,,,3.4547220090559216,0.1168943454841884,{},{}
"[0, 0, 1, 1, 1, 0, 1, 0, 0, 0, 1, 1, 0, 0, 0, 0, 0, 1]",001110100011000001,"[""100000110001011100""]",1,0.000244140625,False,False,,,,3.494769452535233,0.11833848630498126,{},{}
"[0, 0, 1, 1, 1, 0, 1, 0, 0, 0, 1, 1, 0, 0, 0, 0, 1, 0]",001110100011000010,"[""10000110001011100""]",1,0.000244140625,False,False,,,,3.5114947972341213,0.11894161476770007,{},{}
"[0, 0, 1, 1, 1, 0, 1, 0, 0, 0, 1, 1, 1, 1, 0, 1, 1, 0]",001110100011110110,"[""11011110001011100""]",1,0.000244140625,False,False,,,,5.2551662978216935,0.1818197156720064,{},{}
"[0, 0, 1, 1, 1, 0, 1, 0, 0, 1, 0, 1, 0, 1, 0, 0, 1, 1]",001110100101010011,"[""110010101001011100""]",1,0.000244140625,False,False,,,,3.9911001893839035,0.1362365445934622,{},{}
"[0, 0, 1, 1, 1, 0, 1, 0, 0, 1, 0, 1, 0, 1, 1, 0, 1, 1]",001110100101011011,"[""110110101001011100""]",1,0.000244140625,False,False,,,,5.27296272478344,0.18246146816372272,{},{}
"[0, 0, 1, 1, 1, 0, 1, 0, 0, 1, 1, 0, 1, 0, 0, 1, 1, 1]",001110100110100111,"[""111001011001011100""]",1,0.000244140625,False,False,,,,7.306267818925589,0.25578397348403553,{},{}
"[0, 0, 1, 1, 1, 0, 1, 0, 0, 1, 1, 1, 1, 0, 0, 1, 1, 1]",001110100111100111,"[""111001111001011100""]",1,0.000244140625,False,False,,,,10.562996652375293,0.3732240555973292,{},{}
"[0, 0, 1, 1, 1, 0, 1, 0, 1, 0, 0, 0, 0, 0, 1, 0, 1, 1]",001110101000001011,"[""110100000101011100""]",1,0.000244140625,False,False,,,,4.805338744970152,0.16559859704489954,{},{}
"[0, 0, 1, 1, 1, 0, 1, 0, 1, 0, 0, 1, 0, 0, 1, 1, 0, 0]",001110101001001100,"[""1100100101011100""]",1,0.000244140625,False,False,,,,2.825052599494631,0.09418799474242988,{},{}
"[0, 0, 1, 1, 1, 0, 1, 0, 1, 0, 1, 0, 1, 0, 0, 1, 0, 0]",001110101010100100,"[""1001010101011100""]",1,0.000244140625,False,False,,,,2.772291879296894,0.09228540363667442,{},{}
"[0, 0, 1, 1, 1, 0, 1, 0, 1, 0, 1, 1, 0, 0, 1, 0, 0, 1]",001110101011001001,"[""100100110101011100""]",1,0.000244140625,False,False,,,,4.047840554253855,0.13828264466818255,{},{}
"[0, 0, 1, 1, 1, 0, 1, 0, 1, 0, 1, 1, 0, 1, 0, 0, 1, 0]",001110101011010010,"[""10010110101011100""]",1,0.000244140625,False,False,,,,3.995719293422357,0.1364031129463426,{},{}
"[0, 0, 1, 1, 1, 0, 1, 0, 1, 0, 1, 1, 1, 0, 1, 0, 1, 0]",001110101011101010,"[""10101110101011100""]",1,0.000244140625,False,False,,,,5.266527993280745,0.18222942692396957,{},{}
"[0, 0, 1, 1, 1, 0, 1, 0, 1, 0, 1, 1, 1, 1, 1, 0, 0, 0]",001110101011111000,"[""111110101011100""]",1,0.000244140625,False,False,,,,9.236505936429744,0.3253898063951465,{},{}
"[0, 0, 1, 1, 1, 0, 1, 0, 1, 1, 0, 0, 0, 0, 0, 0, 0, 1]",001110101100000001,"[""100000001101011100""]",1,0.000244140625,False,False,,,,3.5628806838379283,0.12079462834384824,{},{}
"[0, 0, 1, 1, 1, 0, 1, 0, 1, 1, 0, 1, 0, 0, 1, 0, 1, 0]",001110101101001010,"[""10100101101011100""]",1,0.000244140625,False,False,,,,4.019417593218408,0.13725769139494057,{},{}
"[0, 0, 1, 1, 1, 0, 1, 0, 1, 1, 1, 1, 0, 0, 1, 1, 1, 1]",001110101111001111,"[""111100111101011100""]",1,0.000244140625,False,False,,,,11.829745478744252,0.41890396749472425,{},{}
"[0, 0, 1, 1, 1, 0, 1, 0, 1, 1, 1, 1, 0, 1, 0, 0, 1, 1]",001110101111010011,"[""110010111101011100""]",1,0.000244140625,False,False,,,,8.51123820970914,0.299236108701511,{},{}
"[0, 0, 1, 1, 1, 0, 1, 1, 0, 0, 0, 1, 0, 1, 0, 1, 1, 1]",001110110001010111,"[""111010100011011100""]",1,0.000244140625,False,False,,,,7.287100200359518,0.2550927747955862,{},{}
"[0, 0, 1, 1, 1, 0, 1, 1, 0, 0, 1, 0, 0, 1, 0, 0, 0, 1]",001110110010010001,"[""100010010011011100""]",1,0.000244140625,False,False,,,,2.761249846964568,0.09188721967659556,{},{}
"[0, 0, 1, 1, 1, 0, 1, 1, 0, 0, 1, 1, 1, 0, 1, 0, 0, 1]",001110110011101001,"[""100101110011011100""]",1,0.000244140625,False,False,,,,5.259650475760784,0.181981418488639,{},{}
"[0, 0, 1, 1, 1, 0, 1, 1, 0, 0, 1, 1, 1, 1, 0, 0, 1, 0]",001110110011110010,"[""10011110011011100""]",1,0.000244140625,False,False,,,,5.28886787156188,0.18303501967482763,{},{}
"[0, 0, 1, 1, 1, 0, 1, 1, 0, 1, 0, 0, 1, 0, 1, 0, 0, 1]",001110110100101001,"[""100101001011011100""]",1,0.000244140625,False,False,,,,4.023245655858861,0.13739573420225448,{},{}
"[0, 0, 1, 1, 1, 0, 1, 1, 0, 1, 0, 0, 1, 1, 1, 1, 1, 0]",001110110100111110,"[""11111001011011100""]",1,0.000244140625,False,False,,,,8.611027834539073,0.3028345973486817,{},{}
"[0, 0, 1, 1, 1, 0, 1, 1, 0, 1, 0, 1, 0, 1, 0, 1, 1, 0]",001110110101010110,"[""11010101011011100""]",1,0.000244140625,False,False,,,,5.290233187974742,0.18308425400775405,{},{}
"[0, 0, 1, 1, 1, 0, 1, 1, 0, 1, 1, 0, 0, 1, 1, 0, 1, 0]",001110110110011010,"[""10110011011011100""]",1,0.000244140625,False,False,,,,5.290309024484218,0.18308698872911267,{},{}
"[0, 0, 1, 1, 1, 0, 1, 1, 1, 0, 0, 0, 1, 0, 0, 0, 1, 0]",001110111000100010,"[""10001000111011100""]",1,0.000244140625,False,False,,,,6.769059557748505,0.23641184103733492,{},{}
"[0, 0, 1, 1, 1, 0, 1, 1, 1, 0, 0, 1, 0, 0, 0, 0, 0, 1]",001110111001000001,"[""100000100111011100""]",1,0.000244140625,False,False,,,,6.803097749609273,0.2376392837418239,{},{}
"[0, 0, 1, 1, 1, 0, 1, 1, 1, 1, 0, 0, 0, 1, 0, 1, 1, 0]",001110111100010110,"[""11010001111011100""]",1,0.000244140625,False,False,,,,7.285315005853281,0.2550283993439835,{},{}
"[0, 0, 1, 1, 1, 0, 1, 1, 1, 1, 0, 0, 0, 1, 1, 1, 0, 0]",001110111100011100,"[""1110001111011100""]",1,0.000244140625,False,False,,,,7.284222827833615,0.2549890145861878,{},{}
"[0, 0, 1, 1, 1, 0, 1, 1, 1, 1, 0, 0, 1, 0, 0, 0, 1, 0]",001110111100100010,"[""10001001111011100""]",1,0.000244140625,False,False,,,,6.013922319048507,0.20918102635946834,{},{}
"[0, 0, 1, 1, 1, 0, 1, 1, 1, 1, 1, 1, 1, 0, 0, 0, 0, 1]",001110111111100001,"[""100001111111011100""]",1,0.000244140625,False,False,,,,10.529052215656169,0.37199999377350185,{},{}
"[0, 0, 1, 1, 1, 1, 0, 0, 0, 0, 0, 1, 1, 1, 0, 0, 1, 0]",001111000001110010,"[""10011100000111100""]",1,0.000244140625,False,False,,,,6.7562652630956475,0.2359504691849472,{},{}
"[0, 0, 1, 1, 1, 1, 0, 0, 0, 0, 1, 0, 1, 0, 0, 0, 0, 0]",001111000010100000,"[""1010000111100""]",1,0.000244140625,False,False,,,,6.253994038102593,0.21783819244256736,{},{}
"[0, 0, 1, 1, 1, 1, 0, 0, 0, 1, 0, 0, 0, 1, 0, 1, 1, 0]",001111000100010110,"[""11010001000111100""]",1,0.000244140625,False,False,,,,6.777002577735295,0.23669827229003707,{},{}
"[0, 0, 1, 1, 1, 1, 0, 0, 0, 1, 1, 0, 0, 1, 1, 1, 1, 1]",001111000110011111,"[""111110011000111100""]",1,0.000244140625,False,False,,,,12.589761323729778,0.44631070837095477,{},{}
"[0, 0, 1, 1, 1, 1, 0, 0, 0, 1, 1, 0, 1, 0, 0, 1, 1, 0]",001111000110100110,"[""11001011000111100""]",1,0.000244140625,False,False,,,,8.007082314286075,0.28105586933117654,{},{}
"[0, 0, 1, 1, 1, 1, 0, 0, 1, 0, 0, 1, 1, 0, 0, 1, 0, 0]",001111001001100100,"[""1001100100111100""]",1,0.000244140625,False,False,,,,4.824914886759755,0.16630452738691,{},{}
"[0, 0, 1, 1, 1, 1, 0, 0, 1, 0, 1, 0, 0, 0, 0, 0, 0, 1]",001111001010000001,"[""100000010100111100""]",1,0.000244140625,False,False,,,,5.680847720472195,0.19717010675053662,{},{}
"[0, 0, 1, 1, 1, 1, 0, 0, 1, 0, 1, 0, 0, 1, 0, 1, 0, 1]",001111001010010101,"[""101010010100111100""]",1,0.000244140625,False,False,,,,6.130933536281894,0.21340053853344,{},{}
"[0, 0, 1, 1, 1, 1, 0, 0, 1, 0, 1, 0, 0, 1, 1, 0, 0, 0]",001111001010011000,"[""110010100111100""]",1,0.000244140625,False,False,,,,6.825877938623616,0.23846075442766143,{},{}
"[0, 0, 1, 1, 1, 1, 0, 0, 1, 1, 0, 0, 1, 1, 1, 0, 0, 1]",001111001100111001,"[""100111001100111100""]",1,0.000244140625,False,False,,,,9.358846661180326,0.3298015046037717,{},{}
"[0, 0, 1, 1, 1, 1, 0, 0, 1, 1, 0, 1, 0, 1, 1, 1, 1, 1]",001111001101011111,"[""111110101100111100""]",1,0.000244140625,False,False,,,,11.931978224962759,0.4225905569298819,{},{}
"[0, 0, 1, 1, 1, 1, 0, 1, 0, 0, 0, 1, 0, 0, 1, 0, 1, 0]",001111010001001010,"[""10100100010111100""]",1,0.000244140625,False,False,,,,4.875337431310555,0.16812280212676137,{},{}
"[0, 0, 1, 1, 1, 1, 0, 1, 0, 0, 0, 1, 1, 1, 1, 0, 1, 0]",001111010001111010,"[""10111100010111100""]",1,0.000244140625,False,False,,,,9.332903964841561,0.32886599153403984,{},{}
"[0, 0, 1, 1, 1, 1, 0, 1, 0, 0, 1, 0, 0, 0, 0, 0, 0, 1]",001111010010000001,"[""100000010010111100""]",1,0.000244140625,False,False,,,,5.618839674646756,0.19493405015330662,{},{}
"[0, 0, 1, 1, 1, 1, 0, 1, 0, 0, 1, 0, 0, 1, 1, 0, 1, 0]",001111010010011010,"[""10110010010111100""]",1,0.000244140625,False,False,,,,6.153617221004769,0.21421852920221315,{},{}
"[0, 0, 1, 1, 1, 1, 0, 1, 0, 1, 1, 0, 0, 1, 0, 0, 0, 0]",001111010110010000,"[""10011010111100""]",1,0.000244140625,False,False,,,,6.762849386218978,0.23618789759848474,{},{}
"[0, 0, 1, 1, 1, 1, 0, 1, 0, 1, 1, 1, 1, 1, 0, 1, 1, 0]",001111010111110110,"[""11011111010111100""]",1,0.000244140625,False,False,,,,11.819103636283531,0.4185202146812915,{},{}
"[0, 0, 1, 1, 1, 1, 0, 1, 1, 0, 0, 0, 1, 1, 1, 1, 1, 0]",001111011000111110,"[""11111000110111100""]",1,0.000244140625,False,False,,,,12.617701730649328,0.44731826038118305,{},{}
"[0, 0, 1, 1, 1, 1, 0, 1, 1, 0, 0, 1, 1, 0, 0, 0, 0, 0]",001111011001100000,"[""1100110111100""]",1,0.000244140625,False,False,,,,6.800402654827031,0.2375420966044489,{},{}
"[0, 0, 1, 1, 1, 1, 0, 1, 1, 0, 1, 1, 1, 0, 1, 1, 0, 1]",001111011011101101,"[""101101110110111100""]",1,0.000244140625,False,False,,,,9.920827705323608,0.350066962167333,{},{}
"[0, 0, 1, 1, 1, 1, 0, 1, 1, 1, 0, 1, 0, 1, 1, 1, 1, 1]",001111011101011111,"[""111110101110111100""]",1,0.000244140625,False,False,,,,13.23035727361498,0.4694110783444265,{},{}
"[0, 0, 1, 1, 1, 1, 0, 1, 1, 1, 0, 1, 1, 0, 0, 1, 1, 0]",001111011101100110,"[""11001101110111100""]",1,0.000244140625,False,False,,,,8.565391649915059,0.3011889223343746,{},{}
"[0, 0, 1, 1, 1, 1, 0, 1, 1, 1, 0, 1, 1, 1, 0, 0, 1, 0]",001111011101110010,"[""10011101110111100""]",1,0.000244140625,False,False,,,,8.538194474325921,0.3002081718028498,{},{}
"[0, 0, 1, 1, 1, 1, 0, 1, 1, 1, 1, 0, 0, 1, 0, 1, 0, 1]",001111011110010101,"[""101010011110111100""]",1,0.000244140625,False,False,,,,8.653846331572236,0.30437866443707234,{},{}
"[0, 0, 1, 1, 1, 1, 0, 1, 1, 1, 1, 1, 0, 1, 0, 0, 0, 1]",001111011111010001,"[""100010111110111100""]",1,0.000244140625,False,False,,,,10.633109016932588,0.3757523600008751,{},{}
"[0, 0, 1, 1, 1, 1, 1, 0, 0, 0, 0, 0, 1, 1, 0, 1, 1, 1]",001111100000110111,"[""111011000001111100""]",1,0.000244140625,False,False,,,,11.35868652413236,0.4019172286107185,{},{}
"[0, 0, 1, 1, 1, 1, 1, 0, 0, 0, 0, 0, 1, 1, 1, 0, 1, 0]",001111100000111010,"[""10111000001111100""]",1,0.000244140625,False,False,,,,10.014843195059221,0.35345723117624417,{},{}
"[0, 0, 1, 1, 1, 1, 1, 0, 0, 1, 0, 0, 1, 1, 0, 0, 0, 1]",001111100100110001,"[""100011001001111100""]",1,0.000244140625,False,False,,,,6.064535189904791,0.2110061644085135,{},{}
"[0, 0, 1, 1, 1, 1, 1, 0, 0, 1, 0, 1, 0, 1, 1, 0, 1, 0]",001111100101011010,"[""10110101001111100""]",1,0.000244140625,False,False,,,,7.2873670611939225,0.2551023979972428,{},{}
"[0, 0, 1, 1, 1, 1, 1, 0, 0, 1, 1, 0, 1, 0, 1, 0, 0, 1]",001111100110101001,"[""100101011001111100""]",1,0.000244140625,False,False,,,,7.2882328050621705,0.25513361736986356,{},{}
"[0, 0, 1, 1, 1, 1, 1, 0, 1, 0, 0, 0, 0, 1, 1, 0, 1, 0]",001111101000011010,"[""10110000101111100""]",1,0.000244140625,False,False,,,,8.063279423867487,0.28308237921311225,{},{}
"[0, 0, 1, 1, 1, 1, 1, 0, 1, 1, 0, 1, 1, 0, 0, 1, 0, 0]",001111101101100100,"[""1001101101111100""]",1,0.000244140625,False,False,,,,7.415998387145876,0.2597409399989537,{},{}
"[0, 0, 1, 1, 1, 1, 1, 0, 1, 1, 0, 1, 1, 1, 1, 0, 0, 0]",001111101101111000,"[""111101101111100""]",1,0.000244140625,False,False,,,,12.577322736990862,0.4458621636124879,{},{}
"[0, 0, 1, 1, 1, 1, 1, 0, 1, 1, 1, 0, 0, 0, 1, 0, 1, 0]",001111101110001010,"[""10100011101111100""]",1,0.000244140625,False,False,,,,7.268123824040163,0.2544084724458578,{},{}
"[0, 0, 1, 1, 1, 1, 1, 0, 1, 1, 1, 0, 1, 0, 0, 0, 0, 0]",001111101110100000,"[""1011101111100""]",1,0.000244140625,False,False,,,,8.03729021521928,0.2821451888746486,{},{}
"[0, 0, 1, 1, 1, 1, 1, 0, 1, 1, 1, 0, 1, 1, 1, 1, 1, 0]",001111101110111110,"[""11111011101111100""]",1,0.000244140625,False,False,,,,13.135643087361885,0.4659956138155376,{},{}
"[0, 0, 1, 1, 1, 1, 1, 0, 1, 1, 1, 1, 1, 1, 1, 0, 1, 0]",001111101111111010,"[""10111111101111100""]",1,0.000244140625,False,False,,,,15.087589615225356,0.5363842682710651,{},{}
"[0, 0, 1, 1, 1, 1, 1, 1, 0, 0, 0, 1, 1, 1, 1, 0, 1, 1]",001111110001111011,"[""110111100011111100""]",1,0.000244140625,False,False,,,,11.879905016814089,0.42071275802379227,{},{}
"[0, 0, 1, 1, 1, 1, 1, 1, 0, 0, 1, 0, 1, 1, 1, 0, 1, 0]",001111110010111010,"[""10111010011111100""]",1,0.000244140625,False,False,,,,10.570135683606969,0.3734814944130654,{},{}
"[0, 0, 1, 1, 1, 1, 1, 1, 0, 0, 1, 1, 0, 0, 1, 0, 0, 0]",001111110011001000,"[""100110011111100""]",1,0.000244140625,False,False,,,,8.039753251281745,0.28223400780069885,{},{}
"[0, 0, 1, 1, 1, 1, 1, 1, 0, 1, 0, 1, 1, 0, 1, 0, 0, 1]",001111110101101001,"[""100101101011111100""]",1,0.000244140625,False,False,,,,8.605053341833157,0.3026191526648132,{},{}
"[0, 0, 1, 1, 1, 1, 1, 1, 0, 1, 1, 0, 1, 1, 1, 1, 1, 0]",001111110110111110,"[""11111011011111100""]",1,0.000244140625,False,False,,,,13.16070948512803,0.4668995269021001,{},{}
"[0, 0, 1, 1, 1, 1, 1, 1, 1, 0, 0, 0, 1, 0, 1, 1, 1, 0]",001111111000101110,"[""11101000111111100""]",1,0.000244140625,False,False,,,,12.624278105715737,0.44755540939398214,{},{}
"[0, 0, 1, 1, 1, 1, 1, 1, 1, 1, 0, 1, 1, 0, 0, 1, 0, 1]",001111111101100101,"[""101001101111111100""]",1,0.000244140625,False,False,,,,11.986832584028301,0.42456864622204615,{},{}
"[0, 0, 1, 1, 1, 1, 1, 1, 1, 1, 1, 0, 0, 1, 0, 0, 1, 0]",001111111110010010,"[""10010011111111100""]",1,0.000244140625,False,False,,,,10.60188042681404,0.37462623364054193,{},{}
"[0, 1, 0, 0, 0, 0, 0, 0, 0, 0, 0, 0, 1, 0, 0, 0, 0, 0]",010000000000100000,"[""1000000000010""]",1,0.000244140625,False,False,,,,3.408278125930783,0.11521954425669446,{},{}
"[0, 1, 0, 0, 0, 0, 0, 0, 0, 0, 0, 1, 1, 0, 1, 0, 1, 0]",010000000001101010,"[""10101100000000010""]",1,0.000244140625,False,False,,,,3.0224967856125238,0.10130798004557097,{},{}
"[0, 1, 0, 0, 0, 0, 0, 0, 0, 0, 1, 0, 1, 0, 1, 1, 1, 1]",010000000010101111,"[""111101010000000010""]",1,0.000244140625,False,False,,,,7.4349030005655745,0.26042265452474606,{},{}
"[0, 1, 0, 0, 0, 0, 0, 0, 0, 1, 0, 0, 1, 0, 0, 0, 1, 0]",010000000100100010,"[""10001001000000010""]",1,0.000244140625,False,False,,,,1.7657018087028722,0.05598701141844077,{},{}
"[0, 1, 0, 0, 0, 0, 0, 0, 0, 1, 0, 0, 1, 1, 0, 1, 0, 0]",010000000100110100,"[""1011001000000010""]",1,0.000244140625,False,False,,,,2.971788020319837,0.09947938397129213,{},{}
"[0, 1, 0, 0, 0, 0, 0, 0, 0, 1, 0, 1, 1, 1, 1, 0, 0, 0]",010000000101111000,"[""111101000000010""]",1,0.000244140625,False,False,,,,8.171545758787932,0.2869865443780376,{},{}
"[0, 1, 0, 0, 0, 0, 0, 0, 0, 1, 1, 1, 0, 1, 0, 1, 0, 1]",010000000111010101,"[""101010111000000010""]",1,0.000244140625,False,False,,,,7.412778460057072,0.25962482701532913,{},{}
"[0, 1, 0, 0, 0, 0, 0, 0, 0, 1, 1, 1, 0, 1, 1, 1, 0, 1]",010000000111011101,"[""101110111000000010""]",1,0.000244140625,False,False,,,,8.646506496210094,0.304113984473922,{},{}
"[0, 1, 0, 0, 0, 0, 0, 0, 1, 0, 0, 1, 0, 0, 0, 1, 0, 1]",010000001001000101,"[""101000100100000010""]",1,0.000244140625,False,False,,,,3.0929593912465663,0.10384891440479213,{},{}
"[0, 1, 0, 0, 0, 0, 0, 0, 1, 0, 0, 1, 1, 0, 1, 1, 1, 0]",010000001001101110,"[""11101100100000010""]",1,0.000244140625,False,False,,,,3.439499030642226,0.11634539347548843,{},{}
"[0, 1, 0, 0, 0, 0, 0, 0, 1, 0, 1, 0, 0, 1, 1, 0, 0, 1]",010000001010011001,"[""100110010100000010""]",1,0.000244140625,False,False,,,,2.365360059282598,0.07761113727892888,{},{}
"[0, 1, 0, 0, 0, 0, 0, 0, 1, 0, 1, 0, 1, 0, 0, 0, 1, 0]",010000001010100010,"[""10001010100000010""]",1,0.000244140625,False,False,,,,1.053212363505527,0.030294108131740577,{},{}
"[0, 1, 0, 0, 0, 0, 0, 0, 1, 0, 1, 1, 0, 1, 0, 1, 1, 0]",010000001011010110,"[""11010110100000010""]",1,0.000244140625,False,False,,,,3.496164963659118,0.1183888094818131,{},{}
"[0, 1, 0, 0, 0, 0, 0, 0, 1, 0, 1, 1, 0, 1, 1, 0, 0, 0]",010000001011011000,"[""110110100000010""]",1,0.000244140625,False,False,,,,4.312106128349007,0.14781225929335137,{},{}
"[0, 1, 0, 0, 0, 0, 0, 0, 1, 1, 0, 0, 1, 0, 0, 0, 1, 0]",010000001100100010,"[""10001001100000010""]",1,0.000244140625,False,False,,,,0.9959528156567714,0.028229285929762864,{},{}
"[0, 1, 0, 0, 0, 0, 0, 0, 1, 1, 0, 1, 0, 1, 1, 0, 1, 0]",010000001101011010,"[""10110101100000010""]",1,0.000244140625,False,False,,,,3.4718421848342533,0.11751171185149248,{},{}
"[0, 1, 0, 0, 0, 0, 0, 0, 1, 1, 0, 1, 1, 1, 0, 1, 1, 0]",010000001101110110,"[""11011101100000010""]",1,0.000244140625,False,False,,,,4.62815974522577,0.15920938954778946,{},{}
"[0, 1, 0, 0, 0, 0, 0, 0, 1, 1, 1, 0, 0, 1, 1, 0, 0, 0]",010000001110011000,"[""110011100000010""]",1,0.000244140625,False,False,,,,4.2174307610950645,0.1443981946066603,{},{}
"[0, 1, 0, 0, 0, 0, 0, 0, 1, 1, 1, 0, 1, 0, 0, 1, 0, 1]",010000001110100101,"[""101001011100000010""]",1,0.000244140625,False,False,,,,3.47034365583068,0.11745767377272423,{},{}
"[0, 1, 0, 0, 0, 0, 0, 1, 0, 0, 0, 0, 0, 0, 0, 0, 1, 0]",010000010000000010,"[""10000000010000010""]",1,0.000244140625,False,False,,,,2.7322085608508804,0.09083996913769993,{},{}
"[0, 1, 0, 0, 0, 0, 0, 1, 0, 0, 0, 0, 0, 0, 1, 0, 1, 0]",010000010000001010,"[""10100000010000010""]",1,0.000244140625,False,False,,,,1.9278901682137548,0.061835645195727776,{},{}
"[0, 1, 0, 0, 0, 0, 0, 1, 0, 0, 0, 0, 1, 0, 1, 0, 0, 0]",010000010000101000,"[""101000010000010""]",1,0.000244140625,False,False,,,,3.8281770651946134,0.13036141465128734,{},{}
"[0, 1, 0, 0, 0, 0, 0, 1, 0, 0, 0, 1, 1, 0, 0, 1, 0, 0]",010000010001100100,"[""1001100010000010""]",1,0.000244140625,False,False,,,,0.9804559320557524,0.02767045669476143,{},{}
"[0, 1, 0, 0, 0, 0, 0, 1, 0, 0, 0, 1, 1, 1, 0, 0, 0, 1]",010000010001110001,"[""100011100010000010""]",1,0.000244140625,False,False,,,,2.259973215416943,0.07381080871914106,{},{}
"[0, 1, 0, 0, 0, 0, 0, 1, 0, 0, 1, 0, 1, 1, 0, 1, 1, 0]",010000010010110110,"[""11011010010000010""]",1,0.000244140625,False,False,,,,3.547768897567849,0.12024968600716718,{},{}
"[0, 1, 0, 0, 0, 0, 0, 1, 0, 1, 0, 0, 1, 1, 0, 1, 0, 1]",010000010100110101,"[""101011001010000010""]",1,0.000244140625,False,False,,,,3.4715733902059425,0.11750201891577851,{},{}
"[0, 1, 0, 0, 0, 0, 0, 1, 0, 1, 0, 0, 1, 1, 1, 1, 0, 0]",010000010100111100,"[""1111001010000010""]",1,0.000244140625,False,False,,,,5.442761409491373,0.18858453597029418,{},{}
"[0, 1, 0, 0, 0, 0, 0, 1, 0, 1, 0, 1, 1, 1, 0, 1, 1, 1]",010000010101110111,"[""111011101010000010""]",1,0.000244140625,False,False,,,,7.931532372458351,0.278331481816695,{},{}
"[0, 1, 0, 0, 0, 0, 0, 1, 0, 1, 0, 1, 1, 1, 1, 1, 1, 0]",010000010101111110,"[""11111101010000010""]",1,0.000244140625,False,False,,,,7.926412940771273,0.2781468712738924,{},{}
"[0, 1, 0, 0, 0, 0, 0, 1, 0, 1, 1, 0, 1, 1, 0, 0, 0, 0]",010000010110110000,"[""11011010000010""]",1,0.000244140625,False,False,,,,4.233755277781086,0.1449868689108809,{},{}
"[0, 1, 0, 0, 0, 0, 0, 1, 1, 0, 1, 0, 0, 1, 1, 0, 1, 1]",010000011010011011,"[""110110010110000010""]",1,0.000244140625,False,False,,,,4.970072519672187,0.1715390204013468,{},{}
"[0, 1, 0, 0, 0, 0, 0, 1, 1, 0, 1, 0, 1, 1, 0, 1, 1, 1]",010000011010110111,"[""111011010110000010""]",1,0.000244140625,False,False,,,,8.084399786599203,0.2838439953194332,{},{}
"[0, 1, 0, 0, 0, 0, 0, 1, 1, 1, 0, 0, 0, 0, 0, 0, 1, 1]",010000011100000011,"[""110000001110000010""]",1,0.000244140625,False,False,,,,4.364081078301815,0.14968651493527,{},{}
"[0, 1, 0, 0, 0, 0, 0, 1, 1, 1, 0, 0, 1, 0, 0, 1, 0, 0]",010000011100100100,"[""1001001110000010""]",1,0.000244140625,False,False,,,,2.239158758028691,0.07306022378873078,{},{}
"[0, 1, 0, 0, 0, 0, 0, 1, 1, 1, 0, 1, 0, 1, 1, 1, 0, 0]",010000011101011100,"[""1110101110000010""]",1,0.000244140625,False,False,,,,4.6898127908280705,0.1614326445709592,{},{}
"[0, 1, 0, 0, 0, 0, 0, 1, 1, 1, 0, 1, 1, 0, 0, 0, 0, 0]",010000011101100000,"[""1101110000010""]",1,0.000244140625,False,False,,,,4.205188460343761,0.14395672806799065,{},{}
"[0, 1, 0, 0, 0, 0, 0, 1, 1, 1, 1, 0, 0, 1, 0, 1, 0, 1]",010000011110010101,"[""101010011110000010""]",1,0.000244140625,False,False,,,,4.785963891204334,0.16489992529985883,{},{}
"[0, 1, 0, 0, 0, 0, 0, 1, 1, 1, 1, 0, 1, 1, 1, 0, 0, 0]",010000011110111000,"[""111011110000010""]",1,0.000244140625,False,False,,,,8.696321992696031,0.3059103686056724,{},{}
"[0, 1, 0, 0, 0, 0, 0, 1, 1, 1, 1, 1, 0, 0, 0, 0, 1, 0]",010000011111000010,"[""10000111110000010""]",1,0.000244140625,False,False,,,,7.533610891488776,0.26398213503665946,{},{}
"[0, 1, 0, 0, 0, 0, 0, 1, 1, 1, 1, 1, 0, 0, 1, 0, 0, 0]",010000011111001000,"[""100111110000010""]",1,0.000244140625,False,False,,,,7.493722883487432,0.2625437435786726,{},{}
"[0, 1, 0, 0, 0, 0, 0, 1, 1, 1, 1, 1, 0, 1, 1, 0, 1, 1]",010000011111011011,"[""110110111110000010""]",1,0.000244140625,False,False,,,,9.33207340253712,0.32883604083497275,{},{}
"[0, 1, 0, 0, 0, 0, 0, 1, 1, 1, 1, 1, 1, 0, 0, 1, 0, 0]",010000011111100100,"[""1001111110000010""]",1,0.000244140625,False,False,,,,6.648599290956612,0.23206795355179194,{},{}
"[0, 1, 0, 0, 0, 0, 1, 0, 0, 0, 0, 0, 1, 0, 0, 0, 0, 1]",010000100000100001,"[""100001000001000010""]",1,0.000244140625,False,False,,,,1.8226459399096806,0.05804045945995732,{},{}
"[0, 1, 0, 0, 0, 0, 1, 0, 0, 0, 0, 1, 0, 0, 1, 0, 1, 1]",010000100001001011,"[""110100100001000010""]",1,0.000244140625,False,False,,,,2.2789240689527945,0.07449419069817119,{},{}
"[0, 1, 0, 0, 0, 0, 1, 0, 0, 0, 0, 1, 0, 1, 1, 1, 0, 1]",010000100001011101,"[""101110100001000010""]",1,0.000244140625,False,False,,,,3.4568926383469805,0.11697262000295128,{},{}
"[0, 1, 0, 0, 0, 0, 1, 0, 0, 0, 1, 0, 0, 1, 0, 1, 0, 1]",010000100010010101,"[""101010010001000010""]",1,0.000244140625,False,False,,,,2.2307823544139187,0.07275816439765434,{},{}
"[0, 1, 0, 0, 0, 0, 1, 0, 0, 0, 1, 0, 0, 1, 1, 1, 0, 1]",010000100010011101,"[""101110010001000010""]",1,0.000244140625,False,False,,,,3.432920325196953,0.11610816042748129,{},{}
"[0, 1, 0, 0, 0, 0, 1, 0, 0, 0, 1, 1, 0, 0, 1, 0, 1, 1]",010000100011001011,"[""110100110001000010""]",1,0.000244140625,False,False,,,,3.48867979195579,0.1181188885812941,{},{}
"[0, 1, 0, 0, 0, 0, 1, 0, 0, 0, 1, 1, 0, 1, 0, 0, 1, 0]",010000100011010010,"[""10010110001000010""]",1,0.000244140625,False,False,,,,2.280828774653813,0.07456287581301153,{},{}
"[0, 1, 0, 0, 0, 0, 1, 0, 0, 1, 0, 0, 0, 0, 1, 0, 0, 0]",010000100100001000,"[""100001001000010""]",1,0.000244140625,False,False,,,,1.7844952899302757,0.0566647184341038,{},{}
"[0, 1, 0, 0, 0, 0, 1, 0, 0, 1, 0, 1, 1, 0, 0, 1, 0, 0]",010000100101100100,"[""1001101001000010""]",1,0.000244140625,False,False,,,,2.246788981168572,0.07333537535274394,{},{}
"[0, 1, 0, 0, 0, 0, 1, 0, 0, 1, 0, 1, 1, 0, 1, 1, 1, 1]",010000100101101111,"[""111101101001000010""]",1,0.000244140625,False,False,,,,7.940087025464543,0.2786399690143944,{},{}
"[0, 1, 0, 0, 0, 0, 1, 0, 0, 1, 1, 0, 1, 0, 1, 0, 1, 1]",010000100110101011,"[""110101011001000010""]",1,0.000244140625,False,False,,,,4.637426033079512,0.1595435388313441,{},{}
"[0, 1, 0, 0, 0, 0, 1, 0, 0, 1, 1, 0, 1, 0, 1, 1, 0, 1]",010000100110101101,"[""101101011001000010""]",1,0.000244140625,False,False,,,,4.666998263195684,0.16060993560882394,{},{}
"[0, 1, 0, 0, 0, 0, 1, 0, 0, 1, 1, 1, 0, 0, 1, 1, 1, 0]",010000100111001110,"[""11100111001000010""]",1,0.000244140625,False,False,,,,6.6543406892044885,0.23227499267483787,{},{}
"[0, 1, 0, 0, 0, 0, 1, 0, 0, 1, 1, 1, 1, 0, 0, 1, 1, 1]",010000100111100111,"[""111001111001000010""]",1,0.000244140625,False,False,,,,9.916114712314513,0.34989700810781704,{},{}
"[0, 1, 0, 0, 0, 0, 1, 0, 1, 0, 0, 0, 0, 0, 0, 1, 1, 0]",010000101000000110,"[""11000000101000010""]",1,0.000244140625,False,False,,,,5.041731650914552,0.1741231023706019,{},{}
"[0, 1, 0, 0, 0, 0, 1, 0, 1, 0, 0, 0, 1, 0, 1, 1, 0, 0]",010000101000101100,"[""1101000101000010""]",1,0.000244140625,False,False,,,,4.257019497297696,0.1458257940993309,{},{}
"[0, 1, 0, 0, 0, 0, 1, 0, 1, 0, 0, 1, 1, 0, 0, 1, 1, 0]",010000101001100110,"[""11001100101000010""]",1,0.000244140625,False,False,,,,3.4526083356507113,0.11681812483734823,{},{}
"[0, 1, 0, 0, 0, 0, 1, 0, 1, 0, 1, 0, 0, 0, 1, 1, 1, 1]",010000101010001111,"[""111100010101000010""]",1,0.000244140625,False,False,,,,6.724812279102202,0.2348162510133392,{},{}
"[0, 1, 0, 0, 0, 0, 1, 0, 1, 0, 1, 0, 1, 1, 0, 1, 0, 0]",010000101010110100,"[""1011010101000010""]",1,0.000244140625,False,False,,,,3.4488813695493423,0.11668372764698878,{},{}
"[0, 1, 0, 0, 0, 0, 1, 0, 1, 0, 1, 0, 1, 1, 1, 1, 1, 0]",010000101010111110,"[""11111010101000010""]",1,0.000244140625,False,False,,,,7.922073334847033,0.2779903818324481,{},{}
"[0, 1, 0, 0, 0, 0, 1, 0, 1, 0, 1, 1, 0, 0, 0, 0, 1, 0]",010000101011000010,"[""10000110101000010""]",1,0.000244140625,False,False,,,,4.28010708967006,0.14665834998060662,{},{}
"[0, 1, 0, 0, 0, 0, 1, 0, 1, 1, 0, 0, 1, 1, 1, 0, 0, 1]",010000101100111001,"[""100111001101000010""]",1,0.000244140625,False,False,,,,6.709785554179426,0.2342743760525813,{},{}
"[0, 1, 0, 0, 0, 0, 1, 0, 1, 1, 1, 1, 1, 1, 0, 1, 0, 1]",010000101111110101,"[""101011111101000010""]",1,0.000244140625,False,False,,,,9.175978560312268,0.3232071438571024,{},{}
"[0, 1, 0, 0, 0, 0, 1, 1, 0, 0, 0, 0, 0, 1, 0, 1, 0, 0]",010000110000010100,"[""1010000011000010""]",1,0.000244140625,False,False,,,,3.048132276114648,0.10223241504263367,{},{}
"[0, 1, 0, 0, 0, 0, 1, 1, 0, 0, 0, 1, 1, 1, 0, 1, 1, 0]",010000110001110110,"[""11011100011000010""]",1,0.000244140625,False,False,,,,4.708932455977683,0.16212211402327795,{},{}
"[0, 1, 0, 0, 0, 0, 1, 1, 0, 0, 1, 0, 1, 0, 0, 1, 0, 0]",010000110010100100,"[""1001010011000010""]",1,0.000244140625,False,False,,,,2.2367524986157643,0.07297345227120759,{},{}
"[0, 1, 0, 0, 0, 0, 1, 1, 0, 0, 1, 0, 1, 0, 1, 0, 0, 0]",010000110010101000,"[""101010011000010""]",1,0.000244140625,False,False,,,,4.225353853240953,0.14468390724648691,{},{}
"[0, 1, 0, 0, 0, 0, 1, 1, 0, 0, 1, 0, 1, 0, 1, 0, 0, 1]",010000110010101001,"[""100101010011000010""]",1,0.000244140625,False,False,,,,3.449847441318397,0.11671856491889174,{},{}
"[0, 1, 0, 0, 0, 0, 1, 1, 0, 1, 0, 1, 1, 0, 0, 1, 0, 0]",010000110101100100,"[""1001101011000010""]",1,0.000244140625,False,False,,,,3.46310879672703,0.11719677933211747,{},{}
"[0, 1, 0, 0, 0, 0, 1, 1, 1, 0, 0, 1, 1, 0, 1, 0, 0, 0]",010000111001101000,"[""101100111000010""]",1,0.000244140625,False,False,,,,7.489236098814678,0.2623819467612708,{},{}
"[0, 1, 0, 0, 0, 0, 1, 1, 1, 0, 1, 0, 0, 1, 0, 1, 0, 0]",010000111010010100,"[""1010010111000010""]",1,0.000244140625,False,False,,,,5.530624187905943,0.19175293359853,{},{}
"[0, 1, 0, 0, 0, 0, 1, 1, 1, 1, 0, 0, 1, 1, 0, 0, 0, 1]",010000111100110001,"[""100011001111000010""]",1,0.000244140625,False,False,,,,6.770747214825904,0.23647269921616554,{},{}
"[0, 1, 0, 0, 0, 0, 1, 1, 1, 1, 1, 1, 1, 1, 0, 0, 0, 1]",010000111111110001,"[""100011111111000010""]",1,0.000244140625,False,False,,,,11.211463962414483,0.39660827271623506,{},{}
"[0, 1, 0, 0, 0, 1, 0, 0, 0, 0, 0, 0, 1, 1, 0, 0, 1, 1]",010001000000110011,"[""110011000000100010""]",1,0.000244140625,False,False,,,,4.379710737034991,0.15025013214102997,{},{}
"[0, 1, 0, 0, 0, 1, 0, 0, 0, 0, 0, 0, 1, 1, 1, 0, 0, 1]",010001000000111001,"[""100111000000100010""]",1,0.000244140625,False,False,,,,6.331291105776857,0.22062558262425674,{},{}
"[0, 1, 0, 0, 0, 1, 0, 0, 0, 0, 0, 1, 1, 1, 1, 0, 0, 0]",010001000001111000,"[""111100000100010""]",1,0.000244140625,False,False,,,,6.251462319971097,0.217746896789642,{},{}
"[0, 1, 0, 0, 0, 1, 0, 0, 0, 0, 1, 0, 0, 1, 1, 1, 0, 0]",010001000010011100,"[""1110010000100010""]",1,0.000244140625,False,False,,,,2.263186222664972,0.07392667216812197,{},{}
"[0, 1, 0, 0, 0, 1, 0, 0, 0, 0, 1, 1, 0, 0, 1, 0, 1, 0]",010001000011001010,"[""10100110000100010""]",1,0.000244140625,False,False,,,,2.3442899145835128,0.07685133207249464,{},{}
"[0, 1, 0, 0, 0, 1, 0, 0, 0, 0, 1, 1, 0, 1, 1, 1, 1, 0]",010001000011011110,"[""11110110000100010""]",1,0.000244140625,False,False,,,,4.760070736990155,0.16396619875626317,{},{}
"[0, 1, 0, 0, 0, 1, 0, 0, 0, 1, 0, 0, 1, 0, 0, 0, 1, 0]",010001000100100010,"[""10001001000100010""]",1,0.000244140625,False,False,,,,1.0167918835699485,0.028980758334143448,{},{}
"[0, 1, 0, 0, 0, 1, 0, 0, 0, 1, 0, 1, 0, 1, 0, 0, 0, 0]",010001000101010000,"[""10101000100010""]",1,0.000244140625,False,False,,,,3.0349704694254056,0.10175779043082445,{},{}
"[0, 1, 0, 0, 0, 1, 0, 0, 0, 1, 1, 1, 1, 1, 0, 1, 1, 0]",010001000111110110,"[""11011111000100010""]",1,0.000244140625,False,False,,,,7.899369420067439,0.27717166165267054,{},{}
"[0, 1, 0, 0, 0, 1, 0, 0, 1, 0, 0, 0, 0, 1, 1, 1, 0, 1]",010001001000011101,"[""101110000100100010""]",1,0.000244140625,False,False,,,,3.6698147780401937,0.12465075191018221,{},{}
"[0, 1, 0, 0, 0, 1, 0, 0, 1, 0, 0, 1, 0, 0, 1, 1, 1, 0]",010001001001001110,"[""11100100100100010""]",1,0.000244140625,False,False,,,,1.557519670076264,0.048479807501517695,{},{}
"[0, 1, 0, 0, 0, 1, 0, 0, 1, 0, 1, 0, 0, 0, 0, 1, 1, 0]",010001001010000110,"[""11000010100100010""]",1,0.000244140625,False,False,,,,2.3579842410153686,0.07734515974525788,{},{}
"[0, 1, 0, 0, 0, 1, 0, 0, 1, 0, 1, 0, 1, 0, 0, 1, 1, 1]",010001001010100111,"[""111001010100100010""]",1,0.000244140625,False,False,,,,4.86283306811007,0.16767188541980177,{},{}
"[0, 1, 0, 0, 0, 1, 0, 0, 1, 0, 1, 0, 1, 1, 0, 1, 1, 1]",010001001010110111,"[""111011010100100010""]",1,0.000244140625,False,False,,,,6.122542344303397,0.21309794586288616,{},{}
"[0, 1, 0, 0, 0, 1, 0, 0, 1, 0, 1, 1, 1, 1, 1, 1, 0, 1]",010001001011111101,"[""101111110100100010""]",1,0.000244140625,False,False,,,,7.2686770181951275,0.25442842104161323,{},{}
"[0, 1, 0, 0, 0, 1, 0, 0, 1, 1, 0, 0, 0, 0, 0, 1, 1, 1]",010001001100000111,"[""111000001100100010""]",1,0.000244140625,False,False,,,,5.659533708527234,0.19640150750847798,{},{}
"[0, 1, 0, 0, 0, 1, 0, 0, 1, 1, 0, 0, 0, 0, 1, 1, 0, 1]",010001001100001101,"[""101100001100100010""]",1,0.000244140625,False,False,,,,1.6330516226649254,0.051203546310558706,{},{}
"[0, 1, 0, 0, 0, 1, 0, 0, 1, 1, 0, 0, 1, 1, 0, 1, 0, 0]",010001001100110100,"[""1011001100100010""]",1,0.000244140625,False,False,,,,1.508469365999015,0.04671101678140965,{},{}
"[0, 1, 0, 0, 0, 1, 0, 0, 1, 1, 1, 1, 1, 0, 0, 0, 0, 0]",010001001111100000,"[""1111100100010""]",1,0.000244140625,False,False,,,,5.454380576862077,0.1890035318523241,{},{}
"[0, 1, 0, 0, 0, 1, 0, 1, 0, 0, 0, 0, 1, 1, 0, 1, 0, 0]",010001010000110100,"[""1011000010100010""]",1,0.000244140625,False,False,,,,2.2805216387641805,0.07455180026268386,{},{}
"[0, 1, 0, 0, 0, 1, 0, 1, 0, 0, 0, 1, 0, 0, 0, 0, 0, 0]",010001010001000000,"[""100010100010""]",1,0.000244140625,False,False,,,,1.9121984633681024,0.06126979056065859,{},{}
"[0, 1, 0, 0, 0, 1, 0, 1, 0, 0, 1, 0, 0, 0, 1, 1, 0, 1]",010001010010001101,"[""101100010010100010""]",1,0.000244140625,False,False,,,,1.582673030264925,0.049386856518200045,{},{}
"[0, 1, 0, 0, 0, 1, 0, 1, 0, 0, 1, 0, 1, 1, 1, 0, 1, 1]",010001010010111011,"[""110111010010100010""]",1,0.000244140625,False,False,,,,6.127802527100939,0.2132876319962017,{},{}
"[0, 1, 0, 0, 0, 1, 0, 1, 0, 0, 1, 0, 1, 1, 1, 1, 1, 1]",010001010010111111,"[""111111010010100010""]",1,0.000244140625,False,False,,,,9.331789950784074,0.3288258193523578,{},{}
"[0, 1, 0, 0, 0, 1, 0, 1, 0, 0, 1, 1, 0, 0, 0, 1, 0, 1]",010001010011000101,"[""101000110010100010""]",1,0.000244140625,False,False,,,,3.563995691735255,0.12083483636413966,{},{}
"[0, 1, 0, 0, 0, 1, 0, 1, 0, 1, 0, 0, 0, 1, 0, 1, 1, 0]",010001010100010110,"[""11010001010100010""]",1,0.000244140625,False,False,,,,1.558461141685561,0.048513757673226056,{},{}
"[0, 1, 0, 0, 0, 1, 0, 1, 0, 1, 0, 0, 1, 1, 1, 1, 1, 0]",010001010100111110,"[""11111001010100010""]",1,0.000244140625,False,False,,,,5.971790987279832,0.20766173896543175,{},{}
"[0, 1, 0, 0, 0, 1, 0, 1, 0, 1, 0, 1, 0, 0, 0, 0, 1, 0]",010001010101000010,"[""10000101010100010""]",1,0.000244140625,False,False,,,,2.2979144205279045,0.07517899700609425,{},{}
"[0, 1, 0, 0, 0, 1, 0, 1, 0, 1, 0, 1, 0, 1, 1, 1, 0, 1]",010001010101011101,"[""101110101010100010""]",1,0.000244140625,False,False,,,,4.022046951316523,0.13735250801822718,{},{}
"[0, 1, 0, 0, 0, 1, 0, 1, 1, 0, 0, 0, 0, 1, 1, 0, 1, 0]",010001011000011010,"[""10110000110100010""]",1,0.000244140625,False,False,,,,3.721107052766981,0.12650038977189842,{},{}
"[0, 1, 0, 0, 0, 1, 0, 1, 1, 0, 1, 0, 0, 1, 1, 1, 1, 1]",010001011010011111,"[""111110010110100010""]",1,0.000244140625,False,False,,,,7.4871652672774545,0.26230727102429313,{},{}
"[0, 1, 0, 0, 0, 1, 0, 1, 1, 0, 1, 0, 1, 0, 1, 0, 0, 1]",010001011010101001,"[""100101010110100010""]",1,0.000244140625,False,False,,,,2.882864313863145,0.09627272848286746,{},{}
"[0, 1, 0, 0, 0, 1, 0, 1, 1, 0, 1, 0, 1, 0, 1, 1, 0, 0]",010001011010101100,"[""1101010110100010""]",1,0.000244140625,False,False,,,,2.7610739404779885,0.09188087635687671,{},{}
"[0, 1, 0, 0, 0, 1, 0, 1, 1, 0, 1, 1, 1, 0, 1, 0, 0, 1]",010001011011101001,"[""100101110110100010""]",1,0.000244140625,False,False,,,,4.099356164408836,0.14014033617279237,{},{}
"[0, 1, 0, 0, 0, 1, 0, 1, 1, 0, 1, 1, 1, 0, 1, 1, 0, 1]",010001011011101101,"[""101101110110100010""]",1,0.000244140625,False,False,,,,5.303343588091973,0.18355702486005582,{},{}
"[0, 1, 0, 0, 0, 1, 0, 1, 1, 1, 0, 0, 0, 0, 0, 0, 1, 0]",010001011100000010,"[""10000001110100010""]",1,0.000244140625,False,False,,,,2.3835294499404793,0.07826633912100237,{},{}
"[0, 1, 0, 0, 0, 1, 0, 1, 1, 1, 0, 1, 0, 1, 0, 0, 1, 0]",010001011101010010,"[""10010101110100010""]",1,0.000244140625,False,False,,,,2.841482383136392,0.0947804650519546,{},{}
"[0, 1, 0, 0, 0, 1, 0, 1, 1, 1, 1, 0, 0, 1, 0, 0, 0, 0]",010001011110010000,"[""10011110100010""]",1,0.000244140625,False,False,,,,3.618661024767193,0.12280610923588842,{},{}
"[0, 1, 0, 0, 0, 1, 0, 1, 1, 1, 1, 0, 1, 0, 0, 1, 1, 0]",010001011110100110,"[""11001011110100010""]",1,0.000244140625,False,False,,,,4.021492492555402,0.1373325138198261,{},{}
"[0, 1, 0, 0, 0, 1, 0, 1, 1, 1, 1, 1, 0, 0, 1, 1, 1, 0]",010001011111001110,"[""11100111110100010""]",1,0.000244140625,False,False,,,,7.254064141022722,0.2539014697408441,{},{}
"[0, 1, 0, 0, 0, 1, 1, 0, 0, 0, 0, 0, 0, 0, 0, 1, 1, 1]",010001100000000111,"[""111000000001100010""]",1,0.000244140625,False,False,,,,6.356729625795673,0.22154291471809454,{},{}
"[0, 1, 0, 0, 0, 1, 1, 0, 0, 0, 0, 0, 0, 0, 1, 0, 0, 1]",010001100000001001,"[""100100000001100010""]",1,0.000244140625,False,False,,,,1.1301544300306752,0.033068696705978236,{},{}
"[0, 1, 0, 0, 0, 1, 1, 0, 0, 0, 0, 0, 0, 0, 1, 0, 1, 0]",010001100000001010,"[""10100000001100010""]",1,0.000244140625,False,False,,,,1.0624538503245669,0.03062736307139956,{},{}
"[0, 1, 0, 0, 0, 1, 1, 0, 0, 0, 0, 0, 1, 1, 0, 0, 0, 1]",010001100000110001,"[""100011000001100010""]",1,0.000244140625,False,False,,,,2.319027360895275,0.07594034545639512,{},{}
"[0, 1, 0, 0, 0, 1, 1, 0, 0, 0, 0, 1, 0, 0, 0, 0, 0, 0]",010001100001000000,"[""100001100010""]",1,0.000244140625,False,False,,,,1.84962882636422,0.05901348256471429,{},{}
"[0, 1, 0, 0, 0, 1, 1, 0, 0, 0, 0, 1, 0, 0, 0, 0, 1, 1]",010001100001000011,"[""110000100001100010""]",1,0.000244140625,False,False,,,,2.358774486676018,0.07737365659593919,{},{}
"[0, 1, 0, 0, 0, 1, 1, 0, 0, 0, 0, 1, 1, 0, 1, 1, 1, 1]",010001100001101111,"[""111101100001100010""]",1,0.000244140625,False,False,,,,5.991995677420021,0.20839033523195727,{},{}
"[0, 1, 0, 0, 0, 1, 1, 0, 0, 0, 0, 1, 1, 1, 0, 0, 0, 0]",010001100001110000,"[""11100001100010""]",1,0.000244140625,False,False,,,,2.2169471789843618,0.07225925760449098,{},{}
"[0, 1, 0, 0, 0, 1, 1, 0, 0, 0, 1, 1, 0, 0, 0, 0, 0, 1]",010001100011000001,"[""100000110001100010""]",1,0.000244140625,False,False,,,,2.3100750912953476,0.07561751990637773,{},{}
"[0, 1, 0, 0, 0, 1, 1, 0, 0, 0, 1, 1, 1, 1, 0, 1, 1, 0]",010001100011110110,"[""11011110001100010""]",1,0.000244140625,False,False,,,,3.9235144877693706,0.13379935354894784,{},{}
"[0, 1, 0, 0, 0, 1, 1, 0, 0, 1, 0, 0, 0, 0, 1, 0, 1, 0]",010001100100001010,"[""10100001001100010""]",1,0.000244140625,True,False,"[1, 2, 0, 0, 2, 1]",0.2390717194928637,0.20254450309820757,0.2390717194928644,0.0009355864450152491,"{""degradation"": 0.2512603428364569, ""nominal"": 0.22498704370525988, ""surge"": 0.24096777193687446}","{""degradation"": 0.20254450309820757, ""nominal"": 0.06650032037640702, ""surge"": 0.12357816450338986}"
"[0, 1, 0, 0, 0, 1, 1, 0, 0, 1, 0, 0, 1, 1, 0, 0, 0, 0]",010001100100110000,"[""11001001100010""]",1,0.000244140625,False,False,,,,2.2393429548394472,0.07306686606375166,{},{}
"[0, 1, 0, 0, 0, 1, 1, 0, 0, 1, 1, 0, 0, 0, 0, 1, 0, 1]",010001100110000101,"[""101000011001100010""]",1,0.000244140625,False,False,,,,3.5325639770531216,0.11970138517983542,{},{}
"[0, 1, 0, 0, 0, 1, 1, 0, 0, 1, 1, 0, 1, 1, 0, 0, 1, 1]",010001100110110011,"[""110011011001100010""]",1,0.000244140625,False,False,,,,4.010016945288389,0.13691869698635475,{},{}
"[0, 1, 0, 0, 0, 1, 1, 0, 1, 0, 0, 0, 1, 1, 0, 1, 0, 1]",010001101000110101,"[""101011000101100010""]",1,0.000244140625,False,False,,,,4.876348992837742,0.16815927979342962,{},{}
"[0, 1, 0, 0, 0, 1, 1, 0, 1, 0, 0, 1, 0, 0, 0, 1, 0, 1]",010001101001000101,"[""101000100101100010""]",1,0.000244140625,False,False,,,,3.638119031580981,0.12350777954214837,{},{}
"[0, 1, 0, 0, 0, 1, 1, 0, 1, 0, 0, 1, 0, 0, 1, 0, 0, 0]",010001101001001000,"[""100100101100010""]",1,0.000244140625,False,False,,,,2.3459761607630227,0.07691213937329011,{},{}
"[0, 1, 0, 0, 0, 1, 1, 0, 1, 0, 1, 0, 1, 0, 1, 0, 0, 1]",010001101010101001,"[""100101010101100010""]",1,0.000244140625,False,False,,,,2.8118006377185942,0.09371011907063455,{},{}
"[0, 1, 0, 0, 0, 1, 1, 0, 1, 0, 1, 0, 1, 1, 1, 1, 1, 0]",010001101010111110,"[""11111010101100010""]",1,0.000244140625,False,False,,,,7.2285036735723125,0.2529797401312436,{},{}
"[0, 1, 0, 0, 0, 1, 1, 0, 1, 0, 1, 1, 1, 1, 1, 1, 0, 1]",010001101011111101,"[""101111110101100010""]",1,0.000244140625,False,False,,,,8.515514359356636,0.299390309862066,{},{}
"[0, 1, 0, 0, 0, 1, 1, 0, 1, 1, 0, 0, 1, 0, 0, 0, 1, 1]",010001101100100011,"[""110001001101100010""]",1,0.000244140625,False,False,,,,2.873557139689514,0.09593710480798012,{},{}
"[0, 1, 0, 0, 0, 1, 1, 0, 1, 1, 0, 0, 1, 0, 1, 0, 0, 0]",010001101100101000,"[""101001101100010""]",1,0.000244140625,False,False,,,,3.5212972567589125,0.11929509880348463,{},{}
"[0, 1, 0, 0, 0, 1, 1, 0, 1, 1, 1, 0, 0, 0, 1, 1, 1, 0]",010001101110001110,"[""11100011101100010""]",1,0.000244140625,False,False,,,,3.960896881036488,0.13514739066207507,{},{}
"[0, 1, 0, 0, 0, 1, 1, 0, 1, 1, 1, 1, 0, 1, 0, 0, 0, 0]",010001101111010000,"[""10111101100010""]",1,0.000244140625,False,False,,,,6.723794571447802,0.23477955171271814,{},{}
"[0, 1, 0, 0, 0, 1, 1, 1, 0, 1, 0, 0, 0, 0, 0, 0, 0, 0]",010001110100000000,"[""1011100010""]",1,0.000244140625,False,False,,,,3.056223572992935,0.10252419327115216,{},{}
"[0, 1, 0, 0, 0, 1, 1, 1, 0, 1, 0, 0, 0, 0, 0, 1, 0, 0]",010001110100000100,"[""1000001011100010""]",1,0.000244140625,False,False,,,,2.280540011337955,0.07455246279146137,{},{}
"[0, 1, 0, 0, 0, 1, 1, 1, 0, 1, 0, 0, 0, 0, 1, 1, 1, 0]",010001110100001110,"[""11100001011100010""]",1,0.000244140625,False,False,,,,2.72288490696155,0.09050375119191566,{},{}
"[0, 1, 0, 0, 0, 1, 1, 1, 0, 1, 0, 1, 1, 0, 1, 0, 1, 0]",010001110101101010,"[""10101101011100010""]",1,0.000244140625,False,False,,,,3.931696549457844,0.13409440482453486,{},{}
"[0, 1, 0, 0, 0, 1, 1, 1, 0, 1, 1, 0, 0, 1, 1, 1, 0, 0]",010001110110011100,"[""1110011011100010""]",1,0.000244140625,False,False,,,,3.9565753288659264,0.13499155225251672,{},{}
"[0, 1, 0, 0, 0, 1, 1, 1, 0, 1, 1, 0, 1, 0, 1, 0, 1, 0]",010001110110101010,"[""10101011011100010""]",1,0.000244140625,False,False,,,,3.935106137188029,0.13421735711300686,{},{}
"[0, 1, 0, 0, 0, 1, 1, 1, 0, 1, 1, 0, 1, 1, 0, 0, 0, 1]",010001110110110001,"[""100011011011100010""]",1,0.000244140625,False,False,,,,4.016502931512777,0.1371525865097791,{},{}
"[0, 1, 0, 0, 0, 1, 1, 1, 0, 1, 1, 0, 1, 1, 1, 0, 0, 1]",010001110110111001,"[""100111011011100010""]",1,0.000244140625,False,False,,,,7.227979571560647,0.25296084061997526,{},{}
"[0, 1, 0, 0, 0, 1, 1, 1, 0, 1, 1, 1, 1, 1, 1, 1, 0, 1]",010001110111111101,"[""101111111011100010""]",1,0.000244140625,False,False,,,,11.74183743987101,0.4157339377404335,{},{}
"[0, 1, 0, 0, 0, 1, 1, 1, 1, 0, 0, 0, 0, 1, 1, 1, 0, 1]",010001111000011101,"[""101110000111100010""]",1,0.000244140625,False,False,,,,8.1342890340195,0.28564303896514076,{},{}
"[0, 1, 0, 0, 0, 1, 1, 1, 1, 0, 1, 0, 0, 0, 1, 1, 1, 1]",010001111010001111,"[""111100010111100010""]",1,0.000244140625,False,False,,,,9.37631501280388,0.33043142645295465,{},{}
"[0, 1, 0, 0, 0, 1, 1, 1, 1, 0, 1, 0, 0, 1, 1, 0, 1, 0]",010001111010011010,"[""10110010111100010""]",1,0.000244140625,False,False,,,,6.145432799248934,0.21392339282082862,{},{}
"[0, 1, 0, 0, 0, 1, 1, 1, 1, 1, 0, 0, 1, 0, 1, 1, 0, 0]",010001111100101100,"[""1101001111100010""]",1,0.000244140625,False,False,,,,6.030688456045391,0.20978562582302,{},{}
"[0, 1, 0, 0, 0, 1, 1, 1, 1, 1, 0, 1, 0, 1, 0, 1, 1, 0]",010001111101010110,"[""11010101111100010""]",1,0.000244140625,False,False,,,,7.276512115296043,0.2547109605141804,{},{}
"[0, 1, 0, 0, 0, 1, 1, 1, 1, 1, 1, 0, 0, 1, 0, 0, 0, 0]",010001111110010000,"[""10011111100010""]",1,0.000244140625,False,False,,,,6.820035649316989,0.23825007709743584,{},{}
"[0, 1, 0, 0, 0, 1, 1, 1, 1, 1, 1, 1, 0, 1, 1, 0, 1, 1]",010001111111011011,"[""110110111111100010""]",1,0.000244140625,False,False,,,,11.90524905066604,0.4216266828756512,{},{}
"[0, 1, 0, 0, 1, 0, 0, 0, 0, 0, 0, 0, 0, 1, 1, 0, 1, 1]",010010000000011011,"[""110110000000010010""]",1,0.000244140625,False,False,,,,4.450568606261241,0.15280532000157074,{},{}
"[0, 1, 0, 0, 1, 0, 0, 0, 0, 0, 1, 1, 1, 0, 1, 1, 0, 0]",010010000011101100,"[""1101110000010010""]",1,0.000244140625,False,False,,,,3.4387227159609948,0.1163173989863639,{},{}
"[0, 1, 0, 0, 1, 0, 0, 0, 0, 1, 0, 1, 1, 0, 0, 1, 0, 0]",010010000101100100,"[""1001101000010010""]",1,0.000244140625,False,False,,,,2.1916478068669876,0.07134694328824748,{},{}
"[0, 1, 0, 0, 1, 0, 0, 0, 0, 1, 1, 1, 0, 1, 0, 1, 1, 0]",010010000111010110,"[""11010111000010010""]",1,0.000244140625,False,False,,,,6.776481723223052,0.23667948988603135,{},{}
"[0, 1, 0, 0, 1, 0, 0, 0, 1, 0, 0, 1, 0, 0, 0, 1, 0, 1]",010010001001000101,"[""101000100100010010""]",1,0.000244140625,False,False,,,,2.327956545334695,0.07626233853822607,{},{}
"[0, 1, 0, 0, 1, 0, 0, 0, 1, 0, 0, 1, 0, 0, 1, 0, 1, 0]",010010001001001010,"[""10100100100010010""]",1,0.000244140625,True,True,"[1, 1, 2, 2, 2, 1]",0.3839716949781794,0.6556238651022883,0.3839716949781804,0.006160788139558647,"{""degradation"": 0.29254007571145807, ""nominal"": 0.43051753066002607, ""surge"": 0.42885747856305423}","{""degradation"": 0.39940066955511544, ""nominal"": 0.4830654565636632, ""surge"": 0.6556238651022883}"
"[0, 1, 0, 0, 1, 0, 0, 0, 1, 0, 0, 1, 0, 1, 1, 0, 1, 1]",010010001001011011,"[""110110100100010010""]",1,0.000244140625,False,False,,,,2.9346661408201715,0.09814074117983117,{},{}
"[0, 1, 0, 0, 1, 0, 0, 0, 1, 0, 1, 0, 0, 1, 1, 1, 0, 1]",010010001010011101,"[""101110010100010010""]",1,0.000244140625,False,False,,,,2.816207771842289,0.0938690436295524,{},{}
"[0, 1, 0, 0, 1, 0, 0, 0, 1, 0, 1, 1, 0, 0, 1, 1, 0, 1]",010010001011001101,"[""101100110100010010""]",1,0.000244140625,False,False,,,,2.7783258128974397,0.0925029918037444,{},{}
"[0, 1, 0, 0, 1, 0, 0, 0, 1, 0, 1, 1, 0, 1, 1, 1, 1, 1]",010010001011011111,"[""111110110100010010""]",1,0.000244140625,False,False,,,,7.3656078889975145,0.2579238208763877,{},{}
"[0, 1, 0, 0, 1, 0, 0, 0, 1, 1, 0, 0, 0, 1, 0, 0, 0, 1]",010010001100010001,"[""100010001100010010""]",1,0.000244140625,True,True,"[1, 1, 2, 0, 1, 2]",0.35847214693947504,0.6183636631696501,0.3584721469394758,0.005241255329593249,"{""degradation"": 0.26611645393768424, ""nominal"": 0.39360079228102895, ""surge"": 0.4156991945997121}","{""degradation"": 0.2733908210407494, ""nominal"": 0.4082433395225999, ""surge"": 0.6183636631696501}"
"[0, 1, 0, 0, 1, 0, 0, 0, 1, 1, 1, 0, 0, 1, 0, 0, 1, 0]",010010001110010010,"[""10010011100010010""]",1,0.000244140625,False,False,,,,1.6178435213181115,0.050655130780038395,{},{}
"[0, 1, 0, 0, 1, 0, 0, 0, 1, 1, 1, 0, 1, 0, 0, 0, 0, 1]",010010001110100001,"[""100001011100010010""]",1,0.000244140625,False,False,,,,1.5045119586735551,0.04656830970783194,{},{}
"[0, 1, 0, 0, 1, 0, 0, 0, 1, 1, 1, 0, 1, 1, 1, 0, 1, 1]",010010001110111011,"[""110111011100010010""]",1,0.000244140625,False,False,,,,7.278136972871671,0.25476955409591934,{},{}
"[0, 1, 0, 0, 1, 0, 0, 0, 1, 1, 1, 1, 0, 0, 1, 1, 1, 0]",010010001111001110,"[""11100111100010010""]",1,0.000244140625,False,False,,,,5.954810742178773,0.20704941860320503,{},{}
"[0, 1, 0, 0, 1, 0, 0, 0, 1, 1, 1, 1, 1, 0, 1, 0, 1, 0]",010010001111101010,"[""10101111100010010""]",1,0.000244140625,False,False,,,,5.9392330177868775,0.20648767418870778,{},{}
"[0, 1, 0, 0, 1, 0, 0, 1, 0, 0, 0, 0, 0, 0, 0, 0, 0, 0]",010010010000000000,"[""10010010""]",1,0.000244140625,False,False,,,,2.7510468255569003,0.09151929107915968,{},{}
"[0, 1, 0, 0, 1, 0, 0, 1, 0, 0, 0, 0, 0, 0, 1, 0, 1, 0]",010010010000001010,"[""10100000010010010""]",1,0.000244140625,False,False,,,,1.2207736220607093,0.03633649267466335,{},{}
"[0, 1, 0, 0, 1, 0, 0, 1, 0, 0, 0, 0, 1, 0, 1, 1, 0, 1]",010010010000101101,"[""101101000010010010""]",1,0.000244140625,False,False,,,,3.5049234443146027,0.11870464685728113,{},{}
"[0, 1, 0, 0, 1, 0, 0, 1, 0, 0, 0, 1, 1, 0, 1, 1, 0, 0]",010010010001101100,"[""1101100010010010""]",1,0.000244140625,False,False,,,,1.481126674097855,0.045725018822632926,{},{}
"[0, 1, 0, 0, 1, 0, 0, 1, 0, 0, 1, 0, 0, 0, 1, 0, 0, 0]",010010010010001000,"[""100010010010010""]",1,0.000244140625,False,False,,,,1.1893104122873717,0.03520190575376993,{},{}
"[0, 1, 0, 0, 1, 0, 0, 1, 0, 0, 1, 0, 1, 0, 0, 1, 0, 1]",010010010010100101,"[""101001010010010010""]",1,0.000244140625,False,False,,,,1.5360287836343298,0.04770483003256006,{},{}
"[0, 1, 0, 0, 1, 0, 0, 1, 0, 0, 1, 1, 1, 1, 1, 1, 1, 0]",010010010011111110,"[""11111110010010010""]",1,0.000244140625,False,False,,,,7.364313378403615,0.25787713985435035,{},{}
"[0, 1, 0, 0, 1, 0, 0, 1, 0, 1, 0, 0, 1, 0, 1, 1, 0, 1]",010010010100101101,"[""101101001010010010""]",1,0.000244140625,False,False,,,,2.706776649861003,0.08992287537039802,{},{}
"[0, 1, 0, 0, 1, 0, 0, 1, 0, 1, 1, 1, 0, 1, 0, 0, 0, 0]",010010010111010000,"[""10111010010010""]",1,0.000244140625,False,False,,,,5.600780122292372,0.19428280916276286,{},{}
"[0, 1, 0, 0, 1, 0, 0, 1, 0, 1, 1, 1, 0, 1, 1, 1, 1, 1]",010010010111011111,"[""111110111010010010""]",1,0.000244140625,False,False,,,,10.629735701115884,0.375630715704783,{},{}
"[0, 1, 0, 0, 1, 0, 0, 1, 0, 1, 1, 1, 1, 0, 0, 1, 0, 0]",010010010111100100,"[""1001111010010010""]",1,0.000244140625,False,False,,,,4.690392669936489,0.16145355544613216,{},{}
"[0, 1, 0, 0, 1, 0, 0, 1, 1, 0, 0, 1, 0, 1, 1, 1, 0, 0]",010010011001011100,"[""1110100110010010""]",1,0.000244140625,False,False,,,,2.8129638839134534,0.09375206660008162,{},{}
"[0, 1, 0, 0, 1, 0, 0, 1, 1, 0, 0, 1, 0, 1, 1, 1, 0, 1]",010010011001011101,"[""101110100110010010""]",1,0.000244140625,False,False,,,,4.099945851000068,0.14016160071314465,{},{}
"[0, 1, 0, 0, 1, 0, 0, 1, 1, 0, 0, 1, 1, 1, 0, 0, 1, 0]",010010011001110010,"[""10011100110010010""]",1,0.000244140625,False,False,,,,2.8739947376679504,0.09595288491898979,{},{}
"[0, 1, 0, 0, 1, 0, 0, 1, 1, 0, 0, 1, 1, 1, 1, 0, 0, 1]",010010011001111001,"[""100111100110010010""]",1,0.000244140625,False,False,,,,6.084368126608173,0.21172135496754013,{},{}
"[0, 1, 0, 0, 1, 0, 0, 1, 1, 0, 1, 0, 0, 0, 0, 0, 0, 0]",010010011010000000,"[""10110010010""]",1,0.000244140625,False,False,,,,3.2353802105267375,0.10898471586886085,{},{}
"[0, 1, 0, 0, 1, 0, 0, 1, 1, 0, 1, 0, 0, 0, 0, 0, 1, 0]",010010011010000010,"[""10000010110010010""]",1,0.000244140625,False,False,,,,2.5392604614059944,0.0838821160890601,{},{}
"[0, 1, 0, 0, 1, 0, 0, 1, 1, 0, 1, 0, 0, 0, 1, 1, 0, 1]",010010011010001101,"[""101100010110010010""]",1,0.000244140625,False,False,,,,2.8568791455822096,0.09533568384307525,{},{}
"[0, 1, 0, 0, 1, 0, 0, 1, 1, 0, 1, 0, 1, 0, 0, 1, 1, 0]",010010011010100110,"[""11001010110010010""]",1,0.000244140625,False,False,,,,2.849269335695885,0.0950612683962817,{},{}
"[0, 1, 0, 0, 1, 0, 0, 1, 1, 0, 1, 0, 1, 0, 1, 0, 0, 0]",010010011010101000,"[""101010110010010""]",1,0.000244140625,False,False,,,,3.570114486788694,0.12105548469879059,{},{}
"[0, 1, 0, 0, 1, 0, 0, 1, 1, 0, 1, 1, 0, 0, 1, 0, 1, 1]",010010011011001011,"[""110100110110010010""]",1,0.000244140625,False,False,,,,4.247754555666011,0.14549169336155243,{},{}
"[0, 1, 0, 0, 1, 0, 0, 1, 1, 0, 1, 1, 0, 0, 1, 1, 0, 1]",010010011011001101,"[""101100110110010010""]",1,0.000244140625,False,False,,,,4.082709665392736,0.1395400509444767,{},{}
"[0, 1, 0, 0, 1, 0, 0, 1, 1, 0, 1, 1, 1, 0, 0, 1, 1, 0]",010010011011100110,"[""11001110110010010""]",1,0.000244140625,False,False,,,,4.05140730647892,0.13841126442610868,{},{}
"[0, 1, 0, 0, 1, 0, 0, 1, 1, 1, 0, 0, 1, 0, 1, 0, 0, 0]",010010011100101000,"[""101001110010010""]",1,0.000244140625,False,False,,,,3.47213116623284,0.11752213273726923,{},{}
"[0, 1, 0, 0, 1, 0, 0, 1, 1, 1, 1, 0, 0, 1, 0, 1, 1, 0]",010010011110010110,"[""11010011110010010""]",1,0.000244140625,False,False,,,,4.152962591462465,0.14207342410148857,{},{}
"[0, 1, 0, 0, 1, 0, 0, 1, 1, 1, 1, 0, 1, 1, 0, 1, 0, 1]",010010011110110101,"[""101011011110010010""]",1,0.000244140625,False,False,,,,5.317421120742736,0.18406467123622247,{},{}
"[0, 1, 0, 0, 1, 0, 0, 1, 1, 1, 1, 1, 1, 0, 1, 1, 0, 1]",010010011111101101,"[""101101111110010010""]",1,0.000244140625,False,False,,,,8.47153141730804,0.29780425201386007,{},{}
"[0, 1, 0, 0, 1, 0, 0, 1, 1, 1, 1, 1, 1, 1, 1, 1, 0, 1]",010010011111111101,"[""101111111110010010""]",1,0.000244140625,False,False,,,,11.770523313286127,0.4167683718310957,{},{}
"[0, 1, 0, 0, 1, 0, 1, 0, 0, 0, 0, 0, 1, 0, 0, 1, 1, 0]",010010100000100110,"[""11001000001010010""]",1,0.000244140625,False,False,,,,2.2775543776539373,0.07444479860357754,{},{}
"[0, 1, 0, 0, 1, 0, 1, 0, 0, 0, 0, 1, 0, 0, 1, 0, 0, 1]",010010100001001001,"[""100100100001010010""]",1,0.000244140625,True,True,"[1, 1, 0, 2, 2, 2]",0.29463983566041557,0.31117773412238836,0.2946398356604156,0.002939414353120708,"{""degradation"": 0.27404017665491187, ""nominal"": 0.3161346493146865, ""surge"": 0.2937446810116484}","{""degradation"": 0.31117773412238836, ""nominal"": 0.2512364892358202, ""surge"": 0.2730260936547144}"
"[0, 1, 0, 0, 1, 0, 1, 0, 0, 0, 0, 1, 0, 0, 1, 1, 1, 0]",010010100001001110,"[""11100100001010010""]",1,0.000244140625,False,False,,,,1.4996664601390486,0.046393577399778674,{},{}
"[0, 1, 0, 0, 1, 0, 1, 0, 0, 0, 0, 1, 0, 1, 1, 1, 0, 0]",010010100001011100,"[""1110100001010010""]",1,0.000244140625,False,False,,,,1.477541919630546,0.04559574989036176,{},{}
"[0, 1, 0, 0, 1, 0, 1, 0, 0, 0, 1, 0, 1, 1, 0, 1, 1, 0]",010010100010110110,"[""11011010001010010""]",1,0.000244140625,False,False,,,,2.7924445093458505,0.09301212257729967,{},{}
"[0, 1, 0, 0, 1, 0, 1, 0, 0, 0, 1, 1, 1, 1, 0, 0, 1, 1]",010010100011110011,"[""110011110001010010""]",1,0.000244140625,False,False,,,,4.03857067034081,0.13794836570803484,{},{}
"[0, 1, 0, 0, 1, 0, 1, 0, 0, 1, 0, 0, 1, 0, 1, 0, 1, 0]",010010100100101010,"[""10101001001010010""]",1,0.000244140625,False,False,,,,1.4562171077025794,0.044826761192823146,{},{}
"[0, 1, 0, 0, 1, 0, 1, 0, 0, 1, 0, 1, 0, 1, 0, 0, 1, 1]",010010100101010011,"[""110010101001010010""]",1,0.000244140625,False,False,,,,2.7873930174042734,0.09282996199262948,{},{}
"[0, 1, 0, 0, 1, 0, 1, 0, 0, 1, 0, 1, 1, 0, 0, 1, 0, 1]",010010100101100101,"[""101001101001010010""]",1,0.000244140625,False,False,,,,2.72207475601914,0.09047453654185834,{},{}
"[0, 1, 0, 0, 1, 0, 1, 0, 0, 1, 1, 0, 0, 1, 0, 1, 0, 0]",010010100110010100,"[""1010011001010010""]",1,0.000244140625,False,False,,,,1.484669944686146,0.0458527918151414,{},{}
"[0, 1, 0, 0, 1, 0, 1, 0, 0, 1, 1, 0, 1, 0, 1, 1, 0, 1]",010010100110101101,"[""101101011001010010""]",1,0.000244140625,False,False,,,,3.9279361652416878,0.13395880255191484,{},{}
"[0, 1, 0, 0, 1, 0, 1, 0, 0, 1, 1, 0, 1, 1, 1, 0, 0, 1]",010010100110111001,"[""100111011001010010""]",1,0.000244140625,False,False,,,,5.9208574811045604,0.20582503856652082,{},{}
"[0, 1, 0, 0, 1, 0, 1, 0, 0, 1, 1, 1, 0, 1, 0, 1, 1, 1]",010010100111010111,"[""111010111001010010""]",1,0.000244140625,False,False,,,,9.277240988448487,0.32685874289511996,{},{}
"[0, 1, 0, 0, 1, 0, 1, 0, 0, 1, 1, 1, 1, 1, 0, 1, 1, 0]",010010100111110110,"[""11011111001010010""]",1,0.000244140625,False,False,,,,7.251237071551833,0.2537995234973033,{},{}
"[0, 1, 0, 0, 1, 0, 1, 0, 1, 0, 0, 1, 1, 0, 0, 0, 1, 1]",010010101001100011,"[""110001100101010010""]",1,0.000244140625,False,False,,,,2.786991588625484,0.09281548617006193,{},{}
"[0, 1, 0, 0, 1, 0, 1, 0, 1, 0, 0, 1, 1, 1, 0, 1, 0, 0]",010010101001110100,"[""1011100101010010""]",1,0.000244140625,False,False,,,,2.6928628501105507,0.08942113332530727,{},{}
"[0, 1, 0, 0, 1, 0, 1, 0, 1, 0, 0, 1, 1, 1, 1, 1, 1, 1]",010010101001111111,"[""111111100101010010""]",1,0.000244140625,False,False,,,,10.515204905299063,0.37150064938575794,{},{}
"[0, 1, 0, 0, 1, 0, 1, 0, 1, 0, 1, 1, 0, 1, 1, 0, 0, 1]",010010101011011001,"[""100110110101010010""]",1,0.000244140625,False,False,,,,4.0526584755647574,0.1384563825208881,{},{}
"[0, 1, 0, 0, 1, 0, 1, 0, 1, 1, 0, 0, 1, 1, 0, 0, 0, 1]",010010101100110001,"[""100011001101010010""]",1,0.000244140625,False,False,,,,2.7685854854423955,0.09215174829695262,{},{}
"[0, 1, 0, 0, 1, 0, 1, 0, 1, 1, 1, 1, 1, 0, 1, 1, 0, 1]",010010101111101101,"[""101101111101010010""]",1,0.000244140625,False,False,,,,8.459447622585964,0.2973685013213784,{},{}
"[0, 1, 0, 0, 1, 0, 1, 0, 1, 1, 1, 1, 1, 1, 0, 0, 0, 1]",010010101111110001,"[""100011111101010010""]",1,0.000244140625,False,False,,,,7.218640902295812,0.2526240812084987,{},{}
"[0, 1, 0, 0, 1, 0, 1, 1, 0, 0, 0, 1, 0, 1, 1, 1, 1, 0]",010010110001011110,"[""11110100011010010""]",1,0.000244140625,False,False,,,,4.082203140699255,0.13952178528447334,{},{}
"[0, 1, 0, 0, 1, 0, 1, 1, 0, 0, 0, 1, 1, 0, 0, 0, 1, 0]",010010110001100010,"[""10001100011010010""]",1,0.000244140625,False,False,,,,1.540361847596409,0.04786108356594672,{},{}
"[0, 1, 0, 0, 1, 0, 1, 1, 0, 0, 0, 1, 1, 1, 0, 0, 1, 1]",010010110001110011,"[""110011100011010010""]",1,0.000244140625,False,False,,,,4.081083517259272,0.13948141082425516,{},{}
"[0, 1, 0, 0, 1, 0, 1, 1, 0, 0, 1, 1, 0, 0, 0, 0, 1, 1]",010010110011000011,"[""110000110011010010""]",1,0.000244140625,False,False,,,,4.8951269788261405,0.168836428039163,{},{}
"[0, 1, 0, 0, 1, 0, 1, 1, 0, 0, 1, 1, 0, 0, 1, 1, 0, 1]",010010110011001101,"[""101100110011010010""]",1,0.000244140625,False,False,,,,3.9934778086326066,0.13632228332520244,{},{}
"[0, 1, 0, 0, 1, 0, 1, 1, 0, 1, 0, 0, 0, 0, 1, 0, 1, 1]",010010110100001011,"[""110100001011010010""]",1,0.000244140625,False,False,,,,2.782091621281186,0.09263878967591221,{},{}
"[0, 1, 0, 0, 1, 0, 1, 1, 0, 1, 0, 0, 0, 1, 0, 0, 1, 0]",010010110100010010,"[""10010001011010010""]",1,0.000244140625,False,False,,,,1.6278771035266262,0.0510169492729862,{},{}
"[0, 1, 0, 0, 1, 0, 1, 1, 0, 1, 0, 0, 1, 1, 1, 0, 1, 1]",010010110100111011,"[""110111001011010010""]",1,0.000244140625,False,False,,,,7.2962785946325575,0.255423754570759,{},{}
"[0, 1, 0, 0, 1, 0, 1, 1, 0, 1, 0, 0, 1, 1, 1, 1, 1, 0]",010010110100111110,"[""11111001011010010""]",1,0.000244140625,False,False,,,,7.301647434812793,0.25561735897071514,{},{}
"[0, 1, 0, 0, 1, 0, 1, 1, 0, 1, 0, 1, 1, 0, 1, 1, 0, 0]",010010110101101100,"[""1101101011010010""]",1,0.000244140625,False,False,,,,3.963779538769133,0.135251341459989,{},{}
"[0, 1, 0, 0, 1, 0, 1, 1, 0, 1, 0, 1, 1, 1, 1, 0, 0, 1]",010010110101111001,"[""100111101011010010""]",1,0.000244140625,False,False,,,,7.219670016486164,0.2526611918373535,{},{}
"[0, 1, 0, 0, 1, 0, 1, 1, 0, 1, 1, 1, 1, 1, 0, 1, 0, 1]",010010110111110101,"[""101011111011010010""]",1,0.000244140625,False,False,,,,8.511913998724232,0.29926047815978724,{},{}
"[0, 1, 0, 0, 1, 0, 1, 1, 1, 0, 0, 1, 0, 0, 1, 0, 0, 1]",010010111001001001,"[""100100100111010010""]",1,0.000244140625,False,False,,,,4.833511684329749,0.16661453434916054,{},{}
"[0, 1, 0, 0, 1, 0, 1, 1, 1, 0, 1, 0, 1, 1, 1, 1, 0, 1]",010010111010111101,"[""101111010111010010""]",1,0.000244140625,False,False,,,,10.572440743483376,0.37356461659946943,{},{}
"[0, 1, 0, 0, 1, 0, 1, 1, 1, 0, 1, 1, 1, 0, 0, 1, 0, 0]",010010111011100100,"[""1001110111010010""]",1,0.000244140625,False,False,,,,5.986466880418674,0.20819096266917067,{},{}
"[0, 1, 0, 0, 1, 0, 1, 1, 1, 1, 1, 0, 1, 0, 0, 1, 1, 1]",010010111110100111,"[""111001011111010010""]",1,0.000244140625,False,False,,,,10.621065896837287,0.3753180760659138,{},{}
"[0, 1, 0, 0, 1, 0, 1, 1, 1, 1, 1, 0, 1, 1, 1, 0, 1, 0]",010010111110111010,"[""10111011111010010""]",1,0.000244140625,False,False,,,,10.59569884827995,0.3744033212865329,{},{}
"[0, 1, 0, 0, 1, 0, 1, 1, 1, 1, 1, 1, 0, 1, 0, 0, 0, 1]",010010111111010001,"[""100010111111010010""]",1,0.000244140625,False,False,,,,9.34022678879586,0.3291300580530761,{},{}
"[0, 1, 0, 0, 1, 1, 0, 0, 0, 0, 0, 0, 0, 0, 1, 0, 1, 0]",010011000000001010,"[""10100000000110010""]",1,0.000244140625,False,False,,,,3.1904806417291733,0.10736560377322718,{},{}
"[0, 1, 0, 0, 1, 1, 0, 0, 0, 0, 0, 0, 1, 0, 1, 0, 1, 0]",010011000000101010,"[""10101000000110010""]",1,0.000244140625,False,False,,,,4.320194641363419,0.1481039371336525,{},{}
"[0, 1, 0, 0, 1, 1, 0, 0, 0, 0, 0, 1, 0, 1, 1, 0, 1, 0]",010011000001011010,"[""10110100000110010""]",1,0.000244140625,False,False,,,,3.689362309559911,0.1253556505444219,{},{}
"[0, 1, 0, 0, 1, 1, 0, 0, 0, 0, 0, 1, 1, 1, 0, 0, 0, 1]",010011000001110001,"[""100011100000110010""]",1,0.000244140625,False,False,,,,3.587934373786208,0.12169808317697609,{},{}
"[0, 1, 0, 0, 1, 1, 0, 0, 0, 0, 0, 1, 1, 1, 1, 0, 0, 0]",010011000001111000,"[""111100000110010""]",1,0.000244140625,False,False,,,,7.523900620665443,0.26363197539452965,{},{}
"[0, 1, 0, 0, 1, 1, 0, 0, 0, 0, 1, 0, 0, 0, 0, 0, 1, 1]",010011000010000011,"[""110000010000110010""]",1,0.000244140625,False,False,,,,4.53903711678813,0.15599556078367272,{},{}
"[0, 1, 0, 0, 1, 1, 0, 0, 0, 0, 1, 0, 1, 0, 0, 0, 0, 0]",010011000010100000,"[""1010000110010""]",1,0.000244140625,False,False,,,,3.075813638619875,0.1032306257171706,{},{}
"[0, 1, 0, 0, 1, 1, 0, 0, 0, 0, 1, 1, 1, 0, 0, 1, 0, 0]",010011000011100100,"[""1001110000110010""]",1,0.000244140625,False,False,,,,3.458246484058553,0.11702144069379382,{},{}
"[0, 1, 0, 0, 1, 1, 0, 0, 0, 1, 0, 0, 0, 0, 0, 0, 0, 0]",010011000100000000,"[""1000110010""]",1,0.000244140625,False,False,,,,3.877849745739824,0.1321526487331982,{},{}
"[0, 1, 0, 0, 1, 1, 0, 0, 0, 1, 0, 0, 1, 1, 0, 0, 1, 0]",010011000100110010,"[""10011001000110010""]",1,0.000244140625,False,False,,,,3.5543838159420087,0.12048822492052558,{},{}
"[0, 1, 0, 0, 1, 1, 0, 0, 0, 1, 0, 1, 0, 1, 1, 0, 0, 1]",010011000101011001,"[""100110101000110010""]",1,0.000244140625,False,False,,,,4.8388985955465635,0.166808790404237,{},{}
"[0, 1, 0, 0, 1, 1, 0, 0, 0, 1, 0, 1, 0, 1, 1, 1, 1, 0]",010011000101011110,"[""11110101000110010""]",1,0.000244140625,False,False,,,,6.024504885799632,0.20956264164639574,{},{}
"[0, 1, 0, 0, 1, 1, 0, 0, 0, 1, 1, 0, 1, 0, 1, 1, 0, 0]",010011000110101100,"[""1101011000110010""]",1,0.000244140625,False,False,,,,4.6694383588697885,0.16069792728727986,{},{}
"[0, 1, 0, 0, 1, 1, 0, 0, 0, 1, 1, 0, 1, 1, 1, 1, 1, 0]",010011000110111110,"[""11111011000110010""]",1,0.000244140625,False,False,,,,9.251705224472042,0.3259379041113018,{},{}
"[0, 1, 0, 0, 1, 1, 0, 0, 0, 1, 1, 1, 1, 1, 0, 0, 0, 0]",010011000111110000,"[""11111000110010""]",1,0.000244140625,False,False,,,,8.698483722079539,0.3059883221871,{},{}
"[0, 1, 0, 0, 1, 1, 0, 0, 1, 0, 0, 0, 0, 0, 0, 1, 1, 1]",010011001000000111,"[""111000000100110010""]",1,0.000244140625,False,False,,,,7.7622396484600085,0.2722266593324451,{},{}
"[0, 1, 0, 0, 1, 1, 0, 0, 1, 0, 0, 0, 0, 1, 0, 1, 1, 0]",010011001000010110,"[""11010000100110010""]",1,0.000244140625,False,False,,,,3.6843792974620957,0.1251759593942321,{},{}
"[0, 1, 0, 0, 1, 1, 0, 0, 1, 0, 0, 1, 0, 1, 0, 0, 1, 1]",010011001001010011,"[""110010100100110010""]",1,0.000244140625,False,False,,,,3.0734597047074423,0.1031457410964045,{},{}
"[0, 1, 0, 0, 1, 1, 0, 0, 1, 0, 0, 1, 0, 1, 1, 1, 1, 1]",010011001001011111,"[""111110100100110010""]",1,0.000244140625,False,False,,,,7.463259287073779,0.2614452034645741,{},{}
"[0, 1, 0, 0, 1, 1, 0, 0, 1, 0, 1, 0, 1, 0, 0, 0, 0, 0]",010011001010100000,"[""1010100110010""]",1,0.000244140625,False,False,,,,2.3614049094319767,0.07746851161158545,{},{}
"[0, 1, 0, 0, 1, 1, 0, 0, 1, 0, 1, 1, 0, 0, 0, 1, 1, 1]",010011001011000111,"[""111000110100110010""]",1,0.000244140625,False,False,,,,8.210853912391087,0.28840402585192093,{},{}
"[0, 1, 0, 0, 1, 1, 0, 0, 1, 0, 1, 1, 1, 1, 1, 0, 1, 0]",010011001011111010,"[""10111110100110010""]",1,0.000244140625,False,False,,,,7.371640265627791,0.2581413528979431,{},{}
"[0, 1, 0, 0, 1, 1, 0, 0, 1, 1, 0, 1, 0, 0, 0, 1, 0, 0]",010011001101000100,"[""1000101100110010""]",1,0.000244140625,False,False,,,,3.527196523460935,0.11950783078128331,{},{}
"[0, 1, 0, 0, 1, 1, 0, 0, 1, 1, 0, 1, 1, 0, 0, 1, 0, 1]",010011001101100101,"[""101001101100110010""]",1,0.000244140625,False,False,,,,4.073504864605298,0.1392081189306074,{},{}
"[0, 1, 0, 0, 1, 1, 0, 0, 1, 1, 1, 0, 0, 0, 0, 0, 0, 0]",010011001110000000,"[""11100110010""]",1,0.000244140625,False,False,,,,4.361404909431977,0.1495900102804781,{},{}
"[0, 1, 0, 0, 1, 1, 0, 0, 1, 1, 1, 0, 0, 1, 0, 1, 1, 0]",010011001110010110,"[""11010011100110010""]",1,0.000244140625,False,False,,,,4.1239666496898755,0.14102780871351103,{},{}
"[0, 1, 0, 0, 1, 1, 0, 0, 1, 1, 1, 0, 1, 0, 1, 1, 0, 1]",010011001110101101,"[""101101011100110010""]",1,0.000244140625,False,False,,,,5.298043612357517,0.18336590376361694,{},{}
"[0, 1, 0, 0, 1, 1, 0, 0, 1, 1, 1, 1, 1, 1, 0, 1, 0, 1]",010011001111110101,"[""101011111100110010""]",1,0.000244140625,False,False,,,,8.563197244035232,0.30110979041400415,{},{}
"[0, 1, 0, 0, 1, 1, 0, 1, 0, 0, 0, 1, 1, 0, 1, 1, 1, 1]",010011010001101111,"[""111101100010110010""]",1,0.000244140625,False,False,,,,7.33131915871299,0.25668734356860107,{},{}
"[0, 1, 0, 0, 1, 1, 0, 1, 0, 0, 1, 1, 0, 0, 0, 0, 1, 0]",010011010011000010,"[""10000110010110010""]",1,0.000244140625,False,False,,,,3.7528988308373714,0.12764682511179112,{},{}
"[0, 1, 0, 0, 1, 1, 0, 1, 0, 0, 1, 1, 0, 1, 1, 0, 0, 0]",010011010011011000,"[""110110010110010""]",1,0.000244140625,False,False,,,,4.9594871159840705,0.1711573028123457,{},{}
"[0, 1, 0, 0, 1, 1, 0, 1, 0, 0, 1, 1, 1, 1, 1, 1, 0, 0]",010011010011111100,"[""1111110010110010""]",1,0.000244140625,False,False,,,,7.2852910229589565,0.255027534502843,{},{}
"[0, 1, 0, 0, 1, 1, 0, 1, 0, 1, 0, 0, 0, 1, 0, 0, 0, 0]",010011010100010000,"[""10001010110010""]",1,0.000244140625,False,False,,,,2.3967131002613344,0.0787417514305357,{},{}
"[0, 1, 0, 0, 1, 1, 0, 1, 0, 1, 0, 1, 0, 0, 0, 0, 0, 1]",010011010101000001,"[""100000101010110010""]",1,0.000244140625,False,False,,,,3.618117356813558,0.1227865041620912,{},{}
"[0, 1, 0, 0, 1, 1, 0, 1, 0, 1, 0, 1, 1, 0, 0, 0, 0, 0]",010011010101100000,"[""1101010110010""]",1,0.000244140625,False,False,,,,3.4742928956163466,0.11760008631869677,{},{}
"[0, 1, 0, 0, 1, 1, 0, 1, 0, 1, 0, 1, 1, 1, 0, 1, 0, 0]",010011010101110100,"[""1011101010110010""]",1,0.000244140625,False,False,,,,3.973101634903916,0.135587503231977,{},{}
"[0, 1, 0, 0, 1, 1, 0, 1, 0, 1, 1, 0, 1, 0, 1, 0, 1, 1]",010011010110101011,"[""110101011010110010""]",1,0.000244140625,False,False,,,,5.345091770009155,0.18506249558334018,{},{}
"[0, 1, 0, 0, 1, 1, 0, 1, 0, 1, 1, 0, 1, 1, 1, 0, 1, 1]",010011010110111011,"[""110111011010110010""]",1,0.000244140625,False,False,,,,8.683257396990399,0.3054392494947757,{},{}
"[0, 1, 0, 0, 1, 1, 0, 1, 0, 1, 1, 1, 1, 0, 1, 1, 1, 1]",010011010111101111,"[""111101111010110010""]",1,0.000244140625,False,False,,,,11.830723107315137,0.41893922151356117,{},{}
"[0, 1, 0, 0, 1, 1, 0, 1, 1, 0, 0, 0, 1, 0, 0, 0, 0, 1]",010011011000100001,"[""100001000110110010""]",1,0.000244140625,False,False,,,,3.731748394020638,0.12688412451142886,{},{}
"[0, 1, 0, 0, 1, 1, 0, 1, 1, 1, 0, 0, 0, 0, 1, 1, 0, 0]",010011011100001100,"[""1100001110110010""]",1,0.000244140625,False,False,,,,2.7963009587335206,0.09315118903198942,{},{}
"[0, 1, 0, 0, 1, 1, 0, 1, 1, 1, 0, 0, 1, 1, 1, 1, 1, 1]",010011011100111111,"[""111111001110110010""]",1,0.000244140625,False,False,,,,11.958016272554067,0.4235295084372305,{},{}
"[0, 1, 0, 0, 1, 1, 0, 1, 1, 1, 1, 1, 0, 1, 0, 0, 1, 1]",010011011111010011,"[""110010111110110010""]",1,0.000244140625,False,False,,,,8.852986593246436,0.3115598114957017,{},{}
"[0, 1, 0, 0, 1, 1, 0, 1, 1, 1, 1, 1, 0, 1, 1, 1, 0, 0]",010011011111011100,"[""1110111110110010""]",1,0.000244140625,False,False,,,,8.5823826924194,0.30180163205905464,{},{}
"[0, 1, 0, 0, 1, 1, 0, 1, 1, 1, 1, 1, 1, 1, 0, 0, 1, 1]",010011011111110011,"[""110011111110110010""]",1,0.000244140625,False,False,,,,10.016262590587848,0.35350841564260843,{},{}
"[0, 1, 0, 0, 1, 1, 1, 0, 0, 0, 0, 0, 0, 0, 1, 0, 1, 1]",010011100000001011,"[""110100000001110010""]",1,0.000244140625,False,False,,,,3.632653940292702,0.12331070425511187,{},{}
"[0, 1, 0, 0, 1, 1, 1, 0, 0, 0, 0, 1, 0, 1, 1, 0, 1, 1]",010011100001011011,"[""110110100001110010""]",1,0.000244140625,False,False,,,,4.148771793730772,0.14192230079497462,{},{}
"[0, 1, 0, 0, 1, 1, 1, 0, 0, 0, 0, 1, 1, 0, 0, 0, 1, 0]",010011100001100010,"[""10001100001110010""]",1,0.000244140625,False,False,,,,1.519407536529708,0.0471054554070944,{},{}
"[0, 1, 0, 0, 1, 1, 1, 0, 0, 0, 1, 0, 1, 0, 0, 1, 1, 0]",010011100010100110,"[""11001010001110010""]",1,0.000244140625,False,False,,,,2.777282475052564,0.09246536825924918,{},{}
"[0, 1, 0, 0, 1, 1, 1, 0, 0, 0, 1, 1, 0, 0, 0, 1, 1, 1]",010011100011000111,"[""111000110001110010""]",1,0.000244140625,False,False,,,,8.087120859685932,0.2839421192539345,{},{}
"[0, 1, 0, 0, 1, 1, 1, 0, 0, 0, 1, 1, 1, 0, 1, 1, 0, 0]",010011100011101100,"[""1101110001110010""]",1,0.000244140625,False,False,,,,3.9273114627247434,0.1339362753110427,{},{}
"[0, 1, 0, 0, 1, 1, 1, 0, 0, 1, 0, 0, 0, 0, 1, 1, 1, 1]",010011100100001111,"[""111100001001110010""]",1,0.000244140625,False,False,,,,6.05728079683351,0.2107445655583965,{},{}
"[0, 1, 0, 0, 1, 1, 1, 0, 0, 1, 0, 0, 0, 1, 0, 0, 0, 1]",010011100100010001,"[""100010001001110010""]",1,0.000244140625,False,False,,,,1.6087018471969543,0.05032547516105815,{},{}
"[0, 1, 0, 0, 1, 1, 1, 0, 0, 1, 0, 0, 1, 1, 0, 0, 0, 0]",010011100100110000,"[""11001001110010""]",1,0.000244140625,False,False,,,,3.502442586268958,0.1186151852571628,{},{}
"[0, 1, 0, 0, 1, 1, 1, 0, 0, 1, 0, 1, 0, 0, 1, 1, 0, 1]",010011100101001101,"[""101100101001110010""]",1,0.000244140625,False,False,,,,4.027109359118481,0.13753506223700232,{},{}
"[0, 1, 0, 0, 1, 1, 1, 0, 0, 1, 1, 0, 1, 0, 0, 1, 1, 0]",010011100110100110,"[""11001011001110010""]",1,0.000244140625,False,False,,,,4.026039550133015,0.1374964841233417,{},{}
"[0, 1, 0, 0, 1, 1, 1, 0, 0, 1, 1, 1, 0, 1, 1, 0, 0, 1]",010011100111011001,"[""100110111001110010""]",1,0.000244140625,False,False,,,,7.275249114596061,0.25466541576252916,{},{}
"[0, 1, 0, 0, 1, 1, 1, 0, 0, 1, 1, 1, 0, 1, 1, 1, 0, 0]",010011100111011100,"[""1110111001110010""]",1,0.000244140625,False,False,,,,7.201803763667293,0.2520169213729064,{},{}
"[0, 1, 0, 0, 1, 1, 1, 0, 1, 0, 0, 1, 0, 1, 1, 0, 0, 0]",010011101001011000,"[""110100101110010""]",1,0.000244140625,False,False,,,,4.826351130516547,0.16635631941300683,{},{}
"[0, 1, 0, 0, 1, 1, 1, 0, 1, 0, 1, 0, 1, 1, 1, 1, 0, 0]",010011101010111100,"[""1111010101110010""]",1,0.000244140625,False,False,,,,7.2543875747875415,0.25391313300476354,{},{}
"[0, 1, 0, 0, 1, 1, 1, 0, 1, 1, 0, 1, 0, 1, 1, 0, 0, 1]",010011101101011001,"[""100110101101110010""]",1,0.000244140625,False,False,,,,5.353880498702967,0.18537942372573618,{},{}
"[0, 1, 0, 0, 1, 1, 1, 0, 1, 1, 0, 1, 1, 0, 0, 0, 0, 1]",010011101101100001,"[""100001101101110010""]",1,0.000244140625,False,False,,,,4.093572606563677,0.1399317767430768,{},{}
"[0, 1, 0, 0, 1, 1, 1, 0, 1, 1, 1, 0, 0, 0, 1, 0, 0, 1]",010011101110001001,"[""100100011101110010""]",1,0.000244140625,False,False,,,,4.08423893841294,0.1395951976755222,{},{}
"[0, 1, 0, 0, 1, 1, 1, 1, 0, 0, 0, 0, 0, 0, 1, 1, 0, 1]",010011110000001101,"[""101100000011110010""]",1,0.000244140625,False,False,,,,4.825010460029244,0.16630797383062412,{},{}
"[0, 1, 0, 0, 1, 1, 1, 1, 0, 0, 0, 0, 0, 1, 1, 1, 0, 1]",010011110000011101,"[""101110000011110010""]",1,0.000244140625,False,False,,,,6.111403479876341,0.2126962700649117,{},{}
"[0, 1, 0, 0, 1, 1, 1, 1, 0, 0, 0, 0, 1, 0, 1, 0, 0, 0]",010011110000101000,"[""101000011110010""]",1,0.000244140625,False,False,,,,5.510229793441223,0.19101749645190988,{},{}
"[0, 1, 0, 0, 1, 1, 1, 1, 0, 0, 1, 0, 0, 1, 0, 0, 1, 1]",010011110010010011,"[""110010010011110010""]",1,0.000244140625,False,False,,,,4.323202269256613,0.14821239444920023,{},{}
"[0, 1, 0, 0, 1, 1, 1, 1, 0, 0, 1, 0, 1, 0, 0, 0, 0, 0]",010011110010100000,"[""1010011110010""]",1,0.000244140625,False,False,,,,3.5492326491034465,0.12030246998438028,{},{}
"[0, 1, 0, 0, 1, 1, 1, 1, 0, 0, 1, 0, 1, 1, 0, 0, 1, 1]",010011110010110011,"[""110011010011110010""]",1,0.000244140625,False,False,,,,5.490481469160075,0.19030535708023208,{},{}
"[0, 1, 0, 0, 1, 1, 1, 1, 0, 0, 1, 1, 0, 1, 0, 0, 1, 0]",010011110011010010,"[""10010110011110010""]",1,0.000244140625,False,False,,,,4.229019603688196,0.14481609695448758,{},{}
"[0, 1, 0, 0, 1, 1, 1, 1, 0, 1, 0, 0, 0, 0, 1, 1, 0, 1]",010011110100001101,"[""101100001011110010""]",1,0.000244140625,False,False,,,,4.049544206667362,0.13834407965081905,{},{}
"[0, 1, 0, 0, 1, 1, 1, 1, 0, 1, 0, 1, 0, 1, 0, 1, 0, 0]",010011110101010100,"[""1010101011110010""]",1,0.000244140625,False,False,,,,4.01448288821318,0.13707974223470756,{},{}
"[0, 1, 0, 0, 1, 1, 1, 1, 0, 1, 1, 0, 1, 0, 0, 0, 1, 1]",010011110110100011,"[""110001011011110010""]",1,0.000244140625,False,False,,,,5.376849588816949,0.1862077063267768,{},{}
"[0, 1, 0, 0, 1, 1, 1, 1, 0, 1, 1, 0, 1, 1, 0, 0, 1, 1]",010011110110110011,"[""110011011011110010""]",1,0.000244140625,False,False,,,,6.707117699455695,0.23417817121212814,{},{}
"[0, 1, 0, 0, 1, 1, 1, 1, 1, 0, 0, 0, 1, 1, 0, 1, 0, 1]",010011111000110101,"[""101011000111110010""]",1,0.000244140625,False,False,,,,9.44383247676255,0.33286615679646575,{},{}
"[0, 1, 0, 0, 1, 1, 1, 1, 1, 0, 1, 0, 1, 0, 1, 0, 1, 0]",010011111010101010,"[""10101010111110010""]",1,0.000244140625,False,False,,,,7.374622761061698,0.25824890391817634,{},{}
"[0, 1, 0, 0, 1, 1, 1, 1, 1, 0, 1, 0, 1, 1, 1, 0, 1, 1]",010011111010111011,"[""110111010111110010""]",1,0.000244140625,False,False,,,,12.047904854376071,0.4267709580543426,{},{}
"[0, 1, 0, 0, 1, 1, 1, 1, 1, 1, 1, 0, 0, 0, 0, 1, 0, 1]",010011111110000101,"[""101000011111110010""]",1,0.000244140625,False,False,,,,9.42515513823288,0.3321926379735127,{},{}
"[0, 1, 0, 0, 1, 1, 1, 1, 1, 1, 1, 0, 0, 0, 1, 0, 0, 0]",010011111110001000,"[""100011111110010""]",1,0.000244140625,False,False,,,,8.053506324575107,0.28272995392930905,{},{}
"[0, 1, 0, 0, 1, 1, 1, 1, 1, 1, 1, 0, 0, 1, 1, 0, 0, 0]",010011111110011000,"[""110011111110010""]",1,0.000244140625,False,False,,,,9.353939373475534,0.32962454413193715,{},{}
"[0, 1, 0, 0, 1, 1, 1, 1, 1, 1, 1, 0, 0, 1, 1, 1, 0, 0]",010011111110011100,"[""1110011111110010""]",1,0.000244140625,False,False,,,,8.58615332816305,0.30193760400943787,{},{}
"[0, 1, 0, 0, 1, 1, 1, 1, 1, 1, 1, 1, 0, 0, 0, 0, 0, 0]",010011111111000000,"[""111111110010""]",1,0.000244140625,False,False,,,,12.069301357260102,0.4275425319814774,{},{}
"[0, 1, 0, 1, 0, 0, 0, 0, 0, 0, 0, 0, 0, 0, 0, 1, 1, 1]",010100000000000111,"[""111000000000001010""]",1,0.000244140625,False,False,,,,7.0776235431340915,0.24753888956796233,{},{}
"[0, 1, 0, 1, 0, 0, 0, 0, 0, 0, 0, 0, 0, 1, 0, 1, 1, 1]",010100000000010111,"[""111010000000001010""]",1,0.000244140625,False,False,,,,6.3060566046667565,0.2197156076051456,{},{}
"[0, 1, 0, 1, 0, 0, 0, 0, 0, 0, 0, 0, 1, 0, 0, 0, 1, 1]",010100000000100011,"[""110001000000001010""]",1,0.000244140625,False,False,,,,3.0433684802125254,0.10206062899272676,{},{}
"[0, 1, 0, 1, 0, 0, 0, 0, 0, 0, 0, 0, 1, 1, 0, 1, 0, 0]",010100000000110100,"[""1011000000001010""]",1,0.000244140625,False,False,,,,3.022507942893936,0.10130838238549925,{},{}
"[0, 1, 0, 1, 0, 0, 0, 0, 0, 0, 0, 1, 0, 1, 0, 1, 0, 1]",010100000001010101,"[""101010100000001010""]",1,0.000244140625,False,False,,,,2.2418419407236283,0.07315698136731145,{},{}
"[0, 1, 0, 1, 0, 0, 0, 0, 0, 0, 1, 0, 0, 1, 1, 1, 0, 0]",010100000010011100,"[""1110010000001010""]",1,0.000244140625,False,False,,,,2.22064771222902,0.07239270160623039,{},{}
"[0, 1, 0, 1, 0, 0, 0, 0, 0, 0, 1, 0, 1, 0, 1, 0, 0, 1]",010100000010101001,"[""100101010000001010""]",1,0.000244140625,False,False,,,,2.2075868778020626,0.07192171812986117,{},{}
"[0, 1, 0, 1, 0, 0, 0, 0, 0, 0, 1, 1, 1, 1, 0, 1, 0, 0]",010100000011110100,"[""1011110000001010""]",1,0.000244140625,False,False,,,,3.4013704183876383,0.11497044714650545,{},{}
"[0, 1, 0, 1, 0, 0, 0, 0, 0, 0, 1, 1, 1, 1, 1, 0, 1, 0]",010100000011111010,"[""10111110000001010""]",1,0.000244140625,False,False,,,,6.681836010710298,0.23326649457152887,{},{}
"[0, 1, 0, 1, 0, 0, 0, 0, 0, 1, 0, 0, 0, 0, 1, 1, 0, 1]",010100000100001101,"[""101100001000001010""]",1,0.000244140625,False,False,,,,2.285013873174737,0.07471379360171451,{},{}
"[0, 1, 0, 1, 0, 0, 0, 0, 0, 1, 0, 0, 1, 0, 1, 0, 1, 0]",010100000100101010,"[""10101001000001010""]",1,0.000244140625,False,False,,,,2.2046178749214103,0.07181465366120872,{},{}
"[0, 1, 0, 1, 0, 0, 0, 0, 0, 1, 0, 0, 1, 0, 1, 0, 1, 1]",010100000100101011,"[""110101001000001010""]",1,0.000244140625,False,False,,,,3.4542451649486843,0.1168771501283657,{},{}
"[0, 1, 0, 1, 0, 0, 0, 0, 0, 1, 0, 1, 0, 1, 0, 1, 0, 1]",010100000101010101,"[""101010101000001010""]",1,0.000244140625,False,False,,,,3.4649345344394096,0.11726261680211403,{},{}
"[0, 1, 0, 1, 0, 0, 0, 0, 0, 1, 0, 1, 0, 1, 1, 0, 0, 0]",010100000101011000,"[""110101000001010""]",1,0.000244140625,False,False,,,,4.208923809535145,0.1440914275588578,{},{}
"[0, 1, 0, 1, 0, 0, 0, 0, 0, 1, 1, 0, 0, 0, 1, 1, 0, 1]",010100000110001101,"[""101100011000001010""]",1,0.000244140625,False,False,,,,3.457037018096912,0.11697782644492254,{},{}
"[0, 1, 0, 1, 0, 0, 0, 0, 0, 1, 1, 0, 1, 0, 0, 0, 1, 1]",010100000110100011,"[""110001011000001010""]",1,0.000244140625,False,False,,,,3.4525242479038107,0.11681509257018514,{},{}
"[0, 1, 0, 1, 0, 0, 0, 0, 0, 1, 1, 0, 1, 0, 0, 1, 1, 0]",010100000110100110,"[""11001011000001010""]",1,0.000244140625,False,False,,,,3.4765704266137156,0.11768221579309432,{},{}
"[0, 1, 0, 1, 0, 0, 0, 0, 0, 1, 1, 0, 1, 0, 1, 0, 1, 0]",010100000110101010,"[""10101011000001010""]",1,0.000244140625,False,False,,,,3.406476081581908,0.11515456118714011,{},{}
"[0, 1, 0, 1, 0, 0, 0, 0, 0, 1, 1, 1, 1, 1, 0, 0, 0, 0]",010100000111110000,"[""11111000001010""]",1,0.000244140625,False,False,,,,7.375012871808571,0.258262971604032,{},{}
"[0, 1, 0, 1, 0, 0, 0, 0, 0, 1, 1, 1, 1, 1, 0, 1, 0, 0]",010100000111110100,"[""1011111000001010""]",1,0.000244140625,False,False,,,,6.648686340545751,0.2320710926252056,{},{}
"[0, 1, 0, 1, 0, 0, 0, 0, 0, 1, 1, 1, 1, 1, 1, 1, 1, 0]",010100000111111110,"[""11111111000001010""]",1,0.000244140625,False,False,,,,11.170704556820763,0.3951384580080989,{},{}
"[0, 1, 0, 1, 0, 0, 0, 0, 1, 0, 0, 0, 0, 0, 0, 0, 0, 1]",010100001000000001,"[""100000000100001010""]",1,0.000244140625,False,False,,,,1.9229724240194583,0.061658307655046325,{},{}
"[0, 1, 0, 1, 0, 0, 0, 0, 1, 0, 0, 0, 1, 1, 0, 1, 1, 1]",010100001000110111,"[""111011000100001010""]",1,0.000244140625,False,False,,,,6.780959849710782,0.23684097448279334,{},{}
"[0, 1, 0, 1, 0, 0, 0, 0, 1, 0, 0, 1, 1, 0, 0, 0, 0, 1]",010100001001100001,"[""100001100100001010""]",1,0.000244140625,True,False,"[1, 0, 2, 2, 0, 2]",0.27659456202095944,0.41661986943191065,0.2765945620209595,0.0022886882637367886,"{""degradation"": 0.29615085399709007, ""nominal"": 0.26782819808948743, ""surge"": 0.26580463397630083}","{""degradation"": 0.41661986943191065, ""nominal"": 0.15332992689805483, ""surge"": 0.1939084976638737}"
"[0, 1, 0, 1, 0, 0, 0, 0, 1, 0, 0, 1, 1, 0, 0, 1, 0, 1]",010100001001100101,"[""101001100100001010""]",1,0.000244140625,False,False,,,,1.5181471859733118,0.047060006221606665,{},{}
"[0, 1, 0, 1, 0, 0, 0, 0, 1, 1, 0, 1, 0, 0, 1, 0, 1, 1]",010100001101001011,"[""110100101100001010""]",1,0.000244140625,False,False,,,,2.7296039855544905,0.09074604620081413,{},{}
"[0, 1, 0, 1, 0, 0, 0, 0, 1, 1, 0, 1, 0, 0, 1, 1, 1, 1]",010100001101001111,"[""111100101100001010""]",1,0.000244140625,False,False,,,,5.97905412584934,0.20792365318476816,{},{}
"[0, 1, 0, 1, 0, 0, 0, 1, 0, 0, 0, 1, 0, 0, 0, 1, 1, 0]",010100010001000110,"[""11000100010001010""]",1,0.000244140625,False,False,,,,2.255158601798852,0.07363719014431687,{},{}
"[0, 1, 0, 1, 0, 0, 0, 1, 0, 0, 0, 1, 1, 0, 1, 0, 0, 1]",010100010001101001,"[""100101100010001010""]",1,0.000244140625,False,False,,,,1.4698165519063755,0.04531716734134403,{},{}
"[0, 1, 0, 1, 0, 0, 0, 1, 0, 0, 1, 0, 0, 0, 1, 1, 0, 0]",010100010010001100,"[""1100010010001010""]",1,0.000244140625,True,False,"[1, 0, 1, 1, 2, 0]",0.2610500690848544,0.26306751866000466,0.2610500690848546,0.001728142200436839,"{""degradation"": 0.2169028943311549, ""nominal"": 0.276019460883528, ""surge"": 0.2902278520398804}","{""degradation"": 0.03869955714192465, ""nominal"": 0.16993181672910498, ""surge"": 0.26306751866000466}"
"[0, 1, 0, 1, 0, 0, 0, 1, 0, 0, 1, 1, 1, 0, 0, 1, 1, 1]",010100010011100111,"[""111001110010001010""]",1,0.000244140625,False,False,,,,5.95711859308262,0.20713264143614993,{},{}
"[0, 1, 0, 1, 0, 0, 0, 1, 0, 1, 0, 0, 1, 1, 1, 0, 0, 1]",010100010100111001,"[""100111001010001010""]",1,0.000244140625,False,False,,,,4.7102947120935195,0.16217123799960043,{},{}
"[0, 1, 0, 1, 0, 0, 0, 1, 0, 1, 0, 1, 0, 0, 0, 0, 0, 0]",010100010101000000,"[""101010001010""]",1,0.000244140625,False,False,,,,2.9993739525663967,0.10047415335919234,{},{}
"[0, 1, 0, 1, 0, 0, 0, 1, 0, 1, 0, 1, 0, 0, 1, 1, 1, 0]",010100010101001110,"[""11100101010001010""]",1,0.000244140625,False,False,,,,2.7148615375123324,0.09021442247738977,{},{}
"[0, 1, 0, 1, 0, 0, 0, 1, 0, 1, 1, 0, 0, 0, 1, 1, 1, 1]",010100010110001111,"[""111100011010001010""]",1,0.000244140625,False,False,,,,5.985134600877125,0.20814291967057946,{},{}
"[0, 1, 0, 1, 0, 0, 0, 1, 0, 1, 1, 0, 1, 0, 1, 0, 0, 1]",010100010110101001,"[""100101011010001010""]",1,0.000244140625,False,False,,,,2.675822340878854,0.08880663979337175,{},{}
"[0, 1, 0, 1, 0, 0, 0, 1, 1, 0, 0, 0, 1, 0, 1, 0, 0, 1]",010100011000101001,"[""100101000110001010""]",1,0.000244140625,False,False,,,,3.540328300364763,0.11998137249652811,{},{}
"[0, 1, 0, 1, 0, 0, 0, 1, 1, 1, 0, 0, 0, 1, 0, 1, 1, 1]",010100011100010111,"[""111010001110001010""]",1,0.000244140625,False,False,,,,6.068559076175832,0.21115126876268386,{},{}
"[0, 1, 0, 1, 0, 0, 0, 1, 1, 1, 0, 1, 1, 0, 1, 0, 0, 1]",010100011101101001,"[""100101101110001010""]",1,0.000244140625,False,False,,,,3.964117711941241,0.13526353623798,{},{}
"[0, 1, 0, 1, 0, 0, 0, 1, 1, 1, 1, 1, 0, 0, 1, 1, 0, 0]",010100011111001100,"[""1100111110001010""]",1,0.000244140625,False,False,,,,5.934488402606071,0.20631657980998433,{},{}
"[0, 1, 0, 1, 0, 0, 1, 0, 0, 0, 0, 0, 0, 0, 1, 0, 0, 1]",010100100000001001,"[""100100000001001010""]",1,0.000244140625,False,False,,,,1.0469273771136218,0.03006746681289168,{},{}
"[0, 1, 0, 1, 0, 0, 1, 0, 0, 0, 0, 1, 1, 1, 0, 1, 1, 0]",010100100001110110,"[""11011100001001010""]",1,0.000244140625,False,False,,,,2.7181969382065905,0.09033469952575535,{},{}
"[0, 1, 0, 1, 0, 0, 1, 0, 0, 0, 0, 1, 1, 1, 1, 0, 0, 0]",010100100001111000,"[""111100001001010""]",1,0.000244140625,False,False,,,,5.450265555891384,0.18885514111259397,{},{}
"[0, 1, 0, 1, 0, 0, 1, 0, 0, 0, 1, 0, 0, 0, 0, 0, 0, 0]",010100100010000000,"[""10001001010""]",1,0.000244140625,False,False,,,,1.7894366573306417,0.0568429078452978,{},{}
"[0, 1, 0, 1, 0, 0, 1, 0, 0, 0, 1, 0, 0, 1, 0, 0, 1, 0]",010100100010010010,"[""10010010001001010""]",1,0.000244140625,True,False,"[1, 0, 0, 1, 1, 1]",0.26523116435047095,0.25520475248389174,0.2652311643504713,0.0018789156287536818,"{""degradation"": 0.20091088897535053, ""nominal"": 0.3180925641925514, ""surge"": 0.27669003988351093}","{""degradation"": -0.03756365119410784, ""nominal"": 0.25520475248389174, ""surge"": 0.22473260993803706}"
"[0, 1, 0, 1, 0, 0, 1, 0, 0, 1, 0, 0, 0, 1, 0, 1, 1, 0]",010100100100010110,"[""11010001001001010""]",1,0.000244140625,False,False,,,,1.5239564837660544,0.04726949385311991,{},{}
"[0, 1, 0, 1, 0, 0, 1, 0, 0, 1, 0, 0, 0, 1, 1, 1, 1, 1]",010100100100011111,"[""111110001001001010""]",1,0.000244140625,False,False,,,,6.000855446526193,0.20870982514485603,{},{}
"[0, 1, 0, 1, 0, 0, 1, 0, 0, 1, 1, 0, 0, 1, 0, 1, 0, 1]",010100100110010101,"[""101010011001001010""]",1,0.000244140625,False,False,,,,2.7421205640199906,0.09119740339938345,{},{}
"[0, 1, 0, 1, 0, 0, 1, 0, 0, 1, 1, 0, 1, 0, 0, 0, 0, 1]",010100100110100001,"[""100001011001001010""]",1,0.000244140625,False,False,,,,1.488771108830595,0.0460006828673338,{},{}
"[0, 1, 0, 1, 0, 0, 1, 0, 0, 1, 1, 0, 1, 0, 0, 0, 1, 0]",010100100110100010,"[""10001011001001010""]",1,0.000244140625,False,False,,,,1.480362751579654,0.045697471204193145,{},{}
"[0, 1, 0, 1, 0, 0, 1, 0, 0, 1, 1, 1, 0, 1, 1, 1, 1, 1]",010100100111011111,"[""111110111001001010""]",1,0.000244140625,False,False,,,,10.466276751078038,0.3697362634809964,{},{}
"[0, 1, 0, 1, 0, 0, 1, 0, 1, 0, 0, 0, 0, 0, 1, 0, 1, 0]",010100101000001010,"[""10100000101001010""]",1,0.000244140625,False,False,,,,2.24899421080426,0.07341489758586135,{},{}
"[0, 1, 0, 1, 0, 0, 1, 0, 1, 0, 1, 0, 0, 0, 0, 1, 0, 0]",010100101010000100,"[""1000010101001010""]",1,0.000244140625,False,False,,,,2.2609488567622904,0.07384599107713594,{},{}
"[0, 1, 0, 1, 0, 0, 1, 0, 1, 0, 1, 0, 0, 0, 1, 0, 1, 0]",010100101010001010,"[""10100010101001010""]",1,0.000244140625,False,False,,,,1.4601910867295933,0.04497006585437664,{},{}
"[0, 1, 0, 1, 0, 0, 1, 0, 1, 0, 1, 0, 0, 0, 1, 1, 1, 0]",010100101010001110,"[""11100010101001010""]",1,0.000244140625,False,False,,,,2.697849396901497,0.08960095193918008,{},{}
"[0, 1, 0, 1, 0, 0, 1, 0, 1, 0, 1, 0, 1, 1, 0, 0, 0, 1]",010100101010110001,"[""100011010101001010""]",1,0.000244140625,False,False,,,,2.7449911283046804,0.09130091809850206,{},{}
"[0, 1, 0, 1, 0, 0, 1, 0, 1, 0, 1, 0, 1, 1, 0, 0, 1, 0]",010100101010110010,"[""10011010101001010""]",1,0.000244140625,False,False,,,,2.729063155732722,0.09072654347217873,{},{}
"[0, 1, 0, 1, 0, 0, 1, 0, 1, 0, 1, 1, 0, 0, 0, 0, 0, 0]",010100101011000000,"[""110101001010""]",1,0.000244140625,False,False,,,,4.2254285173734205,0.1446865996910521,{},{}
"[0, 1, 0, 1, 0, 0, 1, 0, 1, 1, 0, 0, 1, 1, 0, 1, 1, 0]",010100101100110110,"[""11011001101001010""]",1,0.000244140625,False,False,,,,4.050589011795623,0.1383817561066526,{},{}
"[0, 1, 0, 1, 0, 0, 1, 0, 1, 1, 0, 1, 0, 0, 1, 0, 0, 1]",010100101101001001,"[""100100101101001010""]",1,0.000244140625,False,False,,,,2.7631647431785664,0.09195627226897003,{},{}
"[0, 1, 0, 1, 0, 0, 1, 0, 1, 1, 0, 1, 1, 0, 0, 1, 1, 0]",010100101101100110,"[""11001101101001010""]",1,0.000244140625,False,False,,,,4.032191437388489,0.13771832578759513,{},{}
"[0, 1, 0, 1, 0, 0, 1, 0, 1, 1, 0, 1, 1, 0, 1, 0, 0, 1]",010100101101101001,"[""100101101101001010""]",1,0.000244140625,False,False,,,,4.0252636900859,0.1374685060286641,{},{}
"[0, 1, 0, 1, 0, 0, 1, 0, 1, 1, 1, 0, 1, 1, 1, 0, 0, 0]",010100101110111000,"[""111011101001010""]",1,0.000244140625,False,False,,,,7.922246078908435,0.2779966111127454,{},{}
"[0, 1, 0, 1, 0, 0, 1, 1, 0, 0, 0, 1, 1, 0, 1, 0, 1, 0]",010100110001101010,"[""10101100011001010""]",1,0.000244140625,False,False,,,,2.714650659916221,0.09020681807325615,{},{}
"[0, 1, 0, 1, 0, 0, 1, 1, 0, 0, 0, 1, 1, 1, 0, 0, 0, 1]",010100110001110001,"[""100011100011001010""]",1,0.000244140625,False,False,,,,2.7005278569394724,0.08969753921521184,{},{}
"[0, 1, 0, 1, 0, 0, 1, 1, 0, 0, 0, 1, 1, 1, 0, 1, 1, 0]",010100110001110110,"[""11011100011001010""]",1,0.000244140625,False,False,,,,3.995736918945635,0.1364037485359194,{},{}
"[0, 1, 0, 1, 0, 0, 1, 1, 0, 0, 1, 0, 0, 1, 0, 1, 0, 0]",010100110010010100,"[""1010010011001010""]",1,0.000244140625,False,False,,,,1.518714130011599,0.047080450648458,{},{}
"[0, 1, 0, 1, 0, 0, 1, 1, 0, 0, 1, 1, 1, 1, 1, 1, 0, 0]",010100110011111100,"[""1111110011001010""]",1,0.000244140625,False,False,,,,7.226017753119827,0.2528900959769411,{},{}
"[0, 1, 0, 1, 0, 0, 1, 1, 0, 1, 0, 0, 1, 0, 0, 0, 0, 0]",010100110100100000,"[""1001011001010""]",1,0.000244140625,False,False,,,,2.2913380057821016,0.07494184656242649,{},{}
"[0, 1, 0, 1, 0, 0, 1, 1, 0, 1, 0, 1, 1, 0, 1, 0, 0, 1]",010100110101101001,"[""100101101011001010""]",1,0.000244140625,False,False,,,,3.9718160922476127,0.1355411456004893,{},{}
"[0, 1, 0, 1, 0, 0, 1, 1, 0, 1, 1, 0, 0, 0, 1, 0, 1, 0]",010100110110001010,"[""10100011011001010""]",1,0.000244140625,False,False,,,,2.718060247646406,0.09032977036172815,{},{}
"[0, 1, 0, 1, 0, 0, 1, 1, 0, 1, 1, 0, 1, 0, 1, 1, 0, 0]",010100110110101100,"[""1101011011001010""]",1,0.000244140625,False,False,,,,4.029253393323749,0.137612377717043,{},{}
"[0, 1, 0, 1, 0, 0, 1, 1, 1, 0, 0, 0, 1, 1, 0, 0, 1, 0]",010100111000110010,"[""10011000111001010""]",1,0.000244140625,False,False,,,,6.784969113798949,0.23698555155009235,{},{}
"[0, 1, 0, 1, 0, 0, 1, 1, 1, 0, 0, 0, 1, 1, 1, 0, 1, 0]",010100111000111010,"[""10111000111001010""]",1,0.000244140625,False,False,,,,10.005784423111654,0.35313056507176505,{},{}
"[0, 1, 0, 1, 0, 0, 1, 1, 1, 0, 0, 1, 1, 0, 0, 0, 0, 1]",010100111001100001,"[""100001100111001010""]",1,0.000244140625,False,False,,,,4.757256921232343,0.16386473045154737,{},{}
"[0, 1, 0, 1, 0, 0, 1, 1, 1, 0, 1, 0, 1, 1, 0, 0, 0, 0]",010100111010110000,"[""11010111001010""]",1,0.000244140625,False,False,,,,6.764285726212786,0.2362396930949605,{},{}
"[0, 1, 0, 1, 0, 0, 1, 1, 1, 0, 1, 0, 1, 1, 1, 0, 0, 0]",010100111010111000,"[""111010111001010""]",1,0.000244140625,False,False,,,,9.985101035525492,0.35238470661663324,{},{}
"[0, 1, 0, 1, 0, 0, 1, 1, 1, 1, 0, 1, 1, 0, 1, 0, 1, 0]",010100111101101010,"[""10101101111001010""]",1,0.000244140625,False,False,,,,7.220662741809305,0.25269699025638925,{},{}
"[0, 1, 0, 1, 0, 0, 1, 1, 1, 1, 0, 1, 1, 1, 0, 1, 1, 0]",010100111101110110,"[""11011101111001010""]",1,0.000244140625,False,False,,,,8.541767361966043,0.3003370128084404,{},{}
"[0, 1, 0, 1, 0, 0, 1, 1, 1, 1, 1, 0, 1, 1, 0, 1, 0, 0]",010100111110110100,"[""1011011111001010""]",1,0.000244140625,False,False,,,,7.318946003596844,0.2562411583234815,{},{}
"[0, 1, 0, 1, 0, 0, 1, 1, 1, 1, 1, 1, 0, 1, 1, 0, 0, 1]",010100111111011001,"[""100110111111001010""]",1,0.000244140625,False,False,,,,10.488574853157797,0.3705403497507285,{},{}
"[0, 1, 0, 1, 0, 1, 0, 0, 0, 0, 0, 0, 0, 0, 0, 0, 0, 0]",010101000000000000,"[""101010""]",1,0.000244140625,False,False,,,,4.6747862869145225,0.16089077757995968,{},{}
"[0, 1, 0, 1, 0, 1, 0, 0, 0, 0, 0, 1, 0, 0, 0, 0, 1, 0]",010101000001000010,"[""10000100000101010""]",1,0.000244140625,False,False,,,,3.0725130960505713,0.10311160567891127,{},{}
"[0, 1, 0, 1, 0, 1, 0, 0, 0, 0, 0, 1, 1, 1, 1, 0, 0, 0]",010101000001111000,"[""111100000101010""]",1,0.000244140625,False,False,,,,7.462175613785728,0.2614061253937733,{},{}
"[0, 1, 0, 1, 0, 1, 0, 0, 0, 0, 1, 0, 1, 1, 1, 0, 1, 1]",010101000010111011,"[""110111010000101010""]",1,0.000244140625,False,False,,,,8.025696422953814,0.281727108037928,{},{}
"[0, 1, 0, 1, 0, 1, 0, 0, 0, 0, 1, 1, 0, 1, 1, 0, 0, 1]",010101000011011001,"[""100110110000101010""]",1,0.000244140625,False,False,,,,4.786618893474055,0.16492354517252072,{},{}
"[0, 1, 0, 1, 0, 1, 0, 0, 0, 0, 1, 1, 0, 1, 1, 1, 1, 1]",010101000011011111,"[""111110110000101010""]",1,0.000244140625,False,False,,,,9.293679522028402,0.32745152873397115,{},{}
"[0, 1, 0, 1, 0, 1, 0, 0, 0, 1, 0, 0, 0, 0, 1, 0, 1, 1]",010101000100001011,"[""110100001000101010""]",1,0.000244140625,False,False,,,,3.565570093022327,0.12089161045430459,{},{}
"[0, 1, 0, 1, 0, 1, 0, 0, 0, 1, 0, 0, 0, 1, 0, 0, 0, 1]",010101000100010001,"[""100010001000101010""]",1,0.000244140625,False,False,,,,2.357102614415785,0.07731336762944371,{},{}
"[0, 1, 0, 1, 0, 1, 0, 0, 0, 1, 1, 0, 1, 1, 1, 1, 1, 1]",010101000110111111,"[""111111011000101010""]",1,0.000244140625,False,False,,,,12.541139823936447,0.4445573806546426,{},{}
"[0, 1, 0, 1, 0, 1, 0, 0, 1, 0, 0, 0, 1, 0, 0, 0, 0, 1]",010101001000100001,"[""100001000100101010""]",1,0.000244140625,False,False,,,,2.4455370383558823,0.08050237922368374,{},{}
"[0, 1, 0, 1, 0, 1, 0, 0, 1, 0, 0, 1, 1, 0, 0, 0, 0, 1]",010101001001100001,"[""100001100100101010""]",1,0.000244140625,False,False,,,,1.622541307189087,0.05082453645875855,{},{}
"[0, 1, 0, 1, 0, 1, 0, 0, 1, 0, 0, 1, 1, 1, 1, 0, 0, 0]",010101001001111000,"[""111100100101010""]",1,0.000244140625,False,False,,,,6.738428215332994,0.23530725187671162,{},{}
"[0, 1, 0, 1, 0, 1, 0, 0, 1, 0, 1, 1, 0, 1, 0, 1, 0, 1]",010101001011010101,"[""101010110100101010""]",1,0.000244140625,False,False,,,,4.075929915095163,0.13929556806844576,{},{}
"[0, 1, 0, 1, 0, 1, 0, 0, 1, 0, 1, 1, 1, 1, 1, 0, 1, 1]",010101001011111011,"[""110111110100101010""]",1,0.000244140625,False,False,,,,8.573031737713446,0.3014644296253654,{},{}
"[0, 1, 0, 1, 0, 1, 0, 0, 1, 1, 0, 0, 0, 0, 0, 0, 0, 1]",010101001100000001,"[""100000001100101010""]",1,0.000244140625,False,False,,,,2.4534345546983793,0.0807871695808752,{},{}
"[0, 1, 0, 1, 0, 1, 0, 0, 1, 1, 0, 0, 0, 1, 0, 1, 1, 0]",010101001100010110,"[""11010001100101010""]",1,0.000244140625,False,False,,,,2.8040111036552915,0.09342922263534566,{},{}
"[0, 1, 0, 1, 0, 1, 0, 0, 1, 1, 1, 1, 1, 0, 1, 1, 0, 0]",010101001111101100,"[""1101111100101010""]",1,0.000244140625,False,False,,,,7.2272967614434585,0.25293621797549626,{},{}
"[0, 1, 0, 1, 0, 1, 0, 1, 0, 0, 0, 0, 0, 0, 1, 0, 0, 1]",010101010000001001,"[""100100000010101010""]",1,0.000244140625,False,False,,,,2.3859906520319814,0.07835509191268544,{},{}
"[0, 1, 0, 1, 0, 1, 0, 1, 0, 0, 0, 0, 1, 1, 1, 0, 0, 0]",010101010000111000,"[""111000010101010""]",1,0.000244140625,False,False,,,,7.514519181628539,0.2632936736730235,{},{}
"[0, 1, 0, 1, 0, 1, 0, 1, 0, 0, 1, 0, 0, 1, 0, 1, 0, 1]",010101010010010101,"[""101010010010101010""]",1,0.000244140625,False,False,,,,2.864299501316733,0.09560326743119031,{},{}
"[0, 1, 0, 1, 0, 1, 0, 1, 0, 0, 1, 0, 1, 1, 0, 1, 0, 1]",010101010010110101,"[""101011010010101010""]",1,0.000244140625,False,False,,,,4.071597062347521,0.13913932215160996,{},{}
"[0, 1, 0, 1, 0, 1, 0, 1, 0, 1, 0, 1, 1, 1, 0, 1, 0, 1]",010101010101110101,"[""101011101010101010""]",1,0.000244140625,False,False,,,,5.283913331405458,0.18285635524417942,{},{}
"[0, 1, 0, 1, 0, 1, 0, 1, 0, 1, 1, 0, 0, 0, 1, 1, 1, 0]",010101010110001110,"[""11100011010101010""]",1,0.000244140625,False,False,,,,3.999538937287607,0.13654085216631423,{},{}
"[0, 1, 0, 1, 0, 1, 0, 1, 1, 0, 0, 0, 0, 1, 1, 1, 1, 1]",010101011000011111,"[""111110000110101010""]",1,0.000244140625,False,False,,,,9.448142061077885,0.3330215636361967,{},{}
"[0, 1, 0, 1, 0, 1, 0, 1, 1, 0, 0, 1, 0, 1, 1, 0, 1, 0]",010101011001011010,"[""10110100110101010""]",1,0.000244140625,False,False,,,,4.10284948051559,0.14026630776926402,{},{}
"[0, 1, 0, 1, 0, 1, 0, 1, 1, 0, 0, 1, 0, 1, 1, 1, 1, 0]",010101011001011110,"[""11110100110101010""]",1,0.000244140625,False,False,,,,5.313722412605452,0.1839312930492226,{},{}
"[0, 1, 0, 1, 0, 1, 0, 1, 1, 0, 0, 1, 1, 1, 0, 0, 1, 0]",010101011001110010,"[""10011100110101010""]",1,0.000244140625,False,False,,,,4.03495949134369,0.13781814388741784,{},{}
"[0, 1, 0, 1, 0, 1, 0, 1, 1, 0, 1, 0, 0, 1, 1, 1, 1, 1]",010101011010011111,"[""111110010110101010""]",1,0.000244140625,False,False,,,,8.716555899621754,0.3066400184513774,{},{}
"[0, 1, 0, 1, 0, 1, 0, 1, 1, 0, 1, 1, 0, 0, 0, 0, 1, 0]",010101011011000010,"[""10000110110101010""]",1,0.000244140625,False,False,,,,4.847561799988221,0.16712119204804068,{},{}
"[0, 1, 0, 1, 0, 1, 0, 1, 1, 0, 1, 1, 0, 0, 1, 1, 1, 0]",010101011011001110,"[""11100110110101010""]",1,0.000244140625,False,False,,,,5.295045074075782,0.18325777422626954,{},{}
"[0, 1, 0, 1, 0, 1, 0, 1, 1, 0, 1, 1, 0, 1, 1, 0, 1, 0]",010101011011011010,"[""10110110110101010""]",1,0.000244140625,False,False,,,,5.379160835401956,0.18629105161052883,{},{}
"[0, 1, 0, 1, 0, 1, 0, 1, 1, 0, 1, 1, 1, 0, 1, 0, 1, 1]",010101011011101011,"[""110101110110101010""]",1,0.000244140625,False,False,,,,6.6038039938298425,0.2304526015707415,{},{}
"[0, 1, 0, 1, 0, 1, 0, 1, 1, 0, 1, 1, 1, 1, 1, 1, 0, 1]",010101011011111101,"[""101111110110101010""]",1,0.000244140625,False,False,,,,9.851248085068198,0.3475578689225167,{},{}
"[0, 1, 0, 1, 0, 1, 0, 1, 1, 1, 0, 0, 0, 0, 0, 0, 1, 1]",010101011100000011,"[""110000001110101010""]",1,0.000244140625,False,False,,,,4.9279180571659005,0.17001889889557928,{},{}
"[0, 1, 0, 1, 0, 1, 0, 1, 1, 1, 0, 0, 0, 1, 1, 0, 1, 1]",010101011100011011,"[""110110001110101010""]",1,0.000244140625,False,False,,,,5.413886998156318,0.18754330306096106,{},{}
"[0, 1, 0, 1, 0, 1, 0, 1, 1, 1, 1, 0, 0, 1, 1, 0, 1, 1]",010101011110011011,"[""110110011110101010""]",1,0.000244140625,False,False,,,,6.682300836700188,0.23328325654503443,{},{}
"[0, 1, 0, 1, 0, 1, 1, 0, 0, 0, 0, 0, 0, 1, 1, 0, 1, 1]",010101100000011011,"[""110110000001101010""]",1,0.000244140625,False,False,,,,4.813264315131224,0.16588439904381055,{},{}
"[0, 1, 0, 1, 0, 1, 1, 0, 0, 0, 0, 0, 1, 0, 0, 0, 0, 0]",010101100000100000,"[""1000001101010""]",1,0.000244140625,False,False,,,,3.074068563909389,0.10316769701546587,{},{}
"[0, 1, 0, 1, 0, 1, 1, 0, 0, 0, 0, 0, 1, 0, 1, 1, 0, 1]",010101100000101101,"[""101101000001101010""]",1,0.000244140625,False,False,,,,4.862424817452614,0.16765716359517766,{},{}
"[0, 1, 0, 1, 0, 1, 1, 0, 0, 0, 0, 0, 1, 1, 1, 0, 0, 0]",010101100000111000,"[""111000001101010""]",1,0.000244140625,False,False,,,,7.4855843566739395,0.2622502622032996,{},{}
"[0, 1, 0, 1, 0, 1, 1, 0, 0, 0, 0, 0, 1, 1, 1, 1, 1, 0]",010101100000111110,"[""11111000001101010""]",1,0.000244140625,False,False,,,,8.015259782936676,0.28135075497837614,{},{}
"[0, 1, 0, 1, 0, 1, 1, 0, 0, 0, 0, 1, 0, 1, 1, 1, 0, 1]",010101100001011101,"[""101110100001101010""]",1,0.000244140625,False,False,,,,4.035534212337322,0.13783886875710646,{},{}
"[0, 1, 0, 1, 0, 1, 1, 0, 0, 0, 1, 1, 0, 1, 1, 0, 0, 0]",010101100011011000,"[""110110001101010""]",1,0.000244140625,False,False,,,,4.684736133944794,0.16124957651963437,{},{}
"[0, 1, 0, 1, 0, 1, 1, 0, 0, 1, 0, 0, 0, 0, 0, 1, 0, 1]",010101100100000101,"[""101000001001101010""]",1,0.000244140625,False,False,,,,3.6681843630120765,0.12459195792254216,{},{}
"[0, 1, 0, 1, 0, 1, 1, 0, 0, 1, 0, 1, 0, 1, 0, 0, 0, 0]",010101100101010000,"[""10101001101010""]",1,0.000244140625,False,False,,,,3.477686840331442,0.1177224745083228,{},{}
"[0, 1, 0, 1, 0, 1, 1, 0, 0, 1, 0, 1, 1, 1, 0, 1, 1, 0]",010101100101110110,"[""11011101001101010""]",1,0.000244140625,False,False,,,,5.292243389021504,0.18315674336381316,{},{}
"[0, 1, 0, 1, 0, 1, 1, 0, 0, 1, 1, 0, 0, 0, 1, 0, 1, 1]",010101100110001011,"[""110100011001101010""]",1,0.000244140625,False,False,,,,3.99943137677423,0.13653697345360308,{},{}
"[0, 1, 0, 1, 0, 1, 1, 0, 0, 1, 1, 0, 0, 1, 1, 0, 1, 0]",010101100110011010,"[""10110011001101010""]",1,0.000244140625,False,False,,,,3.953481347351272,0.13487998096067136,{},{}
"[0, 1, 0, 1, 0, 1, 1, 0, 0, 1, 1, 0, 1, 0, 0, 1, 0, 1]",010101100110100101,"[""101001011001101010""]",1,0.000244140625,False,False,,,,4.12508863036158,0.14106826817727144,{},{}
"[0, 1, 0, 1, 0, 1, 1, 0, 1, 0, 0, 1, 1, 0, 0, 0, 1, 1]",010101101001100011,"[""110001100101101010""]",1,0.000244140625,False,False,,,,4.104003508839011,0.14030792289535976,{},{}
"[0, 1, 0, 1, 0, 1, 1, 0, 1, 0, 0, 1, 1, 0, 1, 1, 0, 1]",010101101001101101,"[""101101100101101010""]",1,0.000244140625,False,False,,,,5.405465498175593,0.18723961746113607,{},{}
"[0, 1, 0, 1, 0, 1, 1, 0, 1, 0, 1, 1, 1, 1, 0, 1, 0, 0]",010101101011110100,"[""1011110101101010""]",1,0.000244140625,False,False,,,,5.238518355066619,0.18121937838138144,{},{}
"[0, 1, 0, 1, 0, 1, 1, 0, 1, 1, 0, 1, 0, 0, 0, 1, 0, 0]",010101101101000100,"[""1000101101101010""]",1,0.000244140625,False,False,,,,4.835179842767102,0.16667468939242008,{},{}
"[0, 1, 0, 1, 0, 1, 1, 1, 0, 0, 0, 0, 1, 0, 1, 0, 1, 1]",010101110000101011,"[""110101000011101010""]",1,0.000244140625,False,False,,,,6.039833733630066,0.21011541138559486,{},{}
"[0, 1, 0, 1, 0, 1, 1, 1, 0, 0, 1, 0, 1, 1, 0, 1, 1, 0]",010101110010110110,"[""11011010011101010""]",1,0.000244140625,False,False,,,,5.332500776564386,0.1846084549248567,{},{}
"[0, 1, 0, 1, 0, 1, 1, 1, 0, 1, 0, 0, 0, 0, 1, 0, 0, 1]",010101110100001001,"[""100100001011101010""]",1,0.000244140625,False,False,,,,2.802509114634181,0.09337505978575229,{},{}
"[0, 1, 0, 1, 0, 1, 1, 1, 0, 1, 0, 1, 0, 1, 0, 0, 1, 0]",010101110101010010,"[""10010101011101010""]",1,0.000244140625,False,False,,,,4.005784423111654,0.13676606906508704,{},{}
"[0, 1, 0, 1, 0, 1, 1, 1, 0, 1, 0, 1, 1, 0, 0, 0, 0, 1]",010101110101100001,"[""100001101011101010""]",1,0.000244140625,False,False,,,,4.036592053747009,0.1378770153110168,{},{}
"[0, 1, 0, 1, 0, 1, 1, 1, 0, 1, 1, 0, 0, 0, 1, 0, 0, 0]",010101110110001000,"[""100011011101010""]",1,0.000244140625,False,False,,,,4.7120498875052785,0.16223453094016185,{},{}
"[0, 1, 0, 1, 0, 1, 1, 1, 0, 1, 1, 0, 1, 1, 0, 1, 0, 1]",010101110110110101,"[""101011011011101010""]",1,0.000244140625,False,False,,,,6.641841494820463,0.231824262359273,{},{}
"[0, 1, 0, 1, 0, 1, 1, 1, 0, 1, 1, 1, 0, 1, 0, 1, 0, 0]",010101110111010100,"[""1010111011101010""]",1,0.000244140625,False,False,,,,7.245541521217387,0.2535941376843711,{},{}
"[0, 1, 0, 1, 0, 1, 1, 1, 1, 0, 0, 0, 1, 0, 1, 0, 0, 1]",010101111000101001,"[""100101000111101010""]",1,0.000244140625,False,False,,,,8.129778521272637,0.2854803864956063,{},{}
"[0, 1, 0, 1, 0, 1, 1, 1, 1, 0, 0, 1, 1, 1, 1, 0, 1, 1]",010101111001111011,"[""110111100111101010""]",1,0.000244140625,False,False,,,,11.883220993706592,0.42083233463531167,{},{}
"[0, 1, 0, 1, 0, 1, 1, 1, 1, 0, 1, 0, 1, 0, 0, 1, 1, 1]",010101111010100111,"[""111001010111101010""]",1,0.000244140625,False,False,,,,10.69701565027526,0.37805688108665353,{},{}
"[0, 1, 0, 1, 0, 1, 1, 1, 1, 0, 1, 1, 0, 0, 1, 0, 0, 0]",010101111011001000,"[""100110111101010""]",1,0.000244140625,False,False,,,,8.015053220379746,0.2813433061777888,{},{}
"[0, 1, 0, 1, 0, 1, 1, 1, 1, 1, 0, 1, 0, 0, 0, 0, 1, 0]",010101111101000010,"[""10000101111101010""]",1,0.000244140625,False,False,,,,8.030545521013057,0.28190197014754054,{},{}
"[0, 1, 0, 1, 0, 1, 1, 1, 1, 1, 0, 1, 1, 1, 1, 0, 1, 1]",010101111101111011,"[""110111101111101010""]",1,0.000244140625,False,False,,,,13.153217456956424,0.46662935875219724,{},{}
"[0, 1, 0, 1, 0, 1, 1, 1, 1, 1, 1, 0, 1, 1, 0, 1, 0, 0]",010101111110110100,"[""1011011111101010""]",1,0.000244140625,False,False,,,,8.636876740970466,0.30376672828407375,{},{}
"[0, 1, 0, 1, 1, 0, 0, 0, 0, 0, 0, 0, 0, 0, 0, 1, 0, 0]",010110000000000100,"[""1000000000011010""]",1,0.000244140625,False,False,,,,3.8408297139697627,0.1308176786471848,{},{}
"[0, 1, 0, 1, 1, 0, 0, 0, 0, 0, 0, 0, 0, 1, 0, 0, 1, 1]",010110000000010011,"[""110010000000011010""]",1,0.000244140625,False,False,,,,4.4100783303752795,0.15134521031236453,{},{}
"[0, 1, 0, 1, 1, 0, 0, 0, 0, 0, 0, 0, 1, 0, 0, 1, 0, 1]",010110000000100101,"[""101001000000011010""]",1,0.000244140625,False,False,,,,4.299195717950161,0.14734670022015375,{},{}
"[0, 1, 0, 1, 1, 0, 0, 0, 0, 0, 0, 1, 0, 1, 0, 0, 0, 1]",010110000001010001,"[""100010100000011010""]",1,0.000244140625,False,False,,,,2.3105842492094406,0.0756358805222895,{},{}
"[0, 1, 0, 1, 1, 0, 0, 0, 0, 0, 0, 1, 0, 1, 1, 1, 0, 1]",010110000001011101,"[""101110100000011010""]",1,0.000244140625,False,False,,,,4.755185217452326,0.163790023260841,{},{}
"[0, 1, 0, 1, 1, 0, 0, 0, 0, 0, 0, 1, 1, 0, 1, 0, 0, 0]",010110000001101000,"[""101100000011010""]",1,0.000244140625,False,False,,,,4.235984294564096,0.1450672489263553,{},{}
"[0, 1, 0, 1, 1, 0, 0, 0, 0, 0, 1, 0, 0, 1, 0, 1, 1, 0]",010110000010010110,"[""11010010000011010""]",1,0.000244140625,False,False,,,,3.603824286844734,0.12227108534872574,{},{}
"[0, 1, 0, 1, 1, 0, 0, 0, 0, 0, 1, 1, 0, 1, 1, 1, 0, 1]",010110000011011101,"[""101110110000011010""]",1,0.000244140625,False,False,,,,5.992322841335536,0.20840213300790594,{},{}
"[0, 1, 0, 1, 1, 0, 0, 0, 0, 1, 0, 0, 0, 1, 0, 0, 0, 1]",010110000100010001,"[""100010001000011010""]",1,0.000244140625,False,False,,,,2.2994180273573592,0.07523321819506877,{},{}
"[0, 1, 0, 1, 1, 0, 0, 0, 0, 1, 0, 1, 1, 1, 1, 1, 0, 1]",010110000101111101,"[""101111101000011010""]",1,0.000244140625,False,False,,,,9.22559373332622,0.3249963041743437,{},{}
"[0, 1, 0, 1, 1, 0, 0, 0, 1, 0, 0, 0, 0, 1, 0, 1, 0, 0]",010110001000010100,"[""1010000100011010""]",1,0.000244140625,False,False,,,,2.287721952333382,0.07481144896543226,{},{}
"[0, 1, 0, 1, 1, 0, 0, 0, 1, 0, 0, 1, 0, 0, 1, 1, 0, 1]",010110001001001101,"[""101100100100011010""]",1,0.000244140625,False,False,,,,2.7716772988411806,0.0922632414049151,{},{}
"[0, 1, 0, 1, 1, 0, 0, 0, 1, 0, 1, 0, 0, 1, 1, 0, 0, 0]",010110001010011000,"[""110010100011010""]",1,0.000244140625,False,False,,,,3.5362431063617716,0.11983405733960366,{},{}
"[0, 1, 0, 1, 1, 0, 0, 0, 1, 0, 1, 0, 1, 0, 0, 0, 1, 0]",010110001010100010,"[""10001010100011010""]",1,0.000244140625,False,False,,,,1.5393039086756954,0.047822933495715717,{},{}
"[0, 1, 0, 1, 1, 0, 0, 0, 1, 1, 1, 0, 0, 0, 0, 1, 0, 0]",010110001110000100,"[""1000011100011010""]",1,0.000244140625,False,False,,,,3.485680844099333,0.11801074427437533,{},{}
"[0, 1, 0, 1, 1, 0, 0, 0, 1, 1, 1, 0, 1, 1, 0, 1, 0, 1]",010110001110110101,"[""101011011100011010""]",1,0.000244140625,False,False,,,,5.286573517944113,0.18295228356413276,{},{}
"[0, 1, 0, 1, 1, 0, 0, 1, 0, 0, 0, 1, 0, 0, 1, 1, 0, 1]",010110010001001101,"[""101100100010011010""]",1,0.000244140625,False,False,,,,2.7710143207170184,0.09223933391696545,{},{}
"[0, 1, 0, 1, 1, 0, 0, 1, 0, 0, 1, 1, 1, 0, 1, 0, 0, 1]",010110010011101001,"[""100101110010011010""]",1,0.000244140625,False,False,,,,3.9872387535055474,0.13609729832218176,{},{}
"[0, 1, 0, 1, 1, 0, 0, 1, 0, 0, 1, 1, 1, 0, 1, 1, 0, 0]",010110010011101100,"[""1101110010011010""]",1,0.000244140625,False,False,,,,3.985620450850785,0.13603894111580112,{},{}
"[0, 1, 0, 1, 1, 0, 0, 1, 0, 0, 1, 1, 1, 0, 1, 1, 1, 0]",010110010011101110,"[""11101110010011010""]",1,0.000244140625,False,False,,,,5.297398218072539,0.18334263036208445,{},{}
"[0, 1, 0, 1, 1, 0, 0, 1, 0, 1, 0, 0, 0, 1, 1, 1, 0, 0]",010110010100011100,"[""1110001010011010""]",1,0.000244140625,False,False,,,,2.778467269569929,0.09250809283735272,{},{}
"[0, 1, 0, 1, 1, 0, 0, 1, 0, 1, 0, 0, 1, 1, 1, 1, 1, 0]",010110010100111110,"[""11111001010011010""]",1,0.000244140625,False,False,,,,7.329663442607298,0.2566276372051447,{},{}
"[0, 1, 0, 1, 1, 0, 0, 1, 0, 1, 0, 1, 0, 1, 1, 1, 1, 0]",010110010101011110,"[""11110101010011010""]",1,0.000244140625,False,False,,,,5.316075556602209,0.1840161491850375,{},{}
"[0, 1, 0, 1, 1, 0, 0, 1, 0, 1, 0, 1, 1, 1, 1, 1, 0, 0]",010110010101111100,"[""1111101010011010""]",1,0.000244140625,False,False,,,,7.2516137115385675,0.2538131054174543,{},{}
"[0, 1, 0, 1, 1, 0, 0, 1, 0, 1, 1, 0, 1, 0, 0, 0, 1, 1]",010110010110100011,"[""110001011010011010""]",1,0.000244140625,False,False,,,,4.067565768977356,0.13899395069189482,{},{}
"[0, 1, 0, 1, 1, 0, 0, 1, 0, 1, 1, 1, 0, 0, 1, 1, 0, 0]",010110010111001100,"[""1100111010011010""]",1,0.000244140625,False,False,,,,5.985620450850785,0.20816043978469376,{},{}
"[0, 1, 0, 1, 1, 0, 0, 1, 1, 0, 0, 0, 1, 1, 1, 0, 0, 0]",010110011000111000,"[""111000110011010""]",1,0.000244140625,False,False,,,,8.786563567562315,0.3091645474164711,{},{}
"[0, 1, 0, 1, 1, 0, 0, 1, 1, 0, 0, 1, 0, 0, 0, 0, 0, 1]",010110011001000001,"[""100000100110011010""]",1,0.000244140625,False,False,,,,3.5947396129485423,0.12194348520056998,{},{}
"[0, 1, 0, 1, 1, 0, 0, 1, 1, 0, 0, 1, 1, 0, 0, 1, 0, 0]",010110011001100100,"[""1001100110011010""]",1,0.000244140625,False,False,,,,2.7244869860602385,0.09056152336470742,{},{}
"[0, 1, 0, 1, 1, 0, 0, 1, 1, 0, 0, 1, 1, 1, 1, 0, 0, 0]",010110011001111000,"[""111100110011010""]",1,0.000244140625,False,False,,,,8.004496571030344,0.2809626254917884,{},{}
"[0, 1, 0, 1, 1, 0, 0, 1, 1, 1, 0, 0, 1, 0, 0, 1, 0, 0]",010110011100100100,"[""1001001110011010""]",1,0.000244140625,False,False,,,,2.777562453777813,0.09247546450187938,{},{}
"[0, 1, 0, 1, 1, 0, 0, 1, 1, 1, 0, 1, 1, 0, 0, 1, 1, 1]",010110011101100111,"[""111001101110011010""]",1,0.000244140625,False,False,,,,8.55796376639573,0.3009210672886986,{},{}
"[0, 1, 0, 1, 1, 0, 0, 1, 1, 1, 1, 0, 1, 1, 0, 1, 0, 1]",010110011110110101,"[""101011011110011010""]",1,0.000244140625,False,False,,,,6.616898118397284,0.230924785514522,{},{}
"[0, 1, 0, 1, 1, 0, 0, 1, 1, 1, 1, 1, 0, 0, 0, 0, 1, 0]",010110011111000010,"[""10000111110011010""]",1,0.000244140625,False,False,,,,8.06098665772473,0.28299970034795574,{},{}
"[0, 1, 0, 1, 1, 0, 0, 1, 1, 1, 1, 1, 0, 1, 1, 0, 1, 0]",010110011111011010,"[""10110111110011010""]",1,0.000244140625,False,False,,,,8.618526441096341,0.303105002720101,{},{}
"[0, 1, 0, 1, 1, 0, 1, 0, 0, 0, 0, 0, 1, 0, 0, 0, 0, 0]",010110100000100000,"[""1000001011010""]",1,0.000244140625,False,False,,,,3.0464752444821,0.1021726612402931,{},{}
"[0, 1, 0, 1, 1, 0, 1, 0, 0, 0, 0, 1, 0, 0, 1, 1, 0, 0]",010110100001001100,"[""1100100001011010""]",1,0.000244140625,False,False,,,,1.4943449182345683,0.04620167861108846,{},{}
"[0, 1, 0, 1, 1, 0, 1, 0, 0, 0, 0, 1, 0, 1, 0, 0, 0, 0]",010110100001010000,"[""10100001011010""]",1,0.000244140625,False,False,,,,2.255394836004356,0.07364570892678576,{},{}
"[0, 1, 0, 1, 1, 0, 1, 0, 0, 0, 0, 1, 0, 1, 0, 0, 1, 0]",010110100001010010,"[""10010100001011010""]",1,0.000244140625,False,False,,,,1.5412318552682347,0.04789245669451947,{},{}
"[0, 1, 0, 1, 1, 0, 1, 0, 0, 0, 0, 1, 1, 0, 0, 0, 1, 1]",010110100001100011,"[""110001100001011010""]",1,0.000244140625,False,False,,,,2.749227252320143,0.09145367590477328,{},{}
"[0, 1, 0, 1, 1, 0, 1, 0, 0, 0, 1, 0, 1, 0, 0, 1, 1, 1]",010110100010100111,"[""111001010001011010""]",1,0.000244140625,False,False,,,,6.060462423797209,0.21085929741081016,{},{}
"[0, 1, 0, 1, 1, 0, 1, 0, 0, 0, 1, 0, 1, 1, 0, 1, 0, 0]",010110100010110100,"[""1011010001011010""]",1,0.000244140625,False,False,,,,2.7714744076540994,0.09225592499667558,{},{}
"[0, 1, 0, 1, 1, 0, 1, 0, 0, 1, 0, 0, 1, 0, 0, 0, 0, 0]",010110100100100000,"[""1001001011010""]",1,0.000244140625,False,False,,,,2.2913380057821016,0.07494184656242649,{},{}
"[0, 1, 0, 1, 1, 0, 1, 0, 0, 1, 0, 0, 1, 1, 1, 0, 1, 1]",010110100100111011,"[""110111001001011010""]",1,0.000244140625,False,False,,,,7.2735975250605165,0.25460585820628445,{},{}
"[0, 1, 0, 1, 1, 0, 1, 0, 0, 1, 1, 0, 0, 0, 1, 1, 0, 1]",010110100110001101,"[""101100011001011010""]",1,0.000244140625,False,False,,,,3.986102044581199,0.1360563077465946,{},{}
"[0, 1, 0, 1, 1, 0, 1, 0, 0, 1, 1, 0, 0, 1, 1, 1, 1, 0]",010110100110011110,"[""11110011001011010""]",1,0.000244140625,False,False,,,,5.290725612361674,0.1831020112001374,{},{}
"[0, 1, 0, 1, 1, 0, 1, 0, 0, 1, 1, 1, 1, 0, 0, 1, 0, 0]",010110100111100100,"[""1001111001011010""]",1,0.000244140625,False,False,,,,6.019914724058915,0.20939711697445915,{},{}
"[0, 1, 0, 1, 1, 0, 1, 0, 0, 1, 1, 1, 1, 0, 1, 0, 1, 1]",010110100111101011,"[""110101111001011010""]",1,0.000244140625,False,False,,,,8.490089375606207,0.2984734658962094,{},{}
"[0, 1, 0, 1, 1, 0, 1, 0, 1, 0, 0, 0, 0, 1, 0, 1, 0, 0]",010110101000010100,"[""1010000101011010""]",1,0.000244140625,False,False,,,,3.5218867588082947,0.11931635668911954,{},{}
"[0, 1, 0, 1, 1, 0, 1, 0, 1, 0, 0, 1, 0, 0, 1, 0, 0, 0]",010110101001001000,"[""100100101011010""]",1,0.000244140625,False,False,,,,3.4890993444000697,0.11813401795681992,{},{}
"[0, 1, 0, 1, 1, 0, 1, 0, 1, 0, 0, 1, 0, 0, 1, 1, 0, 1]",010110101001001101,"[""101100100101011010""]",1,0.000244140625,False,False,,,,4.015180774580927,0.13710490854007887,{},{}
"[0, 1, 0, 1, 1, 0, 1, 0, 1, 0, 0, 1, 0, 1, 0, 0, 0, 1]",010110101001010001,"[""100010100101011010""]",1,0.000244140625,False,False,,,,2.7762306923507154,0.09242744018688352,{},{}
"[0, 1, 0, 1, 1, 0, 1, 0, 1, 0, 0, 1, 1, 1, 0, 1, 1, 1]",010110101001110111,"[""111011100101011010""]",1,0.000244140625,False,False,,,,8.56972248503633,0.3013450954940916,{},{}
"[0, 1, 0, 1, 1, 0, 1, 0, 1, 1, 1, 0, 0, 1, 1, 1, 0, 0]",010110101110011100,"[""1110011101011010""]",1,0.000244140625,False,False,,,,5.224702453304209,0.18072116661109783,{},{}
"[0, 1, 0, 1, 1, 0, 1, 0, 1, 1, 1, 0, 1, 1, 1, 1, 0, 1]",010110101110111101,"[""101111011101011010""]",1,0.000244140625,False,False,,,,9.831037914032818,0.34682907501080357,{},{}
"[0, 1, 0, 1, 1, 0, 1, 1, 0, 0, 0, 0, 0, 1, 0, 1, 0, 1]",010110110000010101,"[""101010000011011010""]",1,0.000244140625,False,False,,,,4.8319847663451165,0.16655947254246245,{},{}
"[0, 1, 0, 1, 1, 0, 1, 1, 0, 0, 0, 0, 0, 1, 0, 1, 1, 1]",010110110000010111,"[""111010000011011010""]",1,0.000244140625,False,False,,,,8.143762533566871,0.2859846604576385,{},{}
"[0, 1, 0, 1, 1, 0, 1, 1, 0, 0, 0, 0, 1, 0, 0, 1, 0, 0]",010110110000100100,"[""1001000011011010""]",1,0.000244140625,False,False,,,,3.5645197667982407,0.12085373490361842,{},{}
"[0, 1, 0, 1, 1, 0, 1, 1, 0, 0, 0, 1, 0, 0, 1, 1, 1, 0]",010110110001001110,"[""11100100011011010""]",1,0.000244140625,False,False,,,,4.033891660342243,0.1377796371013431,{},{}
"[0, 1, 0, 1, 1, 0, 1, 1, 0, 0, 0, 1, 0, 1, 1, 1, 0, 1]",010110110001011101,"[""101110100011011010""]",1,0.000244140625,False,False,,,,5.280071748390686,0.18271782488203628,{},{}
"[0, 1, 0, 1, 1, 0, 1, 1, 0, 0, 1, 1, 0, 1, 1, 1, 0, 1]",010110110011011101,"[""101110110011011010""]",1,0.000244140625,False,False,,,,6.552488789496605,0.22860213685023473,{},{}
"[0, 1, 0, 1, 1, 0, 1, 1, 0, 1, 0, 0, 0, 0, 1, 0, 0, 1]",010110110100001001,"[""100100001011011010""]",1,0.000244140625,False,False,,,,2.7508293314188306,0.09151144807756502,{},{}
"[0, 1, 0, 1, 1, 0, 1, 1, 0, 1, 0, 0, 0, 1, 0, 1, 1, 0]",010110110100010110,"[""11010001011011010""]",1,0.000244140625,False,False,,,,4.129659335574764,0.14123309123224573,{},{}
"[0, 1, 0, 1, 1, 0, 1, 1, 0, 1, 0, 0, 1, 0, 1, 1, 1, 1]",010110110100101111,"[""111101001011011010""]",1,0.000244140625,False,False,,,,8.611124863313814,0.3028380962790059,{},{}
"[0, 1, 0, 1, 1, 0, 1, 1, 0, 1, 0, 0, 1, 1, 0, 0, 0, 1]",010110110100110001,"[""100011001011011010""]",1,0.000244140625,False,False,,,,4.059828650330886,0.1387149443958136,{},{}
"[0, 1, 0, 1, 1, 0, 1, 1, 0, 1, 0, 1, 1, 0, 1, 1, 0, 0]",010110110101101100,"[""1101101011011010""]",1,0.000244140625,False,False,,,,5.305385387613635,0.18363065368079765,{},{}
"[0, 1, 0, 1, 1, 0, 1, 1, 0, 1, 1, 0, 0, 1, 1, 0, 0, 1]",010110110110011001,"[""100110011011011010""]",1,0.000244140625,False,False,,,,5.292403206764513,0.18316250651138302,{},{}
"[0, 1, 0, 1, 1, 0, 1, 1, 0, 1, 1, 1, 1, 1, 0, 0, 0, 0]",010110110111110000,"[""11111011011010""]",1,0.000244140625,False,False,,,,9.276858855850067,0.3268449629072758,{},{}
"[0, 1, 0, 1, 1, 0, 1, 1, 1, 0, 0, 1, 0, 1, 0, 1, 0, 1]",010110111001010101,"[""101010100111011010""]",1,0.000244140625,False,False,,,,7.308934185753081,0.2558801246698354,{},{}
"[0, 1, 0, 1, 1, 0, 1, 1, 1, 0, 1, 0, 1, 0, 0, 1, 0, 1]",010110111010100101,"[""101001010111011010""]",1,0.000244140625,False,False,,,,7.358115339690208,0.257653633933941,{},{}
"[0, 1, 0, 1, 1, 0, 1, 1, 1, 0, 1, 0, 1, 0, 1, 0, 1, 1]",010110111010101011,"[""110101010111011010""]",1,0.000244140625,False,False,,,,8.60513422858294,0.3026220695016216,{},{}
"[0, 1, 0, 1, 1, 0, 1, 1, 1, 0, 1, 0, 1, 0, 1, 1, 1, 1]",010110111010101111,"[""111101010111011010""]",1,0.000244140625,False,False,,,,11.890708416224667,0.42110233670189706,{},{}
"[0, 1, 0, 1, 1, 0, 1, 1, 1, 1, 0, 1, 1, 1, 1, 1, 0, 1]",010110111101111101,"[""101111101111011010""]",1,0.000244140625,False,False,,,,13.132012178797929,0.4658646805319565,{},{}
"[0, 1, 0, 1, 1, 0, 1, 1, 1, 1, 0, 1, 1, 1, 1, 1, 1, 0]",010110111101111110,"[""11111101111011010""]",1,0.000244140625,False,False,,,,13.139571793325734,0.4661372858965087,{},{}
"[0, 1, 0, 1, 1, 1, 0, 0, 0, 0, 0, 0, 1, 0, 0, 1, 0, 0]",010111000000100100,"[""1001000000111010""]",1,0.000244140625,False,False,,,,6.312879477899474,0.21996164552653133,{},{}
"[0, 1, 0, 1, 1, 1, 0, 0, 0, 0, 0, 1, 0, 0, 1, 0, 1, 1]",010111000001001011,"[""110100100000111010""]",1,0.000244140625,False,False,,,,6.88866219728124,0.24072480184126305,{},{}
"[0, 1, 0, 1, 1, 1, 0, 0, 0, 0, 0, 1, 1, 0, 1, 1, 1, 0]",010111000001101110,"[""11101100000111010""]",1,0.000244140625,False,False,,,,8.007629748205765,0.28107561020853167,{},{}
"[0, 1, 0, 1, 1, 1, 0, 0, 0, 0, 0, 1, 1, 1, 0, 1, 0, 1]",010111000001110101,"[""101011100000111010""]",1,0.000244140625,False,False,,,,8.049538960818026,0.28258688781934643,{},{}
"[0, 1, 0, 1, 1, 1, 0, 0, 0, 0, 1, 0, 0, 0, 1, 0, 1, 1]",010111000010001011,"[""110100010000111010""]",1,0.000244140625,False,False,,,,6.899969301353923,0.24113254448692656,{},{}
"[0, 1, 0, 1, 1, 1, 0, 0, 0, 0, 1, 0, 1, 0, 0, 1, 1, 1]",010111000010100111,"[""111001010000111010""]",1,0.000244140625,False,False,,,,10.122458187111697,0.35733790842927693,{},{}
"[0, 1, 0, 1, 1, 1, 0, 0, 0, 1, 1, 1, 1, 0, 0, 0, 1, 1]",010111000111100011,"[""110001111000111010""]",1,0.000244140625,False,False,,,,11.298238611315664,0.39973743157884517,{},{}
"[0, 1, 0, 1, 1, 1, 0, 0, 0, 1, 1, 1, 1, 0, 0, 1, 1, 0]",010111000111100110,"[""11001111000111010""]",1,0.000244140625,False,False,,,,11.266252774436559,0.39858399833289526,{},{}
"[0, 1, 0, 1, 1, 1, 0, 0, 0, 1, 1, 1, 1, 1, 0, 0, 1, 0]",010111000111110010,"[""10011111000111010""]",1,0.000244140625,False,False,,,,11.270331813508083,0.3987310915383789,{},{}
"[0, 1, 0, 1, 1, 1, 0, 0, 1, 0, 1, 0, 0, 1, 1, 0, 1, 1]",010111001010011011,"[""110110010100111010""]",1,0.000244140625,False,False,,,,7.516462789719066,0.2633637616371804,{},{}
"[0, 1, 0, 1, 1, 1, 0, 0, 1, 0, 1, 0, 1, 0, 1, 0, 0, 0]",010111001010101000,"[""101010100111010""]",1,0.000244140625,False,False,,,,6.766358657687144,0.23631444455724482,{},{}
"[0, 1, 0, 1, 1, 1, 0, 0, 1, 0, 1, 1, 0, 0, 1, 1, 0, 1]",010111001011001101,"[""101100110100111010""]",1,0.000244140625,False,False,,,,7.363001859674702,0.25782984550621957,{},{}
"[0, 1, 0, 1, 1, 1, 0, 0, 1, 1, 0, 0, 0, 0, 0, 0, 1, 0]",010111001100000010,"[""10000001100111010""]",1,0.000244140625,False,False,,,,5.603581413019945,0.19438382580550276,{},{}
"[0, 1, 0, 1, 1, 1, 0, 0, 1, 1, 0, 1, 0, 0, 1, 0, 0, 0]",010111001101001000,"[""100101100111010""]",1,0.000244140625,False,False,,,,6.767650429745453,0.23636102682563676,{},{}
"[0, 1, 0, 1, 1, 1, 0, 0, 1, 1, 0, 1, 1, 0, 0, 0, 1, 0]",010111001101100010,"[""10001101100111010""]",1,0.000244140625,False,False,,,,6.014458097756105,0.20920034694114178,{},{}
"[0, 1, 0, 1, 1, 1, 0, 0, 1, 1, 1, 0, 0, 1, 1, 0, 1, 1]",010111001110011011,"[""110110011100111010""]",1,0.000244140625,False,False,,,,8.700978175229858,0.30607827403688015,{},{}
"[0, 1, 0, 1, 1, 1, 0, 0, 1, 1, 1, 0, 1, 1, 0, 1, 1, 0]",010111001110110110,"[""11011011100111010""]",1,0.000244140625,False,False,,,,8.628899735196667,0.3034790714784253,{},{}
"[0, 1, 0, 1, 1, 1, 0, 0, 1, 1, 1, 1, 0, 0, 0, 0, 0, 0]",010111001111000000,"[""111100111010""]",1,0.000244140625,False,False,,,,10.764917504764806,0.38050547284074515,{},{}
"[0, 1, 0, 1, 1, 1, 0, 1, 0, 0, 0, 0, 0, 0, 0, 0, 0, 0]",010111010000000000,"[""10111010""]",1,0.000244140625,False,False,,,,7.150871868480731,0.2501802790674555,{},{}
"[0, 1, 0, 1, 1, 1, 0, 1, 0, 0, 0, 0, 1, 0, 1, 0, 0, 1]",010111010000101001,"[""100101000010111010""]",1,0.000244140625,False,False,,,,6.830271803550526,0.23861920048940016,{},{}
"[0, 1, 0, 1, 1, 1, 0, 1, 0, 0, 0, 0, 1, 0, 1, 1, 1, 0]",010111010000101110,"[""11101000010111010""]",1,0.000244140625,False,False,,,,8.065344012977356,0.28315682984348184,{},{}
"[0, 1, 0, 1, 1, 1, 0, 1, 0, 0, 0, 1, 0, 1, 1, 0, 0, 0]",010111010001011000,"[""110100010111010""]",1,0.000244140625,False,False,,,,6.852320652081069,0.23941429848937323,{},{}
"[0, 1, 0, 1, 1, 1, 0, 1, 0, 0, 1, 0, 1, 1, 1, 1, 1, 1]",010111010010111111,"[""111111010010111010""]",1,0.000244140625,False,False,,,,13.990924655945642,0.49683770807060856,{},{}
"[0, 1, 0, 1, 1, 1, 0, 1, 0, 0, 1, 1, 0, 0, 0, 0, 0, 1]",010111010011000001,"[""100000110010111010""]",1,0.000244140625,False,False,,,,6.886897244484991,0.24066115632089036,{},{}
"[0, 1, 0, 1, 1, 1, 0, 1, 0, 0, 1, 1, 1, 1, 1, 1, 0, 1]",010111010011111101,"[""101111110010111010""]",1,0.000244140625,False,False,,,,11.865803677531256,0.42020425316263404,{},{}
"[0, 1, 0, 1, 1, 1, 0, 1, 0, 1, 0, 1, 0, 1, 0, 1, 0, 1]",010111010101010101,"[""101010101010111010""]",1,0.000244140625,False,False,,,,7.358217447349974,0.2576573160126649,{},{}
"[0, 1, 0, 1, 1, 1, 0, 1, 0, 1, 0, 1, 0, 1, 1, 0, 1, 0]",010111010101011010,"[""10110101010111010""]",1,0.000244140625,False,False,,,,7.357952474078452,0.2576477608779402,{},{}
"[0, 1, 0, 1, 1, 1, 0, 1, 1, 0, 1, 0, 0, 1, 0, 1, 0, 0]",010111011010010100,"[""1010010110111010""]",1,0.000244140625,False,False,,,,6.176717796349228,0.2150515532591912,{},{}
"[0, 1, 0, 1, 1, 1, 0, 1, 1, 0, 1, 0, 1, 0, 0, 0, 0, 0]",010111011010100000,"[""1010110111010""]",1,0.000244140625,False,False,,,,6.8578247172122335,0.2396127792023886,{},{}
"[0, 1, 0, 1, 1, 1, 0, 1, 1, 0, 1, 1, 0, 1, 0, 0, 0, 0]",010111011011010000,"[""10110110111010""]",1,0.000244140625,False,False,,,,8.167982835042402,0.28685806267795233,{},{}
"[0, 1, 0, 1, 1, 1, 0, 1, 1, 1, 0, 0, 0, 1, 0, 1, 1, 0]",010111011100010110,"[""11010001110111010""]",1,0.000244140625,False,False,,,,7.4327147527606865,0.2603437446691723,{},{}
"[0, 1, 0, 1, 1, 1, 1, 0, 0, 0, 0, 0, 1, 0, 1, 0, 1, 1]",010111100000101011,"[""110101000001111010""]",1,0.000244140625,False,False,,,,8.07001147080808,0.2833251418703447,{},{}
"[0, 1, 0, 1, 1, 1, 1, 0, 0, 0, 0, 0, 1, 1, 0, 1, 0, 0]",010111100000110100,"[""1011000001111010""]",1,0.000244140625,False,False,,,,6.816325172277148,0.2381162745149909,{},{}
"[0, 1, 0, 1, 1, 1, 1, 0, 0, 0, 1, 1, 0, 1, 1, 0, 1, 0]",010111100011011010,"[""10110110001111010""]",1,0.000244140625,False,False,,,,7.31746460212889,0.2561877378764819,{},{}
"[0, 1, 0, 1, 1, 1, 1, 0, 0, 0, 1, 1, 1, 0, 0, 1, 0, 1]",010111100011100101,"[""101001110001111010""]",1,0.000244140625,False,False,,,,7.298988746726639,0.2555214846860819,{},{}
"[0, 1, 0, 1, 1, 1, 1, 0, 0, 1, 0, 1, 1, 1, 0, 1, 1, 0]",010111100101110110,"[""11011101001111010""]",1,0.000244140625,False,False,,,,8.609299776203395,0.30277228227020353,{},{}
"[0, 1, 0, 1, 1, 1, 1, 0, 0, 1, 1, 0, 0, 1, 0, 0, 1, 1]",010111100110010011,"[""110010011001111010""]",1,0.000244140625,False,False,,,,7.415794850009286,0.25973360029729087,{},{}
"[0, 1, 0, 1, 1, 1, 1, 0, 0, 1, 1, 1, 1, 1, 0, 0, 1, 1]",010111100111110011,"[""110011111001111010""]",1,0.000244140625,False,False,,,,11.880031767699656,0.4207173287557046,{},{}
"[0, 1, 0, 1, 1, 1, 1, 0, 1, 0, 0, 0, 1, 1, 1, 0, 0, 1]",010111101000111001,"[""100111000101111010""]",1,0.000244140625,False,False,,,,11.380892123897024,0.40271797917765306,{},{}
"[0, 1, 0, 1, 1, 1, 1, 0, 1, 0, 1, 1, 1, 0, 1, 0, 0, 1]",010111101011101001,"[""100101110101111010""]",1,0.000244140625,False,False,,,,8.58158894175772,0.3017730088154097,{},{}
"[0, 1, 0, 1, 1, 1, 1, 0, 1, 1, 0, 0, 0, 1, 0, 1, 0, 1]",010111101100010101,"[""101010001101111010""]",1,0.000244140625,False,False,,,,7.464328340755715,0.2614837543414235,{},{}
"[0, 1, 0, 1, 1, 1, 1, 0, 1, 1, 0, 1, 0, 1, 0, 0, 1, 0]",010111101101010010,"[""10010101101111010""]",1,0.000244140625,False,False,,,,7.323715160485275,0.25641313769457186,{},{}
"[0, 1, 0, 1, 1, 1, 1, 0, 1, 1, 1, 0, 1, 0, 0, 0, 1, 1]",010111101110100011,"[""110001011101111010""]",1,0.000244140625,False,False,,,,8.700115264413034,0.3060471568262167,{},{}
"[0, 1, 0, 1, 1, 1, 1, 0, 1, 1, 1, 0, 1, 0, 0, 1, 0, 1]",010111101110100101,"[""101001011101111010""]",1,0.000244140625,False,False,,,,8.731973277575712,0.3071959806531695,{},{}
"[0, 1, 0, 1, 1, 1, 1, 1, 0, 0, 0, 0, 0, 0, 1, 0, 0, 1]",010111110000001001,"[""100100000011111010""]",1,0.000244140625,False,False,,,,6.8416354477842605,0.23902898201563866,{},{}
"[0, 1, 0, 1, 1, 1, 1, 1, 0, 0, 0, 1, 1, 0, 1, 1, 1, 0]",010111110001101110,"[""11101100011111010""]",1,0.000244140625,False,False,,,,8.568640326491002,0.30130607204604837,{},{}
"[0, 1, 0, 1, 1, 1, 1, 1, 0, 0, 1, 0, 1, 0, 1, 0, 0, 1]",010111110010101001,"[""100101010011111010""]",1,0.000244140625,False,False,,,,7.304856860009528,0.2557330932482422,{},{}
"[0, 1, 0, 1, 1, 1, 1, 1, 0, 1, 0, 0, 0, 0, 0, 0, 1, 1]",010111110100000011,"[""110000001011111010""]",1,0.000244140625,False,False,,,,8.157874648027322,0.2864935538797758,{},{}
"[0, 1, 0, 1, 1, 1, 1, 1, 0, 1, 0, 0, 0, 1, 0, 0, 1, 1]",010111110100010011,"[""110010001011111010""]",1,0.000244140625,False,False,,,,7.466205213270245,0.26155143577070267,{},{}
"[0, 1, 0, 1, 1, 1, 1, 1, 1, 0, 0, 1, 0, 0, 0, 0, 0, 0]",010111111001000000,"[""100111111010""]",1,0.000244140625,False,False,,,,10.823008565902416,0.38260028003500046,{},{}
"[0, 1, 0, 1, 1, 1, 1, 1, 1, 0, 0, 1, 0, 1, 0, 0, 1, 1]",010111111001010011,"[""110010100111111010""]",1,0.000244140625,False,False,,,,10.767075641491566,0.38058329686827824,{},{}
"[0, 1, 0, 1, 1, 1, 1, 1, 1, 0, 0, 1, 1, 1, 0, 0, 1, 0]",010111111001110010,"[""10011100111111010""]",1,0.000244140625,False,False,,,,10.636803575331115,0.37588558854518583,{},{}
"[0, 1, 0, 1, 1, 1, 1, 1, 1, 0, 1, 0, 1, 0, 1, 1, 1, 0]",010111111010101110,"[""11101010111111010""]",1,0.000244140625,False,False,,,,11.914480246630344,0.4219595667193771,{},{}
"[0, 1, 0, 1, 1, 1, 1, 1, 1, 1, 0, 1, 1, 1, 0, 0, 1, 1]",010111111101110011,"[""110011101111111010""]",1,0.000244140625,False,False,,,,13.25915269052141,0.47044946265547016,{},{}
"[0, 1, 0, 1, 1, 1, 1, 1, 1, 1, 1, 0, 0, 0, 0, 0, 0, 0]",010111111110000000,"[""11111111010""]",1,0.000244140625,False,False,,,,12.101328192951982,0.4286974436753378,{},{}
"[0, 1, 1, 0, 0, 0, 0, 0, 0, 0, 1, 0, 0, 1, 1, 0, 0, 0]",011000000010011000,"[""110010000000110""]",1,0.000244140625,False,False,,,,5.151962023536027,0.17809809220674752,{},{}
"[0, 1, 1, 0, 0, 0, 0, 0, 0, 1, 0, 0, 0, 0, 0, 0, 1, 1]",011000000100000011,"[""110000001000000110""]",1,0.000244140625,False,False,,,,5.073281169221498,0.1752608016418912,{},{}
"[0, 1, 1, 0, 0, 0, 0, 0, 0, 1, 1, 1, 0, 1, 0, 1, 0, 1]",011000000111010101,"[""101010111000000110""]",1,0.000244140625,False,False,,,,8.690038543478845,0.3056837827184957,{},{}
"[0, 1, 1, 0, 0, 0, 0, 0, 1, 0, 1, 0, 0, 1, 0, 0, 1, 1]",011000001010010011,"[""110010010100000110""]",1,0.000244140625,False,False,,,,3.672740336454316,0.12475624973881715,{},{}
"[0, 1, 1, 0, 0, 0, 0, 0, 1, 0, 1, 1, 0, 0, 0, 1, 0, 0]",011000001011000100,"[""1000110100000110""]",1,0.000244140625,False,False,,,,4.280394354453731,0.14666870896396317,{},{}
"[0, 1, 1, 0, 0, 0, 0, 0, 1, 1, 0, 0, 1, 0, 0, 0, 0, 1]",011000001100100001,"[""100001001100000110""]",1,0.000244140625,False,False,,,,2.2927789795381397,0.07499380915584049,{},{}
"[0, 1, 1, 0, 0, 0, 0, 0, 1, 1, 0, 0, 1, 1, 0, 1, 1, 0]",011000001100110110,"[""11011001100000110""]",1,0.000244140625,False,False,,,,4.684604519334841,0.1612448303981761,{},{}
"[0, 1, 1, 0, 0, 0, 0, 1, 0, 0, 1, 0, 0, 0, 1, 1, 1, 1]",011000010010001111,"[""111100010010000110""]",1,0.000244140625,False,False,,,,6.850148441142833,0.23933596693522796,{},{}
"[0, 1, 1, 0, 0, 0, 0, 1, 0, 0, 1, 0, 1, 0, 0, 1, 1, 0]",011000010010100110,"[""11001010010000110""]",1,0.000244140625,False,False,,,,3.5214221947699205,0.11929960416178192,{},{}
"[0, 1, 1, 0, 0, 0, 0, 1, 0, 0, 1, 1, 0, 0, 0, 0, 1, 0]",011000010011000010,"[""10000110010000110""]",1,0.000244140625,False,False,,,,4.432228629792735,0.15214396670734032,{},{}
"[0, 1, 1, 0, 0, 0, 0, 1, 0, 1, 0, 0, 1, 0, 0, 1, 0, 1]",011000010100100101,"[""101001001010000110""]",1,0.000244140625,False,False,,,,3.4891017781996654,0.11813410572145708,{},{}
"[0, 1, 1, 0, 0, 0, 0, 1, 0, 1, 1, 0, 0, 0, 0, 1, 0, 1]",011000010110000101,"[""101000011010000110""]",1,0.000244140625,False,False,,,,5.493109981875814,0.19040014321839674,{},{}
"[0, 1, 1, 0, 0, 0, 0, 1, 0, 1, 1, 0, 1, 0, 0, 0, 0, 1]",011000010110100001,"[""100001011010000110""]",1,0.000244140625,False,False,,,,3.460296071876586,0.11709535036633884,{},{}
"[0, 1, 1, 0, 0, 0, 0, 1, 0, 1, 1, 1, 0, 0, 1, 0, 0, 1]",011000010111001001,"[""100100111010000110""]",1,0.000244140625,False,False,,,,6.810477741434589,0.23790541177712687,{},{}
"[0, 1, 1, 0, 0, 0, 0, 1, 1, 0, 0, 0, 0, 0, 0, 0, 0, 0]",011000011000000000,"[""110000110""]",1,0.000244140625,False,False,,,,5.967922661016003,0.207522244221688,{},{}
"[0, 1, 1, 0, 0, 0, 0, 1, 1, 0, 0, 0, 1, 0, 0, 1, 0, 0]",011000011000100100,"[""1001000110000110""]",1,0.000244140625,False,False,,,,4.296608873835566,0.14725341668297004,{},{}
"[0, 1, 1, 0, 0, 0, 0, 1, 1, 0, 1, 0, 0, 0, 0, 1, 0, 1]",011000011010000101,"[""101000010110000110""]",1,0.000244140625,False,False,,,,5.602483703775824,0.19434424158760844,{},{}
"[0, 1, 1, 0, 0, 0, 0, 1, 1, 0, 1, 0, 0, 1, 0, 0, 0, 0]",011000011010010000,"[""10010110000110""]",1,0.000244140625,False,False,,,,4.441820007760941,0.15248983898402374,{},{}
"[0, 1, 1, 0, 0, 0, 0, 1, 1, 0, 1, 0, 1, 1, 1, 1, 1, 1]",011000011010111111,"[""111111010110000110""]",1,0.000244140625,False,False,,,,12.620550432854193,0.44742098671732117,{},{}
"[0, 1, 1, 0, 0, 0, 0, 1, 1, 0, 1, 1, 1, 1, 1, 0, 0, 0]",011000011011111000,"[""111110110000110""]",1,0.000244140625,False,False,,,,10.103669012824273,0.35666035672509694,{},{}
"[0, 1, 1, 0, 0, 0, 0, 1, 1, 1, 0, 1, 1, 0, 1, 1, 0, 0]",011000011101101100,"[""1101101110000110""]",1,0.000244140625,False,False,,,,6.0119197462813805,0.20910881208488902,{},{}
"[0, 1, 1, 0, 0, 0, 0, 1, 1, 1, 1, 0, 0, 1, 1, 1, 0, 0]",011000011110011100,"[""1110011110000110""]",1,0.000244140625,False,False,,,,6.019337537687712,0.20937630320140796,{},{}
"[0, 1, 1, 0, 0, 0, 1, 0, 0, 0, 0, 0, 0, 1, 1, 1, 1, 0]",011000100000011110,"[""11110000001000110""]",1,0.000244140625,False,False,,,,5.527929852501794,0.19165577384489804,{},{}
"[0, 1, 1, 0, 0, 0, 1, 0, 0, 0, 0, 0, 1, 1, 1, 0, 0, 1]",011000100000111001,"[""100111000001000110""]",1,0.000244140625,False,False,,,,7.519319332438502,0.2634667707081491,{},{}
"[0, 1, 1, 0, 0, 0, 1, 0, 0, 0, 1, 0, 0, 0, 1, 0, 0, 0]",011000100010001000,"[""100010001000110""]",1,0.000244140625,False,False,,,,3.0664993183707643,0.10289474434944666,{},{}
"[0, 1, 1, 0, 0, 0, 1, 0, 0, 0, 1, 0, 0, 1, 1, 0, 0, 0]",011000100010011000,"[""110010001000110""]",1,0.000244140625,False,False,,,,4.2963735328257675,0.1472449301098076,{},{}
"[0, 1, 1, 0, 0, 0, 1, 0, 0, 0, 1, 1, 1, 0, 1, 0, 0, 1]",011000100011101001,"[""100101110001000110""]",1,0.000244140625,False,False,,,,4.738693488828869,0.1631953191688588,{},{}
"[0, 1, 1, 0, 0, 0, 1, 0, 0, 1, 0, 0, 0, 1, 0, 0, 1, 0]",011000100100010010,"[""10010001001000110""]",1,0.000244140625,False,False,,,,2.252740988815516,0.07355000920853706,{},{}
"[0, 1, 1, 0, 0, 0, 1, 0, 0, 1, 0, 0, 0, 1, 1, 0, 0, 0]",011000100100011000,"[""110001001000110""]",1,0.000244140625,False,False,,,,4.269692042411228,0.14628277557209948,{},{}
"[0, 1, 1, 0, 0, 0, 1, 0, 0, 1, 0, 0, 1, 1, 0, 0, 1, 1]",011000100100110011,"[""110011001001000110""]",1,0.000244140625,False,False,,,,4.709665839873577,0.1621485603961137,{},{}
"[0, 1, 1, 0, 0, 0, 1, 0, 0, 1, 0, 1, 1, 0, 1, 1, 0, 1]",011000100101101101,"[""101101101001000110""]",1,0.000244140625,False,False,,,,6.054097737094821,0.2106297820390431,{},{}
"[0, 1, 1, 0, 0, 0, 1, 0, 0, 1, 1, 1, 0, 1, 0, 1, 1, 0]",011000100111010110,"[""11010111001000110""]",1,0.000244140625,False,False,,,,7.948243343401732,0.2789340919510194,{},{}
"[0, 1, 1, 0, 0, 0, 1, 0, 1, 0, 0, 0, 0, 1, 0, 1, 0, 1]",011000101000010101,"[""101010000101000110""]",1,0.000244140625,False,False,,,,5.546494483855098,0.19232522836261595,{},{}
"[0, 1, 1, 0, 0, 0, 1, 0, 1, 0, 0, 0, 1, 0, 0, 1, 1, 1]",011000101000100111,"[""111001000101000110""]",1,0.000244140625,False,False,,,,8.775916585394388,0.30878060926134515,{},{}
"[0, 1, 1, 0, 0, 0, 1, 0, 1, 0, 0, 0, 1, 0, 1, 0, 1, 0]",011000101000101010,"[""10101000101000110""]",1,0.000244140625,False,False,,,,5.524229319257137,0.1915223298431587,{},{}
"[0, 1, 1, 0, 0, 0, 1, 0, 1, 0, 0, 1, 0, 1, 1, 1, 1, 0]",011000101001011110,"[""11110100101000110""]",1,0.000244140625,False,False,,,,6.023527785709067,0.2095274066849552,{},{}
"[0, 1, 1, 0, 0, 0, 1, 0, 1, 0, 0, 1, 1, 0, 0, 0, 0, 1]",011000101001100001,"[""100001100101000110""]",1,0.000244140625,False,False,,,,3.5560163748262417,0.12054709621722363,{},{}
"[0, 1, 1, 0, 0, 0, 1, 0, 1, 1, 0, 0, 0, 1, 0, 1, 1, 1]",011000101100010111,"[""111010001101000110""]",1,0.000244140625,False,False,,,,8.002908494004716,0.2809053582442434,{},{}
"[0, 1, 1, 0, 0, 0, 1, 0, 1, 1, 0, 0, 1, 0, 0, 1, 0, 0]",011000101100100100,"[""1001001101000110""]",1,0.000244140625,False,False,,,,3.5342053386927104,0.1197605739104878,{},{}
"[0, 1, 1, 0, 0, 0, 1, 0, 1, 1, 0, 0, 1, 1, 1, 0, 0, 0]",011000101100111000,"[""111001101000110""]",1,0.000244140625,False,False,,,,8.728079678309092,0.3070555745460071,{},{}
"[0, 1, 1, 0, 0, 0, 1, 0, 1, 1, 0, 1, 0, 0, 0, 1, 1, 0]",011000101101000110,"[""11000101101000110""]",1,0.000244140625,False,False,,,,6.719088596885313,0.23460985074364596,{},{}
"[0, 1, 1, 0, 0, 0, 1, 0, 1, 1, 1, 0, 0, 0, 0, 0, 0, 1]",011000101110000001,"[""100000011101000110""]",1,0.000244140625,False,False,,,,5.502900751668698,0.1907532057136892,{},{}
"[0, 1, 1, 0, 0, 0, 1, 1, 0, 0, 0, 0, 1, 0, 1, 0, 0, 0]",011000110000101000,"[""101000011000110""]",1,0.000244140625,False,False,,,,6.316150442431018,0.22007959895858523,{},{}
"[0, 1, 1, 0, 0, 0, 1, 1, 0, 0, 0, 0, 1, 1, 1, 1, 0, 1]",011000110000111101,"[""101111000011000110""]",1,0.000244140625,False,False,,,,10.031869104162862,0.35407119821662164,{},{}
"[0, 1, 1, 0, 0, 0, 1, 1, 0, 0, 0, 1, 0, 0, 1, 0, 0, 0]",011000110001001000,"[""100100011000110""]",1,0.000244140625,False,False,,,,4.386922737447594,0.15051020228010878,{},{}
"[0, 1, 1, 0, 0, 0, 1, 1, 0, 0, 1, 0, 0, 1, 0, 0, 0, 0]",011000110010010000,"[""10010011000110""]",1,0.000244140625,False,False,,,,4.344480111448441,0.14897968938285766,{},{}
"[0, 1, 1, 0, 0, 0, 1, 1, 0, 1, 0, 0, 0, 0, 0, 0, 1, 0]",011000110100000010,"[""10000001011000110""]",1,0.000244140625,False,False,,,,4.276627736525188,0.14653288189900338,{},{}
"[0, 1, 1, 0, 0, 0, 1, 1, 0, 1, 0, 0, 1, 0, 0, 1, 1, 0]",011000110100100110,"[""11001001011000110""]",1,0.000244140625,False,False,,,,4.7497012499506575,0.16359226728340506,{},{}
"[0, 1, 1, 0, 0, 0, 1, 1, 0, 1, 0, 0, 1, 1, 0, 0, 0, 1]",011000110100110001,"[""100011001011000110""]",1,0.000244140625,False,False,,,,4.731546538526755,0.1629375947855085,{},{}
"[0, 1, 1, 0, 0, 0, 1, 1, 1, 0, 0, 0, 0, 1, 0, 1, 0, 0]",011000111000010100,"[""1010000111000110""]",1,0.000244140625,False,False,,,,7.543451216111172,0.26433698451623727,{},{}
"[0, 1, 1, 0, 0, 0, 1, 1, 1, 0, 0, 1, 0, 1, 0, 0, 0, 1]",011000111001010001,"[""100010100111000110""]",1,0.000244140625,False,False,,,,6.85259653553014,0.2394242470532757,{},{}
"[0, 1, 1, 0, 0, 0, 1, 1, 1, 0, 0, 1, 1, 1, 1, 0, 1, 0]",011000111001111010,"[""10111100111000110""]",1,0.000244140625,False,False,,,,11.335065694225067,0.40106544378436,{},{}
"[0, 1, 1, 0, 0, 0, 1, 1, 1, 0, 1, 0, 0, 0, 0, 0, 1, 0]",011000111010000010,"[""10000010111000110""]",1,0.000244140625,False,False,,,,7.599737964755518,0.26636672684995205,{},{}
"[0, 1, 1, 0, 0, 0, 1, 1, 1, 0, 1, 0, 0, 0, 0, 1, 1, 0]",011000111010000110,"[""11000010111000110""]",1,0.000244140625,False,False,,,,8.784036041973213,0.3090734029497661,{},{}
"[0, 1, 1, 0, 0, 0, 1, 1, 1, 1, 0, 0, 1, 0, 0, 1, 0, 0]",011000111100100100,"[""1001001111000110""]",1,0.000244140625,False,False,,,,6.773525951547853,0.23657290254456217,{},{}
"[0, 1, 1, 0, 0, 0, 1, 1, 1, 1, 1, 1, 0, 1, 1, 1, 1, 1]",011000111111011111,"[""111110111111000110""]",1,0.000244140625,False,False,,,,17.118351995776052,0.6096150814339272,{},{}
"[0, 1, 1, 0, 0, 1, 0, 0, 0, 0, 0, 1, 0, 0, 1, 1, 0, 0]",011001000001001100,"[""1100100000100110""]",1,0.000244140625,False,False,,,,2.393836627236938,0.07863802365783565,{},{}
"[0, 1, 1, 0, 0, 1, 0, 0, 0, 0, 0, 1, 0, 1, 0, 0, 1, 1]",011001000001010011,"[""110010100000100110""]",1,0.000244140625,False,False,,,,3.7107174530758824,0.12612573302175248,{},{}
"[0, 1, 1, 0, 0, 1, 0, 0, 0, 0, 0, 1, 1, 0, 1, 0, 0, 1]",011001000001101001,"[""100101100000100110""]",1,0.000244140625,False,False,,,,3.6480046843243255,0.12386426358773349,{},{}
"[0, 1, 1, 0, 0, 1, 0, 0, 0, 0, 1, 0, 0, 1, 0, 0, 0, 0]",011001000010010000,"[""10010000100110""]",1,0.000244140625,False,False,,,,3.143440959108719,0.10566931756947907,{},{}
"[0, 1, 1, 0, 0, 1, 0, 0, 0, 0, 1, 0, 1, 0, 1, 1, 0, 1]",011001000010101101,"[""101101010000100110""]",1,0.000244140625,False,False,,,,4.787404910931938,0.16495188955104195,{},{}
"[0, 1, 1, 0, 0, 1, 0, 0, 0, 1, 0, 0, 1, 1, 0, 0, 1, 0]",011001000100110010,"[""10011001000100110""]",1,0.000244140625,False,False,,,,3.4865715043873857,0.11804286215176495,{},{}
"[0, 1, 1, 0, 0, 1, 0, 0, 0, 1, 1, 1, 0, 0, 1, 1, 1, 0]",011001000111001110,"[""11100111000100110""]",1,0.000244140625,False,False,,,,8.003385920569183,0.2809225746039103,{},{}
"[0, 1, 1, 0, 0, 1, 0, 0, 1, 0, 1, 1, 0, 0, 0, 1, 0, 1]",011001001011000101,"[""101000110100100110""]",1,0.000244140625,False,False,,,,4.8939251517176325,0.16879308925305975,{},{}
"[0, 1, 1, 0, 0, 1, 0, 0, 1, 0, 1, 1, 1, 1, 1, 0, 0, 1]",011001001011111001,"[""100111110100100110""]",1,0.000244140625,False,False,,,,7.397981693522777,0.25909124452637555,{},{}
"[0, 1, 1, 0, 0, 1, 0, 0, 1, 1, 0, 0, 0, 0, 1, 0, 1, 0]",011001001100001010,"[""10100001100100110""]",1,0.000244140625,False,False,,,,1.593371509295617,0.04977265168878566,{},{}
"[0, 1, 1, 0, 0, 1, 0, 0, 1, 1, 0, 0, 0, 1, 0, 1, 0, 1]",011001001100010101,"[""101010001100100110""]",1,0.000244140625,False,False,,,,2.886653243646,0.09640936013001282,{},{}
"[0, 1, 1, 0, 0, 1, 0, 0, 1, 1, 1, 0, 0, 0, 0, 1, 1, 0]",011001001110000110,"[""11000011100100110""]",1,0.000244140625,False,False,,,,4.759724491796877,0.16395371289514013,{},{}
"[0, 1, 1, 0, 0, 1, 0, 0, 1, 1, 1, 0, 1, 0, 1, 0, 1, 1]",011001001110101011,"[""110101011100100110""]",1,0.000244140625,False,False,,,,5.318755881580486,0.184112803712214,{},{}
"[0, 1, 1, 0, 0, 1, 0, 0, 1, 1, 1, 1, 0, 1, 1, 1, 0, 1]",011001001111011101,"[""101110111100100110""]",1,0.000244140625,False,False,,,,8.60986663354841,0.3027927235708305,{},{}
"[0, 1, 1, 0, 0, 1, 0, 1, 0, 0, 1, 0, 1, 0, 0, 1, 1, 1]",011001010010100111,"[""111001010010100110""]",1,0.000244140625,False,False,,,,6.068832905988447,0.21116114327091687,{},{}
"[0, 1, 1, 0, 0, 1, 0, 1, 0, 1, 0, 0, 1, 0, 1, 1, 0, 0]",011001010100101100,"[""1101001010100110""]",1,0.000244140625,False,False,,,,2.767411887941183,0.09210942749164186,{},{}
"[0, 1, 1, 0, 0, 1, 0, 1, 0, 1, 1, 1, 0, 1, 0, 0, 1, 1]",011001010111010011,"[""110010111010100110""]",1,0.000244140625,False,False,,,,7.41368070332638,0.2596573625837023,{},{}
"[0, 1, 1, 0, 0, 1, 0, 1, 1, 0, 0, 0, 0, 1, 1, 1, 0, 1]",011001011000011101,"[""101110000110100110""]",1,0.000244140625,False,False,,,,6.249690899334327,0.2176830180340936,{},{}
"[0, 1, 1, 0, 0, 1, 0, 1, 1, 0, 0, 1, 0, 0, 1, 0, 0, 1]",011001011001001001,"[""100100100110100110""]",1,0.000244140625,False,False,,,,3.0618799068869933,0.10272816490985771,{},{}
"[0, 1, 1, 0, 0, 1, 0, 1, 1, 0, 0, 1, 1, 0, 1, 1, 0, 0]",011001011001101100,"[""1101100110100110""]",1,0.000244140625,False,False,,,,4.097819540930589,0.14008492437872186,{},{}
"[0, 1, 1, 0, 0, 1, 0, 1, 1, 0, 1, 1, 0, 1, 0, 0, 0, 0]",011001011011010000,"[""10110110100110""]",1,0.000244140625,False,False,,,,4.951829470191592,0.17088116236693116,{},{}
"[0, 1, 1, 0, 0, 1, 0, 1, 1, 0, 1, 1, 0, 1, 1, 0, 1, 0]",011001011011011010,"[""10110110110100110""]",1,0.000244140625,False,False,,,,5.549364086593332,0.19242870838764886,{},{}
"[0, 1, 1, 0, 0, 1, 0, 1, 1, 0, 1, 1, 1, 1, 0, 0, 1, 0]",011001011011110010,"[""10011110110100110""]",1,0.000244140625,False,False,,,,5.398656703750378,0.18699408723209862,{},{}
"[0, 1, 1, 0, 0, 1, 0, 1, 1, 1, 0, 1, 1, 0, 1, 1, 0, 0]",011001011101101100,"[""1101101110100110""]",1,0.000244140625,False,False,,,,5.309011415741823,0.18376141097220788,{},{}
"[0, 1, 1, 0, 0, 1, 0, 1, 1, 1, 1, 1, 1, 1, 0, 1, 0, 1]",011001011111110101,"[""101011111110100110""]",1,0.000244140625,False,False,,,,9.842619056840512,0.3472466996985982,{},{}
"[0, 1, 1, 0, 0, 1, 0, 1, 1, 1, 1, 1, 1, 1, 1, 0, 1, 0]",011001011111111010,"[""10111111110100110""]",1,0.000244140625,False,False,,,,11.868928938441156,0.4203169524129107,{},{}
"[0, 1, 1, 0, 0, 1, 1, 0, 0, 0, 0, 0, 0, 0, 1, 0, 0, 0]",011001100000001000,"[""100000001100110""]",1,0.000244140625,False,False,,,,3.1268889097859947,0.10507243826788092,{},{}
"[0, 1, 1, 0, 0, 1, 1, 0, 0, 0, 0, 0, 0, 0, 1, 1, 0, 1]",011001100000001101,"[""101100000001100110""]",1,0.000244140625,False,False,,,,3.6168462926199743,0.12274066863481839,{},{}
"[0, 1, 1, 0, 0, 1, 1, 0, 0, 0, 1, 0, 1, 0, 0, 1, 0, 1]",011001100010100101,"[""101001010001100110""]",1,0.000244140625,False,False,,,,2.7552331978082236,0.09167025479953532,{},{}
"[0, 1, 1, 0, 0, 1, 1, 0, 0, 0, 1, 0, 1, 0, 0, 1, 1, 0]",011001100010100110,"[""11001010001100110""]",1,0.000244140625,False,False,,,,2.709470163497941,0.09002000549048855,{},{}
"[0, 1, 1, 0, 0, 1, 1, 0, 0, 1, 0, 0, 1, 1, 1, 1, 1, 0]",011001100100111110,"[""11111001001100110""]",1,0.000244140625,False,False,,,,7.261649418352276,0.2541750005252574,{},{}
"[0, 1, 1, 0, 0, 1, 1, 0, 0, 1, 0, 1, 0, 0, 0, 0, 0, 1]",011001100101000001,"[""100000101001100110""]",1,0.000244140625,False,False,,,,3.581150076776071,0.1214534363430831,{},{}
"[0, 1, 1, 0, 0, 1, 1, 0, 0, 1, 1, 1, 0, 0, 0, 1, 0, 1]",011001100111000101,"[""101000111001100110""]",1,0.000244140625,False,False,,,,8.002623361993095,0.2808950761702451,{},{}
"[0, 1, 1, 0, 0, 1, 1, 0, 0, 1, 1, 1, 1, 0, 0, 0, 1, 0]",011001100111100010,"[""10001111001100110""]",1,0.000244140625,False,False,,,,5.9319439340260836,0.20622482436633202,{},{}
"[0, 1, 1, 0, 0, 1, 1, 0, 0, 1, 1, 1, 1, 0, 1, 1, 1, 0]",011001100111101110,"[""11101111001100110""]",1,0.000244140625,False,False,,,,8.495377454505297,0.29866415798385026,{},{}
"[0, 1, 1, 0, 0, 1, 1, 0, 0, 1, 1, 1, 1, 1, 0, 0, 1, 1]",011001100111110011,"[""110011111001100110""]",1,0.000244140625,False,False,,,,8.497312515835697,0.29873393774543255,{},{}
"[0, 1, 1, 0, 0, 1, 1, 0, 1, 0, 0, 0, 1, 1, 0, 0, 0, 1]",011001101000110001,"[""100011000101100110""]",1,0.000244140625,False,False,,,,4.884040444512658,0.16843663930429678,{},{}
"[0, 1, 1, 0, 0, 1, 1, 0, 1, 0, 1, 0, 0, 1, 0, 0, 0, 0]",011001101010010000,"[""10010101100110""]",1,0.000244140625,False,False,,,,3.575605468594069,0.12125349361727421,{},{}
"[0, 1, 1, 0, 0, 1, 1, 0, 1, 0, 1, 0, 1, 0, 1, 1, 0, 0]",011001101010101100,"[""1101010101100110""]",1,0.000244140625,False,False,,,,4.022071733631759,0.13735340168708485,{},{}
"[0, 1, 1, 0, 0, 1, 1, 0, 1, 0, 1, 1, 0, 0, 1, 1, 1, 1]",011001101011001111,"[""111100110101100110""]",1,0.000244140625,False,False,,,,8.635617430050631,0.3037213165886594,{},{}
"[0, 1, 1, 0, 0, 1, 1, 0, 1, 0, 1, 1, 0, 1, 1, 0, 1, 0]",011001101011011010,"[""10110110101100110""]",1,0.000244140625,False,False,,,,5.369455799272975,0.18594108073539992,{},{}
"[0, 1, 1, 0, 0, 1, 1, 0, 1, 1, 1, 0, 1, 1, 1, 0, 0, 1]",011001101110111001,"[""100111011101100110""]",1,0.000244140625,False,False,,,,8.562146020763162,0.3010718825150955,{},{}
"[0, 1, 1, 0, 0, 1, 1, 1, 0, 0, 0, 1, 1, 0, 0, 0, 1, 0]",011001110001100010,"[""10001100011100110""]",1,0.000244140625,False,False,,,,2.7593129428921417,0.09181737346435492,{},{}
"[0, 1, 1, 0, 0, 1, 1, 1, 0, 0, 0, 1, 1, 1, 0, 1, 1, 1]",011001110001110111,"[""111011100011100110""]",1,0.000244140625,False,False,,,,8.571678504138495,0.3014156310086281,{},{}
"[0, 1, 1, 0, 0, 1, 1, 1, 0, 0, 0, 1, 1, 1, 1, 1, 0, 1]",011001110001111101,"[""101111100011100110""]",1,0.000244140625,False,False,,,,8.594278875146319,0.3022306173224068,{},{}
"[0, 1, 1, 0, 0, 1, 1, 1, 0, 0, 1, 1, 0, 1, 1, 1, 0, 0]",011001110011011100,"[""1110110011100110""]",1,0.000244140625,False,False,,,,5.310562116039959,0.18381733038695183,{},{}
"[0, 1, 1, 0, 0, 1, 1, 1, 0, 0, 1, 1, 1, 0, 0, 1, 1, 1]",011001110011100111,"[""111001110011100110""]",1,0.000244140625,False,False,,,,8.534323827079154,0.30006859336272207,{},{}
"[0, 1, 1, 0, 0, 1, 1, 1, 0, 1, 0, 0, 0, 1, 0, 0, 1, 1]",011001110100010011,"[""110010001011100110""]",1,0.000244140625,False,False,,,,4.106428265028761,0.14039536142051548,{},{}
"[0, 1, 1, 0, 0, 1, 1, 1, 0, 1, 0, 1, 1, 0, 1, 0, 1, 1]",011001110101101011,"[""110101101011100110""]",1,0.000244140625,False,False,,,,6.563471014203586,0.2289981641025277,{},{}
"[0, 1, 1, 0, 0, 1, 1, 1, 0, 1, 0, 1, 1, 1, 0, 0, 1, 0]",011001110101110010,"[""10011101011100110""]",1,0.000244140625,False,False,,,,5.250441474130314,0.18164933498922212,{},{}
"[0, 1, 1, 0, 0, 1, 1, 1, 0, 1, 1, 0, 0, 0, 0, 0, 0, 0]",011001110110000000,"[""11011100110""]",1,0.000244140625,False,False,,,,5.496254601618927,0.19051354056270525,{},{}
"[0, 1, 1, 0, 0, 1, 1, 1, 0, 1, 1, 0, 0, 0, 0, 1, 0, 0]",011001110110000100,"[""1000011011100110""]",1,0.000244140625,False,False,,,,4.729909709228781,0.16287856949449098,{},{}
"[0, 1, 1, 0, 0, 1, 1, 1, 1, 0, 0, 0, 1, 1, 0, 0, 0, 1]",011001111000110001,"[""100011000111100110""]",1,0.000244140625,False,False,,,,8.158640474590513,0.2865211701595047,{},{}
"[0, 1, 1, 0, 0, 1, 1, 1, 1, 0, 0, 1, 1, 0, 0, 0, 0, 1]",011001111001100001,"[""100001100111100110""]",1,0.000244140625,False,False,,,,6.129783334201169,0.21335906138452299,{},{}
"[0, 1, 1, 0, 0, 1, 1, 1, 1, 0, 1, 1, 1, 0, 0, 0, 1, 0]",011001111011100010,"[""10001110111100110""]",1,0.000244140625,False,False,,,,7.312940151226634,0.25602458278661966,{},{}
"[0, 1, 1, 0, 0, 1, 1, 1, 1, 1, 0, 0, 0, 1, 0, 0, 1, 0]",011001111100010010,"[""10010001111100110""]",1,0.000244140625,False,False,,,,6.092124841913929,0.21200106793383963,{},{}
"[0, 1, 1, 0, 0, 1, 1, 1, 1, 1, 0, 1, 1, 0, 0, 0, 1, 1]",011001111101100011,"[""110001101111100110""]",1,0.000244140625,False,False,,,,8.608877885442507,0.3027570685732286,{},{}
"[0, 1, 1, 0, 1, 0, 0, 0, 0, 0, 0, 1, 0, 0, 1, 0, 0, 1]",011010000001001001,"[""100100100000010110""]",1,0.000244140625,False,False,,,,2.455504417586956,0.08086181038765684,{},{}
"[0, 1, 1, 0, 1, 0, 0, 0, 0, 0, 0, 1, 1, 0, 0, 1, 0, 0]",011010000001100100,"[""1001100000010110""]",1,0.000244140625,False,False,,,,2.2670546847423623,0.07406617180940456,{},{}
"[0, 1, 1, 0, 1, 0, 0, 0, 0, 0, 1, 0, 0, 1, 0, 0, 1, 1]",011010000010010011,"[""110010010000010110""]",1,0.000244140625,False,False,,,,3.7459700581973374,0.1273969683784235,{},{}
"[0, 1, 1, 0, 1, 0, 0, 0, 0, 0, 1, 0, 1, 0, 0, 0, 0, 1]",011010000010100001,"[""100001010000010110""]",1,0.000244140625,False,False,,,,2.296299498074006,0.07512076169228965,{},{}
"[0, 1, 1, 0, 1, 0, 0, 0, 0, 0, 1, 1, 1, 0, 1, 0, 0, 1]",011010000011101001,"[""100101110000010110""]",1,0.000244140625,False,False,,,,4.80975716497342,0.1657579285810917,{},{}
"[0, 1, 1, 0, 1, 0, 0, 0, 0, 0, 1, 1, 1, 1, 0, 1, 1, 0]",011010000011110110,"[""11011110000010110""]",1,0.000244140625,False,False,,,,6.055182959567165,0.21066891597459037,{},{}
"[0, 1, 1, 0, 1, 0, 0, 0, 0, 1, 0, 1, 1, 0, 0, 0, 0, 0]",011010000101100000,"[""1101000010110""]",1,0.000244140625,False,False,,,,4.240697138163295,0.14523719759803846,{},{}
"[0, 1, 1, 0, 1, 0, 0, 0, 0, 1, 0, 1, 1, 0, 1, 0, 0, 1]",011010000101101001,"[""100101101000010110""]",1,0.000244140625,False,False,,,,4.7642894472476085,0.16411832860937184,{},{}
"[0, 1, 1, 0, 1, 0, 0, 0, 0, 1, 1, 0, 1, 1, 1, 0, 0, 1]",011010000110111001,"[""100111011000010110""]",1,0.000244140625,False,False,,,,7.98145796054284,0.28013183593398455,{},{}
"[0, 1, 1, 0, 1, 0, 0, 0, 1, 0, 0, 0, 1, 0, 0, 1, 1, 0]",011010001000100110,"[""11001000100010110""]",1,0.000244140625,False,False,,,,3.521712517721939,0.1193100734249807,{},{}
"[0, 1, 1, 0, 1, 0, 0, 0, 1, 0, 0, 0, 1, 0, 1, 1, 0, 1]",011010001000101101,"[""101101000100010110""]",1,0.000244140625,False,False,,,,4.810862513655045,0.16579778828282693,{},{}
"[0, 1, 1, 0, 1, 0, 0, 0, 1, 0, 0, 1, 1, 1, 0, 1, 0, 0]",011010001001110100,"[""1011100100010110""]",1,0.000244140625,False,False,,,,2.732624261635652,0.09085495961949773,{},{}
"[0, 1, 1, 0, 1, 0, 0, 0, 1, 0, 1, 1, 0, 0, 0, 1, 1, 1]",011010001011000111,"[""111000110100010110""]",1,0.000244140625,False,False,,,,8.11415124285023,0.28491685512563625,{},{}
"[0, 1, 1, 0, 1, 0, 0, 0, 1, 0, 1, 1, 0, 0, 1, 0, 0, 0]",011010001011001000,"[""100110100010110""]",1,0.000244140625,False,False,,,,3.667123245685958,0.12455369323663056,{},{}
"[0, 1, 1, 0, 1, 0, 0, 0, 1, 0, 1, 1, 1, 1, 0, 0, 1, 0]",011010001011110010,"[""10011110100010110""]",1,0.000244140625,False,False,,,,4.1065802447877555,0.1404008419245085,{},{}
"[0, 1, 1, 0, 1, 0, 0, 0, 1, 1, 0, 0, 1, 0, 1, 1, 1, 1]",011010001100101111,"[""111101001100010110""]",1,0.000244140625,False,False,,,,7.268717676727,0.25442988721873944,{},{}
"[0, 1, 1, 0, 1, 0, 0, 0, 1, 1, 0, 1, 0, 1, 0, 0, 0, 1]",011010001101010001,"[""100010101100010110""]",1,0.000244140625,False,False,,,,2.820634015536953,0.09402865729391885,{},{}
"[0, 1, 1, 0, 1, 0, 0, 0, 1, 1, 0, 1, 1, 0, 0, 1, 0, 1]",011010001101100101,"[""101001101100010110""]",1,0.000244140625,False,False,,,,3.9861408643292764,0.13605770761579924,{},{}
"[0, 1, 1, 0, 1, 0, 0, 0, 1, 1, 1, 1, 0, 0, 1, 1, 1, 0]",011010001111001110,"[""11100111100010110""]",1,0.000244140625,False,False,,,,7.278764171924722,0.2547921713637542,{},{}
"[0, 1, 1, 0, 1, 0, 0, 0, 1, 1, 1, 1, 0, 0, 1, 1, 1, 1]",011010001111001111,"[""111100111100010110""]",1,0.000244140625,False,False,,,,10.573643655353836,0.3736079945029015,{},{}
"[0, 1, 1, 0, 1, 0, 0, 0, 1, 1, 1, 1, 0, 1, 1, 0, 0, 1]",011010001111011001,"[""100110111100010110""]",1,0.000244140625,False,False,,,,7.348972844084534,0.25732394869161346,{},{}
"[0, 1, 1, 0, 1, 0, 0, 1, 0, 0, 0, 1, 0, 0, 0, 0, 1, 0]",011010010001000010,"[""10000100010010110""]",1,0.000244140625,False,False,,,,2.489415612678817,0.08208467349349595,{},{}
"[0, 1, 1, 0, 1, 0, 0, 1, 0, 0, 0, 1, 0, 1, 1, 1, 0, 1]",011010010001011101,"[""101110100010010110""]",1,0.000244140625,False,False,,,,4.17497093526245,0.14286706147052614,{},{}
"[0, 1, 1, 0, 1, 0, 0, 1, 0, 0, 1, 0, 1, 0, 1, 0, 0, 0]",011010010010101000,"[""101010010010110""]",1,0.000244140625,False,False,,,,3.6171235632565697,0.12275066722174247,{},{}
"[0, 1, 1, 0, 1, 0, 0, 1, 0, 0, 1, 0, 1, 0, 1, 1, 0, 1]",011010010010101101,"[""101101010010010110""]",1,0.000244140625,False,False,,,,4.054943244281986,0.13853877299288728,{},{}
"[0, 1, 1, 0, 1, 0, 0, 1, 0, 0, 1, 1, 1, 0, 0, 0, 1, 1]",011010010011100011,"[""110001110010010110""]",1,0.000244140625,False,False,,,,4.142615096368595,0.1417002856746691,{},{}
"[0, 1, 1, 0, 1, 0, 0, 1, 0, 0, 1, 1, 1, 0, 1, 1, 1, 0]",011010010011101110,"[""11101110010010110""]",1,0.000244140625,False,False,,,,5.38817643468883,0.18661616087651262,{},{}
"[0, 1, 1, 0, 1, 0, 0, 1, 0, 1, 1, 0, 0, 1, 0, 0, 0, 1]",011010010110010001,"[""100010011010010110""]",1,0.000244140625,False,False,,,,2.8903365772825538,0.09654218390099571,{},{}
"[0, 1, 1, 0, 1, 0, 0, 1, 0, 1, 1, 0, 1, 0, 1, 1, 1, 1]",011010010110101111,"[""111101011010010110""]",1,0.000244140625,False,False,,,,8.56857421705014,0.3013036880900728,{},{}
"[0, 1, 1, 0, 1, 0, 0, 1, 1, 0, 1, 0, 0, 0, 1, 0, 1, 0]",011010011010001010,"[""10100010110010110""]",1,0.000244140625,False,False,,,,3.023702550838986,0.10135146084315862,{},{}
"[0, 1, 1, 0, 1, 0, 0, 1, 1, 0, 1, 0, 1, 1, 1, 0, 1, 1]",011010011010111011,"[""110111010110010110""]",1,0.000244140625,False,False,,,,8.789343966728266,0.3092648106938442,{},{}
"[0, 1, 1, 0, 1, 0, 0, 1, 1, 0, 1, 1, 0, 1, 0, 1, 0, 1]",011010011011010101,"[""101010110110010110""]",1,0.000244140625,False,False,,,,5.427395338023082,0.18803042391882094,{},{}
"[0, 1, 1, 0, 1, 0, 0, 1, 1, 1, 0, 0, 1, 0, 1, 0, 0, 0]",011010011100101000,"[""101001110010110""]",1,0.000244140625,False,False,,,,4.770230317567792,0.16433256084481646,{},{}
"[0, 1, 1, 0, 1, 0, 0, 1, 1, 1, 0, 1, 1, 1, 1, 0, 1, 0]",011010011101111010,"[""10111101110010110""]",1,0.000244140625,False,False,,,,8.623688785164012,0.30329116071550344,{},{}
"[0, 1, 1, 0, 1, 0, 0, 1, 1, 1, 1, 0, 0, 0, 0, 0, 0, 1]",011010011110000001,"[""100000011110010110""]",1,0.000244140625,False,False,,,,4.86900961104371,0.16789461618628523,{},{}
"[0, 1, 1, 0, 1, 0, 0, 1, 1, 1, 1, 1, 1, 0, 1, 0, 1, 0]",011010011111101010,"[""10101111110010110""]",1,0.000244140625,False,False,,,,8.605011446634341,0.30261764189255036,{},{}
"[0, 1, 1, 0, 1, 0, 1, 0, 0, 0, 0, 0, 0, 1, 1, 1, 1, 1]",011010100000011111,"[""111110000001010110""]",1,0.000244140625,False,False,,,,8.081671978140282,0.2837456285023637,{},{}
"[0, 1, 1, 0, 1, 0, 1, 0, 0, 0, 0, 1, 1, 1, 0, 0, 1, 1]",011010100001110011,"[""110011100001010110""]",1,0.000244140625,False,False,,,,4.048858068141053,0.1383193369814131,{},{}
"[0, 1, 1, 0, 1, 0, 1, 0, 0, 1, 1, 0, 1, 1, 0, 1, 0, 0]",011010100110110100,"[""1011011001010110""]",1,0.000244140625,False,False,,,,3.97333242612903,0.13559582573649442,{},{}
"[0, 1, 1, 0, 1, 0, 1, 0, 0, 1, 1, 1, 0, 1, 0, 1, 0, 1]",011010100111010101,"[""101010111001010110""]",1,0.000244140625,False,False,,,,7.230931474525564,0.2530672884528527,{},{}
"[0, 1, 1, 0, 1, 0, 1, 0, 1, 0, 0, 1, 1, 1, 1, 1, 1, 1]",011010101001111111,"[""111111100101010110""]",1,0.000244140625,False,False,,,,11.857835673574682,0.41991692096926014,{},{}
"[0, 1, 1, 0, 1, 0, 1, 0, 1, 1, 0, 1, 0, 1, 0, 1, 1, 0]",011010101101010110,"[""11010101101010110""]",1,0.000244140625,False,False,,,,5.254518799873866,0.1817963664108152,{},{}
"[0, 1, 1, 0, 1, 0, 1, 0, 1, 1, 1, 0, 1, 1, 1, 0, 0, 0]",011010101110111000,"[""111011101010110""]",1,0.000244140625,False,False,,,,9.218257687895807,0.3247317608789715,{},{}
"[0, 1, 1, 0, 1, 0, 1, 0, 1, 1, 1, 1, 0, 0, 1, 1, 1, 0]",011010101111001110,"[""11100111101010110""]",1,0.000244140625,False,False,,,,8.525601513086231,0.2997540601842069,{},{}
"[0, 1, 1, 0, 1, 0, 1, 1, 0, 0, 0, 0, 0, 1, 1, 0, 1, 1]",011010110000011011,"[""110110000011010110""]",1,0.000244140625,False,False,,,,6.211903468690764,0.21632037496966328,{},{}
"[0, 1, 1, 0, 1, 0, 1, 1, 0, 0, 0, 0, 1, 0, 0, 0, 1, 1]",011010110000100011,"[""110001000011010110""]",1,0.000244140625,False,False,,,,4.8205796333217545,0.16614819489938099,{},{}
"[0, 1, 1, 0, 1, 0, 1, 1, 0, 0, 0, 1, 0, 1, 1, 1, 1, 1]",011010110001011111,"[""111110100011010110""]",1,0.000244140625,False,False,,,,8.684520444728154,0.3054847959426443,{},{}
"[0, 1, 1, 0, 1, 0, 1, 1, 0, 0, 1, 1, 0, 0, 1, 0, 1, 1]",011010110011001011,"[""110100110011010110""]",1,0.000244140625,False,False,,,,5.448513810688462,0.1887919718679336,{},{}
"[0, 1, 1, 0, 1, 0, 1, 1, 0, 0, 1, 1, 1, 1, 0, 1, 1, 0]",011010110011110110,"[""11011110011010110""]",1,0.000244140625,False,False,,,,6.6467852504913765,0.23200253789329256,{},{}
"[0, 1, 1, 0, 1, 0, 1, 1, 0, 1, 0, 0, 0, 1, 0, 0, 0, 0]",011010110100010000,"[""10001011010110""]",1,0.000244140625,False,False,,,,3.56606398839331,0.12090942069147506,{},{}
"[0, 1, 1, 0, 1, 0, 1, 1, 0, 1, 0, 0, 1, 0, 1, 1, 0, 1]",011010110100101101,"[""101101001011010110""]",1,0.000244140625,False,False,,,,5.285675460320833,0.18291989893329177,{},{}
"[0, 1, 1, 0, 1, 0, 1, 1, 0, 1, 0, 1, 0, 0, 1, 0, 1, 0]",011010110101001010,"[""10100101011010110""]",1,0.000244140625,False,False,,,,4.101646195801227,0.14022291642080142,{},{}
"[0, 1, 1, 0, 1, 0, 1, 1, 0, 1, 0, 1, 1, 1, 1, 0, 0, 1]",011010110101111001,"[""100111101011010110""]",1,0.000244140625,False,False,,,,8.564462514145292,0.3011554170022834,{},{}
"[0, 1, 1, 0, 1, 0, 1, 1, 0, 1, 1, 1, 0, 1, 1, 1, 0, 1]",011010110111011101,"[""101110111011010110""]",1,0.000244140625,False,False,,,,9.860354795985604,0.3478862637421705,{},{}
"[0, 1, 1, 0, 1, 0, 1, 1, 1, 0, 0, 0, 0, 0, 1, 0, 1, 1]",011010111000001011,"[""110100000111010110""]",1,0.000244140625,False,False,,,,8.176943199150433,0.2871811801219974,{},{}
"[0, 1, 1, 0, 1, 0, 1, 1, 1, 0, 0, 1, 0, 0, 0, 0, 1, 1]",011010111001000011,"[""110000100111010110""]",1,0.000244140625,False,False,,,,8.166163376963258,0.2867924516562358,{},{}
"[0, 1, 1, 0, 1, 0, 1, 1, 1, 0, 0, 1, 0, 1, 1, 0, 1, 1]",011010111001011011,"[""110110100111010110""]",1,0.000244140625,False,False,,,,8.765695146870554,0.30841201652889977,{},{}
"[0, 1, 1, 0, 1, 0, 1, 1, 1, 0, 1, 0, 0, 1, 1, 1, 0, 0]",011010111010011100,"[""1110010111010110""]",1,0.000244140625,False,False,,,,7.368362850358428,0.25802316684744975,{},{}
"[0, 1, 1, 0, 1, 0, 1, 1, 1, 0, 1, 0, 1, 0, 0, 1, 0, 0]",011010111010100100,"[""1001010111010110""]",1,0.000244140625,False,False,,,,6.034293561724077,0.20991562863522326,{},{}
"[0, 1, 1, 0, 1, 0, 1, 1, 1, 0, 1, 1, 0, 0, 0, 1, 1, 0]",011010111011000110,"[""11000110111010110""]",1,0.000244140625,False,False,,,,9.361030230150087,0.3298802457370447,{},{}
"[0, 1, 1, 0, 1, 0, 1, 1, 1, 1, 1, 0, 1, 0, 0, 0, 1, 1]",011010111110100011,"[""110001011111010110""]",1,0.000244140625,False,False,,,,8.60023938603322,0.30244555781140453,{},{}
"[0, 1, 1, 0, 1, 1, 0, 0, 0, 0, 0, 0, 1, 0, 0, 1, 0, 1]",011011000000100101,"[""101001000000110110""]",1,0.000244140625,False,False,,,,5.594370663109354,0.19405167926179467,{},{}
"[0, 1, 1, 0, 1, 1, 0, 0, 0, 0, 0, 1, 1, 1, 0, 1, 0, 1]",011011000001110101,"[""101011100000110110""]",1,0.000244140625,False,False,,,,6.070623033813457,0.21122569662169116,{},{}
"[0, 1, 1, 0, 1, 1, 0, 0, 0, 0, 0, 1, 1, 1, 0, 1, 1, 0]",011011000001110110,"[""11011100000110110""]",1,0.000244140625,False,False,,,,6.060139416725885,0.2108476495337779,{},{}
"[0, 1, 1, 0, 1, 1, 0, 0, 0, 0, 1, 0, 0, 0, 0, 0, 1, 1]",011011000010000011,"[""110000010000110110""]",1,0.000244140625,False,False,,,,5.760265184620894,0.20003396001798024,{},{}
"[0, 1, 1, 0, 1, 1, 0, 0, 0, 0, 1, 0, 0, 1, 1, 1, 1, 1]",011011000010011111,"[""111110010000110110""]",1,0.000244140625,False,False,,,,9.488172749151962,0.3344651002445214,{},{}
"[0, 1, 1, 0, 1, 1, 0, 0, 0, 1, 0, 1, 1, 0, 1, 1, 0, 0]",011011000101101100,"[""1101101000110110""]",1,0.000244140625,False,False,,,,6.021258415546216,0.20944557149636553,{},{}
"[0, 1, 1, 0, 1, 1, 0, 0, 0, 1, 1, 1, 1, 1, 1, 0, 1, 0]",011011000111111010,"[""10111111000110110""]",1,0.000244140625,False,False,,,,12.590514607510386,0.44633787234854494,{},{}
"[0, 1, 1, 0, 1, 1, 0, 0, 1, 0, 0, 0, 0, 0, 0, 0, 1, 1]",011011001000000011,"[""110000000100110110""]",1,0.000244140625,False,False,,,,5.827396170079458,0.20245475365717588,{},{}
"[0, 1, 1, 0, 1, 1, 0, 0, 1, 0, 1, 1, 0, 1, 0, 1, 0, 0]",011011001011010100,"[""1010110100110110""]",1,0.000244140625,False,False,,,,4.107180439943738,0.14042248541158012,{},{}
"[0, 1, 1, 0, 1, 1, 0, 0, 1, 1, 0, 0, 1, 0, 0, 0, 0, 1]",011011001100100001,"[""100001001100110110""]",1,0.000244140625,False,False,,,,2.8737228787943963,0.0959430814842962,{},{}
"[0, 1, 1, 0, 1, 1, 0, 0, 1, 1, 0, 1, 0, 0, 0, 1, 0, 0]",011011001101000100,"[""1000101100110110""]",1,0.000244140625,False,False,,,,4.795117937617875,0.16523002707297343,{},{}
"[0, 1, 1, 0, 1, 1, 0, 0, 1, 1, 1, 0, 0, 1, 0, 0, 0, 0]",011011001110010000,"[""10011100110110""]",1,0.000244140625,False,False,,,,4.8492277618647925,0.16718126788167245,{},{}
"[0, 1, 1, 0, 1, 1, 0, 1, 0, 0, 0, 1, 0, 1, 1, 0, 1, 0]",011011010001011010,"[""10110100010110110""]",1,0.000244140625,False,False,,,,4.343640339759033,0.14894940658646777,{},{}
"[0, 1, 1, 0, 1, 1, 0, 1, 0, 0, 1, 0, 1, 1, 1, 0, 1, 1]",011011010010111011,"[""110111010010110110""]",1,0.000244140625,False,False,,,,8.819521703906279,0.3103530425097013,{},{}
"[0, 1, 1, 0, 1, 1, 0, 1, 0, 0, 1, 1, 0, 0, 0, 1, 0, 1]",011011010011000101,"[""101000110010110110""]",1,0.000244140625,False,False,,,,6.1571400263006675,0.21434556420094264,{},{}
"[0, 1, 1, 0, 1, 1, 0, 1, 0, 0, 1, 1, 1, 0, 0, 1, 1, 0]",011011010011100110,"[""11001110010110110""]",1,0.000244140625,False,False,,,,5.3516681871973795,0.18529964611508348,{},{}
"[0, 1, 1, 0, 1, 1, 0, 1, 0, 1, 0, 0, 0, 0, 1, 1, 1, 0]",011011010100001110,"[""11100001010110110""]",1,0.000244140625,False,False,,,,4.099369637543467,0.14014082202412306,{},{}
"[0, 1, 1, 0, 1, 1, 0, 1, 0, 1, 0, 0, 1, 0, 0, 0, 1, 1]",011011010100100011,"[""110001001010110110""]",1,0.000244140625,False,False,,,,4.111162740943805,0.14056609016971786,{},{}
"[0, 1, 1, 0, 1, 1, 0, 1, 0, 1, 0, 1, 0, 0, 0, 0, 1, 1]",011011010101000011,"[""110000101010110110""]",1,0.000244140625,False,False,,,,6.187379391444767,0.2154360183674368,{},{}
"[0, 1, 1, 0, 1, 1, 0, 1, 0, 1, 0, 1, 0, 1, 1, 1, 1, 1]",011011010101011111,"[""111110101010110110""]",1,0.000244140625,False,False,,,,10.009575923564869,0.3532672894192099,{},{}
"[0, 1, 1, 0, 1, 1, 0, 1, 0, 1, 0, 1, 1, 0, 0, 0, 1, 1]",011011010101100011,"[""110001101010110110""]",1,0.000244140625,False,False,,,,5.35065538878618,0.18526312384545088,{},{}
"[0, 1, 1, 0, 1, 1, 0, 1, 0, 1, 1, 0, 1, 0, 1, 1, 0, 0]",011011010110101100,"[""1101011010110110""]",1,0.000244140625,False,False,,,,5.269759633316529,0.1823459622852391,{},{}
"[0, 1, 1, 0, 1, 1, 0, 1, 0, 1, 1, 1, 0, 1, 1, 1, 0, 0]",011011010111011100,"[""1110111010110110""]",1,0.000244140625,False,False,,,,8.63942218988292,0.3038585190792494,{},{}
"[0, 1, 1, 0, 1, 1, 0, 1, 0, 1, 1, 1, 1, 1, 0, 0, 1, 0]",011011010111110010,"[""10011111010110110""]",1,0.000244140625,False,False,,,,8.657019904179396,0.3044931058433538,{},{}
"[0, 1, 1, 0, 1, 1, 0, 1, 1, 0, 0, 0, 0, 1, 0, 1, 0, 1]",011011011000010101,"[""101010000110110110""]",1,0.000244140625,False,False,,,,6.286566096192742,0.21901276526466326,{},{}
"[0, 1, 1, 0, 1, 1, 0, 1, 1, 0, 1, 0, 0, 1, 1, 1, 0, 0]",011011011010011100,"[""1110010110110110""]",1,0.000244140625,False,False,,,,5.484918963182254,0.1901047689464945,{},{}
"[0, 1, 1, 0, 1, 1, 0, 1, 1, 0, 1, 1, 1, 1, 0, 1, 1, 0]",011011011011110110,"[""11011110110110110""]",1,0.000244140625,False,False,,,,7.980469120218908,0.2800961776109314,{},{}
"[0, 1, 1, 0, 1, 1, 0, 1, 1, 1, 0, 1, 0, 0, 1, 1, 0, 1]",011011011101001101,"[""101100101110110110""]",1,0.000244140625,False,False,,,,6.700599289613965,0.2339431124687663,{},{}
"[0, 1, 1, 0, 1, 1, 0, 1, 1, 1, 0, 1, 1, 0, 1, 0, 1, 1]",011011011101101011,"[""110101101110110110""]",1,0.000244140625,False,False,,,,7.9669642707055015,0.2796091826178291,{},{}
"[0, 1, 1, 0, 1, 1, 0, 1, 1, 1, 1, 1, 0, 1, 0, 0, 1, 1]",011011011111010011,"[""110010111110110110""]",1,0.000244140625,False,False,,,,10.132408406051717,0.35769672078029585,{},{}
"[0, 1, 1, 0, 1, 1, 0, 1, 1, 1, 1, 1, 0, 1, 1, 0, 0, 0]",011011011111011000,"[""110111110110110""]",1,0.000244140625,False,False,,,,10.721746613473053,0.3789486981513286,{},{}
"[0, 1, 1, 0, 1, 1, 0, 1, 1, 1, 1, 1, 1, 1, 0, 1, 0, 0]",011011011111110100,"[""1011111110110110""]",1,0.000244140625,False,False,,,,9.84070949680523,0.3471778395328269,{},{}
"[0, 1, 1, 0, 1, 1, 1, 0, 0, 0, 0, 0, 0, 1, 0, 1, 0, 1]",011011100000010101,"[""101010000001110110""]",1,0.000244140625,False,False,,,,4.856287461608785,0.16743584594451702,{},{}
"[0, 1, 1, 0, 1, 1, 1, 0, 0, 0, 0, 0, 0, 1, 1, 1, 0, 0]",011011100000011100,"[""1110000001110110""]",1,0.000244140625,False,False,,,,4.808798142364545,0.165723345507187,{},{}
"[0, 1, 1, 0, 1, 1, 1, 0, 0, 0, 0, 0, 1, 1, 0, 0, 1, 0]",011011100000110010,"[""10011000001110110""]",1,0.000244140625,False,False,,,,4.820887450864484,0.1661592950306301,{},{}
"[0, 1, 1, 0, 1, 1, 1, 0, 0, 0, 0, 1, 1, 0, 0, 1, 0, 0]",011011100001100100,"[""1001100001110110""]",1,0.000244140625,False,False,,,,2.755643431506112,0.0916850481340834,{},{}
"[0, 1, 1, 0, 1, 1, 1, 0, 0, 0, 1, 0, 1, 0, 0, 0, 0, 1]",011011100010100001,"[""100001010001110110""]",1,0.000244140625,False,False,,,,2.786118874550218,0.09278401544655313,{},{}
"[0, 1, 1, 0, 1, 1, 1, 0, 0, 0, 1, 1, 0, 0, 1, 0, 1, 1]",011011100011001011,"[""110100110001110110""]",1,0.000244140625,False,False,,,,5.427473030074886,0.18803322555242633,{},{}
"[0, 1, 1, 0, 1, 1, 1, 0, 0, 0, 1, 1, 0, 0, 1, 1, 1, 0]",011011100011001110,"[""11100110001110110""]",1,0.000244140625,False,False,,,,5.331245503626125,0.18456318884208375,{},{}
"[0, 1, 1, 0, 1, 1, 1, 0, 0, 0, 1, 1, 0, 1, 0, 1, 0, 0]",011011100011010100,"[""1010110001110110""]",1,0.000244140625,False,False,,,,4.020802064297925,0.13730761645949982,{},{}
"[0, 1, 1, 0, 1, 1, 1, 0, 0, 0, 1, 1, 1, 0, 0, 0, 0, 1]",011011100011100001,"[""100001110001110110""]",1,0.000244140625,False,False,,,,4.0270526753149305,0.13753301817657118,{},{}
"[0, 1, 1, 0, 1, 1, 1, 0, 0, 0, 1, 1, 1, 1, 1, 0, 1, 1]",011011100011111011,"[""110111110001110110""]",1,0.000244140625,False,False,,,,9.924213294609048,0.35018904905390463,{},{}
"[0, 1, 1, 0, 1, 1, 1, 0, 1, 0, 0, 0, 0, 1, 0, 0, 0, 1]",011011101000010001,"[""100010000101110110""]",1,0.000244140625,False,False,,,,4.970522206773873,0.1715552364551996,{},{}
"[0, 1, 1, 0, 1, 1, 1, 0, 1, 0, 0, 0, 0, 1, 1, 1, 1, 1]",011011101000011111,"[""111110000101110110""]",1,0.000244140625,False,False,,,,10.72540214449966,0.3790805193393633,{},{}
"[0, 1, 1, 0, 1, 1, 1, 0, 1, 0, 0, 0, 1, 0, 1, 1, 0, 0]",011011101000101100,"[""1101000101110110""]",1,0.000244140625,False,False,,,,6.068530133651549,0.2111502250735706,{},{}
"[0, 1, 1, 0, 1, 1, 1, 0, 1, 0, 0, 1, 1, 1, 1, 1, 1, 0]",011011101001111110,"[""11111100101110110""]",1,0.000244140625,False,False,,,,9.880886927519192,0.34862666779070517,{},{}
"[0, 1, 1, 0, 1, 1, 1, 0, 1, 0, 1, 0, 0, 0, 1, 0, 1, 1]",011011101010001011,"[""110100010101110110""]",1,0.000244140625,False,False,,,,5.472159324852635,0.18964464682709192,{},{}
"[0, 1, 1, 0, 1, 1, 1, 0, 1, 0, 1, 1, 0, 1, 0, 1, 0, 0]",011011101011010100,"[""1010110101110110""]",1,0.000244140625,False,False,,,,5.308555064493534,0.18374495460423487,{},{}
"[0, 1, 1, 0, 1, 1, 1, 0, 1, 1, 0, 1, 0, 0, 0, 1, 0, 1]",011011101101000101,"[""101000101101110110""]",1,0.000244140625,False,False,,,,7.384969261455009,0.2586220064753483,{},{}
"[0, 1, 1, 0, 1, 1, 1, 0, 1, 1, 1, 0, 0, 1, 1, 1, 0, 1]",011011101110011101,"[""101110011101110110""]",1,0.000244140625,False,False,,,,7.893338979414612,0.2769541994439127,{},{}
"[0, 1, 1, 0, 1, 1, 1, 1, 0, 0, 0, 1, 1, 0, 1, 0, 1, 0]",011011110001101010,"[""10101100011110110""]",1,0.000244140625,False,False,,,,5.3642366693166466,0.18575287499830084,{},{}
"[0, 1, 1, 0, 1, 1, 1, 1, 0, 1, 0, 0, 0, 0, 0, 0, 0, 0]",011011110100000000,"[""1011110110""]",1,0.000244140625,False,False,,,,5.548717805481791,0.19240540300648598,{},{}
"[0, 1, 1, 0, 1, 1, 1, 1, 0, 1, 0, 0, 1, 1, 0, 1, 1, 0]",011011110100110110,"[""11011001011110110""]",1,0.000244140625,False,False,,,,6.624285564743126,0.23119118236542108,{},{}
"[0, 1, 1, 0, 1, 1, 1, 1, 0, 1, 0, 1, 0, 0, 1, 0, 1, 0]",011011110101001010,"[""10100101011110110""]",1,0.000244140625,False,False,,,,5.3642366693166466,0.18575287499830084,{},{}
"[0, 1, 1, 0, 1, 1, 1, 1, 0, 1, 0, 1, 0, 0, 1, 1, 0, 1]",011011110101001101,"[""101100101011110110""]",1,0.000244140625,False,False,,,,6.620167224137017,0.2310426719171503,{},{}
"[0, 1, 1, 0, 1, 1, 1, 1, 0, 1, 1, 0, 0, 0, 1, 1, 1, 0]",011011110110001110,"[""11100011011110110""]",1,0.000244140625,False,False,,,,6.597784951897717,0.23023555040839358,{},{}
"[0, 1, 1, 0, 1, 1, 1, 1, 0, 1, 1, 0, 1, 0, 1, 1, 1, 1]",011011110110101111,"[""111101011011110110""]",1,0.000244140625,False,False,,,,11.167996365279448,0.3950407985917779,{},{}
"[0, 1, 1, 0, 1, 1, 1, 1, 1, 0, 0, 0, 0, 0, 1, 0, 1, 1]",011011111000001011,"[""110100000111110110""]",1,0.000244140625,False,False,,,,9.532228613583394,0.33605378772849565,{},{}
"[0, 1, 1, 0, 1, 1, 1, 1, 1, 0, 0, 0, 0, 0, 1, 1, 0, 1]",011011111000001101,"[""101100000111110110""]",1,0.000244140625,False,False,,,,9.450379018002652,0.3331022299791327,{},{}
"[0, 1, 1, 0, 1, 1, 1, 1, 1, 0, 0, 0, 0, 1, 0, 1, 0, 0]",011011111000010100,"[""1010000111110110""]",1,0.000244140625,False,False,,,,8.135588068802075,0.2856898831328119,{},{}
"[0, 1, 1, 0, 1, 1, 1, 1, 1, 0, 0, 0, 1, 0, 1, 0, 0, 1]",011011111000101001,"[""100101000111110110""]",1,0.000244140625,False,False,,,,9.434801293610757,0.3325404855646355,{},{}
"[0, 1, 1, 0, 1, 1, 1, 1, 1, 0, 1, 0, 1, 0, 0, 0, 1, 1]",011011111010100011,"[""110001010111110110""]",1,0.000244140625,False,False,,,,8.748227239435394,0.3077821106974831,{},{}
"[0, 1, 1, 0, 1, 1, 1, 1, 1, 0, 1, 1, 0, 1, 1, 0, 1, 1]",011011111011011011,"[""110110110111110110""]",1,0.000244140625,False,False,,,,11.441910002677428,0.4049183296092729,{},{}
"[0, 1, 1, 0, 1, 1, 1, 1, 1, 1, 0, 0, 1, 0, 1, 0, 1, 1]",011011111100101011,"[""110101001111110110""]",1,0.000244140625,False,False,,,,9.942718898654645,0.3508563750026754,{},{}
"[0, 1, 1, 0, 1, 1, 1, 1, 1, 1, 0, 1, 0, 1, 0, 0, 0, 1]",011011111101010001,"[""100010101111110110""]",1,0.000244140625,False,False,,,,8.702516974928184,0.3061337643070774,{},{}
"[0, 1, 1, 0, 1, 1, 1, 1, 1, 1, 0, 1, 1, 0, 0, 1, 0, 0]",011011111101100100,"[""1001101111110110""]",1,0.000244140625,False,False,,,,8.57131718778076,0.3014026016700214,{},{}
"[0, 1, 1, 0, 1, 1, 1, 1, 1, 1, 0, 1, 1, 0, 1, 1, 0, 0]",011011111101101100,"[""1101101111110110""]",1,0.000244140625,False,False,,,,9.870415908787631,0.34824907500895,{},{}
"[0, 1, 1, 0, 1, 1, 1, 1, 1, 1, 1, 0, 0, 0, 0, 0, 0, 0]",011011111110000000,"[""11111110110""]",1,0.000244140625,False,False,,,,10.090553183693338,0.3561873900984928,{},{}
"[0, 1, 1, 0, 1, 1, 1, 1, 1, 1, 1, 0, 0, 1, 1, 0, 0, 0]",011011111110011000,"[""110011111110110""]",1,0.000244140625,False,False,,,,10.652038524810484,0.3764349722394843,{},{}
"[0, 1, 1, 0, 1, 1, 1, 1, 1, 1, 1, 1, 1, 1, 1, 0, 0, 1]",011011111111111001,"[""100111111111110110""]",1,0.000244140625,False,False,,,,16.50144878952377,0.5873690895496474,{},{}
"[0, 1, 1, 1, 0, 0, 0, 0, 0, 0, 0, 1, 0, 1, 1, 1, 1, 0]",011100000001011110,"[""11110100000001110""]",1,0.000244140625,False,False,,,,4.821292786549673,0.16617391173916998,{},{}
"[0, 1, 1, 1, 0, 0, 0, 0, 0, 0, 0, 1, 1, 0, 1, 0, 0, 0]",011100000001101000,"[""101100000001110""]",1,0.000244140625,False,False,,,,4.345779638135095,0.14902655128895853,{},{}
"[0, 1, 1, 1, 0, 0, 0, 0, 0, 0, 0, 1, 1, 1, 0, 0, 0, 0]",011100000001110000,"[""11100000001110""]",1,0.000244140625,False,False,,,,4.254617586187402,0.145739179384859,{},{}
"[0, 1, 1, 1, 0, 0, 0, 0, 0, 0, 0, 1, 1, 1, 0, 0, 1, 1]",011100000001110011,"[""110011100000001110""]",1,0.000244140625,False,False,,,,4.74546380899101,0.16343946198713968,{},{}
"[0, 1, 1, 1, 0, 0, 0, 0, 0, 0, 1, 0, 0, 0, 1, 1, 1, 0]",011100000010001110,"[""11100010000001110""]",1,0.000244140625,False,False,,,,3.531532734807638,0.11966419781171794,{},{}
"[0, 1, 1, 1, 0, 0, 0, 0, 0, 0, 1, 0, 1, 0, 0, 0, 0, 1]",011100000010100001,"[""100001010000001110""]",1,0.000244140625,False,False,,,,2.2460748898426313,0.07330962468443727,{},{}
"[0, 1, 1, 1, 0, 0, 0, 0, 0, 0, 1, 0, 1, 0, 0, 0, 1, 1]",011100000010100011,"[""110001010000001110""]",1,0.000244140625,False,False,,,,3.4872938226189643,0.1180689094884536,{},{}
"[0, 1, 1, 1, 0, 0, 0, 0, 0, 0, 1, 0, 1, 1, 1, 0, 0, 1]",011100000010111001,"[""100111010000001110""]",1,0.000244140625,False,False,,,,6.743457759934516,0.23548862102385348,{},{}
"[0, 1, 1, 1, 0, 0, 0, 0, 0, 0, 1, 0, 1, 1, 1, 1, 0, 1]",011100000010111101,"[""101111010000001110""]",1,0.000244140625,False,False,,,,8.0022465694942,0.2808814887503914,{},{}
"[0, 1, 1, 1, 0, 0, 0, 0, 0, 0, 1, 1, 0, 0, 0, 1, 0, 0]",011100000011000100,"[""1000110000001110""]",1,0.000244140625,False,False,,,,4.2608566413144615,0.14596416438787968,{},{}
"[0, 1, 1, 1, 0, 0, 0, 0, 0, 0, 1, 1, 1, 0, 0, 1, 0, 1]",011100000011100101,"[""101001110000001110""]",1,0.000244140625,False,False,,,,4.719222645294861,0.1624931859608487,{},{}
"[0, 1, 1, 1, 0, 0, 0, 0, 0, 1, 1, 0, 1, 1, 0, 1, 1, 0]",011100000110110110,"[""11011011000001110""]",1,0.000244140625,False,False,,,,5.979787991475321,0.20795011692915183,{},{}
"[0, 1, 1, 1, 0, 0, 0, 0, 1, 0, 0, 0, 0, 1, 0, 0, 0, 0]",011100001000010000,"[""10000100001110""]",1,0.000244140625,False,False,,,,3.084553108815624,0.10354577756121537,{},{}
"[0, 1, 1, 1, 0, 0, 0, 0, 1, 0, 0, 0, 0, 1, 0, 1, 0, 1]",011100001000010101,"[""101010000100001110""]",1,0.000244140625,False,False,,,,3.5745104916496038,0.12121400792815286,{},{}
"[0, 1, 1, 1, 0, 0, 0, 0, 1, 0, 0, 0, 1, 1, 0, 0, 1, 0]",011100001000110010,"[""10011000100001110""]",1,0.000244140625,False,False,,,,3.5038310636825916,0.11866525479313238,{},{}
"[0, 1, 1, 1, 0, 0, 0, 0, 1, 0, 0, 1, 0, 1, 0, 0, 0, 0]",011100001001010000,"[""10100100001110""]",1,0.000244140625,False,False,,,,2.2989120547081696,0.07521497244219627,{},{}
"[0, 1, 1, 1, 0, 0, 0, 0, 1, 0, 0, 1, 1, 0, 1, 1, 0, 0]",011100001001101100,"[""1101100100001110""]",1,0.000244140625,False,False,,,,2.8269219383061808,0.09425540450073432,{},{}
"[0, 1, 1, 1, 0, 0, 0, 0, 1, 0, 1, 0, 1, 0, 1, 0, 1, 0]",011100001010101010,"[""10101010100001110""]",1,0.000244140625,False,False,,,,2.744764864447305,0.0912927588542578,{},{}
"[0, 1, 1, 1, 0, 0, 0, 0, 1, 0, 1, 1, 1, 0, 0, 0, 1, 1]",011100001011100011,"[""110001110100001110""]",1,0.000244140625,False,False,,,,3.9943921544745793,0.13635525532141482,{},{}
"[0, 1, 1, 1, 0, 0, 0, 0, 1, 1, 0, 1, 0, 1, 1, 1, 0, 0]",011100001101011100,"[""1110101100001110""]",1,0.000244140625,False,False,,,,4.016181268835688,0.13714098711261036,{},{}
"[0, 1, 1, 1, 0, 0, 0, 0, 1, 1, 0, 1, 1, 0, 1, 1, 0, 0]",011100001101101100,"[""1101101100001110""]",1,0.000244140625,False,False,,,,4.074237860464293,0.13923455131054177,{},{}
"[0, 1, 1, 1, 0, 0, 0, 0, 1, 1, 0, 1, 1, 1, 1, 1, 0, 0]",011100001101111100,"[""1111101100001110""]",1,0.000244140625,False,False,,,,7.28217452952347,0.25491515141426346,{},{}
"[0, 1, 1, 1, 0, 0, 0, 0, 1, 1, 0, 1, 1, 1, 1, 1, 0, 1]",011100001101111101,"[""101111101100001110""]",1,0.000244140625,False,False,,,,8.577054012952583,0.3016094758845181,{},{}
"[0, 1, 1, 1, 0, 0, 0, 0, 1, 1, 1, 0, 1, 0, 1, 0, 0, 0]",011100001110101000,"[""101011100001110""]",1,0.000244140625,False,False,,,,4.710843492701759,0.16219102743955377,{},{}
"[0, 1, 1, 1, 0, 0, 0, 0, 1, 1, 1, 0, 1, 1, 1, 1, 0, 1]",011100001110111101,"[""101111011100001110""]",1,0.000244140625,False,False,,,,8.526506844930386,0.2997867071289035,{},{}
"[0, 1, 1, 1, 0, 0, 0, 1, 0, 0, 0, 0, 0, 1, 1, 1, 1, 0]",011100010000011110,"[""11110000010001110""]",1,0.000244140625,False,False,,,,4.865825307596863,0.16777978781788366,{},{}
"[0, 1, 1, 1, 0, 0, 0, 1, 0, 0, 0, 1, 0, 0, 0, 1, 0, 0]",011100010001000100,"[""1000100010001110""]",1,0.000244140625,False,False,,,,2.3087561942565906,0.07556995949086519,{},{}
"[0, 1, 1, 1, 0, 0, 0, 1, 0, 0, 0, 1, 0, 1, 0, 0, 0, 1]",011100010001010001,"[""100010100010001110""]",1,0.000244140625,False,False,,,,1.5828291221333939,0.04939248530794205,{},{}
"[0, 1, 1, 1, 0, 0, 0, 1, 0, 0, 0, 1, 1, 0, 0, 0, 1, 0]",011100010001100010,"[""10001100010001110""]",1,0.000244140625,False,False,,,,1.5197232666734082,0.047116840872663705,{},{}
"[0, 1, 1, 1, 0, 0, 0, 1, 0, 0, 0, 1, 1, 1, 1, 0, 1, 1]",011100010001111011,"[""110111100010001110""]",1,0.000244140625,False,False,,,,7.3429415786501,0.25710645674061283,{},{}
"[0, 1, 1, 1, 0, 0, 0, 1, 0, 0, 1, 0, 0, 0, 1, 0, 0, 1]",011100010010001001,"[""100100010010001110""]",1,0.000244140625,False,False,,,,1.5936089443205668,0.04978121377370359,{},{}
"[0, 1, 1, 1, 0, 0, 0, 1, 0, 0, 1, 0, 0, 1, 0, 1, 1, 0]",011100010010010110,"[""11010010010001110""]",1,0.000244140625,False,False,,,,2.848053151974181,0.09501741189994871,{},{}
"[0, 1, 1, 1, 0, 0, 0, 1, 0, 0, 1, 0, 1, 0, 1, 0, 1, 0]",011100010010101010,"[""10101010010001110""]",1,0.000244140625,False,False,,,,2.8035542368807924,0.0934127476771112,{},{}
"[0, 1, 1, 1, 0, 0, 0, 1, 0, 0, 1, 0, 1, 0, 1, 1, 0, 1]",011100010010101101,"[""101101010010001110""]",1,0.000244140625,False,False,,,,4.036913139391046,0.13788859389994126,{},{}
"[0, 1, 1, 1, 0, 0, 0, 1, 0, 0, 1, 1, 1, 0, 0, 1, 0, 1]",011100010011100101,"[""101001110010001110""]",1,0.000244140625,False,False,,,,3.9823222767243722,0.13592000648536717,{},{}
"[0, 1, 1, 1, 0, 0, 0, 1, 0, 0, 1, 1, 1, 1, 1, 0, 0, 0]",011100010011111000,"[""111110010001110""]",1,0.000244140625,False,False,,,,8.063292231771829,0.2830828410757402,{},{}
"[0, 1, 1, 1, 0, 0, 0, 1, 0, 1, 0, 1, 0, 0, 0, 1, 1, 1]",011100010101000111,"[""111000101010001110""]",1,0.000244140625,False,False,,,,8.018800696995532,0.2814784429926674,{},{}
"[0, 1, 1, 1, 0, 0, 0, 1, 0, 1, 1, 0, 1, 1, 1, 0, 1, 0]",011100010110111010,"[""10111011010001110""]",1,0.000244140625,False,False,,,,7.297942974985119,0.2554837733734499,{},{}
"[0, 1, 1, 1, 0, 0, 0, 1, 0, 1, 1, 1, 1, 1, 0, 1, 1, 0]",011100010111110110,"[""11011111010001110""]",1,0.000244140625,False,False,,,,8.542159283005455,0.30035114577480154,{},{}
"[0, 1, 1, 1, 0, 0, 0, 1, 0, 1, 1, 1, 1, 1, 1, 0, 0, 1]",011100010111111001,"[""100111111010001110""]",1,0.000244140625,False,False,,,,10.520217082829888,0.37168139226331676,{},{}
"[0, 1, 1, 1, 0, 0, 0, 1, 1, 0, 0, 0, 0, 0, 1, 0, 1, 0]",011100011000001010,"[""10100000110001110""]",1,0.000244140625,False,False,,,,3.614313963824195,0.12264935096088139,{},{}
"[0, 1, 1, 1, 0, 0, 0, 1, 1, 0, 0, 0, 0, 1, 1, 0, 0, 1]",011100011000011001,"[""100110000110001110""]",1,0.000244140625,False,False,,,,4.907187398196814,0.16927133579895715,{},{}
"[0, 1, 1, 1, 0, 0, 0, 1, 1, 0, 0, 0, 1, 0, 1, 1, 1, 1]",011100011000101111,"[""111101000110001110""]",1,0.000244140625,False,False,,,,9.346041278903629,0.32933973292335994,{},{}
"[0, 1, 1, 1, 0, 0, 0, 1, 1, 0, 1, 0, 0, 1, 1, 0, 1, 1]",011100011010011011,"[""110110010110001110""]",1,0.000244140625,False,False,,,,5.442760917474892,0.1885845182278112,{},{}
"[0, 1, 1, 1, 0, 0, 0, 1, 1, 0, 1, 1, 1, 0, 0, 0, 1, 0]",011100011011100010,"[""10001110110001110""]",1,0.000244140625,False,False,,,,4.015848481766191,0.13712898656151545,{},{}
"[0, 1, 1, 1, 0, 0, 0, 1, 1, 0, 1, 1, 1, 1, 1, 1, 0, 1]",011100011011111101,"[""101111110110001110""]",1,0.000244140625,False,False,,,,9.852255566942706,0.34759419947385234,{},{}
"[0, 1, 1, 1, 0, 0, 0, 1, 1, 1, 0, 1, 1, 0, 0, 1, 0, 1]",011100011101100101,"[""101001101110001110""]",1,0.000244140625,False,False,,,,5.301441719399181,0.18348844204985798,{},{}
"[0, 1, 1, 1, 0, 0, 0, 1, 1, 1, 1, 1, 1, 0, 0, 1, 1, 0]",011100011111100110,"[""11001111110001110""]",1,0.000244140625,False,False,,,,8.506158180798993,0.29905291905237047,{},{}
"[0, 1, 1, 1, 0, 0, 1, 0, 0, 0, 0, 0, 0, 0, 1, 0, 0, 1]",011100100000001001,"[""100100000001001110""]",1,0.000244140625,False,False,,,,2.3356878591837376,0.07654113550896233,{},{}
"[0, 1, 1, 1, 0, 0, 1, 0, 0, 0, 0, 1, 1, 0, 1, 1, 1, 1]",011100100001101111,"[""111101100001001110""]",1,0.000244140625,False,False,,,,7.335147886120684,0.25682541034791984,{},{}
"[0, 1, 1, 1, 0, 0, 1, 0, 0, 0, 1, 0, 1, 0, 1, 1, 0, 1]",011100100010101101,"[""101101010001001110""]",1,0.000244140625,False,False,,,,4.032601963134982,0.13773312965363474,{},{}
"[0, 1, 1, 1, 0, 0, 1, 0, 0, 0, 1, 1, 0, 0, 1, 1, 0, 0]",011100100011001100,"[""1100110001001110""]",1,0.000244140625,False,False,,,,2.78406092307024,0.09270980417409118,{},{}
"[0, 1, 1, 1, 0, 0, 1, 0, 0, 1, 0, 0, 0, 0, 0, 0, 0, 0]",011100100100000000,"[""1001001110""]",1,0.000244140625,False,False,,,,3.062883895404747,0.1027643694881311,{},{}
"[0, 1, 1, 1, 0, 0, 1, 0, 0, 1, 0, 0, 0, 1, 0, 0, 1, 1]",011100100100010011,"[""110010001001001110""]",1,0.000244140625,False,False,,,,2.7537692709250345,0.09161746449915668,{},{}
"[0, 1, 1, 1, 0, 0, 1, 0, 0, 1, 0, 0, 1, 0, 0, 1, 1, 1]",011100100100100111,"[""111001001001001110""]",1,0.000244140625,False,False,,,,6.09723267238376,0.21218526012805508,{},{}
"[0, 1, 1, 1, 0, 0, 1, 0, 0, 1, 0, 1, 1, 1, 0, 0, 1, 0]",011100100101110010,"[""10011101001001110""]",1,0.000244140625,False,False,,,,3.9899385429624754,0.13619465475304382,{},{}
"[0, 1, 1, 1, 0, 0, 1, 0, 0, 1, 1, 0, 0, 0, 1, 1, 0, 1]",011100100110001101,"[""101100011001001110""]",1,0.000244140625,False,False,,,,4.023263293870147,0.13739637024215823,{},{}
"[0, 1, 1, 1, 0, 0, 1, 0, 0, 1, 1, 1, 1, 0, 1, 1, 0, 1]",011100100111101101,"[""101101111001001110""]",1,0.000244140625,False,False,,,,8.596463315117171,0.30230938986463185,{},{}
"[0, 1, 1, 1, 0, 0, 1, 0, 1, 0, 0, 0, 0, 1, 1, 1, 1, 0]",011100101000011110,"[""11110000101001110""]",1,0.000244140625,False,False,,,,6.022523403108616,0.20949118789576446,{},{}
"[0, 1, 1, 1, 0, 0, 1, 0, 1, 0, 0, 0, 1, 0, 1, 1, 0, 0]",011100101000101100,"[""1101000101001110""]",1,0.000244140625,False,False,,,,4.8606004501302715,0.1675913755424727,{},{}
"[0, 1, 1, 1, 0, 0, 1, 0, 1, 1, 0, 0, 0, 1, 1, 1, 0, 1]",011100101100011101,"[""101110001101001110""]",1,0.000244140625,False,False,,,,5.336841747746394,0.18476499359851917,{},{}
"[0, 1, 1, 1, 0, 0, 1, 0, 1, 1, 0, 1, 0, 1, 1, 0, 1, 1]",011100101101011011,"[""110110101101001110""]",1,0.000244140625,False,False,,,,6.554230536828529,0.22866494556417516,{},{}
"[0, 1, 1, 1, 0, 0, 1, 0, 1, 1, 1, 0, 1, 0, 1, 0, 0, 0]",011100101110101000,"[""101011101001110""]",1,0.000244140625,False,False,,,,5.999809685053219,0.2086721142025155,{},{}
"[0, 1, 1, 1, 0, 0, 1, 0, 1, 1, 1, 0, 1, 1, 1, 0, 1, 0]",011100101110111010,"[""10111011101001110""]",1,0.000244140625,False,False,,,,8.49284037768038,0.2985726690924247,{},{}
"[0, 1, 1, 1, 0, 0, 1, 0, 1, 1, 1, 1, 0, 0, 1, 1, 0, 1]",011100101111001101,"[""101100111101001110""]",1,0.000244140625,False,False,,,,8.573452089744093,0.3014795878345748,{},{}
"[0, 1, 1, 1, 0, 0, 1, 0, 1, 1, 1, 1, 0, 1, 0, 0, 0, 0]",011100101111010000,"[""10111101001110""]",1,0.000244140625,False,False,,,,7.938127791884045,0.27856931758336045,{},{}
"[0, 1, 1, 1, 0, 0, 1, 1, 0, 0, 0, 0, 0, 1, 0, 1, 1, 0]",011100110000010110,"[""11010000011001110""]",1,0.000244140625,False,False,,,,4.811642390521717,0.16582591122702775,{},{}
"[0, 1, 1, 1, 0, 0, 1, 1, 0, 0, 0, 1, 0, 0, 0, 1, 0, 0]",011100110001000100,"[""1000100011001110""]",1,0.000244140625,False,False,,,,3.540759271347995,0.11999691363312487,{},{}
"[0, 1, 1, 1, 0, 0, 1, 1, 0, 0, 0, 1, 1, 1, 0, 1, 0, 0]",011100110001110100,"[""1011100011001110""]",1,0.000244140625,False,False,,,,4.038176788194722,0.13793416202269743,{},{}
"[0, 1, 1, 1, 0, 0, 1, 1, 0, 0, 1, 0, 0, 1, 0, 0, 1, 1]",011100110010010011,"[""110010010011001110""]",1,0.000244140625,False,False,,,,4.081245386733784,0.13948724795880044,{},{}
"[0, 1, 1, 1, 0, 0, 1, 1, 0, 0, 1, 0, 0, 1, 0, 1, 0, 0]",011100110010010100,"[""1010010011001110""]",1,0.000244140625,False,False,,,,2.781620333670718,0.0926217946915267,{},{}
"[0, 1, 1, 1, 0, 0, 1, 1, 0, 0, 1, 1, 0, 1, 1, 0, 0, 0]",011100110011011000,"[""110110011001110""]",1,0.000244140625,False,False,,,,6.074655876005561,0.21137112393308602,{},{}
"[0, 1, 1, 1, 0, 0, 1, 1, 0, 1, 0, 0, 0, 0, 0, 1, 0, 0]",011100110100000100,"[""1000001011001110""]",1,0.000244140625,False,False,,,,3.569821933833115,0.12104493501999239,{},{}
"[0, 1, 1, 1, 0, 0, 1, 1, 0, 1, 0, 0, 1, 0, 1, 1, 0, 1]",011100110100101101,"[""101101001011001110""]",1,0.000244140625,False,False,,,,5.390516340454267,0.18670053963178626,{},{}
"[0, 1, 1, 1, 0, 0, 1, 1, 0, 1, 0, 1, 0, 0, 0, 0, 1, 1]",011100110101000011,"[""110000101011001110""]",1,0.000244140625,False,False,,,,6.0092511501345856,0.20901258050816457,{},{}
"[0, 1, 1, 1, 0, 0, 1, 1, 1, 0, 0, 0, 0, 0, 0, 0, 0, 0]",011100111000000000,"[""111001110""]",1,0.000244140625,False,False,,,,8.321875328082122,0.2924075412939107,{},{}
"[0, 1, 1, 1, 0, 0, 1, 1, 1, 0, 0, 0, 0, 1, 0, 0, 0, 0]",011100111000010000,"[""10000111001110""]",1,0.000244140625,False,False,,,,7.557193898021513,0.2648325559237891,{},{}
"[0, 1, 1, 1, 0, 0, 1, 1, 1, 0, 1, 0, 1, 1, 0, 1, 0, 0]",011100111010110100,"[""1011010111001110""]",1,0.000244140625,False,False,,,,7.306309754093471,0.25578548569761284,{},{}
"[0, 1, 1, 1, 0, 0, 1, 1, 1, 0, 1, 1, 0, 0, 1, 1, 0, 1]",011100111011001101,"[""101100110111001110""]",1,0.000244140625,False,False,,,,8.588835478759288,0.302034324369766,{},{}
"[0, 1, 1, 1, 0, 0, 1, 1, 1, 0, 1, 1, 1, 1, 0, 0, 1, 0]",011100111011110010,"[""10011110111001110""]",1,0.000244140625,False,False,,,,8.555781803844312,0.30084238408407477,{},{}
"[0, 1, 1, 1, 0, 0, 1, 1, 1, 1, 0, 0, 0, 1, 1, 1, 1, 1]",011100111100011111,"[""111110001111001110""]",1,0.000244140625,False,False,,,,11.887940127823288,0.42100251014776946,{},{}
"[0, 1, 1, 1, 0, 0, 1, 1, 1, 1, 1, 0, 1, 1, 1, 1, 1, 0]",011100111110111110,"[""11111011111001110""]",1,0.000244140625,False,False,,,,13.165032943895046,0.46705543406495525,{},{}
"[0, 1, 1, 1, 0, 0, 1, 1, 1, 1, 1, 1, 0, 1, 1, 0, 1, 0]",011100111111011010,"[""10110111111001110""]",1,0.000244140625,False,False,,,,11.845541855586346,0.41947359668041945,{},{}
"[0, 1, 1, 1, 0, 0, 1, 1, 1, 1, 1, 1, 1, 1, 0, 0, 1, 1]",011100111111110011,"[""110011111111001110""]",1,0.000244140625,False,False,,,,13.103421564915923,0.46483368157143956,{},{}
"[0, 1, 1, 1, 0, 1, 0, 0, 0, 0, 1, 0, 0, 0, 0, 0, 1, 1]",011101000010000011,"[""110000010000101110""]",1,0.000244140625,False,False,,,,5.619959773290262,0.19497444174971992,{},{}
"[0, 1, 1, 1, 0, 1, 0, 0, 0, 0, 1, 0, 1, 1, 1, 1, 1, 0]",011101000010111110,"[""11111010000101110""]",1,0.000244140625,False,False,,,,9.287704900419337,0.32723607940175853,{},{}
"[0, 1, 1, 1, 0, 1, 0, 0, 0, 1, 0, 1, 1, 1, 0, 0, 1, 1]",011101000101110011,"[""110011101000101110""]",1,0.000244140625,False,False,,,,7.288620044733559,0.2551475815225858,{},{}
"[0, 1, 1, 1, 0, 1, 0, 0, 0, 1, 1, 0, 1, 0, 1, 1, 1, 0]",011101000110101110,"[""11101011000101110""]",1,0.000244140625,False,False,,,,7.267414030041627,0.25438287674239746,{},{}
"[0, 1, 1, 1, 0, 1, 0, 0, 0, 1, 1, 0, 1, 1, 1, 0, 0, 1]",011101000110111001,"[""100111011000101110""]",1,0.000244140625,False,False,,,,9.26937781006973,0.32657519079063163,{},{}
"[0, 1, 1, 1, 0, 1, 0, 0, 0, 1, 1, 1, 1, 0, 1, 0, 0, 1]",011101000111101001,"[""100101111000101110""]",1,0.000244140625,False,False,,,,9.284011453954925,0.32710289095462514,{},{}
"[0, 1, 1, 1, 0, 1, 0, 0, 1, 0, 1, 0, 0, 1, 1, 0, 1, 1]",011101001010011011,"[""110110010100101110""]",1,0.000244140625,False,False,,,,5.462226136649415,0.1892864486172037,{},{}
"[0, 1, 1, 1, 0, 1, 0, 0, 1, 0, 1, 0, 1, 0, 0, 1, 0, 0]",011101001010100100,"[""1001010100101110""]",1,0.000244140625,False,False,,,,2.7940794844377272,0.0930710810042559,{},{}
"[0, 1, 1, 1, 0, 1, 0, 0, 1, 0, 1, 1, 0, 0, 0, 1, 0, 1]",011101001011000101,"[""101000110100101110""]",1,0.000244140625,False,False,,,,6.125477513445441,0.21320379026157163,{},{}
"[0, 1, 1, 1, 0, 1, 0, 0, 1, 0, 1, 1, 0, 0, 1, 0, 0, 0]",011101001011001000,"[""100110100101110""]",1,0.000244140625,False,False,,,,4.861350650421987,0.16761842832714288,{},{}
"[0, 1, 1, 1, 0, 1, 0, 0, 1, 0, 1, 1, 0, 0, 1, 0, 0, 1]",011101001011001001,"[""100100110100101110""]",1,0.000244140625,False,False,,,,4.1885696004126185,0.14335743952578944,{},{}
"[0, 1, 1, 1, 0, 1, 0, 0, 1, 1, 0, 0, 0, 0, 1, 1, 0, 0]",011101001100001100,"[""1100001100101110""]",1,0.000244140625,False,False,,,,2.8629901402802647,0.09555605089106595,{},{}
"[0, 1, 1, 1, 0, 1, 0, 0, 1, 1, 0, 0, 1, 0, 0, 0, 1, 0]",011101001100100010,"[""10001001100101110""]",1,0.000244140625,False,False,,,,2.7819489620246642,0.09263364527622256,{},{}
"[0, 1, 1, 1, 0, 1, 0, 0, 1, 1, 1, 1, 1, 0, 1, 0, 0, 1]",011101001111101001,"[""100101111100101110""]",1,0.000244140625,False,False,,,,8.606957401826367,0.3026878144949461,{},{}
"[0, 1, 1, 1, 0, 1, 0, 1, 0, 0, 0, 0, 1, 1, 0, 0, 1, 1]",011101010000110011,"[""110011000010101110""]",1,0.000244140625,False,False,,,,6.130870215247782,0.21339825512950125,{},{}
"[0, 1, 1, 1, 0, 1, 0, 1, 0, 0, 0, 1, 1, 0, 1, 1, 1, 1]",011101010001101111,"[""111101100010101110""]",1,0.000244140625,False,False,,,,8.639404212951506,0.3038578708176318,{},{}
"[0, 1, 1, 1, 0, 1, 0, 1, 0, 0, 0, 1, 1, 1, 1, 0, 1, 1]",011101010001111011,"[""110111100010101110""]",1,0.000244140625,False,False,,,,8.661564067754531,0.30465697178697143,{},{}
"[0, 1, 1, 1, 0, 1, 0, 1, 0, 0, 0, 1, 1, 1, 1, 1, 1, 0]",011101010001111110,"[""11111100010101110""]",1,0.000244140625,False,False,,,,8.616134724620268,0.30301875563177827,{},{}
"[0, 1, 1, 1, 0, 1, 0, 1, 0, 0, 1, 0, 0, 0, 1, 0, 0, 0]",011101010010001000,"[""100010010101110""]",1,0.000244140625,False,False,,,,3.6036898219640348,0.12226623644436856,{},{}
"[0, 1, 1, 1, 0, 1, 0, 1, 0, 0, 1, 0, 1, 1, 0, 0, 0, 1]",011101010010110001,"[""100011010010101110""]",1,0.000244140625,False,False,,,,4.083611972789451,0.13957258882533224,{},{}
"[0, 1, 1, 1, 0, 1, 0, 1, 0, 1, 0, 0, 0, 0, 0, 0, 0, 0]",011101010100000000,"[""1010101110""]",1,0.000244140625,False,False,,,,4.311952836770725,0.1478067314841719,{},{}
"[0, 1, 1, 1, 0, 1, 0, 1, 0, 1, 0, 0, 0, 0, 1, 0, 1, 1]",011101010100001011,"[""110100001010101110""]",1,0.000244140625,False,False,,,,4.117430206521955,0.14079209967489378,{},{}
"[0, 1, 1, 1, 0, 1, 0, 1, 0, 1, 0, 0, 0, 1, 0, 1, 1, 1]",011101010100010111,"[""111010001010101110""]",1,0.000244140625,False,False,,,,7.398997694072303,0.2591278822675157,{},{}
"[0, 1, 1, 1, 0, 1, 0, 1, 0, 1, 0, 0, 1, 0, 0, 0, 1, 0]",011101010100100010,"[""10001001010101110""]",1,0.000244140625,False,False,,,,2.7594573226420733,0.09182257990632618,{},{}
"[0, 1, 1, 1, 0, 1, 0, 1, 0, 1, 0, 0, 1, 1, 1, 0, 0, 1]",011101010100111001,"[""100111001010101110""]",1,0.000244140625,False,False,,,,7.347855420446077,0.2572836535578867,{},{}
"[0, 1, 1, 1, 0, 1, 0, 1, 0, 1, 0, 1, 1, 1, 0, 1, 1, 0]",011101010101110110,"[""11011101010101110""]",1,0.000244140625,False,False,,,,6.556454409429012,0.22874514007657293,{},{}
"[0, 1, 1, 1, 0, 1, 0, 1, 0, 1, 1, 0, 0, 1, 1, 0, 0, 1]",011101010110011001,"[""100110011010101110""]",1,0.000244140625,False,False,,,,5.3604592976911665,0.18561666014697134,{},{}
"[0, 1, 1, 1, 0, 1, 0, 1, 0, 1, 1, 0, 0, 1, 1, 0, 1, 0]",011101010110011010,"[""10110011010101110""]",1,0.000244140625,False,False,,,,5.353235887469749,0.18535617856163694,{},{}
"[0, 1, 1, 1, 0, 1, 0, 1, 0, 1, 1, 1, 1, 1, 0, 0, 0, 0]",011101010111110000,"[""11111010101110""]",1,0.000244140625,False,False,,,,9.224742876046328,0.32496562162325415,{},{}
"[0, 1, 1, 1, 0, 1, 0, 1, 1, 0, 0, 1, 0, 0, 0, 0, 0, 0]",011101011001000000,"[""100110101110""]",1,0.000244140625,False,False,,,,5.628108244425747,0.19526828172479566,{},{}
"[0, 1, 1, 1, 0, 1, 0, 1, 1, 0, 0, 1, 1, 0, 1, 0, 0, 1]",011101011001101001,"[""100101100110101110""]",1,0.000244140625,False,False,,,,5.441823606778717,0.18855071810174795,{},{}
"[0, 1, 1, 1, 0, 1, 0, 1, 1, 0, 0, 1, 1, 0, 1, 0, 1, 1]",011101011001101011,"[""110101100110101110""]",1,0.000244140625,False,False,,,,6.696384411381937,0.23379112080136594,{},{}
"[0, 1, 1, 1, 0, 1, 0, 1, 1, 0, 0, 1, 1, 1, 0, 0, 0, 1]",011101011001110001,"[""100011100110101110""]",1,0.000244140625,False,False,,,,5.393838488396234,0.18682033877597348,{},{}
"[0, 1, 1, 1, 0, 1, 0, 1, 1, 0, 1, 1, 1, 1, 0, 0, 0, 0]",011101011011110000,"[""11110110101110""]",1,0.000244140625,False,False,,,,7.30519831521115,0.25574540637867693,{},{}
"[0, 1, 1, 1, 0, 1, 0, 1, 1, 1, 0, 0, 0, 1, 0, 1, 0, 1]",011101011100010101,"[""101010001110101110""]",1,0.000244140625,False,False,,,,5.438268352063373,0.1884225129526378,{},{}
"[0, 1, 1, 1, 0, 1, 1, 0, 0, 0, 0, 0, 1, 1, 0, 0, 0, 0]",011101100000110000,"[""11000001101110""]",1,0.000244140625,False,False,,,,5.525513521636846,0.19156863914326805,{},{}
"[0, 1, 1, 1, 0, 1, 1, 0, 0, 0, 0, 0, 1, 1, 1, 1, 0, 0]",011101100000111100,"[""1111000001101110""]",1,0.000244140625,False,False,,,,8.089376187102626,0.284023448050575,{},{}
"[0, 1, 1, 1, 0, 1, 1, 0, 0, 0, 0, 1, 1, 0, 1, 1, 0, 0]",011101100001101100,"[""1101100001101110""]",1,0.000244140625,False,False,,,,4.127388529305983,0.14115120425660013,{},{}
"[0, 1, 1, 1, 0, 1, 1, 0, 0, 0, 1, 1, 0, 1, 0, 0, 0, 0]",011101100011010000,"[""10110001101110""]",1,0.000244140625,False,False,,,,4.728988757674714,0.1628453592913506,{},{}
"[0, 1, 1, 1, 0, 1, 1, 0, 0, 0, 1, 1, 1, 1, 0, 1, 1, 0]",011101100011110110,"[""11011110001101110""]",1,0.000244140625,False,False,,,,6.5199185007206175,0.2274276278309333,{},{}
"[0, 1, 1, 1, 0, 1, 1, 0, 0, 1, 0, 0, 0, 0, 1, 0, 0, 0]",011101100100001000,"[""100001001101110""]",1,0.000244140625,False,False,,,,3.5678493226072163,0.12097380118104095,{},{}
"[0, 1, 1, 1, 0, 1, 1, 0, 0, 1, 1, 1, 1, 0, 0, 1, 0, 0]",011101100111100100,"[""1001111001101110""]",1,0.000244140625,False,False,,,,7.310327777598445,0.2559303786360456,{},{}
"[0, 1, 1, 1, 0, 1, 1, 0, 1, 0, 1, 1, 0, 1, 0, 0, 1, 0]",011101101011010010,"[""10010110101101110""]",1,0.000244140625,False,False,,,,5.2971344216498135,0.18333311766540925,{},{}
"[0, 1, 1, 1, 0, 1, 1, 0, 1, 0, 1, 1, 1, 0, 0, 0, 0, 0]",011101101011100000,"[""1110101101110""]",1,0.000244140625,False,False,,,,6.016845645537828,0.2092864437032225,{},{}
"[0, 1, 1, 1, 0, 1, 1, 0, 1, 1, 0, 0, 0, 0, 1, 1, 1, 1]",011101101100001111,"[""111100001101101110""]",1,0.000244140625,False,False,,,,8.706354186345362,0.30627213702613554,{},{}
"[0, 1, 1, 1, 0, 1, 1, 0, 1, 1, 0, 1, 1, 1, 0, 1, 0, 1]",011101101101110101,"[""101011101101101110""]",1,0.000244140625,False,False,,,,7.9784494375290205,0.2800233463397163,{},{}
"[0, 1, 1, 1, 0, 1, 1, 1, 0, 0, 0, 0, 0, 1, 1, 1, 0, 0]",011101110000011100,"[""1110000011101110""]",1,0.000244140625,False,False,,,,6.091818024547139,0.2119900038696844,{},{}
"[0, 1, 1, 1, 0, 1, 1, 1, 0, 0, 0, 0, 0, 1, 1, 1, 0, 1]",011101110000011101,"[""101110000011101110""]",1,0.000244140625,False,False,,,,7.397477330163426,0.25907305680570053,{},{}
"[0, 1, 1, 1, 0, 1, 1, 1, 0, 0, 0, 1, 0, 0, 1, 1, 0, 1]",011101110001001101,"[""101100100011101110""]",1,0.000244140625,False,False,,,,5.392312738801575,0.18676531910229335,{},{}
"[0, 1, 1, 1, 0, 1, 1, 1, 0, 0, 1, 0, 0, 1, 0, 0, 1, 1]",011101110010010011,"[""110010010011101110""]",1,0.000244140625,False,False,,,,5.399867875838213,0.18703776300515892,{},{}
"[0, 1, 1, 1, 0, 1, 1, 1, 0, 0, 1, 0, 0, 1, 0, 1, 1, 1]",011101110010010111,"[""111010010011101110""]",1,0.000244140625,False,False,,,,8.656203524539787,0.3044636665818081,{},{}
"[0, 1, 1, 1, 0, 1, 1, 1, 0, 0, 1, 1, 1, 1, 0, 0, 1, 1]",011101110011110011,"[""110011110011101110""]",1,0.000244140625,False,False,,,,7.861441109460598,0.27580393835119826,{},{}
"[0, 1, 1, 1, 0, 1, 1, 1, 0, 1, 0, 0, 1, 0, 0, 0, 0, 0]",011101110100100000,"[""1001011101110""]",1,0.000244140625,False,False,,,,4.798157344426968,0.1653396303600415,{},{}
"[0, 1, 1, 1, 0, 1, 1, 1, 0, 1, 0, 0, 1, 1, 0, 1, 0, 1]",011101110100110101,"[""101011001011101110""]",1,0.000244140625,False,False,,,,6.684846260203704,0.23337504642394474,{},{}
"[0, 1, 1, 1, 0, 1, 1, 1, 0, 1, 1, 0, 1, 1, 0, 0, 0, 0]",011101110110110000,"[""11011011101110""]",1,0.000244140625,False,False,,,,7.272054691171904,0.2545502224601625,{},{}
"[0, 1, 1, 1, 0, 1, 1, 1, 1, 0, 0, 1, 0, 1, 0, 0, 0, 1]",011101111001010001,"[""100010100111101110""]",1,0.000244140625,False,False,,,,7.4152613783559715,0.25971436290972366,{},{}
"[0, 1, 1, 1, 0, 1, 1, 1, 1, 0, 1, 0, 1, 0, 0, 0, 0, 1]",011101111010100001,"[""100001010111101110""]",1,0.000244140625,False,False,,,,7.3870694941064325,0.25869774243853527,{},{}
"[0, 1, 1, 1, 0, 1, 1, 1, 1, 1, 0, 0, 0, 0, 0, 0, 1, 0]",011101111100000010,"[""10000001111101110""]",1,0.000244140625,False,False,,,,8.072636415359469,0.2834197993378291,{},{}
"[0, 1, 1, 1, 0, 1, 1, 1, 1, 1, 0, 1, 0, 1, 1, 0, 1, 0]",011101111101011010,"[""10110101111101110""]",1,0.000244140625,False,False,,,,9.887161238073602,0.3488529241308542,{},{}
"[0, 1, 1, 1, 1, 0, 0, 0, 0, 0, 0, 1, 0, 0, 0, 1, 0, 1]",011110000001000101,"[""101000100000011110""]",1,0.000244140625,False,False,,,,5.557662907822696,0.1927279700997723,{},{}
"[0, 1, 1, 1, 1, 0, 0, 0, 0, 0, 0, 1, 1, 1, 1, 1, 0, 0]",011110000001111100,"[""1111100000011110""]",1,0.000244140625,False,False,,,,8.065545502457464,0.2831640957051176,{},{}
"[0, 1, 1, 1, 1, 0, 0, 0, 0, 0, 1, 0, 0, 1, 0, 1, 0, 0]",011110000010010100,"[""1010010000011110""]",1,0.000244140625,False,False,,,,3.5474555271958055,0.12023838563673207,{},{}
"[0, 1, 1, 1, 1, 0, 0, 0, 0, 0, 1, 0, 1, 1, 0, 1, 1, 0]",011110000010110110,"[""11011010000011110""]",1,0.000244140625,False,False,,,,6.0718663221511315,0.21127053053078648,{},{}
"[0, 1, 1, 1, 1, 0, 0, 0, 0, 1, 0, 0, 0, 0, 1, 1, 1, 1]",011110000100001111,"[""111100001000011110""]",1,0.000244140625,False,False,,,,8.064773466858538,0.28313625552290744,{},{}
"[0, 1, 1, 1, 1, 0, 0, 0, 0, 1, 0, 0, 0, 1, 1, 0, 1, 1]",011110000100011011,"[""110110001000011110""]",1,0.000244140625,False,False,,,,6.086933321661562,0.21181385782335435,{},{}
"[0, 1, 1, 1, 1, 0, 0, 0, 0, 1, 0, 0, 1, 1, 1, 0, 1, 1]",011110000100111011,"[""110111001000011110""]",1,0.000244140625,False,False,,,,9.303569551957185,0.3278081706241432,{},{}
"[0, 1, 1, 1, 1, 0, 0, 0, 0, 1, 1, 0, 0, 0, 0, 1, 1, 0]",011110000110000110,"[""11000011000011110""]",1,0.000244140625,False,False,,,,6.775436475812756,0.23664179748117622,{},{}
"[0, 1, 1, 1, 1, 0, 0, 0, 0, 1, 1, 1, 0, 0, 0, 0, 0, 0]",011110000111000000,"[""111000011110""]",1,0.000244140625,False,False,,,,9.49399584385906,0.33467508540310487,{},{}
"[0, 1, 1, 1, 1, 0, 0, 0, 1, 0, 0, 0, 1, 0, 1, 0, 1, 1]",011110001000101011,"[""110101000100011110""]",1,0.000244140625,False,False,,,,6.08292901057693,0.21166945936507425,{},{}
"[0, 1, 1, 1, 1, 0, 0, 0, 1, 0, 1, 0, 1, 0, 0, 0, 1, 0]",011110001010100010,"[""10001010100011110""]",1,0.000244140625,False,False,,,,2.781371044421636,0.0926128051344038,{},{}
"[0, 1, 1, 1, 1, 0, 0, 0, 1, 0, 1, 1, 0, 0, 0, 1, 1, 1]",011110001011000111,"[""111000110100011110""]",1,0.000244140625,False,False,,,,9.334203205929693,0.32891284314124397,{},{}
"[0, 1, 1, 1, 1, 0, 0, 0, 1, 1, 0, 1, 0, 1, 0, 1, 1, 1]",011110001101010111,"[""111010101100011110""]",1,0.000244140625,False,False,,,,8.575973138175147,0.30157049873010705,{},{}
"[0, 1, 1, 1, 1, 0, 0, 0, 1, 1, 1, 0, 0, 1, 0, 0, 1, 1]",011110001110010011,"[""110010011100011110""]",1,0.000244140625,False,False,,,,5.354003035659453,0.18538384250020823,{},{}
"[0, 1, 1, 1, 1, 0, 0, 0, 1, 1, 1, 0, 1, 0, 0, 0, 1, 1]",011110001110100011,"[""110001011100011110""]",1,0.000244140625,False,False,,,,5.277091725461375,0.18261036302217148,{},{}
"[0, 1, 1, 1, 1, 0, 0, 0, 1, 1, 1, 0, 1, 0, 0, 1, 0, 0]",011110001110100100,"[""1001011100011110""]",1,0.000244140625,False,False,,,,3.98584372419056,0.1360469925197398,{},{}
"[0, 1, 1, 1, 1, 0, 0, 0, 1, 1, 1, 1, 1, 0, 0, 0, 0, 0]",011110001111100000,"[""1111100011110""]",1,0.000244140625,False,False,,,,7.94232423403092,0.27872064443171546,{},{}
"[0, 1, 1, 1, 1, 0, 0, 1, 0, 0, 0, 0, 1, 0, 1, 1, 1, 0]",011110010000101110,"[""11101000010011110""]",1,0.000244140625,False,False,,,,6.110191360061725,0.21265256011611353,{},{}
"[0, 1, 1, 1, 1, 0, 0, 1, 0, 0, 0, 1, 0, 0, 1, 0, 0, 0]",011110010001001000,"[""100100010011110""]",1,0.000244140625,False,False,,,,3.6560271727201794,0.12415356053081489,{},{}
"[0, 1, 1, 1, 1, 0, 0, 1, 0, 0, 0, 1, 1, 1, 0, 1, 0, 0]",011110010001110100,"[""1011100010011110""]",1,0.000244140625,False,False,,,,4.053594448338558,0.13849013440046798,{},{}
"[0, 1, 1, 1, 1, 0, 0, 1, 0, 0, 1, 0, 1, 0, 1, 0, 0, 1]",011110010010101001,"[""100101010010011110""]",1,0.000244140625,False,False,,,,4.071007783678315,0.1391180723212316,{},{}
"[0, 1, 1, 1, 1, 0, 0, 1, 0, 0, 1, 0, 1, 0, 1, 1, 0, 1]",011110010010101101,"[""101101010010011110""]",1,0.000244140625,False,False,,,,5.329796593237999,0.18451094004776947,{},{}
"[0, 1, 1, 1, 1, 0, 0, 1, 0, 0, 1, 1, 0, 1, 1, 1, 0, 1]",011110010011011101,"[""101110110010011110""]",1,0.000244140625,False,False,,,,6.67677860871267,0.23308412086580887,{},{}
"[0, 1, 1, 1, 1, 0, 0, 1, 0, 1, 0, 0, 1, 0, 0, 0, 1, 1]",011110010100100011,"[""110001001010011110""]",1,0.000244140625,False,False,,,,4.048716262265718,0.1383142233552885,{},{}
"[0, 1, 1, 1, 1, 0, 0, 1, 0, 1, 1, 0, 1, 0, 0, 0, 0, 1]",011110010110100001,"[""100001011010011110""]",1,0.000244140625,False,False,,,,4.009355536149884,0.13689484607720362,{},{}
"[0, 1, 1, 1, 1, 0, 0, 1, 0, 1, 1, 0, 1, 0, 0, 1, 1, 1]",011110010110100111,"[""111001011010011110""]",1,0.000244140625,False,False,,,,8.61204295771615,0.3028712034511139,{},{}
"[0, 1, 1, 1, 1, 0, 0, 1, 0, 1, 1, 0, 1, 1, 0, 1, 1, 1]",011110010110110111,"[""111011011010011110""]",1,0.000244140625,False,False,,,,9.942311068354899,0.3508416683364653,{},{}
"[0, 1, 1, 1, 1, 0, 0, 1, 0, 1, 1, 1, 1, 1, 0, 1, 1, 0]",011110010111110110,"[""11011111010011110""]",1,0.000244140625,False,False,,,,9.914940240562666,0.3498546557763733,{},{}
"[0, 1, 1, 1, 1, 0, 0, 1, 1, 0, 0, 1, 0, 0, 0, 1, 0, 0]",011110011001000100,"[""1000100110011110""]",1,0.000244140625,False,False,,,,4.79877296721824,0.16536183017920217,{},{}
"[0, 1, 1, 1, 1, 0, 0, 1, 1, 0, 0, 1, 1, 0, 0, 0, 0, 1]",011110011001100001,"[""100001100110011110""]",1,0.000244140625,False,False,,,,4.062279693570463,0.1388033308516839,{},{}
"[0, 1, 1, 1, 1, 0, 0, 1, 1, 0, 1, 0, 0, 0, 1, 1, 0, 0]",011110011010001100,"[""1100010110011110""]",1,0.000244140625,False,False,,,,4.095945809252509,0.14001735621035863,{},{}
"[0, 1, 1, 1, 1, 0, 0, 1, 1, 0, 1, 1, 0, 1, 0, 0, 1, 0]",011110011011010010,"[""10010110110011110""]",1,0.000244140625,False,False,,,,5.489764077963809,0.19027948741612877,{},{}
"[0, 1, 1, 1, 1, 0, 0, 1, 1, 0, 1, 1, 1, 1, 0, 0, 1, 1]",011110011011110011,"[""110011110110011110""]",1,0.000244140625,False,False,,,,7.972041252748392,0.2797922623946532,{},{}
"[0, 1, 1, 1, 1, 0, 0, 1, 1, 1, 0, 0, 0, 1, 0, 1, 0, 0]",011110011100010100,"[""1010001110011110""]",1,0.000244140625,False,False,,,,4.052970900253747,0.13846764878928364,{},{}
"[0, 1, 1, 1, 1, 0, 0, 1, 1, 1, 1, 0, 0, 1, 0, 0, 1, 0]",011110011110010010,"[""10010011110011110""]",1,0.000244140625,False,False,,,,5.417550630024895,0.1876754163714275,{},{}
"[0, 1, 1, 1, 1, 0, 0, 1, 1, 1, 1, 1, 1, 0, 1, 0, 1, 1]",011110011111101011,"[""110101111110011110""]",1,0.000244140625,False,False,,,,11.157508093412135,0.3946625836490192,{},{}
"[0, 1, 1, 1, 1, 0, 1, 0, 0, 0, 0, 0, 1, 0, 0, 1, 0, 0]",011110100000100100,"[""1001000001011110""]",1,0.000244140625,False,False,,,,3.5676602044496084,0.12096698143856485,{},{}
"[0, 1, 1, 1, 1, 0, 1, 0, 0, 0, 0, 1, 0, 0, 1, 1, 0, 1]",011110100001001101,"[""101100100001011110""]",1,0.000244140625,False,False,,,,4.080867189578473,0.13947360988598378,{},{}
"[0, 1, 1, 1, 1, 0, 1, 0, 0, 0, 0, 1, 1, 1, 0, 1, 0, 1]",011110100001110101,"[""101011100001011110""]",1,0.000244140625,False,False,,,,5.294981018103323,0.18325546431990333,{},{}
"[0, 1, 1, 1, 1, 0, 1, 0, 0, 0, 1, 1, 1, 0, 1, 0, 0, 0]",011110100011101000,"[""101110001011110""]",1,0.000244140625,False,False,,,,6.027979947802011,0.20968795498618517,{},{}
"[0, 1, 1, 1, 1, 0, 1, 0, 0, 1, 0, 0, 0, 1, 1, 0, 1, 1]",011110100100011011,"[""110110001001011110""]",1,0.000244140625,False,False,,,,5.318936398752967,0.1841193132967214,{},{}
"[0, 1, 1, 1, 1, 0, 1, 0, 0, 1, 1, 0, 0, 0, 0, 0, 0, 0]",011110100110000000,"[""11001011110""]",1,0.000244140625,False,False,,,,5.486506273108091,0.1901620085318462,{},{}
"[0, 1, 1, 1, 1, 0, 1, 0, 0, 1, 1, 0, 1, 0, 0, 0, 1, 0]",011110100110100010,"[""10001011001011110""]",1,0.000244140625,False,False,,,,4.018647206594309,0.13722991067599832,{},{}
"[0, 1, 1, 1, 1, 0, 1, 0, 1, 0, 0, 1, 0, 0, 1, 0, 0, 0]",011110101001001000,"[""100100101011110""]",1,0.000244140625,False,False,,,,4.8152145035295275,0.1659547242987967,{},{}
"[0, 1, 1, 1, 1, 0, 1, 0, 1, 0, 0, 1, 0, 1, 0, 0, 1, 1]",011110101001010011,"[""110010100101011110""]",1,0.000244140625,False,False,,,,5.349387040762373,0.18521738626529555,{},{}
"[0, 1, 1, 1, 1, 0, 1, 0, 1, 0, 0, 1, 0, 1, 1, 0, 0, 0]",011110101001011000,"[""110100101011110""]",1,0.000244140625,False,False,,,,6.058430589811416,0.2107860279547593,{},{}
"[0, 1, 1, 1, 1, 0, 1, 0, 1, 0, 1, 0, 0, 0, 1, 0, 0, 0]",011110101010001000,"[""100010101011110""]",1,0.000244140625,False,False,,,,4.767229385147044,0.16422434497302224,{},{}
"[0, 1, 1, 1, 1, 0, 1, 0, 1, 1, 0, 1, 1, 0, 1, 1, 1, 0]",011110101101101110,"[""11101101101011110""]",1,0.000244140625,False,False,,,,7.890327211776315,0.2768455928460545,{},{}
"[0, 1, 1, 1, 1, 0, 1, 0, 1, 1, 1, 0, 1, 0, 1, 0, 1, 1]",011110101110101011,"[""110101011101011110""]",1,0.000244140625,False,False,,,,7.82566905710722,0.2745139713381044,{},{}
"[0, 1, 1, 1, 1, 0, 1, 0, 1, 1, 1, 1, 0, 0, 1, 1, 1, 0]",011110101111001110,"[""11100111101011110""]",1,0.000244140625,False,False,,,,9.833245043967361,0.3469086657701217,{},{}
"[0, 1, 1, 1, 1, 0, 1, 1, 0, 0, 1, 1, 0, 0, 1, 0, 1, 0]",011110110011001010,"[""10100110011011110""]",1,0.000244140625,False,False,,,,5.414163465396555,0.18755327267681043,{},{}
"[0, 1, 1, 1, 1, 0, 1, 1, 0, 0, 1, 1, 0, 1, 0, 0, 1, 0]",011110110011010010,"[""10010110011011110""]",1,0.000244140625,False,False,,,,5.443891702106095,0.18862529516894824,{},{}
"[0, 1, 1, 1, 1, 0, 1, 1, 0, 1, 0, 0, 0, 0, 0, 1, 1, 1]",011110110100000111,"[""111000001011011110""]",1,0.000244140625,False,False,,,,9.358995965968063,0.3298068886462967,{},{}
"[0, 1, 1, 1, 1, 0, 1, 1, 0, 1, 0, 0, 1, 1, 1, 1, 0, 0]",011110110100111100,"[""1111001011011110""]",1,0.000244140625,False,False,,,,8.667649921291002,0.30487643222583627,{},{}
"[0, 1, 1, 1, 1, 0, 1, 1, 0, 1, 0, 0, 1, 1, 1, 1, 0, 1]",011110110100111101,"[""101111001011011110""]",1,0.000244140625,False,False,,,,9.934513396925608,0.3505604784616613,{},{}
"[0, 1, 1, 1, 1, 0, 1, 1, 0, 1, 0, 1, 1, 1, 0, 0, 0, 1]",011110110101110001,"[""100011101011011110""]",1,0.000244140625,False,False,,,,6.563668654754718,0.2290052911689004,{},{}
"[0, 1, 1, 1, 1, 0, 1, 1, 0, 1, 1, 1, 0, 1, 0, 0, 1, 0]",011110110111010010,"[""10010111011011110""]",1,0.000244140625,False,False,,,,8.664531134963767,0.30476396645386217,{},{}
"[0, 1, 1, 1, 1, 0, 1, 1, 0, 1, 1, 1, 1, 0, 1, 1, 1, 0]",011110110111101110,"[""11101111011011110""]",1,0.000244140625,False,False,,,,11.223935546852953,0.3970580073964741,{},{}
"[0, 1, 1, 1, 1, 0, 1, 1, 1, 0, 0, 1, 0, 1, 1, 0, 0, 0]",011110111001011000,"[""110100111011110""]",1,0.000244140625,False,False,,,,9.374314840955053,0.3303592987572883,{},{}
"[0, 1, 1, 1, 1, 0, 1, 1, 1, 0, 1, 0, 0, 0, 0, 0, 1, 0]",011110111010000010,"[""10000010111011110""]",1,0.000244140625,False,False,,,,8.125941594953218,0.285342024057387,{},{}
"[0, 1, 1, 1, 1, 0, 1, 1, 1, 0, 1, 0, 0, 1, 0, 1, 1, 1]",011110111010010111,"[""111010010111011110""]",1,0.000244140625,False,False,,,,11.991629805037658,0.42474163760636646,{},{}
"[0, 1, 1, 1, 1, 0, 1, 1, 1, 0, 1, 0, 1, 0, 1, 1, 0, 0]",011110111010101100,"[""1101010111011110""]",1,0.000244140625,False,False,,,,8.609445748242088,0.30277754613130065,{},{}
"[0, 1, 1, 1, 1, 0, 1, 1, 1, 0, 1, 0, 1, 1, 0, 0, 1, 0]",011110111010110010,"[""10011010111011110""]",1,0.000244140625,False,False,,,,8.679731444294314,0.30531210099843703,{},{}
"[0, 1, 1, 1, 1, 0, 1, 1, 1, 0, 1, 1, 0, 0, 1, 1, 0, 0]",011110111011001100,"[""1100110111011110""]",1,0.000244140625,False,False,,,,8.602634481862124,0.30253192676172264,{},{}
"[0, 1, 1, 1, 1, 0, 1, 1, 1, 0, 1, 1, 1, 1, 0, 0, 1, 1]",011110111011110011,"[""110011110111011110""]",1,0.000244140625,False,False,,,,11.224883397752974,0.3970921876101862,{},{}
"[0, 1, 1, 1, 1, 0, 1, 1, 1, 1, 1, 0, 0, 1, 0, 1, 0, 1]",011110111110010101,"[""101010011111011110""]",1,0.000244140625,False,False,,,,9.910674770062577,0.3497008397138761,{},{}
"[0, 1, 1, 1, 1, 1, 0, 0, 0, 0, 0, 1, 0, 1, 0, 1, 1, 0]",011111000001010110,"[""11010100000111110""]",1,0.000244140625,False,False,,,,8.111179595504948,0.2848096952956077,{},{}
"[0, 1, 1, 1, 1, 1, 0, 0, 0, 1, 0, 0, 1, 0, 0, 1, 1, 1]",011111000100100111,"[""111001001000111110""]",1,0.000244140625,False,False,,,,11.393380959662212,0.4031683359536606,{},{}
"[0, 1, 1, 1, 1, 1, 0, 0, 0, 1, 1, 0, 1, 1, 1, 1, 0, 1]",011111000110111101,"[""101111011000111110""]",1,0.000244140625,False,False,,,,13.885241367938633,0.4930266895129477,{},{}
"[0, 1, 1, 1, 1, 1, 0, 0, 1, 0, 0, 1, 1, 1, 0, 0, 1, 0]",011111001001110010,"[""10011100100111110""]",1,0.000244140625,False,False,,,,7.3517359812083125,0.25742358948681077,{},{}
"[0, 1, 1, 1, 1, 1, 0, 0, 1, 0, 1, 0, 1, 1, 0, 1, 1, 1]",011111001010110111,"[""111011010100111110""]",1,0.000244140625,False,False,,,,12.001137302674787,0.4250844850954568,{},{}
"[0, 1, 1, 1, 1, 1, 0, 0, 1, 1, 0, 0, 1, 1, 1, 0, 1, 1]",011111001100111011,"[""110111001100111110""]",1,0.000244140625,False,False,,,,11.956638387581398,0.4234798208726193,{},{}
"[0, 1, 1, 1, 1, 1, 0, 0, 1, 1, 1, 0, 1, 1, 1, 1, 0, 0]",011111001110111100,"[""1111011100111110""]",1,0.000244140625,False,False,,,,11.847937147527118,0.4195599727026785,{},{}
"[0, 1, 1, 1, 1, 1, 0, 0, 1, 1, 1, 1, 0, 0, 1, 0, 0, 1]",011111001111001001,"[""100100111100111110""]",1,0.000244140625,False,False,,,,10.662759472225092,0.3768215776368303,{},{}
"[0, 1, 1, 1, 1, 1, 0, 0, 1, 1, 1, 1, 1, 0, 0, 1, 0, 0]",011111001111100100,"[""1001111100111110""]",1,0.000244140625,False,False,,,,10.545428838790063,0.3725905470752779,{},{}
"[0, 1, 1, 1, 1, 1, 0, 1, 0, 0, 0, 0, 1, 1, 1, 1, 0, 1]",011111010000111101,"[""101111000010111110""]",1,0.000244140625,False,False,,,,12.703730521470273,0.45042052304252267,{},{}
"[0, 1, 1, 1, 1, 1, 0, 1, 0, 0, 1, 0, 0, 0, 1, 1, 1, 0]",011111010010001110,"[""11100010010111110""]",1,0.000244140625,False,False,,,,7.432165526693284,0.2603239391656278,{},{}
"[0, 1, 1, 1, 1, 1, 0, 1, 0, 0, 1, 1, 0, 0, 1, 1, 1, 1]",011111010011001111,"[""111100110010111110""]",1,0.000244140625,False,False,,,,12.01824621478677,0.4257014452865121,{},{}
"[0, 1, 1, 1, 1, 1, 0, 1, 0, 1, 0, 1, 0, 0, 0, 1, 1, 1]",011111010101000111,"[""111000101010111110""]",1,0.000244140625,False,False,,,,12.669823046389764,0.44919779408308047,{},{}
"[0, 1, 1, 1, 1, 1, 0, 1, 0, 1, 0, 1, 1, 0, 1, 0, 0, 0]",011111010101101000,"[""101101010111110""]",1,0.000244140625,False,False,,,,9.312592322160686,0.328133538478754,{},{}
"[0, 1, 1, 1, 1, 1, 0, 1, 0, 1, 0, 1, 1, 1, 1, 0, 0, 1]",011111010101111001,"[""100111101010111110""]",1,0.000244140625,False,False,,,,11.91542446981124,0.42199361611481917,{},{}
"[0, 1, 1, 1, 1, 1, 0, 1, 0, 1, 1, 0, 1, 1, 0, 0, 1, 1]",011111010110110011,"[""110011011010111110""]",1,0.000244140625,False,False,,,,9.990862971027992,0.3525924863284701,{},{}
"[0, 1, 1, 1, 1, 1, 0, 1, 1, 0, 0, 0, 1, 1, 1, 1, 0, 1]",011111011000111101,"[""101111000110111110""]",1,0.000244140625,False,False,,,,14.02883819872522,0.4982048988331637,{},{}
"[0, 1, 1, 1, 1, 1, 0, 1, 1, 0, 0, 1, 0, 0, 0, 0, 0, 1]",011111011001000001,"[""100000100110111110""]",1,0.000244140625,False,False,,,,8.2337702989538,0.2892304079234102,{},{}
"[0, 1, 1, 1, 1, 1, 0, 1, 1, 1, 1, 0, 1, 0, 0, 0, 0, 0]",011111011110100000,"[""1011110111110""]",1,0.000244140625,False,False,,,,9.320130965559642,0.3284053876086855,{},{}
"[0, 1, 1, 1, 1, 1, 1, 0, 0, 0, 1, 0, 0, 1, 1, 0, 1, 1]",011111100010011011,"[""110110010001111110""]",1,0.000244140625,False,False,,,,8.687495022927102,0.3055920614614523,{},{}
"[0, 1, 1, 1, 1, 1, 1, 0, 0, 0, 1, 0, 0, 1, 1, 1, 0, 0]",011111100010011100,"[""1110010001111110""]",1,0.000244140625,False,False,,,,7.3117194628230155,0.2559805638480813,{},{}
"[0, 1, 1, 1, 1, 1, 1, 0, 0, 1, 0, 0, 1, 1, 0, 0, 1, 1]",011111100100110011,"[""110011001001111110""]",1,0.000244140625,False,False,,,,8.652988247041028,0.30434772126588466,{},{}
"[0, 1, 1, 1, 1, 1, 1, 0, 0, 1, 0, 0, 1, 1, 1, 1, 0, 0]",011111100100111100,"[""1111001001111110""]",1,0.000244140625,False,False,,,,10.6466956102243,0.3762423027358766,{},{}
"[0, 1, 1, 1, 1, 1, 1, 0, 0, 1, 0, 1, 0, 0, 1, 0, 1, 0]",011111100101001010,"[""10100101001111110""]",1,0.000244140625,False,False,,,,7.333534029739109,0.25676721347748205,{},{}
"[0, 1, 1, 1, 1, 1, 1, 0, 0, 1, 1, 0, 1, 0, 0, 1, 0, 1]",011111100110100101,"[""101001011001111110""]",1,0.000244140625,False,False,,,,8.648932736066701,0.3042014765012164,{},{}
"[0, 1, 1, 1, 1, 1, 1, 0, 0, 1, 1, 0, 1, 0, 0, 1, 1, 0]",011111100110100110,"[""11001011001111110""]",1,0.000244140625,False,False,,,,8.621212933371798,0.30320187964463513,{},{}
"[0, 1, 1, 1, 1, 1, 1, 0, 1, 0, 0, 1, 0, 1, 1, 1, 1, 0]",011111101001011110,"[""11110100101111110""]",1,0.000244140625,False,False,,,,9.920695724533998,0.3500622028411619,{},{}
"[0, 1, 1, 1, 1, 1, 1, 0, 1, 0, 0, 1, 1, 0, 0, 0, 0, 1]",011111101001100001,"[""100001100101111110""]",1,0.000244140625,False,False,,,,7.401302817735422,0.25921100675411635,{},{}
"[0, 1, 1, 1, 1, 1, 1, 0, 1, 0, 0, 1, 1, 0, 0, 1, 1, 0]",011111101001100110,"[""11001100101111110""]",1,0.000244140625,False,False,,,,8.618542318756747,0.3031055752804329,{},{}
"[0, 1, 1, 1, 1, 1, 1, 0, 1, 1, 0, 1, 0, 1, 0, 0, 1, 0]",011111101101010010,"[""10010101101111110""]",1,0.000244140625,False,False,,,,8.603136973290557,0.30255004697916604,{},{}
"[0, 1, 1, 1, 1, 1, 1, 0, 1, 1, 0, 1, 1, 0, 1, 1, 0, 0]",011111101101101100,"[""1101101101111110""]",1,0.000244140625,False,False,,,,9.954417721007887,0.35127824330306395,{},{}
"[0, 1, 1, 1, 1, 1, 1, 0, 1, 1, 1, 0, 0, 0, 1, 1, 1, 1]",011111101110001111,"[""111100011101111110""]",1,0.000244140625,False,False,,,,13.234607449452586,0.46956434286993376,{},{}
"[0, 1, 1, 1, 1, 1, 1, 0, 1, 1, 1, 0, 0, 1, 1, 0, 0, 0]",011111101110011000,"[""110011101111110""]",1,0.000244140625,False,False,,,,10.565217400097062,0.3733041374242589,{},{}
"[0, 1, 1, 1, 1, 1, 1, 0, 1, 1, 1, 1, 0, 0, 1, 1, 1, 1]",011111101111001111,"[""111100111101111110""]",1,0.000244140625,False,False,,,,16.522926348272282,0.5881435864119934,{},{}
"[0, 1, 1, 1, 1, 1, 1, 0, 1, 1, 1, 1, 1, 0, 0, 0, 0, 0]",011111101111100000,"[""1111101111110""]",1,0.000244140625,False,False,,,,12.551382893139508,0.4449267534055895,{},{}
"[0, 1, 1, 1, 1, 1, 1, 1, 0, 1, 1, 0, 1, 1, 1, 1, 0, 0]",011111110110111100,"[""1111011011111110""]",1,0.000244140625,False,False,,,,13.215598987483016,0.46887888348761575,{},{}
"[0, 1, 1, 1, 1, 1, 1, 1, 0, 1, 1, 1, 1, 0, 1, 1, 1, 0]",011111110111101110,"[""11101111011111110""]",1,0.000244140625,False,False,,,,14.507365088281547,0.5154609370472467,{},{}
"[0, 1, 1, 1, 1, 1, 1, 1, 1, 0, 0, 0, 0, 0, 0, 1, 1, 0]",011111111000000110,"[""11000000111111110""]",1,0.000244140625,False,False,,,,13.403377814433833,0.47565032869660556,{},{}
"[0, 1, 1, 1, 1, 1, 1, 1, 1, 0, 1, 1, 0, 1, 0, 0, 1, 0]",011111111011010010,"[""10010110111111110""]",1,0.000244140625,False,False,,,,12.017235973113806,0.4256650152147762,{},{}
"[0, 1, 1, 1, 1, 1, 1, 1, 1, 0, 1, 1, 1, 0, 1, 0, 1, 1]",011111111011101011,"[""110101110111111110""]",1,0.000244140625,False,False,,,,14.561940974124736,0.5174289843863433,{},{}
"[0, 1, 1, 1, 1, 1, 1, 1, 1, 1, 0, 0, 0, 0, 1, 1, 1, 1]",011111111100001111,"[""111100001111111110""]",1,0.000244140625,False,False,,,,15.294676738183345,0.5438519851024448,{},{}
"[0, 1, 1, 1, 1, 1, 1, 1, 1, 1, 0, 0, 1, 0, 1, 1, 1, 0]",011111111100101110,"[""11101001111111110""]",1,0.000244140625,False,False,,,,13.245882547199882,0.46997093134352036,{},{}
"[1, 0, 0, 0, 0, 0, 0, 0, 0, 0, 0, 0, 0, 0, 0, 0, 0, 1]",100000000000000001,"[""100000000000000001""]",1,0.000244140625,False,False,,,,3.473154205632217,0.11755902430460943,{},{}
"[1, 0, 0, 0, 0, 0, 0, 0, 0, 0, 0, 0, 0, 1, 0, 0, 0, 1]",100000000000010001,"[""100010000000000001""]",1,0.000244140625,False,False,,,,2.627134118939014,0.08705090602645928,{},{}
"[1, 0, 0, 0, 0, 0, 0, 0, 0, 0, 0, 0, 0, 1, 0, 1, 1, 1]",100000000000010111,"[""111010000000000001""]",1,0.000244140625,False,False,,,,7.025269228052829,0.2456509537352403,{},{}
"[1, 0, 0, 0, 0, 0, 0, 0, 0, 0, 0, 0, 0, 1, 1, 0, 1, 1]",100000000000011011,"[""110110000000000001""]",1,0.000244140625,False,False,,,,5.027314088933174,0.1736031942819776,{},{}
"[1, 0, 0, 0, 0, 0, 0, 0, 0, 0, 0, 1, 0, 0, 1, 1, 1, 0]",100000000001001110,"[""11100100000000001""]",1,0.000244140625,False,False,,,,3.021236606496332,0.10126253704234549,{},{}
"[1, 0, 0, 0, 0, 0, 0, 0, 0, 0, 0, 1, 1, 0, 0, 0, 0, 0]",100000000001100000,"[""1100000000001""]",1,0.000244140625,False,False,,,,2.6116214248211094,0.08649150665237158,{},{}
"[1, 0, 0, 0, 0, 0, 0, 0, 0, 0, 1, 1, 0, 0, 1, 1, 1, 0]",100000000011001110,"[""11100110000000001""]",1,0.000244140625,False,False,,,,4.205051581541452,0.1439517921158114,{},{}
"[1, 0, 0, 0, 0, 0, 0, 0, 0, 0, 1, 1, 1, 0, 0, 0, 0, 0]",100000000011100000,"[""1110000000001""]",1,0.000244140625,False,False,,,,3.7656013381279063,0.1281048870431141,{},{}
"[1, 0, 0, 0, 0, 0, 0, 0, 0, 0, 1, 1, 1, 0, 0, 1, 1, 0]",100000000011100110,"[""11001110000000001""]",1,0.000244140625,False,False,,,,4.195857292026548,0.1436202391463061,{},{}
"[1, 0, 0, 0, 0, 0, 0, 0, 0, 1, 0, 0, 0, 0, 0, 0, 1, 0]",100000000100000010,"[""10000001000000001""]",1,0.000244140625,False,False,,,,2.5841467549310364,0.085500749468419,{},{}
"[1, 0, 0, 0, 0, 0, 0, 0, 0, 1, 0, 0, 1, 1, 0, 0, 1, 1]",100000000100110011,"[""110011001000000001""]",1,0.000244140625,False,False,,,,4.207650395426884,0.14404550729190083,{},{}
"[1, 0, 0, 0, 0, 0, 0, 0, 0, 1, 0, 1, 0, 1, 0, 1, 0, 1]",100000000101010101,"[""101010101000000001""]",1,0.000244140625,False,False,,,,4.2100879057833565,0.1441334057418657,{},{}
"[1, 0, 0, 0, 0, 0, 0, 0, 0, 1, 1, 0, 0, 0, 0, 0, 1, 0]",100000000110000010,"[""10000011000000001""]",1,0.000244140625,False,False,,,,3.760064213633659,0.12790521418469342,{},{}
"[1, 0, 0, 0, 0, 0, 0, 0, 0, 1, 1, 0, 1, 0, 0, 1, 1, 0]",100000000110100110,"[""11001011000000001""]",1,0.000244140625,False,False,,,,4.233137727059128,0.14496459956909508,{},{}
"[1, 0, 0, 0, 0, 0, 0, 0, 1, 0, 1, 0, 1, 0, 1, 1, 0, 0]",100000001010101100,"[""1101010100000001""]",1,0.000244140625,False,False,,,,2.258244036947334,0.07374845324779397,{},{}
"[1, 0, 0, 0, 0, 0, 0, 0, 1, 0, 1, 0, 1, 1, 0, 0, 0, 1]",100000001010110001,"[""100011010100000001""]",1,0.000244140625,False,False,,,,2.260216682393853,0.07381958832076661,{},{}
"[1, 0, 0, 0, 0, 0, 0, 0, 1, 0, 1, 1, 0, 0, 1, 0, 1, 1]",100000001011001011,"[""110100110100000001""]",1,0.000244140625,False,False,,,,3.5150145057979483,0.11906853809595054,{},{}
"[1, 0, 0, 0, 0, 0, 0, 0, 1, 0, 1, 1, 1, 0, 0, 0, 1, 0]",100000001011100010,"[""10001110100000001""]",1,0.000244140625,False,False,,,,2.2226309285486043,0.07246421787280691,{},{}
"[1, 0, 0, 0, 0, 0, 0, 0, 1, 1, 0, 1, 1, 0, 0, 0, 0, 0]",100000001101100000,"[""1101100000001""]",1,0.000244140625,False,False,,,,3.0513317221893024,0.10234778946554084,{},{}
"[1, 0, 0, 0, 0, 0, 0, 0, 1, 1, 1, 1, 0, 0, 0, 0, 1, 1]",100000001111000011,"[""110000111100000001""]",1,0.000244140625,False,False,,,,7.470817065653541,0.26171774262346414,{},{}
"[1, 0, 0, 0, 0, 0, 0, 1, 0, 0, 0, 1, 0, 1, 1, 1, 0, 1]",100000010001011101,"[""101110100010000001""]",1,0.000244140625,False,False,,,,3.447553969082146,0.1166358605914748,{},{}
"[1, 0, 0, 0, 0, 0, 0, 1, 0, 0, 0, 1, 1, 0, 1, 0, 0, 0]",100000010001101000,"[""101100010000001""]",1,0.000244140625,False,False,,,,3.0196644790056375,0.10120584494698175,{},{}
"[1, 0, 0, 0, 0, 0, 0, 1, 0, 1, 0, 1, 0, 0, 1, 1, 0, 0]",100000010101001100,"[""1100101010000001""]",1,0.000244140625,False,False,,,,2.233201095163484,0.07284538600152943,{},{}
"[1, 0, 0, 0, 0, 0, 0, 1, 0, 1, 0, 1, 0, 1, 0, 1, 1, 1]",100000010101010111,"[""111010101010000001""]",1,0.000244140625,False,False,,,,6.6580189679692285,0.2324076341633554,{},{}
"[1, 0, 0, 0, 0, 0, 0, 1, 0, 1, 0, 1, 1, 1, 0, 1, 1, 1]",100000010101110111,"[""111011101010000001""]",1,0.000244140625,False,False,,,,7.906776043049678,0.27743875002744783,{},{}
"[1, 0, 0, 0, 0, 0, 0, 1, 0, 1, 1, 0, 1, 0, 0, 0, 0, 0]",100000010110100000,"[""1011010000001""]",1,0.000244140625,False,False,,,,2.978914210707536,0.0997363597365725,{},{}
"[1, 0, 0, 0, 0, 0, 0, 1, 0, 1, 1, 0, 1, 1, 0, 1, 0, 0]",100000010110110100,"[""1011011010000001""]",1,0.000244140625,False,False,,,,3.4465483697627155,0.11659959792648592,{},{}
"[1, 0, 0, 0, 0, 0, 0, 1, 0, 1, 1, 1, 1, 1, 0, 1, 1, 1]",100000010111110111,"[""111011111010000001""]",1,0.000244140625,False,False,,,,11.147807980713335,0.3943127903164719,{},{}
"[1, 0, 0, 0, 0, 0, 0, 1, 1, 0, 0, 1, 1, 1, 1, 0, 0, 0]",100000011001111000,"[""111100110000001""]",1,0.000244140625,False,False,,,,7.462175613785728,0.2614061253937733,{},{}
"[1, 0, 0, 0, 0, 0, 0, 1, 1, 0, 1, 0, 1, 0, 0, 0, 0, 1]",100000011010100001,"[""100001010110000001""]",1,0.000244140625,False,False,,,,2.30395290467145,0.07539674926915468,{},{}
"[1, 0, 0, 0, 0, 0, 0, 1, 1, 1, 1, 1, 0, 0, 1, 0, 1, 0]",100000011111001010,"[""10100111110000001""]",1,0.000244140625,False,False,,,,6.675378538767556,0.23303363329446744,{},{}
"[1, 0, 0, 0, 0, 0, 1, 0, 0, 0, 0, 0, 1, 0, 0, 1, 1, 0]",100000100000100110,"[""11001000001000001""]",1,0.000244140625,False,False,,,,3.106768054892351,0.10434686516316645,{},{}
"[1, 0, 0, 0, 0, 0, 1, 0, 0, 0, 0, 1, 0, 0, 0, 0, 0, 0]",100000100001000000,"[""100001000001""]",1,0.000244140625,False,False,,,,2.642382984045682,0.08760079152870562,{},{}
"[1, 0, 0, 0, 0, 0, 1, 0, 0, 0, 1, 1, 0, 1, 0, 0, 1, 1]",100000100011010011,"[""110010110001000001""]",1,0.000244140625,False,False,,,,3.431107368502153,0.1160427838505559,{},{}
"[1, 0, 0, 0, 0, 0, 1, 0, 0, 0, 1, 1, 1, 1, 1, 0, 0, 1]",100000100011111001,"[""100111110001000001""]",1,0.000244140625,False,False,,,,6.643243896800745,0.23187483402555006,{},{}
"[1, 0, 0, 0, 0, 0, 1, 0, 0, 1, 0, 0, 0, 0, 1, 0, 1, 1]",100000100100001011,"[""110100001001000001""]",1,0.000244140625,False,False,,,,2.2449431202664276,0.07326881222544544,{},{}
"[1, 0, 0, 0, 0, 0, 1, 0, 0, 1, 0, 1, 0, 1, 0, 0, 1, 0]",100000100101010010,"[""10010101001000001""]",1,0.000244140625,False,False,,,,2.20570566015644,0.07185388001189885,{},{}
"[1, 0, 0, 0, 0, 0, 1, 0, 0, 1, 0, 1, 1, 0, 0, 0, 1, 1]",100000100101100011,"[""110001101001000001""]",1,0.000244140625,False,False,,,,3.5149395835162593,0.11906583634233099,{},{}
"[1, 0, 0, 0, 0, 0, 1, 0, 0, 1, 1, 0, 0, 0, 0, 0, 0, 0]",100000100110000000,"[""11001000001""]",1,0.000244140625,False,False,,,,3.805525690162281,0.12954458909416589,{},{}
"[1, 0, 0, 0, 0, 0, 1, 0, 0, 1, 1, 0, 0, 0, 1, 0, 1, 1]",100000100110001011,"[""110100011001000001""]",1,0.000244140625,False,False,,,,3.42086057896905,0.11567327694171983,{},{}
"[1, 0, 0, 0, 0, 0, 1, 0, 0, 1, 1, 0, 0, 1, 1, 1, 0, 0]",100000100110011100,"[""1110011001000001""]",1,0.000244140625,False,False,,,,3.436124088997338,0.11622369055081373,{},{}
"[1, 0, 0, 0, 0, 0, 1, 0, 0, 1, 1, 0, 1, 1, 0, 1, 1, 0]",100000100110110110,"[""11011011001000001""]",1,0.000244140625,False,False,,,,4.756082970855914,0.1638223969212919,{},{}
"[1, 0, 0, 0, 0, 0, 1, 0, 0, 1, 1, 1, 0, 0, 1, 0, 0, 1]",100000100111001001,"[""100100111001000001""]",1,0.000244140625,False,False,,,,5.448649099568452,0.1887968504863226,{},{}
"[1, 0, 0, 0, 0, 0, 1, 0, 1, 0, 0, 1, 1, 0, 0, 1, 0, 1]",100000101001100101,"[""101001100101000001""]",1,0.000244140625,False,False,,,,3.638562971982619,0.12352378836569128,{},{}
"[1, 0, 0, 0, 0, 0, 1, 0, 1, 0, 0, 1, 1, 0, 1, 0, 0, 0]",100000101001101000,"[""101100101000001""]",1,0.000244140625,False,False,,,,4.343545893886801,0.14894600079754353,{},{}
"[1, 0, 0, 0, 0, 0, 1, 0, 1, 0, 0, 1, 1, 1, 1, 0, 1, 1]",100000101001111011,"[""110111100101000001""]",1,0.000244140625,False,False,,,,7.971769951304165,0.2797824790612789,{},{}
"[1, 0, 0, 0, 0, 0, 1, 0, 1, 0, 1, 1, 0, 1, 1, 0, 1, 0]",100000101011011010,"[""10110110101000001""]",1,0.000244140625,False,False,,,,4.6792397410656585,0.16105137247377624,{},{}
"[1, 0, 0, 0, 0, 0, 1, 0, 1, 0, 1, 1, 0, 1, 1, 1, 1, 1]",100000101011011111,"[""111110110101000001""]",1,0.000244140625,False,False,,,,9.183761526872171,0.3234878034632975,{},{}
"[1, 0, 0, 0, 0, 0, 1, 0, 1, 1, 0, 0, 0, 0, 1, 1, 1, 1]",100000101100001111,"[""111100001101000001""]",1,0.000244140625,False,False,,,,6.802446450688407,0.23761579741469677,{},{}
"[1, 0, 0, 0, 0, 0, 1, 0, 1, 1, 1, 0, 0, 1, 1, 1, 0, 0]",100000101110011100,"[""1110011101000001""]",1,0.000244140625,False,False,,,,4.689375893247921,0.16141688971683663,{},{}
"[1, 0, 0, 0, 0, 0, 1, 0, 1, 1, 1, 0, 1, 0, 0, 0, 0, 1]",100000101110100001,"[""100001011101000001""]",1,0.000244140625,False,False,,,,3.5827247064569843,0.1215102186693011,{},{}
"[1, 0, 0, 0, 0, 0, 1, 0, 1, 1, 1, 1, 0, 0, 1, 1, 1, 0]",100000101111001110,"[""11100111101000001""]",1,0.000244140625,False,False,,,,7.953125986251944,0.27911016371093056,{},{}
"[1, 0, 0, 0, 0, 0, 1, 1, 0, 0, 0, 1, 1, 0, 0, 0, 0, 0]",100000110001100000,"[""1100011000001""]",1,0.000244140625,False,False,,,,3.0373374349348583,0.10184314498074412,{},{}
"[1, 0, 0, 0, 0, 0, 1, 1, 0, 0, 0, 1, 1, 0, 0, 1, 1, 0]",100000110001100110,"[""11001100011000001""]",1,0.000244140625,False,False,,,,3.4998231223999294,0.11852072542719111,{},{}
"[1, 0, 0, 0, 0, 0, 1, 1, 0, 0, 1, 0, 0, 0, 1, 0, 1, 0]",100000110010001010,"[""10100010011000001""]",1,0.000244140625,False,False,,,,2.229940079775694,0.07272779134305456,{},{}
"[1, 0, 0, 0, 0, 0, 1, 1, 0, 0, 1, 1, 0, 0, 1, 1, 0, 0]",100000110011001100,"[""1100110011000001""]",1,0.000244140625,False,False,,,,3.460107493324289,0.11708855008243459,{},{}
"[1, 0, 0, 0, 0, 0, 1, 1, 0, 0, 1, 1, 1, 1, 0, 1, 0, 1]",100000110011110101,"[""101011110011000001""]",1,0.000244140625,False,False,,,,5.921286562236703,0.20584051155367114,{},{}
"[1, 0, 0, 0, 0, 0, 1, 1, 0, 1, 0, 0, 0, 0, 1, 0, 1, 1]",100000110100001011,"[""110100001011000001""]",1,0.000244140625,False,False,,,,3.4530964025983044,0.1168357248972038,{},{}
"[1, 0, 0, 0, 0, 0, 1, 1, 0, 1, 0, 0, 0, 1, 0, 0, 0, 0]",100000110100010000,"[""10001011000001""]",1,0.000244140625,False,False,,,,3.013678972494158,0.10099000309703161,{},{}
"[1, 0, 0, 0, 0, 0, 1, 1, 0, 1, 0, 0, 0, 1, 0, 0, 1, 1]",100000110100010011,"[""110010001011000001""]",1,0.000244140625,False,False,,,,3.47650918750326,0.11768000746488272,{},{}
"[1, 0, 0, 0, 0, 0, 1, 1, 0, 1, 0, 1, 0, 1, 0, 1, 0, 1]",100000110101010101,"[""101010101011000001""]",1,0.000244140625,False,False,,,,4.707207380466694,0.16205990650769317,{},{}
"[1, 0, 0, 0, 0, 0, 1, 1, 0, 1, 0, 1, 1, 0, 0, 1, 0, 0]",100000110101100100,"[""1001101011000001""]",1,0.000244140625,False,False,,,,3.581217890131745,0.1214558817435036,{},{}
"[1, 0, 0, 0, 0, 0, 1, 1, 0, 1, 1, 0, 1, 1, 0, 0, 0, 1]",100000110110110001,"[""100011011011000001""]",1,0.000244140625,False,False,,,,4.702129714139435,0.1618768020550619,{},{}
"[1, 0, 0, 0, 0, 0, 1, 1, 1, 0, 0, 0, 1, 0, 0, 0, 0, 1]",100000111000100001,"[""100001000111000001""]",1,0.000244140625,False,False,,,,6.368256295607694,0.22195857506884675,{},{}
"[1, 0, 0, 0, 0, 0, 1, 1, 1, 0, 0, 0, 1, 0, 0, 1, 1, 1]",100000111000100111,"[""111001000111000001""]",1,0.000244140625,False,False,,,,10.838639499415262,0.3831639432102706,{},{}
"[1, 0, 0, 0, 0, 0, 1, 1, 1, 0, 1, 0, 1, 0, 1, 1, 1, 0]",100000111010101110,"[""11101010111000001""]",1,0.000244140625,False,False,,,,8.002347056096356,0.2808851123725632,{},{}
"[1, 0, 0, 0, 0, 0, 1, 1, 1, 0, 1, 1, 1, 0, 0, 0, 0, 0]",100000111011100000,"[""1110111000001""]",1,0.000244140625,False,False,,,,7.5006876376281255,0.26279489783191623,{},{}
"[1, 0, 0, 0, 0, 0, 1, 1, 1, 1, 0, 0, 0, 0, 0, 0, 1, 1]",100000111100000011,"[""110000001111000001""]",1,0.000244140625,False,False,,,,7.55018300592886,0.2645797379014251,{},{}
"[1, 0, 0, 0, 0, 0, 1, 1, 1, 1, 0, 0, 1, 1, 0, 1, 0, 1]",100000111100110101,"[""101011001111000001""]",1,0.000244140625,False,False,,,,8.109293597676587,0.2847416848006738,{},{}
"[1, 0, 0, 0, 0, 0, 1, 1, 1, 1, 0, 1, 0, 0, 1, 0, 0, 0]",100000111101001000,"[""100101111000001""]",1,0.000244140625,False,False,,,,7.50924281911464,0.2631034040870121,{},{}
"[1, 0, 0, 0, 0, 0, 1, 1, 1, 1, 1, 0, 0, 1, 1, 1, 0, 0]",100000111110011100,"[""1110011111000001""]",1,0.000244140625,False,False,,,,7.953647660715686,0.27912897568300177,{},{}
"[1, 0, 0, 0, 0, 1, 0, 0, 0, 0, 0, 0, 0, 1, 1, 1, 1, 1]",100001000000011111,"[""111110000000100001""]",1,0.000244140625,False,False,,,,7.532367559908444,0.2639372995682015,{},{}
"[1, 0, 0, 0, 0, 1, 0, 0, 0, 0, 0, 0, 1, 0, 0, 0, 0, 0]",100001000000100000,"[""1000000100001""]",1,0.000244140625,False,False,,,,2.6555294936769687,0.08807486451714235,{},{}
"[1, 0, 0, 0, 0, 1, 0, 0, 0, 0, 0, 1, 0, 0, 0, 1, 0, 1]",100001000001000101,"[""101000100000100001""]",1,0.000244140625,False,False,,,,3.1286370905685232,0.10513547897687098,{},{}
"[1, 0, 0, 0, 0, 1, 0, 0, 0, 0, 1, 0, 1, 0, 0, 0, 1, 0]",100001000010100010,"[""10001010000100001""]",1,0.000244140625,False,False,,,,1.008992559117228,0.028699508850075876,{},{}
"[1, 0, 0, 0, 0, 1, 0, 0, 0, 1, 0, 0, 1, 0, 1, 0, 0, 0]",100001000100101000,"[""101001000100001""]",1,0.000244140625,False,False,,,,3.0491699928057954,0.1022698358841133,{},{}
"[1, 0, 0, 0, 0, 1, 0, 0, 0, 1, 0, 0, 1, 1, 0, 0, 1, 0]",100001000100110010,"[""10011001000100001""]",1,0.000244140625,False,False,,,,2.2177312730703522,0.07228753262478052,{},{}
"[1, 0, 0, 0, 0, 1, 0, 0, 0, 1, 0, 1, 0, 1, 1, 1, 1, 1]",100001000101011111,"[""111110101000100001""]",1,0.000244140625,False,False,,,,7.971952004169916,0.27978904402403637,{},{}
"[1, 0, 0, 0, 0, 1, 0, 0, 0, 1, 0, 1, 1, 1, 1, 1, 1, 0]",100001000101111110,"[""11111101000100001""]",1,0.000244140625,False,False,,,,7.925829595821253,0.2781258354178742,{},{}
"[1, 0, 0, 0, 0, 1, 0, 0, 0, 1, 1, 0, 1, 0, 1, 1, 0, 1]",100001000110101101,"[""101101011000100001""]",1,0.000244140625,False,False,,,,4.763805341936387,0.16410087140909244,{},{}
"[1, 0, 0, 0, 0, 1, 0, 0, 0, 1, 1, 0, 1, 1, 0, 1, 1, 1]",100001000110110111,"[""111011011000100001""]",1,0.000244140625,False,False,,,,7.9920367456775905,0.28051331485299175,{},{}
"[1, 0, 0, 0, 0, 1, 0, 0, 0, 1, 1, 1, 0, 0, 0, 0, 1, 1]",100001000111000011,"[""110000111000100001""]",1,0.000244140625,False,False,,,,7.487332674799705,0.2623133078649897,{},{}
"[1, 0, 0, 0, 0, 1, 0, 0, 1, 0, 0, 0, 0, 1, 1, 0, 1, 1]",100001001000011011,"[""110110000100100001""]",1,0.000244140625,False,False,,,,3.638704788731033,0.12352890238390726,{},{}
"[1, 0, 0, 0, 0, 1, 0, 0, 1, 0, 1, 0, 0, 0, 0, 0, 0, 0]",100001001010000000,"[""10100100001""]",1,0.000244140625,False,False,,,,1.9127470216685796,0.06128957198402742,{},{}
"[1, 0, 0, 0, 0, 1, 0, 0, 1, 0, 1, 0, 0, 1, 0, 0, 0, 0]",100001001010010000,"[""10010100100001""]",1,0.000244140625,False,False,,,,1.09010563329354,0.03162450708569421,{},{}
"[1, 0, 0, 0, 0, 1, 0, 0, 1, 0, 1, 1, 0, 0, 1, 1, 0, 1]",100001001011001101,"[""101100110100100001""]",1,0.000244140625,False,False,,,,2.833555200940796,0.09449460492187073,{},{}
"[1, 0, 0, 0, 0, 1, 0, 1, 0, 0, 1, 0, 0, 0, 0, 1, 0, 0]",100001010010000100,"[""1000010010100001""]",1,0.000244140625,False,False,,,,1.0267840502873777,0.02934108335344866,{},{}
"[1, 0, 0, 0, 0, 1, 0, 1, 0, 0, 1, 0, 1, 1, 1, 0, 0, 0]",100001010010111000,"[""111010010100001""]",1,0.000244140625,False,False,,,,5.433879841868686,0.18826425998655552,{},{}
"[1, 0, 0, 0, 0, 1, 0, 1, 0, 1, 0, 0, 0, 0, 1, 1, 1, 0]",100001010100001110,"[""11100001010100001""]",1,0.000244140625,False,False,,,,1.459785275532039,0.044955431998504526,{},{}
"[1, 0, 0, 0, 0, 1, 0, 1, 0, 1, 0, 1, 0, 1, 1, 0, 0, 1]",100001010101011001,"[""100110101010100001""]",1,0.000244140625,False,False,,,,2.716818114310823,0.09028497810287373,{},{}
"[1, 0, 0, 0, 0, 1, 0, 1, 0, 1, 0, 1, 1, 0, 0, 0, 1, 1]",100001010101100011,"[""110001101010100001""]",1,0.000244140625,False,False,,,,2.711071026774751,0.0900777338198323,{},{}
"[1, 0, 0, 0, 0, 1, 0, 1, 0, 1, 1, 0, 0, 0, 0, 0, 0, 1]",100001010110000001,"[""100000011010100001""]",1,0.000244140625,False,False,,,,2.279510954452428,0.07451535422906151,{},{}
"[1, 0, 0, 0, 0, 1, 0, 1, 0, 1, 1, 0, 1, 1, 0, 1, 1, 1]",100001010110110111,"[""111011011010100001""]",1,0.000244140625,False,False,,,,7.261410193190054,0.254166373886648,{},{}
"[1, 0, 0, 0, 0, 1, 0, 1, 0, 1, 1, 0, 1, 1, 1, 0, 0, 1]",100001010110111001,"[""100111011010100001""]",1,0.000244140625,False,False,,,,5.920261853643591,0.20580355979395412,{},{}
"[1, 0, 0, 0, 0, 1, 0, 1, 1, 0, 0, 0, 1, 0, 0, 1, 1, 1]",100001011000100111,"[""111001000110100001""]",1,0.000244140625,False,False,,,,6.8891348640814085,0.24074184656026262,{},{}
"[1, 0, 0, 0, 0, 1, 0, 1, 1, 0, 0, 1, 0, 0, 0, 1, 1, 0]",100001011001000110,"[""11000100110100001""]",1,0.000244140625,False,False,,,,3.5237251055506977,0.11938264885018712,{},{}
"[1, 0, 0, 0, 0, 1, 0, 1, 1, 0, 0, 1, 0, 1, 0, 1, 1, 1]",100001011001010111,"[""111010100110100001""]",1,0.000244140625,False,False,,,,6.076494811229319,0.2114374373152322,{},{}
"[1, 0, 0, 0, 0, 1, 0, 1, 1, 0, 1, 1, 0, 0, 1, 0, 1, 1]",100001011011001011,"[""110100110110100001""]",1,0.000244140625,False,False,,,,4.1022322211371565,0.14024404893354397,{},{}
"[1, 0, 0, 0, 0, 1, 0, 1, 1, 1, 0, 0, 0, 1, 0, 0, 1, 0]",100001011100010010,"[""10010001110100001""]",1,0.000244140625,False,False,,,,1.5330013189860963,0.04759565738876121,{},{}
"[1, 0, 0, 0, 0, 1, 0, 1, 1, 1, 0, 1, 0, 1, 0, 1, 0, 0]",100001011101010100,"[""1010101110100001""]",1,0.000244140625,False,False,,,,2.718236795337817,0.0903361368037737,{},{}
"[1, 0, 0, 0, 0, 1, 0, 1, 1, 1, 1, 0, 0, 0, 1, 0, 0, 0]",100001011110001000,"[""100011110100001""]",1,0.000244140625,False,False,,,,3.495361509915135,0.1183598363377495,{},{}
"[1, 0, 0, 0, 0, 1, 0, 1, 1, 1, 1, 0, 0, 0, 1, 1, 0, 1]",100001011110001101,"[""101100011110100001""]",1,0.000244140625,False,False,,,,4.061250778013444,0.13876622738569594,{},{}
"[1, 0, 0, 0, 0, 1, 0, 1, 1, 1, 1, 0, 1, 1, 1, 0, 1, 0]",100001011110111010,"[""10111011110100001""]",1,0.000244140625,False,False,,,,7.205028432837921,0.2521332053595549,{},{}
"[1, 0, 0, 0, 0, 1, 1, 0, 0, 0, 0, 0, 0, 0, 0, 0, 1, 0]",100001100000000010,"[""10000000001100001""]",1,0.000244140625,False,False,,,,1.8544979903743433,0.05918906826755165,{},{}
"[1, 0, 0, 0, 0, 1, 1, 0, 0, 0, 1, 0, 0, 1, 0, 1, 1, 0]",100001100010010110,"[""11010010001100001""]",1,0.000244140625,False,False,,,,1.4673699162696558,0.04522893982693556,{},{}
"[1, 0, 0, 0, 0, 1, 1, 0, 0, 0, 1, 1, 0, 1, 1, 1, 1, 0]",100001100011011110,"[""11110110001100001""]",1,0.000244140625,False,False,,,,3.903235923205714,0.13306809331535543,{},{}
"[1, 0, 0, 0, 0, 1, 1, 0, 0, 1, 0, 0, 0, 1, 1, 0, 1, 1]",100001100100011011,"[""110110001001100001""]",1,0.000244140625,False,False,,,,2.741615972726625,0.09117920745923705,{},{}
"[1, 0, 0, 0, 0, 1, 1, 0, 0, 1, 0, 0, 1, 0, 1, 0, 1, 0]",100001100100101010,"[""10101001001100001""]",1,0.000244140625,False,False,,,,1.5156817918948922,0.046971102263734146,{},{}
"[1, 0, 0, 0, 0, 1, 1, 0, 0, 1, 0, 1, 0, 0, 0, 1, 0, 0]",100001100101000100,"[""1000101001100001""]",1,0.000244140625,False,False,,,,2.3537139095491497,0.07719116839267956,{},{}
"[1, 0, 0, 0, 0, 1, 1, 0, 0, 1, 0, 1, 0, 0, 1, 0, 1, 0]",100001100101001010,"[""10100101001100001""]",1,0.000244140625,False,False,,,,1.4873108811405804,0.04594802596263296,{},{}
"[1, 0, 0, 0, 0, 1, 1, 0, 0, 1, 0, 1, 1, 0, 1, 0, 0, 1]",100001100101101001,"[""100101101001100001""]",1,0.000244140625,False,False,,,,2.8430511557118985,0.0948370361665627,{},{}
"[1, 0, 0, 0, 0, 1, 1, 0, 0, 1, 1, 1, 1, 1, 0, 1, 1, 1]",100001100111110111,"[""111011111001100001""]",1,0.000244140625,False,False,,,,10.527162472501459,0.37193184821929337,{},{}
"[1, 0, 0, 0, 0, 1, 1, 0, 1, 0, 0, 0, 0, 1, 1, 0, 0, 1]",100001101000011001,"[""100110000101100001""]",1,0.000244140625,False,False,,,,3.6329677616889517,0.12332202088981782,{},{}
"[1, 0, 0, 0, 0, 1, 1, 0, 1, 0, 0, 1, 1, 1, 0, 1, 1, 0]",100001101001110110,"[""11011100101100001""]",1,0.000244140625,False,False,,,,4.025107712363031,0.13746288135509793,{},{}
"[1, 0, 0, 0, 0, 1, 1, 0, 1, 0, 1, 0, 0, 0, 0, 0, 0, 1]",100001101010000001,"[""100000010101100001""]",1,0.000244140625,False,False,,,,2.4308297909059173,0.07997202485999087,{},{}
"[1, 0, 0, 0, 0, 1, 1, 0, 1, 0, 1, 0, 0, 0, 0, 1, 0, 1]",100001101010000101,"[""101000010101100001""]",1,0.000244140625,False,False,,,,3.6684881010778216,0.12460291094479432,{},{}
"[1, 0, 0, 0, 0, 1, 1, 0, 1, 0, 1, 0, 0, 0, 1, 0, 0, 0]",100001101010001000,"[""100010101100001""]",1,0.000244140625,False,False,,,,2.3086311175429963,0.0755654491308487,{},{}
"[1, 0, 0, 0, 0, 1, 1, 0, 1, 0, 1, 0, 0, 1, 1, 0, 0, 0]",100001101010011000,"[""110010101100001""]",1,0.000244140625,False,False,,,,3.4938872455104546,0.11830667325859963,{},{}
"[1, 0, 0, 0, 0, 1, 1, 0, 1, 0, 1, 0, 0, 1, 1, 1, 0, 1]",100001101010011101,"[""101110010101100001""]",1,0.000244140625,False,False,,,,4.055882199828314,0.1385726324334796,{},{}
"[1, 0, 0, 0, 0, 1, 1, 0, 1, 1, 0, 0, 0, 0, 0, 0, 1, 0]",100001101100000010,"[""10000001101100001""]",1,0.000244140625,False,False,,,,2.3571546364686333,0.07731524358365136,{},{}
"[1, 0, 0, 0, 0, 1, 1, 0, 1, 1, 0, 0, 1, 1, 1, 0, 1, 0]",100001101100111010,"[""10111001101100001""]",1,0.000244140625,False,False,,,,6.008088835048798,0.20897066655520835,{},{}
"[1, 0, 0, 0, 0, 1, 1, 0, 1, 1, 1, 0, 0, 1, 1, 0, 1, 0]",100001101110011010,"[""10110011101100001""]",1,0.000244140625,False,False,,,,3.9438448922399116,0.13453248316842795,{},{}
"[1, 0, 0, 0, 0, 1, 1, 1, 0, 0, 1, 1, 0, 0, 0, 0, 0, 1]",100001110011000001,"[""100000110011100001""]",1,0.000244140625,False,False,,,,3.4966154517750407,0.11840505442083954,{},{}
"[1, 0, 0, 0, 0, 1, 1, 1, 0, 1, 0, 0, 0, 1, 0, 1, 1, 0]",100001110100010110,"[""11010001011100001""]",1,0.000244140625,False,False,,,,2.75636922010346,0.09171122061476218,{},{}
"[1, 0, 0, 0, 0, 1, 1, 1, 0, 1, 1, 0, 0, 0, 1, 0, 0, 1]",100001110110001001,"[""100100011011100001""]",1,0.000244140625,False,False,,,,2.7186960375550493,0.0903526974222531,{},{}
"[1, 0, 0, 0, 0, 1, 1, 1, 0, 1, 1, 0, 1, 1, 1, 1, 1, 0]",100001110110111110,"[""11111011011100001""]",1,0.000244140625,False,False,,,,8.50309758950715,0.29894255183698015,{},{}
"[1, 0, 0, 0, 0, 1, 1, 1, 0, 1, 1, 1, 0, 1, 0, 1, 0, 1]",100001110111010101,"[""101010111011100001""]",1,0.000244140625,False,False,,,,7.223364617464608,0.252794421917128,{},{}
"[1, 0, 0, 0, 0, 1, 1, 1, 1, 0, 0, 1, 0, 1, 0, 0, 0, 1]",100001111001010001,"[""100010100111100001""]",1,0.000244140625,False,False,,,,4.844723926326674,0.16701885619728882,{},{}
"[1, 0, 0, 0, 0, 1, 1, 1, 1, 0, 1, 0, 1, 1, 1, 1, 1, 0]",100001111010111110,"[""11111010111100001""]",1,0.000244140625,False,False,,,,10.538308933836948,0.3723337979674785,{},{}
"[1, 0, 0, 0, 0, 1, 1, 1, 1, 1, 0, 0, 0, 0, 0, 0, 1, 0]",100001111100000010,"[""10000001111100001""]",1,0.000244140625,False,False,,,,5.567469648184018,0.19308160850572992,{},{}
"[1, 0, 0, 0, 0, 1, 1, 1, 1, 1, 0, 1, 0, 0, 1, 1, 0, 1]",100001111101001101,"[""101100101111100001""]",1,0.000244140625,False,False,,,,7.387508736107092,0.2587135818342182,{},{}
"[1, 0, 0, 0, 1, 0, 0, 0, 0, 0, 0, 0, 0, 0, 1, 1, 0, 1]",100010000000001101,"[""101100000000010001""]",1,0.000244140625,False,False,,,,3.041802788006948,0.10200416895856654,{},{}
"[1, 0, 0, 0, 1, 0, 0, 0, 0, 0, 1, 0, 0, 1, 0, 0, 0, 1]",100010000010010001,"[""100010010000010001""]",1,0.000244140625,False,False,,,,1.047925430118562,0.03010345735212532,{},{}
"[1, 0, 0, 0, 1, 0, 0, 0, 0, 0, 1, 1, 1, 1, 1, 0, 1, 0]",100010000011111010,"[""10111110000010001""]",1,0.000244140625,False,False,,,,6.700513349239968,0.23394001339448192,{},{}
"[1, 0, 0, 0, 1, 0, 0, 0, 0, 1, 0, 0, 1, 0, 1, 0, 0, 1]",100010000100101001,"[""100101001000010001""]",1,0.000244140625,False,False,,,,2.224183955381004,0.07252022118411976,{},{}
"[1, 0, 0, 0, 1, 0, 0, 0, 0, 1, 0, 1, 0, 0, 1, 0, 0, 1]",100010000101001001,"[""100100101000010001""]",1,0.000244140625,False,False,,,,2.233378244895909,0.07285177415362505,{},{}
"[1, 0, 0, 0, 1, 0, 0, 0, 0, 1, 1, 0, 0, 0, 0, 0, 0, 0]",100010000110000000,"[""11000010001""]",1,0.000244140625,False,False,,,,3.770175496754411,0.12826983463076047,{},{}
"[1, 0, 0, 0, 1, 0, 0, 0, 0, 1, 1, 1, 1, 0, 1, 1, 0, 1]",100010000111101101,"[""101101111000010001""]",1,0.000244140625,False,False,,,,7.919403637878378,0.2778941105592625,{},{}
"[1, 0, 0, 0, 1, 0, 0, 0, 1, 0, 0, 0, 0, 0, 0, 0, 0, 1]",100010001000000001,"[""100000000100010001""]",1,0.000244140625,False,False,,,,1.9251341534029651,0.06173626123647387,{},{}
"[1, 0, 0, 0, 1, 0, 0, 0, 1, 0, 0, 0, 1, 1, 1, 1, 1, 0]",100010001000111110,"[""11111000100010001""]",1,0.000244140625,False,False,,,,6.707616252055544,0.23419614939246133,{},{}
"[1, 0, 0, 0, 1, 0, 0, 0, 1, 0, 0, 1, 0, 0, 0, 1, 0, 1]",100010001001000101,"[""101000100100010001""]",1,0.000244140625,False,False,,,,2.303672685061197,0.07538664434003073,{},{}
"[1, 0, 0, 0, 1, 0, 0, 0, 1, 0, 1, 0, 0, 1, 0, 1, 0, 0]",100010001010010100,"[""1010010100010001""]",1,0.000244140625,True,False,"[0, 1, 2, 1, 1, 0]",0.2415838085185551,0.16614843901053658,0.24158380851855557,0.0010261742576765118,"{""degradation"": 0.22326099761525942, ""nominal"": 0.24548914219233028, ""surge"": 0.2560012857480756}","{""degradation"": 0.06902029207099863, ""nominal"": 0.10805356911789729, ""surge"": 0.16614843901053658}"
"[1, 0, 0, 0, 1, 0, 0, 0, 1, 0, 1, 1, 1, 1, 1, 1, 1, 1]",100010001011111111,"[""111111110100010001""]",1,0.000244140625,False,False,,,,10.469358192958838,0.36984738258424865,{},{}
"[1, 0, 0, 0, 1, 0, 0, 0, 1, 1, 0, 1, 0, 1, 0, 1, 0, 0]",100010001101010100,"[""1010101100010001""]",1,0.000244140625,False,False,,,,1.421145125877373,0.04356203924756212,{},{}
"[1, 0, 0, 0, 1, 0, 0, 0, 1, 1, 1, 0, 0, 1, 0, 1, 0, 1]",100010001110010101,"[""101010011100010001""]",1,0.000244140625,False,False,,,,2.7250835144487846,0.09058303462539766,{},{}
"[1, 0, 0, 0, 1, 0, 0, 0, 1, 1, 1, 0, 1, 1, 0, 1, 1, 0]",100010001110110110,"[""11011011100010001""]",1,0.000244140625,False,False,,,,3.9701335920667855,0.13548047338321334,{},{}
"[1, 0, 0, 0, 1, 0, 0, 1, 0, 0, 0, 0, 0, 0, 1, 1, 0, 0]",100010010000001100,"[""1100000010010001""]",1,0.000244140625,False,False,,,,1.0235697697619568,0.029225173989130864,{},{}
"[1, 0, 0, 0, 1, 0, 0, 1, 0, 0, 0, 0, 0, 1, 0, 0, 0, 1]",100010010000010001,"[""100010000010010001""]",1,0.000244140625,False,False,,,,1.0847249046685532,0.03143047397951189,{},{}
"[1, 0, 0, 0, 1, 0, 0, 1, 0, 0, 0, 0, 1, 0, 1, 0, 0, 0]",100010010000101000,"[""101000010010001""]",1,0.000244140625,False,False,,,,3.01588956171256,0.10106971860071784,{},{}
"[1, 0, 0, 0, 1, 0, 0, 1, 0, 0, 0, 0, 1, 0, 1, 0, 1, 1]",100010010000101011,"[""110101000010010001""]",1,0.000244140625,False,False,,,,3.487046438050725,0.1180599886155491,{},{}
"[1, 0, 0, 0, 1, 0, 0, 1, 0, 0, 0, 1, 1, 0, 1, 1, 0, 0]",100010010001101100,"[""1101100010010001""]",1,0.000244140625,False,False,,,,1.4660365198681058,0.045180856553535806,{},{}
"[1, 0, 0, 0, 1, 0, 0, 1, 0, 0, 1, 0, 0, 0, 0, 1, 0, 1]",100010010010000101,"[""101000010010010001""]",1,0.000244140625,False,False,,,,2.269022981886248,0.07413715007932595,{},{}
"[1, 0, 0, 0, 1, 0, 0, 1, 0, 0, 1, 0, 1, 0, 0, 1, 1, 1]",100010010010100111,"[""111001010010010001""]",1,0.000244140625,False,False,,,,4.762157562180914,0.16404145123637193,{},{}
"[1, 0, 0, 0, 1, 0, 0, 1, 0, 0, 1, 0, 1, 0, 1, 0, 1, 0]",100010010010101010,"[""10101010010010001""]",1,0.000244140625,False,False,,,,1.501131626778827,0.04644641240670892,{},{}
"[1, 0, 0, 0, 1, 0, 0, 1, 0, 0, 1, 1, 0, 0, 1, 1, 0, 1]",100010010011001101,"[""101100110010010001""]",1,0.000244140625,False,False,,,,2.6984326254021465,0.0896219835959467,{},{}
"[1, 0, 0, 0, 1, 0, 0, 1, 0, 0, 1, 1, 0, 1, 0, 0, 0, 1]",100010010011010001,"[""100010110010010001""]",1,0.000244140625,False,False,,,,1.5175441359146373,0.047038259784604686,{},{}
"[1, 0, 0, 0, 1, 0, 0, 1, 0, 1, 0, 0, 0, 0, 0, 1, 1, 0]",100010010100000110,"[""11000001010010001""]",1,0.000244140625,False,False,,,,2.25671530974076,0.07369332619919694,{},{}
"[1, 0, 0, 0, 1, 0, 0, 1, 0, 1, 0, 0, 1, 1, 1, 1, 0, 1]",100010010100111101,"[""101111001010010001""]",1,0.000244140625,False,False,,,,5.95090813780801,0.20690868776523944,{},{}
"[1, 0, 0, 0, 1, 0, 0, 1, 0, 1, 1, 1, 1, 0, 1, 0, 0, 1]",100010010111101001,"[""100101111010010001""]",1,0.000244140625,False,False,,,,5.8887113091187,0.20466582351647672,{},{}
"[1, 0, 0, 0, 1, 0, 0, 1, 1, 0, 0, 1, 1, 0, 0, 0, 0, 1]",100010011001100001,"[""100001100110010001""]",1,0.000244140625,False,False,,,,1.5137534454925952,0.046901564647490936,{},{}
"[1, 0, 0, 0, 1, 0, 0, 1, 1, 0, 1, 0, 0, 0, 0, 0, 0, 1]",100010011010000001,"[""100000010110010001""]",1,0.000244140625,False,False,,,,2.3674338696359793,0.07768592043424932,{},{}
"[1, 0, 0, 0, 1, 0, 0, 1, 1, 0, 1, 1, 0, 0, 1, 0, 1, 0]",100010011011001010,"[""10100110110010001""]",1,0.000244140625,False,False,,,,2.803596081671639,0.09341425663162488,{},{}
"[1, 0, 0, 0, 1, 0, 0, 1, 1, 1, 0, 0, 0, 0, 0, 1, 1, 1]",100010011100000111,"[""111000001110010001""]",1,0.000244140625,False,False,,,,6.786169258890785,0.237028829681414,{},{}
"[1, 0, 0, 0, 1, 0, 0, 1, 1, 1, 0, 0, 0, 1, 1, 0, 1, 1]",100010011100011011,"[""110110001110010001""]",1,0.000244140625,False,False,,,,4.011908237399181,0.13698689839708025,{},{}
"[1, 0, 0, 0, 1, 0, 0, 1, 1, 1, 0, 0, 1, 0, 1, 0, 0, 0]",100010011100101000,"[""101001110010001""]",1,0.000244140625,False,False,,,,3.459202741386598,0.11705592404959966,{},{}
"[1, 0, 0, 0, 1, 0, 1, 0, 0, 0, 1, 0, 0, 0, 1, 1, 1, 0]",100010100010001110,"[""11100010001010001""]",1,0.000244140625,False,False,,,,1.4675983899475984,0.04523717875896536,{},{}
"[1, 0, 0, 0, 1, 0, 1, 0, 0, 0, 1, 0, 1, 0, 0, 1, 1, 0]",100010100010100110,"[""11001010001010001""]",1,0.000244140625,False,False,,,,1.5354568824143966,0.04768420684602399,{},{}
"[1, 0, 0, 0, 1, 0, 1, 0, 0, 0, 1, 0, 1, 1, 1, 1, 1, 1]",100010100010111111,"[""111111010001010001""]",1,0.000244140625,False,False,,,,9.226812927966025,0.3250402692466396,{},{}
"[1, 0, 0, 0, 1, 0, 1, 0, 0, 0, 1, 1, 0, 1, 1, 0, 1, 0]",100010100011011010,"[""10110110001010001""]",1,0.000244140625,False,False,,,,2.7233773921220443,0.09052151057583918,{},{}
"[1, 0, 0, 0, 1, 0, 1, 0, 0, 1, 0, 1, 0, 1, 1, 1, 0, 1]",100010100101011101,"[""101110101001010001""]",1,0.000244140625,False,False,,,,3.9596127551493883,0.1351010841203465,{},{}
"[1, 0, 0, 0, 1, 0, 1, 0, 0, 1, 1, 0, 0, 1, 0, 0, 0, 1]",100010100110010001,"[""100010011001010001""]",1,0.000244140625,False,False,,,,1.4572669528394329,0.044864619395143204,{},{}
"[1, 0, 0, 0, 1, 0, 1, 0, 0, 1, 1, 0, 0, 1, 1, 0, 1, 0]",100010100110011010,"[""10110011001010001""]",1,0.000244140625,False,False,,,,2.6837139339545244,0.08909121655312294,{},{}
"[1, 0, 0, 0, 1, 0, 1, 0, 1, 0, 0, 0, 0, 0, 1, 0, 1, 1]",100010101000001011,"[""110100000101010001""]",1,0.000244140625,False,False,,,,3.541740789580227,0.12003230791606456,{},{}
"[1, 0, 0, 0, 1, 0, 1, 0, 1, 0, 0, 1, 0, 0, 1, 0, 0, 0]",100010101001001000,"[""100100101010001""]",1,0.000244140625,False,False,,,,2.2864416568734605,0.07476528055177799,{},{}
"[1, 0, 0, 0, 1, 0, 1, 0, 1, 0, 1, 0, 0, 0, 1, 1, 0, 0]",100010101010001100,"[""1100010101010001""]",1,0.000244140625,False,False,,,,1.4781901084995104,0.04561912406668686,{},{}
"[1, 0, 0, 0, 1, 0, 1, 0, 1, 1, 0, 0, 0, 0, 0, 0, 0, 0]",100010101100000000,"[""1101010001""]",1,0.000244140625,False,False,,,,3.076230293292896,0.10324565059689343,{},{}
"[1, 0, 0, 0, 1, 0, 1, 0, 1, 1, 0, 1, 0, 0, 0, 0, 1, 0]",100010101101000010,"[""10000101101010001""]",1,0.000244140625,False,False,,,,3.5005319573011136,0.11854628654488222,{},{}
"[1, 0, 0, 0, 1, 0, 1, 0, 1, 1, 1, 0, 0, 1, 0, 0, 1, 0]",100010101110010010,"[""10010011101010001""]",1,0.000244140625,False,False,,,,2.742725283764571,0.09121921004651036,{},{}
"[1, 0, 0, 0, 1, 0, 1, 1, 0, 0, 1, 0, 1, 0, 1, 1, 0, 1]",100010110010101101,"[""101101010011010001""]",1,0.000244140625,False,False,,,,3.976763375316364,0.1357195483351181,{},{}
"[1, 0, 0, 0, 1, 0, 1, 1, 0, 0, 1, 1, 0, 0, 1, 0, 1, 1]",100010110011001011,"[""110100110011010001""]",1,0.000244140625,False,False,,,,3.9901148102338677,0.13620101108293337,{},{}
"[1, 0, 0, 0, 1, 0, 1, 1, 0, 1, 0, 0, 1, 1, 0, 0, 0, 0]",100010110100110000,"[""11001011010001""]",1,0.000244140625,False,False,,,,3.5079792371918224,0.11881484103824454,{},{}
"[1, 0, 0, 0, 1, 0, 1, 1, 0, 1, 0, 0, 1, 1, 0, 1, 0, 1]",100010110100110101,"[""101011001011010001""]",1,0.000244140625,False,False,,,,4.056624221115981,0.13859939027713494,{},{}
"[1, 0, 0, 0, 1, 0, 1, 1, 0, 1, 0, 0, 1, 1, 0, 1, 1, 0]",100010110100110110,"[""11011001011010001""]",1,0.000244140625,False,False,,,,4.077038917667591,0.13933555953222135,{},{}
"[1, 0, 0, 0, 1, 0, 1, 1, 0, 1, 0, 1, 0, 0, 0, 0, 1, 0]",100010110101000010,"[""10000101011010001""]",1,0.000244140625,False,False,,,,3.487378987183357,0.11807198058646234,{},{}
"[1, 0, 0, 0, 1, 0, 1, 1, 0, 1, 0, 1, 0, 0, 1, 0, 0, 1]",100010110101001001,"[""100100101011010001""]",1,0.000244140625,False,False,,,,2.700378476075443,0.0896921524293187,{},{}
"[1, 0, 0, 0, 1, 0, 1, 1, 0, 1, 0, 1, 0, 0, 1, 1, 0, 0]",100010110101001100,"[""1100101011010001""]",1,0.000244140625,False,False,,,,2.736325373689895,0.09098842449354447,{},{}
"[1, 0, 0, 0, 1, 0, 1, 1, 0, 1, 1, 0, 0, 0, 1, 0, 0, 0]",100010110110001000,"[""100011011010001""]",1,0.000244140625,False,False,,,,3.4494594139898602,0.11670457236266246,{},{}
"[1, 0, 0, 0, 1, 0, 1, 1, 1, 0, 0, 1, 0, 1, 1, 0, 0, 0]",100010111001011000,"[""110100111010001""]",1,0.000244140625,False,False,,,,6.736638889448972,0.23524272744453026,{},{}
"[1, 0, 0, 0, 1, 0, 1, 1, 1, 0, 1, 0, 0, 0, 0, 0, 0, 0]",100010111010000000,"[""10111010001""]",1,0.000244140625,False,False,,,,6.315126762275572,0.22004268428510101,{},{}
"[1, 0, 0, 0, 1, 0, 1, 1, 1, 0, 1, 0, 1, 1, 0, 1, 1, 1]",100010111010110111,"[""111011010111010001""]",1,0.000244140625,False,False,,,,10.629541989377007,0.3756237303143242,{},{}
"[1, 0, 0, 0, 1, 0, 1, 1, 1, 0, 1, 1, 1, 0, 1, 0, 1, 1]",100010111011101011,"[""110101110111010001""]",1,0.000244140625,False,False,,,,8.531538461579474,0.2999681509956333,{},{}
"[1, 0, 0, 0, 1, 0, 1, 1, 1, 1, 1, 1, 0, 1, 1, 1, 1, 0]",100010111111011110,"[""11110111111010001""]",1,0.000244140625,False,False,,,,11.77842602922645,0.41705334968968105,{},{}
"[1, 0, 0, 0, 1, 1, 0, 0, 0, 0, 0, 1, 0, 0, 1, 1, 0, 0]",100011000001001100,"[""1100100000110001""]",1,0.000244140625,False,False,,,,2.2690960926572754,0.07413978650851362,{},{}
"[1, 0, 0, 0, 1, 1, 0, 0, 0, 0, 1, 0, 0, 1, 1, 1, 0, 0]",100011000010011100,"[""1110010000110001""]",1,0.000244140625,False,False,,,,3.4530604485664256,0.11683442836787265,{},{}
"[1, 0, 0, 0, 1, 1, 0, 0, 0, 0, 1, 0, 1, 0, 0, 0, 1, 1]",100011000010100011,"[""110001010000110001""]",1,0.000244140625,False,False,,,,3.561687446593946,0.12075159931469646,{},{}
"[1, 0, 0, 0, 1, 1, 0, 0, 0, 0, 1, 1, 0, 0, 0, 0, 1, 1]",100011000011000011,"[""110000110000110001""]",1,0.000244140625,False,False,,,,5.587207548208684,0.1937933719709078,{},{}
"[1, 0, 0, 0, 1, 1, 0, 0, 0, 1, 1, 1, 0, 1, 1, 0, 0, 0]",100011000111011000,"[""110111000110001""]",1,0.000244140625,False,False,,,,8.652533421797884,0.3043313199268007,{},{}
"[1, 0, 0, 0, 1, 1, 0, 0, 1, 0, 0, 1, 0, 1, 1, 1, 1, 0]",100011001001011110,"[""11110100100110001""]",1,0.000244140625,False,False,,,,4.006004694688395,0.13677401222320137,{},{}
"[1, 0, 0, 0, 1, 1, 0, 0, 1, 0, 0, 1, 1, 0, 0, 1, 0, 0]",100011001001100100,"[""1001100100110001""]",1,0.000244140625,False,False,,,,1.5476548033379798,0.048124073014850714,{},{}
"[1, 0, 0, 0, 1, 1, 0, 0, 1, 0, 1, 0, 0, 0, 1, 0, 0, 0]",100011001010001000,"[""100010100110001""]",1,0.000244140625,False,False,,,,2.3187436407468387,0.07593011429524123,{},{}
"[1, 0, 0, 0, 1, 1, 0, 0, 1, 0, 1, 0, 1, 0, 1, 0, 0, 1]",100011001010101001,"[""100101010100110001""]",1,0.000244140625,False,False,,,,2.8304779762482646,0.09438363789358759,{},{}
"[1, 0, 0, 0, 1, 1, 0, 0, 1, 0, 1, 1, 0, 0, 0, 1, 1, 1]",100011001011000111,"[""111000110100110001""]",1,0.000244140625,False,False,,,,8.11384948828866,0.28490597363003095,{},{}
"[1, 0, 0, 0, 1, 1, 0, 0, 1, 0, 1, 1, 0, 1, 1, 0, 0, 0]",100011001011011000,"[""110110100110001""]",1,0.000244140625,False,False,,,,4.765109705747534,0.16414790774552712,{},{}
"[1, 0, 0, 0, 1, 1, 0, 0, 1, 0, 1, 1, 1, 1, 1, 1, 1, 0]",100011001011111110,"[""11111110100110001""]",1,0.000244140625,False,False,,,,8.490247717519841,0.2984791758242661,{},{}
"[1, 0, 0, 0, 1, 1, 0, 0, 1, 1, 0, 1, 0, 1, 0, 0, 1, 0]",100011001101010010,"[""10010101100110001""]",1,0.000244140625,False,False,,,,2.753816628298801,0.09161917224154122,{},{}
"[1, 0, 0, 0, 1, 1, 0, 0, 1, 1, 0, 1, 0, 1, 1, 1, 0, 0]",100011001101011100,"[""1110101100110001""]",1,0.000244140625,False,False,,,,3.961303500755676,0.13516205367384315,{},{}
"[1, 0, 0, 0, 1, 1, 0, 0, 1, 1, 0, 1, 1, 0, 1, 0, 0, 0]",100011001101101000,"[""101101100110001""]",1,0.000244140625,False,False,,,,4.74712777656944,0.1634994659048861,{},{}
"[1, 0, 0, 0, 1, 1, 0, 0, 1, 1, 1, 0, 0, 1, 0, 1, 0, 0]",100011001110010100,"[""1010011100110001""]",1,0.000244140625,False,False,,,,2.7459730390097867,0.09133632653430772,{},{}
"[1, 0, 0, 0, 1, 1, 0, 0, 1, 1, 1, 1, 1, 0, 1, 0, 0, 0]",100011001111101000,"[""101111100110001""]",1,0.000244140625,False,False,,,,7.945725776363782,0.27884330659713125,{},{}
"[1, 0, 0, 0, 1, 1, 0, 1, 0, 0, 0, 0, 0, 0, 1, 0, 0, 1]",100011010000001001,"[""100100000010110001""]",1,0.000244140625,False,False,,,,2.344312516205627,0.07685214710392425,{},{}
"[1, 0, 0, 0, 1, 1, 0, 1, 0, 0, 0, 0, 1, 1, 0, 1, 0, 1]",100011010000110101,"[""101011000010110001""]",1,0.000244140625,False,False,,,,4.800678818980455,0.165430556621868,{},{}
"[1, 0, 0, 0, 1, 1, 0, 1, 0, 0, 0, 1, 1, 1, 0, 0, 1, 0]",100011010001110010,"[""10011100010110001""]",1,0.000244140625,False,False,,,,2.7428830323810676,0.0912248985798277,{},{}
"[1, 0, 0, 0, 1, 1, 0, 1, 0, 0, 0, 1, 1, 1, 0, 1, 0, 0]",100011010001110100,"[""1011100010110001""]",1,0.000244140625,False,False,,,,2.690701120727044,0.08934317974387973,{},{}
"[1, 0, 0, 0, 1, 1, 0, 1, 0, 0, 1, 0, 1, 1, 0, 0, 1, 1]",100011010010110011,"[""110011010010110001""]",1,0.000244140625,False,False,,,,4.11337705283585,0.14064593991580518,{},{}
"[1, 0, 0, 0, 1, 1, 0, 1, 0, 0, 1, 1, 0, 1, 0, 1, 0, 0]",100011010011010100,"[""1010110010110001""]",1,0.000244140625,False,False,,,,2.720541183579466,0.09041923477052505,{},{}
"[1, 0, 0, 0, 1, 1, 0, 1, 0, 1, 0, 0, 0, 1, 1, 1, 0, 0]",100011010100011100,"[""1110001010110001""]",1,0.000244140625,False,False,,,,2.706496153412038,0.0899127604582627,{},{}
"[1, 0, 0, 0, 1, 1, 0, 1, 0, 1, 0, 0, 1, 1, 0, 0, 0, 0]",100011010100110000,"[""11001010110001""]",1,0.000244140625,False,False,,,,3.4701031197074395,0.11744899985987817,{},{}
"[1, 0, 0, 0, 1, 1, 0, 1, 0, 1, 0, 1, 0, 1, 0, 1, 0, 0]",100011010101010100,"[""1010101010110001""]",1,0.000244140625,False,False,,,,2.6892599678047064,0.08929121068959471,{},{}
"[1, 0, 0, 0, 1, 1, 0, 1, 0, 1, 1, 0, 0, 1, 0, 0, 1, 1]",100011010110010011,"[""110010011010110001""]",1,0.000244140625,False,False,,,,4.1119358999135125,0.14059397086152015,{},{}
"[1, 0, 0, 0, 1, 1, 0, 1, 0, 1, 1, 0, 1, 1, 0, 1, 0, 0]",100011010110110100,"[""1011011010110001""]",1,0.000244140625,False,False,,,,3.9823553652501653,0.13592119968240166,{},{}
"[1, 0, 0, 0, 1, 1, 0, 1, 0, 1, 1, 1, 0, 1, 0, 1, 1, 1]",100011010111010111,"[""111010111010110001""]",1,0.000244140625,False,False,,,,10.563524010991397,0.37324307254419387,{},{}
"[1, 0, 0, 0, 1, 1, 0, 1, 0, 1, 1, 1, 1, 0, 0, 0, 0, 1]",100011010111100001,"[""100001111010110001""]",1,0.000244140625,False,False,,,,5.951325541234591,0.2069237396455767,{},{}
"[1, 0, 0, 0, 1, 1, 0, 1, 0, 1, 1, 1, 1, 1, 0, 0, 0, 1]",100011010111110001,"[""100011111010110001""]",1,0.000244140625,False,False,,,,7.207140503647469,0.25220936821559464,{},{}
"[1, 0, 0, 0, 1, 1, 0, 1, 1, 0, 0, 0, 1, 0, 0, 0, 1, 1]",100011011000100011,"[""110001000110110001""]",1,0.000244140625,False,False,,,,4.9178588114398964,0.16965615495696024,{},{}
"[1, 0, 0, 0, 1, 1, 0, 1, 1, 0, 1, 0, 1, 0, 0, 0, 1, 0]",100011011010100010,"[""10001010110110001""]",1,0.000244140625,False,False,,,,2.847895976784481,0.09501174404483134,{},{}
"[1, 0, 0, 0, 1, 1, 0, 1, 1, 0, 1, 1, 1, 0, 0, 1, 0, 1]",100011011011100101,"[""101001110110110001""]",1,0.000244140625,False,False,,,,5.323629832981785,0.1842885620519645,{},{}
"[1, 0, 0, 0, 1, 1, 0, 1, 1, 1, 0, 0, 1, 1, 1, 1, 1, 0]",100011011100111110,"[""11111001110110001""]",1,0.000244140625,False,False,,,,8.540343646600318,0.30028567256551336,{},{}
"[1, 0, 0, 0, 1, 1, 0, 1, 1, 1, 0, 1, 0, 0, 0, 0, 0, 0]",100011011101000000,"[""101110110001""]",1,0.000244140625,False,False,,,,5.519539689099411,0.19135321826556967,{},{}
"[1, 0, 0, 0, 1, 1, 0, 1, 1, 1, 0, 1, 1, 0, 1, 1, 1, 1]",100011011101101111,"[""111101101110110001""]",1,0.000244140625,False,False,,,,9.851932033751254,0.347582532624534,{},{}
"[1, 0, 0, 0, 1, 1, 0, 1, 1, 1, 0, 1, 1, 1, 1, 1, 0, 1]",100011011101111101,"[""101111101110110001""]",1,0.000244140625,False,False,,,,9.82980749324275,0.34678470511511705,{},{}
"[1, 0, 0, 0, 1, 1, 0, 1, 1, 1, 1, 0, 0, 1, 0, 0, 1, 0]",100011011110010010,"[""10010011110110001""]",1,0.000244140625,False,False,,,,4.106971146063516,0.1404149381174282,{},{}
"[1, 0, 0, 0, 1, 1, 0, 1, 1, 1, 1, 0, 0, 1, 1, 0, 0, 1]",100011011110011001,"[""100110011110110001""]",1,0.000244140625,False,False,,,,5.336451018519975,0.1847509036098276,{},{}
"[1, 0, 0, 0, 1, 1, 0, 1, 1, 1, 1, 0, 1, 0, 1, 1, 1, 0]",100011011110101110,"[""11101011110110001""]",1,0.000244140625,False,False,,,,6.532446130257821,0.2278793835394292,{},{}
"[1, 0, 0, 0, 1, 1, 1, 0, 0, 0, 0, 0, 1, 0, 1, 0, 0, 0]",100011100000101000,"[""101000001110001""]",1,0.000244140625,False,False,,,,4.2776476876147616,0.14656966209957786,{},{}
"[1, 0, 0, 0, 1, 1, 1, 0, 0, 0, 0, 1, 0, 1, 0, 0, 0, 1]",100011100001010001,"[""100010100001110001""]",1,0.000244140625,False,False,,,,1.536131858217888,0.0477085469792805,{},{}
"[1, 0, 0, 0, 1, 1, 1, 0, 0, 0, 1, 1, 1, 0, 0, 0, 1, 1]",100011100011100011,"[""110001110001110001""]",1,0.000244140625,False,False,,,,4.016667562381563,0.13715852322227107,{},{}
"[1, 0, 0, 0, 1, 1, 1, 0, 0, 0, 1, 1, 1, 0, 1, 0, 1, 1]",100011100011101011,"[""110101110001110001""]",1,0.000244140625,False,False,,,,5.242498082192089,0.1813628903236725,{},{}
"[1, 0, 0, 0, 1, 1, 1, 0, 0, 0, 1, 1, 1, 1, 1, 0, 1, 0]",100011100011111010,"[""10111110001110001""]",1,0.000244140625,False,False,,,,7.204445569111627,0.2521121868568249,{},{}
"[1, 0, 0, 0, 1, 1, 1, 0, 0, 1, 0, 1, 0, 0, 0, 0, 1, 0]",100011100101000010,"[""10000101001110001""]",1,0.000244140625,False,False,,,,3.507708897182442,0.1188050923749312,{},{}
"[1, 0, 0, 0, 1, 1, 1, 0, 0, 1, 0, 1, 1, 0, 0, 0, 1, 1]",100011100101100011,"[""110001101001110001""]",1,0.000244140625,False,False,,,,4.058230964098729,0.1386573306330807,{},{}
"[1, 0, 0, 0, 1, 1, 1, 0, 1, 0, 0, 0, 1, 0, 0, 0, 0, 0]",100011101000100000,"[""1000101110001""]",1,0.000244140625,False,False,,,,4.382660632018175,0.15035650756458152,{},{}
"[1, 0, 0, 0, 1, 1, 1, 0, 1, 0, 0, 0, 1, 1, 0, 0, 1, 0]",100011101000110010,"[""10011000101110001""]",1,0.000244140625,False,False,,,,4.825359870433527,0.16632057383162782,{},{}
"[1, 0, 0, 0, 1, 1, 1, 0, 1, 0, 0, 1, 0, 0, 0, 1, 0, 0]",100011101001000100,"[""1000100101110001""]",1,0.000244140625,False,False,,,,3.576683778165613,0.1212923782684386,{},{}
"[1, 0, 0, 0, 1, 1, 1, 0, 1, 0, 0, 1, 1, 1, 1, 0, 1, 1]",100011101001111011,"[""110111100101110001""]",1,0.000244140625,False,False,,,,8.596342343702712,0.3023050275447784,{},{}
"[1, 0, 0, 0, 1, 1, 1, 0, 1, 0, 1, 0, 0, 0, 0, 1, 0, 0]",100011101010000100,"[""1000010101110001""]",1,0.000244140625,False,False,,,,3.571702654254583,0.12111275520767913,{},{}
"[1, 0, 0, 0, 1, 1, 1, 0, 1, 0, 1, 0, 1, 1, 0, 1, 0, 1]",100011101010110101,"[""101011010101110001""]",1,0.000244140625,False,False,,,,5.389453612685214,0.1866622168720957,{},{}
"[1, 0, 0, 0, 1, 1, 1, 0, 1, 1, 0, 0, 0, 0, 0, 0, 1, 0]",100011101100000010,"[""10000001101110001""]",1,0.000244140625,False,False,,,,3.586146986713688,0.12163362865979031,{},{}
"[1, 0, 0, 0, 1, 1, 1, 0, 1, 1, 0, 1, 1, 1, 1, 0, 0, 0]",100011101101111000,"[""111101101110001""]",1,0.000244140625,False,False,,,,9.255531036628419,0.3260758657644736,{},{}
"[1, 0, 0, 0, 1, 1, 1, 0, 1, 1, 0, 1, 1, 1, 1, 1, 0, 1]",100011101101111101,"[""101111101101110001""]",1,0.000244140625,False,False,,,,9.914798898808263,0.34984955888679725,{},{}
"[1, 0, 0, 0, 1, 1, 1, 0, 1, 1, 1, 0, 1, 0, 1, 0, 0, 0]",100011101110101000,"[""101011101110001""]",1,0.000244140625,False,False,,,,6.012464331210561,0.2091284502255115,{},{}
"[1, 0, 0, 0, 1, 1, 1, 1, 0, 0, 0, 1, 0, 1, 1, 0, 0, 1]",100011110001011001,"[""100110100011110001""]",1,0.000244140625,False,False,,,,4.011399881426077,0.13696856669976148,{},{}
"[1, 0, 0, 0, 1, 1, 1, 1, 0, 0, 0, 1, 1, 0, 0, 0, 1, 1]",100011110001100011,"[""110001100011110001""]",1,0.000244140625,False,False,,,,4.028333334981724,0.13757919972379815,{},{}
"[1, 0, 0, 0, 1, 1, 1, 1, 0, 0, 0, 1, 1, 1, 0, 0, 1, 0]",100011110001110010,"[""10011100011110001""]",1,0.000244140625,False,False,,,,3.9957251773856504,0.13640332512646802,{},{}
"[1, 0, 0, 0, 1, 1, 1, 1, 0, 1, 1, 0, 1, 0, 1, 0, 1, 0]",100011110110101010,"[""10101011011110001""]",1,0.000244140625,False,False,,,,5.231249269420818,0.1809572497060176,{},{}
"[1, 0, 0, 0, 1, 1, 1, 1, 0, 1, 1, 1, 0, 1, 1, 1, 1, 0]",100011110111011110,"[""11110111011110001""]",1,0.000244140625,False,False,,,,9.78344123972427,0.34511270326940974,{},{}
"[1, 0, 0, 0, 1, 1, 1, 1, 1, 0, 0, 1, 0, 0, 0, 0, 0, 1]",100011111001000001,"[""100000100111110001""]",1,0.000244140625,False,False,,,,6.881123080620461,0.24045293564515555,{},{}
"[1, 0, 0, 0, 1, 1, 1, 1, 1, 0, 0, 1, 0, 1, 0, 1, 1, 1]",100011111001010111,"[""111010100111110001""]",1,0.000244140625,False,False,,,,10.646393343415793,0.3762314027682629,{},{}
"[1, 0, 0, 0, 1, 1, 1, 1, 1, 0, 1, 0, 1, 0, 1, 0, 1, 1]",100011111010101011,"[""110101010111110001""]",1,0.000244140625,False,False,,,,8.632256771946237,0.3036001287391581,{},{}
"[1, 0, 0, 0, 1, 1, 1, 1, 1, 0, 1, 1, 1, 1, 0, 1, 1, 0]",100011111011110110,"[""11011110111110001""]",1,0.000244140625,False,False,,,,9.861908153985878,0.34794227899564506,{},{}
"[1, 0, 0, 0, 1, 1, 1, 1, 1, 1, 0, 1, 1, 0, 1, 1, 1, 0]",100011111101101110,"[""11101101111110001""]",1,0.000244140625,False,False,,,,9.85628851160948,0.34773963048056056,{},{}
"[1, 0, 0, 0, 1, 1, 1, 1, 1, 1, 1, 0, 0, 1, 0, 0, 0, 0]",100011111110010000,"[""10011111110001""]",1,0.000244140625,False,False,,,,8.0542004557919,0.28275498482112305,{},{}
"[1, 0, 0, 0, 1, 1, 1, 1, 1, 1, 1, 1, 0, 1, 0, 0, 1, 1]",100011111111010011,"[""110010111111110001""]",1,0.000244140625,False,False,,,,11.92292200659526,0.42226398290941347,{},{}
"[1, 0, 0, 1, 0, 0, 0, 0, 0, 0, 0, 1, 0, 1, 0, 0, 1, 0]",100100000001010010,"[""10010100000001001""]",1,0.000244140625,False,False,,,,0.9850662272987686,0.027836707395877625,{},{}
"[1, 0, 0, 1, 0, 0, 0, 0, 0, 0, 1, 0, 0, 0, 0, 1, 0, 0]",100100000010000100,"[""1000010000001001""]",1,0.000244140625,False,False,,,,1.8412219060061839,0.05871032271700849,{},{}
"[1, 0, 0, 1, 0, 0, 0, 0, 0, 0, 1, 0, 1, 1, 1, 0, 0, 0]",100100000010111000,"[""111010000001001""]",1,0.000244140625,False,False,,,,6.203699611099947,0.21602453771750535,{},{}
"[1, 0, 0, 1, 0, 0, 0, 0, 0, 0, 1, 1, 0, 0, 0, 1, 1, 1]",100100000011000111,"[""111000110000001001""]",1,0.000244140625,False,False,,,,7.472351827497947,0.2617730872856234,{},{}
"[1, 0, 0, 1, 0, 0, 0, 0, 0, 0, 1, 1, 0, 0, 1, 0, 0, 0]",100100000011001000,"[""100110000001001""]",1,0.000244140625,False,False,,,,3.0142959008205077,0.10101224999476541,{},{}
"[1, 0, 0, 1, 0, 0, 0, 0, 0, 1, 0, 0, 1, 1, 1, 1, 0, 1]",100100000100111101,"[""101111001000001001""]",1,0.000244140625,False,False,,,,6.846423599571315,0.23920164635700691,{},{}
"[1, 0, 0, 1, 0, 0, 0, 0, 0, 1, 1, 1, 1, 1, 0, 0, 1, 0]",100100000111110010,"[""10011111000001001""]",1,0.000244140625,False,False,,,,6.6563209418973885,0.2323464020708154,{},{}
"[1, 0, 0, 1, 0, 0, 0, 0, 1, 0, 0, 0, 0, 0, 0, 0, 0, 0]",100100001000000000,"[""100001001""]",1,0.000244140625,False,False,,,,2.688452782285048,0.08926210297490392,{},{}
"[1, 0, 0, 1, 0, 0, 0, 0, 1, 0, 0, 0, 0, 0, 1, 1, 1, 0]",100100001000001110,"[""11100000100001001""]",1,0.000244140625,False,False,,,,2.299338306557464,0.07523034340328702,{},{}
"[1, 0, 0, 1, 0, 0, 0, 0, 1, 0, 0, 0, 0, 1, 0, 1, 1, 1]",100100001000010111,"[""111010000100001001""]",1,0.000244140625,False,False,,,,5.557217455718992,0.19271190676312014,{},{}
"[1, 0, 0, 1, 0, 0, 0, 0, 1, 0, 0, 0, 0, 1, 1, 1, 0, 0]",100100001000011100,"[""1110000100001001""]",1,0.000244140625,False,False,,,,2.2851112823914597,0.07471730625106163,{},{}
"[1, 0, 0, 1, 0, 0, 0, 0, 1, 0, 1, 0, 1, 1, 0, 0, 0, 0]",100100001010110000,"[""11010100001001""]",1,0.000244140625,False,False,,,,2.2433130459191526,0.07321003052301184,{},{}
"[1, 0, 0, 1, 0, 0, 0, 0, 1, 1, 0, 0, 0, 1, 0, 0, 0, 0]",100100001100010000,"[""10001100001001""]",1,0.000244140625,False,False,,,,1.0379384264996867,0.029743318518022845,{},{}
"[1, 0, 0, 1, 0, 0, 0, 0, 1, 1, 0, 0, 0, 1, 1, 0, 1, 1]",100100001100011011,"[""110110001100001001""]",1,0.000244140625,False,False,,,,2.725100363580461,0.09058364221771155,{},{}
"[1, 0, 0, 1, 0, 0, 0, 0, 1, 1, 0, 1, 0, 1, 1, 0, 1, 0]",100100001101011010,"[""10110101100001001""]",1,0.000244140625,False,False,,,,2.6639489163043724,0.0883784752060499,{},{}
"[1, 0, 0, 1, 0, 0, 0, 0, 1, 1, 1, 1, 0, 0, 1, 1, 0, 1]",100100001111001101,"[""101100111100001001""]",1,0.000244140625,False,False,,,,6.03200670840143,0.20983316299079063,{},{}
"[1, 0, 0, 1, 0, 0, 0, 1, 0, 0, 0, 0, 0, 1, 1, 1, 0, 1]",100100010000011101,"[""101110000010001001""]",1,0.000244140625,False,False,,,,3.5104791184132047,0.11890498862833469,{},{}
"[1, 0, 0, 1, 0, 0, 0, 1, 0, 0, 0, 1, 0, 0, 1, 0, 0, 0]",100100010001001000,"[""100100010001001""]",1,0.000244140625,False,False,,,,1.0425285218877125,0.02990884079723164,{},{}
"[1, 0, 0, 1, 0, 0, 0, 1, 0, 0, 0, 1, 1, 1, 1, 0, 1, 0]",100100010001111010,"[""10111100010001001""]",1,0.000244140625,False,False,,,,4.693646218051224,0.1615708808291452,{},{}
"[1, 0, 0, 1, 0, 0, 0, 1, 0, 0, 1, 0, 0, 1, 1, 1, 0, 1]",100100010010011101,"[""101110010010001001""]",1,0.000244140625,False,False,,,,2.7137784779960406,0.09017536653965848,{},{}
"[1, 0, 0, 1, 0, 0, 0, 1, 0, 0, 1, 0, 1, 0, 1, 0, 1, 1]",100100010010101011,"[""110101010010001001""]",1,0.000244140625,False,False,,,,2.7016479555829784,0.08973793081162516,{},{}
"[1, 0, 0, 1, 0, 0, 0, 1, 0, 0, 1, 1, 0, 0, 0, 1, 1, 0]",100100010011000110,"[""11000110010001001""]",1,0.000244140625,False,False,,,,3.4661572370252607,0.11730670837357299,{},{}
"[1, 0, 0, 1, 0, 0, 0, 1, 0, 1, 0, 1, 1, 1, 1, 0, 0, 0]",100100010101111000,"[""111101010001001""]",1,0.000244140625,False,False,,,,6.705187562917392,0.23410856904223915,{},{}
"[1, 0, 0, 1, 0, 0, 0, 1, 0, 1, 1, 1, 1, 0, 0, 0, 0, 0]",100100010111100000,"[""1111010001001""]",1,0.000244140625,False,False,,,,5.460679704577195,0.18923068311788463,{},{}
"[1, 0, 0, 1, 0, 0, 0, 1, 0, 1, 1, 1, 1, 1, 1, 0, 0, 0]",100100010111111000,"[""111111010001001""]",1,0.000244140625,False,False,,,,9.916384438842726,0.3499067346485398,{},{}
"[1, 0, 0, 1, 0, 0, 0, 1, 1, 0, 0, 0, 1, 0, 1, 0, 0, 0]",100100011000101000,"[""101000110001001""]",1,0.000244140625,False,False,,,,4.317164094057609,0.1479946533269115,{},{}
"[1, 0, 0, 1, 0, 0, 0, 1, 1, 0, 1, 0, 1, 1, 0, 1, 1, 1]",100100011010110111,"[""111011010110001001""]",1,0.000244140625,False,False,,,,7.316722591415251,0.25616098041413393,{},{}
"[1, 0, 0, 1, 0, 0, 0, 1, 1, 0, 1, 1, 1, 1, 0, 0, 1, 1]",100100011011110011,"[""110011110110001001""]",1,0.000244140625,False,False,,,,5.222506552369385,0.18064198077792387,{},{}
"[1, 0, 0, 1, 0, 0, 0, 1, 1, 1, 0, 1, 0, 0, 1, 1, 1, 0]",100100011101001110,"[""11100101110001001""]",1,0.000244140625,False,False,,,,3.9868029628035364,0.13608158338291426,{},{}
"[1, 0, 0, 1, 0, 0, 0, 1, 1, 1, 0, 1, 0, 1, 1, 0, 1, 1]",100100011101011011,"[""110110101110001001""]",1,0.000244140625,False,False,,,,5.20442282867158,0.17998986815062396,{},{}
"[1, 0, 0, 1, 0, 0, 0, 1, 1, 1, 0, 1, 1, 0, 0, 0, 1, 1]",100100011101100011,"[""110001101110001001""]",1,0.000244140625,False,False,,,,4.004360677893225,0.13671472774564916,{},{}
"[1, 0, 0, 1, 0, 0, 0, 1, 1, 1, 0, 1, 1, 0, 1, 1, 1, 1]",100100011101101111,"[""111101101110001001""]",1,0.000244140625,False,False,,,,8.583799754267309,0.30185273237114346,{},{}
"[1, 0, 0, 1, 0, 0, 0, 1, 1, 1, 0, 1, 1, 1, 0, 0, 1, 0]",100100011101110010,"[""10011101110001001""]",1,0.000244140625,False,False,,,,3.9379142559967786,0.13431861998147052,{},{}
"[1, 0, 0, 1, 0, 0, 0, 1, 1, 1, 0, 1, 1, 1, 0, 1, 0, 0]",100100011101110100,"[""1011101110001001""]",1,0.000244140625,False,False,,,,4.025170177834172,0.13746513390679482,{},{}
"[1, 0, 0, 1, 0, 0, 0, 1, 1, 1, 1, 1, 0, 0, 0, 1, 0, 0]",100100011111000100,"[""1000111110001001""]",1,0.000244140625,False,False,,,,6.738847902484507,0.2353223861098812,{},{}
"[1, 0, 0, 1, 0, 0, 1, 0, 0, 0, 0, 0, 0, 0, 1, 0, 1, 0]",100100100000001010,"[""10100000001001001""]",1,0.000244140625,False,False,,,,1.0600982011013058,0.030542416595239662,{},{}
"[1, 0, 0, 1, 0, 0, 1, 0, 0, 0, 0, 1, 1, 1, 0, 1, 0, 1]",100100100001110101,"[""101011100001001001""]",1,0.000244140625,False,False,,,,2.8517087860505743,0.09514923680403599,{},{}
"[1, 0, 0, 1, 0, 0, 1, 0, 0, 0, 1, 0, 0, 1, 1, 0, 0, 1]",100100100010011001,"[""100110010001001001""]",1,0.000244140625,False,False,,,,1.4462822237153676,0.0444685018316935,{},{}
"[1, 0, 0, 1, 0, 0, 1, 0, 0, 0, 1, 0, 1, 1, 0, 0, 1, 0]",100100100010110010,"[""10011010001001001""]",1,0.000244140625,False,False,,,,1.5057323589312235,0.046612318255611414,{},{}
"[1, 0, 0, 1, 0, 0, 1, 0, 0, 0, 1, 1, 1, 0, 0, 0, 1, 0]",100100100011100010,"[""10001110001001001""]",1,0.000244140625,False,False,,,,1.5100153256158095,0.04676676524363206,{},{}
"[1, 0, 0, 1, 0, 0, 1, 0, 0, 1, 0, 0, 1, 0, 0, 0, 1, 1]",100100100100100011,"[""110001001001001001""]",1,0.000244140625,False,False,,,,1.6532353255394718,0.05193138576055867,{},{}
"[1, 0, 0, 1, 0, 0, 1, 0, 0, 1, 0, 0, 1, 0, 1, 0, 1, 0]",100100100100101010,"[""10101001001001001""]",1,0.000244140625,False,False,,,,1.6165258284824042,0.050607613788990154,{},{}
"[1, 0, 0, 1, 0, 0, 1, 0, 0, 1, 0, 0, 1, 1, 1, 1, 0, 0]",100100100100111100,"[""1111001001001001""]",1,0.000244140625,False,False,,,,4.9654565533546675,0.17137256519703448,{},{}
"[1, 0, 0, 1, 0, 0, 1, 0, 0, 1, 0, 1, 0, 1, 1, 0, 1, 1]",100100100101011011,"[""110110101001001001""]",1,0.000244140625,False,False,,,,3.974693313266437,0.13564490034642893,{},{}
"[1, 0, 0, 1, 0, 0, 1, 0, 0, 1, 0, 1, 1, 0, 1, 0, 1, 1]",100100100101101011,"[""110101101001001001""]",1,0.000244140625,False,False,,,,4.090542485397868,0.13982250830326357,{},{}
"[1, 0, 0, 1, 0, 0, 1, 0, 0, 1, 1, 0, 0, 0, 0, 1, 0, 0]",100100100110000100,"[""1000011001001001""]",1,0.000244140625,False,False,,,,2.406399888660425,0.07909106427885115,{},{}
"[1, 0, 0, 1, 0, 0, 1, 0, 0, 1, 1, 1, 1, 0, 1, 0, 1, 1]",100100100111101011,"[""110101111001001001""]",1,0.000244140625,False,False,,,,7.274357460442989,0.2546332620456222,{},{}
"[1, 0, 0, 1, 0, 0, 1, 0, 1, 0, 0, 0, 1, 0, 0, 0, 1, 0]",100100101000100010,"[""10001000101001001""]",1,0.000244140625,False,False,,,,2.3852117003807365,0.07832700233244623,{},{}
"[1, 0, 0, 1, 0, 0, 1, 0, 1, 0, 0, 1, 1, 0, 0, 1, 1, 0]",100100101001100110,"[""11001100101001001""]",1,0.000244140625,False,False,,,,2.8946940263897174,0.09669931678098675,{},{}
"[1, 0, 0, 1, 0, 0, 1, 0, 1, 0, 0, 1, 1, 1, 0, 1, 0, 1]",100100101001110101,"[""101011100101001001""]",1,0.000244140625,False,False,,,,4.142315267360498,0.14168947361596493,{},{}
"[1, 0, 0, 1, 0, 0, 1, 0, 1, 0, 1, 1, 1, 1, 1, 1, 0, 0]",100100101011111100,"[""1111110101001001""]",1,0.000244140625,False,False,,,,7.3008923192665325,0.2555901289382829,{},{}
"[1, 0, 0, 1, 0, 0, 1, 0, 1, 1, 0, 0, 0, 1, 1, 1, 0, 0]",100100101100011100,"[""1110001101001001""]",1,0.000244140625,False,False,,,,2.8617896636940428,0.09551276080580832,{},{}
"[1, 0, 0, 1, 0, 0, 1, 0, 1, 1, 0, 0, 1, 1, 0, 0, 1, 0]",100100101100110010,"[""10011001101001001""]",1,0.000244140625,False,False,,,,2.842115967730238,0.09480331258717545,{},{}
"[1, 0, 0, 1, 0, 0, 1, 0, 1, 1, 0, 1, 0, 0, 0, 1, 0, 0]",100100101101000100,"[""1000101101001001""]",1,0.000244140625,False,False,,,,3.6984710811224106,0.12568411967248194,{},{}
"[1, 0, 0, 1, 0, 0, 1, 0, 1, 1, 1, 0, 1, 0, 0, 1, 0, 0]",100100101110100100,"[""1001011101001001""]",1,0.000244140625,False,False,,,,3.0086728704797183,0.10080947930714622,{},{}
"[1, 0, 0, 1, 0, 0, 1, 0, 1, 1, 1, 1, 0, 0, 1, 0, 1, 0]",100100101111001010,"[""10100111101001001""]",1,0.000244140625,False,False,,,,5.979758980412083,0.20794907076847247,{},{}
"[1, 0, 0, 1, 0, 0, 1, 0, 1, 1, 1, 1, 1, 1, 0, 0, 1, 0]",100100101111110010,"[""10011111101001001""]",1,0.000244140625,False,False,,,,7.259345128219055,0.25409190609636945,{},{}
"[1, 0, 0, 1, 0, 0, 1, 1, 0, 0, 0, 1, 1, 0, 0, 0, 1, 1]",100100110001100011,"[""110001100011001001""]",1,0.000244140625,False,False,,,,2.7574060680576737,0.09174861012893701,{},{}
"[1, 0, 0, 1, 0, 0, 1, 1, 0, 0, 1, 0, 1, 1, 1, 0, 0, 1]",100100110010111001,"[""100111010011001001""]",1,0.000244140625,False,False,,,,5.97449441126901,0.20775922646025025,{},{}
"[1, 0, 0, 1, 0, 0, 1, 1, 0, 0, 1, 1, 1, 0, 0, 1, 0, 0]",100100110011100100,"[""1001110011001001""]",1,0.000244140625,False,False,,,,2.827470963962509,0.09427520277730535,{},{}
"[1, 0, 0, 1, 0, 0, 1, 1, 0, 0, 1, 1, 1, 0, 1, 1, 1, 1]",100100110011101111,"[""111101110011001001""]",1,0.000244140625,False,False,,,,8.55204522291914,0.3007076401759643,{},{}
"[1, 0, 0, 1, 0, 0, 1, 1, 0, 0, 1, 1, 1, 1, 0, 1, 0, 0]",100100110011110100,"[""1011110011001001""]",1,0.000244140625,False,False,,,,4.030770323545345,0.1376670793575218,{},{}
"[1, 0, 0, 1, 0, 0, 1, 1, 0, 1, 0, 0, 0, 0, 0, 1, 0, 1]",100100110100000101,"[""101000001011001001""]",1,0.000244140625,False,False,,,,3.673479977567731,0.12478292175160546,{},{}
"[1, 0, 0, 1, 0, 0, 1, 1, 0, 1, 0, 0, 1, 1, 0, 0, 0, 1]",100100110100110001,"[""100011001011001001""]",1,0.000244140625,False,False,,,,2.839264067362846,0.09470047092290011,{},{}
"[1, 0, 0, 1, 0, 0, 1, 1, 0, 1, 0, 1, 0, 1, 0, 0, 0, 0]",100100110101010000,"[""10101011001001""]",1,0.000244140625,False,False,,,,3.493551753864394,0.11829457517844724,{},{}
"[1, 0, 0, 1, 0, 0, 1, 1, 0, 1, 0, 1, 1, 1, 0, 0, 1, 1]",100100110101110011,"[""110011101011001001""]",1,0.000244140625,False,False,,,,5.273282301657378,0.1824729923452669,{},{}
"[1, 0, 0, 1, 0, 0, 1, 1, 1, 0, 0, 0, 1, 0, 0, 1, 1, 0]",100100111000100110,"[""11001000111001001""]",1,0.000244140625,False,False,,,,6.910768583664565,0.24152197469932254,{},{}
"[1, 0, 0, 1, 0, 0, 1, 1, 1, 0, 0, 1, 1, 0, 1, 0, 1, 1]",100100111001101011,"[""110101100111001001""]",1,0.000244140625,False,False,,,,7.304020806356137,0.2557029445270172,{},{}
"[1, 0, 0, 1, 0, 0, 1, 1, 1, 0, 1, 0, 0, 0, 1, 0, 1, 0]",100100111010001010,"[""10100010111001001""]",1,0.000244140625,False,False,,,,4.744200562257441,0.1633939083633329,{},{}
"[1, 0, 0, 1, 0, 0, 1, 1, 1, 1, 0, 0, 1, 0, 1, 1, 0, 0]",100100111100101100,"[""1101001111001001""]",1,0.000244140625,False,False,,,,6.258441377320797,0.21799856682732027,{},{}
"[1, 0, 0, 1, 0, 0, 1, 1, 1, 1, 0, 0, 1, 1, 0, 0, 0, 0]",100100111100110000,"[""11001111001001""]",1,0.000244140625,False,False,,,,6.863727649499332,0.23982564336393186,{},{}
"[1, 0, 0, 1, 0, 0, 1, 1, 1, 1, 1, 1, 0, 1, 1, 1, 1, 1]",100100111111011111,"[""111110111111001001""]",1,0.000244140625,False,False,,,,15.092301734696386,0.5365541908301439,{},{}
"[1, 0, 0, 1, 0, 0, 1, 1, 1, 1, 1, 1, 1, 0, 1, 1, 0, 0]",100100111111101100,"[""1101111111001001""]",1,0.000244140625,False,False,,,,10.682869896925665,0.37754677462096686,{},{}
"[1, 0, 0, 1, 0, 1, 0, 0, 0, 0, 0, 0, 0, 0, 0, 1, 0, 0]",100101000000000100,"[""1000000000101001""]",1,0.000244140625,False,False,,,,3.9368909146441258,0.13428171752546894,{},{}
"[1, 0, 0, 1, 0, 1, 0, 0, 0, 0, 0, 0, 1, 0, 1, 1, 0, 0]",100101000000101100,"[""1101000000101001""]",1,0.000244140625,False,False,,,,4.41046650159933,0.15135920805757383,{},{}
"[1, 0, 0, 1, 0, 1, 0, 0, 0, 0, 0, 1, 0, 0, 0, 0, 0, 0]",100101000001000000,"[""100000101001""]",1,0.000244140625,False,False,,,,3.865457051118253,0.1317057588788714,{},{}
"[1, 0, 0, 1, 0, 1, 0, 0, 0, 0, 0, 1, 1, 1, 0, 0, 0, 0]",100101000001110000,"[""11100000101001""]",1,0.000244140625,False,False,,,,4.242958703127397,0.14531875132531252,{},{}
"[1, 0, 0, 1, 0, 1, 0, 0, 0, 0, 1, 0, 0, 0, 1, 0, 0, 1]",100101000010001001,"[""100100010000101001""]",1,0.000244140625,False,False,,,,2.310742390278678,0.07564158320774675,{},{}
"[1, 0, 0, 1, 0, 1, 0, 0, 0, 0, 1, 0, 0, 0, 1, 1, 0, 0]",100101000010001100,"[""1100010000101001""]",1,0.000244140625,False,False,,,,2.286552435313798,0.07476927530534666,{},{}
"[1, 0, 0, 1, 0, 1, 0, 0, 0, 0, 1, 0, 0, 1, 0, 0, 1, 1]",100101000010010011,"[""110010010000101001""]",1,0.000244140625,False,False,,,,3.545430157440042,0.12016534928565992,{},{}
"[1, 0, 0, 1, 0, 1, 0, 0, 0, 1, 0, 0, 1, 0, 0, 0, 1, 0]",100101000100100010,"[""10001001000101001""]",1,0.000244140625,False,False,,,,2.332941736102697,0.07644210825289538,{},{}
"[1, 0, 0, 1, 0, 1, 0, 0, 0, 1, 0, 1, 0, 0, 1, 0, 1, 0]",100101000101001010,"[""10100101000101001""]",1,0.000244140625,False,False,,,,3.4988112797889226,0.11848423762442968,{},{}
"[1, 0, 0, 1, 0, 1, 0, 0, 0, 1, 0, 1, 1, 0, 0, 0, 0, 1]",100101000101100001,"[""100001101000101001""]",1,0.000244140625,False,False,,,,3.6287210345497147,0.123168880726958,{},{}
"[1, 0, 0, 1, 0, 1, 0, 0, 0, 1, 0, 1, 1, 0, 0, 0, 1, 0]",100101000101100010,"[""10001101000101001""]",1,0.000244140625,False,False,,,,3.5257410376208966,0.11945534487124584,{},{}
"[1, 0, 0, 1, 0, 1, 0, 0, 0, 1, 0, 1, 1, 0, 1, 1, 0, 0]",100101000101101100,"[""1101101000101001""]",1,0.000244140625,False,False,,,,4.911839474572348,0.16943909315902,{},{}
"[1, 0, 0, 1, 0, 1, 0, 0, 0, 1, 1, 0, 0, 0, 1, 1, 0, 1]",100101000110001101,"[""101100011000101001""]",1,0.000244140625,False,False,,,,4.835633349307747,0.1666910431781038,{},{}
"[1, 0, 0, 1, 0, 1, 0, 0, 0, 1, 1, 1, 0, 1, 0, 1, 1, 1]",100101000111010111,"[""111010111000101001""]",1,0.000244140625,False,False,,,,11.26312041798731,0.3984710432121527,{},{}
"[1, 0, 0, 1, 0, 1, 0, 0, 0, 1, 1, 1, 1, 0, 1, 0, 1, 0]",100101000111101010,"[""10101111000101001""]",1,0.000244140625,False,False,,,,7.944725201741377,0.2788072251264823,{},{}
"[1, 0, 0, 1, 0, 1, 0, 0, 1, 0, 1, 0, 0, 0, 1, 0, 1, 1]",100101001010001011,"[""110100010100101001""]",1,0.000244140625,False,False,,,,2.851128252352085,0.09512830232385457,{},{}
"[1, 0, 0, 1, 0, 1, 0, 0, 1, 0, 1, 0, 1, 0, 1, 0, 0, 0]",100101001010101000,"[""101010100101001""]",1,0.000244140625,False,False,,,,3.557286558195173,0.12059289998129945,{},{}
"[1, 0, 0, 1, 0, 1, 0, 0, 1, 0, 1, 0, 1, 1, 0, 1, 1, 0]",100101001010110110,"[""11011010100101001""]",1,0.000244140625,False,False,,,,4.0567382698154475,0.13860350295869833,{},{}
"[1, 0, 0, 1, 0, 1, 0, 0, 1, 0, 1, 1, 0, 0, 0, 1, 1, 0]",100101001011000110,"[""11000110100101001""]",1,0.000244140625,False,False,,,,4.770906281798194,0.164356936621488,{},{}
"[1, 0, 0, 1, 0, 1, 0, 0, 1, 0, 1, 1, 1, 0, 1, 0, 1, 1]",100101001011101011,"[""110101110100101001""]",1,0.000244140625,False,False,,,,5.314834390627615,0.1839713918099452,{},{}
"[1, 0, 0, 1, 0, 1, 0, 0, 1, 1, 0, 0, 0, 0, 0, 0, 0, 0]",100101001100000000,"[""1100101001""]",1,0.000244140625,False,False,,,,3.179609029730996,0.10697356529809955,{},{}
"[1, 0, 0, 1, 0, 1, 0, 0, 1, 1, 0, 0, 0, 1, 0, 1, 1, 1]",100101001100010111,"[""111010001100101001""]",1,0.000244140625,False,False,,,,6.18033760401828,0.2151820862361838,{},{}
"[1, 0, 0, 1, 0, 1, 0, 0, 1, 1, 0, 1, 0, 1, 1, 1, 0, 1]",100101001101011101,"[""101110101100101001""]",1,0.000244140625,False,False,,,,5.393027909793382,0.18679110870416016,{},{}
"[1, 0, 0, 1, 0, 1, 0, 0, 1, 1, 1, 0, 0, 1, 0, 0, 0, 1]",100101001110010001,"[""100010011100101001""]",1,0.000244140625,False,False,,,,2.8460640209958825,0.0949456823463469,{},{}
"[1, 0, 0, 1, 0, 1, 0, 0, 1, 1, 1, 1, 0, 1, 0, 1, 1, 0]",100101001111010110,"[""11010111100101001""]",1,0.000244140625,False,False,,,,7.238757749146474,0.2533495097801799,{},{}
"[1, 0, 0, 1, 0, 1, 0, 1, 0, 0, 1, 0, 0, 1, 1, 0, 1, 1]",100101010010011011,"[""110110010010101001""]",1,0.000244140625,False,False,,,,4.027721397922713,0.1375571328149047,{},{}
"[1, 0, 0, 1, 0, 1, 0, 1, 0, 0, 1, 0, 1, 1, 1, 0, 0, 1]",100101010010111001,"[""100111010010101001""]",1,0.000244140625,False,False,,,,5.986645505530563,0.20819740402455536,{},{}
"[1, 0, 0, 1, 0, 1, 0, 1, 0, 0, 1, 1, 1, 0, 0, 0, 0, 0]",100101010011100000,"[""1110010101001""]",1,0.000244140625,False,False,,,,3.4496708325369365,0.11671219627389323,{},{}
"[1, 0, 0, 1, 0, 1, 0, 1, 0, 0, 1, 1, 1, 1, 1, 1, 1, 0]",100101010011111110,"[""11111110010101001""]",1,0.000244140625,False,False,,,,8.482122240410858,0.29818616503101625,{},{}
"[1, 0, 0, 1, 0, 1, 0, 1, 0, 1, 0, 0, 1, 0, 0, 0, 1, 0]",100101010100100010,"[""10001001010101001""]",1,0.000244140625,False,False,,,,1.531756349169739,0.047550762844284604,{},{}
"[1, 0, 0, 1, 0, 1, 0, 1, 0, 1, 0, 0, 1, 1, 0, 0, 0, 1]",100101010100110001,"[""100011001010101001""]",1,0.000244140625,False,False,,,,2.815291114277522,0.0938359882708838,{},{}
"[1, 0, 0, 1, 0, 1, 0, 1, 0, 1, 0, 1, 1, 1, 0, 1, 0, 0]",100101010101110100,"[""1011101010101001""]",1,0.000244140625,False,False,,,,4.032347117715501,0.13772393973684383,{},{}
"[1, 0, 0, 1, 0, 1, 0, 1, 0, 1, 1, 0, 1, 0, 0, 0, 1, 0]",100101010110100010,"[""10001011010101001""]",1,0.000244140625,False,False,,,,2.7429532250950723,0.09122742978169253,{},{}
"[1, 0, 0, 1, 0, 1, 0, 1, 1, 0, 0, 1, 0, 0, 1, 0, 1, 0]",100101011001001010,"[""10100100110101001""]",1,0.000244140625,False,False,,,,2.776239858842244,0.0924277707374368,{},{}
"[1, 0, 0, 1, 0, 1, 0, 1, 1, 0, 1, 1, 1, 1, 1, 1, 1, 1]",100101011011111111,"[""111111110110101001""]",1,0.000244140625,False,False,,,,13.132287138272932,0.46587459577666174,{},{}
"[1, 0, 0, 1, 0, 1, 0, 1, 1, 1, 0, 0, 1, 1, 0, 0, 1, 1]",100101011100110011,"[""110011001110101001""]",1,0.000244140625,False,False,,,,5.393118122957146,0.18679436185844533,{},{}
"[1, 0, 0, 1, 0, 1, 0, 1, 1, 1, 0, 1, 0, 1, 0, 1, 0, 0]",100101011101010100,"[""1010101110101001""]",1,0.000244140625,False,False,,,,4.028042055602454,0.137568695971116,{},{}
"[1, 0, 0, 1, 0, 1, 0, 1, 1, 1, 0, 1, 1, 0, 0, 1, 1, 0]",100101011101100110,"[""11001101110101001""]",1,0.000244140625,False,False,,,,5.352283904145617,0.18532184932961485,{},{}
"[1, 0, 0, 1, 0, 1, 0, 1, 1, 1, 1, 1, 0, 1, 0, 1, 0, 1]",100101011111010101,"[""101010111110101001""]",1,0.000244140625,False,False,,,,8.590150430545911,0.3020817425165303,{},{}
"[1, 0, 0, 1, 0, 1, 0, 1, 1, 1, 1, 1, 0, 1, 1, 0, 1, 1]",100101011111011011,"[""110110111110101001""]",1,0.000244140625,False,False,,,,9.81725578991436,0.3463320812876717,{},{}
"[1, 0, 0, 1, 0, 1, 1, 0, 0, 0, 0, 0, 0, 1, 0, 0, 1, 1]",100101100000010011,"[""110010000001101001""]",1,0.000244140625,False,False,,,,3.587744763659579,0.12169124569372845,{},{}
"[1, 0, 0, 1, 0, 1, 1, 0, 0, 0, 0, 1, 1, 0, 0, 1, 0, 0]",100101100001100100,"[""1001100001101001""]",1,0.000244140625,False,False,,,,1.707089173926077,0.05387339588792331,{},{}
"[1, 0, 0, 1, 0, 1, 1, 0, 0, 0, 1, 0, 1, 1, 0, 1, 0, 1]",100101100010110101,"[""101011010001101001""]",1,0.000244140625,False,False,,,,4.140507880768747,0.14162429790112938,{},{}
"[1, 0, 0, 1, 0, 1, 1, 0, 0, 0, 1, 0, 1, 1, 1, 1, 0, 1]",100101100010111101,"[""101111010001101001""]",1,0.000244140625,False,False,,,,7.359882037159114,0.257717342368517,{},{}
"[1, 0, 0, 1, 0, 1, 1, 0, 0, 0, 1, 1, 0, 1, 0, 1, 1, 0]",100101100011010110,"[""11010110001101001""]",1,0.000244140625,False,False,,,,3.975979281895567,0.13569127333881595,{},{}
"[1, 0, 0, 1, 0, 1, 1, 0, 0, 0, 1, 1, 1, 0, 1, 0, 1, 1]",100101100011101011,"[""110101110001101001""]",1,0.000244140625,False,False,,,,5.275359040302366,0.18254788109697695,{},{}
"[1, 0, 0, 1, 0, 1, 1, 0, 0, 1, 0, 0, 0, 0, 0, 0, 0, 1]",100101100100000001,"[""100000001001101001""]",1,0.000244140625,False,False,,,,2.4752501457388743,0.08157385614096928,{},{}
"[1, 0, 0, 1, 0, 1, 1, 0, 0, 1, 0, 0, 0, 1, 0, 1, 1, 1]",100101100100010111,"[""111010001001101001""]",1,0.000244140625,False,False,,,,6.186324970304742,0.21539799515101343,{},{}
"[1, 0, 0, 1, 0, 1, 1, 0, 0, 1, 0, 0, 1, 0, 0, 0, 1, 1]",100101100100100011,"[""110001001001101001""]",1,0.000244140625,False,False,,,,2.960357415995559,0.0990671878140131,{},{}
"[1, 0, 0, 1, 0, 1, 1, 0, 0, 1, 0, 0, 1, 1, 1, 1, 1, 1]",100101100100111111,"[""111111001001101001""]",1,0.000244140625,False,False,,,,10.745381634998983,0.37980099473808937,{},{}
"[1, 0, 0, 1, 0, 1, 1, 0, 0, 1, 1, 0, 0, 0, 1, 0, 0, 1]",100101100110001001,"[""100100011001101001""]",1,0.000244140625,False,False,,,,2.817014150066049,0.09389812223254815,{},{}
"[1, 0, 0, 1, 0, 1, 1, 0, 0, 1, 1, 0, 1, 1, 1, 0, 1, 1]",100101100110111011,"[""110111011001101001""]",1,0.000244140625,False,False,,,,8.562842704451832,0.301097005450958,{},{}
"[1, 0, 0, 1, 0, 1, 1, 0, 0, 1, 1, 0, 1, 1, 1, 1, 0, 1]",100101100110111101,"[""101111011001101001""]",1,0.000244140625,False,False,,,,8.698123392540651,0.30597532843392033,{},{}
"[1, 0, 0, 1, 0, 1, 1, 0, 0, 1, 1, 1, 0, 0, 0, 0, 0, 0]",100101100111000000,"[""111001101001""]",1,0.000244140625,False,False,,,,7.535047393477256,0.26403393637478445,{},{}
"[1, 0, 0, 1, 0, 1, 1, 0, 1, 0, 0, 0, 0, 1, 0, 0, 0, 1]",100101101000010001,"[""100010000101101001""]",1,0.000244140625,False,False,,,,3.6997359854795784,0.12572973307143784,{},{}
"[1, 0, 0, 1, 0, 1, 1, 0, 1, 0, 1, 0, 1, 0, 1, 0, 0, 1]",100101101010101001,"[""100101010101101001""]",1,0.000244140625,False,False,,,,4.172299564499011,0.1427707298390464,{},{}
"[1, 0, 0, 1, 0, 1, 1, 0, 1, 0, 1, 1, 0, 1, 0, 1, 0, 1]",100101101011010101,"[""101010110101101001""]",1,0.000244140625,False,False,,,,5.363794747593529,0.18573693896981805,{},{}
"[1, 0, 0, 1, 0, 1, 1, 0, 1, 0, 1, 1, 1, 0, 1, 1, 0, 0]",100101101011101100,"[""1101110101101001""]",1,0.000244140625,False,False,,,,5.412727860759517,0.18750150369785085,{},{}
"[1, 0, 0, 1, 0, 1, 1, 0, 1, 1, 0, 0, 0, 1, 0, 0, 1, 0]",100101101100010010,"[""10010001101101001""]",1,0.000244140625,False,False,,,,2.8395434900141323,0.09471054711308652,{},{}
"[1, 0, 0, 1, 0, 1, 1, 0, 1, 1, 0, 1, 0, 0, 0, 1, 0, 0]",100101101101000100,"[""1000101101101001""]",1,0.000244140625,False,False,,,,4.995562750582855,0.17245821722869353,{},{}
"[1, 0, 0, 1, 0, 1, 1, 0, 1, 1, 0, 1, 1, 0, 0, 1, 1, 0]",100101101101100110,"[""11001101101101001""]",1,0.000244140625,False,False,,,,5.5300270512316985,0.19173140040260164,{},{}
"[1, 0, 0, 1, 0, 1, 1, 0, 1, 1, 1, 0, 0, 1, 1, 1, 1, 0]",100101101110011110,"[""11110011101101001""]",1,0.000244140625,False,False,,,,6.582794344258566,0.22969497786394713,{},{}
"[1, 0, 0, 1, 0, 1, 1, 0, 1, 1, 1, 1, 0, 1, 1, 0, 1, 0]",100101101111011010,"[""10110111101101001""]",1,0.000244140625,False,False,,,,8.49194183957831,0.29854026713515847,{},{}
"[1, 0, 0, 1, 0, 1, 1, 0, 1, 1, 1, 1, 1, 0, 0, 0, 0, 0]",100101101111100000,"[""1111101101001""]",1,0.000244140625,False,False,,,,8.143303608762592,0.285968111285308,{},{}
"[1, 0, 0, 1, 0, 1, 1, 1, 0, 0, 0, 0, 0, 1, 1, 0, 0, 1]",100101110000011001,"[""100110000011101001""]",1,0.000244140625,False,False,,,,4.793537654143206,0.16517304086671603,{},{}
"[1, 0, 0, 1, 0, 1, 1, 1, 0, 0, 1, 0, 1, 0, 1, 1, 0, 0]",100101110010101100,"[""1101010011101001""]",1,0.000244140625,False,False,,,,4.095797224436919,0.14001199813056872,{},{}
"[1, 0, 0, 1, 0, 1, 1, 1, 0, 0, 1, 1, 1, 0, 0, 0, 1, 0]",100101110011100010,"[""10001110011101001""]",1,0.000244140625,False,False,,,,3.985860761507803,0.13604760689816625,{},{}
"[1, 0, 0, 1, 0, 1, 1, 1, 0, 1, 0, 0, 1, 0, 0, 0, 0, 1]",100101110100100001,"[""100001001011101001""]",1,0.000244140625,False,False,,,,2.9477881580245917,0.09861393095300205,{},{}
"[1, 0, 0, 1, 0, 1, 1, 1, 0, 1, 0, 0, 1, 1, 0, 0, 0, 0]",100101110100110000,"[""11001011101001""]",1,0.000244140625,False,False,,,,4.850065521467483,0.1672114781207076,{},{}
"[1, 0, 0, 1, 0, 1, 1, 1, 0, 1, 0, 1, 0, 0, 0, 1, 1, 0]",100101110101000110,"[""11000101011101001""]",1,0.000244140625,False,False,,,,6.089905757150915,0.21192104607444873,{},{}
"[1, 0, 0, 1, 0, 1, 1, 1, 0, 1, 1, 0, 1, 0, 0, 0, 1, 0]",100101110110100010,"[""10001011011101001""]",1,0.000244140625,False,False,,,,4.074048268636484,0.13922771448716328,{},{}
"[1, 0, 0, 1, 0, 1, 1, 1, 1, 0, 0, 0, 0, 0, 1, 1, 1, 0]",100101111000001110,"[""11100000111101001""]",1,0.000244140625,False,False,,,,8.103877713311334,0.2845463839521541,{},{}
"[1, 0, 0, 1, 0, 1, 1, 1, 1, 0, 0, 1, 0, 0, 0, 1, 0, 1]",100101111001000101,"[""101000100111101001""]",1,0.000244140625,False,False,,,,8.199594300811949,0.28799799582116237,{},{}
"[1, 0, 0, 1, 0, 1, 1, 1, 1, 0, 0, 1, 0, 1, 0, 0, 0, 1]",100101111001010001,"[""100010100111101001""]",1,0.000244140625,False,False,,,,6.105732604557838,0.2124917740515443,{},{}
"[1, 0, 0, 1, 0, 1, 1, 1, 1, 0, 0, 1, 1, 0, 0, 1, 0, 0]",100101111001100100,"[""1001100111101001""]",1,0.000244140625,False,False,,,,6.190716836527537,0.21555636913798404,{},{}
"[1, 0, 0, 1, 0, 1, 1, 1, 1, 0, 1, 0, 1, 1, 0, 1, 1, 0]",100101111010110110,"[""11011010111101001""]",1,0.000244140625,False,False,,,,8.67086888890117,0.30499251060994226,{},{}
"[1, 0, 0, 1, 0, 1, 1, 1, 1, 1, 0, 0, 0, 1, 0, 0, 0, 1]",100101111100010001,"[""100010001111101001""]",1,0.000244140625,False,False,,,,6.185491815929183,0.21536795097991948,{},{}
"[1, 0, 0, 1, 0, 1, 1, 1, 1, 1, 1, 0, 0, 0, 0, 0, 0, 0]",100101111110000000,"[""11111101001""]",1,0.000244140625,False,False,,,,8.851816502518393,0.3115176171472592,{},{}
"[1, 0, 0, 1, 0, 1, 1, 1, 1, 1, 1, 0, 0, 1, 1, 1, 1, 0]",100101111110011110,"[""11110011111101001""]",1,0.000244140625,False,False,,,,9.873006859684205,0.34834250663976923,{},{}
"[1, 0, 0, 1, 1, 0, 0, 0, 0, 0, 0, 0, 0, 0, 1, 0, 0, 0]",100110000000001000,"[""100000000011001""]",1,0.000244140625,False,False,,,,3.8245955184196836,0.130232261390807,{},{}
"[1, 0, 0, 1, 1, 0, 0, 0, 0, 0, 0, 1, 0, 0, 0, 0, 0, 0]",100110000001000000,"[""100000011001""]",1,0.000244140625,False,False,,,,3.8152568491548484,0.12989550197933047,{},{}
"[1, 0, 0, 1, 1, 0, 0, 0, 0, 0, 0, 1, 0, 0, 1, 1, 0, 1]",100110000001001101,"[""101100100000011001""]",1,0.000244140625,False,False,,,,3.5312552750092285,0.11965419240347712,{},{}
"[1, 0, 0, 1, 1, 0, 0, 0, 0, 0, 0, 1, 0, 1, 0, 1, 1, 0]",100110000001010110,"[""11010100000011001""]",1,0.000244140625,False,False,,,,3.4862757284772687,0.11803219625081104,{},{}
"[1, 0, 0, 1, 1, 0, 0, 0, 0, 0, 1, 0, 1, 0, 1, 1, 1, 1]",100110000010101111,"[""111101010000011001""]",1,0.000244140625,False,False,,,,8.015238151019211,0.28134997491522284,{},{}
"[1, 0, 0, 1, 1, 0, 0, 0, 0, 0, 1, 0, 1, 1, 1, 1, 1, 1]",100110000010111111,"[""111111010000011001""]",1,0.000244140625,False,False,,,,11.264167605025365,0.39850880556143836,{},{}
"[1, 0, 0, 1, 1, 0, 0, 0, 0, 0, 1, 1, 1, 1, 0, 0, 1, 1]",100110000011110011,"[""110011110000011001""]",1,0.000244140625,False,False,,,,5.959916078853968,0.20723352086931718,{},{}
"[1, 0, 0, 1, 1, 0, 0, 0, 0, 1, 0, 0, 0, 0, 0, 0, 1, 0]",100110000100000010,"[""10000001000011001""]",1,0.000244140625,False,False,,,,3.045142182267496,0.10212459001792505,{},{}
"[1, 0, 0, 1, 1, 0, 0, 0, 0, 1, 0, 0, 1, 0, 1, 1, 0, 0]",100110000100101100,"[""1101001000011001""]",1,0.000244140625,False,False,,,,3.617131414268748,0.12275095033512465,{},{}
"[1, 0, 0, 1, 1, 0, 0, 0, 0, 1, 0, 0, 1, 0, 1, 1, 1, 1]",100110000100101111,"[""111101001000011001""]",1,0.000244140625,False,False,,,,8.087481244598868,0.28395511500394377,{},{}
"[1, 0, 0, 1, 1, 0, 0, 0, 0, 1, 0, 0, 1, 1, 0, 0, 1, 1]",100110000100110011,"[""110011001000011001""]",1,0.000244140625,False,False,,,,4.768065295127438,0.16425448851329139,{},{}
"[1, 0, 0, 1, 1, 0, 0, 0, 0, 1, 0, 1, 0, 1, 0, 0, 1, 1]",100110000101010011,"[""110010101000011001""]",1,0.000244140625,False,False,,,,4.716001835345636,0.16237704114061577,{},{}
"[1, 0, 0, 1, 1, 0, 0, 0, 0, 1, 0, 1, 1, 0, 1, 1, 0, 0]",100110000101101100,"[""1101101000011001""]",1,0.000244140625,False,False,,,,4.842961934079274,0.16695531743652609,{},{}
"[1, 0, 0, 1, 1, 0, 0, 0, 0, 1, 1, 0, 1, 0, 1, 0, 1, 1]",100110000110101011,"[""110101011000011001""]",1,0.000244140625,False,False,,,,5.963746902490313,0.2073716632402119,{},{}
"[1, 0, 0, 1, 1, 0, 0, 0, 0, 1, 1, 0, 1, 1, 1, 0, 0, 0]",100110000110111000,"[""111011000011001""]",1,0.000244140625,False,False,,,,8.682656402689702,0.30541757718994683,{},{}
"[1, 0, 0, 1, 1, 0, 0, 0, 0, 1, 1, 1, 0, 1, 0, 1, 1, 0]",100110000111010110,"[""11010111000011001""]",1,0.000244140625,False,False,,,,7.978626790861087,0.28002974183376755,{},{}
"[1, 0, 0, 1, 1, 0, 0, 0, 1, 0, 0, 0, 0, 0, 0, 0, 1, 0]",100110001000000010,"[""10000000100011001""]",1,0.000244140625,False,False,,,,3.074151671354562,0.10317069393221408,{},{}
"[1, 0, 0, 1, 1, 0, 0, 0, 1, 0, 0, 0, 0, 0, 1, 0, 0, 1]",100110001000001001,"[""100100000100011001""]",1,0.000244140625,False,False,,,,2.32819518915871,0.07627094421334409,{},{}
"[1, 0, 0, 1, 1, 0, 0, 0, 1, 0, 0, 0, 0, 1, 0, 0, 0, 0]",100110001000010000,"[""10000100011001""]",1,0.000244140625,False,False,,,,3.042688461581225,0.10203610701132067,{},{}
"[1, 0, 0, 1, 1, 0, 0, 0, 1, 0, 0, 0, 1, 0, 0, 1, 0, 1]",100110001000100101,"[""101001000100011001""]",1,0.000244140625,False,False,,,,3.650948177404744,0.12397040815387414,{},{}
"[1, 0, 0, 1, 1, 0, 0, 0, 1, 0, 1, 0, 0, 0, 0, 0, 0, 1]",100110001010000001,"[""100000010100011001""]",1,0.000244140625,False,False,,,,2.3232140652476803,0.07609132115258463,{},{}
"[1, 0, 0, 1, 1, 0, 0, 0, 1, 0, 1, 0, 1, 0, 1, 0, 1, 0]",100110001010101010,"[""10101010100011001""]",1,0.000244140625,False,False,,,,2.7296855952949475,0.09074898910920799,{},{}
"[1, 0, 0, 1, 1, 0, 0, 0, 1, 1, 0, 0, 1, 1, 0, 1, 1, 0]",100110001100110110,"[""11011001100011001""]",1,0.000244140625,False,False,,,,4.0714280797088,0.13913322851103319,{},{}
"[1, 0, 0, 1, 1, 0, 0, 0, 1, 1, 0, 0, 1, 1, 1, 0, 1, 1]",100110001100111011,"[""110111001100011001""]",1,0.000244140625,False,False,,,,7.258648017836888,0.2540667677736197,{},{}
"[1, 0, 0, 1, 1, 0, 0, 0, 1, 1, 0, 1, 0, 0, 0, 0, 0, 0]",100110001101000000,"[""101100011001""]",1,0.000244140625,False,False,,,,4.258970349085091,0.14589614327662484,{},{}
"[1, 0, 0, 1, 1, 0, 0, 0, 1, 1, 0, 1, 0, 0, 0, 0, 1, 1]",100110001101000011,"[""110000101100011001""]",1,0.000244140625,False,False,,,,4.766674856474551,0.1642043482535647,{},{}
"[1, 0, 0, 1, 1, 0, 0, 0, 1, 1, 0, 1, 0, 0, 1, 1, 0, 0]",100110001101001100,"[""1100101100011001""]",1,0.000244140625,False,False,,,,2.7732573623820196,0.09232021968019379,{},{}
"[1, 0, 0, 1, 1, 0, 0, 0, 1, 1, 0, 1, 0, 1, 1, 0, 0, 1]",100110001101011001,"[""100110101100011001""]",1,0.000244140625,False,False,,,,3.962483319434077,0.13520459881946506,{},{}
"[1, 0, 0, 1, 1, 0, 0, 0, 1, 1, 0, 1, 1, 1, 0, 0, 0, 1]",100110001101110001,"[""100011101100011001""]",1,0.000244140625,False,False,,,,3.990854230188389,0.13622767512056624,{},{}
"[1, 0, 0, 1, 1, 0, 0, 0, 1, 1, 1, 1, 0, 1, 0, 1, 0, 0]",100110001111010100,"[""1010111100011001""]",1,0.000244140625,False,False,,,,5.9399855326838376,0.2065148104397775,{},{}
"[1, 0, 0, 1, 1, 0, 0, 0, 1, 1, 1, 1, 1, 0, 1, 0, 0, 0]",100110001111101000,"[""101111100011001""]",1,0.000244140625,False,False,,,,7.956277637784467,0.27922381462683443,{},{}
"[1, 0, 0, 1, 1, 0, 0, 1, 0, 0, 0, 0, 0, 1, 0, 1, 0, 0]",100110010000010100,"[""1010000010011001""]",1,0.000244140625,False,False,,,,2.2894740224708876,0.0748746299274772,{},{}
"[1, 0, 0, 1, 1, 0, 0, 1, 0, 0, 0, 0, 1, 1, 0, 0, 0, 1]",100110010000110001,"[""100011000010011001""]",1,0.000244140625,False,False,,,,3.5141849188414325,0.1190386225686605,{},{}
"[1, 0, 0, 1, 1, 0, 0, 1, 0, 0, 0, 0, 1, 1, 0, 1, 0, 1]",100110010000110101,"[""101011000010011001""]",1,0.000244140625,False,False,,,,4.801200259405497,0.1654493601543283,{},{}
"[1, 0, 0, 1, 1, 0, 0, 1, 0, 0, 0, 0, 1, 1, 1, 0, 1, 0]",100110010000111010,"[""10111000010011001""]",1,0.000244140625,False,False,,,,6.761871288125906,0.236152626648326,{},{}
"[1, 0, 0, 1, 1, 0, 0, 1, 0, 0, 0, 1, 0, 1, 0, 0, 0, 0]",100110010001010000,"[""10100010011001""]",1,0.000244140625,False,False,,,,2.2367174974746855,0.07297219010383273,{},{}
"[1, 0, 0, 1, 1, 0, 0, 1, 0, 0, 0, 1, 1, 1, 0, 1, 0, 1]",100110010001110101,"[""101011100010011001""]",1,0.000244140625,False,False,,,,3.9875431975035367,0.13610827680087964,{},{}
"[1, 0, 0, 1, 1, 0, 0, 1, 0, 0, 1, 0, 0, 0, 0, 1, 1, 0]",100110010010000110,"[""11000010010011001""]",1,0.000244140625,False,False,,,,3.5580748561274342,0.12062132659543558,{},{}
"[1, 0, 0, 1, 1, 0, 0, 1, 0, 0, 1, 1, 0, 1, 1, 0, 1, 1]",100110010011011011,"[""110110110010011001""]",1,0.000244140625,False,False,,,,5.283662350727566,0.18284730469286617,{},{}
"[1, 0, 0, 1, 1, 0, 0, 1, 0, 0, 1, 1, 1, 1, 1, 1, 1, 0]",100110010011111110,"[""11111110010011001""]",1,0.000244140625,False,False,,,,8.551028503386865,0.3006709765077675,{},{}
"[1, 0, 0, 1, 1, 0, 0, 1, 0, 1, 0, 0, 0, 0, 1, 1, 1, 0]",100110010100001110,"[""11100001010011001""]",1,0.000244140625,False,False,,,,2.7679379643272615,0.092128398200331,{},{}
"[1, 0, 0, 1, 1, 0, 0, 1, 0, 1, 0, 1, 0, 1, 0, 1, 1, 0]",100110010101010110,"[""11010101010011001""]",1,0.000244140625,False,False,,,,4.003634435288133,0.13668853889311092,{},{}
"[1, 0, 0, 1, 1, 0, 0, 1, 0, 1, 1, 1, 0, 0, 0, 0, 1, 0]",100110010111000010,"[""10000111010011001""]",1,0.000244140625,False,False,,,,6.732414127409063,0.2350903793596114,{},{}
"[1, 0, 0, 1, 1, 0, 0, 1, 1, 0, 1, 1, 1, 0, 1, 0, 1, 0]",100110011011101010,"[""10101110110011001""]",1,0.000244140625,False,False,,,,5.250292281451852,0.18164395498944155,{},{}
"[1, 0, 0, 1, 1, 0, 0, 1, 1, 1, 0, 0, 1, 0, 0, 1, 1, 0]",100110011100100110,"[""11001001110011001""]",1,0.000244140625,False,False,,,,4.1024917672998,0.1402534083626558,{},{}
"[1, 0, 0, 1, 1, 0, 0, 1, 1, 1, 0, 0, 1, 1, 0, 1, 0, 0]",100110011100110100,"[""1011001110011001""]",1,0.000244140625,False,False,,,,4.080367226791298,0.1394555808532389,{},{}
"[1, 0, 0, 1, 1, 0, 0, 1, 1, 1, 0, 1, 1, 1, 0, 0, 0, 1]",100110011101110001,"[""100011101110011001""]",1,0.000244140625,False,False,,,,5.242453462969557,0.1813612813210733,{},{}
"[1, 0, 0, 1, 1, 0, 0, 1, 1, 1, 1, 0, 0, 0, 1, 1, 0, 0]",100110011110001100,"[""1100011110011001""]",1,0.000244140625,False,False,,,,3.999065228069343,0.136523769856937,{},{}
"[1, 0, 0, 1, 1, 0, 1, 0, 0, 0, 0, 1, 0, 1, 0, 0, 0, 0]",100110100001010000,"[""10100001011001""]",1,0.000244140625,False,False,,,,2.2461269429246804,0.07331150175758114,{},{}
"[1, 0, 0, 1, 1, 0, 1, 0, 0, 0, 0, 1, 1, 1, 0, 0, 0, 1]",100110100001110001,"[""100011100001011001""]",1,0.000244140625,False,False,,,,2.75540001900118,0.0916762704967582,{},{}
"[1, 0, 0, 1, 1, 0, 1, 0, 0, 0, 1, 0, 1, 1, 1, 1, 1, 0]",100110100010111110,"[""11111010001011001""]",1,0.000244140625,False,False,,,,7.328399172932169,0.2565820466932987,{},{}
"[1, 0, 0, 1, 1, 0, 1, 0, 0, 0, 1, 1, 0, 1, 1, 1, 0, 0]",100110100011011100,"[""1110110001011001""]",1,0.000244140625,False,False,,,,3.9756140347089923,0.13567810225157576,{},{}
"[1, 0, 0, 1, 1, 0, 1, 0, 0, 0, 1, 1, 0, 1, 1, 1, 1, 1]",100110100011011111,"[""111110110001011001""]",1,0.000244140625,False,False,,,,8.513531504858255,0.2993188066430332,{},{}
"[1, 0, 0, 1, 1, 0, 1, 0, 0, 0, 1, 1, 1, 1, 0, 1, 0, 0]",100110100011110100,"[""1011110001011001""]",1,0.000244140625,False,False,,,,4.04010899281018,0.1380038387689983,{},{}
"[1, 0, 0, 1, 1, 0, 1, 0, 0, 1, 0, 0, 0, 0, 1, 0, 1, 0]",100110100100001010,"[""10100001001011001""]",1,0.000244140625,False,False,,,,1.5264561165600696,0.04735963248473306,{},{}
"[1, 0, 0, 1, 1, 0, 1, 0, 0, 1, 0, 0, 0, 0, 1, 0, 1, 1]",100110100100001011,"[""110100001001011001""]",1,0.000244140625,False,False,,,,2.776083406587344,0.09242212895189006,{},{}
"[1, 0, 0, 1, 1, 0, 1, 0, 0, 1, 0, 0, 1, 1, 1, 0, 0, 0]",100110100100111000,"[""111001001011001""]",1,0.000244140625,False,False,,,,6.810452086648277,0.23790448664630845,{},{}
"[1, 0, 0, 1, 1, 0, 1, 0, 0, 1, 1, 1, 0, 0, 0, 0, 1, 1]",100110100111000011,"[""110000111001011001""]",1,0.000244140625,False,False,,,,8.010972831540169,0.28119616429865774,{},{}
"[1, 0, 0, 1, 1, 0, 1, 0, 1, 0, 0, 1, 0, 0, 1, 1, 0, 1]",100110101001001101,"[""101100100101011001""]",1,0.000244140625,False,False,,,,4.098155413984017,0.14009703621270975,{},{}
"[1, 0, 0, 1, 1, 0, 1, 0, 1, 0, 0, 1, 0, 1, 0, 0, 0, 1]",100110101001010001,"[""100010100101011001""]",1,0.000244140625,False,False,,,,2.7691245286545456,0.09217118659910639,{},{}
"[1, 0, 0, 1, 1, 0, 1, 0, 1, 0, 1, 0, 0, 0, 1, 1, 1, 0]",100110101010001110,"[""11100010101011001""]",1,0.000244140625,False,False,,,,4.025159859657551,0.1374647618256141,{},{}
"[1, 0, 0, 1, 1, 0, 1, 0, 1, 0, 1, 0, 0, 0, 1, 1, 1, 1]",100110101010001111,"[""111100010101011001""]",1,0.000244140625,False,False,,,,7.312141826744167,0.2559957946075699,{},{}
"[1, 0, 0, 1, 1, 0, 1, 0, 1, 0, 1, 0, 0, 1, 0, 1, 1, 1]",100110101010010111,"[""111010010101011001""]",1,0.000244140625,False,False,,,,7.349594640702451,0.2573463711435892,{},{}
"[1, 0, 0, 1, 1, 0, 1, 0, 1, 1, 1, 0, 0, 0, 0, 1, 0, 0]",100110101110000100,"[""1000011101011001""]",1,0.000244140625,False,False,,,,4.867804975242885,0.1678511761166324,{},{}
"[1, 0, 0, 1, 1, 0, 1, 0, 1, 1, 1, 1, 1, 1, 1, 0, 1, 0]",100110101111111010,"[""10111111101011001""]",1,0.000244140625,False,False,,,,11.799801288943879,0.41782415757230995,{},{}
"[1, 0, 0, 1, 1, 0, 1, 1, 0, 0, 0, 0, 0, 1, 1, 1, 1, 0]",100110110000011110,"[""11110000011011001""]",1,0.000244140625,False,False,,,,6.055183823105003,0.2106689471144119,{},{}
"[1, 0, 0, 1, 1, 0, 1, 1, 0, 0, 0, 0, 1, 0, 0, 0, 1, 0]",100110110000100010,"[""10001000011011001""]",1,0.000244140625,False,False,,,,3.580212012594857,0.12141960904578473,{},{}
"[1, 0, 0, 1, 1, 0, 1, 1, 0, 0, 1, 0, 0, 1, 1, 0, 0, 0]",100110110010011000,"[""110010011011001""]",1,0.000244140625,False,False,,,,4.7420407394703865,0.1633160235352021,{},{}
"[1, 0, 0, 1, 1, 0, 1, 1, 0, 0, 1, 1, 0, 1, 0, 0, 0, 0]",100110110011010000,"[""10110011011001""]",1,0.000244140625,False,False,,,,4.732702070205551,0.16297926412372557,{},{}
"[1, 0, 0, 1, 1, 0, 1, 1, 0, 1, 0, 0, 1, 1, 0, 0, 0, 0]",100110110100110000,"[""11001011011001""]",1,0.000244140625,False,False,,,,4.839074280733234,0.1668151257437153,{},{}
"[1, 0, 0, 1, 1, 0, 1, 1, 0, 1, 1, 0, 0, 0, 0, 0, 0, 1]",100110110110000001,"[""100000011011011001""]",1,0.000244140625,False,False,,,,4.781139907241461,0.16472596882338028,{},{}
"[1, 0, 0, 1, 1, 0, 1, 1, 0, 1, 1, 0, 1, 0, 1, 0, 1, 1]",100110110110101011,"[""110101011011011001""]",1,0.000244140625,False,False,,,,6.570220197387263,0.22924154470552655,{},{}
"[1, 0, 0, 1, 1, 0, 1, 1, 0, 1, 1, 1, 1, 0, 0, 0, 0, 1]",100110110111100001,"[""100001111011011001""]",1,0.000244140625,False,False,,,,7.29228069446588,0.2552795872949843,{},{}
"[1, 0, 0, 1, 1, 0, 1, 1, 1, 0, 0, 0, 1, 1, 1, 0, 0, 1]",100110111000111001,"[""100111000111011001""]",1,0.000244140625,False,False,,,,11.322739435042102,0.40062094964173167,{},{}
"[1, 0, 0, 1, 1, 0, 1, 1, 1, 0, 0, 1, 0, 0, 0, 1, 1, 1]",100110111001000111,"[""111000100111011001""]",1,0.000244140625,False,False,,,,11.333866845070332,0.4010222123855013,{},{}
"[1, 0, 0, 1, 1, 0, 1, 1, 1, 0, 1, 0, 1, 0, 0, 0, 1, 0]",100110111010100010,"[""10001010111011001""]",1,0.000244140625,False,False,,,,6.100779177906661,0.21231314977472965,{},{}
"[1, 0, 0, 1, 1, 0, 1, 1, 1, 0, 1, 1, 0, 1, 1, 1, 0, 0]",100110111011011100,"[""1110110111011001""]",1,0.000244140625,False,False,,,,8.525083158228291,0.2997353679196085,{},{}
"[1, 0, 0, 1, 1, 0, 1, 1, 1, 1, 0, 0, 1, 0, 0, 0, 0, 1]",100110111100100001,"[""100001001111011001""]",1,0.000244140625,False,False,,,,6.166269702966556,0.21467478718269578,{},{}
"[1, 0, 0, 1, 1, 0, 1, 1, 1, 1, 0, 0, 1, 1, 0, 1, 1, 1]",100110111100110111,"[""111011001111011001""]",1,0.000244140625,False,False,,,,12.030464549756084,0.4261420476011249,{},{}
"[1, 0, 0, 1, 1, 0, 1, 1, 1, 1, 0, 1, 0, 1, 1, 0, 0, 1]",100110111101011001,"[""100110101111011001""]",1,0.000244140625,False,False,,,,8.52989261632296,0.29990880058239483,{},{}
"[1, 0, 0, 1, 1, 0, 1, 1, 1, 1, 0, 1, 1, 0, 1, 0, 0, 0]",100110111101101000,"[""101101111011001""]",1,0.000244140625,False,False,,,,9.335272234268007,0.32895139310418336,{},{}
"[1, 0, 0, 1, 1, 0, 1, 1, 1, 1, 0, 1, 1, 0, 1, 0, 1, 0]",100110111101101010,"[""10101101111011001""]",1,0.000244140625,False,False,,,,8.58193552252873,0.3017855067777172,{},{}
"[1, 0, 0, 1, 1, 0, 1, 1, 1, 1, 1, 0, 0, 1, 0, 0, 1, 1]",100110111110010011,"[""110010011111011001""]",1,0.000244140625,False,False,,,,8.636056492085137,0.303737149494628,{},{}
"[1, 0, 0, 1, 1, 0, 1, 1, 1, 1, 1, 0, 1, 0, 0, 1, 0, 1]",100110111110100101,"[""101001011111011001""]",1,0.000244140625,False,False,,,,8.75540735267938,0.3080410309613675,{},{}
"[1, 0, 0, 1, 1, 0, 1, 1, 1, 1, 1, 1, 1, 0, 1, 1, 0, 1]",100110111111101101,"[""101101111111011001""]",1,0.000244140625,False,False,,,,13.219289367409944,0.4690119613531096,{},{}
"[1, 0, 0, 1, 1, 1, 0, 0, 0, 0, 0, 0, 0, 1, 1, 0, 1, 0]",100111000000011010,"[""10110000000111001""]",1,0.000244140625,False,False,,,,7.519105408163281,0.2634590564384838,{},{}
"[1, 0, 0, 1, 1, 1, 0, 0, 0, 0, 1, 0, 0, 1, 0, 1, 1, 1]",100111000010010111,"[""111010010000111001""]",1,0.000244140625,False,False,,,,10.110655660096928,0.3569123004610843,{},{}
"[1, 0, 0, 1, 1, 1, 0, 0, 0, 0, 1, 1, 0, 1, 1, 0, 1, 0]",100111000011011010,"[""10110110000111001""]",1,0.000244140625,False,False,,,,7.985967865637463,0.2802944664911239,{},{}
"[1, 0, 0, 1, 1, 1, 0, 0, 0, 1, 0, 0, 1, 0, 0, 0, 1, 0]",100111000100100010,"[""10001001000111001""]",1,0.000244140625,False,False,,,,5.561934086347751,0.192881991997927,{},{}
"[1, 0, 0, 1, 1, 1, 0, 0, 1, 0, 0, 1, 0, 1, 0, 1, 0, 0]",100111001001010100,"[""1010100100111001""]",1,0.000244140625,False,False,,,,4.776722930882293,0.16456668934607616,{},{}
"[1, 0, 0, 1, 1, 1, 0, 0, 1, 0, 1, 1, 0, 1, 0, 1, 1, 1]",100111001011010111,"[""111010110100111001""]",1,0.000244140625,False,False,,,,10.63790130813491,0.3759251736126597,{},{}
"[1, 0, 0, 1, 1, 1, 0, 0, 1, 0, 1, 1, 1, 0, 0, 1, 0, 0]",100111001011100100,"[""1001110100111001""]",1,0.000244140625,False,False,,,,6.056058063396961,0.21070047287443827,{},{}
"[1, 0, 0, 1, 1, 1, 0, 0, 1, 0, 1, 1, 1, 0, 1, 1, 1, 1]",100111001011101111,"[""111101110100111001""]",1,0.000244140625,False,False,,,,11.902035022796447,0.42151078262229186,{},{}
"[1, 0, 0, 1, 1, 1, 0, 0, 1, 0, 1, 1, 1, 1, 0, 0, 1, 0]",100111001011110010,"[""10011110100111001""]",1,0.000244140625,False,False,,,,7.269970931802556,0.25447508053587115,{},{}
"[1, 0, 0, 1, 1, 1, 0, 0, 1, 1, 0, 0, 0, 1, 0, 1, 1, 1]",100111001100010111,"[""111010001100111001""]",1,0.000244140625,False,False,,,,9.453948040750879,0.33323093161382544,{},{}
"[1, 0, 0, 1, 1, 1, 0, 0, 1, 1, 0, 1, 0, 1, 1, 0, 0, 0]",100111001101011000,"[""110101100111001""]",1,0.000244140625,False,False,,,,7.984093420456248,0.2802268725933029,{},{}
"[1, 0, 0, 1, 1, 1, 0, 0, 1, 1, 1, 0, 1, 0, 1, 0, 1, 0]",100111001110101010,"[""10101011100111001""]",1,0.000244140625,False,False,,,,7.273801755438901,0.25461322290676586,{},{}
"[1, 0, 0, 1, 1, 1, 0, 0, 1, 1, 1, 1, 0, 1, 1, 0, 1, 1]",100111001111011011,"[""110110111100111001""]",1,0.000244140625,False,False,,,,11.845271797708866,0.41946385819099385,{},{}
"[1, 0, 0, 1, 1, 1, 0, 0, 1, 1, 1, 1, 1, 0, 0, 1, 0, 1]",100111001111100101,"[""101001111100111001""]",1,0.000244140625,False,False,,,,10.69185068484241,0.3778706285628585,{},{}
"[1, 0, 0, 1, 1, 1, 0, 1, 0, 0, 0, 0, 1, 0, 1, 1, 0, 1]",100111010000101101,"[""101101000010111001""]",1,0.000244140625,False,False,,,,8.106760640805579,0.28465034447787346,{},{}
"[1, 0, 0, 1, 1, 1, 0, 1, 0, 0, 0, 0, 1, 1, 0, 1, 0, 0]",100111010000110100,"[""1011000010111001""]",1,0.000244140625,False,False,,,,6.814163442893641,0.23803832093356334,{},{}
"[1, 0, 0, 1, 1, 1, 0, 1, 0, 0, 0, 1, 1, 0, 0, 1, 1, 0]",100111010001100110,"[""11001100010111001""]",1,0.000244140625,False,False,,,,6.030528437842681,0.2097798554467231,{},{}
"[1, 0, 0, 1, 1, 1, 0, 1, 0, 0, 1, 0, 1, 0, 0, 0, 1, 1]",100111010010100011,"[""110001010010111001""]",1,0.000244140625,False,False,,,,6.092069572337572,0.21199907487150083,{},{}
"[1, 0, 0, 1, 1, 1, 0, 1, 0, 1, 0, 0, 0, 1, 1, 1, 0, 1]",100111010100011101,"[""101110001010111001""]",1,0.000244140625,False,False,,,,7.3391969049002945,0.25697142099918185,{},{}
"[1, 0, 0, 1, 1, 1, 0, 1, 0, 1, 0, 0, 1, 0, 0, 1, 0, 1]",100111010100100101,"[""101001001010111001""]",1,0.000244140625,False,False,,,,6.178723970262698,0.21512389739380616,{},{}
"[1, 0, 0, 1, 1, 1, 0, 1, 0, 1, 0, 1, 1, 1, 1, 0, 1, 1]",100111010101111011,"[""110111101010111001""]",1,0.000244140625,False,False,,,,11.816609381053132,0.41843026996865196,{},{}
"[1, 0, 0, 1, 1, 1, 0, 1, 0, 1, 1, 1, 1, 1, 0, 0, 1, 0]",100111010111110010,"[""10011111010111001""]",1,0.000244140625,False,False,,,,10.526958539298024,0.3719244942351633,{},{}
"[1, 0, 0, 1, 1, 1, 0, 1, 1, 0, 0, 0, 0, 0, 0, 1, 0, 0]",100111011000000100,"[""1000000110111001""]",1,0.000244140625,False,False,,,,7.6159993248908675,0.26695312368163004,{},{}
"[1, 0, 0, 1, 1, 1, 0, 1, 1, 0, 0, 1, 1, 0, 1, 0, 1, 0]",100111011001101010,"[""10101100110111001""]",1,0.000244140625,False,False,,,,7.2858332015404255,0.25504708586876385,{},{}
"[1, 0, 0, 1, 1, 1, 0, 1, 1, 0, 1, 0, 1, 0, 0, 0, 1, 0]",100111011010100010,"[""10001010110111001""]",1,0.000244140625,False,False,,,,6.1028998511725705,0.21238962284179186,{},{}
"[1, 0, 0, 1, 1, 1, 1, 0, 0, 1, 0, 0, 0, 0, 1, 0, 0, 1]",100111100100001001,"[""100100001001111001""]",1,0.000244140625,False,False,,,,4.864644686124094,0.16773721372289527,{},{}
"[1, 0, 0, 1, 1, 1, 1, 0, 0, 1, 0, 0, 0, 1, 0, 0, 0, 1]",100111100100010001,"[""100010001001111001""]",1,0.000244140625,False,False,,,,4.8675610785555605,0.16784238101932727,{},{}
"[1, 0, 0, 1, 1, 1, 1, 0, 0, 1, 0, 0, 0, 1, 0, 1, 0, 1]",100111100100010101,"[""101010001001111001""]",1,0.000244140625,False,False,,,,6.200039135731338,0.215892538232793,{},{}
"[1, 0, 0, 1, 1, 1, 1, 0, 0, 1, 0, 1, 0, 1, 0, 0, 1, 1]",100111100101010011,"[""110010101001111001""]",1,0.000244140625,False,False,,,,7.3389339899094335,0.25696194008760015,{},{}
"[1, 0, 0, 1, 1, 1, 1, 0, 0, 1, 0, 1, 1, 0, 0, 1, 1, 1]",100111100101100111,"[""111001101001111001""]",1,0.000244140625,False,False,,,,10.78266149385642,0.38114533438357096,{},{}
"[1, 0, 0, 1, 1, 1, 1, 0, 0, 1, 0, 1, 1, 1, 0, 0, 0, 1]",100111100101110001,"[""100011101001111001""]",1,0.000244140625,False,False,,,,7.370804349437483,0.2581112091337398,{},{}
"[1, 0, 0, 1, 1, 1, 1, 0, 0, 1, 1, 0, 0, 0, 1, 0, 0, 1]",100111100110001001,"[""100100011001111001""]",1,0.000244140625,False,False,,,,6.046006500311104,0.2103380059775798,{},{}
"[1, 0, 0, 1, 1, 1, 1, 0, 0, 1, 1, 0, 0, 1, 1, 1, 1, 0]",100111100110011110,"[""11110011001111001""]",1,0.000244140625,False,False,,,,8.58309213010509,0.30182721491360665,{},{}
"[1, 0, 0, 1, 1, 1, 1, 0, 0, 1, 1, 1, 0, 1, 0, 1, 0, 0]",100111100111010100,"[""1010111001111001""]",1,0.000244140625,False,False,,,,9.301258313403261,0.32772482562999805,{},{}
"[1, 0, 0, 1, 1, 1, 1, 0, 1, 0, 0, 0, 0, 1, 0, 1, 0, 0]",100111101000010100,"[""1010000101111001""]",1,0.000244140625,False,False,,,,6.87817404909746,0.2403465913586252,{},{}
"[1, 0, 0, 1, 1, 1, 1, 0, 1, 0, 0, 0, 1, 0, 0, 0, 1, 1]",100111101000100011,"[""110001000101111001""]",1,0.000244140625,False,False,,,,8.237073517154528,0.2893495244469436,{},{}
"[1, 0, 0, 1, 1, 1, 1, 0, 1, 0, 1, 0, 1, 1, 0, 1, 1, 1]",100111101010110111,"[""111011010101111001""]",1,0.000244140625,False,False,,,,12.040457726448965,0.4265024090409017,{},{}
"[1, 0, 0, 1, 1, 1, 1, 0, 1, 0, 1, 1, 1, 1, 0, 1, 1, 1]",100111101011110111,"[""111011110101111001""]",1,0.000244140625,False,False,,,,13.251934366496835,0.47018916448220516,{},{}
"[1, 0, 0, 1, 1, 1, 1, 0, 1, 1, 0, 0, 0, 0, 0, 1, 1, 1]",100111101100000111,"[""111000001101111001""]",1,0.000244140625,False,False,,,,11.558771752143132,0.40913245186354047,{},{}
"[1, 0, 0, 1, 1, 1, 1, 0, 1, 1, 0, 0, 0, 1, 0, 0, 1, 0]",100111101100010010,"[""10010001101111001""]",1,0.000244140625,False,False,,,,6.103815257481898,0.2124226330792517,{},{}
"[1, 0, 0, 1, 1, 1, 1, 0, 1, 1, 0, 0, 1, 0, 1, 1, 0, 1]",100111101100101101,"[""101101001101111001""]",1,0.000244140625,False,False,,,,8.889208360192033,0.3128659955539776,{},{}
"[1, 0, 0, 1, 1, 1, 1, 0, 1, 1, 1, 0, 0, 1, 1, 1, 0, 1]",100111101110011101,"[""101110011101111001""]",1,0.000244140625,False,False,,,,9.951423211265336,0.3511702590378582,{},{}
"[1, 0, 0, 1, 1, 1, 1, 1, 0, 1, 0, 0, 1, 1, 0, 1, 0, 1]",100111110100110101,"[""101011001011111001""]",1,0.000244140625,False,False,,,,8.779820478168041,0.30892138656008444,{},{}
"[1, 0, 0, 1, 1, 1, 1, 1, 0, 1, 1, 0, 1, 0, 1, 0, 1, 0]",100111110110101010,"[""10101011011111001""]",1,0.000244140625,False,False,,,,8.583183380875406,0.3018305054847616,{},{}
"[1, 0, 0, 1, 1, 1, 1, 1, 0, 1, 1, 1, 0, 0, 1, 1, 1, 1]",100111110111001111,"[""111100111011111001""]",1,0.000244140625,False,False,,,,15.172620818251277,0.5394505571689893,{},{}
"[1, 0, 0, 1, 1, 1, 1, 1, 1, 0, 0, 0, 1, 0, 0, 1, 0, 0]",100111111000100100,"[""1001000111111001""]",1,0.000244140625,False,False,,,,10.220693713987956,0.36088035513969896,{},{}
"[1, 0, 0, 1, 1, 1, 1, 1, 1, 0, 1, 0, 0, 1, 1, 0, 1, 0]",100111111010011010,"[""10110010111111001""]",1,0.000244140625,False,False,,,,10.613820905872966,0.3750568162628191,{},{}
"[1, 0, 0, 1, 1, 1, 1, 1, 1, 0, 1, 1, 0, 0, 0, 1, 0, 0]",100111111011000100,"[""1000110111111001""]",1,0.000244140625,False,False,,,,11.333352405584,0.40100366131213694,{},{}
"[1, 0, 0, 1, 1, 1, 1, 1, 1, 1, 0, 0, 0, 0, 0, 1, 0, 1]",100111111100000101,"[""101000001111111001""]",1,0.000244140625,False,False,,,,11.54503035813391,0.4086369268986681,{},{}
"[1, 0, 0, 1, 1, 1, 1, 1, 1, 1, 0, 0, 1, 0, 1, 1, 0, 1]",100111111100101101,"[""101101001111111001""]",1,0.000244140625,False,False,,,,12.114866845015326,0.42918565761372035,{},{}
"[1, 0, 1, 0, 0, 0, 0, 0, 0, 0, 1, 0, 0, 1, 1, 0, 0, 0]",101000000010011000,"[""110010000000101""]",1,0.000244140625,False,False,,,,5.052940833271179,0.17452731388580833,{},{}
"[1, 0, 1, 0, 0, 0, 0, 0, 0, 0, 1, 0, 1, 0, 1, 0, 0, 0]",101000000010101000,"[""101010000000101""]",1,0.000244140625,False,False,,,,5.061538760079351,0.17483736156923374,{},{}
"[1, 0, 1, 0, 0, 0, 0, 0, 0, 1, 0, 1, 1, 1, 1, 1, 0, 1]",101000000101111101,"[""101111101000000101""]",1,0.000244140625,False,False,,,,10.043101301634948,0.35447623967413755,{},{}
"[1, 0, 1, 0, 0, 0, 0, 0, 0, 1, 1, 0, 0, 0, 0, 0, 0, 0]",101000000110000000,"[""11000000101""]",1,0.000244140625,False,False,,,,5.783250282255297,0.20086281986220222,{},{}
"[1, 0, 1, 0, 0, 0, 0, 0, 0, 1, 1, 1, 1, 0, 1, 0, 1, 0]",101000000111101010,"[""10101111000000101""]",1,0.000244140625,False,False,,,,8.719283695003957,0.3067383847968907,{},{}
"[1, 0, 1, 0, 0, 0, 0, 0, 1, 0, 0, 0, 1, 0, 1, 1, 1, 0]",101000001000101110,"[""11101000100000101""]",1,0.000244140625,False,False,,,,5.566967330142447,0.19306349454074667,{},{}
"[1, 0, 1, 0, 0, 0, 0, 0, 1, 0, 1, 0, 0, 1, 1, 0, 1, 1]",101000001010011011,"[""110110010100000101""]",1,0.000244140625,False,False,,,,4.790873928379813,0.1650769849196666,{},{}
"[1, 0, 1, 0, 0, 0, 0, 0, 1, 0, 1, 0, 1, 1, 0, 1, 0, 0]",101000001010110100,"[""1011010100000101""]",1,0.000244140625,False,False,,,,3.4733700841516937,0.11756680904578697,{},{}
"[1, 0, 1, 0, 0, 0, 0, 0, 1, 1, 0, 1, 0, 1, 0, 1, 1, 1]",101000001101010111,"[""111010101100000101""]",1,0.000244140625,False,False,,,,7.970952434497998,0.279752998792655,{},{}
"[1, 0, 1, 0, 0, 0, 0, 0, 1, 1, 1, 0, 1, 1, 0, 1, 1, 0]",101000001110110110,"[""11011011100000101""]",1,0.000244140625,False,False,,,,5.931326881651922,0.20620257299534114,{},{}
"[1, 0, 1, 0, 0, 0, 0, 0, 1, 1, 1, 1, 1, 0, 1, 1, 0, 1]",101000001111101101,"[""101101111100000101""]",1,0.000244140625,False,False,,,,9.314309867954032,0.32819547446707825,{},{}
"[1, 0, 1, 0, 0, 0, 0, 1, 0, 0, 0, 0, 1, 0, 1, 0, 1, 1]",101000010000101011,"[""110101000010000101""]",1,0.000244140625,False,False,,,,5.526369416723179,0.19159950336143292,{},{}
"[1, 0, 1, 0, 0, 0, 0, 1, 0, 0, 0, 1, 1, 0, 0, 0, 0, 1]",101000010001100001,"[""100001100010000101""]",1,0.000244140625,False,False,,,,2.2790720215481666,0.07449952597962631,{},{}
"[1, 0, 1, 0, 0, 0, 0, 1, 0, 1, 0, 0, 0, 1, 0, 1, 0, 1]",101000010100010101,"[""101010001010000101""]",1,0.000244140625,False,False,,,,3.484745207950308,0.11797700453373708,{},{}
"[1, 0, 1, 0, 0, 0, 0, 1, 0, 1, 0, 1, 1, 0, 0, 1, 0, 1]",101000010101100101,"[""101001101010000101""]",1,0.000244140625,False,False,,,,4.766499414736293,0.1641980216930186,{},{}
"[1, 0, 1, 0, 0, 0, 0, 1, 0, 1, 0, 1, 1, 1, 1, 0, 1, 0]",101000010101111010,"[""10111101010000101""]",1,0.000244140625,False,False,,,,7.983555462471721,0.28020747342527047,{},{}
"[1, 0, 1, 0, 0, 0, 0, 1, 0, 1, 1, 0, 1, 1, 0, 1, 1, 0]",101000010110110110,"[""11011011010000101""]",1,0.000244140625,False,False,,,,5.961110652945651,0.20727659810619878,{},{}
"[1, 0, 1, 0, 0, 0, 0, 1, 0, 1, 1, 0, 1, 1, 1, 1, 1, 1]",101000010110111111,"[""111111011010000101""]",1,0.000244140625,False,False,,,,12.48326180910763,0.44247025606992524,{},{}
"[1, 0, 1, 0, 0, 0, 0, 1, 1, 0, 0, 0, 0, 1, 1, 0, 1, 1]",101000011000011011,"[""110110000110000101""]",1,0.000244140625,False,False,,,,6.850113751867801,0.23933471601397643,{},{}
"[1, 0, 1, 0, 0, 0, 0, 1, 1, 0, 1, 0, 0, 1, 1, 0, 1, 0]",101000011010011010,"[""10110010110000101""]",1,0.000244140625,False,False,,,,4.8242822138968515,0.16628171272939013,{},{}
"[1, 0, 1, 0, 0, 0, 0, 1, 1, 0, 1, 0, 0, 1, 1, 0, 1, 1]",101000011010011011,"[""110110010110000101""]",1,0.000244140625,False,False,,,,6.0925868424537954,0.21201772801950014,{},{}
"[1, 0, 1, 0, 0, 0, 0, 1, 1, 1, 0, 0, 0, 0, 0, 0, 1, 0]",101000011100000010,"[""10000001110000101""]",1,0.000244140625,False,False,,,,4.2596029694649316,0.14591895604156613,{},{}
"[1, 0, 1, 0, 0, 0, 0, 1, 1, 1, 0, 1, 0, 0, 1, 0, 0, 0]",101000011101001000,"[""100101110000101""]",1,0.000244140625,False,False,,,,5.571015434591172,0.19320947222055182,{},{}
"[1, 0, 1, 0, 0, 0, 0, 1, 1, 1, 1, 0, 0, 0, 1, 1, 1, 0]",101000011110001110,"[""11100011110000101""]",1,0.000244140625,False,False,,,,5.973404761559338,0.2077199328752074,{},{}
"[1, 0, 1, 0, 0, 0, 1, 0, 0, 0, 0, 1, 1, 0, 0, 1, 1, 1]",101000100001100111,"[""111001100001000101""]",1,0.000244140625,False,False,,,,6.809218544252268,0.23786000418317255,{},{}
"[1, 0, 1, 0, 0, 0, 1, 0, 0, 0, 0, 1, 1, 0, 1, 1, 0, 0]",101000100001101100,"[""1101100001000101""]",1,0.000244140625,False,False,,,,3.691924190681397,0.12544803389736847,{},{}
"[1, 0, 1, 0, 0, 0, 1, 0, 0, 0, 1, 1, 1, 1, 0, 0, 0, 1]",101000100011110001,"[""100011110001000101""]",1,0.000244140625,False,False,,,,4.686775944069495,0.1613231336012311,{},{}
"[1, 0, 1, 0, 0, 0, 1, 0, 0, 1, 1, 0, 1, 0, 1, 0, 0, 0]",101000100110101000,"[""101011001000101""]",1,0.000244140625,False,False,,,,5.540566327854266,0.19211145461505444,{},{}
"[1, 0, 1, 0, 0, 0, 1, 0, 0, 1, 1, 1, 1, 0, 1, 1, 0, 1]",101000100111101101,"[""101101111001000101""]",1,0.000244140625,False,False,,,,9.36029402499079,0.3298536976273366,{},{}
"[1, 0, 1, 0, 0, 0, 1, 0, 1, 0, 0, 1, 0, 1, 0, 1, 0, 0]",101000101001010100,"[""1010100101000101""]",1,0.000244140625,False,False,,,,3.530060723982076,0.11961111599831975,{},{}
"[1, 0, 1, 0, 0, 0, 1, 0, 1, 0, 1, 0, 1, 0, 0, 0, 1, 1]",101000101010100011,"[""110001010101000101""]",1,0.000244140625,False,False,,,,4.775809350730541,0.1645337449612269,{},{}
"[1, 0, 1, 0, 0, 0, 1, 0, 1, 1, 0, 0, 0, 0, 0, 1, 0, 1]",101000101100000101,"[""101000001101000101""]",1,0.000244140625,False,False,,,,5.66266827953017,0.19651454248768588,{},{}
"[1, 0, 1, 0, 0, 0, 1, 0, 1, 1, 0, 0, 1, 0, 0, 0, 0, 1]",101000101100100001,"[""100001001101000101""]",1,0.000244140625,False,False,,,,3.657870377325448,0.12422002787005758,{},{}
"[1, 0, 1, 0, 0, 0, 1, 0, 1, 1, 1, 0, 1, 0, 0, 1, 0, 1]",101000101110100101,"[""101001011101000101""]",1,0.000244140625,False,False,,,,6.130986475981138,0.21340244757866425,{},{}
"[1, 0, 1, 0, 0, 0, 1, 0, 1, 1, 1, 0, 1, 0, 1, 1, 1, 1]",101000101110101111,"[""111101011101000101""]",1,0.000244140625,False,False,,,,10.595095977906807,0.37438158132912586,{},{}
"[1, 0, 1, 0, 0, 0, 1, 1, 0, 0, 1, 1, 1, 0, 0, 0, 0, 0]",101000110011100000,"[""1110011000101""]",1,0.000244140625,False,False,,,,5.506018578269647,0.19086563687721428,{},{}
"[1, 0, 1, 0, 0, 0, 1, 1, 0, 1, 0, 0, 0, 1, 0, 0, 1, 0]",101000110100010010,"[""10010001011000101""]",1,0.000244140625,False,False,,,,3.4797288554090997,0.11779611110217536,{},{}
"[1, 0, 1, 0, 0, 0, 1, 1, 1, 0, 0, 0, 0, 0, 0, 1, 0, 0]",101000111000000100,"[""1000000111000101""]",1,0.000244140625,False,False,,,,8.346816705001412,0.2933069460350532,{},{}
"[1, 0, 1, 0, 0, 0, 1, 1, 1, 0, 0, 0, 0, 0, 0, 1, 1, 0]",101000111000000110,"[""11000000111000101""]",1,0.000244140625,False,False,,,,9.540964390432089,0.3363688063876781,{},{}
"[1, 0, 1, 0, 0, 0, 1, 1, 1, 0, 1, 0, 0, 0, 0, 0, 0, 0]",101000111010000000,"[""10111000101""]",1,0.000244140625,False,False,,,,8.307756394623851,0.2918984019736023,{},{}
"[1, 0, 1, 0, 0, 0, 1, 1, 1, 0, 1, 0, 0, 1, 0, 1, 0, 0]",101000111010010100,"[""1010010111000101""]",1,0.000244140625,False,False,,,,6.750155217300929,0.23573013635512186,{},{}
"[1, 0, 1, 0, 0, 0, 1, 1, 1, 1, 1, 0, 1, 1, 1, 0, 1, 1]",101000111110111011,"[""110111011111000101""]",1,0.000244140625,False,False,,,,13.794205049260016,0.4897438516447473,{},{}
"[1, 0, 1, 0, 0, 0, 1, 1, 1, 1, 1, 1, 1, 0, 0, 0, 1, 1]",101000111111100011,"[""110001111111000101""]",1,0.000244140625,False,False,,,,12.523715950879515,0.4439290627359013,{},{}
"[1, 0, 1, 0, 0, 0, 1, 1, 1, 1, 1, 1, 1, 1, 1, 1, 0, 1]",101000111111111101,"[""101111111111000101""]",1,0.000244140625,False,False,,,,17.12916498599161,0.6100050059636463,{},{}
"[1, 0, 1, 0, 0, 1, 0, 0, 0, 0, 0, 0, 0, 1, 0, 0, 0, 0]",101001000000010000,"[""10000000100101""]",1,0.000244140625,False,False,,,,3.864899427835405,0.1316856505654456,{},{}
"[1, 0, 1, 0, 0, 1, 0, 0, 0, 0, 0, 0, 1, 0, 1, 0, 0, 0]",101001000000101000,"[""101000000100101""]",1,0.000244140625,False,False,,,,5.136368700804115,0.17753578530442093,{},{}
"[1, 0, 1, 0, 0, 1, 0, 0, 0, 0, 0, 1, 0, 1, 0, 1, 1, 0]",101001000001010110,"[""11010100000100101""]",1,0.000244140625,False,False,,,,3.497511974293773,0.11843738369466023,{},{}
"[1, 0, 1, 0, 0, 1, 0, 0, 0, 0, 1, 0, 1, 0, 0, 0, 1, 0]",101001000010100010,"[""10001010000100101""]",1,0.000244140625,False,False,,,,2.2395592962148267,0.07307466749585989,{},{}
"[1, 0, 1, 0, 0, 1, 0, 0, 0, 0, 1, 1, 1, 0, 0, 1, 1, 1]",101001000011100111,"[""111001110000100101""]",1,0.000244140625,False,False,,,,7.9996890187536716,0.28078926155422707,{},{}
"[1, 0, 1, 0, 0, 1, 0, 0, 0, 1, 0, 0, 0, 0, 0, 0, 1, 0]",101001000100000010,"[""10000001000100101""]",1,0.000244140625,False,False,,,,3.044964498982534,0.10211818262552512,{},{}
"[1, 0, 1, 0, 0, 1, 0, 0, 0, 1, 0, 0, 0, 0, 0, 1, 1, 0]",101001000100000110,"[""11000001000100101""]",1,0.000244140625,False,False,,,,4.287958275857224,0.14694146963768,{},{}
"[1, 0, 1, 0, 0, 1, 0, 0, 0, 1, 1, 0, 0, 1, 1, 1, 1, 0]",101001000110011110,"[""11110011000100101""]",1,0.000244140625,False,False,,,,5.93857806356001,0.2064640560485072,{},{}
"[1, 0, 1, 0, 0, 1, 0, 0, 0, 1, 1, 0, 1, 1, 0, 1, 1, 1]",101001000110110111,"[""111011011000100101""]",1,0.000244140625,False,False,,,,9.24128082130486,0.3255619923217289,{},{}
"[1, 0, 1, 0, 0, 1, 0, 0, 1, 0, 0, 1, 1, 0, 0, 0, 1, 0]",101001001001100010,"[""10001100100100101""]",1,0.000244140625,False,False,,,,1.5736512999428554,0.049061526162492916,{},{}
"[1, 0, 1, 0, 0, 1, 0, 0, 1, 0, 0, 1, 1, 1, 1, 0, 0, 0]",101001001001111000,"[""111100100100101""]",1,0.000244140625,False,False,,,,6.842727964098725,0.23906837897259836,{},{}
"[1, 0, 1, 0, 0, 1, 0, 0, 1, 0, 1, 1, 0, 0, 1, 0, 1, 1]",101001001011001011,"[""110100110100100101""]",1,0.000244140625,False,False,,,,4.161913883415342,0.1423962143968207,{},{}
"[1, 0, 1, 0, 0, 1, 0, 0, 1, 1, 0, 0, 0, 1, 0, 0, 1, 0]",101001001100010010,"[""10010001100100101""]",1,0.000244140625,False,False,,,,1.5179736271456004,0.04705374756022578,{},{}
"[1, 0, 1, 0, 0, 1, 0, 0, 1, 1, 0, 0, 1, 0, 0, 1, 1, 0]",101001001100100110,"[""11001001100100101""]",1,0.000244140625,False,False,,,,2.833807020398118,0.09450368572019875,{},{}
"[1, 0, 1, 0, 0, 1, 0, 0, 1, 1, 0, 1, 0, 1, 0, 0, 0, 0]",101001001101010000,"[""10101100100101""]",1,0.000244140625,False,False,,,,3.5328494209046832,0.11971167849901564,{},{}
"[1, 0, 1, 0, 0, 1, 0, 0, 1, 1, 0, 1, 0, 1, 0, 0, 1, 0]",101001001101010010,"[""10010101100100101""]",1,0.000244140625,False,False,,,,2.7481276057231403,0.0914140218244823,{},{}
"[1, 0, 1, 0, 0, 1, 0, 0, 1, 1, 1, 0, 0, 0, 1, 0, 0, 1]",101001001110001001,"[""100100011100100101""]",1,0.000244140625,False,False,,,,2.8600683708953145,0.0954506896976622,{},{}
"[1, 0, 1, 0, 0, 1, 0, 1, 0, 0, 0, 0, 0, 1, 1, 0, 0, 0]",101001010000011000,"[""110000010100101""]",1,0.000244140625,False,False,,,,4.344164248110007,0.14896829911418646,{},{}
"[1, 0, 1, 0, 0, 1, 0, 1, 0, 0, 0, 1, 0, 1, 0, 1, 1, 1]",101001010001010111,"[""111010100010100101""]",1,0.000244140625,False,False,,,,6.03798588666098,0.21004877663923424,{},{}
"[1, 0, 1, 0, 0, 1, 0, 1, 0, 0, 0, 1, 0, 1, 1, 0, 0, 1]",101001010001011001,"[""100110100010100101""]",1,0.000244140625,False,False,,,,2.8691977101166595,0.09577990051091224,{},{}
"[1, 0, 1, 0, 0, 1, 0, 1, 0, 0, 0, 1, 1, 0, 0, 1, 1, 0]",101001010001100110,"[""11001100010100101""]",1,0.000244140625,False,False,,,,2.739207088337321,0.0910923412830987,{},{}
"[1, 0, 1, 0, 0, 1, 0, 1, 0, 0, 1, 0, 0, 0, 0, 0, 1, 1]",101001010010000011,"[""110000010010100101""]",1,0.000244140625,False,False,,,,3.578281637463907,0.12134999827206609,{},{}
"[1, 0, 1, 0, 0, 1, 0, 1, 0, 0, 1, 1, 1, 0, 1, 0, 1, 0]",101001010011101010,"[""10101110010100101""]",1,0.000244140625,False,False,,,,4.006508908394834,0.13679219454728028,{},{}
"[1, 0, 1, 0, 0, 1, 0, 1, 0, 1, 0, 0, 0, 0, 1, 1, 1, 1]",101001010100001111,"[""111100001010100101""]",1,0.000244140625,False,False,,,,6.052763910296104,0.21058168324519896,{},{}
"[1, 0, 1, 0, 0, 1, 0, 1, 0, 1, 0, 0, 1, 1, 0, 1, 1, 0]",101001010100110110,"[""11011001010100101""]",1,0.000244140625,False,False,,,,3.986243246372897,0.13606139958901062,{},{}
"[1, 0, 1, 0, 0, 1, 0, 1, 0, 1, 0, 1, 0, 1, 0, 1, 0, 1]",101001010101010101,"[""101010101010100101""]",1,0.000244140625,False,False,,,,4.011962031257931,0.13698883824393637,{},{}
"[1, 0, 1, 0, 0, 1, 0, 1, 0, 1, 0, 1, 1, 0, 1, 0, 0, 1]",101001010101101001,"[""100101101010100101""]",1,0.000244140625,False,False,,,,4.062412656863898,0.13880812560767913,{},{}
"[1, 0, 1, 0, 0, 1, 0, 1, 0, 1, 1, 0, 0, 0, 1, 0, 1, 0]",101001010110001010,"[""10100011010100101""]",1,0.000244140625,False,False,,,,2.718190009575137,0.09033444967411328,{},{}
"[1, 0, 1, 0, 0, 1, 0, 1, 1, 0, 0, 0, 1, 0, 1, 1, 1, 1]",101001011000101111,"[""111101000110100101""]",1,0.000244140625,False,False,,,,9.408049324729067,0.3315757895205899,{},{}
"[1, 0, 1, 0, 0, 1, 0, 1, 1, 0, 0, 1, 0, 0, 0, 1, 0, 0]",101001011001000100,"[""1000100110100101""]",1,0.000244140625,False,False,,,,3.5917630473179694,0.12183614801348837,{},{}
"[1, 0, 1, 0, 0, 1, 0, 1, 1, 0, 0, 1, 0, 0, 0, 1, 0, 1]",101001011001000101,"[""101000100110100101""]",1,0.000244140625,False,False,,,,4.908202175121428,0.16930792941526604,{},{}
"[1, 0, 1, 0, 0, 1, 0, 1, 1, 0, 0, 1, 0, 1, 1, 0, 0, 0]",101001011001011000,"[""110100110100101""]",1,0.000244140625,False,False,,,,4.880027988951658,0.16829194715009593,{},{}
"[1, 0, 1, 0, 0, 1, 0, 1, 1, 0, 0, 1, 0, 1, 1, 0, 0, 1]",101001011001011001,"[""100110100110100101""]",1,0.000244140625,False,False,,,,4.196467116755116,0.14364222988298095,{},{}
"[1, 0, 1, 0, 0, 1, 0, 1, 1, 0, 0, 1, 1, 1, 1, 1, 0, 0]",101001011001111100,"[""1111100110100101""]",1,0.000244140625,False,False,,,,7.33411200620931,0.2567880557420952,{},{}
"[1, 0, 1, 0, 0, 1, 0, 1, 1, 0, 1, 0, 1, 1, 0, 1, 0, 1]",101001011010110101,"[""101011010110100101""]",1,0.000244140625,False,False,,,,5.349731495961024,0.18522980757787103,{},{}
"[1, 0, 1, 0, 0, 1, 0, 1, 1, 1, 0, 0, 0, 1, 0, 0, 0, 0]",101001011100010000,"[""10001110100101""]",1,0.000244140625,False,False,,,,3.541747038298202,0.12003253324951713,{},{}
"[1, 0, 1, 0, 0, 1, 0, 1, 1, 1, 0, 0, 1, 0, 1, 0, 1, 0]",101001011100101010,"[""10101001110100101""]",1,0.000244140625,False,False,,,,4.032221432054213,0.13771940741771715,{},{}
"[1, 0, 1, 0, 0, 1, 0, 1, 1, 1, 0, 0, 1, 1, 1, 1, 1, 1]",101001011100111111,"[""111111001110100101""]",1,0.000244140625,False,False,,,,11.901034494027176,0.42147470280514127,{},{}
"[1, 0, 1, 0, 0, 1, 0, 1, 1, 1, 1, 1, 0, 1, 0, 1, 0, 1]",101001011111010101,"[""101010111110100101""]",1,0.000244140625,False,False,,,,8.559766983086556,0.3009860926337822,{},{}
"[1, 0, 1, 0, 0, 1, 1, 0, 0, 0, 0, 0, 0, 0, 0, 0, 1, 0]",101001100000000010,"[""10000000001100101""]",1,0.000244140625,False,False,,,,3.0757260582071067,0.10322746750185915,{},{}
"[1, 0, 1, 0, 0, 1, 1, 0, 0, 0, 0, 0, 1, 1, 0, 0, 1, 0]",101001100000110010,"[""10011000001100101""]",1,0.000244140625,False,False,,,,3.5017401104842447,0.11858985345397673,{},{}
"[1, 0, 1, 0, 0, 1, 1, 0, 0, 0, 0, 1, 0, 0, 0, 0, 1, 0]",101001100001000010,"[""10000100001100101""]",1,0.000244140625,False,False,,,,2.3073211897069843,0.07551821215150803,{},{}
"[1, 0, 1, 0, 0, 1, 1, 0, 0, 0, 0, 1, 1, 0, 0, 1, 0, 0]",101001100001100100,"[""1001100001100101""]",1,0.000244140625,False,False,,,,1.6324151458932623,0.051180594481238566,{},{}
"[1, 0, 1, 0, 0, 1, 1, 0, 0, 0, 1, 0, 1, 0, 0, 0, 0, 1]",101001100010100001,"[""100001010001100101""]",1,0.000244140625,False,False,,,,1.546869037880234,0.048095737723643284,{},{}
"[1, 0, 1, 0, 0, 1, 1, 0, 0, 0, 1, 1, 0, 1, 1, 1, 0, 1]",101001100011011101,"[""101110110001100101""]",1,0.000244140625,False,False,,,,5.2783967427463345,0.18265742292336154,{},{}
"[1, 0, 1, 0, 0, 1, 1, 0, 0, 0, 1, 1, 1, 1, 0, 0, 0, 0]",101001100011110000,"[""11110001100101""]",1,0.000244140625,False,False,,,,4.6939745158682875,0.16158271949443337,{},{}
"[1, 0, 1, 0, 0, 1, 1, 0, 0, 1, 0, 0, 0, 0, 1, 0, 1, 0]",101001100100001010,"[""10100001001100101""]",1,0.000244140625,False,False,,,,1.5308429284093323,0.047517824207206696,{},{}
"[1, 0, 1, 0, 0, 1, 1, 0, 0, 1, 0, 1, 0, 0, 0, 0, 1, 0]",101001100101000010,"[""10000101001100101""]",1,0.000244140625,False,False,,,,3.527960622564657,0.1195353847675293,{},{}
"[1, 0, 1, 0, 0, 1, 1, 0, 0, 1, 0, 1, 1, 0, 0, 1, 0, 1]",101001100101100101,"[""101001101001100101""]",1,0.000244140625,False,False,,,,4.212175751749702,0.144208695031907,{},{}
"[1, 0, 1, 0, 0, 1, 1, 0, 0, 1, 0, 1, 1, 1, 1, 0, 1, 0]",101001100101111010,"[""10111101001100101""]",1,0.000244140625,False,False,,,,7.2758555713686555,0.25468728504818783,{},{}
"[1, 0, 1, 0, 0, 1, 1, 0, 0, 1, 1, 1, 0, 0, 0, 0, 0, 1]",101001100111000001,"[""100000111001100101""]",1,0.000244140625,False,False,,,,6.775581863535437,0.2366470402714001,{},{}
"[1, 0, 1, 0, 0, 1, 1, 0, 0, 1, 1, 1, 0, 1, 0, 1, 1, 0]",101001100111010110,"[""11010111001100101""]",1,0.000244140625,False,False,,,,7.2074257644594635,0.2522196549342309,{},{}
"[1, 0, 1, 0, 0, 1, 1, 0, 1, 0, 1, 0, 0, 0, 1, 0, 0, 0]",101001101010001000,"[""100010101100101""]",1,0.000244140625,False,False,,,,3.585891200964771,0.1216244048340153,{},{}
"[1, 0, 1, 0, 0, 1, 1, 0, 1, 0, 1, 1, 1, 0, 1, 1, 0, 0]",101001101011101100,"[""1101110101100101""]",1,0.000244140625,False,False,,,,5.38474717905088,0.18649249934854875,{},{}
"[1, 0, 1, 0, 0, 1, 1, 0, 1, 1, 0, 0, 0, 0, 1, 1, 0, 0]",101001101100001100,"[""1100001101100101""]",1,0.000244140625,False,False,,,,2.930227391814875,0.09798067656459265,{},{}
"[1, 0, 1, 0, 0, 1, 1, 0, 1, 1, 0, 0, 1, 0, 0, 1, 0, 1]",101001101100100101,"[""101001001101100101""]",1,0.000244140625,False,False,,,,4.317188696153116,0.1479955404969107,{},{}
"[1, 0, 1, 0, 0, 1, 1, 0, 1, 1, 0, 1, 1, 0, 1, 0, 1, 1]",101001101101101011,"[""110101101101100101""]",1,0.000244140625,False,False,,,,6.696953300783774,0.2338116353794846,{},{}
"[1, 0, 1, 0, 0, 1, 1, 0, 1, 1, 1, 0, 1, 1, 0, 0, 1, 1]",101001101110110011,"[""110011011101100101""]",1,0.000244140625,False,False,,,,6.585284104479934,0.22978476048319274,{},{}
"[1, 0, 1, 0, 0, 1, 1, 0, 1, 1, 1, 0, 1, 1, 1, 0, 1, 0]",101001101110111010,"[""10111011101100101""]",1,0.000244140625,False,False,,,,8.511219930363527,0.2992354495346109,{},{}
"[1, 0, 1, 0, 0, 1, 1, 1, 0, 0, 0, 0, 0, 1, 0, 1, 0, 0]",101001110000010100,"[""1010000011100101""]",1,0.000244140625,False,False,,,,3.521693331037901,0.11930938153877706,{},{}
"[1, 0, 1, 0, 0, 1, 1, 1, 0, 0, 0, 1, 0, 1, 0, 1, 0, 0]",101001110001010100,"[""1010100011100101""]",1,0.000244140625,False,False,,,,2.7453909461952817,0.09131533583123447,{},{}
"[1, 0, 1, 0, 0, 1, 1, 1, 0, 0, 1, 0, 0, 0, 0, 1, 0, 0]",101001110010000100,"[""1000010011100101""]",1,0.000244140625,False,False,,,,3.5030159925082307,0.11863586271582402,{},{}
"[1, 0, 1, 0, 0, 1, 1, 1, 0, 0, 1, 0, 0, 0, 0, 1, 1, 1]",101001110010000111,"[""111000010011100101""]",1,0.000244140625,False,False,,,,8.023319376028681,0.2816413899446046,{},{}
"[1, 0, 1, 0, 0, 1, 1, 1, 0, 0, 1, 0, 0, 1, 0, 0, 1, 0]",101001110010010010,"[""10010010011100101""]",1,0.000244140625,False,False,,,,2.7490497056986536,0.09144727344056058,{},{}
"[1, 0, 1, 0, 0, 1, 1, 1, 0, 0, 1, 1, 0, 1, 0, 0, 0, 1]",101001110011010001,"[""100010110011100101""]",1,0.000244140625,False,False,,,,3.9965728097704902,0.1364338913854255,{},{}
"[1, 0, 1, 0, 0, 1, 1, 1, 0, 1, 0, 0, 0, 0, 1, 0, 0, 0]",101001110100001000,"[""100001011100101""]",1,0.000244140625,False,False,,,,3.5470102546940385,0.12022232877666034,{},{}
"[1, 0, 1, 0, 0, 1, 1, 1, 0, 1, 0, 0, 0, 1, 0, 1, 0, 0]",101001110100010100,"[""1010001011100101""]",1,0.000244140625,False,False,,,,2.7744536086804006,0.09236335721810196,{},{}
"[1, 0, 1, 0, 0, 1, 1, 1, 0, 1, 0, 0, 0, 1, 1, 1, 1, 1]",101001110100011111,"[""111110001011100101""]",1,0.000244140625,False,False,,,,8.578060680522727,0.30164577707142814,{},{}
"[1, 0, 1, 0, 0, 1, 1, 1, 0, 1, 0, 1, 0, 0, 1, 0, 0, 1]",101001110101001001,"[""100100101011100101""]",1,0.000244140625,False,False,,,,4.089279902308023,0.1397769786109468,{},{}
"[1, 0, 1, 0, 0, 1, 1, 1, 0, 1, 0, 1, 0, 0, 1, 1, 1, 1]",101001110101001111,"[""111100101011100101""]",1,0.000244140625,False,False,,,,8.603474146595094,0.30256220570118325,{},{}
"[1, 0, 1, 0, 0, 1, 1, 1, 0, 1, 1, 0, 0, 0, 0, 1, 0, 0]",101001110110000100,"[""1000011011100101""]",1,0.000244140625,False,False,,,,4.75577627015073,0.16381133706404158,{},{}
"[1, 0, 1, 0, 0, 1, 1, 1, 0, 1, 1, 0, 1, 1, 1, 0, 0, 0]",101001110110111000,"[""111011011100101""]",1,0.000244140625,False,False,,,,9.229683899508222,0.3251437986317691,{},{}
"[1, 0, 1, 0, 0, 1, 1, 1, 1, 0, 0, 1, 0, 0, 0, 0, 0, 0]",101001111001000000,"[""100111100101""]",1,0.000244140625,False,False,,,,7.607667458611816,0.26665267034025303,{},{}
"[1, 0, 1, 0, 0, 1, 1, 1, 1, 0, 0, 1, 1, 0, 0, 1, 1, 1]",101001111001100111,"[""111001100111100101""]",1,0.000244140625,False,False,,,,10.66326372232703,0.37683976127335816,{},{}
"[1, 0, 1, 0, 0, 1, 1, 1, 1, 0, 1, 0, 0, 0, 1, 0, 0, 0]",101001111010001000,"[""100010111100101""]",1,0.000244140625,False,False,,,,6.826383949858167,0.23847900157195098,{},{}
"[1, 0, 1, 0, 0, 1, 1, 1, 1, 0, 1, 0, 0, 1, 1, 1, 0, 0]",101001111010011100,"[""1110010111100101""]",1,0.000244140625,False,False,,,,7.30325514374991,0.2556753341596993,{},{}
"[1, 0, 1, 0, 0, 1, 1, 1, 1, 0, 1, 1, 0, 0, 1, 1, 0, 1]",101001111011001101,"[""101100110111100101""]",1,0.000244140625,False,False,,,,8.653005253968233,0.3043483345484236,{},{}
"[1, 0, 1, 0, 0, 1, 1, 1, 1, 0, 1, 1, 0, 1, 0, 1, 1, 1]",101001111011010111,"[""111010110111100101""]",1,0.000244140625,False,False,,,,11.870629774616017,0.4203782858398713,{},{}
"[1, 0, 1, 0, 0, 1, 1, 1, 1, 1, 0, 1, 0, 1, 0, 1, 1, 1]",101001111101010111,"[""111010101111100101""]",1,0.000244140625,False,False,,,,11.88881447801502,0.421034039870864,{},{}
"[1, 0, 1, 0, 0, 1, 1, 1, 1, 1, 1, 0, 0, 0, 1, 1, 0, 0]",101001111110001100,"[""1100011111100101""]",1,0.000244140625,False,False,,,,7.3261412069374074,0.2565006227475559,{},{}
"[1, 0, 1, 0, 0, 1, 1, 1, 1, 1, 1, 1, 0, 0, 1, 1, 1, 0]",101001111111001110,"[""11100111111100101""]",1,0.000244140625,False,False,,,,11.838442852926104,0.4192176013249639,{},{}
"[1, 0, 1, 0, 0, 1, 1, 1, 1, 1, 1, 1, 0, 1, 1, 1, 0, 1]",101001111111011101,"[""101110111111100101""]",1,0.000244140625,False,False,,,,13.159332295093227,0.46684986439746917,{},{}
"[1, 0, 1, 0, 0, 1, 1, 1, 1, 1, 1, 1, 1, 1, 0, 1, 1, 1]",101001111111110111,"[""111011111111100101""]",1,0.000244140625,False,False,,,,16.452082215165348,0.585588893886208,{},{}
"[1, 0, 1, 0, 1, 0, 0, 0, 0, 0, 0, 0, 0, 1, 0, 0, 0, 1]",101010000000010001,"[""100010000000010101""]",1,0.000244140625,False,False,,,,3.075192807633325,0.10320823808658555,{},{}
"[1, 0, 1, 0, 1, 0, 0, 0, 0, 0, 1, 1, 0, 1, 0, 0, 0, 1]",101010000011010001,"[""100010110000010101""]",1,0.000244140625,False,False,,,,3.510087298716039,0.1188908593164509,{},{}
"[1, 0, 1, 0, 1, 0, 0, 0, 0, 1, 0, 1, 0, 0, 0, 0, 0, 1]",101010000101000001,"[""100000101000010101""]",1,0.000244140625,False,False,,,,4.274027986319984,0.14643913295852135,{},{}
"[1, 0, 1, 0, 1, 0, 0, 0, 0, 1, 1, 0, 1, 0, 1, 0, 0, 1]",101010000110101001,"[""100101011000010101""]",1,0.000244140625,False,False,,,,4.692144522254625,0.16151672855344745,{},{}
"[1, 0, 1, 0, 1, 0, 0, 0, 0, 1, 1, 1, 0, 1, 0, 1, 0, 1]",101010000111010101,"[""101010111000010101""]",1,0.000244140625,False,False,,,,7.925375485992012,0.2781094598771517,{},{}
"[1, 0, 1, 0, 1, 0, 0, 0, 0, 1, 1, 1, 1, 0, 1, 1, 1, 1]",101010000111101111,"[""111101111000010101""]",1,0.000244140625,False,False,,,,12.51115085527283,0.4434759559728653,{},{}
"[1, 0, 1, 0, 1, 0, 0, 0, 1, 0, 0, 0, 0, 0, 1, 1, 0, 1]",101010001000001101,"[""101100000100010101""]",1,0.000244140625,False,False,,,,3.598168954090304,0.12206714981186535,{},{}
"[1, 0, 1, 0, 1, 0, 0, 0, 1, 0, 0, 0, 0, 1, 0, 1, 0, 0]",101010001000010100,"[""1010000100010101""]",1,0.000244140625,False,False,,,,2.2688511860333187,0.07413095499213676,{},{}
"[1, 0, 1, 0, 1, 0, 0, 0, 1, 0, 0, 1, 0, 0, 0, 1, 1, 0]",101010001001000110,"[""11000100100010101""]",1,0.000244140625,False,False,,,,3.522570858041698,0.11934102582009519,{},{}
"[1, 0, 1, 0, 1, 0, 0, 0, 1, 0, 1, 0, 1, 1, 1, 0, 0, 1]",101010001010111001,"[""100111010100010101""]",1,0.000244140625,False,False,,,,6.011063443947755,0.20907793318108164,{},{}
"[1, 0, 1, 0, 1, 0, 0, 0, 1, 0, 1, 0, 1, 1, 1, 0, 1, 1]",101010001010111011,"[""110111010100010101""]",1,0.000244140625,False,False,,,,7.291456107727248,0.25524985207929796,{},{}
"[1, 0, 1, 0, 1, 0, 0, 0, 1, 0, 1, 1, 0, 0, 1, 1, 0, 1]",101010001011001101,"[""101100110100010101""]",1,0.000244140625,False,False,,,,4.052054634412016,0.13843460755644127,{},{}
"[1, 0, 1, 0, 1, 0, 0, 0, 1, 0, 1, 1, 1, 1, 0, 0, 1, 0]",101010001011110010,"[""10011110100010101""]",1,0.000244140625,False,False,,,,3.9951354713757965,0.13638205988586566,{},{}
"[1, 0, 1, 0, 1, 0, 0, 0, 1, 1, 0, 0, 0, 1, 0, 0, 0, 1]",101010001100010001,"[""100010001100010101""]",1,0.000244140625,False,False,,,,1.5107982680111958,0.046794998733095394,{},{}
"[1, 0, 1, 0, 1, 0, 0, 0, 1, 1, 0, 1, 0, 1, 0, 0, 1, 0]",101010001101010010,"[""10010101100010101""]",1,0.000244140625,False,False,,,,2.7153077037304616,0.09023051156554322,{},{}
"[1, 0, 1, 0, 1, 0, 0, 0, 1, 1, 1, 1, 1, 1, 0, 1, 1, 1]",101010001111110111,"[""111011111100010101""]",1,0.000244140625,False,False,,,,11.760206162385703,0.4163963276386299,{},{}
"[1, 0, 1, 0, 1, 0, 0, 1, 0, 0, 0, 0, 1, 1, 1, 0, 0, 1]",101010010000111001,"[""100111000010010101""]",1,0.000244140625,False,False,,,,6.780257234484507,0.23681563765124009,{},{}
"[1, 0, 1, 0, 1, 0, 0, 1, 0, 0, 0, 1, 0, 1, 1, 0, 0, 1]",101010010001011001,"[""100110100010010101""]",1,0.000244140625,False,False,,,,2.8416908602362474,0.09478798289239446,{},{}
"[1, 0, 1, 0, 1, 0, 0, 1, 0, 0, 0, 1, 1, 1, 0, 0, 0, 1]",101010010001110001,"[""100011100010010101""]",1,0.000244140625,False,False,,,,2.7364461940050067,0.09099278136464223,{},{}
"[1, 0, 1, 0, 1, 0, 0, 1, 0, 0, 1, 0, 1, 1, 0, 1, 1, 0]",101010010010110110,"[""11011010010010101""]",1,0.000244140625,False,False,,,,4.051027254237955,0.13839755945751325,{},{}
"[1, 0, 1, 0, 1, 0, 0, 1, 0, 0, 1, 1, 1, 0, 1, 0, 1, 0]",101010010011101010,"[""10101110010010101""]",1,0.000244140625,False,False,,,,4.070313491326143,0.1390930356187551,{},{}
"[1, 0, 1, 0, 1, 0, 0, 1, 0, 1, 0, 0, 1, 0, 0, 1, 1, 0]",101010010100100110,"[""11001001010010101""]",1,0.000244140625,False,False,,,,2.756878189831986,0.09172957444456138,{},{}
"[1, 0, 1, 0, 1, 0, 0, 1, 0, 1, 0, 1, 0, 0, 1, 0, 0, 1]",101010010101001001,"[""100100101010010101""]",1,0.000244140625,False,False,,,,2.7736514902003178,0.09233443222465516,{},{}
"[1, 0, 1, 0, 1, 0, 0, 1, 0, 1, 0, 1, 0, 1, 1, 1, 1, 0]",101010010101011110,"[""11110101010010101""]",1,0.000244140625,False,False,,,,5.293188776748824,0.18319083475367193,{},{}
"[1, 0, 1, 0, 1, 0, 0, 1, 0, 1, 1, 0, 1, 0, 1, 0, 0, 1]",101010010110101001,"[""100101011010010101""]",1,0.000244140625,False,False,,,,3.9530824243006286,0.13486559549653837,{},{}
"[1, 0, 1, 0, 1, 0, 0, 1, 1, 0, 0, 0, 0, 0, 0, 0, 0, 1]",101010011000000001,"[""100000000110010101""]",1,0.000244140625,False,False,,,,4.374182435442529,0.150050777443059,{},{}
"[1, 0, 1, 0, 1, 0, 0, 1, 1, 0, 0, 1, 1, 1, 1, 0, 0, 0]",101010011001111000,"[""111100110010101""]",1,0.000244140625,False,False,,,,8.056405614842518,0.28283450450889,{},{}
"[1, 0, 1, 0, 1, 0, 0, 1, 1, 0, 1, 0, 1, 0, 0, 0, 0, 0]",101010011010100000,"[""1010110010101""]",1,0.000244140625,False,False,,,,3.5336092786782674,0.11973907953971868,{},{}
"[1, 0, 1, 0, 1, 0, 0, 1, 1, 0, 1, 1, 1, 0, 1, 1, 0, 1]",101010011011101101,"[""101101110110010101""]",1,0.000244140625,False,False,,,,6.567704020274153,0.22915080947336963,{},{}
"[1, 0, 1, 0, 1, 0, 0, 1, 1, 1, 0, 0, 0, 1, 1, 1, 0, 1]",101010011100011101,"[""101110001110010101""]",1,0.000244140625,False,False,,,,5.282959179029939,0.182821947794539,{},{}
"[1, 0, 1, 0, 1, 0, 0, 1, 1, 1, 0, 0, 1, 0, 1, 1, 0, 0]",101010011100101100,"[""1101001110010101""]",1,0.000244140625,False,False,,,,4.038872877801227,0.1379592635355119,{},{}
"[1, 0, 1, 0, 1, 0, 0, 1, 1, 1, 0, 0, 1, 1, 0, 1, 0, 0]",101010011100110100,"[""1011001110010101""]",1,0.000244140625,False,False,,,,3.9973441228389017,0.13646170551264386,{},{}
"[1, 0, 1, 0, 1, 0, 0, 1, 1, 1, 0, 1, 0, 1, 0, 0, 1, 1]",101010011101010011,"[""110010101110010101""]",1,0.000244140625,False,False,,,,5.289888897282125,0.1830718386273894,{},{}
"[1, 0, 1, 0, 1, 0, 0, 1, 1, 1, 1, 0, 0, 1, 1, 0, 0, 0]",101010011110011000,"[""110011110010101""]",1,0.000244140625,False,False,,,,6.003783186983691,0.20881540165961018,{},{}
"[1, 0, 1, 0, 1, 0, 0, 1, 1, 1, 1, 0, 1, 0, 1, 0, 1, 1]",101010011110101011,"[""110101011110010101""]",1,0.000244140625,False,False,,,,6.529525924874431,0.22777407874509367,{},{}
"[1, 0, 1, 0, 1, 0, 0, 1, 1, 1, 1, 1, 0, 0, 1, 1, 1, 0]",101010011111001110,"[""11100111110010101""]",1,0.000244140625,False,False,,,,8.537101911734572,0.30016877317711094,{},{}
"[1, 0, 1, 0, 1, 0, 0, 1, 1, 1, 1, 1, 1, 1, 1, 1, 1, 0]",101010011111111110,"[""11111111110010101""]",1,0.000244140625,False,False,,,,13.098083865838392,0.464641200142982,{},{}
"[1, 0, 1, 0, 1, 0, 1, 0, 0, 0, 0, 0, 0, 0, 1, 0, 1, 1]",101010100000001011,"[""110100000001010101""]",1,0.000244140625,False,False,,,,3.5377330609569126,0.11988778621877874,{},{}
"[1, 0, 1, 0, 1, 0, 1, 0, 0, 0, 0, 0, 0, 1, 0, 1, 1, 1]",101010100000010111,"[""111010000001010101""]",1,0.000244140625,False,False,,,,6.761449478974432,0.23613741589424772,{},{}
"[1, 0, 1, 0, 1, 0, 1, 0, 0, 0, 1, 1, 0, 1, 1, 1, 0, 0]",101010100011011100,"[""1110110001010101""]",1,0.000244140625,False,False,,,,4.0045964682604085,0.13672323052297564,{},{}
"[1, 0, 1, 0, 1, 0, 1, 0, 0, 0, 1, 1, 0, 1, 1, 1, 0, 1]",101010100011011101,"[""101110110001010101""]",1,0.000244140625,False,False,,,,5.244885089022848,0.1814489675786561,{},{}
"[1, 0, 1, 0, 1, 0, 1, 0, 0, 0, 1, 1, 1, 0, 0, 1, 0, 1]",101010100011100101,"[""101001110001010101""]",1,0.000244140625,False,False,,,,4.006027108262814,0.1367748204734902,{},{}
"[1, 0, 1, 0, 1, 0, 1, 0, 0, 0, 1, 1, 1, 1, 1, 1, 0, 0]",101010100011111100,"[""1111110001010101""]",1,0.000244140625,False,False,,,,7.283931600775075,0.25497851272023037,{},{}
"[1, 0, 1, 0, 1, 0, 1, 0, 0, 1, 1, 0, 1, 1, 1, 0, 1, 0]",101010100110111010,"[""10111011001010101""]",1,0.000244140625,False,False,,,,7.241750302813305,0.25345742350782935,{},{}
"[1, 0, 1, 0, 1, 0, 1, 0, 1, 0, 0, 0, 0, 0, 1, 0, 0, 0]",101010101000001000,"[""100000101010101""]",1,0.000244140625,False,False,,,,4.336430067562371,0.1486893987681508,{},{}
"[1, 0, 1, 0, 1, 0, 1, 0, 1, 0, 0, 0, 1, 0, 0, 1, 1, 0]",101010101000100110,"[""11001000101010101""]",1,0.000244140625,False,False,,,,4.81741721710208,0.16603415580079212,{},{}
"[1, 0, 1, 0, 1, 0, 1, 0, 1, 0, 0, 0, 1, 0, 1, 0, 0, 1]",101010101000101001,"[""100101000101010101""]",1,0.000244140625,False,False,,,,4.846933773351334,0.16709854493691254,{},{}
"[1, 0, 1, 0, 1, 0, 1, 0, 1, 0, 0, 1, 0, 0, 1, 1, 0, 0]",101010101001001100,"[""1100100101010101""]",1,0.000244140625,False,False,,,,2.8387147275264804,0.0946806613167615,{},{}
"[1, 0, 1, 0, 1, 0, 1, 0, 1, 0, 0, 1, 1, 1, 0, 1, 0, 0]",101010101001110100,"[""1011100101010101""]",1,0.000244140625,False,False,,,,4.028328961015793,0.13757904199530913,{},{}
"[1, 0, 1, 0, 1, 0, 1, 0, 1, 0, 1, 0, 0, 1, 0, 0, 0, 1]",101010101010010001,"[""100010010101010101""]",1,0.000244140625,False,False,,,,2.7671394076541196,0.09209960164831149,{},{}
"[1, 0, 1, 0, 1, 0, 1, 0, 1, 0, 1, 1, 0, 0, 0, 0, 1, 0]",101010101011000010,"[""10000110101010101""]",1,0.000244140625,False,False,,,,4.776247000133047,0.16454952692662703,{},{}
"[1, 0, 1, 0, 1, 0, 1, 0, 1, 0, 1, 1, 1, 0, 1, 1, 1, 0]",101010101011101110,"[""11101110101010101""]",1,0.000244140625,False,False,,,,6.5765441311414925,0.22946959049544546,{},{}
"[1, 0, 1, 0, 1, 0, 1, 0, 1, 1, 0, 0, 0, 0, 1, 1, 0, 0]",101010101100001100,"[""1100001101010101""]",1,0.000244140625,False,False,,,,2.81750998611194,0.09391600245191001,{},{}
"[1, 0, 1, 0, 1, 0, 1, 0, 1, 1, 0, 1, 1, 0, 0, 0, 0, 1]",101010101101100001,"[""100001101101010101""]",1,0.000244140625,False,False,,,,4.081016712464162,0.13947900179328437,{},{}
"[1, 0, 1, 0, 1, 0, 1, 0, 1, 1, 1, 0, 0, 0, 0, 0, 0, 1]",101010101110000001,"[""100000011101010101""]",1,0.000244140625,False,False,,,,4.757904626056787,0.16388808717286438,{},{}
"[1, 0, 1, 0, 1, 0, 1, 0, 1, 1, 1, 0, 0, 1, 1, 1, 0, 1]",101010101110011101,"[""101110011101010101""]",1,0.000244140625,False,False,,,,6.514286828918232,0.2272245455257336,{},{}
"[1, 0, 1, 0, 1, 0, 1, 0, 1, 1, 1, 0, 1, 0, 0, 0, 0, 0]",101010101110100000,"[""1011101010101""]",1,0.000244140625,False,False,,,,4.761037613672014,0.16400106505392498,{},{}
"[1, 0, 1, 0, 1, 0, 1, 0, 1, 1, 1, 0, 1, 1, 0, 1, 0, 1]",101010101110110101,"[""101011011101010101""]",1,0.000244140625,False,False,,,,6.569013972768019,0.22919804734189095,{},{}
"[1, 0, 1, 0, 1, 0, 1, 1, 0, 0, 0, 1, 1, 1, 1, 1, 0, 0]",101010110001111100,"[""1111100011010101""]",1,0.000244140625,False,False,,,,7.333672626895748,0.25677221139480605,{},{}
"[1, 0, 1, 0, 1, 0, 1, 1, 0, 0, 1, 0, 0, 0, 0, 0, 1, 0]",101010110010000010,"[""10000010011010101""]",1,0.000244140625,False,False,,,,3.551703859514298,0.12039158368355866,{},{}
"[1, 0, 1, 0, 1, 0, 1, 1, 0, 0, 1, 1, 1, 1, 1, 1, 0, 0]",101010110011111100,"[""1111110011010101""]",1,0.000244140625,False,False,,,,8.580148920043792,0.30172108055334756,{},{}
"[1, 0, 1, 0, 1, 0, 1, 1, 0, 1, 0, 0, 0, 0, 0, 0, 0, 1]",101010110100000001,"[""100000001011010101""]",1,0.000244140625,False,False,,,,3.502256146118312,0.11860846208562448,{},{}
"[1, 0, 1, 0, 1, 0, 1, 1, 0, 1, 0, 0, 0, 0, 1, 0, 0, 1]",101010110100001001,"[""100100001011010101""]",1,0.000244140625,False,False,,,,2.7539697690701983,0.09162469461251145,{},{}
"[1, 0, 1, 0, 1, 0, 1, 1, 0, 1, 0, 1, 1, 0, 1, 0, 1, 0]",101010110101101010,"[""10101101011010101""]",1,0.000244140625,False,False,,,,5.3122034352178495,0.18387651758640355,{},{}
"[1, 0, 1, 0, 1, 0, 1, 1, 0, 1, 0, 1, 1, 1, 0, 1, 0, 1]",101010110101110101,"[""101011101011010101""]",1,0.000244140625,False,False,,,,6.558302496156307,0.22881178346879422,{},{}
"[1, 0, 1, 0, 1, 0, 1, 1, 0, 1, 1, 0, 0, 0, 0, 0, 1, 0]",101010110110000010,"[""10000011011010101""]",1,0.000244140625,False,False,,,,4.755107106764638,0.16378720653091192,{},{}
"[1, 0, 1, 0, 1, 0, 1, 1, 0, 1, 1, 0, 0, 1, 0, 0, 1, 1]",101010110110010011,"[""110010011011010101""]",1,0.000244140625,False,False,,,,5.281045751678278,0.18275294817044105,{},{}
"[1, 0, 1, 0, 1, 0, 1, 1, 0, 1, 1, 0, 1, 0, 0, 0, 1, 0]",101010110110100010,"[""10001011011010101""]",1,0.000244140625,False,False,,,,4.018647206594309,0.13722991067599832,{},{}
"[1, 0, 1, 0, 1, 0, 1, 1, 1, 0, 1, 0, 1, 0, 1, 0, 0, 0]",101010111010101000,"[""101010111010101""]",1,0.000244140625,False,False,,,,8.04822429236074,0.2825394798896503,{},{}
"[1, 0, 1, 0, 1, 0, 1, 1, 1, 0, 1, 1, 1, 1, 0, 0, 0, 0]",101010111011110000,"[""11110111010101""]",1,0.000244140625,False,False,,,,9.27746439990145,0.3268667992795238,{},{}
"[1, 0, 1, 0, 1, 0, 1, 1, 1, 1, 0, 1, 0, 1, 1, 1, 1, 0]",101010111101011110,"[""11110101111010101""]",1,0.000244140625,False,False,,,,9.837568502734374,0.34706457293297677,{},{}
"[1, 0, 1, 0, 1, 1, 0, 0, 0, 0, 0, 0, 1, 0, 0, 1, 0, 1]",101011000000100101,"[""101001000000110101""]",1,0.000244140625,False,False,,,,5.601887391415719,0.19432273811706566,{},{}
"[1, 0, 1, 0, 1, 1, 0, 0, 0, 0, 0, 1, 1, 1, 0, 1, 0, 0]",101011000001110100,"[""1011100000110101""]",1,0.000244140625,False,False,,,,4.737201039280826,0.1631415003198125,{},{}
"[1, 0, 1, 0, 1, 1, 0, 0, 0, 0, 0, 1, 1, 1, 1, 0, 0, 0]",101011000001111000,"[""111100000110101""]",1,0.000244140625,False,False,,,,8.783967314148171,0.309070924572895,{},{}
"[1, 0, 1, 0, 1, 1, 0, 0, 0, 0, 1, 0, 0, 1, 0, 0, 1, 1]",101011000010010011,"[""110010010000110101""]",1,0.000244140625,False,False,,,,4.866006921451739,0.16778633694958003,{},{}
"[1, 0, 1, 0, 1, 1, 0, 0, 0, 0, 1, 0, 1, 0, 0, 0, 1, 1]",101011000010100011,"[""110001010000110101""]",1,0.000244140625,False,False,,,,4.792254183691544,0.16512675796048049,{},{}
"[1, 0, 1, 0, 1, 1, 0, 0, 0, 0, 1, 1, 1, 0, 1, 0, 1, 0]",101011000011101010,"[""10101110000110101""]",1,0.000244140625,False,False,,,,6.025186246924505,0.209587212039126,{},{}
"[1, 0, 1, 0, 1, 1, 0, 0, 0, 0, 1, 1, 1, 1, 0, 0, 0, 1]",101011000011110001,"[""100011110000110101""]",1,0.000244140625,False,False,,,,5.993827258340422,0.20845638341241363,{},{}
"[1, 0, 1, 0, 1, 1, 0, 0, 0, 1, 0, 0, 0, 1, 1, 1, 0, 1]",101011000100011101,"[""101110001000110101""]",1,0.000244140625,False,False,,,,6.057214224659769,0.2107421649159266,{},{}
"[1, 0, 1, 0, 1, 1, 0, 0, 0, 1, 0, 0, 1, 0, 1, 0, 0, 1]",101011000100101001,"[""100101001000110101""]",1,0.000244140625,False,False,,,,4.808566129258867,0.16571497894074083,{},{}
"[1, 0, 1, 0, 1, 1, 0, 0, 0, 1, 0, 0, 1, 1, 0, 1, 1, 0]",101011000100110110,"[""11011001000110101""]",1,0.000244140625,False,False,,,,6.0049205849025675,0.2088564170808563,{},{}
"[1, 0, 1, 0, 1, 1, 0, 0, 0, 1, 1, 1, 0, 1, 1, 1, 0, 1]",101011000111011101,"[""101110111000110101""]",1,0.000244140625,False,False,,,,10.53159629745497,0.3720917352695347,{},{}
"[1, 0, 1, 0, 1, 1, 0, 0, 1, 0, 0, 0, 1, 0, 0, 1, 1, 0]",101011001000100110,"[""11001000100110101""]",1,0.000244140625,False,False,,,,4.823380964827558,0.16624921301261442,{},{}
"[1, 0, 1, 0, 1, 1, 0, 0, 1, 0, 1, 0, 1, 1, 0, 0, 0, 0]",101011001010110000,"[""11010100110101""]",1,0.000244140625,False,False,,,,4.770900676292037,0.16435673448273558,{},{}
"[1, 0, 1, 0, 1, 1, 0, 0, 1, 0, 1, 1, 0, 0, 0, 0, 0, 0]",101011001011000000,"[""110100110101""]",1,0.000244140625,False,False,,,,5.585223901981441,0.19372184020153896,{},{}
"[1, 0, 1, 0, 1, 1, 0, 0, 1, 0, 1, 1, 1, 1, 0, 1, 1, 0]",101011001011110110,"[""11011110100110101""]",1,0.000244140625,False,False,,,,6.53522091771093,0.22797944445423213,{},{}
"[1, 0, 1, 0, 1, 1, 0, 0, 1, 1, 0, 1, 0, 0, 0, 0, 1, 0]",101011001101000010,"[""10000101100110101""]",1,0.000244140625,False,False,,,,4.7918638280007375,0.16511268144176303,{},{}
"[1, 0, 1, 0, 1, 1, 0, 0, 1, 1, 1, 0, 1, 0, 0, 0, 0, 0]",101011001110100000,"[""1011100110101""]",1,0.000244140625,False,False,,,,4.74832402286782,0.16354260344279423,{},{}
"[1, 0, 1, 0, 1, 1, 0, 0, 1, 1, 1, 0, 1, 0, 0, 0, 1, 1]",101011001110100011,"[""110001011100110101""]",1,0.000244140625,False,False,,,,5.333998091242115,0.18466244921412509,{},{}
"[1, 0, 1, 0, 1, 1, 0, 1, 0, 0, 0, 0, 0, 0, 1, 1, 0, 0]",101011010000001100,"[""1100000010110101""]",1,0.000244140625,False,False,,,,3.56342032669915,0.1208140882697969,{},{}
"[1, 0, 1, 0, 1, 1, 0, 1, 0, 0, 0, 1, 0, 0, 1, 0, 1, 1]",101011010001001011,"[""110100100010110101""]",1,0.000244140625,False,False,,,,4.152260152671166,0.14204809363231277,{},{}
"[1, 0, 1, 0, 1, 1, 0, 1, 0, 0, 0, 1, 0, 1, 0, 1, 0, 0]",101011010001010100,"[""1010100010110101""]",1,0.000244140625,False,False,,,,2.7628253725015384,0.09194403430805427,{},{}
"[1, 0, 1, 0, 1, 1, 0, 1, 0, 0, 1, 0, 1, 1, 0, 0, 1, 0]",101011010010110010,"[""10011010010110101""]",1,0.000244140625,False,False,,,,4.068462221495176,0.1390262774414302,{},{}
"[1, 0, 1, 0, 1, 1, 0, 1, 0, 1, 0, 0, 0, 0, 0, 1, 0, 0]",101011010100000100,"[""1000001010110101""]",1,0.000244140625,False,False,,,,3.5111067484355534,0.11892762143724538,{},{}
"[1, 0, 1, 0, 1, 1, 0, 1, 0, 1, 0, 1, 1, 0, 1, 0, 1, 0]",101011010101101010,"[""10101101010110101""]",1,0.000244140625,False,False,,,,5.264988648468631,0.18217391699656063,{},{}
"[1, 0, 1, 0, 1, 1, 0, 1, 0, 1, 1, 0, 0, 0, 0, 1, 0, 1]",101011010110000101,"[""101000011010110101""]",1,0.000244140625,False,False,,,,6.0240686161967245,0.20954690943760304,{},{}
"[1, 0, 1, 0, 1, 1, 0, 1, 0, 1, 1, 0, 0, 0, 0, 1, 1, 1]",101011010110000111,"[""111000011010110101""]",1,0.000244140625,False,False,,,,9.309905635460604,0.3280366545431221,{},{}
"[1, 0, 1, 0, 1, 1, 0, 1, 0, 1, 1, 0, 0, 1, 1, 1, 1, 0]",101011010110011110,"[""11110011010110101""]",1,0.000244140625,False,False,,,,6.560287315477076,0.22888335754079464,{},{}
"[1, 0, 1, 0, 1, 1, 0, 1, 0, 1, 1, 0, 1, 0, 0, 1, 0, 0]",101011010110100100,"[""1001011010110101""]",1,0.000244140625,False,False,,,,3.98584372419056,0.1360469925197398,{},{}
"[1, 0, 1, 0, 1, 1, 0, 1, 0, 1, 1, 0, 1, 0, 1, 1, 0, 0]",101011010110101100,"[""1101011010110101""]",1,0.000244140625,False,False,,,,5.25335237982744,0.1817543044299024,{},{}
"[1, 0, 1, 0, 1, 1, 0, 1, 0, 1, 1, 1, 0, 1, 0, 0, 1, 0]",101011010111010010,"[""10010111010110101""]",1,0.000244140625,False,False,,,,7.297175047150377,0.2554560813202943,{},{}
"[1, 0, 1, 0, 1, 1, 0, 1, 1, 0, 0, 0, 0, 1, 0, 1, 0, 0]",101011011000010100,"[""1010000110110101""]",1,0.000244140625,False,False,,,,4.8290424869232735,0.16645337174175948,{},{}
"[1, 0, 1, 0, 1, 1, 0, 1, 1, 0, 0, 1, 1, 1, 0, 1, 0, 0]",101011011001110100,"[""1011100110110101""]",1,0.000244140625,False,False,,,,5.288053670905946,0.18300565898906604,{},{}
"[1, 0, 1, 0, 1, 1, 0, 1, 1, 0, 0, 1, 1, 1, 0, 1, 0, 1]",101011011001110101,"[""101011100110110101""]",1,0.000244140625,False,False,,,,6.6217289843167375,0.23109899015951174,{},{}
"[1, 0, 1, 0, 1, 1, 0, 1, 1, 0, 1, 0, 0, 1, 0, 0, 0, 1]",101011011010010001,"[""100010010110110101""]",1,0.000244140625,False,False,,,,4.199762314314584,0.1437610571761804,{},{}
"[1, 0, 1, 0, 1, 1, 0, 1, 1, 0, 1, 0, 1, 0, 0, 0, 1, 1]",101011011010100011,"[""110001010110110101""]",1,0.000244140625,False,False,,,,5.415740909598716,0.18761015649677362,{},{}
"[1, 0, 1, 0, 1, 1, 0, 1, 1, 0, 1, 1, 1, 0, 1, 1, 0, 0]",101011011011101100,"[""1101110110110101""]",1,0.000244140625,False,False,,,,6.585711238990479,0.2298001632737096,{},{}
"[1, 0, 1, 0, 1, 1, 0, 1, 1, 1, 0, 0, 0, 1, 0, 0, 0, 1]",101011011100010001,"[""100010001110110101""]",1,0.000244140625,False,False,,,,4.127021584490162,0.14113797195157723,{},{}
"[1, 0, 1, 0, 1, 1, 0, 1, 1, 1, 1, 0, 1, 0, 1, 0, 1, 1]",101011011110101011,"[""110101011110110101""]",1,0.000244140625,False,False,,,,7.882649609923886,0.27656873277016436,{},{}
"[1, 0, 1, 0, 1, 1, 0, 1, 1, 1, 1, 1, 0, 1, 0, 0, 1, 1]",101011011111010011,"[""110010111110110101""]",1,0.000244140625,False,False,,,,9.938001275747618,0.3506862539855707,{},{}
"[1, 0, 1, 0, 1, 1, 1, 0, 0, 0, 0, 1, 0, 1, 0, 0, 0, 0]",101011100001010000,"[""10100001110101""]",1,0.000244140625,False,False,,,,3.5156301523658744,0.11909073877251514,{},{}
"[1, 0, 1, 0, 1, 1, 1, 0, 0, 0, 0, 1, 1, 0, 0, 0, 1, 1]",101011100001100011,"[""110001100001110101""]",1,0.000244140625,False,False,,,,4.065494584270672,0.13891926221936177,{},{}
"[1, 0, 1, 0, 1, 1, 1, 0, 0, 0, 1, 0, 1, 1, 1, 1, 0, 0]",101011100010111100,"[""1111010001110101""]",1,0.000244140625,False,False,,,,7.262497809507449,0.25420559414604166,{},{}
"[1, 0, 1, 0, 1, 1, 1, 0, 0, 1, 0, 0, 0, 1, 1, 0, 1, 0]",101011100100011010,"[""10110001001110101""]",1,0.000244140625,False,False,,,,3.9976070094518876,0.13647118540089812,{},{}
"[1, 0, 1, 0, 1, 1, 1, 0, 0, 1, 0, 0, 1, 0, 0, 0, 0, 1]",101011100100100001,"[""100001001001110101""]",1,0.000244140625,False,False,,,,2.8472598515807785,0.0949888048933153,{},{}
"[1, 0, 1, 0, 1, 1, 1, 0, 0, 1, 0, 0, 1, 0, 0, 0, 1, 1]",101011100100100011,"[""110001001001110101""]",1,0.000244140625,False,False,,,,4.077321061148459,0.1393457338375613,{},{}
"[1, 0, 1, 0, 1, 1, 1, 0, 0, 1, 1, 0, 0, 0, 0, 1, 0, 1]",101011100110000101,"[""101000011001110101""]",1,0.000244140625,False,False,,,,6.05209690650218,0.21055763058858115,{},{}
"[1, 0, 1, 0, 1, 1, 1, 0, 1, 0, 0, 1, 1, 0, 0, 1, 0, 0]",101011101001100100,"[""1001100101110101""]",1,0.000244140625,False,False,,,,4.125381477759557,0.14107882847388314,{},{}
"[1, 0, 1, 0, 1, 1, 1, 0, 1, 0, 0, 1, 1, 0, 1, 1, 0, 0]",101011101001101100,"[""1101100101110101""]",1,0.000244140625,False,False,,,,5.415141529501591,0.18758854240133516,{},{}
"[1, 0, 1, 0, 1, 1, 1, 0, 1, 0, 1, 0, 1, 1, 0, 0, 0, 1]",101011101010110001,"[""100011010101110101""]",1,0.000244140625,False,False,,,,5.351682347748419,0.18530015675516495,{},{}
"[1, 0, 1, 0, 1, 1, 1, 0, 1, 1, 0, 0, 1, 0, 1, 1, 0, 1]",101011101100101101,"[""101101001101110101""]",1,0.000244140625,False,False,,,,6.769071615547505,0.2364122758506022,{},{}
"[1, 0, 1, 0, 1, 1, 1, 0, 1, 1, 0, 0, 1, 1, 0, 1, 0, 0]",101011101100110100,"[""1011001101110101""]",1,0.000244140625,False,False,,,,5.377265468481349,0.18622270325910803,{},{}
"[1, 0, 1, 0, 1, 1, 1, 0, 1, 1, 0, 0, 1, 1, 1, 0, 0, 1]",101011101100111001,"[""100111001101110101""]",1,0.000244140625,False,False,,,,8.649974582915293,0.30423904627926834,{},{}
"[1, 0, 1, 0, 1, 1, 1, 0, 1, 1, 0, 1, 0, 0, 0, 1, 1, 0]",101011101101000110,"[""11000101101110101""]",1,0.000244140625,False,False,,,,7.335324195875229,0.2568317682097837,{},{}
"[1, 0, 1, 0, 1, 1, 1, 0, 1, 1, 1, 0, 0, 1, 0, 1, 0, 0]",101011101110010100,"[""1010011101110101""]",1,0.000244140625,False,False,,,,5.277006367107187,0.18260728493595754,{},{}
"[1, 0, 1, 0, 1, 1, 1, 0, 1, 1, 1, 0, 1, 1, 0, 0, 1, 0]",101011101110110010,"[""10011011101110101""]",1,0.000244140625,False,False,,,,6.552601128681957,0.22860618788543813,{},{}
"[1, 0, 1, 0, 1, 1, 1, 0, 1, 1, 1, 1, 0, 0, 0, 0, 1, 1]",101011101111000011,"[""110000111101110101""]",1,0.000244140625,False,False,,,,10.618314746597118,0.3752188675267217,{},{}
"[1, 0, 1, 0, 1, 1, 1, 1, 0, 0, 0, 0, 1, 0, 1, 0, 1, 1]",101011110000101011,"[""110101000011110101""]",1,0.000244140625,False,False,,,,7.326432486316676,0.25651112650023805,{},{}
"[1, 0, 1, 0, 1, 1, 1, 1, 0, 0, 0, 0, 1, 1, 1, 0, 1, 0]",101011110000111010,"[""10111000011110101""]",1,0.000244140625,False,False,,,,9.311060514327934,0.3280783003404686,{},{}
"[1, 0, 1, 0, 1, 1, 1, 1, 0, 0, 1, 0, 1, 0, 1, 1, 0, 1]",101011110010101101,"[""101101010011110101""]",1,0.000244140625,False,False,,,,6.581984617107404,0.22966577849611977,{},{}
"[1, 0, 1, 0, 1, 1, 1, 1, 0, 0, 1, 1, 0, 0, 0, 1, 1, 0]",101011110011000110,"[""11000110011110101""]",1,0.000244140625,False,False,,,,7.281386045317992,0.2548867180829756,{},{}
"[1, 0, 1, 0, 1, 1, 1, 1, 0, 0, 1, 1, 0, 0, 0, 1, 1, 1]",101011110011000111,"[""111000110011110101""]",1,0.000244140625,False,False,,,,10.577706681669442,0.3737545102764078,{},{}
"[1, 0, 1, 0, 1, 1, 1, 1, 0, 0, 1, 1, 0, 1, 1, 0, 1, 0]",101011110011011010,"[""10110110011110101""]",1,0.000244140625,False,False,,,,6.620578963961661,0.2310575195637578,{},{}
"[1, 0, 1, 0, 1, 1, 1, 1, 0, 1, 0, 0, 0, 1, 0, 0, 0, 0]",101011110100010000,"[""10001011110101""]",1,0.000244140625,False,False,,,,4.746935017240002,0.16349251485902536,{},{}
"[1, 0, 1, 0, 1, 1, 1, 1, 0, 1, 1, 0, 0, 0, 0, 1, 0, 1]",101011110110000101,"[""101000011011110101""]",1,0.000244140625,False,False,,,,7.30369613928335,0.2556912367890882,{},{}
"[1, 0, 1, 0, 1, 1, 1, 1, 0, 1, 1, 0, 1, 0, 0, 1, 0, 1]",101011110110100101,"[""101001011011110101""]",1,0.000244140625,False,False,,,,6.607254600240347,0.23057703302356253,{},{}
"[1, 0, 1, 0, 1, 1, 1, 1, 0, 1, 1, 0, 1, 0, 1, 1, 0, 0]",101011110110101100,"[""1101011011110101""]",1,0.000244140625,False,False,,,,6.578442619525779,0.2295380514091856,{},{}
"[1, 0, 1, 0, 1, 1, 1, 1, 0, 1, 1, 1, 0, 1, 0, 0, 0, 0]",101011110111010000,"[""10111011110101""]",1,0.000244140625,False,False,,,,9.23434511115276,0.3253118854164776,{},{}
"[1, 0, 1, 0, 1, 1, 1, 1, 0, 1, 1, 1, 1, 1, 1, 1, 0, 0]",101011110111111100,"[""1111111011110101""]",1,0.000244140625,False,False,,,,13.124017633680692,0.4655763912444409,{},{}
"[1, 0, 1, 0, 1, 1, 1, 1, 0, 1, 1, 1, 1, 1, 1, 1, 1, 0]",101011110111111110,"[""11111111011110101""]",1,0.000244140625,False,False,,,,14.439689714682892,0.5130205123637906,{},{}
"[1, 0, 1, 0, 1, 1, 1, 1, 1, 0, 0, 1, 0, 0, 1, 0, 1, 0]",101011111001001010,"[""10100100111110101""]",1,0.000244140625,False,False,,,,7.372631589282541,0.25817710077176637,{},{}
"[1, 0, 1, 0, 1, 1, 1, 1, 1, 1, 0, 1, 0, 0, 0, 1, 0, 0]",101011111101000100,"[""1000101111110101""]",1,0.000244140625,False,False,,,,9.33308320051435,0.3288724549067081,{},{}
"[1, 0, 1, 0, 1, 1, 1, 1, 1, 1, 0, 1, 0, 0, 1, 1, 0, 0]",101011111101001100,"[""1100101111110101""]",1,0.000244140625,False,False,,,,8.624284405178722,0.3033126392195525,{},{}
"[1, 0, 1, 1, 0, 0, 0, 0, 0, 0, 0, 1, 0, 0, 0, 1, 1, 0]",101100000001000110,"[""11000100000001101""]",1,0.000244140625,False,False,,,,4.32767004449567,0.14837350577217853,{},{}
"[1, 0, 1, 1, 0, 0, 0, 0, 0, 0, 0, 1, 0, 0, 1, 1, 1, 1]",101100000001001111,"[""111100100000001101""]",1,0.000244140625,False,False,,,,6.859159869922482,0.23966092580959608,{},{}
"[1, 0, 1, 1, 0, 0, 0, 0, 0, 1, 0, 0, 0, 0, 0, 0, 1, 0]",101100000100000010,"[""10000001000001101""]",1,0.000244140625,False,False,,,,3.0603786971518896,0.10267403016190173,{},{}
"[1, 0, 1, 1, 0, 0, 0, 0, 0, 1, 0, 0, 0, 0, 0, 1, 0, 1]",101100000100000101,"[""101000001000001101""]",1,0.000244140625,False,False,,,,4.420916873927929,0.1517360563145671,{},{}
"[1, 0, 1, 1, 0, 0, 0, 0, 0, 1, 0, 0, 1, 0, 0, 0, 1, 0]",101100000100100010,"[""10001001000001101""]",1,0.000244140625,False,False,,,,2.3239187969815616,0.07611673430698815,{},{}
"[1, 0, 1, 1, 0, 0, 0, 0, 0, 1, 0, 1, 0, 1, 1, 0, 1, 1]",101100000101011011,"[""110110101000001101""]",1,0.000244140625,False,False,,,,6.015176145466196,0.20922624027962552,{},{}
"[1, 0, 1, 1, 0, 0, 0, 0, 0, 1, 1, 1, 0, 0, 0, 1, 0, 0]",101100000111000100,"[""1000111000001101""]",1,0.000244140625,False,False,,,,7.556864628707329,0.2648206822255868,{},{}
"[1, 0, 1, 1, 0, 0, 0, 0, 1, 0, 0, 0, 0, 1, 0, 1, 0, 1]",101100001000010101,"[""101010000100001101""]",1,0.000244140625,False,False,,,,3.6026837451761455,0.12222995656150928,{},{}
"[1, 0, 1, 1, 0, 0, 0, 0, 1, 0, 0, 0, 0, 1, 1, 0, 0, 0]",101100001000011000,"[""110000100001101""]",1,0.000244140625,False,False,,,,4.336213454289672,0.14868158753122152,{},{}
"[1, 0, 1, 1, 0, 0, 0, 0, 1, 0, 0, 0, 1, 1, 1, 1, 0, 1]",101100001000111101,"[""101111000100001101""]",1,0.000244140625,False,False,,,,8.15886620259253,0.28652931008040317,{},{}
"[1, 0, 1, 1, 0, 0, 0, 0, 1, 0, 0, 1, 0, 0, 1, 1, 0, 1]",101100001001001101,"[""101100100100001101""]",1,0.000244140625,False,False,,,,2.9449253131614315,0.09851069462200822,{},{}
"[1, 0, 1, 1, 0, 0, 0, 0, 1, 0, 1, 0, 0, 0, 0, 0, 0, 0]",101100001010000000,"[""10100001101""]",1,0.000244140625,False,False,,,,3.076602314995289,0.10325906597825038,{},{}
"[1, 0, 1, 1, 0, 0, 0, 0, 1, 0, 1, 0, 0, 1, 0, 1, 0, 1]",101100001010010101,"[""101010010100001101""]",1,0.000244140625,False,False,,,,2.780042356801106,0.09256489166317607,{},{}
"[1, 0, 1, 1, 0, 0, 0, 0, 1, 0, 1, 0, 1, 0, 1, 1, 1, 1]",101100001010101111,"[""111101010100001101""]",1,0.000244140625,False,False,,,,7.349010685461156,0.25732531328001035,{},{}
"[1, 0, 1, 1, 0, 0, 0, 0, 1, 1, 0, 1, 0, 1, 0, 1, 0, 0]",101100001101010100,"[""1010101100001101""]",1,0.000244140625,False,False,,,,2.790718517967073,0.09294988203483616,{},{}
"[1, 0, 1, 1, 0, 0, 0, 0, 1, 1, 1, 1, 0, 0, 1, 1, 0, 1]",101100001111001101,"[""101100111100001101""]",1,0.000244140625,False,False,,,,7.367460536795722,0.2579906287442439,{},{}
"[1, 0, 1, 1, 0, 0, 0, 0, 1, 1, 1, 1, 1, 1, 0, 0, 1, 0]",101100001111110010,"[""10011111100001101""]",1,0.000244140625,False,False,,,,7.196171498834582,0.25181381768258876,{},{}
"[1, 0, 1, 1, 0, 0, 0, 0, 1, 1, 1, 1, 1, 1, 1, 0, 0, 1]",101100001111111001,"[""100111111100001101""]",1,0.000244140625,False,False,,,,10.537138940371285,0.3722916071263903,{},{}
"[1, 0, 1, 1, 0, 0, 0, 1, 0, 0, 1, 0, 1, 0, 1, 0, 0, 1]",101100010010101001,"[""100101010010001101""]",1,0.000244140625,False,False,,,,2.779367242054774,0.09254054651953661,{},{}
"[1, 0, 1, 1, 0, 0, 0, 1, 0, 0, 1, 1, 0, 0, 1, 0, 1, 0]",101100010011001010,"[""10100110010001101""]",1,0.000244140625,False,False,,,,2.801283673706517,0.09333086946763564,{},{}
"[1, 0, 1, 1, 0, 0, 0, 1, 0, 0, 1, 1, 1, 0, 0, 1, 1, 0]",101100010011100110,"[""11001110010001101""]",1,0.000244140625,False,False,,,,4.028517064651054,0.13758582515334916,{},{}
"[1, 0, 1, 1, 0, 0, 0, 1, 0, 0, 1, 1, 1, 1, 0, 0, 0, 1]",101100010011110001,"[""100011110010001101""]",1,0.000244140625,False,False,,,,3.9532094409207668,0.13487017581103847,{},{}
"[1, 0, 1, 1, 0, 0, 0, 1, 0, 0, 1, 1, 1, 1, 0, 0, 1, 1]",101100010011110011,"[""110011110010001101""]",1,0.000244140625,False,False,,,,5.222822282513086,0.1806533662434932,{},{}
"[1, 0, 1, 1, 0, 0, 0, 1, 0, 1, 0, 1, 1, 0, 0, 1, 0, 1]",101100010101100101,"[""101001101010001101""]",1,0.000244140625,False,False,,,,4.131106060877477,0.14128526123074267,{},{}
"[1, 0, 1, 1, 0, 0, 0, 1, 0, 1, 1, 1, 0, 0, 1, 1, 0, 1]",101100010111001101,"[""101100111010001101""]",1,0.000244140625,False,False,,,,7.317346804379195,0.256183490001358,{},{}
"[1, 0, 1, 1, 0, 0, 0, 1, 0, 1, 1, 1, 0, 1, 1, 0, 0, 1]",101100010111011001,"[""100110111010001101""]",1,0.000244140625,False,False,,,,7.241528339740464,0.25344941935309817,{},{}
"[1, 0, 1, 1, 0, 0, 0, 1, 0, 1, 1, 1, 1, 1, 1, 0, 0, 1]",101100010111111001,"[""100111111010001101""]",1,0.000244140625,False,False,,,,10.512965955912632,0.37141991119316137,{},{}
"[1, 0, 1, 1, 0, 0, 0, 1, 1, 0, 0, 0, 0, 0, 1, 0, 0, 0]",101100011000001000,"[""100000110001101""]",1,0.000244140625,False,False,,,,4.378108203388725,0.15019234357691194,{},{}
"[1, 0, 1, 1, 0, 0, 0, 1, 1, 0, 0, 0, 0, 1, 1, 0, 0, 1]",101100011000011001,"[""100110000110001101""]",1,0.000244140625,False,False,,,,4.846451984662351,0.16708117127576694,{},{}
"[1, 0, 1, 1, 0, 0, 0, 1, 1, 0, 0, 0, 1, 1, 0, 1, 0, 1]",101100011000110101,"[""101011000110001101""]",1,0.000244140625,False,False,,,,6.114614110241711,0.21281204780172291,{},{}
"[1, 0, 1, 1, 0, 0, 0, 1, 1, 0, 0, 0, 1, 1, 1, 0, 0, 1]",101100011000111001,"[""100111000110001101""]",1,0.000244140625,False,False,,,,8.095107425314527,0.28423012079511034,{},{}
"[1, 0, 1, 1, 0, 0, 0, 1, 1, 0, 0, 1, 0, 1, 0, 0, 0, 1]",101100011001010001,"[""100010100110001101""]",1,0.000244140625,False,False,,,,2.7918611219956775,0.09299108519230019,{},{}
"[1, 0, 1, 1, 0, 0, 0, 1, 1, 0, 0, 1, 0, 1, 0, 1, 0, 0]",101100011001010100,"[""1010100110001101""]",1,0.000244140625,False,False,,,,2.7705534728754726,0.09222271539847016,{},{}
"[1, 0, 1, 1, 0, 0, 0, 1, 1, 0, 0, 1, 0, 1, 1, 0, 0, 0]",101100011001011000,"[""110100110001101""]",1,0.000244140625,False,False,,,,4.822655214445602,0.16622304191001133,{},{}
"[1, 0, 1, 1, 0, 0, 0, 1, 1, 0, 0, 1, 0, 1, 1, 1, 0, 1]",101100011001011101,"[""101110100110001101""]",1,0.000244140625,False,False,,,,5.356634160968957,0.18547872285046177,{},{}
"[1, 0, 1, 1, 0, 0, 0, 1, 1, 0, 0, 1, 1, 1, 0, 1, 1, 1]",101100011001110111,"[""111011100110001101""]",1,0.000244140625,False,False,,,,8.568750835988252,0.3013100571013278,{},{}
"[1, 0, 1, 1, 0, 0, 0, 1, 1, 0, 1, 0, 0, 1, 0, 1, 0, 1]",101100011010010101,"[""101010010110001101""]",1,0.000244140625,False,False,,,,4.046475853652378,0.13823343254187612,{},{}
"[1, 0, 1, 1, 0, 0, 0, 1, 1, 0, 1, 1, 1, 0, 0, 0, 1, 1]",101100011011100011,"[""110001110110001101""]",1,0.000244140625,False,False,,,,5.272396826159351,0.18244106143529074,{},{}
"[1, 0, 1, 1, 0, 0, 0, 1, 1, 1, 0, 0, 1, 1, 0, 0, 1, 0]",101100011100110010,"[""10011001110001101""]",1,0.000244140625,False,False,,,,4.008021158137697,0.13684672740618875,{},{}
"[1, 0, 1, 1, 0, 0, 1, 0, 0, 0, 0, 0, 0, 1, 0, 1, 1, 0]",101100100000010110,"[""11010000001001101""]",1,0.000244140625,False,False,,,,3.5669633678929493,0.12094185299016809,{},{}
"[1, 0, 1, 1, 0, 0, 1, 0, 0, 0, 0, 0, 1, 0, 0, 1, 1, 1]",101100100000100111,"[""111001000001001101""]",1,0.000244140625,False,False,,,,6.938896193471814,0.24253627738595887,{},{}
"[1, 0, 1, 1, 0, 0, 1, 0, 0, 0, 0, 0, 1, 1, 1, 0, 0, 0]",101100100000111000,"[""111000001001101""]",1,0.000244140625,False,False,,,,7.628749816269307,0.26741291595511896,{},{}
"[1, 0, 1, 1, 0, 0, 1, 0, 0, 0, 0, 1, 0, 1, 1, 0, 1, 1]",101100100001011011,"[""110110100001001101""]",1,0.000244140625,False,False,,,,4.045486145113684,0.13819774291034811,{},{}
"[1, 0, 1, 1, 0, 0, 1, 0, 0, 0, 1, 0, 0, 0, 1, 1, 1, 0]",101100100010001110,"[""11100010001001101""]",1,0.000244140625,False,False,,,,2.817235837922497,0.09390611646277001,{},{}
"[1, 0, 1, 1, 0, 0, 1, 0, 0, 0, 1, 0, 0, 1, 0, 0, 1, 1]",101100100010010011,"[""110010010001001101""]",1,0.000244140625,False,False,,,,2.7205448130478818,0.0904193656518758,{},{}
"[1, 0, 1, 1, 0, 0, 1, 0, 0, 0, 1, 1, 0, 0, 1, 0, 1, 1]",101100100011001011,"[""110100110001001101""]",1,0.000244140625,False,False,,,,4.0282499595063515,0.1375761931416801,{},{}
"[1, 0, 1, 1, 0, 0, 1, 0, 0, 0, 1, 1, 0, 1, 1, 0, 0, 0]",101100100011011000,"[""110110001001101""]",1,0.000244140625,False,False,,,,4.775175467500245,0.16451088665695188,{},{}
"[1, 0, 1, 1, 0, 0, 1, 0, 0, 0, 1, 1, 0, 1, 1, 0, 1, 1]",101100100011011011,"[""110110110001001101""]",1,0.000244140625,False,False,,,,5.251238665554629,0.1816780823093459,{},{}
"[1, 0, 1, 1, 0, 0, 1, 0, 0, 0, 1, 1, 1, 0, 1, 0, 1, 1]",101100100011101011,"[""110101110001001101""]",1,0.000244140625,False,False,,,,5.313029447505405,0.18390630420845228,{},{}
"[1, 0, 1, 1, 0, 0, 1, 0, 0, 1, 0, 0, 0, 0, 1, 0, 1, 0]",101100100100001010,"[""10100001001001101""]",1,0.000244140625,False,False,,,,1.5977246470334738,0.04992962909756884,{},{}
"[1, 0, 1, 1, 0, 0, 1, 0, 0, 1, 0, 0, 1, 0, 1, 0, 0, 1]",101100100100101001,"[""100101001001001101""]",1,0.000244140625,False,False,,,,2.9788091467644966,0.09973257105205845,{},{}
"[1, 0, 1, 1, 0, 0, 1, 0, 0, 1, 0, 0, 1, 0, 1, 0, 1, 1]",101100100100101011,"[""110101001001001101""]",1,0.000244140625,False,False,,,,4.154913600579796,0.14214377895221786,{},{}
"[1, 0, 1, 1, 0, 0, 1, 0, 0, 1, 0, 1, 0, 1, 0, 1, 1, 1]",101100100101010111,"[""111010101001001101""]",1,0.000244140625,False,False,,,,7.351423994172135,0.2574123390005036,{},{}
"[1, 0, 1, 1, 0, 0, 1, 0, 0, 1, 0, 1, 0, 1, 1, 0, 1, 0]",101100100101011010,"[""10110101001001101""]",1,0.000244140625,False,False,,,,4.061961004555793,0.13879183868701025,{},{}
"[1, 0, 1, 1, 0, 0, 1, 0, 1, 0, 0, 0, 1, 0, 0, 0, 1, 1]",101100101000100011,"[""110001000101001101""]",1,0.000244140625,False,False,,,,4.897024617605959,0.16890485831552937,{},{}
"[1, 0, 1, 1, 0, 0, 1, 0, 1, 0, 0, 1, 1, 1, 1, 1, 0, 1]",101100101001111101,"[""101111100101001101""]",1,0.000244140625,False,False,,,,8.747410656044817,0.30775266408852486,{},{}
"[1, 0, 1, 1, 0, 0, 1, 0, 1, 0, 0, 1, 1, 1, 1, 1, 1, 1]",101100101001111111,"[""111111100101001101""]",1,0.000244140625,False,False,,,,11.961247687940936,0.4236460356974918,{},{}
"[1, 0, 1, 1, 0, 0, 1, 0, 1, 1, 0, 0, 0, 0, 0, 0, 0, 0]",101100101100000000,"[""1101001101""]",1,0.000244140625,False,False,,,,4.421717221594535,0.15176491745115298,{},{}
"[1, 0, 1, 1, 0, 0, 1, 0, 1, 1, 0, 1, 1, 1, 1, 0, 0, 0]",101100101101111000,"[""111101101001101""]",1,0.000244140625,False,False,,,,9.426173626036638,0.33222936540690423,{},{}
"[1, 0, 1, 1, 0, 0, 1, 0, 1, 1, 1, 0, 0, 0, 1, 0, 0, 0]",101100101110001000,"[""100011101001101""]",1,0.000244140625,False,False,,,,4.828851910775555,0.16644649942306747,{},{}
"[1, 0, 1, 1, 0, 0, 1, 0, 1, 1, 1, 1, 1, 0, 1, 1, 0, 1]",101100101111101101,"[""101101111101001101""]",1,0.000244140625,False,False,,,,10.07631334216152,0.3556738907424517,{},{}
"[1, 0, 1, 1, 0, 0, 1, 0, 1, 1, 1, 1, 1, 1, 0, 0, 0, 1]",101100101111110001,"[""100011111101001101""]",1,0.000244140625,False,False,,,,8.589974330819006,0.3020753922284205,{},{}
"[1, 0, 1, 1, 0, 0, 1, 1, 0, 0, 0, 0, 0, 1, 1, 0, 0, 1]",101100110000011001,"[""100110000011001101""]",1,0.000244140625,False,False,,,,4.805353782935248,0.16559913932518938,{},{}
"[1, 0, 1, 1, 0, 0, 1, 1, 0, 0, 0, 0, 1, 0, 1, 0, 0, 1]",101100110000101001,"[""100101000011001101""]",1,0.000244140625,False,False,,,,4.883637754797464,0.1684221180114176,{},{}
"[1, 0, 1, 1, 0, 0, 1, 1, 0, 0, 0, 0, 1, 1, 1, 1, 0, 1]",101100110000111101,"[""101111000011001101""]",1,0.000244140625,False,False,,,,9.430508844452579,0.3323856966315116,{},{}
"[1, 0, 1, 1, 0, 0, 1, 1, 0, 0, 1, 0, 0, 1, 1, 1, 0, 1]",101100110010011101,"[""101110010011001101""]",1,0.000244140625,False,False,,,,5.309010354909034,0.18376137271778262,{},{}
"[1, 0, 1, 1, 0, 0, 1, 1, 0, 0, 1, 1, 0, 0, 0, 0, 1, 0]",101100110011000010,"[""10000110011001101""]",1,0.000244140625,False,False,,,,4.758149595702629,0.16389692096185762,{},{}
"[1, 0, 1, 1, 0, 0, 1, 1, 0, 0, 1, 1, 0, 0, 1, 0, 0, 1]",101100110011001001,"[""100100110011001101""]",1,0.000244140625,False,False,,,,4.043405277855285,0.13812270527774473,{},{}
"[1, 0, 1, 1, 0, 0, 1, 1, 0, 0, 1, 1, 0, 0, 1, 1, 0, 0]",101100110011001100,"[""1100110011001101""]",1,0.000244140625,False,False,,,,4.111371385826294,0.14057361406052518,{},{}
"[1, 0, 1, 1, 0, 0, 1, 1, 0, 1, 0, 0, 0, 1, 1, 0, 1, 1]",101100110100011011,"[""110110001011001101""]",1,0.000244140625,False,False,,,,5.293997526651296,0.1832199988811792,{},{}
"[1, 0, 1, 1, 0, 0, 1, 1, 0, 1, 1, 0, 0, 0, 1, 1, 0, 0]",101100110110001100,"[""1100011011001101""]",1,0.000244140625,False,False,,,,4.137070513945803,0.14150034387775662,{},{}
"[1, 0, 1, 1, 0, 0, 1, 1, 0, 1, 1, 1, 1, 1, 0, 0, 1, 1]",101100110111110011,"[""110011111011001101""]",1,0.000244140625,False,False,,,,9.814575120039494,0.3462354143232657,{},{}
"[1, 0, 1, 1, 0, 0, 1, 1, 1, 0, 0, 0, 1, 0, 0, 1, 1, 1]",101100111000100111,"[""111001000111001101""]",1,0.000244140625,False,False,,,,11.451318085145463,0.40525759211287044,{},{}
"[1, 0, 1, 1, 0, 0, 1, 1, 1, 0, 0, 1, 1, 1, 0, 0, 0, 0]",101100111001110000,"[""11100111001101""]",1,0.000244140625,False,False,,,,8.069344659668953,0.28330109616100324,{},{}
"[1, 0, 1, 1, 0, 0, 1, 1, 1, 0, 1, 0, 0, 0, 0, 0, 1, 0]",101100111010000010,"[""10000010111001101""]",1,0.000244140625,False,False,,,,6.783409150759179,0.2369292981139442,{},{}
"[1, 0, 1, 1, 0, 1, 0, 0, 0, 0, 0, 0, 0, 0, 0, 1, 1, 1]",101101000000000111,"[""111000000000101101""]",1,0.000244140625,False,False,,,,9.652824293479153,0.3404025583120337,{},{}
"[1, 0, 1, 1, 0, 1, 0, 0, 0, 0, 0, 1, 0, 0, 0, 0, 1, 0]",101101000001000010,"[""10000100000101101""]",1,0.000244140625,False,False,,,,4.3209833177388335,0.1481323773947323,{},{}
"[1, 0, 1, 1, 0, 1, 0, 0, 0, 0, 1, 0, 1, 0, 0, 1, 1, 1]",101101000010100111,"[""111001010000101101""]",1,0.000244140625,False,False,,,,8.100179368353945,0.2844130188616934,{},{}
"[1, 0, 1, 1, 0, 1, 0, 0, 0, 0, 1, 0, 1, 1, 0, 0, 1, 0]",101101000010110010,"[""10011010000101101""]",1,0.000244140625,False,False,,,,4.722595911879377,0.1626148284815912,{},{}
"[1, 0, 1, 1, 0, 1, 0, 0, 0, 0, 1, 1, 0, 1, 1, 0, 0, 0]",101101000011011000,"[""110110000101101""]",1,0.000244140625,False,False,,,,6.767418593519664,0.2363526666376119,{},{}
"[1, 0, 1, 1, 0, 1, 0, 0, 0, 0, 1, 1, 1, 1, 1, 0, 1, 1]",101101000011111011,"[""110111110000101101""]",1,0.000244140625,False,False,,,,10.548169247815238,0.3726893682782086,{},{}
"[1, 0, 1, 1, 0, 1, 0, 0, 0, 1, 0, 0, 1, 0, 0, 0, 1, 0]",101101000100100010,"[""10001001000101101""]",1,0.000244140625,False,False,,,,3.575008871848638,0.12123197989158349,{},{}
"[1, 0, 1, 1, 0, 1, 0, 0, 0, 1, 0, 1, 0, 0, 1, 0, 1, 0]",101101000101001010,"[""10100101000101101""]",1,0.000244140625,False,False,,,,4.82492643891838,0.16630494396640647,{},{}
"[1, 0, 1, 1, 0, 1, 0, 0, 0, 1, 1, 0, 1, 1, 0, 1, 0, 1]",101101000110110101,"[""101011011000101101""]",1,0.000244140625,False,False,,,,7.372274619537606,0.2581642281752743,{},{}
"[1, 0, 1, 1, 0, 1, 0, 0, 0, 1, 1, 1, 1, 1, 0, 0, 0, 0]",101101000111110000,"[""11111000101101""]",1,0.000244140625,False,False,,,,9.960396921542635,0.3514938577547679,{},{}
"[1, 0, 1, 1, 0, 1, 0, 0, 1, 0, 0, 0, 1, 0, 0, 1, 1, 1]",101101001000100111,"[""111001000100101101""]",1,0.000244140625,False,False,,,,8.249369586906273,0.28979292993606015,{},{}
"[1, 0, 1, 1, 0, 1, 0, 0, 1, 0, 0, 1, 1, 0, 1, 0, 0, 0]",101101001001101000,"[""101100100101101""]",1,0.000244140625,False,False,,,,4.945913654563525,0.17066783362245863,{},{}
"[1, 0, 1, 1, 0, 1, 0, 0, 1, 0, 0, 1, 1, 1, 1, 0, 1, 1]",101101001001111011,"[""110111100100101101""]",1,0.000244140625,False,False,,,,8.66752440462924,0.3048719060009592,{},{}
"[1, 0, 1, 1, 0, 1, 0, 0, 1, 0, 1, 0, 0, 1, 0, 0, 0, 0]",101101001010010000,"[""10010100101101""]",1,0.000244140625,False,False,,,,3.5417139268158575,0.12003133922465221,{},{}
"[1, 0, 1, 1, 0, 1, 0, 0, 1, 0, 1, 1, 1, 0, 0, 0, 0, 1]",101101001011100001,"[""100001110100101101""]",1,0.000244140625,False,False,,,,4.135911313196581,0.14145854223011062,{},{}
"[1, 0, 1, 1, 0, 1, 0, 0, 1, 1, 0, 0, 0, 1, 0, 0, 1, 1]",101101001100010011,"[""110010001100101101""]",1,0.000244140625,False,False,,,,4.1260507299353195,0.14110296220883484,{},{}
"[1, 0, 1, 1, 0, 1, 0, 0, 1, 1, 0, 1, 0, 0, 0, 1, 1, 0]",101101001101000110,"[""11000101100101101""]",1,0.000244140625,False,False,,,,6.1178322442785165,0.21292809612654878,{},{}
"[1, 0, 1, 1, 0, 1, 0, 0, 1, 1, 0, 1, 0, 1, 1, 1, 0, 0]",101101001101011100,"[""1110101100101101""]",1,0.000244140625,False,False,,,,5.3962475776992225,0.18690721234145283,{},{}
"[1, 0, 1, 1, 0, 1, 0, 0, 1, 1, 1, 0, 0, 1, 1, 0, 1, 1]",101101001110011011,"[""110110011100101101""]",1,0.000244140625,False,False,,,,6.592855542592988,0.23005779221508885,{},{}
"[1, 0, 1, 1, 0, 1, 0, 0, 1, 1, 1, 0, 1, 0, 0, 1, 1, 1]",101101001110100111,"[""111001011100101101""]",1,0.000244140625,False,False,,,,8.727404353643555,0.30703122183252385,{},{}
"[1, 0, 1, 1, 0, 1, 0, 1, 0, 1, 0, 0, 1, 1, 0, 0, 0, 1]",101101010100110001,"[""100011001010101101""]",1,0.000244140625,False,False,,,,4.07819731793664,0.13937733231395247,{},{}
"[1, 0, 1, 1, 0, 1, 0, 1, 0, 1, 0, 1, 1, 0, 0, 0, 1, 0]",101101010101100010,"[""10001101010101101""]",1,0.000244140625,False,False,,,,4.015477862141562,0.1371156217401333,{},{}
"[1, 0, 1, 1, 0, 1, 0, 1, 0, 1, 1, 0, 1, 0, 0, 0, 1, 1]",101101010110100011,"[""110001011010101101""]",1,0.000244140625,False,False,,,,5.2928413958408065,0.18317830793782433,{},{}
"[1, 0, 1, 1, 0, 1, 0, 1, 0, 1, 1, 1, 0, 0, 0, 1, 0, 0]",101101010111000100,"[""1000111010101101""]",1,0.000244140625,False,False,,,,8.027608384554625,0.28179605480595193,{},{}
"[1, 0, 1, 1, 0, 1, 0, 1, 0, 1, 1, 1, 0, 1, 0, 0, 0, 1]",101101010111010001,"[""100010111010101101""]",1,0.000244140625,False,False,,,,7.248110556267344,0.253686779013339,{},{}
"[1, 0, 1, 1, 0, 1, 0, 1, 1, 0, 0, 0, 1, 1, 0, 1, 0, 1]",101101011000110101,"[""101011000110101101""]",1,0.000244140625,False,False,,,,7.467737795291166,0.2616067018267936,{},{}
"[1, 0, 1, 1, 0, 1, 0, 1, 1, 0, 0, 1, 1, 1, 0, 1, 0, 0]",101101011001110100,"[""1011100110101101""]",1,0.000244140625,False,False,,,,5.348421427772923,0.1851825655373289,{},{}
"[1, 0, 1, 1, 0, 1, 0, 1, 1, 0, 1, 0, 1, 0, 0, 0, 1, 1]",101101011010100011,"[""110001010110101101""]",1,0.000244140625,False,False,,,,5.386027863366433,0.18653868178462846,{},{}
"[1, 0, 1, 1, 0, 1, 0, 1, 1, 0, 1, 1, 0, 0, 0, 0, 0, 1]",101101011011000001,"[""100000110110101101""]",1,0.000244140625,False,False,,,,6.126307468515463,0.2132337190633105,{},{}
"[1, 0, 1, 1, 0, 1, 0, 1, 1, 0, 1, 1, 0, 0, 1, 0, 0, 0]",101101011011001000,"[""100110110101101""]",1,0.000244140625,False,False,,,,6.101069545376376,0.2123236206432699,{},{}
"[1, 0, 1, 1, 0, 1, 0, 1, 1, 0, 1, 1, 1, 0, 0, 1, 1, 1]",101101011011100111,"[""111001110110101101""]",1,0.000244140625,False,False,,,,9.921874521037708,0.3501047111263985,{},{}
"[1, 0, 1, 1, 0, 1, 0, 1, 1, 1, 0, 0, 0, 0, 1, 0, 1, 0]",101101011100001010,"[""10100001110101101""]",1,0.000244140625,False,False,,,,4.072750805530187,0.13918092699531642,{},{}
"[1, 0, 1, 1, 0, 1, 0, 1, 1, 1, 0, 0, 0, 0, 1, 1, 0, 1]",101101011100001101,"[""101100001110101101""]",1,0.000244140625,False,False,,,,5.508632443339199,0.19095989481028144,{},{}
"[1, 0, 1, 1, 0, 1, 0, 1, 1, 1, 0, 0, 0, 1, 1, 0, 1, 0]",101101011100011010,"[""10110001110101101""]",1,0.000244140625,False,False,,,,5.310522536327687,0.18381590311286886,{},{}
"[1, 0, 1, 1, 0, 1, 0, 1, 1, 1, 0, 0, 1, 1, 0, 0, 1, 1]",101101011100110011,"[""110011001110101101""]",1,0.000244140625,False,False,,,,6.656024326616263,0.23233570590151398,{},{}
"[1, 0, 1, 1, 0, 1, 0, 1, 1, 1, 1, 0, 0, 0, 1, 1, 1, 1]",101101011110001111,"[""111100011110101101""]",1,0.000244140625,False,False,,,,9.940551859567378,0.35077822994935154,{},{}
"[1, 0, 1, 1, 0, 1, 0, 1, 1, 1, 1, 0, 1, 1, 0, 1, 1, 1]",101101011110110111,"[""111011011110101101""]",1,0.000244140625,False,False,,,,11.244208457423317,0.3977890637428317,{},{}
"[1, 0, 1, 1, 0, 1, 1, 0, 0, 0, 0, 1, 0, 0, 1, 1, 0, 1]",101101100001001101,"[""101100100001101101""]",1,0.000244140625,False,False,,,,4.258573647885636,0.1458818379341106,{},{}
"[1, 0, 1, 1, 0, 1, 1, 0, 0, 0, 0, 1, 1, 0, 0, 1, 0, 1]",101101100001100101,"[""101001100001101101""]",1,0.000244140625,False,False,,,,4.284272776005146,0.14680856775134207,{},{}
"[1, 0, 1, 1, 0, 1, 1, 0, 0, 0, 0, 1, 1, 0, 1, 0, 1, 1]",101101100001101011,"[""110101100001101101""]",1,0.000244140625,False,False,,,,5.426997893651539,0.18801609177696432,{},{}
"[1, 0, 1, 1, 0, 1, 1, 0, 0, 0, 0, 1, 1, 1, 0, 0, 0, 1]",101101100001110001,"[""100011100001101101""]",1,0.000244140625,False,False,,,,4.115113301401001,0.14070855034009536,{},{}
"[1, 0, 1, 1, 0, 1, 1, 0, 0, 0, 1, 0, 0, 0, 1, 0, 1, 1]",101101100010001011,"[""110100010001101101""]",1,0.000244140625,False,False,,,,4.0549506674852385,0.138539040679159,{},{}
"[1, 0, 1, 1, 0, 1, 1, 0, 0, 0, 1, 0, 0, 0, 1, 1, 0, 0]",101101100010001100,"[""1100010001101101""]",1,0.000244140625,False,False,,,,2.860945244313613,0.0954823104101975,{},{}
"[1, 0, 1, 1, 0, 1, 1, 0, 0, 0, 1, 0, 0, 1, 0, 0, 1, 1]",101101100010010011,"[""110010010001101101""]",1,0.000244140625,False,False,,,,4.027666903503969,0.13755516770533024,{},{}
"[1, 0, 1, 1, 0, 1, 1, 0, 0, 0, 1, 0, 1, 1, 0, 0, 0, 0]",101101100010110000,"[""11010001101101""]",1,0.000244140625,False,False,,,,4.771012508594793,0.16436076723937276,{},{}
"[1, 0, 1, 1, 0, 1, 1, 0, 0, 0, 1, 1, 0, 1, 1, 0, 0, 1]",101101100011011001,"[""100110110001101101""]",1,0.000244140625,False,False,,,,5.305349993111438,0.1836293773285261,{},{}
"[1, 0, 1, 1, 0, 1, 1, 0, 0, 0, 1, 1, 1, 0, 1, 0, 1, 1]",101101100011101011,"[""110101110001101101""]",1,0.000244140625,False,False,,,,6.610812868696659,0.23070534685043023,{},{}
"[1, 0, 1, 1, 0, 1, 1, 0, 0, 1, 0, 1, 1, 1, 1, 0, 0, 1]",101101100101111001,"[""100111101001101101""]",1,0.000244140625,False,False,,,,8.720332533004582,0.30677620668112365,{},{}
"[1, 0, 1, 1, 0, 1, 1, 0, 0, 1, 1, 0, 1, 1, 0, 1, 0, 0]",101101100110110100,"[""1011011001101101""]",1,0.000244140625,False,False,,,,5.4352755577319485,0.18831459054644276,{},{}
"[1, 0, 1, 1, 0, 1, 1, 0, 0, 1, 1, 0, 1, 1, 1, 1, 1, 1]",101101100110111111,"[""111111011001101101""]",1,0.000244140625,False,False,,,,13.260013128962056,0.47048049071039605,{},{}
"[1, 0, 1, 1, 0, 1, 1, 0, 0, 1, 1, 1, 0, 0, 1, 1, 0, 1]",101101100111001101,"[""101100111001101101""]",1,0.000244140625,False,False,,,,8.726571588131641,0.3070011916841443,{},{}
"[1, 0, 1, 1, 0, 1, 1, 0, 0, 1, 1, 1, 1, 1, 0, 0, 0, 1]",101101100111110001,"[""100011111001101101""]",1,0.000244140625,False,False,,,,8.597151270700333,0.30233419805846945,{},{}
"[1, 0, 1, 1, 0, 1, 1, 0, 1, 0, 0, 1, 1, 1, 0, 0, 0, 0]",101101101001110000,"[""11100101101101""]",1,0.000244140625,False,False,,,,6.125943580235998,0.21322059697927903,{},{}
"[1, 0, 1, 1, 0, 1, 1, 0, 1, 0, 1, 0, 0, 1, 0, 0, 0, 0]",101101101010010000,"[""10010101101101""]",1,0.000244140625,False,False,,,,4.793383935782187,0.16516749766743122,{},{}
"[1, 0, 1, 1, 0, 1, 1, 0, 1, 0, 1, 0, 1, 1, 1, 0, 1, 0]",101101101010111010,"[""10111010101101101""]",1,0.000244140625,False,False,,,,8.584328962554743,0.3018718160185423,{},{}
"[1, 0, 1, 1, 0, 1, 1, 0, 1, 0, 1, 1, 0, 0, 1, 0, 1, 0]",101101101011001010,"[""10100110101101101""]",1,0.000244140625,False,False,,,,5.336863659532602,0.18476578375394906,{},{}
"[1, 0, 1, 1, 0, 1, 1, 0, 1, 0, 1, 1, 1, 0, 1, 0, 0, 1]",101101101011101001,"[""100101110101101101""]",1,0.000244140625,False,False,,,,6.73358391270383,0.23513256269390112,{},{}
"[1, 0, 1, 1, 0, 1, 1, 0, 1, 1, 0, 0, 1, 1, 1, 1, 0, 1]",101101101100111101,"[""101111001101101101""]",1,0.000244140625,False,False,,,,10.18348801594844,0.35953868978888287,{},{}
"[1, 0, 1, 1, 0, 1, 1, 0, 1, 1, 0, 1, 1, 0, 0, 0, 0, 0]",101101101101100000,"[""1101101101101""]",1,0.000244140625,False,False,,,,6.259406838996241,0.21803338209879047,{},{}
"[1, 0, 1, 1, 0, 1, 1, 0, 1, 1, 1, 1, 0, 0, 0, 0, 0, 1]",101101101111000001,"[""100000111101101101""]",1,0.000244140625,False,False,,,,9.430161732929946,0.3323731795299028,{},{}
"[1, 0, 1, 1, 0, 1, 1, 1, 0, 0, 0, 1, 0, 1, 0, 1, 0, 1]",101101110001010101,"[""101010100011101101""]",1,0.000244140625,False,False,,,,5.35968337603795,0.18558867983073152,{},{}
"[1, 0, 1, 1, 0, 1, 1, 1, 0, 0, 0, 1, 1, 0, 1, 0, 1, 1]",101101110001101011,"[""110101100011101101""]",1,0.000244140625,False,False,,,,6.646651574631756,0.23199771744162673,{},{}
"[1, 0, 1, 1, 0, 1, 1, 1, 0, 0, 1, 0, 0, 1, 1, 0, 0, 0]",101101110010011000,"[""110010011101101""]",1,0.000244140625,False,False,,,,6.018013443700383,0.2093285553800356,{},{}
"[1, 0, 1, 1, 0, 1, 1, 1, 0, 0, 1, 1, 0, 1, 1, 1, 0, 0]",101101110011011100,"[""1110110011101101""]",1,0.000244140625,False,False,,,,6.582997005883538,0.22970228599400494,{},{}
"[1, 0, 1, 1, 0, 1, 1, 1, 0, 1, 0, 0, 1, 0, 0, 0, 0, 0]",101101110100100000,"[""1001011101101""]",1,0.000244140625,False,False,,,,4.912932572409921,0.16947851108613873,{},{}
"[1, 0, 1, 1, 0, 1, 1, 1, 0, 1, 1, 1, 1, 1, 0, 1, 0, 0]",101101110111110100,"[""1011111011101101""]",1,0.000244140625,False,False,,,,9.929701303777254,0.35038695077686444,{},{}
"[1, 0, 1, 1, 0, 1, 1, 1, 1, 0, 0, 1, 0, 0, 0, 0, 1, 0]",101101111001000010,"[""10000100111101101""]",1,0.000244140625,False,False,,,,8.082221737264497,0.28376545322833635,{},{}
"[1, 0, 1, 1, 0, 1, 1, 1, 1, 0, 0, 1, 0, 0, 1, 1, 0, 0]",101101111001001100,"[""1100100111101101""]",1,0.000244140625,False,False,,,,7.465278589126484,0.26151802100972726,{},{}
"[1, 0, 1, 1, 0, 1, 1, 1, 1, 0, 0, 1, 0, 1, 0, 1, 0, 0]",101101111001010100,"[""1010100111101101""]",1,0.000244140625,False,False,,,,7.364777867913958,0.2578938896941513,{},{}
"[1, 0, 1, 1, 0, 1, 1, 1, 1, 0, 1, 0, 1, 0, 0, 0, 0, 1]",101101111010100001,"[""100001010111101101""]",1,0.000244140625,False,False,,,,7.441941656168142,0.26067647372008174,{},{}
"[1, 0, 1, 1, 0, 1, 1, 1, 1, 1, 0, 0, 0, 0, 1, 0, 1, 1]",101101111100001011,"[""110100001111101101""]",1,0.000244140625,False,False,,,,8.70355884451902,0.3061713349052317,{},{}
"[1, 0, 1, 1, 0, 1, 1, 1, 1, 1, 0, 1, 1, 1, 0, 1, 0, 1]",101101111101110101,"[""101011101111101101""]",1,0.000244140625,False,False,,,,11.3708310550975,0.40235516949763683,{},{}
"[1, 0, 1, 1, 1, 0, 0, 0, 0, 0, 0, 0, 1, 1, 1, 1, 1, 0]",101110000000111110,"[""11111000000011101""]",1,0.000244140625,False,False,,,,10.090284867199056,0.35617771440465024,{},{}
"[1, 0, 1, 1, 1, 0, 0, 0, 0, 0, 1, 1, 1, 0, 1, 1, 1, 1]",101110000011101111,"[""111101110000011101""]",1,0.000244140625,False,False,,,,10.593758684831363,0.3743333575387456,{},{}
"[1, 0, 1, 1, 1, 0, 0, 0, 0, 1, 0, 0, 1, 0, 1, 0, 1, 1]",101110000100101011,"[""110101001000011101""]",1,0.000244140625,False,False,,,,6.050649177899931,0.21050542441035117,{},{}
"[1, 0, 1, 1, 1, 0, 0, 0, 0, 1, 0, 1, 0, 0, 1, 1, 0, 0]",101110000101001100,"[""1100101000011101""]",1,0.000244140625,False,False,,,,4.876298454438906,0.16815745734089743,{},{}
"[1, 0, 1, 1, 1, 0, 0, 0, 1, 0, 0, 1, 1, 1, 1, 1, 1, 1]",101110001001111111,"[""111111100100011101""]",1,0.000244140625,False,False,,,,11.890100953100275,0.4210804311264384,{},{}
"[1, 0, 1, 1, 1, 0, 0, 0, 1, 0, 1, 1, 0, 1, 0, 0, 1, 1]",101110001011010011,"[""110010110100011101""]",1,0.000244140625,False,False,,,,5.29636338854082,0.18330531363373728,{},{}
"[1, 0, 1, 1, 1, 0, 0, 0, 1, 0, 1, 1, 1, 1, 0, 0, 1, 1]",101110001011110011,"[""110011110100011101""]",1,0.000244140625,False,False,,,,6.5371213128505,0.22804797412699657,{},{}
"[1, 0, 1, 1, 1, 0, 0, 0, 1, 1, 0, 1, 1, 0, 1, 1, 0, 1]",101110001101101101,"[""101101101100011101""]",1,0.000244140625,False,False,,,,6.716487804427258,0.2345160642187451,{},{}
"[1, 0, 1, 1, 1, 0, 0, 0, 1, 1, 1, 1, 1, 1, 1, 0, 1, 0]",101110001111111010,"[""10111111100011101""]",1,0.000244140625,False,False,,,,11.792659675148421,0.4175666256273885,{},{}
"[1, 0, 1, 1, 1, 0, 0, 1, 0, 0, 0, 0, 0, 1, 1, 0, 1, 1]",101110010000011011,"[""110110000010011101""]",1,0.000244140625,False,False,,,,6.091120026013968,0.21196483351954387,{},{}
"[1, 0, 1, 1, 1, 0, 0, 1, 0, 0, 0, 1, 0, 1, 0, 0, 0, 0]",101110010001010000,"[""10100010011101""]",1,0.000244140625,False,False,,,,3.5276397089283087,0.11952381238133093,{},{}
"[1, 0, 1, 1, 1, 0, 0, 1, 0, 0, 0, 1, 0, 1, 1, 0, 0, 0]",101110010001011000,"[""110100010011101""]",1,0.000244140625,False,False,,,,4.8281795828575165,0.16642225477454453,{},{}
"[1, 0, 1, 1, 1, 0, 0, 1, 0, 0, 0, 1, 1, 0, 1, 1, 0, 0]",101110010001101100,"[""1101100010011101""]",1,0.000244140625,False,False,,,,4.1299729470567055,0.1412444002972844,{},{}
"[1, 0, 1, 1, 1, 0, 0, 1, 0, 0, 1, 1, 0, 0, 0, 1, 1, 0]",101110010011000110,"[""11000110010011101""]",1,0.000244140625,False,False,,,,6.051135038364093,0.2105229449027608,{},{}
"[1, 0, 1, 1, 1, 0, 0, 1, 0, 0, 1, 1, 0, 1, 0, 0, 1, 1]",101110010011010011,"[""110010110010011101""]",1,0.000244140625,False,False,,,,5.330076703840994,0.18452104104601,{},{}
"[1, 0, 1, 1, 1, 0, 0, 1, 0, 1, 0, 0, 0, 0, 0, 0, 0, 0]",101110010100000000,"[""1010011101""]",1,0.000244140625,False,False,,,,4.281365440346712,0.1467037270489322,{},{}
"[1, 0, 1, 1, 1, 0, 0, 1, 0, 1, 0, 1, 0, 0, 1, 1, 1, 0]",101110010101001110,"[""11100101010011101""]",1,0.000244140625,False,False,,,,5.34862022752292,0.1851897344052813,{},{}
"[1, 0, 1, 1, 1, 0, 0, 1, 0, 1, 1, 0, 1, 0, 0, 0, 0, 1]",101110010110100001,"[""100001011010011101""]",1,0.000244140625,False,False,,,,4.003276545270882,0.13667563311090955,{},{}
"[1, 0, 1, 1, 1, 0, 0, 1, 1, 0, 0, 0, 0, 0, 0, 0, 0, 1]",101110011000000001,"[""100000000110011101""]",1,0.000244140625,False,False,,,,5.593062262483741,0.19400449735480543,{},{}
"[1, 0, 1, 1, 1, 0, 0, 1, 1, 0, 0, 1, 0, 0, 0, 1, 0, 1]",101110011001000101,"[""101000100110011101""]",1,0.000244140625,False,False,,,,6.073095526342696,0.21131485655501933,{},{}
"[1, 0, 1, 1, 1, 0, 0, 1, 1, 0, 0, 1, 0, 1, 1, 1, 0, 1]",101110011001011101,"[""101110100110011101""]",1,0.000244140625,False,False,,,,6.615410333631456,0.23087113488101785,{},{}
"[1, 0, 1, 1, 1, 0, 0, 1, 1, 0, 1, 0, 0, 1, 0, 0, 1, 0]",101110011010010010,"[""10010010110011101""]",1,0.000244140625,False,False,,,,4.0942085702219275,0.1399547100691428,{},{}
"[1, 0, 1, 1, 1, 0, 0, 1, 1, 0, 1, 0, 0, 1, 1, 0, 1, 1]",101110011010011011,"[""110110010110011101""]",1,0.000244140625,False,False,,,,6.6501403458677615,0.23212352514665355,{},{}
"[1, 0, 1, 1, 1, 0, 0, 1, 1, 0, 1, 1, 1, 1, 0, 0, 0, 1]",101110011011110001,"[""100011110110011101""]",1,0.000244140625,False,False,,,,6.547210181380734,0.2284117862861335,{},{}
"[1, 0, 1, 1, 1, 0, 0, 1, 1, 1, 0, 0, 1, 0, 1, 1, 0, 1]",101110011100101101,"[""101101001110011101""]",1,0.000244140625,False,False,,,,6.690461491029026,0.23357753585519173,{},{}
"[1, 0, 1, 1, 1, 0, 0, 1, 1, 1, 0, 0, 1, 1, 1, 1, 0, 0]",101110011100111100,"[""1111001110011101""]",1,0.000244140625,False,False,,,,8.637356940959465,0.30378404465550746,{},{}
"[1, 0, 1, 1, 1, 0, 0, 1, 1, 1, 1, 0, 0, 0, 0, 1, 0, 0]",101110011110000100,"[""1000011110011101""]",1,0.000244140625,False,False,,,,6.039714969493418,0.2101111286618333,{},{}
"[1, 0, 1, 1, 1, 0, 0, 1, 1, 1, 1, 0, 1, 0, 1, 1, 1, 1]",101110011110101111,"[""111101011110011101""]",1,0.000244140625,False,False,,,,11.192939741702626,0.3959402754365288,{},{}
"[1, 0, 1, 1, 1, 0, 0, 1, 1, 1, 1, 1, 0, 0, 0, 0, 1, 0]",101110011111000010,"[""10000111110011101""]",1,0.000244140625,False,False,,,,9.267249473848434,0.326498441391656,{},{}
"[1, 0, 1, 1, 1, 0, 0, 1, 1, 1, 1, 1, 0, 1, 1, 0, 0, 1]",101110011111011001,"[""100110111110011101""]",1,0.000244140625,False,False,,,,9.826190410935595,0.3466542704167167,{},{}
"[1, 0, 1, 1, 1, 0, 1, 0, 0, 0, 0, 0, 0, 0, 1, 0, 0, 0]",101110100000001000,"[""100000001011101""]",1,0.000244140625,False,False,,,,4.353525610807787,0.14930587686785993,{},{}
"[1, 0, 1, 1, 1, 0, 1, 0, 0, 0, 0, 0, 0, 0, 1, 1, 0, 0]",101110100000001100,"[""1100000001011101""]",1,0.000244140625,False,False,,,,3.6459853068562387,0.12379144332304519,{},{}
"[1, 0, 1, 1, 1, 0, 1, 0, 0, 0, 1, 0, 0, 1, 0, 1, 1, 0]",101110100010010110,"[""11010010001011101""]",1,0.000244140625,False,False,,,,4.0528691580335305,0.13846397988858367,{},{}
"[1, 0, 1, 1, 1, 0, 1, 0, 0, 1, 1, 1, 1, 1, 1, 0, 1, 1]",101110100111111011,"[""110111111001011101""]",1,0.000244140625,False,False,,,,13.139528119457363,0.46613571098408896,{},{}
"[1, 0, 1, 1, 1, 0, 1, 0, 1, 0, 1, 0, 0, 1, 0, 0, 0, 1]",101110101010010001,"[""100010010101011101""]",1,0.000244140625,False,False,,,,4.028148085885284,0.137572519502567,{},{}
"[1, 0, 1, 1, 1, 0, 1, 0, 1, 0, 1, 0, 0, 1, 1, 0, 0, 0]",101110101010011000,"[""110010101011101""]",1,0.000244140625,False,False,,,,6.008674774435548,0.2089917959685591,{},{}
"[1, 0, 1, 1, 1, 0, 1, 0, 1, 0, 1, 0, 1, 1, 0, 0, 0, 0]",101110101010110000,"[""11010101011101""]",1,0.000244140625,False,False,,,,6.035284276062558,0.20995135453664526,{},{}
"[1, 0, 1, 1, 1, 0, 1, 0, 1, 0, 1, 1, 0, 0, 1, 1, 1, 1]",101110101011001111,"[""111100110101011101""]",1,0.000244140625,False,False,,,,9.890662360556316,0.34897917723109256,{},{}
"[1, 0, 1, 1, 1, 0, 1, 0, 1, 1, 0, 0, 1, 1, 0, 1, 1, 0]",101110101100110110,"[""11011001101011101""]",1,0.000244140625,False,False,,,,6.710892043521042,0.23431427688737055,{},{}
"[1, 0, 1, 1, 1, 0, 1, 0, 1, 1, 0, 1, 1, 0, 1, 1, 1, 0]",101110101101101110,"[""11101101101011101""]",1,0.000244140625,False,False,,,,8.038286536444954,0.2821811169646242,{},{}
"[1, 0, 1, 1, 1, 0, 1, 0, 1, 1, 1, 0, 0, 0, 1, 0, 0, 0]",101110101110001000,"[""100011101011101""]",1,0.000244140625,False,False,,,,6.037005193107432,0.21001341209482585,{},{}
"[1, 0, 1, 1, 1, 0, 1, 0, 1, 1, 1, 0, 0, 1, 0, 1, 0, 0]",101110101110010100,"[""1010011101011101""]",1,0.000244140625,False,False,,,,5.322510139836497,0.1842481850781208,{},{}
"[1, 0, 1, 1, 1, 0, 1, 0, 1, 1, 1, 0, 0, 1, 1, 0, 1, 0]",101110101110011010,"[""10110011101011101""]",1,0.000244140625,False,False,,,,6.530035885734595,0.2277924683158424,{},{}
"[1, 0, 1, 1, 1, 0, 1, 0, 1, 1, 1, 0, 1, 0, 0, 1, 0, 1]",101110101110100101,"[""101001011101011101""]",1,0.000244140625,False,False,,,,6.755213924908986,0.23591255714213227,{},{}
"[1, 0, 1, 1, 1, 0, 1, 1, 0, 0, 0, 0, 0, 1, 0, 1, 1, 0]",101110110000010110,"[""11010000011011101""]",1,0.000244140625,False,False,,,,6.097274717451416,0.21218677630470056,{},{}
"[1, 0, 1, 1, 1, 0, 1, 1, 0, 0, 0, 0, 1, 1, 1, 1, 1, 0]",101110110000111110,"[""11111000011011101""]",1,0.000244140625,False,False,,,,10.698919891479513,0.37812554945139243,{},{}
"[1, 0, 1, 1, 1, 0, 1, 1, 0, 0, 0, 1, 1, 0, 0, 0, 1, 0]",101110110001100010,"[""10001100011011101""]",1,0.000244140625,False,False,,,,4.074713347753852,0.1392516977385023,{},{}
"[1, 0, 1, 1, 1, 0, 1, 1, 0, 0, 0, 1, 1, 1, 0, 1, 0, 1]",101110110001110101,"[""101011100011011101""]",1,0.000244140625,False,False,,,,6.628237791028242,0.23133370260680167,{},{}
"[1, 0, 1, 1, 1, 0, 1, 1, 0, 0, 0, 1, 1, 1, 1, 1, 0, 0]",101110110001111100,"[""1111100011011101""]",1,0.000244140625,False,False,,,,8.69494540761517,0.30586072791613395,{},{}
"[1, 0, 1, 1, 1, 0, 1, 1, 0, 0, 1, 0, 1, 0, 0, 0, 0, 1]",101110110010100001,"[""100001010011011101""]",1,0.000244140625,False,False,,,,4.045487263822918,0.13819778325184137,{},{}
"[1, 0, 1, 1, 1, 0, 1, 1, 0, 1, 0, 0, 1, 1, 0, 1, 0, 0]",101110110100110100,"[""1011001011011101""]",1,0.000244140625,False,False,,,,5.466579386352958,0.18944343006355344,{},{}
"[1, 0, 1, 1, 1, 0, 1, 1, 0, 1, 0, 1, 0, 1, 0, 0, 1, 0]",101110110101010010,"[""10010101011011101""]",1,0.000244140625,False,False,,,,5.310409818714724,0.18381183843128224,{},{}
"[1, 0, 1, 1, 1, 0, 1, 1, 0, 1, 1, 0, 1, 0, 0, 1, 0, 1]",101110110110100101,"[""101001011011011101""]",1,0.000244140625,False,False,,,,6.706868007115398,0.23416916711923394,{},{}
"[1, 0, 1, 1, 1, 0, 1, 1, 0, 1, 1, 0, 1, 0, 1, 0, 1, 1]",101110110110101011,"[""110101011011011101""]",1,0.000244140625,False,False,,,,7.879819747370556,0.2764666858059778,{},{}
"[1, 0, 1, 1, 1, 0, 1, 1, 0, 1, 1, 0, 1, 1, 0, 1, 1, 1]",101110110110110111,"[""111011011011011101""]",1,0.000244140625,False,False,,,,11.269016381265644,0.39868365606601786,{},{}
"[1, 0, 1, 1, 1, 0, 1, 1, 0, 1, 1, 1, 0, 1, 1, 1, 0, 1]",101110110111011101,"[""101110111011011101""]",1,0.000244140625,False,False,,,,11.170930499338482,0.39514660566459436,{},{}
"[1, 0, 1, 1, 1, 0, 1, 1, 0, 1, 1, 1, 1, 0, 1, 1, 1, 0]",101110110111101110,"[""11101111011011101""]",1,0.000244140625,False,False,,,,11.29100777446608,0.399476682183734,{},{}
"[1, 0, 1, 1, 1, 0, 1, 1, 0, 1, 1, 1, 1, 1, 0, 0, 0, 1]",101110110111110001,"[""100011111011011101""]",1,0.000244140625,False,False,,,,9.839017868332384,0.34711683814250055,{},{}
"[1, 0, 1, 1, 1, 0, 1, 1, 1, 0, 1, 0, 1, 0, 0, 1, 0, 1]",101110111010100101,"[""101001010111011101""]",1,0.000244140625,False,False,,,,8.689410870221796,0.30566114835050934,{},{}
"[1, 0, 1, 1, 1, 0, 1, 1, 1, 0, 1, 0, 1, 0, 1, 1, 0, 1]",101110111010101101,"[""101101010111011101""]",1,0.000244140625,False,False,,,,9.966258195123512,0.35170521967214846,{},{}
"[1, 0, 1, 1, 1, 0, 1, 1, 1, 1, 1, 1, 0, 0, 1, 1, 1, 0]",101110111111001110,"[""11100111111011101""]",1,0.000244140625,False,False,,,,13.1988412834538,0.4682745881231974,{},{}
"[1, 0, 1, 1, 1, 0, 1, 1, 1, 1, 1, 1, 0, 1, 0, 0, 0, 1]",101110111111010001,"[""100010111111011101""]",1,0.000244140625,False,False,,,,11.832121931849263,0.41898966417444916,{},{}
"[1, 0, 1, 1, 1, 1, 0, 0, 0, 0, 1, 0, 0, 1, 1, 1, 1, 0]",101111000010011110,"[""11110010000111101""]",1,0.000244140625,False,False,,,,9.316013298785801,0.32825690145931125,{},{}
"[1, 0, 1, 1, 1, 1, 0, 0, 0, 1, 0, 0, 1, 0, 1, 0, 1, 1]",101111000100101011,"[""110101001000111101""]",1,0.000244140625,False,False,,,,9.369271667004362,0.3301774381256024,{},{}
"[1, 0, 1, 1, 1, 1, 0, 0, 0, 1, 0, 1, 1, 0, 0, 0, 1, 1]",101111000101100011,"[""110001101000111101""]",1,0.000244140625,False,False,,,,9.349153175552354,0.3294519502483644,{},{}
"[1, 0, 1, 1, 1, 1, 0, 0, 0, 1, 1, 0, 0, 0, 0, 1, 0, 1]",101111000110000101,"[""101000011000111101""]",1,0.000244140625,False,False,,,,10.10311371159337,0.3566403321466042,{},{}
"[1, 0, 1, 1, 1, 1, 0, 0, 1, 0, 0, 1, 0, 1, 0, 0, 0, 1]",101111001001010001,"[""100010100100111101""]",1,0.000244140625,False,False,,,,6.1428230776616255,0.213829284304836,{},{}
"[1, 0, 1, 1, 1, 1, 0, 0, 1, 0, 1, 0, 0, 1, 0, 1, 0, 1]",101111001010010101,"[""101010010100111101""]",1,0.000244140625,False,False,,,,7.397437809318326,0.25907163165441194,{},{}
"[1, 0, 1, 1, 1, 1, 0, 0, 1, 0, 1, 1, 1, 0, 1, 1, 1, 0]",101111001011101110,"[""11101110100111101""]",1,0.000244140625,False,False,,,,9.90381353777995,0.3494534185364069,{},{}
"[1, 0, 1, 1, 1, 1, 0, 0, 1, 1, 0, 0, 0, 0, 1, 0, 1, 1]",101111001100001011,"[""110100001100111101""]",1,0.000244140625,False,False,,,,7.413603058822305,0.2596545626647037,{},{}
"[1, 0, 1, 1, 1, 1, 0, 0, 1, 1, 1, 0, 1, 1, 0, 1, 1, 1]",101111001110110111,"[""111011011100111101""]",1,0.000244140625,False,False,,,,13.260724066569482,0.4705061276532499,{},{}
"[1, 0, 1, 1, 1, 1, 0, 1, 0, 0, 0, 0, 1, 0, 0, 1, 0, 0]",101111010000100100,"[""1001000010111101""]",1,0.000244140625,False,False,,,,6.851089745878203,0.23936991108933744,{},{}
"[1, 0, 1, 1, 1, 1, 0, 1, 0, 0, 0, 0, 1, 0, 1, 0, 0, 0]",101111010000101000,"[""101000010111101""]",1,0.000244140625,False,False,,,,8.822244391686185,0.31045122467124847,{},{}
"[1, 0, 1, 1, 1, 1, 0, 1, 0, 0, 1, 1, 0, 0, 1, 1, 0, 1]",101111010011001101,"[""101100110010111101""]",1,0.000244140625,False,False,,,,8.626190155818628,0.3033813620156721,{},{}
"[1, 0, 1, 1, 1, 1, 0, 1, 0, 1, 0, 0, 0, 1, 1, 0, 1, 1]",101111010100011011,"[""110110001010111101""]",1,0.000244140625,False,False,,,,8.630381947976069,0.30353252118192364,{},{}
"[1, 0, 1, 1, 1, 1, 0, 1, 0, 1, 0, 1, 0, 0, 0, 1, 1, 0]",101111010101000110,"[""11000101010111101""]",1,0.000244140625,False,False,,,,9.320009496373967,0.328401007338829,{},{}
"[1, 0, 1, 1, 1, 1, 0, 1, 0, 1, 0, 1, 0, 0, 1, 0, 1, 1]",101111010101001011,"[""110100101010111101""]",1,0.000244140625,False,False,,,,8.620515996825725,0.3031767475905452,{},{}
"[1, 0, 1, 1, 1, 1, 0, 1, 0, 1, 0, 1, 1, 0, 0, 0, 1, 0]",101111010101100010,"[""10001101010111101""]",1,0.000244140625,False,False,,,,7.2857544334524,0.255044245432486,{},{}
"[1, 0, 1, 1, 1, 1, 0, 1, 0, 1, 1, 0, 1, 0, 1, 0, 1, 0]",101111010110101010,"[""10101011010111101""]",1,0.000244140625,False,False,,,,8.561687887317287,0.3010553618797421,{},{}
"[1, 0, 1, 1, 1, 1, 0, 1, 1, 1, 0, 0, 0, 0, 0, 0, 0, 0]",101111011100000000,"[""1110111101""]",1,0.000244140625,False,False,,,,8.824531974176413,0.31053371661001045,{},{}
"[1, 0, 1, 1, 1, 1, 0, 1, 1, 1, 0, 0, 0, 1, 1, 0, 0, 0]",101111011100011000,"[""110001110111101""]",1,0.000244140625,False,False,,,,9.328800352675021,0.32871801220433644,{},{}
"[1, 0, 1, 1, 1, 1, 0, 1, 1, 1, 1, 0, 0, 1, 0, 0, 0, 1]",101111011110010001,"[""100010011110111101""]",1,0.000244140625,False,False,,,,8.65078197286181,0.3042681613657448,{},{}
"[1, 0, 1, 1, 1, 1, 0, 1, 1, 1, 1, 0, 1, 0, 0, 1, 0, 0]",101111011110100100,"[""1001011110111101""]",1,0.000244140625,False,False,,,,8.661204167824037,0.3046439935257924,{},{}
"[1, 0, 1, 1, 1, 1, 0, 1, 1, 1, 1, 1, 0, 1, 1, 0, 0, 1]",101111011111011001,"[""100110111110111101""]",1,0.000244140625,False,False,,,,13.190814494633393,0.4679851361035841,{},{}
"[1, 0, 1, 1, 1, 1, 0, 1, 1, 1, 1, 1, 0, 1, 1, 1, 1, 1]",101111011111011111,"[""111110111110111101""]",1,0.000244140625,False,False,,,,17.827974287414325,0.6352045930148303,{},{}
"[1, 0, 1, 1, 1, 1, 0, 1, 1, 1, 1, 1, 1, 1, 1, 0, 1, 0]",101111011111111010,"[""10111111110111101""]",1,0.000244140625,False,False,,,,16.444248878396976,0.5853064178925514,{},{}
"[1, 0, 1, 1, 1, 1, 1, 0, 0, 0, 0, 0, 0, 0, 0, 1, 0, 0]",101111100000000100,"[""1000000001111101""]",1,0.000244140625,False,False,,,,7.639625971812439,0.26780511827388226,{},{}
"[1, 0, 1, 1, 1, 1, 1, 0, 0, 0, 0, 1, 0, 0, 0, 0, 1, 1]",101111100001000011,"[""110000100001111101""]",1,0.000244140625,False,False,,,,8.106584406105332,0.2846439893225238,{},{}
"[1, 0, 1, 1, 1, 1, 1, 0, 0, 0, 0, 1, 0, 0, 1, 0, 1, 0]",101111100001001010,"[""10100100001111101""]",1,0.000244140625,False,False,,,,6.09212630515342,0.21200112069935215,{},{}
"[1, 0, 1, 1, 1, 1, 1, 0, 0, 0, 0, 1, 0, 1, 0, 1, 0, 1]",101111100001010101,"[""101010100001111101""]",1,0.000244140625,False,False,,,,7.37836071456762,0.2583836973225772,{},{}
"[1, 0, 1, 1, 1, 1, 1, 0, 0, 0, 0, 1, 1, 1, 0, 1, 1, 1]",101111100001110111,"[""111011100001111101""]",1,0.000244140625,False,False,,,,11.963054835000005,0.42371120277459934,{},{}
"[1, 0, 1, 1, 1, 1, 1, 0, 0, 0, 1, 0, 0, 0, 1, 0, 1, 1]",101111100010001011,"[""110100010001111101""]",1,0.000244140625,False,False,,,,7.3285611042178385,0.25658788605680066,{},{}
"[1, 0, 1, 1, 1, 1, 1, 0, 1, 0, 0, 0, 0, 1, 1, 1, 0, 0]",101111101000011100,"[""1110000101111101""]",1,0.000244140625,False,False,,,,9.397088509745116,0.33118053431895245,{},{}
"[1, 0, 1, 1, 1, 1, 1, 0, 1, 0, 0, 1, 1, 1, 1, 1, 0, 0]",101111101001111100,"[""1111100101111101""]",1,0.000244140625,False,False,,,,11.995851377928537,0.4248938706881816,{},{}
"[1, 0, 1, 1, 1, 1, 1, 0, 1, 0, 1, 0, 0, 0, 0, 0, 0, 0]",101111101010000000,"[""10101111101""]",1,0.000244140625,False,False,,,,8.82634033587261,0.310598927487843,{},{}
"[1, 0, 1, 1, 1, 1, 1, 0, 1, 0, 1, 1, 1, 0, 1, 0, 1, 1]",101111101011101011,"[""110101110101111101""]",1,0.000244140625,False,False,,,,11.23970871986222,0.39762679983457017,{},{}
"[1, 0, 1, 1, 1, 1, 1, 0, 1, 1, 1, 0, 0, 1, 0, 1, 0, 0]",101111101110010100,"[""1010011101111101""]",1,0.000244140625,False,False,,,,8.64044087721012,0.3038952537076057,{},{}
"[1, 0, 1, 1, 1, 1, 1, 0, 1, 1, 1, 1, 0, 1, 0, 0, 0, 0]",101111101111010000,"[""10111101111101""]",1,0.000244140625,False,False,,,,12.555352984219214,0.44506991786484973,{},{}
"[1, 0, 1, 1, 1, 1, 1, 1, 0, 0, 0, 1, 1, 0, 0, 0, 0, 1]",101111110001100001,"[""100001100011111101""]",1,0.000244140625,False,False,,,,7.361827467410171,0.257787496041148,{},{}
"[1, 0, 1, 1, 1, 1, 1, 1, 0, 0, 1, 1, 1, 0, 1, 0, 0, 0]",101111110011101000,"[""101110011111101""]",1,0.000244140625,False,False,,,,10.597041816160306,0.3744517497146307,{},{}
"[1, 0, 1, 1, 1, 1, 1, 1, 0, 1, 0, 0, 0, 1, 1, 0, 1, 1]",101111110100011011,"[""110110001011111101""]",1,0.000244140625,False,False,,,,9.916014274905768,0.3498933862595965,{},{}
"[1, 0, 1, 1, 1, 1, 1, 1, 0, 1, 1, 0, 0, 0, 1, 0, 1, 0]",101111110110001010,"[""10100011011111101""]",1,0.000244140625,False,False,,,,8.575882598074818,0.30156723378624434,{},{}
"[1, 0, 1, 1, 1, 1, 1, 1, 0, 1, 1, 0, 1, 0, 1, 1, 0, 1]",101111110110101101,"[""101101011011111101""]",1,0.000244140625,False,False,,,,11.30233782112154,0.39988525215612414,{},{}
"[1, 0, 1, 1, 1, 1, 1, 1, 1, 0, 1, 0, 1, 0, 0, 1, 0, 0]",101111111010100100,"[""1001010111111101""]",1,0.000244140625,False,False,,,,10.709579818321629,0.3785099544011695,{},{}
"[1, 0, 1, 1, 1, 1, 1, 1, 1, 0, 1, 0, 1, 0, 1, 1, 0, 1]",101111111010101101,"[""101101010111111101""]",1,0.000244140625,False,False,,,,13.321543609556475,0.4726993259475394,{},{}
"[1, 0, 1, 1, 1, 1, 1, 1, 1, 1, 1, 1, 1, 1, 0, 1, 1, 0]",101111111111110110,"[""11011111111111101""]",1,0.000244140625,False,False,,,,17.8616831708053,0.6364201606091363,{},{}
"[1, 1, 0, 0, 0, 0, 0, 0, 0, 0, 0, 1, 0, 0, 0, 0, 0, 0]",110000000001000000,"[""100000000011""]",1,0.000244140625,False,False,,,,4.607877420761978,0.15847799372938076,{},{}
"[1, 1, 0, 0, 0, 0, 0, 0, 0, 0, 0, 1, 1, 0, 0, 0, 1, 1]",110000000001100011,"[""110001100000000011""]",1,0.000244140625,False,False,,,,4.228270265388228,0.14478907525388574,{},{}
"[1, 1, 0, 0, 0, 0, 0, 0, 0, 0, 1, 0, 0, 1, 0, 0, 1, 0]",110000000010010010,"[""10010010000000011""]",1,0.000244140625,False,False,,,,3.078690803870779,0.10333437845207724,{},{}
"[1, 1, 0, 0, 0, 0, 0, 0, 0, 0, 1, 1, 0, 1, 0, 1, 0, 0]",110000000011010100,"[""1010110000000011""]",1,0.000244140625,False,False,,,,4.184734188092017,0.143219131683502,{},{}
"[1, 1, 0, 0, 0, 0, 0, 0, 0, 1, 0, 0, 1, 1, 1, 1, 0, 1]",110000000100111101,"[""101111001000000011""]",1,0.000244140625,False,False,,,,8.720147972940019,0.3067695513068983,{},{}
"[1, 1, 0, 0, 0, 0, 0, 0, 0, 1, 0, 1, 0, 0, 0, 0, 1, 1]",110000000101000011,"[""110000101000000011""]",1,0.000244140625,False,False,,,,6.225387959543552,0.2168066358142083,{},{}
"[1, 1, 0, 0, 0, 0, 0, 0, 0, 1, 0, 1, 0, 1, 0, 0, 1, 0]",110000000101010010,"[""10010101000000011""]",1,0.000244140625,False,False,,,,4.205634883971281,0.1439728264385196,{},{}
"[1, 1, 0, 0, 0, 0, 0, 0, 0, 1, 1, 0, 0, 1, 1, 1, 0, 0]",110000000110011100,"[""1110011000000011""]",1,0.000244140625,False,False,,,,5.409267934730136,0.1873767361725896,{},{}
"[1, 1, 0, 0, 0, 0, 0, 0, 1, 0, 0, 0, 0, 0, 1, 0, 0, 1]",110000001000001001,"[""100100000100000011""]",1,0.000244140625,False,False,,,,3.12081576076584,0.10485343596339436,{},{}
"[1, 1, 0, 0, 0, 0, 0, 0, 1, 0, 1, 0, 1, 1, 0, 1, 0, 1]",110000001010110101,"[""101011010100000011""]",1,0.000244140625,False,False,,,,4.745202005900793,0.16343002117152838,{},{}
"[1, 1, 0, 0, 0, 0, 0, 0, 1, 1, 0, 0, 0, 1, 1, 0, 0, 1]",110000001100011001,"[""100110001100000011""]",1,0.000244140625,False,False,,,,3.493149323883803,0.11828006325179248,{},{}
"[1, 1, 0, 0, 0, 0, 0, 0, 1, 1, 0, 0, 1, 1, 1, 0, 0, 0]",110000001100111000,"[""111001100000011""]",1,0.000244140625,False,False,,,,7.44148092562248,0.2606598594313639,{},{}
"[1, 1, 0, 0, 0, 0, 0, 0, 1, 1, 1, 0, 0, 1, 0, 0, 0, 0]",110000001110010000,"[""10011100000011""]",1,0.000244140625,False,False,,,,4.215226261939487,0.14431869871520303,{},{}
"[1, 1, 0, 0, 0, 0, 0, 0, 1, 1, 1, 1, 1, 1, 0, 0, 1, 0]",110000001111110010,"[""10011111100000011""]",1,0.000244140625,False,False,,,,7.897156941190302,0.2770918780064744,{},{}
"[1, 1, 0, 0, 0, 0, 0, 1, 0, 0, 0, 1, 0, 0, 1, 1, 0, 1]",110000010001001101,"[""101100100010000011""]",1,0.000244140625,False,False,,,,3.485394276298271,0.1180004104247339,{},{}
"[1, 1, 0, 0, 0, 0, 0, 1, 0, 0, 0, 1, 0, 1, 0, 1, 0, 0]",110000010001010100,"[""1010100010000011""]",1,0.000244140625,False,False,,,,2.234475214212687,0.07289133168918498,{},{}
"[1, 1, 0, 0, 0, 0, 0, 1, 0, 1, 0, 1, 1, 1, 1, 0, 1, 1]",110000010101111011,"[""110111101010000011""]",1,0.000244140625,False,False,,,,9.19250509045108,0.3238031029178063,{},{}
"[1, 1, 0, 0, 0, 0, 0, 1, 0, 1, 0, 1, 1, 1, 1, 1, 1, 1]",110000010101111111,"[""111111101010000011""]",1,0.000244140625,False,False,,,,12.47263492260842,0.4420870425796716,{},{}
"[1, 1, 0, 0, 0, 0, 0, 1, 0, 1, 1, 0, 0, 0, 1, 0, 0, 1]",110000010110001001,"[""100100011010000011""]",1,0.000244140625,False,False,,,,3.449847441318396,0.11671856491889171,{},{}
"[1, 1, 0, 0, 0, 0, 0, 1, 0, 1, 1, 0, 0, 0, 1, 1, 0, 0]",110000010110001100,"[""1100011010000011""]",1,0.000244140625,False,False,,,,3.4496702915859716,0.11671217676679609,{},{}
"[1, 1, 0, 0, 0, 0, 0, 1, 0, 1, 1, 1, 1, 1, 0, 1, 1, 0]",110000010111110110,"[""11011111010000011""]",1,0.000244140625,False,False,,,,9.223221063757327,0.3249107439317664,{},{}
"[1, 1, 0, 0, 0, 0, 0, 1, 1, 0, 0, 0, 0, 0, 0, 0, 0, 0]",110000011000000000,"[""110000011""]",1,0.000244140625,False,False,,,,5.891106102472981,0.20475218155933322,{},{}
"[1, 1, 0, 0, 0, 0, 0, 1, 1, 0, 0, 0, 0, 1, 1, 1, 0, 1]",110000011000011101,"[""101110000110000011""]",1,0.000244140625,False,False,,,,6.799842687499715,0.23752190376302307,{},{}
"[1, 1, 0, 0, 0, 0, 0, 1, 1, 0, 1, 0, 0, 0, 1, 1, 0, 1]",110000011010001101,"[""101100010110000011""]",1,0.000244140625,False,False,,,,4.774708985549886,0.16449406496827093,{},{}
"[1, 1, 0, 0, 0, 0, 0, 1, 1, 0, 1, 0, 1, 0, 0, 0, 1, 0]",110000011010100010,"[""10001010110000011""]",1,0.000244140625,False,False,,,,3.552966036707544,0.12043709873893997,{},{}
"[1, 1, 0, 0, 0, 0, 0, 1, 1, 1, 0, 0, 0, 0, 1, 0, 0, 0]",110000011100001000,"[""100001110000011""]",1,0.000244140625,False,False,,,,4.254066909739318,0.14571932157950024,{},{}
"[1, 1, 0, 0, 0, 0, 0, 1, 1, 1, 0, 0, 1, 0, 0, 0, 1, 0]",110000011100100010,"[""10001001110000011""]",1,0.000244140625,False,False,,,,3.4965511189829543,0.11840273453215013,{},{}
"[1, 1, 0, 0, 0, 0, 0, 1, 1, 1, 1, 0, 0, 0, 0, 0, 0, 0]",110000011110000000,"[""11110000011""]",1,0.000244140625,False,False,,,,6.265687864521327,0.21825988058581386,{},{}
"[1, 1, 0, 0, 0, 0, 0, 1, 1, 1, 1, 0, 1, 0, 1, 0, 1, 0]",110000011110101010,"[""10101011110000011""]",1,0.000244140625,False,False,,,,5.955945205101207,0.20709032818628015,{},{}
"[1, 1, 0, 0, 0, 0, 1, 0, 0, 1, 0, 1, 1, 0, 1, 1, 1, 0]",110000100101101110,"[""11101101001000011""]",1,0.000244140625,False,False,,,,6.035668466587612,0.20996520873486593,{},{}
"[1, 1, 0, 0, 0, 0, 1, 0, 0, 1, 0, 1, 1, 1, 0, 0, 1, 0]",110000100101110010,"[""10011101001000011""]",1,0.000244140625,False,False,,,,4.712678459540701,0.16225719771876987,{},{}
"[1, 1, 0, 0, 0, 0, 1, 0, 0, 1, 0, 1, 1, 1, 1, 0, 0, 1]",110000100101111001,"[""100111101001000011""]",1,0.000244140625,False,False,,,,7.954814852944665,0.2791710655093961,{},{}
"[1, 1, 0, 0, 0, 0, 1, 0, 0, 1, 1, 1, 1, 0, 0, 1, 0, 1]",110000100111100101,"[""101001111001000011""]",1,0.000244140625,False,False,,,,8.001427172158856,0.2808519406684762,{},{}
"[1, 1, 0, 0, 0, 0, 1, 0, 1, 0, 0, 0, 0, 1, 0, 1, 1, 0]",110000101000010110,"[""11010000101000011""]",1,0.000244140625,False,False,,,,5.51727107049281,0.19127141017866156,{},{}
"[1, 1, 0, 0, 0, 0, 1, 0, 1, 0, 0, 0, 1, 1, 0, 1, 1, 1]",110000101000110111,"[""111011000101000011""]",1,0.000244140625,False,False,,,,10.074249500829257,0.3555994670775029,{},{}
"[1, 1, 0, 0, 0, 0, 1, 0, 1, 0, 0, 1, 0, 0, 1, 1, 0, 0]",110000101001001100,"[""1100100101000011""]",1,0.000244140625,False,False,,,,3.514761297780529,0.11905940722510491,{},{}
"[1, 1, 0, 0, 0, 0, 1, 0, 1, 0, 1, 0, 0, 1, 1, 0, 1, 0]",110000101010011010,"[""10110010101000011""]",1,0.000244140625,False,False,,,,4.733562490954768,0.16301029154068525,{},{}
"[1, 1, 0, 0, 0, 0, 1, 0, 1, 0, 1, 0, 1, 0, 1, 1, 1, 0]",110000101010101110,"[""11101010101000011""]",1,0.000244140625,False,False,,,,5.990846657448014,0.20834890071076645,{},{}
"[1, 1, 0, 0, 0, 0, 1, 0, 1, 0, 1, 1, 0, 1, 0, 0, 0, 1]",110000101011010001,"[""100010110101000011""]",1,0.000244140625,False,False,,,,4.7308131249970575,0.1629111473440556,{},{}
"[1, 1, 0, 0, 0, 0, 1, 0, 1, 0, 1, 1, 0, 1, 0, 1, 0, 1]",110000101011010101,"[""101010110101000011""]",1,0.000244140625,False,False,,,,5.959132765904126,0.2072052740173825,{},{}
"[1, 1, 0, 0, 0, 0, 1, 0, 1, 0, 1, 1, 0, 1, 1, 1, 0, 0]",110000101011011100,"[""1110110101000011""]",1,0.000244140625,False,False,,,,5.924556173500205,0.2059584161858654,{},{}
"[1, 1, 0, 0, 0, 0, 1, 0, 1, 1, 0, 0, 0, 0, 1, 0, 0, 0]",110000101100001000,"[""100001101000011""]",1,0.000244140625,False,False,,,,4.271911900655771,0.14636282532381392,{},{}
"[1, 1, 0, 0, 0, 0, 1, 0, 1, 1, 0, 0, 0, 1, 1, 1, 0, 0]",110000101100011100,"[""1110001101000011""]",1,0.000244140625,False,False,,,,4.738847902484508,0.1632008874409886,{},{}
"[1, 1, 0, 0, 0, 0, 1, 0, 1, 1, 1, 1, 0, 1, 0, 0, 0, 1]",110000101111010001,"[""100010111101000011""]",1,0.000244140625,False,False,,,,7.950011404932391,0.27899784957468443,{},{}
"[1, 1, 0, 0, 0, 0, 1, 1, 0, 0, 0, 1, 0, 0, 0, 0, 0, 1]",110000110001000001,"[""100000100011000011""]",1,0.000244140625,False,False,,,,4.256070252790751,0.1457915636311089,{},{}
"[1, 1, 0, 0, 0, 0, 1, 1, 0, 0, 1, 1, 0, 0, 1, 0, 1, 0]",110000110011001010,"[""10100110011000011""]",1,0.000244140625,False,False,,,,4.750546765932597,0.16362275722328806,{},{}
"[1, 1, 0, 0, 0, 0, 1, 1, 0, 0, 1, 1, 0, 1, 1, 0, 1, 0]",110000110011011010,"[""10110110011000011""]",1,0.000244140625,False,False,,,,6.0361967900838,0.20998426047602942,{},{}
"[1, 1, 0, 0, 0, 0, 1, 1, 0, 1, 0, 0, 0, 0, 1, 0, 1, 1]",110000110100001011,"[""110100001011000011""]",1,0.000244140625,False,False,,,,4.723372973909144,0.1626428499206639,{},{}
"[1, 1, 0, 0, 0, 0, 1, 1, 0, 1, 0, 1, 1, 1, 0, 0, 1, 1]",110000110101110011,"[""110011101011000011""]",1,0.000244140625,False,False,,,,7.2384045773846815,0.2533367741418059,{},{}
"[1, 1, 0, 0, 0, 0, 1, 1, 0, 1, 1, 0, 1, 0, 0, 1, 1, 1]",110000110110100111,"[""111001011011000011""]",1,0.000244140625,False,False,,,,9.3180481148912,0.3283302784528297,{},{}
"[1, 1, 0, 0, 0, 0, 1, 1, 1, 0, 0, 1, 1, 1, 0, 0, 0, 1]",110000111001110001,"[""100011100111000011""]",1,0.000244140625,False,False,,,,8.01413513554608,0.28131019935073426,{},{}
"[1, 1, 0, 0, 0, 0, 1, 1, 1, 0, 1, 0, 0, 1, 0, 0, 0, 0]",110000111010010000,"[""10010111000011""]",1,0.000244140625,False,False,,,,7.56520593772946,0.26512147607935505,{},{}
"[1, 1, 0, 0, 0, 0, 1, 1, 1, 0, 1, 0, 1, 1, 0, 0, 0, 0]",110000111010110000,"[""11010111000011""]",1,0.000244140625,False,False,,,,8.796625192774304,0.3095273771611378,{},{}
"[1, 1, 0, 0, 0, 0, 1, 1, 1, 0, 1, 1, 0, 0, 1, 1, 0, 0]",110000111011001100,"[""1100110111000011""]",1,0.000244140625,False,False,,,,7.976458929004383,0.27995156711076125,{},{}
"[1, 1, 0, 0, 0, 0, 1, 1, 1, 1, 0, 1, 0, 0, 0, 1, 1, 1]",110000111101000111,"[""111000101111000011""]",1,0.000244140625,False,False,,,,13.281596880792293,0.4712588169748431,{},{}
"[1, 1, 0, 0, 0, 0, 1, 1, 1, 1, 0, 1, 0, 0, 1, 0, 0, 1]",110000111101001001,"[""100100101111000011""]",1,0.000244140625,False,False,,,,8.004647085417215,0.28096805315336454,{},{}
"[1, 1, 0, 0, 0, 0, 1, 1, 1, 1, 1, 0, 0, 0, 0, 1, 0, 1]",110000111110000101,"[""101000011111000011""]",1,0.000244140625,False,False,,,,10.058775522423094,0.3550414638209916,{},{}
"[1, 1, 0, 0, 0, 1, 0, 0, 0, 0, 1, 1, 1, 0, 1, 1, 0, 1]",110001000011101101,"[""101101110000100011""]",1,0.000244140625,False,False,,,,5.961973620569021,0.20730771736534886,{},{}
"[1, 1, 0, 0, 0, 1, 0, 0, 0, 1, 0, 0, 0, 1, 0, 1, 1, 0]",110001000100010110,"[""11010001000100011""]",1,0.000244140625,False,False,,,,3.506919434194847,0.11877662374802671,{},{}
"[1, 1, 0, 0, 0, 1, 0, 0, 0, 1, 0, 0, 1, 0, 1, 0, 1, 0]",110001000100101010,"[""10101001000100011""]",1,0.000244140625,False,False,,,,3.4557079497884864,0.11692989924580403,{},{}
"[1, 1, 0, 0, 0, 1, 0, 0, 0, 1, 1, 1, 1, 0, 0, 1, 1, 0]",110001000111100110,"[""11001111000100011""]",1,0.000244140625,False,False,,,,7.9283573193414885,0.2782169870221242,{},{}
"[1, 1, 0, 0, 0, 1, 0, 0, 0, 1, 1, 1, 1, 0, 1, 0, 1, 0]",110001000111101010,"[""10101111000100011""]",1,0.000244140625,False,False,,,,7.889853039679671,0.276828493844936,{},{}
"[1, 1, 0, 0, 0, 1, 0, 0, 1, 0, 0, 1, 0, 0, 0, 1, 0, 1]",110001001001000101,"[""101000100100100011""]",1,0.000244140625,False,False,,,,3.638119031580981,0.12350777954214837,{},{}
"[1, 1, 0, 0, 0, 1, 0, 0, 1, 0, 1, 0, 0, 0, 0, 0, 1, 1]",110001001010000011,"[""110000010100100011""]",1,0.000244140625,False,False,,,,3.691499916150928,0.12543273423987625,{},{}
"[1, 1, 0, 0, 0, 1, 0, 0, 1, 0, 1, 0, 1, 0, 0, 0, 1, 1]",110001001010100011,"[""110001010100100011""]",1,0.000244140625,False,False,,,,2.8774564545840606,0.09607771702496845,{},{}
"[1, 1, 0, 0, 0, 1, 0, 0, 1, 0, 1, 0, 1, 1, 0, 1, 0, 1]",110001001010110101,"[""101011010100100011""]",1,0.000244140625,False,False,,,,4.098325690950247,0.1401031765277064,{},{}
"[1, 1, 0, 0, 0, 1, 0, 0, 1, 0, 1, 1, 1, 0, 0, 1, 1, 1]",110001001011100111,"[""111001110100100011""]",1,0.000244140625,False,False,,,,7.311808380054611,0.2559837702700814,{},{}
"[1, 1, 0, 0, 0, 1, 0, 0, 1, 0, 1, 1, 1, 1, 0, 1, 0, 1]",110001001011110101,"[""101011110100100011""]",1,0.000244140625,False,False,,,,5.2832274761259495,0.18283162278886536,{},{}
"[1, 1, 0, 0, 0, 1, 0, 0, 1, 0, 1, 1, 1, 1, 1, 0, 0, 1]",110001001011111001,"[""100111110100100011""]",1,0.000244140625,False,False,,,,7.284741557591456,0.2550077203699576,{},{}
"[1, 1, 0, 0, 0, 1, 0, 0, 1, 1, 0, 0, 0, 0, 0, 0, 1, 1]",110001001100000011,"[""110000001100100011""]",1,0.000244140625,False,False,,,,3.6554797564715544,0.12413382029069162,{},{}
"[1, 1, 0, 0, 0, 1, 0, 0, 1, 1, 0, 0, 0, 1, 0, 0, 1, 1]",110001001100010011,"[""110010001100100011""]",1,0.000244140625,False,False,,,,2.8932514872690547,0.0966472977393514,{},{}
"[1, 1, 0, 0, 0, 1, 0, 0, 1, 1, 0, 0, 1, 0, 1, 0, 1, 0]",110001001100101010,"[""10101001100100011""]",1,0.000244140625,False,False,,,,2.7434609499840947,0.09124573872164643,{},{}
"[1, 1, 0, 0, 0, 1, 0, 1, 0, 0, 0, 0, 0, 0, 1, 1, 1, 0]",110001010000001110,"[""11100000010100011""]",1,0.000244140625,False,False,,,,3.5249260151955983,0.11942595455186521,{},{}
"[1, 1, 0, 0, 0, 1, 0, 1, 0, 0, 0, 0, 1, 0, 0, 0, 0, 0]",110001010000100000,"[""1000010100011""]",1,0.000244140625,False,False,,,,3.056223572992935,0.10252419327115216,{},{}
"[1, 1, 0, 0, 0, 1, 0, 1, 0, 0, 0, 0, 1, 0, 0, 0, 1, 0]",110001010000100010,"[""10001000010100011""]",1,0.000244140625,False,False,,,,2.2949893449111585,0.07507351658749446,{},{}
"[1, 1, 0, 0, 0, 1, 0, 1, 0, 0, 0, 0, 1, 0, 0, 1, 0, 1]",110001010000100101,"[""101001000010100011""]",1,0.000244140625,False,False,,,,3.5783018006117437,0.12135072537028603,{},{}
"[1, 1, 0, 0, 0, 1, 0, 1, 0, 0, 0, 1, 1, 0, 0, 1, 1, 1]",110001010001100111,"[""111001100010100011""]",1,0.000244140625,False,False,,,,6.009866874048166,0.20903478397387143,{},{}
"[1, 1, 0, 0, 0, 1, 0, 1, 0, 0, 0, 1, 1, 0, 1, 0, 0, 0]",110001010001101000,"[""101100010100011""]",1,0.000244140625,False,False,,,,3.4777357001663365,0.11772423643058144,{},{}
"[1, 1, 0, 0, 0, 1, 0, 1, 0, 0, 1, 0, 0, 0, 1, 1, 0, 1]",110001010010001101,"[""101100010010100011""]",1,0.000244140625,False,False,,,,2.7818859254312143,0.09263137212942726,{},{}
"[1, 1, 0, 0, 0, 1, 0, 1, 0, 0, 1, 0, 0, 1, 0, 0, 0, 0]",110001010010010000,"[""10010010100011""]",1,0.000244140625,False,False,,,,2.344164381304741,0.07684680524839571,{},{}
"[1, 1, 0, 0, 0, 1, 0, 1, 0, 0, 1, 0, 1, 0, 0, 1, 0, 1]",110001010010100101,"[""101001010010100011""]",1,0.000244140625,False,False,,,,2.7856043627566285,0.09276546176573487,{},{}
"[1, 1, 0, 0, 0, 1, 0, 1, 0, 0, 1, 1, 0, 1, 1, 0, 1, 0]",110001010011011010,"[""10110110010100011""]",1,0.000244140625,False,False,,,,4.079907436558006,0.13943900047288973,{},{}
"[1, 1, 0, 0, 0, 1, 0, 1, 0, 0, 1, 1, 0, 1, 1, 0, 1, 1]",110001010011011011,"[""110110110010100011""]",1,0.000244140625,False,False,,,,5.376228072909456,0.1861852939974293,{},{}
"[1, 1, 0, 0, 0, 1, 0, 1, 0, 1, 0, 0, 1, 0, 1, 0, 1, 0]",110001010100101010,"[""10101001010100011""]",1,0.000244140625,False,False,,,,2.7073071825696555,0.08994200677741845,{},{}
"[1, 1, 0, 0, 0, 1, 0, 1, 0, 1, 0, 1, 1, 1, 0, 0, 1, 1]",110001010101110011,"[""110011101010100011""]",1,0.000244140625,False,False,,,,5.256560475489309,0.18186999076340596,{},{}
"[1, 1, 0, 0, 0, 1, 0, 1, 0, 1, 1, 0, 0, 0, 1, 0, 1, 0]",110001010110001010,"[""10100011010100011""]",1,0.000244140625,False,False,,,,2.7278085761572424,0.09068130239258726,{},{}
"[1, 1, 0, 0, 0, 1, 0, 1, 0, 1, 1, 0, 0, 0, 1, 1, 1, 0]",110001010110001110,"[""11100011010100011""]",1,0.000244140625,False,False,,,,3.969361200109594,0.1354526203504571,{},{}
"[1, 1, 0, 0, 0, 1, 0, 1, 0, 1, 1, 0, 1, 0, 1, 0, 1, 1]",110001010110101011,"[""110101011010100011""]",1,0.000244140625,False,False,,,,5.2407654428043156,0.18130041004902303,{},{}
"[1, 1, 0, 0, 0, 1, 0, 1, 0, 1, 1, 1, 0, 0, 1, 0, 0, 1]",110001010111001001,"[""100100111010100011""]",1,0.000244140625,False,False,,,,5.972020229397836,0.207670005607986,{},{}
"[1, 1, 0, 0, 0, 1, 0, 1, 0, 1, 1, 1, 1, 0, 1, 1, 0, 0]",110001010111101100,"[""1101111010100011""]",1,0.000244140625,False,False,,,,7.181804324764183,0.25129572661979177,{},{}
"[1, 1, 0, 0, 0, 1, 0, 1, 1, 0, 0, 0, 0, 0, 1, 0, 1, 0]",110001011000001010,"[""10100000110100011""]",1,0.000244140625,False,False,,,,3.613306481949688,0.1226130204095458,{},{}
"[1, 1, 0, 0, 0, 1, 0, 1, 1, 0, 1, 0, 1, 0, 0, 1, 0, 1]",110001011010100101,"[""101001010110100011""]",1,0.000244140625,False,False,,,,4.131551107924755,0.1413013099607566,{},{}
"[1, 1, 0, 0, 0, 1, 0, 1, 1, 0, 1, 0, 1, 0, 1, 0, 1, 0]",110001011010101010,"[""10101010110100011""]",1,0.000244140625,False,False,,,,4.05363682987336,0.1384916627103709,{},{}
"[1, 1, 0, 0, 0, 1, 0, 1, 1, 0, 1, 1, 1, 0, 1, 0, 0, 1]",110001011011101001,"[""100101110110100011""]",1,0.000244140625,False,False,,,,5.319408127488302,0.18413632418840015,{},{}
"[1, 1, 0, 0, 0, 1, 0, 1, 1, 1, 0, 0, 1, 1, 0, 1, 1, 1]",110001011100110111,"[""111011001110100011""]",1,0.000244140625,False,False,,,,8.681940234954078,0.3053917516447511,{},{}
"[1, 1, 0, 0, 0, 1, 0, 1, 1, 1, 1, 0, 0, 0, 1, 1, 0, 1]",110001011110001101,"[""101100011110100011""]",1,0.000244140625,False,False,,,,5.333689078707788,0.18465130599058352,{},{}
"[1, 1, 0, 0, 0, 1, 1, 0, 0, 0, 0, 0, 0, 0, 1, 1, 0, 1]",110001100000001101,"[""101100000001100011""]",1,0.000244140625,False,False,,,,3.5830896849379466,0.12152338006681555,{},{}
"[1, 1, 0, 0, 0, 1, 1, 0, 0, 0, 0, 1, 0, 0, 0, 1, 0, 1]",110001100001000101,"[""101000100001100011""]",1,0.000244140625,False,False,,,,3.565853499330615,0.12090183029814756,{},{}
"[1, 1, 0, 0, 0, 1, 1, 0, 0, 0, 0, 1, 0, 0, 1, 0, 0, 1]",110001100001001001,"[""100100100001100011""]",1,0.000244140625,False,False,,,,1.5554668618915732,0.048405781700137866,{},{}
"[1, 1, 0, 0, 0, 1, 1, 0, 0, 0, 1, 0, 0, 0, 0, 1, 0, 1]",110001100010000101,"[""101000010001100011""]",1,0.000244140625,False,False,,,,3.55153370615475,0.12038544782591158,{},{}
"[1, 1, 0, 0, 0, 1, 1, 0, 0, 0, 1, 0, 0, 1, 0, 0, 1, 0]",110001100010010010,"[""10010010001100011""]",1,0.000244140625,False,False,,,,1.5278216378658893,0.04740887420625307,{},{}
"[1, 1, 0, 0, 0, 1, 1, 0, 0, 0, 1, 0, 0, 1, 1, 1, 0, 0]",110001100010011100,"[""1110010001100011""]",1,0.000244140625,False,False,,,,2.6965639243061723,0.08955459683414377,{},{}
"[1, 1, 0, 0, 0, 1, 1, 0, 0, 0, 1, 1, 0, 1, 0, 1, 1, 1]",110001100011010111,"[""111010110001100011""]",1,0.000244140625,False,False,,,,7.2639385551722775,0.2542575485143157,{},{}
"[1, 1, 0, 0, 0, 1, 1, 0, 0, 0, 1, 1, 1, 0, 1, 1, 0, 1]",110001100011101101,"[""101101110001100011""]",1,0.000244140625,False,False,,,,5.25093981292048,0.18166730545941792,{},{}
"[1, 1, 0, 0, 0, 1, 1, 0, 0, 1, 0, 0, 1, 0, 1, 1, 1, 0]",110001100100101110,"[""11101001001100011""]",1,0.000244140625,False,False,,,,4.062369174566501,0.13880655760345223,{},{}
"[1, 1, 0, 0, 0, 1, 1, 0, 0, 1, 0, 0, 1, 1, 0, 0, 0, 1]",110001100100110001,"[""100011001001100011""]",1,0.000244140625,False,False,,,,2.824629783542357,0.09417274768236032,{},{}
"[1, 1, 0, 0, 0, 1, 1, 0, 0, 1, 1, 0, 0, 1, 0, 0, 0, 0]",110001100110010000,"[""10011001100011""]",1,0.000244140625,False,False,,,,3.46806840694407,0.1173756265929507,{},{}
"[1, 1, 0, 0, 0, 1, 1, 0, 0, 1, 1, 0, 1, 0, 1, 0, 1, 0]",110001100110101010,"[""10101011001100011""]",1,0.000244140625,False,False,,,,3.946532348800444,0.1346293948658045,{},{}
"[1, 1, 0, 0, 0, 1, 1, 0, 0, 1, 1, 1, 0, 1, 1, 0, 0, 0]",110001100111011000,"[""110111001100011""]",1,0.000244140625,False,False,,,,7.905375566802466,0.27738824780454824,{},{}
"[1, 1, 0, 0, 0, 1, 1, 0, 0, 1, 1, 1, 1, 1, 1, 0, 0, 0]",110001100111111000,"[""111111001100011""]",1,0.000244140625,False,False,,,,11.1674745137098,0.395021980233135,{},{}
"[1, 1, 0, 0, 0, 1, 1, 0, 0, 1, 1, 1, 1, 1, 1, 1, 0, 0]",110001100111111100,"[""1111111001100011""]",1,0.000244140625,False,False,,,,10.485169546136357,0.37041755182782155,{},{}
"[1, 1, 0, 0, 0, 1, 1, 0, 1, 0, 0, 0, 1, 1, 0, 1, 0, 0]",110001101000110100,"[""1011000101100011""]",1,0.000244140625,False,False,,,,4.852478939691587,0.1672985077903262,{},{}
"[1, 1, 0, 0, 0, 1, 1, 0, 1, 0, 0, 1, 0, 0, 1, 0, 1, 1]",110001101001001011,"[""110100100101100011""]",1,0.000244140625,False,False,,,,4.111356325175372,0.14057307096216748,{},{}
"[1, 1, 0, 0, 0, 1, 1, 0, 1, 0, 0, 1, 1, 0, 1, 1, 1, 0]",110001101001101110,"[""11101100101100011""]",1,0.000244140625,False,False,,,,5.30257197079365,0.18352919976207888,{},{}
"[1, 1, 0, 0, 0, 1, 1, 0, 1, 0, 1, 0, 1, 0, 1, 1, 1, 0]",110001101010101110,"[""11101010101100011""]",1,0.000244140625,False,False,,,,5.287938326908456,0.18300149959808534,{},{}
"[1, 1, 0, 0, 0, 1, 1, 0, 1, 0, 1, 0, 1, 1, 1, 1, 0, 1]",110001101010111101,"[""101111010101100011""]",1,0.000244140625,False,False,,,,8.608827769075582,0.3027552613394834,{},{}
"[1, 1, 0, 0, 0, 1, 1, 0, 1, 0, 1, 1, 1, 1, 0, 0, 0, 1]",110001101011110001,"[""100011110101100011""]",1,0.000244140625,False,False,,,,5.306017395826522,0.1836534443705399,{},{}
"[1, 1, 0, 0, 0, 1, 1, 0, 1, 1, 0, 1, 0, 0, 0, 1, 1, 0]",110001101101000110,"[""11000101101100011""]",1,0.000244140625,False,False,,,,6.048725443188618,0.21043605309514052,{},{}
"[1, 1, 0, 0, 0, 1, 1, 0, 1, 1, 0, 1, 0, 1, 0, 0, 1, 1]",110001101101010011,"[""110010101101100011""]",1,0.000244140625,False,False,,,,5.350393332440179,0.18525367389724623,{},{}
"[1, 1, 0, 0, 0, 1, 1, 1, 0, 0, 0, 0, 0, 1, 1, 1, 0, 0]",110001110000011100,"[""1110000011100011""]",1,0.000244140625,False,False,,,,4.763541136034176,0.1640913439462801,{},{}
"[1, 1, 0, 0, 0, 1, 1, 1, 0, 0, 0, 1, 0, 1, 1, 1, 0, 0]",110001110001011100,"[""1110100011100011""]",1,0.000244140625,False,False,,,,3.981474139502205,0.1358894220215974,{},{}
"[1, 1, 0, 0, 0, 1, 1, 1, 0, 0, 0, 1, 1, 1, 0, 0, 1, 0]",110001110001110010,"[""10011100011100011""]",1,0.000244140625,False,False,,,,3.997886906769157,0.13648127870789556,{},{}
"[1, 1, 0, 0, 0, 1, 1, 1, 0, 0, 1, 1, 1, 1, 1, 1, 1, 1]",110001110011111111,"[""111111110011100011""]",1,0.000244140625,False,False,,,,13.099159791066562,0.46467999881293764,{},{}
"[1, 1, 0, 0, 0, 1, 1, 1, 0, 1, 0, 0, 0, 0, 0, 1, 1, 0]",110001110100000110,"[""11000001011100011""]",1,0.000244140625,False,False,,,,4.798933306342803,0.16536761212818152,{},{}
"[1, 1, 0, 0, 0, 1, 1, 1, 0, 1, 0, 0, 0, 1, 0, 0, 0, 1]",110001110100010001,"[""100010001011100011""]",1,0.000244140625,False,False,,,,2.822027585758688,0.09407891048036478,{},{}
"[1, 1, 0, 0, 0, 1, 1, 1, 0, 1, 0, 1, 1, 0, 0, 0, 1, 1]",110001110101100011,"[""110001101011100011""]",1,0.000244140625,False,False,,,,5.281814189085393,0.18278065859915826,{},{}
"[1, 1, 0, 0, 0, 1, 1, 1, 0, 1, 1, 0, 1, 0, 1, 0, 0, 0]",110001110110101000,"[""101011011100011""]",1,0.000244140625,False,False,,,,5.964810165147777,0.20741000528837938,{},{}
"[1, 1, 0, 0, 0, 1, 1, 1, 0, 1, 1, 1, 1, 0, 0, 1, 1, 1]",110001110111100111,"[""111001111011100011""]",1,0.000244140625,False,False,,,,11.844544361737654,0.41943762630477915,{},{}
"[1, 1, 0, 0, 0, 1, 1, 1, 0, 1, 1, 1, 1, 1, 0, 0, 1, 1]",110001110111110011,"[""110011111011100011""]",1,0.000244140625,False,False,,,,9.821838022727137,0.3464973200365253,{},{}
"[1, 1, 0, 0, 0, 1, 1, 1, 1, 0, 0, 0, 0, 0, 1, 0, 0, 0]",110001111000001000,"[""100000111100011""]",1,0.000244140625,False,False,,,,7.584081867807841,0.26580215626236603,{},{}
"[1, 1, 0, 0, 0, 1, 1, 1, 1, 0, 0, 1, 0, 0, 0, 1, 0, 1]",110001111001000101,"[""101000100111100011""]",1,0.000244140625,False,False,,,,8.120943120175871,0.28516177531138653,{},{}
"[1, 1, 0, 0, 0, 1, 1, 1, 1, 0, 0, 1, 0, 0, 1, 0, 1, 1]",110001111001001011,"[""110100100111100011""]",1,0.000244140625,False,False,,,,7.3744559566048835,0.2582428888244713,{},{}
"[1, 1, 0, 0, 0, 1, 1, 1, 1, 1, 0, 1, 1, 0, 0, 1, 0, 1]",110001111101100101,"[""101001101111100011""]",1,0.000244140625,False,False,,,,8.693056891460362,0.30579262660846135,{},{}
"[1, 1, 0, 0, 1, 0, 0, 0, 0, 0, 0, 0, 1, 0, 0, 0, 0, 1]",110010000000100001,"[""100001000000010011""]",1,0.000244140625,False,False,,,,3.057643093997809,0.1025753822622839,{},{}
"[1, 1, 0, 0, 1, 0, 0, 0, 0, 0, 1, 0, 1, 1, 0, 0, 0, 0]",110010000010110000,"[""11010000010011""]",1,0.000244140625,False,False,,,,4.279030844870797,0.14661953978667788,{},{}
"[1, 1, 0, 0, 1, 0, 0, 0, 0, 0, 1, 0, 1, 1, 1, 0, 0, 0]",110010000010111000,"[""111010000010011""]",1,0.000244140625,False,False,,,,7.490507484918666,0.26242779389687404,{},{}
"[1, 1, 0, 0, 1, 0, 0, 0, 0, 0, 1, 1, 0, 0, 0, 1, 0, 0]",110010000011000100,"[""1000110000010011""]",1,0.000244140625,False,False,,,,4.23303406129035,0.1449608613037926,{},{}
"[1, 1, 0, 0, 1, 0, 0, 0, 0, 0, 1, 1, 0, 0, 1, 1, 1, 1]",110010000011001111,"[""111100110000010011""]",1,0.000244140625,False,False,,,,8.003667559656865,0.28093273072045394,{},{}
"[1, 1, 0, 0, 1, 0, 0, 0, 0, 1, 0, 0, 1, 0, 0, 0, 1, 0]",110010000100100010,"[""10001001000010011""]",1,0.000244140625,False,False,,,,2.261976653262042,0.07388305418908032,{},{}
"[1, 1, 0, 0, 1, 0, 0, 0, 0, 1, 1, 0, 0, 0, 1, 1, 1, 1]",110010000110001111,"[""111100011000010011""]",1,0.000244140625,False,False,,,,7.97579593161229,0.2799276589279956,{},{}
"[1, 1, 0, 0, 1, 0, 0, 0, 0, 1, 1, 0, 1, 1, 0, 0, 1, 0]",110010000110110010,"[""10011011000010011""]",1,0.000244140625,False,False,,,,4.776866784953955,0.1645718768316951,{},{}
"[1, 1, 0, 0, 1, 0, 0, 0, 1, 0, 0, 0, 1, 1, 0, 1, 0, 0]",110010001000110100,"[""1011000100010011""]",1,0.000244140625,False,False,,,,3.515858581277346,0.11909897609023246,{},{}
"[1, 1, 0, 0, 1, 0, 0, 0, 1, 0, 0, 1, 0, 1, 1, 1, 0, 1]",110010001001011101,"[""101110100100010011""]",1,0.000244140625,False,False,,,,4.006275292319402,0.13678377017654364,{},{}
"[1, 1, 0, 0, 1, 0, 0, 0, 1, 0, 1, 0, 0, 1, 0, 0, 1, 0]",110010001010010010,"[""10010010100010011""]",1,0.000244140625,False,False,,,,1.6519389459644453,0.05188463734166134,{},{}
"[1, 1, 0, 0, 1, 0, 0, 0, 1, 1, 0, 0, 0, 1, 1, 1, 1, 0]",110010001100011110,"[""11110001100010011""]",1,0.000244140625,False,False,,,,3.9772587164520914,0.1357374107076486,{},{}
"[1, 1, 0, 0, 1, 0, 0, 0, 1, 1, 0, 1, 1, 0, 1, 0, 1, 1]",110010001101101011,"[""110101101100010011""]",1,0.000244140625,False,False,,,,5.2280171858092945,0.18084069834907446,{},{}
"[1, 1, 0, 0, 1, 0, 0, 0, 1, 1, 1, 1, 0, 0, 1, 1, 0, 0]",110010001111001100,"[""1100111100010011""]",1,0.000244140625,False,False,,,,5.915811064076401,0.20564306098703128,{},{}
"[1, 1, 0, 0, 1, 0, 0, 1, 0, 0, 0, 0, 0, 1, 0, 0, 0, 0]",110010010000010000,"[""10000010010011""]",1,0.000244140625,False,False,,,,3.156717652743908,0.10614808509064785,{},{}
"[1, 1, 0, 0, 1, 0, 0, 1, 0, 0, 0, 0, 1, 0, 1, 0, 1, 0]",110010010000101010,"[""10101000010010011""]",1,0.000244140625,False,False,,,,3.5590391861260793,0.1206561010577924,{},{}
"[1, 1, 0, 0, 1, 0, 0, 1, 0, 0, 1, 0, 1, 1, 0, 0, 0, 0]",110010010010110000,"[""11010010010011""]",1,0.000244140625,False,False,,,,3.597855046675626,0.12205583007527043,{},{}
"[1, 1, 0, 0, 1, 0, 0, 1, 0, 0, 1, 1, 1, 1, 1, 1, 0, 1]",110010010011111101,"[""101111110010010011""]",1,0.000244140625,False,False,,,,8.526342120513648,0.29978076704300227,{},{}
"[1, 1, 0, 0, 1, 0, 0, 1, 0, 1, 0, 0, 0, 1, 0, 1, 1, 0]",110010010100010110,"[""11010001010010011""]",1,0.000244140625,False,False,,,,2.842854872606811,0.09482995805071154,{},{}
"[1, 1, 0, 0, 1, 0, 0, 1, 0, 1, 0, 1, 0, 0, 1, 0, 0, 1]",110010010101001001,"[""100100101010010011""]",1,0.000244140625,False,False,,,,2.7259794356082807,0.09061534221375367,{},{}
"[1, 1, 0, 0, 1, 0, 0, 1, 0, 1, 0, 1, 0, 0, 1, 0, 1, 1]",110010010101001011,"[""110100101010010011""]",1,0.000244140625,False,False,,,,4.01581965743421,0.13712794713450516,{},{}
"[1, 1, 0, 0, 1, 0, 0, 1, 0, 1, 0, 1, 1, 1, 0, 0, 0, 0]",110010010101110000,"[""11101010010011""]",1,0.000244140625,False,False,,,,4.717637351776196,0.16243601908865057,{},{}
"[1, 1, 0, 0, 1, 0, 0, 1, 0, 1, 1, 0, 0, 0, 0, 0, 1, 1]",110010010110000011,"[""110000011010010011""]",1,0.000244140625,False,False,,,,4.849488385759395,0.1671906661746063,{},{}
"[1, 1, 0, 0, 1, 0, 0, 1, 0, 1, 1, 0, 1, 0, 0, 1, 0, 0]",110010010110100100,"[""1001011010010011""]",1,0.000244140625,False,False,,,,2.769054358278333,0.09216865620275909,{},{}
"[1, 1, 0, 0, 1, 0, 0, 1, 0, 1, 1, 1, 0, 1, 0, 0, 0, 0]",110010010111010000,"[""10111010010011""]",1,0.000244140625,False,False,,,,6.7813156789289915,0.23685380595103706,{},{}
"[1, 1, 0, 0, 1, 0, 0, 1, 1, 0, 0, 0, 1, 0, 1, 1, 1, 1]",110010011000101111,"[""111101000110010011""]",1,0.000244140625,False,False,,,,9.331486912150796,0.3288148915521644,{},{}
"[1, 1, 0, 0, 1, 0, 0, 1, 1, 0, 0, 1, 0, 1, 1, 0, 1, 1]",110010011001011011,"[""110110100110010011""]",1,0.000244140625,False,False,,,,5.430241318476261,0.18813305210655376,{},{}
"[1, 1, 0, 0, 1, 0, 0, 1, 1, 0, 0, 1, 1, 0, 1, 0, 1, 0]",110010011001101010,"[""10101100110010011""]",1,0.000244140625,False,False,,,,4.038121510187189,0.13793216865632404,{},{}
"[1, 1, 0, 0, 1, 0, 0, 1, 1, 0, 0, 1, 1, 0, 1, 1, 1, 0]",110010011001101110,"[""11101100110010011""]",1,0.000244140625,False,False,,,,5.270335464874705,0.1823667272027174,{},{}
"[1, 1, 0, 0, 1, 0, 0, 1, 1, 0, 1, 0, 1, 0, 1, 1, 1, 1]",110010011010101111,"[""111101010110010011""]",1,0.000244140625,False,False,,,,8.613242622521549,0.3029144642629467,{},{}
"[1, 1, 0, 0, 1, 0, 0, 1, 1, 1, 0, 0, 0, 0, 0, 1, 0, 0]",110010011100000100,"[""1000001110010011""]",1,0.000244140625,False,False,,,,3.521628438816035,0.11930704147663058,{},{}
"[1, 1, 0, 0, 1, 0, 0, 1, 1, 1, 0, 1, 0, 0, 1, 0, 0, 0]",110010011101001000,"[""100101110010011""]",1,0.000244140625,False,False,,,,4.728162796909252,0.16281557452722717,{},{}
"[1, 1, 0, 0, 1, 0, 0, 1, 1, 1, 0, 1, 0, 1, 0, 1, 1, 1]",110010011101010111,"[""111010101110010011""]",1,0.000244140625,False,False,,,,8.591682978147203,0.3021370073314236,{},{}
"[1, 1, 0, 0, 1, 0, 0, 1, 1, 1, 1, 0, 1, 1, 0, 1, 0, 1]",110010011110110101,"[""101011011110010011""]",1,0.000244140625,False,False,,,,6.609721178515954,0.230665979684473,{},{}
"[1, 1, 0, 0, 1, 0, 1, 0, 0, 0, 0, 0, 0, 1, 0, 1, 0, 0]",110010100000010100,"[""1010000001010011""]",1,0.000244140625,False,False,,,,2.2916357518543946,0.07495258350890478,{},{}
"[1, 1, 0, 0, 1, 0, 1, 0, 0, 0, 0, 0, 0, 1, 0, 1, 0, 1]",110010100000010101,"[""101010000001010011""]",1,0.000244140625,False,False,,,,3.5412630418816695,0.12001507997606178,{},{}
"[1, 1, 0, 0, 1, 0, 1, 0, 0, 0, 0, 1, 0, 0, 1, 0, 0, 0]",110010100001001000,"[""100100001010011""]",1,0.000244140625,False,False,,,,2.268187006711006,0.07410700418808172,{},{}
"[1, 1, 0, 0, 1, 0, 1, 0, 0, 0, 0, 1, 0, 1, 0, 1, 0, 0]",110010100001010100,"[""1010100001010011""]",1,0.000244140625,False,False,,,,1.4873173592172697,0.04594825956693263,{},{}
"[1, 1, 0, 0, 1, 0, 1, 0, 0, 0, 0, 1, 1, 0, 1, 0, 0, 1]",110010100001101001,"[""100101100001010011""]",1,0.000244140625,False,False,,,,2.7319973661757935,0.09083235329946085,{},{}
"[1, 1, 0, 0, 1, 0, 1, 0, 0, 0, 0, 1, 1, 1, 0, 1, 0, 1]",110010100001110101,"[""101011100001010011""]",1,0.000244140625,False,False,,,,3.9990435961518793,0.13652298979378372,{},{}
"[1, 1, 0, 0, 1, 0, 1, 0, 0, 0, 1, 0, 0, 1, 0, 1, 0, 1]",110010100010010101,"[""101010010001010011""]",1,0.000244140625,False,False,,,,2.770503149422381,0.09222090069704257,{},{}
"[1, 1, 0, 0, 1, 0, 1, 0, 0, 1, 0, 0, 0, 0, 1, 0, 0, 0]",110010100100001000,"[""100001001010011""]",1,0.000244140625,False,False,,,,2.2443185812284816,0.0732462908797485,{},{}
"[1, 1, 0, 0, 1, 0, 1, 0, 0, 1, 0, 0, 0, 0, 1, 0, 1, 0]",110010100100001010,"[""10100001001010011""]",1,0.000244140625,False,False,,,,1.4924230224115393,0.04613237360756729,{},{}
"[1, 1, 0, 0, 1, 0, 1, 0, 0, 1, 0, 1, 0, 1, 1, 1, 1, 0]",110010100101011110,"[""11110101001010011""]",1,0.000244140625,False,False,,,,5.26754020861917,0.18226592816756101,{},{}
"[1, 1, 0, 0, 1, 0, 1, 0, 0, 1, 1, 0, 0, 1, 0, 1, 0, 1]",110010100110010101,"[""101010011001010011""]",1,0.000244140625,False,False,,,,4.021822274142543,0.1373444059909751,{},{}
"[1, 1, 0, 0, 1, 0, 1, 0, 0, 1, 1, 0, 1, 1, 0, 1, 0, 0]",110010100110110100,"[""1011011001010011""]",1,0.000244140625,False,False,,,,4.058517259464933,0.13866765465851702,{},{}
"[1, 1, 0, 0, 1, 0, 1, 0, 1, 0, 0, 0, 0, 0, 0, 0, 0, 1]",110010101000000001,"[""100000000101010011""]",1,0.000244140625,False,False,,,,4.360333796002635,0.14955138512759383,{},{}
"[1, 1, 0, 0, 1, 0, 1, 0, 1, 0, 0, 0, 0, 0, 1, 1, 0, 1]",110010101000001101,"[""101100000101010011""]",1,0.000244140625,False,False,,,,4.792232560615077,0.16512597821614017,{},{}
"[1, 1, 0, 0, 1, 0, 1, 0, 1, 0, 0, 1, 0, 1, 1, 0, 0, 1]",110010101001011001,"[""100110100101010011""]",1,0.000244140625,False,False,,,,4.025062009457925,0.13746123327409307,{},{}
"[1, 1, 0, 0, 1, 0, 1, 0, 1, 0, 1, 0, 1, 0, 1, 1, 0, 0]",110010101010101100,"[""1101010101010011""]",1,0.000244140625,False,False,,,,4.009124473795347,0.13688651379555603,{},{}
"[1, 1, 0, 0, 1, 0, 1, 0, 1, 0, 1, 0, 1, 0, 1, 1, 1, 0]",110010101010101110,"[""11101010101010011""]",1,0.000244140625,False,False,,,,5.287063976716729,0.18296996987499092,{},{}
"[1, 1, 0, 0, 1, 0, 1, 0, 1, 0, 1, 1, 0, 1, 1, 1, 1, 0]",110010101011011110,"[""11110110101010011""]",1,0.000244140625,False,False,,,,6.536445573771122,0.22802360646943962,{},{}
"[1, 1, 0, 0, 1, 0, 1, 0, 1, 1, 0, 0, 0, 0, 1, 1, 0, 1]",110010101100001101,"[""101100001101010011""]",1,0.000244140625,False,False,,,,4.043551685335238,0.13812798484118,{},{}
"[1, 1, 0, 0, 1, 0, 1, 0, 1, 1, 0, 0, 1, 1, 1, 0, 0, 1]",110010101100111001,"[""100111001101010011""]",1,0.000244140625,False,False,,,,7.280528716490068,0.25485580216301457,{},{}
"[1, 1, 0, 0, 1, 0, 1, 0, 1, 1, 0, 1, 1, 0, 0, 1, 1, 0]",110010101101100110,"[""11001101101010011""]",1,0.000244140625,False,False,,,,5.316130136731177,0.18401811738538684,{},{}
"[1, 1, 0, 0, 1, 0, 1, 0, 1, 1, 1, 0, 1, 0, 0, 0, 0, 1]",110010101110100001,"[""100001011101010011""]",1,0.000244140625,False,False,,,,4.051815890834866,0.13842599828415042,{},{}
"[1, 1, 0, 0, 1, 0, 1, 0, 1, 1, 1, 1, 1, 1, 1, 0, 1, 0]",110010101111111010,"[""10111111101010011""]",1,0.000244140625,False,False,,,,11.79086431262906,0.4175018835096133,{},{}
"[1, 1, 0, 0, 1, 0, 1, 1, 0, 0, 0, 0, 0, 0, 0, 1, 1, 0]",110010110000000110,"[""11000000011010011""]",1,0.000244140625,False,False,,,,5.587966407680181,0.19382073701208952,{},{}
"[1, 1, 0, 0, 1, 0, 1, 1, 0, 0, 0, 0, 1, 0, 0, 0, 1, 0]",110010110000100010,"[""10001000011010011""]",1,0.000244140625,False,False,,,,3.589624868895619,0.12175904369736767,{},{}
"[1, 1, 0, 0, 1, 0, 1, 1, 0, 0, 1, 0, 1, 0, 1, 1, 1, 0]",110010110010101110,"[""11101010011010011""]",1,0.000244140625,False,False,,,,5.34329770500614,0.18499780025497675,{},{}
"[1, 1, 0, 0, 1, 0, 1, 1, 0, 0, 1, 1, 1, 0, 1, 1, 1, 1]",110010110011101111,"[""111101110011010011""]",1,0.000244140625,False,False,,,,9.835991700451274,0.3470077122610959,{},{}
"[1, 1, 0, 0, 1, 0, 1, 1, 0, 1, 0, 1, 0, 1, 1, 0, 1, 1]",110010110101011011,"[""110110101011010011""]",1,0.000244140625,False,False,,,,6.5755512147593755,0.2294337851866799,{},{}
"[1, 1, 0, 0, 1, 0, 1, 1, 1, 0, 0, 0, 0, 1, 1, 1, 0, 0]",110010111000011100,"[""1110000111010011""]",1,0.000244140625,False,False,,,,8.051409379383308,0.28265433651437954,{},{}
"[1, 1, 0, 0, 1, 0, 1, 1, 1, 0, 0, 0, 1, 0, 1, 0, 0, 1]",110010111000101001,"[""100101000111010011""]",1,0.000244140625,False,False,,,,8.064436610025439,0.2831241082130874,{},{}
"[1, 1, 0, 0, 1, 0, 1, 1, 1, 0, 1, 0, 1, 0, 1, 0, 0, 0]",110010111010101000,"[""101010111010011""]",1,0.000244140625,False,False,,,,8.04517032425625,0.2824293515113589,{},{}
"[1, 1, 0, 0, 1, 0, 1, 1, 1, 1, 0, 1, 1, 0, 1, 0, 1, 1]",110010111101101011,"[""110101101111010011""]",1,0.000244140625,False,False,,,,9.832867629304392,0.3468950559145652,{},{}
"[1, 1, 0, 0, 1, 0, 1, 1, 1, 1, 0, 1, 1, 1, 1, 0, 1, 1]",110010111101111011,"[""110111101111010011""]",1,0.000244140625,False,False,,,,13.139757041624977,0.46614396608899233,{},{}
"[1, 1, 0, 0, 1, 0, 1, 1, 1, 1, 1, 1, 0, 0, 0, 1, 0, 0]",110010111111000100,"[""1000111111010011""]",1,0.000244140625,False,False,,,,11.276153649231302,0.3989410312970602,{},{}
"[1, 1, 0, 0, 1, 0, 1, 1, 1, 1, 1, 1, 1, 0, 0, 0, 1, 0]",110010111111100010,"[""10001111111010011""]",1,0.000244140625,False,False,,,,10.591031030590834,0.37423499628290685,{},{}
"[1, 1, 0, 0, 1, 1, 0, 0, 0, 1, 0, 1, 0, 1, 0, 0, 0, 0]",110011000101010000,"[""10101000110011""]",1,0.000244140625,False,False,,,,5.48794432675637,0.19021386582398625,{},{}
"[1, 1, 0, 0, 1, 1, 0, 0, 1, 0, 0, 0, 1, 1, 1, 1, 0, 0]",110011001000111100,"[""1111000100110011""]",1,0.000244140625,False,False,,,,8.043824805776499,0.28238083110673573,{},{}
"[1, 1, 0, 0, 1, 1, 0, 0, 1, 0, 0, 1, 0, 1, 0, 0, 1, 0]",110011001001010010,"[""10010100100110011""]",1,0.000244140625,False,False,,,,2.8863576299698988,0.0963987000793391,{},{}
"[1, 1, 0, 0, 1, 1, 0, 0, 1, 0, 0, 1, 1, 1, 1, 1, 0, 0]",110011001001111100,"[""1111100100110011""]",1,0.000244140625,False,False,,,,7.2617578092445285,0.25417890918205305,{},{}
"[1, 1, 0, 0, 1, 1, 0, 0, 1, 0, 1, 0, 0, 0, 1, 1, 1, 1]",110011001010001111,"[""111100010100110011""]",1,0.000244140625,False,False,,,,7.4136696898632195,0.25965696542996797,{},{}
"[1, 1, 0, 0, 1, 1, 0, 0, 1, 0, 1, 0, 0, 1, 1, 0, 0, 0]",110011001010011000,"[""110010100110011""]",1,0.000244140625,False,False,,,,4.846996903854064,0.16710082147014685,{},{}
"[1, 1, 0, 0, 1, 1, 0, 0, 1, 0, 1, 0, 1, 0, 0, 1, 0, 0]",110011001010100100,"[""1001010100110011""]",1,0.000244140625,False,False,,,,2.8057733108564618,0.09349276914750242,{},{}
"[1, 1, 0, 0, 1, 1, 0, 0, 1, 0, 1, 1, 0, 1, 0, 1, 0, 0]",110011001011010100,"[""1010110100110011""]",1,0.000244140625,False,False,,,,4.031294981071759,0.13768599890106825,{},{}
"[1, 1, 0, 0, 1, 1, 0, 0, 1, 1, 0, 0, 0, 1, 1, 0, 1, 0]",110011001100011010,"[""10110001100110011""]",1,0.000244140625,False,False,,,,4.0629754991381954,0.1388284221218474,{},{}
"[1, 1, 0, 0, 1, 1, 0, 0, 1, 1, 0, 0, 1, 0, 0, 0, 0, 0]",110011001100100000,"[""1001100110011""]",1,0.000244140625,False,False,,,,3.554877016525176,0.12050601010312678,{},{}
"[1, 1, 0, 0, 1, 1, 0, 0, 1, 1, 0, 0, 1, 0, 0, 0, 0, 1]",110011001100100001,"[""100001001100110011""]",1,0.000244140625,False,False,,,,2.889993482858304,0.0965298116589648,{},{}
"[1, 1, 0, 0, 1, 1, 0, 0, 1, 1, 0, 1, 1, 0, 0, 1, 1, 1]",110011001101100111,"[""111001101100110011""]",1,0.000244140625,False,False,,,,8.639043065511407,0.30384484757032165,{},{}
"[1, 1, 0, 0, 1, 1, 0, 0, 1, 1, 0, 1, 1, 1, 1, 1, 1, 1]",110011001101111111,"[""111111101100110011""]",1,0.000244140625,False,False,,,,13.163058435291974,0.4669842318051612,{},{}
"[1, 1, 0, 0, 1, 1, 0, 0, 1, 1, 1, 0, 1, 0, 0, 1, 1, 0]",110011001110100110,"[""11001011100110011""]",1,0.000244140625,False,False,,,,5.3324698888582915,0.18460734109102972,{},{}
"[1, 1, 0, 0, 1, 1, 0, 0, 1, 1, 1, 1, 1, 1, 0, 0, 0, 1]",110011001111110001,"[""100011111100110011""]",1,0.000244140625,False,False,,,,8.573926316728773,0.30149668881499697,{},{}
"[1, 1, 0, 0, 1, 1, 0, 1, 0, 0, 0, 0, 0, 1, 1, 0, 0, 1]",110011010000011001,"[""100110000010110011""]",1,0.000244140625,False,False,,,,4.920649039238486,0.1697567726621912,{},{}
"[1, 1, 0, 0, 1, 1, 0, 1, 0, 0, 0, 1, 0, 0, 1, 0, 1, 0]",110011010001001010,"[""10100100010110011""]",1,0.000244140625,False,False,,,,2.8536061246763937,0.09521765625662422,{},{}
"[1, 1, 0, 0, 1, 1, 0, 1, 0, 0, 0, 1, 0, 1, 0, 1, 0, 1]",110011010001010101,"[""101010100010110011""]",1,0.000244140625,False,False,,,,4.095608447191346,0.14000519068163605,{},{}
"[1, 1, 0, 0, 1, 1, 0, 1, 0, 0, 0, 1, 1, 0, 0, 0, 0, 0]",110011010001100000,"[""1100010110011""]",1,0.000244140625,False,False,,,,3.5023322770987253,0.11861120742582575,{},{}
"[1, 1, 0, 0, 1, 1, 0, 1, 0, 0, 1, 0, 1, 1, 1, 0, 1, 0]",110011010010111010,"[""10111010010110011""]",1,0.000244140625,False,False,,,,7.414976142121329,0.2597040770773651,{},{}
"[1, 1, 0, 0, 1, 1, 0, 1, 0, 0, 1, 1, 0, 0, 1, 0, 1, 0]",110011010011001010,"[""10100110010110011""]",1,0.000244140625,False,False,,,,4.133920682124811,0.14138675858201416,{},{}
"[1, 1, 0, 0, 1, 1, 0, 1, 0, 0, 1, 1, 1, 1, 0, 0, 1, 0]",110011010011110010,"[""10011110010110011""]",1,0.000244140625,False,False,,,,5.396298803591659,0.18690905958551943,{},{}
"[1, 1, 0, 0, 1, 1, 0, 1, 0, 1, 0, 0, 1, 0, 1, 0, 0, 0]",110011010100101000,"[""101001010110011""]",1,0.000244140625,False,False,,,,4.728307176659182,0.1628207809691984,{},{}
"[1, 1, 0, 0, 1, 1, 0, 1, 0, 1, 0, 0, 1, 1, 0, 1, 1, 1]",110011010100110111,"[""111011001010110011""]",1,0.000244140625,False,False,,,,8.694334098033629,0.3058386836345482,{},{}
"[1, 1, 0, 0, 1, 1, 0, 1, 0, 1, 0, 1, 1, 1, 1, 0, 1, 1]",110011010101111011,"[""110111101010110011""]",1,0.000244140625,False,False,,,,9.86730645841968,0.34813694589866345,{},{}
"[1, 1, 0, 0, 1, 1, 0, 1, 0, 1, 1, 1, 0, 0, 1, 1, 0, 0]",110011010111001100,"[""1100111010110011""]",1,0.000244140625,False,False,,,,7.229533585836531,0.25301687953924007,{},{}
"[1, 1, 0, 0, 1, 1, 0, 1, 0, 1, 1, 1, 0, 1, 0, 1, 0, 0]",110011010111010100,"[""1010111010110011""]",1,0.000244140625,False,False,,,,7.277561260054265,0.2547487934603222,{},{}
"[1, 1, 0, 0, 1, 1, 0, 1, 0, 1, 1, 1, 0, 1, 0, 1, 1, 1]",110011010111010111,"[""111010111010110011""]",1,0.000244140625,False,False,,,,11.949967096580457,0.42323924912009725,{},{}
"[1, 1, 0, 0, 1, 1, 0, 1, 0, 1, 1, 1, 0, 1, 1, 1, 1, 0]",110011010111011110,"[""11110111010110011""]",1,0.000244140625,False,False,,,,9.88091813296187,0.3486277930823514,{},{}
"[1, 1, 0, 0, 1, 1, 0, 1, 0, 1, 1, 1, 1, 0, 0, 0, 0, 0]",110011010111100000,"[""1111010110011""]",1,0.000244140625,False,False,,,,7.960109333839606,0.2793619884578046,{},{}
"[1, 1, 0, 0, 1, 1, 0, 1, 1, 0, 0, 0, 0, 1, 0, 0, 1, 0]",110011011000010010,"[""10010000110110011""]",1,0.000244140625,False,False,,,,5.013103106717699,0.17309073561450905,{},{}
"[1, 1, 0, 0, 1, 1, 0, 1, 1, 0, 0, 1, 1, 0, 0, 1, 0, 1]",110011011001100101,"[""101001100110110011""]",1,0.000244140625,False,False,,,,5.370357249885661,0.18597358771998135,{},{}
"[1, 1, 0, 0, 1, 1, 0, 1, 1, 0, 1, 0, 1, 0, 1, 0, 0, 1]",110011011010101001,"[""100101010110110011""]",1,0.000244140625,False,False,,,,5.407300129437907,0.18730577563920753,{},{}
"[1, 1, 0, 0, 1, 1, 0, 1, 1, 1, 0, 1, 1, 0, 1, 1, 0, 0]",110011011101101100,"[""1101101110110011""]",1,0.000244140625,False,False,,,,6.534962080393337,0.227970110586604,{},{}
"[1, 1, 0, 0, 1, 1, 0, 1, 1, 1, 1, 0, 1, 1, 0, 1, 0, 0]",110011011110110100,"[""1011011110110011""]",1,0.000244140625,False,False,,,,6.632772432460465,0.23149722517481064,{},{}
"[1, 1, 0, 0, 1, 1, 1, 0, 0, 0, 0, 1, 0, 0, 0, 1, 0, 1]",110011100001000101,"[""101000100001110011""]",1,0.000244140625,False,False,,,,4.812351052067085,0.16585146609337822,{},{}
"[1, 1, 0, 0, 1, 1, 1, 0, 0, 0, 1, 0, 0, 1, 0, 1, 1, 0]",110011100010010110,"[""11010010001110011""]",1,0.000244140625,False,False,,,,4.100579566835064,0.14018445298101972,{},{}
"[1, 1, 0, 0, 1, 1, 1, 0, 0, 0, 1, 1, 0, 1, 0, 1, 0, 0]",110011100011010100,"[""1010110001110011""]",1,0.000244140625,False,False,,,,3.9870454566158973,0.13609032789149697,{},{}
"[1, 1, 0, 0, 1, 1, 1, 0, 0, 1, 1, 1, 0, 0, 0, 0, 0, 1]",110011100111000001,"[""100000111001110011""]",1,0.000244140625,False,False,,,,8.018429769582733,0.28146506707221314,{},{}
"[1, 1, 0, 0, 1, 1, 1, 0, 1, 0, 0, 0, 0, 1, 1, 0, 1, 1]",110011101000011011,"[""110110000101110011""]",1,0.000244140625,False,False,,,,7.448251439686738,0.26090400924190044,{},{}
"[1, 1, 0, 0, 1, 1, 1, 0, 1, 0, 0, 1, 1, 0, 1, 1, 0, 0]",110011101001101100,"[""1101100101110011""]",1,0.000244140625,False,False,,,,5.31900831396244,0.18412190661306355,{},{}
"[1, 1, 0, 0, 1, 1, 1, 0, 1, 0, 1, 0, 0, 0, 0, 1, 1, 1]",110011101010000111,"[""111000010101110011""]",1,0.000244140625,False,False,,,,9.455755771281101,0.33329611973134,{},{}
"[1, 1, 0, 0, 1, 1, 1, 0, 1, 0, 1, 0, 0, 0, 1, 0, 1, 0]",110011101010001010,"[""10100010101110011""]",1,0.000244140625,False,False,,,,4.078662602138943,0.139394110810941,{},{}
"[1, 1, 0, 0, 1, 1, 1, 0, 1, 0, 1, 0, 0, 1, 0, 1, 0, 0]",110011101010010100,"[""1010010101110011""]",1,0.000244140625,False,False,,,,4.082719731754476,0.1395404139450241,{},{}
"[1, 1, 0, 0, 1, 1, 1, 0, 1, 0, 1, 1, 1, 1, 0, 1, 1, 1]",110011101011110111,"[""111011110101110011""]",1,0.000244140625,False,False,,,,11.23365872091718,0.3974086323391394,{},{}
"[1, 1, 0, 0, 1, 1, 1, 0, 1, 1, 0, 0, 0, 0, 1, 0, 0, 0]",110011101100001000,"[""100001101110011""]",1,0.000244140625,False,False,,,,4.78748511505818,0.16495478177193396,{},{}
"[1, 1, 0, 0, 1, 1, 1, 0, 1, 1, 0, 0, 1, 0, 1, 0, 1, 0]",110011101100101010,"[""10101001101110011""]",1,0.000244140625,False,False,,,,5.316365841678245,0.18402661708239995,{},{}
"[1, 1, 0, 0, 1, 1, 1, 0, 1, 1, 0, 1, 1, 1, 0, 0, 1, 1]",110011101101110011,"[""110011101101110011""]",1,0.000244140625,False,False,,,,7.9403284887165775,0.2786486763601995,{},{}
"[1, 1, 0, 0, 1, 1, 1, 0, 1, 1, 1, 0, 1, 0, 1, 1, 0, 0]",110011101110101100,"[""1101011101110011""]",1,0.000244140625,False,False,,,,6.593258995066625,0.23007234101360904,{},{}
"[1, 1, 0, 0, 1, 1, 1, 0, 1, 1, 1, 0, 1, 1, 0, 0, 1, 0]",110011101110110010,"[""10011011101110011""]",1,0.000244140625,False,False,,,,6.646354188194456,0.2319869934638558,{},{}
"[1, 1, 0, 0, 1, 1, 1, 0, 1, 1, 1, 1, 0, 1, 1, 1, 1, 1]",110011101111011111,"[""111110111101110011""]",1,0.000244140625,False,False,,,,14.47384312049036,0.5142521097695313,{},{}
"[1, 1, 0, 0, 1, 1, 1, 0, 1, 1, 1, 1, 1, 0, 1, 1, 0, 1]",110011101111101101,"[""101101111101110011""]",1,0.000244140625,False,False,,,,11.179339683160109,0.3954498471344933,{},{}
"[1, 1, 0, 0, 1, 1, 1, 0, 1, 1, 1, 1, 1, 1, 1, 1, 1, 0]",110011101111111110,"[""11111111101110011""]",1,0.000244140625,False,False,,,,14.426490082429234,0.5125445237337846,{},{}
"[1, 1, 0, 0, 1, 1, 1, 1, 0, 0, 0, 0, 0, 0, 1, 1, 1, 0]",110011110000001110,"[""11100000011110011""]",1,0.000244140625,False,False,,,,6.063474674165806,0.21096792141628476,{},{}
"[1, 1, 0, 0, 1, 1, 1, 1, 0, 0, 0, 1, 1, 1, 1, 1, 0, 0]",110011110001111100,"[""1111100011110011""]",1,0.000244140625,False,False,,,,8.555854455247333,0.3008450039481079,{},{}
"[1, 1, 0, 0, 1, 1, 1, 1, 0, 0, 1, 0, 1, 1, 0, 1, 1, 0]",110011110010110110,"[""11011010011110011""]",1,0.000244140625,False,False,,,,6.707443463505104,0.23418991850785603,{},{}
"[1, 1, 0, 0, 1, 1, 1, 1, 0, 1, 0, 0, 0, 1, 0, 0, 0, 1]",110011110100010001,"[""100010001011110011""]",1,0.000244140625,False,False,,,,4.126411438253984,0.14111596962109707,{},{}
"[1, 1, 0, 0, 1, 1, 1, 1, 0, 1, 0, 0, 1, 1, 1, 0, 0, 1]",110011110100111001,"[""100111001011110011""]",1,0.000244140625,False,False,,,,8.601428178131528,0.3024884265452724,{},{}
"[1, 1, 0, 0, 1, 1, 1, 1, 0, 1, 0, 1, 1, 0, 1, 1, 1, 1]",110011110101101111,"[""111101101011110011""]",1,0.000244140625,False,False,,,,11.174975787219607,0.39529248177686127,{},{}
"[1, 1, 0, 0, 1, 1, 1, 1, 0, 1, 1, 1, 0, 0, 1, 0, 1, 1]",110011110111001011,"[""110100111011110011""]",1,0.000244140625,False,False,,,,9.867598848991637,0.34814748972178655,{},{}
"[1, 1, 0, 0, 1, 1, 1, 1, 1, 0, 0, 1, 0, 1, 1, 1, 1, 0]",110011111001011110,"[""11110100111110011""]",1,0.000244140625,False,False,,,,9.908389556711548,0.3496184332080489,{},{}
"[1, 1, 0, 0, 1, 1, 1, 1, 1, 0, 1, 0, 1, 0, 0, 0, 0, 1]",110011111010100001,"[""100001010111110011""]",1,0.000244140625,False,False,,,,7.4493862108557884,0.2609449299405795,{},{}
"[1, 1, 0, 0, 1, 1, 1, 1, 1, 0, 1, 1, 0, 1, 1, 0, 0, 1]",110011111011011001,"[""100110110111110011""]",1,0.000244140625,False,False,,,,9.966486986756937,0.35171347006989123,{},{}
"[1, 1, 0, 0, 1, 1, 1, 1, 1, 1, 0, 0, 1, 1, 0, 1, 0, 1]",110011111100110101,"[""101011001111110011""]",1,0.000244140625,False,False,,,,10.04641637579701,0.35459578373252076,{},{}
"[1, 1, 0, 1, 0, 0, 0, 0, 0, 0, 0, 1, 0, 0, 0, 1, 0, 1]",110100000001000101,"[""101000100000001011""]",1,0.000244140625,False,False,,,,4.286747416669033,0.14689780514801531,{},{}
"[1, 1, 0, 1, 0, 0, 0, 0, 0, 0, 0, 1, 0, 1, 0, 1, 0, 1]",110100000001010101,"[""101010100000001011""]",1,0.000244140625,False,False,,,,3.4853454164633746,0.11799864850247518,{},{}
"[1, 1, 0, 1, 0, 0, 0, 0, 0, 0, 0, 1, 0, 1, 1, 0, 1, 0]",110100000001011010,"[""10110100000001011""]",1,0.000244140625,False,False,,,,3.4823454544583887,0.11789046762460052,{},{}
"[1, 1, 0, 1, 0, 0, 0, 0, 0, 0, 1, 0, 1, 0, 0, 1, 1, 0]",110100000010100110,"[""11001010000001011""]",1,0.000244140625,False,False,,,,3.5354568824143966,0.11980570551491664,{},{}
"[1, 1, 0, 1, 0, 0, 0, 0, 0, 0, 1, 0, 1, 1, 1, 1, 1, 0]",110100000010111110,"[""11111010000001011""]",1,0.000244140625,False,False,,,,8.006642798655593,0.2810400200681971,{},{}
"[1, 1, 0, 1, 0, 0, 0, 0, 0, 0, 1, 1, 0, 0, 0, 1, 0, 1]",110100000011000101,"[""101000110000001011""]",1,0.000244140625,False,False,,,,5.466668077933705,0.18944662834841483,{},{}
"[1, 1, 0, 1, 0, 0, 0, 0, 0, 1, 0, 0, 1, 1, 0, 1, 1, 0]",110100000100110110,"[""11011001000001011""]",1,0.000244140625,False,False,,,,4.829676674106559,0.16647624100680705,{},{}
"[1, 1, 0, 1, 0, 0, 0, 0, 0, 1, 1, 0, 0, 0, 1, 0, 0, 1]",110100000110001001,"[""100100011000001011""]",1,0.000244140625,False,False,,,,3.45109035354181,0.11676338526502496,{},{}
"[1, 1, 0, 1, 0, 0, 0, 0, 1, 0, 0, 0, 1, 0, 0, 0, 1, 0]",110100001000100010,"[""10001000100001011""]",1,0.000244140625,False,False,,,,2.296232257134572,0.0751183369336277,{},{}
"[1, 1, 0, 1, 0, 0, 0, 0, 1, 0, 1, 1, 0, 0, 1, 1, 1, 0]",110100001011001110,"[""11100110100001011""]",1,0.000244140625,False,False,,,,3.952416500967698,0.13484158180215358,{},{}
"[1, 1, 0, 1, 0, 0, 0, 0, 1, 1, 0, 0, 1, 0, 0, 1, 0, 1]",110100001100100101,"[""101001001100001011""]",1,0.000244140625,False,False,,,,2.9343881469097344,0.09813071651111038,{},{}
"[1, 1, 0, 1, 0, 0, 0, 0, 1, 1, 0, 1, 1, 0, 0, 1, 1, 0]",110100001101100110,"[""11001101100001011""]",1,0.000244140625,False,False,,,,4.043691836036831,0.13813303878049918,{},{}
"[1, 1, 0, 1, 0, 0, 0, 0, 1, 1, 1, 1, 0, 1, 0, 0, 1, 0]",110100001111010010,"[""10010111100001011""]",1,0.000244140625,False,False,,,,5.922583033712091,0.2058872632865644,{},{}
"[1, 1, 0, 1, 0, 0, 0, 0, 1, 1, 1, 1, 0, 1, 0, 1, 1, 0]",110100001111010110,"[""11010111100001011""]",1,0.000244140625,False,False,,,,7.201700857933657,0.25201321051504066,{},{}
"[1, 1, 0, 1, 0, 0, 0, 0, 1, 1, 1, 1, 1, 0, 0, 0, 0, 1]",110100001111100001,"[""100001111100001011""]",1,0.000244140625,False,False,,,,5.981515560923555,0.2080124143779824,{},{}
"[1, 1, 0, 1, 0, 0, 0, 1, 0, 0, 0, 0, 1, 0, 1, 0, 0, 1]",110100010000101001,"[""100101000010001011""]",1,0.000244140625,False,False,,,,3.523403031972599,0.11937103463562006,{},{}
"[1, 1, 0, 1, 0, 0, 0, 1, 0, 0, 0, 0, 1, 1, 1, 0, 0, 0]",110100010000111000,"[""111000010001011""]",1,0.000244140625,False,False,,,,7.523448191647374,0.2636156604651175,{},{}
"[1, 1, 0, 1, 0, 0, 0, 1, 0, 0, 0, 1, 1, 0, 1, 1, 0, 1]",110100010001101101,"[""101101100010001011""]",1,0.000244140625,False,False,,,,4.026910223082355,0.13752788124232015,{},{}
"[1, 1, 0, 1, 0, 0, 0, 1, 0, 0, 1, 0, 0, 1, 1, 0, 0, 0]",110100010010011000,"[""110010010001011""]",1,0.000244140625,False,False,,,,3.522710197065577,0.1193460504897078,{},{}
"[1, 1, 0, 1, 0, 0, 0, 1, 0, 0, 1, 0, 1, 0, 1, 1, 1, 1]",110100010010101111,"[""111101010010001011""]",1,0.000244140625,False,False,,,,7.292778131758254,0.2552975252564942,{},{}
"[1, 1, 0, 1, 0, 0, 0, 1, 0, 0, 1, 1, 0, 1, 0, 1, 1, 1]",110100010011010111,"[""111010110010001011""]",1,0.000244140625,False,False,,,,7.278974531942781,0.2547997571036354,{},{}
"[1, 1, 0, 1, 0, 0, 0, 1, 0, 1, 1, 0, 0, 0, 0, 0, 0, 0]",110100010110000000,"[""11010001011""]",1,0.000244140625,False,False,,,,4.255939536010492,0.14578684988606214,{},{}
"[1, 1, 0, 1, 0, 0, 0, 1, 0, 1, 1, 0, 1, 0, 0, 1, 0, 0]",110100010110100100,"[""1001011010001011""]",1,0.000244140625,False,False,,,,2.829277151924222,0.09434033526864358,{},{}
"[1, 1, 0, 1, 0, 0, 0, 1, 0, 1, 1, 1, 0, 0, 1, 0, 0, 0]",110100010111001000,"[""100111010001011""]",1,0.000244140625,False,False,,,,6.694687848791225,0.23372994148305207,{},{}
"[1, 1, 0, 1, 0, 0, 0, 1, 1, 0, 0, 0, 0, 1, 1, 1, 1, 0]",110100011000011110,"[""11110000110001011""]",1,0.000244140625,False,False,,,,6.043642368339064,0.21025275360714252,{},{}
"[1, 1, 0, 1, 0, 0, 0, 1, 1, 0, 1, 1, 0, 1, 0, 1, 0, 1]",110100011011010101,"[""101010110110001011""]",1,0.000244140625,False,False,,,,5.264688754437676,0.1821631025930835,{},{}
"[1, 1, 0, 1, 0, 0, 0, 1, 1, 0, 1, 1, 1, 0, 1, 0, 1, 0]",110100011011101010,"[""10101110110001011""]",1,0.000244140625,False,False,,,,5.2431153415705225,0.18138514915939255,{},{}
"[1, 1, 0, 1, 0, 0, 0, 1, 1, 1, 0, 0, 1, 0, 1, 1, 0, 0]",110100011100101100,"[""1101001110001011""]",1,0.000244140625,False,False,,,,4.105380372607459,0.14035757363458143,{},{}
"[1, 1, 0, 1, 0, 0, 0, 1, 1, 1, 0, 1, 0, 0, 0, 1, 0, 0]",110100011101000100,"[""1000101110001011""]",1,0.000244140625,False,False,,,,4.756569718248624,0.1638399493970096,{},{}
"[1, 1, 0, 1, 0, 0, 0, 1, 1, 1, 1, 0, 0, 0, 0, 0, 0, 0]",110100011110000000,"[""11110001011""]",1,0.000244140625,False,False,,,,5.509191340261075,0.19098004905208502,{},{}
"[1, 1, 0, 1, 0, 0, 1, 0, 0, 0, 0, 0, 0, 1, 1, 1, 0, 1]",110100100000011101,"[""101110000001001011""]",1,0.000244140625,False,False,,,,4.805450114607739,0.16560261311748403,{},{}
"[1, 1, 0, 1, 0, 0, 1, 0, 0, 0, 0, 0, 1, 0, 0, 1, 1, 1]",110100100000100111,"[""111001000001001011""]",1,0.000244140625,False,False,,,,6.9049823400577495,0.24131331841902912,{},{}
"[1, 1, 0, 1, 0, 0, 1, 0, 0, 0, 0, 0, 1, 1, 1, 0, 0, 0]",110100100000111000,"[""111000001001011""]",1,0.000244140625,False,False,,,,7.5481426165310666,0.2645061599308066,{},{}
"[1, 1, 0, 1, 0, 0, 1, 0, 0, 0, 0, 1, 0, 1, 1, 1, 0, 0]",110100100001011100,"[""1110100001001011""]",1,0.000244140625,False,False,,,,2.773755828048494,0.09233819472564435,{},{}
"[1, 1, 0, 1, 0, 0, 1, 0, 0, 1, 0, 1, 1, 0, 0, 0, 0, 0]",110100100101100000,"[""1101001001011""]",1,0.000244140625,False,False,,,,3.611854086853935,0.12256064595406327,{},{}
"[1, 1, 0, 1, 0, 0, 1, 0, 0, 1, 0, 1, 1, 1, 0, 0, 1, 1]",110100100101110011,"[""110011101001001011""]",1,0.000244140625,False,False,,,,5.301298309451884,0.18348327057969646,{},{}
"[1, 1, 0, 1, 0, 0, 1, 0, 0, 1, 1, 1, 0, 0, 1, 1, 1, 1]",110100100111001111,"[""111100111001001011""]",1,0.000244140625,False,False,,,,10.550604069996803,0.37277716979057196,{},{}
"[1, 1, 0, 1, 0, 0, 1, 0, 0, 1, 1, 1, 0, 1, 0, 1, 1, 1]",110100100111010111,"[""111010111001001011""]",1,0.000244140625,False,False,,,,10.556466818585099,0.3729885848978254,{},{}
"[1, 1, 0, 1, 0, 0, 1, 0, 1, 0, 0, 0, 1, 1, 0, 0, 0, 1]",110100101000110001,"[""100011000101001011""]",1,0.000244140625,False,False,,,,4.859663562213063,0.16755759066213577,{},{}
"[1, 1, 0, 1, 0, 0, 1, 0, 1, 0, 0, 1, 0, 1, 1, 0, 1, 0]",110100101001011010,"[""10110100101001011""]",1,0.000244140625,False,False,,,,3.975766869026958,0.13568361357160563,{},{}
"[1, 1, 0, 1, 0, 0, 1, 0, 1, 0, 1, 0, 1, 1, 0, 0, 0, 1]",110100101010110001,"[""100011010101001011""]",1,0.000244140625,False,False,,,,4.062962921795899,0.13882796857345955,{},{}
"[1, 1, 0, 1, 0, 0, 1, 0, 1, 0, 1, 0, 1, 1, 0, 0, 1, 0]",110100101010110010,"[""10011010101001011""]",1,0.000244140625,False,False,,,,4.04703494922394,0.13825359394713624,{},{}
"[1, 1, 0, 1, 0, 0, 1, 0, 1, 0, 1, 1, 0, 1, 0, 0, 1, 0]",110100101011010010,"[""10010110101001011""]",1,0.000244140625,False,False,,,,3.972290948350418,0.1355582692673825,{},{}
"[1, 1, 0, 1, 0, 0, 1, 0, 1, 0, 1, 1, 0, 1, 1, 1, 0, 0]",110100101011011100,"[""1110110101001011""]",1,0.000244140625,False,False,,,,5.228865838959575,0.1808713014175986,{},{}
"[1, 1, 0, 1, 0, 0, 1, 0, 1, 1, 0, 0, 0, 0, 0, 1, 1, 0]",110100101100000110,"[""11000001101001011""]",1,0.000244140625,False,False,,,,4.880590846486553,0.16831224421457278,{},{}
"[1, 1, 0, 1, 0, 0, 1, 0, 1, 1, 0, 0, 0, 0, 1, 0, 0, 1]",110100101100001001,"[""100100001101001011""]",1,0.000244140625,False,False,,,,2.8459673475944225,0.09494219623104955,{},{}
"[1, 1, 0, 1, 0, 0, 1, 0, 1, 1, 0, 0, 0, 1, 1, 1, 0, 0]",110100101100011100,"[""1110001101001011""]",1,0.000244140625,False,False,,,,4.08862028455559,0.13975319230051975,{},{}
"[1, 1, 0, 1, 0, 0, 1, 0, 1, 1, 0, 1, 1, 0, 1, 0, 0, 1]",110100101101101001,"[""100101101101001011""]",1,0.000244140625,False,False,,,,5.388698200188831,0.1866349761314195,{},{}
"[1, 1, 0, 1, 0, 0, 1, 0, 1, 1, 0, 1, 1, 1, 1, 0, 1, 0]",110100101101111010,"[""10111101101001011""]",1,0.000244140625,False,False,,,,8.54943068201539,0.3006133578718095,{},{}
"[1, 1, 0, 1, 0, 0, 1, 0, 1, 1, 1, 0, 0, 0, 0, 0, 1, 0]",110100101110000010,"[""10000011101001011""]",1,0.000244140625,False,False,,,,4.7765458508434415,0.164560303707183,{},{}
"[1, 1, 0, 1, 0, 0, 1, 0, 1, 1, 1, 1, 0, 1, 0, 0, 0, 0]",110100101111010000,"[""10111101001011""]",1,0.000244140625,False,False,,,,7.958000434040311,0.2792859399507707,{},{}
"[1, 1, 0, 1, 0, 0, 1, 0, 1, 1, 1, 1, 1, 1, 1, 1, 1, 1]",110100101111111111,"[""111111111101001011""]",1,0.000244140625,False,False,,,,16.456397368488922,0.5857445015485492,{},{}
"[1, 1, 0, 1, 0, 0, 1, 1, 0, 0, 0, 1, 0, 0, 1, 0, 0, 0]",110100110001001000,"[""100100011001011""]",1,0.000244140625,False,False,,,,3.5176952862938276,0.11916520904943312,{},{}
"[1, 1, 0, 1, 0, 0, 1, 1, 0, 0, 0, 1, 0, 1, 1, 0, 1, 0]",110100110001011010,"[""10110100011001011""]",1,0.000244140625,False,False,,,,4.01873238404509,0.13723298223869987,{},{}
"[1, 1, 0, 1, 0, 0, 1, 1, 0, 0, 0, 1, 1, 1, 1, 0, 0, 1]",110100110001111001,"[""100111100011001011""]",1,0.000244140625,False,False,,,,7.268743295729877,0.25443081105918036,{},{}
"[1, 1, 0, 1, 0, 0, 1, 1, 0, 0, 1, 0, 1, 1, 1, 0, 1, 1]",110100110010111011,"[""110111010011001011""]",1,0.000244140625,False,False,,,,8.577045142275093,0.30160915600124066,{},{}
"[1, 1, 0, 1, 0, 0, 1, 1, 0, 0, 1, 1, 0, 0, 1, 1, 1, 0]",110100110011001110,"[""11100110011001011""]",1,0.000244140625,False,False,,,,5.283176072299035,0.1828297691283482,{},{}
"[1, 1, 0, 1, 0, 0, 1, 1, 0, 1, 1, 0, 0, 0, 1, 1, 0, 0]",110100110110001100,"[""1100011011001011""]",1,0.000244140625,False,False,,,,4.079070196743678,0.13940880897781244,{},{}
"[1, 1, 0, 1, 0, 0, 1, 1, 0, 1, 1, 0, 0, 1, 0, 1, 0, 1]",110100110110010101,"[""101010011011001011""]",1,0.000244140625,False,False,,,,5.362255986948789,0.18568145010792236,{},{}
"[1, 1, 0, 1, 0, 0, 1, 1, 1, 0, 1, 0, 0, 1, 0, 0, 1, 0]",110100111010010010,"[""10010010111001011""]",1,0.000244140625,False,False,,,,6.09447277417748,0.21208573613064982,{},{}
"[1, 1, 0, 1, 0, 0, 1, 1, 1, 1, 0, 0, 1, 1, 1, 0, 1, 1]",110100111100111011,"[""110111001111001011""]",1,0.000244140625,False,False,,,,11.9089611779437,0.42176054496690846,{},{}
"[1, 1, 0, 1, 0, 0, 1, 1, 1, 1, 1, 0, 0, 0, 0, 0, 0, 0]",110100111110000000,"[""11111001011""]",1,0.000244140625,False,False,,,,8.806324065839117,0.30987712579155463,{},{}
"[1, 1, 0, 1, 0, 1, 0, 0, 0, 0, 0, 1, 0, 1, 0, 0, 1, 1]",110101000001010011,"[""110010100000101011""]",1,0.000244140625,False,False,,,,4.806087375249896,0.16562559321376158,{},{}
"[1, 1, 0, 1, 0, 1, 0, 0, 0, 0, 1, 0, 0, 0, 0, 0, 1, 0]",110101000010000010,"[""10000010000101011""]",1,0.000244140625,False,False,,,,4.287510276663402,0.14692531445104953,{},{}
"[1, 1, 0, 1, 0, 1, 0, 0, 0, 0, 1, 0, 0, 0, 0, 1, 0, 1]",110101000010000101,"[""101000010000101011""]",1,0.000244140625,False,False,,,,5.591050112597597,0.19393193772213785,{},{}
"[1, 1, 0, 1, 0, 1, 0, 0, 0, 0, 1, 1, 1, 0, 1, 0, 1, 0]",110101000011101010,"[""10101110000101011""]",1,0.000244140625,False,False,,,,5.9468980223018075,0.20676407999516808,{},{}
"[1, 1, 0, 1, 0, 1, 0, 0, 0, 1, 0, 1, 0, 1, 1, 0, 1, 0]",110101000101011010,"[""10110101000101011""]",1,0.000244140625,False,False,,,,5.965575360831478,0.20743759881812113,{},{}
"[1, 1, 0, 1, 0, 1, 0, 0, 1, 0, 0, 0, 0, 0, 1, 0, 1, 0]",110101001000001010,"[""10100000100101011""]",1,0.000244140625,False,False,,,,3.5690866775613888,0.1210184211278811,{},{}
"[1, 1, 0, 1, 0, 1, 0, 0, 1, 0, 0, 1, 0, 1, 1, 0, 1, 0]",110101001001011010,"[""10110100100101011""]",1,0.000244140625,False,False,,,,4.02335025890458,0.1373995062664658,{},{}
"[1, 1, 0, 1, 0, 1, 0, 0, 1, 0, 1, 1, 0, 1, 0, 0, 1, 0]",110101001011010010,"[""10010110100101011""]",1,0.000244140625,False,False,,,,4.01987433822804,0.13727416196224265,{},{}
"[1, 1, 0, 1, 0, 1, 0, 0, 1, 1, 0, 0, 0, 1, 0, 1, 0, 0]",110101001100010100,"[""1010001100101011""]",1,0.000244140625,False,False,,,,2.8524789396915873,0.09517700912143356,{},{}
"[1, 1, 0, 1, 0, 1, 0, 0, 1, 1, 0, 1, 0, 0, 1, 1, 0, 0]",110101001101001100,"[""1100101100101011""]",1,0.000244140625,False,False,,,,4.081849430490806,0.13950903022930944,{},{}
"[1, 1, 0, 1, 0, 1, 0, 0, 1, 1, 0, 1, 1, 0, 1, 1, 0, 1]",110101001101101101,"[""101101101100101011""]",1,0.000244140625,False,False,,,,6.736319390465928,0.2352312060717901,{},{}
"[1, 1, 0, 1, 0, 1, 0, 0, 1, 1, 1, 0, 0, 0, 1, 1, 1, 1]",110101001110001111,"[""111100011100101011""]",1,0.000244140625,False,False,,,,8.640290978848919,0.3038898482603768,{},{}
"[1, 1, 0, 1, 0, 1, 0, 0, 1, 1, 1, 1, 0, 0, 1, 1, 0, 0]",110101001111001100,"[""1100111100101011""]",1,0.000244140625,False,False,,,,7.271108761020313,0.25451611151007814,{},{}
"[1, 1, 0, 1, 0, 1, 0, 0, 1, 1, 1, 1, 1, 0, 0, 1, 0, 1]",110101001111100101,"[""101001111100101011""]",1,0.000244140625,False,False,,,,8.67317334631274,0.30507561107101283,{},{}
"[1, 1, 0, 1, 0, 1, 0, 1, 0, 0, 0, 0, 0, 0, 1, 0, 1, 0]",110101010000001010,"[""10100000010101011""]",1,0.000244140625,False,False,,,,3.542271579411783,0.12005144859512959,{},{}
"[1, 1, 0, 1, 0, 1, 0, 1, 0, 0, 1, 0, 0, 0, 1, 1, 0, 1]",110101010010001101,"[""101100010010101011""]",1,0.000244140625,False,False,,,,4.064905807613809,0.13889803049192467,{},{}
"[1, 1, 0, 1, 0, 1, 0, 1, 0, 0, 1, 0, 0, 1, 0, 0, 0, 1]",110101010010010001,"[""100010010010101011""]",1,0.000244140625,False,False,,,,2.8514673283549055,0.0951405296585976,{},{}
"[1, 1, 0, 1, 0, 1, 0, 1, 0, 0, 1, 0, 1, 0, 0, 1, 0, 0]",110101010010100100,"[""1001010010101011""]",1,0.000244140625,False,False,,,,2.806986503012313,0.09353651776572908,{},{}
"[1, 1, 0, 1, 0, 1, 0, 1, 0, 0, 1, 1, 1, 0, 0, 1, 1, 1]",110101010011100111,"[""111001110010101011""]",1,0.000244140625,False,False,,,,8.574045943803345,0.30150100265694674,{},{}
"[1, 1, 0, 1, 0, 1, 0, 1, 0, 1, 0, 0, 1, 0, 0, 0, 0, 0]",110101010100100000,"[""1001010101011""]",1,0.000244140625,False,False,,,,3.5560902086810273,0.12054975872135346,{},{}
"[1, 1, 0, 1, 0, 1, 0, 1, 0, 1, 0, 0, 1, 1, 1, 0, 0, 1]",110101010100111001,"[""100111001010101011""]",1,0.000244140625,False,False,,,,7.3272220628142435,0.25653959922039715,{},{}
"[1, 1, 0, 1, 0, 1, 0, 1, 0, 1, 0, 1, 1, 1, 0, 1, 0, 1]",110101010101110101,"[""101011101010101011""]",1,0.000244140625,False,False,,,,6.61834224036863,0.23097686163493908,{},{}
"[1, 1, 0, 1, 0, 1, 0, 1, 0, 1, 0, 1, 1, 1, 1, 0, 0, 0]",110101010101111000,"[""111101010101011""]",1,0.000244140625,False,False,,,,9.238054607743647,0.3254456526431986,{},{}
"[1, 1, 0, 1, 0, 1, 0, 1, 0, 1, 1, 0, 0, 1, 1, 1, 0, 1]",110101010110011101,"[""101110011010101011""]",1,0.000244140625,False,False,,,,6.598614749619017,0.23026547353601967,{},{}
"[1, 1, 0, 1, 0, 1, 0, 1, 1, 0, 0, 1, 0, 0, 0, 1, 1, 1]",110101011001000111,"[""111000100110101011""]",1,0.000244140625,False,False,,,,9.39418126330876,0.33107569683395754,{},{}
"[1, 1, 0, 1, 0, 1, 0, 1, 1, 1, 0, 0, 0, 0, 1, 0, 1, 1]",110101011100001011,"[""110100001110101011""]",1,0.000244140625,False,False,,,,5.3879422081817,0.1866077144931515,{},{}
"[1, 1, 0, 1, 0, 1, 0, 1, 1, 1, 0, 0, 1, 0, 0, 1, 1, 1]",110101011100100111,"[""111001001110101011""]",1,0.000244140625,False,False,,,,8.773495733075052,0.30869331151268187,{},{}
"[1, 1, 0, 1, 0, 1, 0, 1, 1, 1, 0, 1, 0, 1, 1, 1, 0, 1]",110101011101011101,"[""101110101110101011""]",1,0.000244140625,False,False,,,,7.913135899262453,0.27766809120813984,{},{}
"[1, 1, 0, 1, 0, 1, 0, 1, 1, 1, 1, 0, 1, 1, 1, 1, 1, 1]",110101011110111111,"[""111111011110101011""]",1,0.000244140625,False,False,,,,14.553012214559171,0.5171070066257819,{},{}
"[1, 1, 0, 1, 0, 1, 1, 0, 0, 0, 0, 1, 1, 0, 0, 0, 0, 1]",110101100001100001,"[""100001100001101011""]",1,0.000244140625,False,False,,,,2.8567471697815963,0.09533092469681112,{},{}
"[1, 1, 0, 1, 0, 1, 1, 0, 0, 0, 0, 1, 1, 0, 0, 1, 0, 1]",110101100001100101,"[""101001100001101011""]",1,0.000244140625,False,False,,,,4.189225226957373,0.14338108191027685,{},{}
"[1, 1, 0, 1, 0, 1, 1, 0, 0, 0, 0, 1, 1, 0, 1, 0, 1, 1]",110101100001101011,"[""110101100001101011""]",1,0.000244140625,False,False,,,,5.329875084767135,0.18451377051112652,{},{}
"[1, 1, 0, 1, 0, 1, 1, 0, 0, 1, 0, 1, 1, 0, 0, 1, 0, 1]",110101100101100101,"[""101001101001101011""]",1,0.000244140625,False,False,,,,5.535364098681407,0.19192385833287165,{},{}
"[1, 1, 0, 1, 0, 1, 1, 0, 0, 1, 0, 1, 1, 1, 1, 0, 1, 0]",110101100101111010,"[""10111101001101011""]",1,0.000244140625,False,False,,,,8.56810802054506,0.3012868766947625,{},{}
"[1, 1, 0, 1, 0, 1, 1, 0, 0, 1, 1, 0, 0, 1, 1, 0, 0, 1]",110101100110011001,"[""100110011001101011""]",1,0.000244140625,False,False,,,,5.283778231108604,0.18285148342623958,{},{}
"[1, 1, 0, 1, 0, 1, 1, 0, 1, 0, 0, 0, 1, 0, 1, 0, 1, 1]",110101101000101011,"[""110101000101101011""]",1,0.000244140625,False,False,,,,7.4406526408599,0.26062999086216293,{},{}
"[1, 1, 0, 1, 0, 1, 1, 0, 1, 0, 0, 1, 1, 1, 1, 0, 1, 1]",110101101001111011,"[""110111100101101011""]",1,0.000244140625,False,False,,,,9.912152407810424,0.34975412443830833,{},{}
"[1, 1, 0, 1, 0, 1, 1, 0, 1, 1, 0, 0, 1, 0, 0, 1, 0, 1]",110101101100100101,"[""101001001101101011""]",1,0.000244140625,False,False,,,,5.677731720144163,0.1970577414437814,{},{}
"[1, 1, 0, 1, 0, 1, 1, 0, 1, 1, 0, 1, 0, 0, 1, 0, 1, 0]",110101101101001010,"[""10100101101101011""]",1,0.000244140625,False,False,,,,5.312689355807628,0.183894040246988,{},{}
"[1, 1, 0, 1, 0, 1, 1, 0, 1, 1, 0, 1, 1, 1, 0, 0, 0, 1]",110101101101110001,"[""100011101101101011""]",1,0.000244140625,False,False,,,,6.707412425340774,0.23418879924839234,{},{}
"[1, 1, 0, 1, 0, 1, 1, 0, 1, 1, 1, 1, 0, 1, 1, 0, 0, 0]",110101101111011000,"[""110111101101011""]",1,0.000244140625,False,False,,,,10.511100360489293,0.3713526364242408,{},{}
"[1, 1, 0, 1, 0, 1, 1, 0, 1, 1, 1, 1, 1, 1, 1, 0, 1, 1]",110101101111111011,"[""110111111101101011""]",1,0.000244140625,False,False,,,,14.459304856070792,0.5137278490605394,{},{}
"[1, 1, 0, 1, 0, 1, 1, 1, 0, 0, 1, 0, 0, 0, 1, 1, 0, 1]",110101110010001101,"[""101100010011101011""]",1,0.000244140625,False,False,,,,5.341199465278672,0.18492213615812095,{},{}
"[1, 1, 0, 1, 0, 1, 1, 1, 0, 1, 0, 1, 1, 0, 0, 1, 0, 0]",110101110101100100,"[""1001101011101011""]",1,0.000244140625,False,False,,,,5.446024608623581,0.1887022093762291,{},{}
"[1, 1, 0, 1, 0, 1, 1, 1, 0, 1, 1, 0, 0, 1, 0, 0, 1, 1]",110101110110010011,"[""110010011011101011""]",1,0.000244140625,False,False,,,,6.664072499879643,0.23262592906016488,{},{}
"[1, 1, 0, 1, 0, 1, 1, 1, 1, 0, 0, 1, 1, 1, 1, 0, 0, 0]",110101111001111000,"[""111100111101011""]",1,0.000244140625,False,False,,,,12.591019123787976,0.4463560655835663,{},{}
"[1, 1, 0, 1, 0, 1, 1, 1, 1, 0, 1, 0, 0, 1, 1, 1, 1, 1]",110101111010011111,"[""111110010111101011""]",1,0.000244140625,False,False,,,,13.268692499587885,0.47079347531891486,{},{}
"[1, 1, 0, 1, 0, 1, 1, 1, 1, 0, 1, 1, 0, 0, 0, 0, 1, 1]",110101111011000011,"[""110000110111101011""]",1,0.000244140625,False,False,,,,10.65322810232889,0.3764778692961895,{},{}
"[1, 1, 0, 1, 0, 1, 1, 1, 1, 1, 0, 0, 1, 0, 0, 1, 0, 1]",110101111100100101,"[""101001001111101011""]",1,0.000244140625,False,False,,,,8.905551934350962,0.3134553570849517,{},{}
"[1, 1, 0, 1, 0, 1, 1, 1, 1, 1, 0, 1, 1, 1, 0, 1, 0, 1]",110101111101110101,"[""101011101111101011""]",1,0.000244140625,False,False,,,,11.343008475073388,0.40135186641354975,{},{}
"[1, 1, 0, 1, 1, 0, 0, 0, 0, 0, 0, 0, 0, 0, 1, 1, 1, 0]",110110000000001110,"[""11100000000011011""]",1,0.000244140625,False,False,,,,5.545355423862775,0.19228415300575588,{},{}
"[1, 1, 0, 1, 1, 0, 0, 0, 0, 0, 1, 0, 0, 0, 0, 1, 0, 0]",110110000010000100,"[""1000010000011011""]",1,0.000244140625,False,False,,,,4.291635751854394,0.1470740821777974,{},{}
"[1, 1, 0, 1, 1, 0, 0, 0, 0, 1, 0, 0, 0, 0, 1, 0, 1, 0]",110110000100001010,"[""10100001000011011""]",1,0.000244140625,False,False,,,,3.501761691676374,0.11859063168793645,{},{}
"[1, 1, 0, 1, 1, 0, 0, 0, 0, 1, 0, 1, 1, 0, 1, 1, 1, 0]",110110000101101110,"[""11101101000011011""]",1,0.000244140625,False,False,,,,7.324622376428124,0.25644585258127917,{},{}
"[1, 1, 0, 1, 1, 0, 0, 0, 0, 1, 1, 1, 1, 1, 0, 1, 1, 0]",110110000111110110,"[""11011111000011011""]",1,0.000244140625,False,False,,,,10.59500464977984,0.37437828796843214,{},{}
"[1, 1, 0, 1, 1, 0, 0, 0, 1, 0, 0, 0, 0, 1, 0, 0, 1, 1]",110110001000010011,"[""110010000100011011""]",1,0.000244140625,False,False,,,,4.87788650290006,0.16821472355838607,{},{}
"[1, 1, 0, 1, 1, 0, 0, 0, 1, 0, 1, 0, 0, 0, 0, 0, 1, 1]",110110001010000011,"[""110000010100011011""]",1,0.000244140625,False,False,,,,4.860650317292729,0.16759317378971808,{},{}
"[1, 1, 0, 1, 1, 0, 0, 0, 1, 0, 1, 1, 1, 0, 0, 0, 1, 1]",110110001011100011,"[""110001110100011011""]",1,0.000244140625,False,False,,,,5.294207543120606,0.18322757223243513,{},{}
"[1, 1, 0, 1, 1, 0, 0, 0, 1, 1, 0, 0, 1, 0, 1, 1, 1, 1]",110110001100101111,"[""111101001100011011""]",1,0.000244140625,False,False,,,,8.636863898571288,0.30376626517753613,{},{}
"[1, 1, 0, 1, 1, 0, 0, 0, 1, 1, 0, 1, 0, 0, 0, 0, 0, 0]",110110001101000000,"[""101100011011""]",1,0.000244140625,False,False,,,,5.47529016464355,0.1897575472559984,{},{}
"[1, 1, 0, 1, 1, 0, 0, 0, 1, 1, 0, 1, 0, 0, 0, 0, 1, 1]",110110001101000011,"[""110000101100011011""]",1,0.000244140625,False,False,,,,6.027612758520555,0.20967471386554828,{},{}
"[1, 1, 0, 1, 1, 0, 0, 1, 0, 0, 0, 1, 0, 0, 1, 0, 0, 0]",110110010001001000,"[""100100010011011""]",1,0.000244140625,False,False,,,,3.52579104333525,0.11945714811477642,{},{}
"[1, 1, 0, 1, 1, 0, 0, 1, 0, 0, 0, 1, 1, 1, 0, 1, 0, 1]",110110010001110101,"[""101011100010011011""]",1,0.000244140625,False,False,,,,5.301265719263668,0.18348209535308843,{},{}
"[1, 1, 0, 1, 1, 0, 0, 1, 0, 1, 1, 0, 0, 0, 0, 1, 1, 0]",110110010110000110,"[""11000011010011011""]",1,0.000244140625,False,False,,,,6.122482395693436,0.21309578407108942,{},{}
"[1, 1, 0, 1, 1, 0, 0, 1, 0, 1, 1, 0, 0, 0, 0, 1, 1, 1]",110110010110000111,"[""111000011010011011""]",1,0.000244140625,False,False,,,,9.389345871328043,0.33090132897580715,{},{}
"[1, 1, 0, 1, 1, 0, 0, 1, 0, 1, 1, 0, 0, 0, 1, 1, 1, 0]",110110010110001110,"[""11100011010011011""]",1,0.000244140625,False,False,,,,5.344738857928476,0.1850497693092617,{},{}
"[1, 1, 0, 1, 1, 0, 0, 1, 0, 1, 1, 0, 0, 1, 1, 0, 1, 1]",110110010110011011,"[""110110011010011011""]",1,0.000244140625,False,False,,,,6.645516434372931,0.2319567834332938,{},{}
"[1, 1, 0, 1, 1, 0, 0, 1, 1, 0, 0, 0, 0, 1, 0, 0, 1, 1]",110110011000010011,"[""110010000110011011""]",1,0.000244140625,False,False,,,,6.198872434088397,0.21585046609729883,{},{}
"[1, 1, 0, 1, 1, 0, 0, 1, 1, 0, 0, 1, 0, 0, 0, 0, 0, 0]",110110011001000000,"[""100110011011""]",1,0.000244140625,False,False,,,,5.5237551670584635,0.19150523155957594,{},{}
"[1, 1, 0, 1, 1, 0, 0, 1, 1, 0, 0, 1, 1, 0, 0, 0, 1, 0]",110110011001100010,"[""10001100110011011""]",1,0.000244140625,False,False,,,,4.03711712758674,0.13789594986713338,{},{}
"[1, 1, 0, 1, 1, 0, 0, 1, 1, 0, 1, 0, 1, 1, 1, 0, 0, 0]",110110011010111000,"[""111010110011011""]",1,0.000244140625,False,False,,,,9.334102974508331,0.3289092287210828,{},{}
"[1, 1, 0, 1, 1, 0, 0, 1, 1, 0, 1, 1, 0, 0, 1, 1, 1, 1]",110110011011001111,"[""111100110110011011""]",1,0.000244140625,False,False,,,,9.88461772630587,0.34876120319056875,{},{}
"[1, 1, 0, 1, 1, 0, 0, 1, 1, 1, 0, 0, 0, 0, 1, 1, 0, 0]",110110011100001100,"[""1100001110011011""]",1,0.000244140625,False,False,,,,4.042189762667372,0.1380788728892412,{},{}
"[1, 1, 0, 1, 1, 0, 0, 1, 1, 1, 0, 0, 0, 0, 1, 1, 1, 0]",110110011100001110,"[""11100001110011011""]",1,0.000244140625,False,False,,,,5.3162349518083065,0.18402189709560968,{},{}
"[1, 1, 0, 1, 1, 0, 1, 0, 0, 0, 0, 0, 0, 1, 0, 0, 1, 0]",110110100000010010,"[""10010000001011011""]",1,0.000244140625,False,False,,,,3.589322740529191,0.12174814872207908,{},{}
"[1, 1, 0, 1, 1, 0, 1, 0, 0, 0, 0, 1, 0, 0, 1, 1, 1, 0]",110110100001001110,"[""11100100001011011""]",1,0.000244140625,False,False,,,,4.056818270602999,0.1386063878470448,{},{}
"[1, 1, 0, 1, 1, 0, 1, 0, 0, 0, 0, 1, 1, 0, 1, 0, 1, 0]",110110100001101010,"[""10101100001011011""]",1,0.000244140625,False,False,,,,4.049138062553603,0.13832943378973914,{},{}
"[1, 1, 0, 1, 1, 0, 1, 0, 0, 0, 1, 0, 1, 0, 0, 1, 1, 1]",110110100010100111,"[""111001010001011011""]",1,0.000244140625,False,False,,,,7.412396535251796,0.25961105452066147,{},{}
"[1, 1, 0, 1, 1, 0, 1, 0, 0, 0, 1, 0, 1, 0, 1, 1, 1, 1]",110110100010101111,"[""111101010001011011""]",1,0.000244140625,False,False,,,,8.633211844564501,0.3036345693734415,{},{}
"[1, 1, 0, 1, 1, 0, 1, 0, 0, 0, 1, 1, 1, 0, 1, 1, 0, 0]",110110100011101100,"[""1101110001011011""]",1,0.000244140625,False,False,,,,5.331475571426372,0.1845714852593584,{},{}
"[1, 1, 0, 1, 1, 0, 1, 0, 0, 1, 0, 0, 1, 0, 0, 1, 0, 0]",110110100100100100,"[""1001001001011011""]",1,0.000244140625,False,False,,,,2.9891936806676256,0.10010704512609424,{},{}
"[1, 1, 0, 1, 1, 0, 1, 0, 0, 1, 0, 1, 0, 0, 0, 1, 0, 0]",110110100101000100,"[""1000101001011011""]",1,0.000244140625,False,False,,,,4.853090296069122,0.16732055375941052,{},{}
"[1, 1, 0, 1, 1, 0, 1, 0, 0, 1, 1, 0, 0, 1, 1, 0, 1, 1]",110110100110011011,"[""110110011001011011""]",1,0.000244140625,False,False,,,,6.577045142275091,0.22948765733234794,{},{}
"[1, 1, 0, 1, 1, 0, 1, 0, 0, 1, 1, 0, 1, 0, 0, 1, 0, 0]",110110100110100100,"[""1001011001011011""]",1,0.000244140625,False,False,,,,4.196496242812511,0.14364328019043576,{},{}
"[1, 1, 0, 1, 1, 0, 1, 0, 1, 0, 0, 0, 1, 1, 1, 0, 1, 0]",110110101000111010,"[""10111000101011011""]",1,0.000244140625,False,False,,,,9.330933156484202,0.32879492270787886,{},{}
"[1, 1, 0, 1, 1, 0, 1, 0, 1, 0, 0, 1, 0, 1, 1, 1, 0, 0]",110110101001011100,"[""1110100101011011""]",1,0.000244140625,False,False,,,,5.278606865080247,0.18266500009217435,{},{}
"[1, 1, 0, 1, 1, 0, 1, 0, 1, 0, 1, 0, 1, 1, 0, 0, 0, 0]",110110101010110000,"[""11010101011011""]",1,0.000244140625,False,False,,,,6.070757121055661,0.21123053190812122,{},{}
"[1, 1, 0, 1, 1, 0, 1, 0, 1, 0, 1, 1, 0, 0, 1, 0, 0, 0]",110110101011001000,"[""100110101011011""]",1,0.000244140625,False,False,,,,5.986147169031794,0.20817943363698901,{},{}
"[1, 1, 0, 1, 1, 0, 1, 0, 1, 0, 1, 1, 0, 0, 1, 1, 1, 0]",110110101011001110,"[""11100110101011011""]",1,0.000244140625,False,False,,,,6.555105215079289,0.2286964871173241,{},{}
"[1, 1, 0, 1, 1, 0, 1, 0, 1, 1, 0, 0, 0, 0, 1, 1, 0, 1]",110110101100001101,"[""101100001101011011""]",1,0.000244140625,False,False,,,,5.4026627366711555,0.18713854778108033,{},{}
"[1, 1, 0, 1, 1, 0, 1, 0, 1, 1, 0, 0, 1, 0, 0, 0, 0, 1]",110110101100100001,"[""100001001101011011""]",1,0.000244140625,False,False,,,,4.175608372231391,0.14289004792527965,{},{}
"[1, 1, 0, 1, 1, 0, 1, 0, 1, 1, 0, 1, 0, 1, 1, 1, 0, 0]",110110101101011100,"[""1110101101011011""]",1,0.000244140625,False,False,,,,6.57538870641212,0.22942792501390474,{},{}
"[1, 1, 0, 1, 1, 0, 1, 0, 1, 1, 1, 0, 0, 0, 1, 1, 0, 1]",110110101110001101,"[""101100011101011011""]",1,0.000244140625,False,False,,,,6.619303968080876,0.23101154225689838,{},{}
"[1, 1, 0, 1, 1, 0, 1, 1, 0, 0, 0, 0, 1, 0, 0, 1, 1, 1]",110110110000100111,"[""111001000011011011""]",1,0.000244140625,False,False,,,,9.449465026685873,0.3330692707673645,{},{}
"[1, 1, 0, 1, 1, 0, 1, 1, 0, 0, 0, 1, 0, 0, 0, 0, 1, 0]",110110110001000010,"[""10000100011011011""]",1,0.000244140625,False,False,,,,4.8112930171389685,0.1658133125610483,{},{}
"[1, 1, 0, 1, 1, 0, 1, 1, 0, 0, 0, 1, 0, 0, 1, 1, 0, 1]",110110110001001101,"[""101100100011011011""]",1,0.000244140625,False,False,,,,5.309488792651301,0.18377862554127863,{},{}
"[1, 1, 0, 1, 1, 0, 1, 1, 0, 0, 0, 1, 1, 0, 0, 0, 0, 0]",110110110001100000,"[""1100011011011""]",1,0.000244140625,False,False,,,,4.796893614047259,0.16529405929559252,{},{}
"[1, 1, 0, 1, 1, 0, 1, 1, 0, 0, 0, 1, 1, 1, 0, 0, 0, 1]",110110110001110001,"[""100011100011011011""]",1,0.000244140625,False,False,,,,5.309221374894138,0.18376898225656998,{},{}
"[1, 1, 0, 1, 1, 0, 1, 1, 0, 0, 0, 1, 1, 1, 0, 1, 0, 0]",110110110001110100,"[""1011100011011011""]",1,0.000244140625,False,False,,,,5.373394803512971,0.18608312417992573,{},{}
"[1, 1, 0, 1, 1, 0, 1, 1, 0, 0, 1, 0, 1, 0, 0, 1, 0, 0]",110110110010100100,"[""1001010011011011""]",1,0.000244140625,False,False,,,,4.159035857620426,0.14229243063005217,{},{}
"[1, 1, 0, 1, 1, 0, 1, 1, 0, 0, 1, 0, 1, 0, 1, 1, 0, 1]",110110110010101101,"[""101101010011011011""]",1,0.000244140625,False,False,,,,6.640258279147577,0.2317671704157507,{},{}
"[1, 1, 0, 1, 1, 0, 1, 1, 0, 0, 1, 0, 1, 1, 1, 0, 1, 1]",110110110010111011,"[""110111010011011011""]",1,0.000244140625,False,False,,,,9.949826099832302,0.35111266600281243,{},{}
"[1, 1, 0, 1, 1, 0, 1, 1, 0, 0, 1, 1, 0, 1, 1, 0, 0, 1]",110110110011011001,"[""100110110011011011""]",1,0.000244140625,False,False,,,,6.567941641213368,0.22915937826249527,{},{}
"[1, 1, 0, 1, 1, 0, 1, 1, 0, 1, 0, 0, 0, 1, 0, 0, 1, 0]",110110110100010010,"[""10010001011011011""]",1,0.000244140625,False,False,,,,4.147674236931237,0.14188272207434627,{},{}
"[1, 1, 0, 1, 1, 0, 1, 1, 0, 1, 0, 0, 1, 0, 0, 0, 0, 0]",110110110100100000,"[""1001011011011""]",1,0.000244140625,False,False,,,,4.882198815331264,0.1683702287760195,{},{}
"[1, 1, 0, 1, 1, 0, 1, 1, 0, 1, 0, 1, 1, 0, 0, 0, 0, 1]",110110110101100001,"[""100001101011011011""]",1,0.000244140625,False,False,,,,5.336846381986248,0.1847651607126809,{},{}
"[1, 1, 0, 1, 1, 0, 1, 1, 0, 1, 1, 0, 0, 1, 0, 1, 1, 1]",110110110110010111,"[""111010011011011011""]",1,0.000244140625,False,False,,,,10.03203168697853,0.35407706107478354,{},{}
"[1, 1, 0, 1, 1, 0, 1, 1, 1, 0, 1, 0, 0, 0, 1, 1, 1, 0]",110110111010001110,"[""11100010111011011""]",1,0.000244140625,False,False,,,,8.642363110114601,0.3039645708665366,{},{}
"[1, 1, 0, 1, 1, 0, 1, 1, 1, 0, 1, 1, 1, 0, 0, 0, 1, 1]",110110111011100011,"[""110001110111011011""]",1,0.000244140625,False,False,,,,9.92166486915182,0.35009715092229404,{},{}
"[1, 1, 0, 1, 1, 0, 1, 1, 1, 1, 0, 0, 0, 1, 0, 1, 0, 0]",110110111100010100,"[""1010001111011011""]",1,0.000244140625,False,False,,,,7.414449391254514,0.2596850820463952,{},{}
"[1, 1, 0, 1, 1, 0, 1, 1, 1, 1, 0, 1, 0, 0, 0, 0, 0, 1]",110110111101000001,"[""100000101111011011""]",1,0.000244140625,False,False,,,,9.329950445503128,0.3287594854135222,{},{}
"[1, 1, 0, 1, 1, 1, 0, 0, 0, 0, 1, 0, 1, 0, 0, 1, 1, 0]",110111000010100110,"[""11001010000111011""]",1,0.000244140625,False,False,,,,8.105765073846872,0.28461444358732985,{},{}
"[1, 1, 0, 1, 1, 1, 0, 0, 0, 1, 0, 1, 0, 0, 1, 0, 0, 1]",110111000101001001,"[""100100101000111011""]",1,0.000244140625,False,False,,,,8.05134043174139,0.2826518502107472,{},{}
"[1, 1, 0, 1, 1, 1, 0, 0, 0, 1, 0, 1, 0, 1, 1, 1, 0, 1]",110111000101011101,"[""101110101000111011""]",1,0.000244140625,False,False,,,,10.606705560537174,0.37480023157823705,{},{}
"[1, 1, 0, 1, 1, 1, 0, 0, 0, 1, 1, 0, 0, 0, 1, 1, 1, 1]",110111000110001111,"[""111100011000111011""]",1,0.000244140625,False,False,,,,12.632239688775861,0.4478425100450186,{},{}
"[1, 1, 0, 1, 1, 1, 0, 0, 1, 0, 0, 0, 0, 0, 1, 1, 1, 0]",110111001000001110,"[""11100000100111011""]",1,0.000244140625,False,False,,,,8.09786062695731,0.2843294033094179,{},{}
"[1, 1, 0, 1, 1, 1, 0, 0, 1, 0, 1, 0, 1, 0, 0, 1, 0, 0]",110111001010100100,"[""1001010100111011""]",1,0.000244140625,False,False,,,,6.115578571121099,0.21284682698373739,{},{}
"[1, 1, 0, 1, 1, 1, 0, 0, 1, 0, 1, 0, 1, 0, 1, 0, 1, 0]",110111001010101010,"[""10101010100111011""]",1,0.000244140625,False,False,,,,7.32731804279112,0.25654306033028446,{},{}
"[1, 1, 0, 1, 1, 1, 0, 0, 1, 0, 1, 0, 1, 1, 0, 0, 0, 0]",110111001010110000,"[""11010100111011""]",1,0.000244140625,False,False,,,,8.084378192969913,0.2838432166369802,{},{}
"[1, 1, 0, 1, 1, 1, 0, 0, 1, 0, 1, 0, 1, 1, 0, 0, 1, 1]",110111001010110011,"[""110011010100111011""]",1,0.000244140625,False,False,,,,8.753844078834913,0.30798465813512105,{},{}
"[1, 1, 0, 1, 1, 1, 0, 0, 1, 0, 1, 1, 1, 0, 0, 1, 0, 0]",110111001011100100,"[""1001110100111011""]",1,0.000244140625,False,False,,,,7.309819025561637,0.2559120326563729,{},{}
"[1, 1, 0, 1, 1, 1, 0, 0, 1, 0, 1, 1, 1, 0, 0, 1, 1, 0]",110111001011100110,"[""11001110100111011""]",1,0.000244140625,False,False,,,,8.604994714090349,0.30261703850447574,{},{}
"[1, 1, 0, 1, 1, 1, 0, 0, 1, 1, 0, 0, 0, 0, 1, 1, 0, 0]",110111001100001100,"[""1100001100111011""]",1,0.000244140625,False,False,,,,6.093177794151916,0.21203903818055483,{},{}
"[1, 1, 0, 1, 1, 1, 0, 0, 1, 1, 0, 0, 0, 1, 0, 1, 0, 0]",110111001100010100,"[""1010001100111011""]",1,0.000244140625,False,False,,,,6.115578571121099,0.21284682698373739,{},{}
"[1, 1, 0, 1, 1, 1, 0, 1, 0, 0, 1, 1, 0, 0, 1, 0, 0, 1]",110111010011001001,"[""100100110010111011""]",1,0.000244140625,False,False,,,,7.330887014875559,0.256671760138003,{},{}
"[1, 1, 0, 1, 1, 1, 0, 1, 0, 1, 1, 0, 0, 1, 1, 1, 0, 0]",110111010110011100,"[""1110011010111011""]",1,0.000244140625,False,False,,,,8.615382528113406,0.302991630862094,{},{}
"[1, 1, 0, 1, 1, 1, 0, 1, 0, 1, 1, 1, 0, 0, 1, 1, 1, 0]",110111010111001110,"[""11100111010111011""]",1,0.000244140625,False,False,,,,11.869793951852595,0.4203481454447115,{},{}
"[1, 1, 0, 1, 1, 1, 0, 1, 0, 1, 1, 1, 1, 1, 0, 0, 1, 1]",110111010111110011,"[""110011111010111011""]",1,0.000244140625,False,False,,,,13.226958446845865,0.4692885141042743,{},{}
"[1, 1, 0, 1, 1, 1, 0, 1, 1, 0, 0, 1, 0, 1, 0, 0, 1, 0]",110111011001010010,"[""10010100110111011""]",1,0.000244140625,False,False,,,,7.416884718934613,0.25977290178741447,{},{}
"[1, 1, 0, 1, 1, 1, 0, 1, 1, 0, 1, 1, 1, 1, 0, 1, 0, 0]",110111011011110100,"[""1011110110111011""]",1,0.000244140625,False,False,,,,9.897399741350025,0.3492221322310652,{},{}
"[1, 1, 0, 1, 1, 1, 0, 1, 1, 0, 1, 1, 1, 1, 1, 0, 1, 1]",110111011011111011,"[""110111110110111011""]",1,0.000244140625,False,False,,,,14.573991441976524,0.5178635332869095,{},{}
"[1, 1, 0, 1, 1, 1, 0, 1, 1, 1, 0, 0, 0, 1, 1, 1, 0, 0]",110111011100011100,"[""1110001110111011""]",1,0.000244140625,False,False,,,,8.6407777329291,0.3039074009772497,{},{}
"[1, 1, 0, 1, 1, 1, 0, 1, 1, 1, 1, 0, 0, 0, 1, 1, 1, 1]",110111011110001111,"[""111100011110111011""]",1,0.000244140625,False,False,,,,13.287671966483982,0.4714778891171564,{},{}
"[1, 1, 0, 1, 1, 1, 0, 1, 1, 1, 1, 0, 0, 1, 1, 1, 1, 0]",110111011110011110,"[""11110011110111011""]",1,0.000244140625,False,False,,,,11.257689908839772,0.398275214983025,{},{}
"[1, 1, 0, 1, 1, 1, 0, 1, 1, 1, 1, 1, 0, 0, 0, 1, 0, 0]",110111011111000100,"[""1000111110111011""]",1,0.000244140625,False,False,,,,12.594084386604925,0.4464666012576524,{},{}
"[1, 1, 0, 1, 1, 1, 1, 0, 0, 0, 0, 1, 1, 1, 1, 0, 1, 0]",110111100001111010,"[""10111100001111011""]",1,0.000244140625,False,False,,,,10.58694141347274,0.37408752162513736,{},{}
"[1, 1, 0, 1, 1, 1, 1, 0, 0, 0, 1, 1, 0, 1, 1, 1, 0, 0]",110111100011011100,"[""1110110001111011""]",1,0.000244140625,False,False,,,,8.545922226141467,0.30048684032398904,{},{}
"[1, 1, 0, 1, 1, 1, 1, 0, 0, 1, 0, 0, 1, 0, 1, 1, 0, 1]",110111100100101101,"[""101101001001111011""]",1,0.000244140625,False,False,,,,8.799097837025212,0.30961654256566307,{},{}
"[1, 1, 0, 1, 1, 1, 1, 0, 0, 1, 0, 1, 1, 0, 0, 0, 0, 0]",110111100101100000,"[""1101001111011""]",1,0.000244140625,False,False,,,,8.102264774576152,0.2844882201727329,{},{}
"[1, 1, 0, 1, 1, 1, 1, 0, 0, 1, 0, 1, 1, 0, 1, 1, 1, 1]",110111100101101111,"[""111101101001111011""]",1,0.000244140625,False,False,,,,13.30750516923346,0.4721930892700046,{},{}
"[1, 1, 0, 1, 1, 1, 1, 0, 0, 1, 1, 0, 1, 1, 1, 0, 0, 0]",110111100110111000,"[""111011001111011""]",1,0.000244140625,False,False,,,,12.584059637663588,0.44610510129893816,{},{}
"[1, 1, 0, 1, 1, 1, 1, 0, 1, 0, 0, 1, 0, 0, 1, 0, 1, 0]",110111101001001010,"[""10100100101111011""]",1,0.000244140625,False,False,,,,7.328364176297425,0.25658078468842566,{},{}
"[1, 1, 0, 1, 1, 1, 1, 0, 1, 0, 1, 0, 0, 0, 0, 1, 1, 0]",110111101010000110,"[""11000010101111011""]",1,0.000244140625,False,False,,,,9.419213183448353,0.3319783666314713,{},{}
"[1, 1, 0, 1, 1, 1, 1, 0, 1, 0, 1, 1, 0, 1, 0, 0, 1, 1]",110111101011010011,"[""110010110101111011""]",1,0.000244140625,False,False,,,,9.985571472804269,0.3524016709374208,{},{}
"[1, 1, 0, 1, 1, 1, 1, 0, 1, 1, 0, 1, 0, 0, 1, 0, 1, 0]",110111101101001010,"[""10100101101111011""]",1,0.000244140625,False,False,,,,8.594466325766808,0.30223737693224484,{},{}
"[1, 1, 0, 1, 1, 1, 1, 0, 1, 1, 0, 1, 0, 1, 0, 0, 1, 1]",110111101101010011,"[""110010101101111011""]",1,0.000244140625,False,False,,,,9.983259783729782,0.35231830969716654,{},{}
"[1, 1, 0, 1, 1, 1, 1, 0, 1, 1, 0, 1, 1, 0, 1, 1, 0, 0]",110111101101101100,"[""1101101101111011""]",1,0.000244140625,False,False,,,,10.018522450063404,0.3535899078686875,{},{}
"[1, 1, 0, 1, 1, 1, 1, 1, 0, 0, 0, 0, 0, 1, 0, 1, 0, 1]",110111110000010101,"[""101010000011111011""]",1,0.000244140625,False,False,,,,9.45924037967593,0.3334217773211946,{},{}
"[1, 1, 0, 1, 1, 1, 1, 1, 0, 0, 0, 0, 1, 0, 1, 1, 0, 0]",110111110000101100,"[""1101000011111011""]",1,0.000244140625,False,False,,,,9.411360059729294,0.3316951771055459,{},{}
"[1, 1, 0, 1, 1, 1, 1, 1, 0, 0, 0, 1, 1, 0, 1, 1, 0, 0]",110111110001101100,"[""1101100011111011""]",1,0.000244140625,False,False,,,,8.638631732462159,0.3038300145923397,{},{}
"[1, 1, 0, 1, 1, 1, 1, 1, 0, 0, 1, 0, 1, 0, 1, 0, 0, 0]",110111110010101000,"[""101010011111011""]",1,0.000244140625,False,False,,,,9.321463981921113,0.3284534571775552,{},{}
"[1, 1, 0, 1, 1, 1, 1, 1, 0, 1, 0, 0, 0, 0, 1, 1, 1, 1]",110111110100001111,"[""111100001011111011""]",1,0.000244140625,False,False,,,,12.000403223751348,0.42505801365940704,{},{}
"[1, 1, 0, 1, 1, 1, 1, 1, 0, 1, 0, 0, 1, 1, 1, 0, 0, 1]",110111110100111001,"[""100111001011111011""]",1,0.000244140625,False,False,,,,11.96270095885095,0.42369844173549287,{},{}
"[1, 1, 0, 1, 1, 1, 1, 1, 0, 1, 0, 1, 1, 1, 0, 1, 0, 0]",110111110101110100,"[""1011101011111011""]",1,0.000244140625,False,False,,,,9.98572703105827,0.3524072804846252,{},{}
"[1, 1, 0, 1, 1, 1, 1, 1, 1, 0, 0, 1, 1, 1, 1, 1, 0, 0]",110111111001111100,"[""1111100111111011""]",1,0.000244140625,False,False,,,,15.227881033459052,0.5414432819377644,{},{}
"[1, 1, 0, 1, 1, 1, 1, 1, 1, 0, 1, 0, 0, 0, 0, 0, 1, 0]",110111111010000010,"[""10000010111111011""]",1,0.000244140625,False,False,,,,11.455636934930734,0.40541333307239025,{},{}
"[1, 1, 0, 1, 1, 1, 1, 1, 1, 0, 1, 1, 1, 1, 1, 1, 0, 1]",110111111011111101,"[""101111110111111011""]",1,0.000244140625,False,False,,,,17.861989395770266,0.6364312033108379,{},{}
"[1, 1, 0, 1, 1, 1, 1, 1, 1, 1, 0, 0, 0, 0, 0, 1, 0, 0]",110111111100000100,"[""1000001111111011""]",1,0.000244140625,False,False,,,,11.473282540114377,0.4060496468177722,{},{}
"[1, 1, 0, 1, 1, 1, 1, 1, 1, 1, 0, 0, 0, 0, 1, 1, 1, 0]",110111111100001110,"[""11100001111111011""]",1,0.000244140625,False,False,,,,11.978922860755189,0.4242834156737896,{},{}
"[1, 1, 0, 1, 1, 1, 1, 1, 1, 1, 1, 1, 0, 0, 1, 0, 1, 0]",110111111111001010,"[""10100111111111011""]",1,0.000244140625,False,False,,,,15.179164735710524,0.5396865357361524,{},{}
"[1, 1, 1, 0, 0, 0, 0, 0, 0, 0, 0, 0, 0, 0, 0, 1, 0, 1]",111000000000000101,"[""101000000000000111""]",1,0.000244140625,False,False,,,,9.089629469312351,0.3200933309312971,{},{}
"[1, 1, 1, 0, 0, 0, 0, 0, 0, 0, 0, 0, 0, 1, 0, 0, 0, 1]",111000000000010001,"[""100010000000000111""]",1,0.000244140625,False,False,,,,7.096031875546503,0.24820270782875148,{},{}
"[1, 1, 1, 0, 0, 0, 0, 0, 0, 0, 0, 0, 1, 0, 1, 0, 1, 0]",111000000000101010,"[""10101000000000111""]",1,0.000244140625,False,False,,,,8.312655650832909,0.29207507282368234,{},{}
"[1, 1, 1, 0, 0, 0, 0, 0, 0, 0, 1, 1, 0, 1, 1, 0, 1, 1]",111000000011011011,"[""110110110000000111""]",1,0.000244140625,False,False,,,,10.082401743621073,0.35589344306133214,{},{}
"[1, 1, 1, 0, 0, 0, 0, 0, 0, 1, 0, 0, 1, 0, 0, 1, 0, 0]",111000000100100100,"[""1001001000000111""]",1,0.000244140625,False,False,,,,6.313293001003647,0.2199765574795349,{},{}
"[1, 1, 1, 0, 0, 0, 0, 0, 1, 0, 1, 0, 1, 1, 0, 1, 0, 1]",111000001010110101,"[""101011010100000111""]",1,0.000244140625,False,False,,,,8.005946480176405,0.2810149103020622,{},{}
"[1, 1, 1, 0, 0, 0, 0, 0, 1, 0, 1, 1, 1, 0, 0, 0, 1, 1]",111000001011100011,"[""110001110100000111""]",1,0.000244140625,False,False,,,,8.005892553122923,0.28101296565210426,{},{}
"[1, 1, 1, 0, 0, 0, 0, 0, 1, 1, 0, 0, 0, 0, 0, 1, 1, 0]",111000001100000110,"[""11000001100000111""]",1,0.000244140625,False,False,,,,7.49109634769128,0.26244902872970965,{},{}
"[1, 1, 1, 0, 0, 0, 0, 0, 1, 1, 0, 1, 1, 0, 1, 1, 0, 1]",111000001101101101,"[""101101101100000111""]",1,0.000244140625,False,False,,,,9.35404288766958,0.3296282769313412,{},{}
"[1, 1, 1, 0, 0, 0, 0, 0, 1, 1, 1, 0, 1, 1, 1, 0, 1, 0]",111000001110111010,"[""10111011100000111""]",1,0.000244140625,False,False,,,,11.215374583977264,0.3967492926601524,{},{}
"[1, 1, 1, 0, 0, 0, 0, 0, 1, 1, 1, 1, 1, 0, 1, 0, 0, 0]",111000001111101000,"[""101111100000111""]",1,0.000244140625,False,False,,,,11.98408793529763,0.4244696721321583,{},{}
"[1, 1, 1, 0, 0, 0, 0, 0, 1, 1, 1, 1, 1, 0, 1, 1, 0, 0]",111000001111101100,"[""1101111100000111""]",1,0.000244140625,False,False,,,,11.265658920377307,0.3985625835105233,{},{}
"[1, 1, 1, 0, 0, 0, 0, 1, 0, 0, 0, 0, 1, 0, 1, 1, 0, 0]",111000010000101100,"[""1101000010000111""]",1,0.000244140625,False,False,,,,7.587880803561383,0.26593914873231217,{},{}
"[1, 1, 1, 0, 0, 0, 0, 1, 0, 0, 0, 1, 1, 0, 1, 1, 0, 0]",111000010001101100,"[""1101100010000111""]",1,0.000244140625,False,False,,,,6.833829814823918,0.23874750504205908,{},{}
"[1, 1, 1, 0, 0, 0, 0, 1, 0, 0, 1, 0, 1, 1, 0, 1, 0, 1]",111000010010110101,"[""101011010010000111""]",1,0.000244140625,False,False,,,,8.015880776902208,0.2813731484861054,{},{}
"[1, 1, 1, 0, 0, 0, 0, 1, 0, 1, 0, 0, 1, 1, 0, 0, 0, 1]",111000010100110001,"[""100011001010000111""]",1,0.000244140625,False,False,,,,6.743046937175097,0.23547380644730523,{},{}
"[1, 1, 1, 0, 0, 0, 0, 1, 0, 1, 0, 1, 0, 1, 0, 1, 0, 0]",111000010101010100,"[""1010101010000111""]",1,0.000244140625,False,False,,,,6.740592503039595,0.23538529771318698,{},{}
"[1, 1, 1, 0, 0, 0, 0, 1, 0, 1, 1, 0, 1, 0, 0, 0, 1, 1]",111000010110100011,"[""110001011010000111""]",1,0.000244140625,False,False,,,,7.974293093772303,0.27987346546935754,{},{}
"[1, 1, 1, 0, 0, 0, 0, 1, 0, 1, 1, 1, 1, 0, 1, 0, 1, 0]",111000010111101010,"[""10101111010000111""]",1,0.000244140625,False,False,,,,11.27259584185911,0.39881273409723134,{},{}
"[1, 1, 1, 0, 0, 0, 0, 1, 1, 0, 0, 0, 1, 0, 1, 1, 0, 1]",111000011000101101,"[""101101000110000111""]",1,0.000244140625,False,False,,,,10.110878389291248,0.3569203322427301,{},{}
"[1, 1, 1, 0, 0, 0, 0, 1, 1, 0, 1, 0, 0, 0, 0, 0, 1, 1]",111000011010000011,"[""110000010110000111""]",1,0.000244140625,False,False,,,,8.880984144883143,0.3125694241872512,{},{}
"[1, 1, 1, 0, 0, 0, 0, 1, 1, 0, 1, 0, 0, 0, 1, 0, 1, 0]",111000011010001010,"[""10100010110000111""]",1,0.000244140625,False,False,,,,6.872290655620581,0.2401344317812196,{},{}
"[1, 1, 1, 0, 0, 0, 0, 1, 1, 1, 0, 0, 1, 1, 0, 1, 1, 0]",111000011100110110,"[""11011001110000111""]",1,0.000244140625,False,False,,,,9.288945753792131,0.3272808255041956,{},{}
"[1, 1, 1, 0, 0, 0, 0, 1, 1, 1, 0, 1, 0, 0, 1, 0, 1, 1]",111000011101001011,"[""110100101110000111""]",1,0.000244140625,False,False,,,,9.323142234880473,0.3285139762368425,{},{}
"[1, 1, 1, 0, 0, 0, 0, 1, 1, 1, 1, 0, 0, 0, 1, 0, 0, 0]",111000011110001000,"[""100011110000111""]",1,0.000244140625,False,False,,,,8.770969021867497,0.3086021964131857,{},{}
"[1, 1, 1, 0, 0, 0, 0, 1, 1, 1, 1, 1, 0, 1, 0, 1, 1, 0]",111000011111010110,"[""11010111110000111""]",1,0.000244140625,False,False,,,,12.527976673645918,0.4440827075915642,{},{}
"[1, 1, 1, 0, 0, 0, 1, 0, 0, 0, 1, 0, 1, 0, 1, 1, 1, 0]",111000100010101110,"[""11101010001000111""]",1,0.000244140625,False,False,,,,8.035694004532381,0.2820876283211834,{},{}
"[1, 1, 1, 0, 0, 0, 1, 0, 0, 1, 0, 0, 1, 1, 1, 1, 0, 1]",111000100100111101,"[""101111001001000111""]",1,0.000244140625,False,False,,,,11.362014702502979,0.4020372452166817,{},{}
"[1, 1, 1, 0, 0, 0, 1, 0, 0, 1, 0, 1, 0, 0, 1, 0, 0, 0]",111000100101001000,"[""100101001000111""]",1,0.000244140625,False,False,,,,7.579944444610006,0.2656529576815384,{},{}
"[1, 1, 1, 0, 0, 0, 1, 0, 0, 1, 0, 1, 1, 1, 0, 1, 1, 0]",111000100101110110,"[""11011101001000111""]",1,0.000244140625,False,False,,,,9.311236457694875,0.32808464499012086,{},{}
"[1, 1, 1, 0, 0, 0, 1, 0, 0, 1, 1, 1, 0, 0, 0, 0, 1, 1]",111000100111000011,"[""110000111001000111""]",1,0.000244140625,False,False,,,,11.958068971091576,0.42353140878598183,{},{}
"[1, 1, 1, 0, 0, 0, 1, 0, 1, 0, 0, 1, 1, 1, 0, 1, 0, 0]",111000101001110100,"[""1011100101000111""]",1,0.000244140625,False,False,,,,8.039829359664136,0.28223675232599854,{},{}
"[1, 1, 1, 0, 0, 0, 1, 0, 1, 0, 1, 1, 0, 0, 1, 1, 1, 1]",111000101011001111,"[""111100110101000111""]",1,0.000244140625,False,False,,,,12.558336687302445,0.4451775124338226,{},{}
"[1, 1, 1, 0, 0, 0, 1, 0, 1, 0, 1, 1, 0, 1, 0, 1, 0, 1]",111000101011010101,"[""101010110101000111""]",1,0.000244140625,False,False,,,,9.247893247974243,0.32580044138234593,{},{}
"[1, 1, 1, 0, 0, 0, 1, 0, 1, 1, 0, 0, 0, 1, 1, 1, 1, 0]",111000101100011110,"[""11110001101000111""]",1,0.000244140625,False,False,,,,9.27960713951813,0.32694406807572984,{},{}
"[1, 1, 1, 0, 0, 0, 1, 0, 1, 1, 0, 0, 1, 1, 1, 1, 0, 1]",111000101100111101,"[""101111001101000111""]",1,0.000244140625,False,False,,,,12.652621183812904,0.4485774820286107,{},{}
"[1, 1, 1, 0, 0, 0, 1, 0, 1, 1, 1, 0, 0, 1, 0, 0, 0, 0]",111000101110010000,"[""10011101000111""]",1,0.000244140625,False,False,,,,8.712297272073517,0.30648644915085166,{},{}
"[1, 1, 1, 0, 0, 0, 1, 1, 0, 0, 0, 1, 1, 1, 0, 0, 0, 1]",111000110001110001,"[""100011100011000111""]",1,0.000244140625,False,False,,,,8.012289136306274,0.281243631234876,{},{}
"[1, 1, 1, 0, 0, 0, 1, 1, 0, 1, 0, 1, 0, 1, 1, 1, 1, 0]",111000110101011110,"[""11110101011000111""]",1,0.000244140625,False,False,,,,10.605155766396969,0.3747443448402272,{},{}
"[1, 1, 1, 0, 0, 0, 1, 1, 0, 1, 1, 0, 1, 0, 0, 0, 0, 0]",111000110110100000,"[""1011011000111""]",1,0.000244140625,False,False,,,,8.763708500969614,0.3083403765890496,{},{}
"[1, 1, 1, 0, 0, 0, 1, 1, 0, 1, 1, 0, 1, 0, 0, 1, 0, 1]",111000110110100101,"[""101001011011000111""]",1,0.000244140625,False,False,,,,9.313794637816109,0.32817689488222507,{},{}
"[1, 1, 1, 0, 0, 0, 1, 1, 0, 1, 1, 1, 1, 0, 0, 0, 0, 1]",111000110111100001,"[""100001111011000111""]",1,0.000244140625,False,False,,,,11.23559225323193,0.39747835696327166,{},{}
"[1, 1, 1, 0, 0, 0, 1, 1, 1, 0, 0, 1, 0, 1, 0, 0, 1, 0]",111000111001010010,"[""10010100111000111""]",1,0.000244140625,False,False,,,,10.071051991209785,0.35548416248462067,{},{}
"[1, 1, 1, 0, 0, 0, 1, 1, 1, 0, 0, 1, 0, 1, 1, 0, 0, 0]",111000111001011000,"[""110100111000111""]",1,0.000244140625,False,False,,,,12.104432184404786,0.4288093759330536,{},{}
"[1, 1, 1, 0, 0, 0, 1, 1, 1, 1, 0, 0, 1, 0, 1, 1, 1, 0]",111000111100101110,"[""11101001111000111""]",1,0.000244140625,False,False,,,,12.637230085362813,0.4480224674854202,{},{}
"[1, 1, 1, 0, 0, 1, 0, 0, 0, 0, 1, 0, 0, 0, 1, 0, 1, 1]",111001000010001011,"[""110100010000100111""]",1,0.000244140625,False,False,,,,6.850834328328971,0.239360700541119,{},{}
"[1, 1, 1, 0, 0, 1, 0, 0, 0, 0, 1, 0, 0, 1, 0, 0, 1, 0]",111001000010010010,"[""10010010000100111""]",1,0.000244140625,False,False,,,,5.5718480144837965,0.19323949567536064,{},{}
"[1, 1, 1, 0, 0, 1, 0, 0, 0, 0, 1, 1, 1, 0, 0, 0, 1, 1]",111001000011100011,"[""110001110000100111""]",1,0.000244140625,False,False,,,,8.015231222387758,0.28134972506358075,{},{}
"[1, 1, 1, 0, 0, 1, 0, 0, 0, 1, 1, 0, 0, 0, 1, 1, 0, 1]",111001000110001101,"[""101100011000100111""]",1,0.000244140625,False,False,,,,8.034242252093446,0.2820352770403873,{},{}
"[1, 1, 1, 0, 0, 1, 0, 0, 0, 1, 1, 0, 1, 1, 0, 0, 1, 0]",111001000110110010,"[""10011011000100111""]",1,0.000244140625,False,False,,,,7.957204597605218,0.2792572414925736,{},{}
"[1, 1, 1, 0, 0, 1, 0, 0, 1, 0, 0, 0, 0, 0, 1, 1, 0, 0]",111001001000001100,"[""1100000100100111""]",1,0.000244140625,False,False,,,,5.6370152407198075,0.1955894746854786,{},{}
"[1, 1, 1, 0, 0, 1, 0, 0, 1, 0, 0, 0, 1, 1, 0, 0, 1, 1]",111001001000110011,"[""110011000100100111""]",1,0.000244140625,False,False,,,,8.155437114467006,0.28640565459306294,{},{}
"[1, 1, 1, 0, 0, 1, 0, 0, 1, 0, 0, 1, 1, 1, 0, 0, 0, 1]",111001001001110001,"[""100011100100100111""]",1,0.000244140625,False,False,,,,6.119238458318382,0.21297880525855095,{},{}
"[1, 1, 1, 0, 0, 1, 0, 0, 1, 1, 0, 1, 1, 0, 0, 1, 1, 0]",111001001101100110,"[""11001101100100111""]",1,0.000244140625,False,False,,,,7.295115078604219,0.2553817973109144,{},{}
"[1, 1, 1, 0, 0, 1, 0, 0, 1, 1, 0, 1, 1, 1, 0, 1, 1, 1]",111001001101110111,"[""111011101100100111""]",1,0.000244140625,False,False,,,,11.883798308419845,0.42085315303647336,{},{}
"[1, 1, 1, 0, 0, 1, 0, 0, 1, 1, 1, 0, 0, 1, 0, 1, 1, 0]",111001001110010110,"[""11010011100100111""]",1,0.000244140625,False,False,,,,7.2698739914575565,0.25447158479438975,{},{}
"[1, 1, 1, 0, 0, 1, 0, 0, 1, 1, 1, 0, 0, 1, 1, 0, 0, 1]",111001001110011001,"[""100110011100100111""]",1,0.000244140625,False,False,,,,7.347671519851048,0.2572770219646269,{},{}
"[1, 1, 1, 0, 0, 1, 0, 0, 1, 1, 1, 1, 0, 1, 0, 0, 0, 0]",111001001111010000,"[""10111100100111""]",1,0.000244140625,False,False,,,,9.984539045723412,0.3523644408432519,{},{}
"[1, 1, 1, 0, 0, 1, 0, 0, 1, 1, 1, 1, 1, 1, 0, 0, 1, 0]",111001001111110010,"[""10011111100100111""]",1,0.000244140625,False,False,,,,10.4923477619857,0.37067640367023325,{},{}
"[1, 1, 1, 0, 0, 1, 0, 1, 0, 0, 0, 0, 1, 1, 1, 0, 1, 0]",111001010000111010,"[""10111000010100111""]",1,0.000244140625,False,False,,,,10.099896505149708,0.35652431727148215,{},{}
"[1, 1, 1, 0, 0, 1, 0, 1, 0, 0, 0, 1, 0, 1, 0, 1, 1, 1]",111001010001010111,"[""111010100010100111""]",1,0.000244140625,False,False,,,,9.366542672491214,0.33007902853852866,{},{}
"[1, 1, 1, 0, 0, 1, 0, 1, 0, 0, 0, 1, 1, 0, 0, 1, 1, 1]",111001010001100111,"[""111001100010100111""]",1,0.000244140625,False,False,,,,9.310127754766626,0.3280446643317389,{},{}
"[1, 1, 1, 0, 0, 1, 0, 1, 0, 1, 1, 1, 0, 0, 0, 0, 1, 0]",111001010111000010,"[""10000111010100111""]",1,0.000244140625,False,False,,,,10.005068659579017,0.35310475410243186,{},{}
"[1, 1, 1, 0, 0, 1, 0, 1, 1, 0, 0, 0, 1, 0, 0, 1, 1, 0]",111001011000100110,"[""11001000110100111""]",1,0.000244140625,False,False,,,,8.090804055024083,0.28407493803777334,{},{}
"[1, 1, 1, 0, 0, 1, 0, 1, 1, 0, 1, 0, 0, 0, 0, 0, 0, 0]",111001011010000000,"[""10110100111""]",1,0.000244140625,False,False,,,,7.630390529942923,0.2674720813196328,{},{}
"[1, 1, 1, 0, 0, 1, 0, 1, 1, 0, 1, 0, 1, 0, 0, 0, 0, 1]",111001011010100001,"[""100001010110100111""]",1,0.000244140625,False,False,,,,6.143566018366687,0.21385607530337156,{},{}
"[1, 1, 1, 0, 0, 1, 0, 1, 1, 0, 1, 1, 0, 1, 1, 0, 0, 1]",111001011011011001,"[""100110110110100111""]",1,0.000244140625,False,False,,,,8.745559447775518,0.3076859081311598,{},{}
"[1, 1, 1, 0, 0, 1, 0, 1, 1, 1, 0, 0, 1, 0, 1, 0, 0, 1]",111001011100101001,"[""100101001110100111""]",1,0.000244140625,False,False,,,,7.403172156546971,0.25927841651242073,{},{}
"[1, 1, 1, 0, 0, 1, 0, 1, 1, 1, 0, 1, 0, 0, 0, 1, 1, 0]",111001011101000110,"[""11000101110100111""]",1,0.000244140625,False,False,,,,9.292942025807118,0.32742493406760037,{},{}
"[1, 1, 1, 0, 0, 1, 0, 1, 1, 1, 1, 0, 0, 0, 0, 0, 1, 1]",111001011110000011,"[""110000011110100111""]",1,0.000244140625,False,False,,,,9.399945876913723,0.33128357312017603,{},{}
"[1, 1, 1, 0, 0, 1, 0, 1, 1, 1, 1, 0, 1, 0, 0, 1, 1, 0]",111001011110100110,"[""11001011110100111""]",1,0.000244140625,False,False,,,,8.576698753987742,0.3015966649800381,{},{}
"[1, 1, 1, 0, 0, 1, 0, 1, 1, 1, 1, 1, 0, 0, 0, 1, 0, 1]",111001011111000101,"[""101000111110100111""]",1,0.000244140625,False,False,,,,12.604492798709405,0.44684193639752173,{},{}
"[1, 1, 1, 0, 0, 1, 1, 0, 0, 0, 0, 0, 0, 1, 1, 0, 0, 0]",111001100000011000,"[""110000001100111""]",1,0.000244140625,False,False,,,,7.563044075151218,0.26504351769482554,{},{}
"[1, 1, 1, 0, 0, 1, 1, 0, 0, 0, 0, 1, 0, 0, 1, 0, 1, 1]",111001100001001011,"[""110100100001100111""]",1,0.000244140625,False,False,,,,6.110202077666374,0.21265294660096826,{},{}
"[1, 1, 1, 0, 0, 1, 1, 0, 0, 0, 1, 0, 1, 0, 1, 0, 0, 0]",111001100010101000,"[""101010001100111""]",1,0.000244140625,False,False,,,,6.757108653136723,0.2359808824618096,{},{}
"[1, 1, 1, 0, 0, 1, 1, 0, 0, 0, 1, 0, 1, 1, 1, 0, 1, 1]",111001100010111011,"[""110111010001100111""]",1,0.000244140625,False,False,,,,10.565137320645006,0.37330124969921147,{},{}
"[1, 1, 1, 0, 0, 1, 1, 0, 0, 1, 0, 0, 0, 1, 0, 0, 1, 0]",111001100100010010,"[""10010001001100111""]",1,0.000244140625,False,False,,,,4.758834938070682,0.16392163492120027,{},{}
"[1, 1, 1, 0, 0, 1, 1, 0, 0, 1, 0, 1, 0, 0, 0, 1, 1, 0]",111001100101000110,"[""11000101001100111""]",1,0.000244140625,False,False,,,,8.038232526414784,0.28217916932246473,{},{}
"[1, 1, 1, 0, 0, 1, 1, 0, 1, 0, 0, 1, 1, 1, 0, 0, 1, 0]",111001101001110010,"[""10011100101100111""]",1,0.000244140625,False,False,,,,7.3083608069441794,0.25585944820033396,{},{}
"[1, 1, 1, 0, 0, 1, 1, 0, 1, 0, 0, 1, 1, 1, 0, 0, 1, 1]",111001101001110011,"[""110011100101100111""]",1,0.000244140625,False,False,,,,8.642036120354971,0.3039527793707797,{},{}
"[1, 1, 1, 0, 0, 1, 1, 0, 1, 0, 1, 0, 1, 0, 0, 0, 1, 0]",111001101010100010,"[""10001010101100111""]",1,0.000244140625,False,False,,,,6.048749667649797,0.21043692664736285,{},{}
"[1, 1, 1, 0, 0, 1, 1, 0, 1, 1, 0, 1, 0, 0, 0, 0, 1, 0]",111001101101000010,"[""10000101101100111""]",1,0.000244140625,False,False,,,,8.049029431772333,0.282568513820151,{},{}
"[1, 1, 1, 0, 0, 1, 1, 0, 1, 1, 0, 1, 0, 0, 0, 1, 1, 1]",111001101101000111,"[""111000101101100111""]",1,0.000244140625,False,False,,,,12.669720085747189,0.44919408124515725,{},{}
"[1, 1, 1, 0, 0, 1, 1, 1, 0, 0, 0, 1, 0, 1, 0, 1, 1, 1]",111001110001010111,"[""111010100011100111""]",1,0.000244140625,False,False,,,,10.61004614823096,0.37492069567369246,{},{}
"[1, 1, 1, 0, 0, 1, 1, 1, 0, 1, 0, 0, 0, 1, 1, 1, 1, 0]",111001110100011110,"[""11110001011100111""]",1,0.000244140625,False,False,,,,8.603840466581351,0.3025754154743839,{},{}
"[1, 1, 1, 0, 0, 1, 1, 1, 0, 1, 0, 0, 1, 0, 1, 0, 0, 1]",111001110100101001,"[""100101001011100111""]",1,0.000244140625,False,False,,,,7.355530272995139,0.25756041449183725,{},{}
"[1, 1, 1, 0, 0, 1, 1, 1, 0, 1, 0, 1, 0, 0, 0, 0, 0, 0]",111001110101000000,"[""101011100111""]",1,0.000244140625,False,False,,,,8.766212376097172,0.3084306682023893,{},{}
"[1, 1, 1, 0, 0, 1, 1, 1, 0, 1, 0, 1, 0, 0, 0, 0, 1, 1]",111001110101000011,"[""110000101011100111""]",1,0.000244140625,False,False,,,,9.309196300709344,0.3280110754004627,{},{}
"[1, 1, 1, 0, 0, 1, 1, 1, 0, 1, 0, 1, 0, 0, 0, 1, 1, 1]",111001110101000111,"[""111000101011100111""]",1,0.000244140625,False,False,,,,12.596211641273406,0.4465433116550231,{},{}
"[1, 1, 1, 0, 0, 1, 1, 1, 0, 1, 1, 0, 0, 0, 1, 1, 0, 1]",111001110110001101,"[""101100011011100111""]",1,0.000244140625,False,False,,,,8.586308075874417,0.30194318432786754,{},{}
"[1, 1, 1, 0, 0, 1, 1, 1, 1, 0, 1, 1, 0, 1, 1, 1, 0, 0]",111001111011011100,"[""1110110111100111""]",1,0.000244140625,False,False,,,,11.885658457185176,0.4209202313948247,{},{}
"[1, 1, 1, 0, 0, 1, 1, 1, 1, 1, 0, 1, 0, 0, 0, 1, 1, 0]",111001111101000110,"[""11000101111100111""]",1,0.000244140625,False,False,,,,12.593408616806917,0.4464422324923587,{},{}
"[1, 1, 1, 0, 1, 0, 0, 0, 0, 0, 0, 0, 0, 0, 0, 1, 0, 0]",111010000000000100,"[""1000000000010111""]",1,0.000244140625,False,False,,,,7.073558180450869,0.24739228954328904,{},{}
"[1, 1, 1, 0, 1, 0, 0, 0, 0, 0, 0, 0, 1, 1, 0, 1, 0, 1]",111010000000110101,"[""101011000000010111""]",1,0.000244140625,False,False,,,,8.78447893997799,0.30908937418369714,{},{}
"[1, 1, 1, 0, 1, 0, 0, 0, 0, 0, 0, 1, 1, 0, 1, 1, 0, 1]",111010000001101101,"[""101101100000010111""]",1,0.000244140625,False,False,,,,8.064059189860352,0.2831104981591205,{},{}
"[1, 1, 1, 0, 1, 0, 0, 0, 0, 0, 1, 1, 0, 0, 0, 1, 0, 0]",111010000011000100,"[""1000110000010111""]",1,0.000244140625,False,False,,,,7.512455874095632,0.26321926925727945,{},{}
"[1, 1, 1, 0, 1, 0, 0, 0, 0, 1, 0, 0, 0, 1, 0, 1, 1, 0]",111010000100010110,"[""11010001000010111""]",1,0.000244140625,False,False,,,,6.784775145077593,0.2369785568926528,{},{}
"[1, 1, 1, 0, 1, 0, 0, 0, 0, 1, 0, 1, 0, 1, 1, 1, 1, 1]",111010000101011111,"[""111110101000010111""]",1,0.000244140625,False,False,,,,12.588788836639107,0.4462756397577471,{},{}
"[1, 1, 1, 0, 1, 0, 0, 0, 0, 1, 0, 1, 1, 0, 1, 1, 1, 1]",111010000101101111,"[""111101101000010111""]",1,0.000244140625,False,False,,,,12.573833432964179,0.44573633669463003,{},{}
"[1, 1, 1, 0, 1, 0, 0, 0, 0, 1, 1, 0, 0, 1, 0, 0, 0, 1]",111010000110010001,"[""100010011000010111""]",1,0.000244140625,False,False,,,,6.752047932114342,0.23579838906956996,{},{}
"[1, 1, 1, 0, 1, 0, 0, 0, 0, 1, 1, 0, 1, 1, 1, 1, 1, 0]",111010000110111110,"[""11111011000010111""]",1,0.000244140625,False,False,,,,12.57735223068129,0.4458632271770654,{},{}
"[1, 1, 1, 0, 1, 0, 0, 0, 0, 1, 1, 1, 0, 1, 1, 1, 1, 0]",111010000111011110,"[""11110111000010111""]",1,0.000244140625,False,False,,,,12.590339199548369,0.44633154700599537,{},{}
"[1, 1, 1, 0, 1, 0, 0, 0, 1, 0, 0, 1, 1, 0, 0, 0, 1, 0]",111010001001100010,"[""10001100100010111""]",1,0.000244140625,False,False,,,,4.787328950686648,0.16494915036767718,{},{}
"[1, 1, 1, 0, 1, 0, 0, 0, 1, 0, 0, 1, 1, 0, 1, 0, 1, 1]",111010001001101011,"[""110101100100010111""]",1,0.000244140625,False,False,,,,7.357614606095138,0.25763557710528584,{},{}
"[1, 1, 1, 0, 1, 0, 0, 0, 1, 0, 1, 0, 1, 0, 1, 0, 1, 1]",111010001010101011,"[""110101010100010111""]",1,0.000244140625,False,False,,,,7.340905702373314,0.25703304151651973,{},{}
"[1, 1, 1, 0, 1, 0, 0, 0, 1, 0, 1, 1, 1, 0, 1, 1, 1, 1]",111010001011101111,"[""111101110100010111""]",1,0.000244140625,False,False,,,,11.861438555880527,0.42004684360497274,{},{}
"[1, 1, 1, 0, 1, 0, 0, 0, 1, 1, 0, 0, 1, 0, 0, 0, 0, 0]",111010001100100000,"[""1001100010111""]",1,0.000244140625,False,False,,,,5.497690753427166,0.1905653292730684,{},{}
"[1, 1, 1, 0, 1, 0, 0, 0, 1, 1, 0, 0, 1, 0, 0, 1, 0, 0]",111010001100100100,"[""1001001100010111""]",1,0.000244140625,False,False,,,,4.771364222164346,0.16437345029424194,{},{}
"[1, 1, 1, 0, 1, 0, 0, 0, 1, 1, 0, 0, 1, 1, 0, 1, 1, 1]",111010001100110111,"[""111011001100010111""]",1,0.000244140625,False,False,,,,10.587399294796729,0.37410403316878665,{},{}
"[1, 1, 1, 0, 1, 0, 0, 0, 1, 1, 0, 0, 1, 1, 1, 1, 0, 1]",111010001100111101,"[""101111001100010111""]",1,0.000244140625,False,False,,,,10.576968447512227,0.37372788899951437,{},{}
"[1, 1, 1, 0, 1, 0, 0, 0, 1, 1, 0, 1, 0, 0, 0, 1, 1, 0]",111010001101000110,"[""11000101100010111""]",1,0.000244140625,False,False,,,,7.991526897579659,0.2804949293485336,{},{}
"[1, 1, 1, 0, 1, 0, 0, 0, 1, 1, 1, 1, 0, 1, 1, 0, 1, 1]",111010001111011011,"[""110110111100010111""]",1,0.000244140625,False,False,,,,11.885417464627372,0.42091154102260625,{},{}
"[1, 1, 1, 0, 1, 0, 0, 1, 0, 0, 0, 0, 1, 1, 1, 0, 0, 1]",111010010000111001,"[""100111000010010111""]",1,0.000244140625,False,False,,,,10.114818824157815,0.35706242727672216,{},{}
"[1, 1, 1, 0, 1, 0, 0, 1, 0, 0, 1, 1, 0, 1, 1, 0, 1, 1]",111010010011011011,"[""110110110010010111""]",1,0.000244140625,False,False,,,,8.79817983631805,0.3095834387722733,{},{}
"[1, 1, 1, 0, 1, 0, 0, 1, 0, 0, 1, 1, 1, 0, 0, 1, 1, 1]",111010010011100111,"[""111001110010010111""]",1,0.000244140625,False,False,,,,10.594881014135577,0.3743738295744556,{},{}
"[1, 1, 1, 0, 1, 0, 0, 1, 0, 1, 0, 0, 1, 1, 1, 0, 1, 1]",111010010100111011,"[""110111001010010111""]",1,0.000244140625,False,False,,,,10.624555483145521,0.3754439131630559,{},{}
"[1, 1, 1, 0, 1, 0, 0, 1, 0, 1, 0, 1, 1, 1, 1, 0, 1, 1]",111010010101111011,"[""110111101010010111""]",1,0.000244140625,False,False,,,,11.895638196357885,0.4212801082675549,{},{}
"[1, 1, 1, 0, 1, 0, 0, 1, 0, 1, 1, 0, 1, 0, 1, 0, 0, 1]",111010010110101001,"[""100101011010010111""]",1,0.000244140625,False,False,,,,7.268966675444267,0.25443886629906737,{},{}
"[1, 1, 1, 0, 1, 0, 0, 1, 0, 1, 1, 1, 0, 0, 1, 1, 1, 1]",111010010111001111,"[""111100111010010111""]",1,0.000244140625,False,False,,,,13.883199912955275,0.49295307311651526,{},{}
"[1, 1, 1, 0, 1, 0, 0, 1, 1, 0, 0, 1, 1, 1, 0, 1, 0, 1]",111010011001110101,"[""101011100110010111""]",1,0.000244140625,False,False,,,,8.593828219675757,0.3022143663484466,{},{}
"[1, 1, 1, 0, 1, 0, 0, 1, 1, 1, 0, 1, 0, 0, 0, 0, 1, 0]",111010011101000010,"[""10000101110010111""]",1,0.000244140625,False,False,,,,8.055078702583772,0.28278665505853856,{},{}
"[1, 1, 1, 0, 1, 0, 0, 1, 1, 1, 1, 0, 0, 0, 1, 1, 1, 0]",111010011110001110,"[""11100011110010111""]",1,0.000244140625,False,False,,,,8.599946681281224,0.3024350026587138,{},{}
"[1, 1, 1, 0, 1, 0, 0, 1, 1, 1, 1, 0, 1, 1, 0, 1, 0, 1]",111010011110110101,"[""101011011110010111""]",1,0.000244140625,False,False,,,,9.881966051439909,0.3486655818079109,{},{}
"[1, 1, 1, 0, 1, 0, 0, 1, 1, 1, 1, 1, 1, 0, 0, 0, 0, 0]",111010011111100000,"[""1111110010111""]",1,0.000244140625,False,False,,,,11.260370214558066,0.39837186881567205,{},{}
"[1, 1, 1, 0, 1, 0, 1, 0, 0, 0, 1, 0, 0, 0, 1, 0, 1, 0]",111010100010001010,"[""10100010001010111""]",1,0.000244140625,False,False,,,,4.814917881114526,0.16594402787224236,{},{}
"[1, 1, 1, 0, 1, 0, 1, 0, 0, 0, 1, 0, 0, 1, 0, 0, 1, 1]",111010100010010011,"[""110010010001010111""]",1,0.000244140625,False,False,,,,6.099922725263454,0.21228226545064613,{},{}
"[1, 1, 1, 0, 1, 0, 1, 0, 0, 0, 1, 0, 1, 0, 1, 1, 0, 1]",111010100010101101,"[""101101010001010111""]",1,0.000244140625,False,False,,,,7.295701594564493,0.25540294751593856,{},{}
"[1, 1, 1, 0, 1, 0, 1, 0, 0, 1, 0, 0, 1, 0, 0, 0, 0, 1]",111010100100100001,"[""100001001001010111""]",1,0.000244140625,False,False,,,,4.7866353138611615,0.16492413730398417,{},{}
"[1, 1, 1, 0, 1, 0, 1, 0, 0, 1, 0, 0, 1, 0, 0, 1, 1, 1]",111010100100100111,"[""111001001001010111""]",1,0.000244140625,False,False,,,,9.360332303813273,0.32985507799035896,{},{}
"[1, 1, 1, 0, 1, 0, 1, 0, 1, 0, 0, 0, 0, 1, 1, 1, 1, 1]",111010101000011111,"[""111110000101010111""]",1,0.000244140625,False,False,,,,12.627282333838295,0.4476637441112532,{},{}
"[1, 1, 1, 0, 1, 0, 1, 0, 1, 0, 0, 1, 0, 0, 0, 0, 0, 1]",111010101001000001,"[""100000100101010111""]",1,0.000244140625,False,False,,,,6.826098546905958,0.23846870972763207,{},{}
"[1, 1, 1, 0, 1, 0, 1, 0, 1, 0, 0, 1, 1, 0, 0, 0, 0, 1]",111010101001100001,"[""100001100101010111""]",1,0.000244140625,False,False,,,,6.066856471215638,0.21108987155199868,{},{}
"[1, 1, 1, 0, 1, 0, 1, 0, 1, 0, 1, 0, 0, 0, 0, 0, 0, 0]",111010101010000000,"[""10101010111""]",1,0.000244140625,False,False,,,,7.538516559491843,0.26415903710083605,{},{}
"[1, 1, 1, 0, 1, 0, 1, 0, 1, 0, 1, 0, 1, 0, 1, 0, 1, 0]",111010101010101010,"[""10101010101010111""]",1,0.000244140625,False,False,,,,7.316825126017285,0.256164677888716,{},{}
"[1, 1, 1, 0, 1, 0, 1, 0, 1, 0, 1, 1, 0, 0, 0, 0, 1, 0]",111010101011000010,"[""10000110101010111""]",1,0.000244140625,False,False,,,,8.065287379520433,0.2831547875985878,{},{}
"[1, 1, 1, 0, 1, 0, 1, 0, 1, 0, 1, 1, 1, 1, 0, 0, 0, 0]",111010101011110000,"[""11110101010111""]",1,0.000244140625,False,False,,,,9.27746439990145,0.3268667992795238,{},{}
"[1, 1, 1, 0, 1, 0, 1, 0, 1, 1, 0, 1, 0, 0, 1, 0, 1, 0]",111010101101001010,"[""10100101101010111""]",1,0.000244140625,False,False,,,,7.305518021944604,0.2557569352430525,{},{}
"[1, 1, 1, 0, 1, 0, 1, 0, 1, 1, 1, 1, 1, 0, 1, 0, 0, 1]",111010101111101001,"[""100101111101010111""]",1,0.000244140625,False,False,,,,11.833915548352389,0.4190543433295705,{},{}
"[1, 1, 1, 0, 1, 0, 1, 0, 1, 1, 1, 1, 1, 0, 1, 1, 0, 0]",111010101111101100,"[""1101111101010111""]",1,0.000244140625,False,False,,,,11.872526130034826,0.420446669837278,{},{}
"[1, 1, 1, 0, 1, 0, 1, 1, 0, 1, 0, 0, 0, 0, 1, 0, 0, 0]",111010110100001000,"[""100001011010111""]",1,0.000244140625,False,False,,,,6.802183498571184,0.2376063151643106,{},{}
"[1, 1, 1, 0, 1, 0, 1, 1, 0, 1, 1, 0, 0, 0, 0, 0, 0, 0]",111010110110000000,"[""11011010111""]",1,0.000244140625,False,False,,,,8.783713185722059,0.3090617605114222,{},{}
"[1, 1, 1, 0, 1, 0, 1, 1, 1, 0, 1, 1, 0, 1, 1, 0, 1, 1]",111010111011011011,"[""110110110111010111""]",1,0.000244140625,False,False,,,,13.307666144669186,0.4721988941648413,{},{}
"[1, 1, 1, 0, 1, 0, 1, 1, 1, 1, 0, 0, 0, 0, 0, 0, 1, 0]",111010111100000010,"[""10000001111010111""]",1,0.000244140625,False,False,,,,10.070589929129486,0.355467500179766,{},{}
"[1, 1, 1, 0, 1, 0, 1, 1, 1, 1, 0, 0, 1, 0, 0, 1, 1, 1]",111010111100100111,"[""111001001111010111""]",1,0.000244140625,False,False,,,,13.948145697737164,0.49529506678186386,{},{}
"[1, 1, 1, 0, 1, 1, 0, 0, 0, 0, 0, 0, 1, 1, 1, 1, 0, 0]",111011000000111100,"[""1111000000110111""]",1,0.000244140625,False,False,,,,12.072848295445514,0.4276704372302863,{},{}
"[1, 1, 1, 0, 1, 1, 0, 0, 0, 0, 1, 0, 1, 0, 1, 1, 0, 1]",111011000010101101,"[""101101010000110111""]",1,0.000244140625,False,False,,,,9.325357891317463,0.328593874468228,{},{}
"[1, 1, 1, 0, 1, 1, 0, 0, 0, 0, 1, 1, 0, 0, 0, 0, 1, 0]",111011000011000010,"[""10000110000110111""]",1,0.000244140625,False,False,,,,8.857907951127563,0.31173727934863815,{},{}
"[1, 1, 1, 0, 1, 1, 0, 0, 0, 1, 0, 0, 0, 1, 1, 0, 0, 0]",111011000100011000,"[""110001000110111""]",1,0.000244140625,False,False,,,,8.795382147356158,0.30948255201190267,{},{}
"[1, 1, 1, 0, 1, 1, 0, 0, 0, 1, 0, 1, 1, 0, 0, 1, 1, 0]",111011000101100110,"[""11001101000110111""]",1,0.000244140625,False,False,,,,9.289139048367792,0.32728779585143625,{},{}
"[1, 1, 1, 0, 1, 1, 0, 0, 0, 1, 1, 0, 0, 1, 1, 1, 0, 1]",111011000110011101,"[""101110011000110111""]",1,0.000244140625,False,False,,,,10.58907037007284,0.3741642933954375,{},{}
"[1, 1, 1, 0, 1, 1, 0, 0, 1, 1, 0, 0, 0, 1, 0, 1, 0, 1]",111011001100010101,"[""101010001100110111""]",1,0.000244140625,False,False,,,,7.408090614885362,0.25945577980567336,{},{}
"[1, 1, 1, 0, 1, 1, 0, 0, 1, 1, 0, 1, 1, 0, 1, 1, 1, 0]",111011001101101110,"[""11101101100110111""]",1,0.000244140625,False,False,,,,9.87599076957027,0.34845010866620724,{},{}
"[1, 1, 1, 0, 1, 1, 0, 0, 1, 1, 1, 0, 0, 0, 0, 1, 0, 0]",111011001110000100,"[""1000011100110111""]",1,0.000244140625,False,False,,,,8.029163108072733,0.28185211930102283,{},{}
"[1, 1, 1, 0, 1, 1, 0, 0, 1, 1, 1, 0, 0, 1, 0, 0, 0, 1]",111011001110010001,"[""100010011100110111""]",1,0.000244140625,False,False,,,,7.39577809847372,0.25901178123767693,{},{}
"[1, 1, 1, 0, 1, 1, 0, 1, 0, 0, 0, 0, 0, 0, 0, 0, 1, 0]",111011010000000010,"[""10000000010110111""]",1,0.000244140625,False,False,,,,7.666984193367606,0.2687916762436194,{},{}
"[1, 1, 1, 0, 1, 1, 0, 1, 0, 0, 0, 1, 0, 1, 0, 0, 0, 1]",111011010001010001,"[""100010100010110111""]",1,0.000244140625,False,False,,,,6.184996395819942,0.2153500857595449,{},{}
"[1, 1, 1, 0, 1, 1, 0, 1, 0, 0, 0, 1, 1, 0, 0, 1, 0, 0]",111011010001100100,"[""1001100010110111""]",1,0.000244140625,False,False,,,,6.036248265427039,0.2099861167154789,{},{}
"[1, 1, 1, 0, 1, 1, 0, 1, 0, 0, 1, 0, 1, 0, 0, 0, 1, 0]",111011010010100010,"[""10001010010110111""]",1,0.000244140625,False,False,,,,6.125357772906657,0.21319947232801736,{},{}
"[1, 1, 1, 0, 1, 1, 0, 1, 0, 0, 1, 0, 1, 1, 0, 1, 1, 0]",111011010010110110,"[""11011010010110111""]",1,0.000244140625,False,False,,,,8.700060813342434,0.3060451932798088,{},{}
"[1, 1, 1, 0, 1, 1, 0, 1, 0, 1, 0, 1, 0, 0, 1, 0, 0, 0]",111011010101001000,"[""100101010110111""]",1,0.000244140625,False,False,,,,8.075117023951886,0.28350925194247717,{},{}
"[1, 1, 1, 0, 1, 1, 0, 1, 0, 1, 1, 0, 1, 0, 0, 1, 1, 0]",111011010110100110,"[""11001011010110111""]",1,0.000244140625,False,False,,,,8.607769955596963,0.30271711579278826,{},{}
"[1, 1, 1, 0, 1, 1, 0, 1, 1, 0, 1, 1, 1, 0, 0, 1, 0, 1]",111011011011100101,"[""101001110110110111""]",1,0.000244140625,False,False,,,,9.930436295579048,0.35041345513199185,{},{}
"[1, 1, 1, 0, 1, 1, 0, 1, 1, 1, 0, 0, 0, 0, 0, 0, 0, 0]",111011011100000000,"[""1110110111""]",1,0.000244140625,False,False,,,,8.840794264444416,0.3111201469829689,{},{}
"[1, 1, 1, 0, 1, 1, 0, 1, 1, 1, 0, 0, 1, 0, 0, 1, 0, 1]",111011011100100101,"[""101001001110110111""]",1,0.000244140625,False,False,,,,8.694236437604852,0.3058351619263062,{},{}
"[1, 1, 1, 0, 1, 1, 0, 1, 1, 1, 0, 1, 1, 1, 0, 1, 0, 0]",111011011101110100,"[""1011101110110111""]",1,0.000244140625,False,False,,,,9.86275424285604,0.34797278959430666,{},{}
"[1, 1, 1, 0, 1, 1, 0, 1, 1, 1, 1, 1, 1, 1, 1, 1, 0, 0]",111011011111111100,"[""1111111110110111""]",1,0.000244140625,False,False,,,,16.460844859840996,0.5859048814193634,{},{}
"[1, 1, 1, 0, 1, 1, 1, 0, 0, 0, 0, 0, 0, 0, 0, 0, 1, 0]",111011100000000010,"[""10000000001110111""]",1,0.000244140625,False,False,,,,7.579318438530015,0.265630383433206,{},{}
"[1, 1, 1, 0, 1, 1, 1, 0, 0, 0, 0, 1, 1, 1, 0, 1, 0, 0]",111011100001110100,"[""1011100001110111""]",1,0.000244140625,False,False,,,,7.310105930974974,0.25592237868056594,{},{}
"[1, 1, 1, 0, 1, 1, 1, 0, 0, 0, 1, 1, 0, 0, 1, 0, 0, 1]",111011100011001001,"[""100100110001110111""]",1,0.000244140625,False,False,,,,7.343279652244885,0.25711864792777095,{},{}
"[1, 1, 1, 0, 1, 1, 1, 0, 0, 1, 0, 0, 1, 1, 0, 0, 1, 0]",111011100100110010,"[""10011001001110111""]",1,0.000244140625,False,False,,,,7.330092755817411,0.25664311856120053,{},{}
"[1, 1, 1, 0, 1, 1, 1, 0, 0, 1, 1, 0, 0, 0, 1, 1, 0, 1]",111011100110001101,"[""101100011001110111""]",1,0.000244140625,False,False,,,,8.586308075874417,0.30194318432786754,{},{}
"[1, 1, 1, 0, 1, 1, 1, 0, 0, 1, 1, 0, 0, 0, 1, 1, 1, 0]",111011100110001110,"[""11100011001110111""]",1,0.000244140625,False,False,,,,8.567926942444348,0.30128034688276284,{},{}
"[1, 1, 1, 0, 1, 1, 1, 0, 0, 1, 1, 0, 1, 0, 0, 0, 0, 1]",111011100110100001,"[""100001011001110111""]",1,0.000244140625,False,False,,,,7.303221695845641,0.25567412800320766,{},{}
"[1, 1, 1, 0, 1, 1, 1, 0, 0, 1, 1, 1, 1, 1, 0, 1, 0, 0]",111011100111110100,"[""1011111001110111""]",1,0.000244140625,False,False,,,,11.84002219362801,0.41927455353412907,{},{}
"[1, 1, 1, 0, 1, 1, 1, 0, 0, 1, 1, 1, 1, 1, 1, 1, 1, 1]",111011100111111111,"[""111111111001110111""]",1,0.000244140625,False,False,,,,19.793483519545696,0.7060823287492598,{},{}
"[1, 1, 1, 0, 1, 1, 1, 0, 1, 0, 0, 0, 1, 0, 0, 0, 1, 1]",111011101000100011,"[""110001000101110111""]",1,0.000244140625,False,False,,,,9.445107558751939,0.33291213720846596,{},{}
"[1, 1, 1, 0, 1, 1, 1, 0, 1, 0, 1, 0, 0, 0, 0, 0, 0, 1]",111011101010000001,"[""100000010101110111""]",1,0.000244140625,False,False,,,,8.155650239061588,0.28641334002564517,{},{}
"[1, 1, 1, 0, 1, 1, 1, 0, 1, 0, 1, 0, 1, 1, 0, 1, 1, 0]",111011101010110110,"[""11011010101110111""]",1,0.000244140625,False,False,,,,9.932015056126797,0.3504703864203633,{},{}
"[1, 1, 1, 0, 1, 1, 1, 0, 1, 1, 0, 0, 1, 0, 0, 0, 0, 1]",111011101100100001,"[""100001001101110111""]",1,0.000244140625,False,False,,,,7.432527209604048,0.2603369817224114,{},{}
"[1, 1, 1, 0, 1, 1, 1, 0, 1, 1, 0, 1, 0, 0, 1, 0, 0, 0]",111011101101001000,"[""100101101110111""]",1,0.000244140625,False,False,,,,9.348769463262999,0.32943811329568135,{},{}
"[1, 1, 1, 0, 1, 1, 1, 0, 1, 1, 0, 1, 1, 0, 1, 1, 0, 0]",111011101101101100,"[""1101101101110111""]",1,0.000244140625,False,False,,,,9.956579450391393,0.35135619688449143,{},{}
"[1, 1, 1, 0, 1, 1, 1, 0, 1, 1, 1, 0, 0, 1, 0, 0, 0, 0]",111011101110010000,"[""10011101110111""]",1,0.000244140625,False,False,,,,9.307767990186184,0.32795956945271526,{},{}
"[1, 1, 1, 0, 1, 1, 1, 1, 0, 0, 0, 1, 1, 0, 1, 1, 0, 0]",111011110001101100,"[""1101100011110111""]",1,0.000244140625,False,False,,,,8.633651848050205,0.30365043622884574,{},{}
"[1, 1, 1, 0, 1, 1, 1, 1, 0, 0, 1, 0, 0, 0, 1, 1, 0, 0]",111011110010001100,"[""1100010011110111""]",1,0.000244140625,False,False,,,,7.332272345110928,0.2567217161843661,{},{}
"[1, 1, 1, 0, 1, 1, 1, 1, 0, 1, 1, 0, 0, 0, 1, 1, 0, 1]",111011110110001101,"[""101100011011110111""]",1,0.000244140625,False,False,,,,9.890691928369714,0.34898024346859985,{},{}
"[1, 1, 1, 0, 1, 1, 1, 1, 0, 1, 1, 0, 1, 0, 0, 1, 0, 1]",111011110110100101,"[""101001011011110111""]",1,0.000244140625,False,False,,,,9.925300580767493,0.3502282574075191,{},{}
"[1, 1, 1, 0, 1, 1, 1, 1, 1, 0, 0, 0, 0, 0, 0, 0, 1, 0]",111011111000000010,"[""10000000111110111""]",1,0.000244140625,False,False,,,,12.166440080723099,0.4310454271389446,{},{}
"[1, 1, 1, 0, 1, 1, 1, 1, 1, 0, 1, 0, 1, 1, 1, 0, 0, 1]",111011111010111001,"[""100111010111110111""]",1,0.000244140625,False,False,,,,15.289572788317049,0.5436679328457007,{},{}
"[1, 1, 1, 0, 1, 1, 1, 1, 1, 1, 0, 0, 0, 0, 0, 0, 0, 0]",111011111100000000,"[""1111110111""]",1,0.000244140625,False,False,,,,12.095798138832503,0.42849802577992935,{},{}
"[1, 1, 1, 0, 1, 1, 1, 1, 1, 1, 0, 1, 0, 1, 1, 1, 1, 0]",111011111101011110,"[""11110101111110111""]",1,0.000244140625,False,False,,,,14.525340247004015,0.5161091347401845,{},{}
"[1, 1, 1, 1, 0, 0, 0, 0, 0, 0, 0, 0, 0, 1, 0, 0, 0, 1]",111100000000010001,"[""100010000000001111""]",1,0.000244140625,False,False,,,,6.314911702587715,0.22003492907160524,{},{}
"[1, 1, 1, 1, 0, 0, 0, 0, 0, 0, 1, 0, 0, 1, 1, 1, 0, 0]",111100000010011100,"[""1110010000001111""]",1,0.000244140625,False,False,,,,6.79242807648173,0.2372545273336911,{},{}
"[1, 1, 1, 1, 0, 0, 0, 0, 0, 1, 0, 0, 0, 1, 1, 0, 0, 0]",111100000100011000,"[""110001000001111""]",1,0.000244140625,False,False,,,,7.545534984712495,0.26441212677344056,{},{}
"[1, 1, 1, 1, 0, 0, 0, 0, 0, 1, 1, 0, 1, 0, 0, 0, 1, 1]",111100000110100011,"[""110001011000001111""]",1,0.000244140625,False,False,,,,7.995057974649553,0.28062226263363166,{},{}
"[1, 1, 1, 1, 0, 0, 0, 0, 0, 1, 1, 1, 0, 1, 1, 1, 1, 1]",111100000111011111,"[""111110111000001111""]",1,0.000244140625,False,False,,,,15.83407004603385,0.5633029119695196,{},{}
"[1, 1, 1, 1, 0, 0, 0, 0, 1, 0, 0, 1, 0, 1, 0, 0, 1, 0]",111100001001010010,"[""10010100100001111""]",1,0.000244140625,False,False,,,,4.761172543909221,0.16400593073938655,{},{}
"[1, 1, 1, 1, 0, 0, 0, 0, 1, 0, 1, 0, 0, 1, 0, 1, 0, 0]",111100001010010100,"[""1010010100001111""]",1,0.000244140625,False,False,,,,4.757332157182256,0.16386744351627816,{},{}
"[1, 1, 1, 1, 0, 0, 0, 0, 1, 0, 1, 0, 1, 1, 1, 1, 1, 0]",111100001010111110,"[""11111010100001111""]",1,0.000244140625,False,False,,,,10.586009762035632,0.37405392557619677,{},{}
"[1, 1, 1, 1, 0, 0, 0, 0, 1, 0, 1, 1, 0, 1, 1, 1, 0, 0]",111100001011011100,"[""1110110100001111""]",1,0.000244140625,False,False,,,,7.288026009689004,0.25512616017374823,{},{}
"[1, 1, 1, 1, 0, 0, 0, 0, 1, 0, 1, 1, 0, 1, 1, 1, 0, 1]",111100001011011101,"[""101110110100001111""]",1,0.000244140625,False,False,,,,8.575007976775618,0.3015356942868113,{},{}
"[1, 1, 1, 1, 0, 0, 0, 0, 1, 0, 1, 1, 1, 0, 1, 0, 0, 1]",111100001011101001,"[""100101110100001111""]",1,0.000244140625,False,False,,,,7.321658521586222,0.25633897375476167,{},{}
"[1, 1, 1, 1, 0, 0, 0, 0, 1, 1, 0, 1, 0, 0, 0, 0, 1, 0]",111100001101000010,"[""10000101100001111""]",1,0.000244140625,False,False,,,,6.742599093047055,0.23545765685246298,{},{}
"[1, 1, 1, 1, 0, 0, 0, 1, 0, 0, 0, 0, 0, 1, 1, 0, 0, 0]",111100010000011000,"[""110000010001111""]",1,0.000244140625,False,False,,,,7.614570038156501,0.26690158253097496,{},{}
"[1, 1, 1, 1, 0, 0, 0, 1, 0, 0, 0, 1, 1, 0, 0, 1, 0, 0]",111100010001100100,"[""1001100010001111""]",1,0.000244140625,False,False,,,,4.835197684816849,0.16667533279010363,{},{}
"[1, 1, 1, 1, 0, 0, 0, 1, 0, 0, 1, 0, 0, 1, 0, 1, 1, 0]",111100010010010110,"[""11010010010001111""]",1,0.000244140625,False,False,,,,6.10305702636227,0.2123952906969092,{},{}
"[1, 1, 1, 1, 0, 0, 0, 1, 0, 0, 1, 1, 0, 0, 0, 0, 0, 1]",111100010011000001,"[""100000110010001111""]",1,0.000244140625,False,False,,,,6.764354272115266,0.23624216491156774,{},{}
"[1, 1, 1, 1, 0, 0, 0, 1, 0, 1, 0, 0, 0, 0, 0, 0, 1, 1]",111100010100000011,"[""110000001010001111""]",1,0.000244140625,False,False,,,,6.783420630324058,0.23692971207565577,{},{}
"[1, 1, 1, 1, 0, 0, 0, 1, 0, 1, 1, 0, 0, 0, 0, 0, 0, 0]",111100010110000000,"[""11010001111""]",1,0.000244140625,False,False,,,,7.511668799788281,0.2631908867679745,{},{}
"[1, 1, 1, 1, 0, 0, 0, 1, 0, 1, 1, 1, 1, 0, 0, 1, 0, 1]",111100010111100101,"[""101001111010001111""]",1,0.000244140625,False,False,,,,10.583465022836497,0.37396216037381524,{},{}
"[1, 1, 1, 1, 0, 0, 0, 1, 1, 0, 0, 0, 1, 1, 1, 0, 1, 0]",111100011000111010,"[""10111000110001111""]",1,0.000244140625,False,False,,,,11.366400778186138,0.40219541039245404,{},{}
"[1, 1, 1, 1, 0, 0, 0, 1, 1, 0, 0, 1, 0, 1, 0, 0, 0, 0]",111100011001010000,"[""10100110001111""]",1,0.000244140625,False,False,,,,6.794553641210742,0.23733117679057814,{},{}
"[1, 1, 1, 1, 0, 0, 0, 1, 1, 0, 1, 0, 0, 0, 1, 0, 1, 0]",111100011010001010,"[""10100010110001111""]",1,0.000244140625,False,False,,,,6.091170482661793,0.21196665302407336,{},{}
"[1, 1, 1, 1, 0, 0, 0, 1, 1, 0, 1, 0, 0, 0, 1, 1, 0, 1]",111100011010001101,"[""101100010110001111""]",1,0.000244140625,False,False,,,,7.367328417715775,0.2579858644312197,{},{}
"[1, 1, 1, 1, 0, 0, 0, 1, 1, 0, 1, 0, 0, 1, 1, 1, 0, 0]",111100011010011100,"[""1110010110001111""]",1,0.000244140625,False,False,,,,7.353397598649371,0.2574835086568425,{},{}
"[1, 1, 1, 1, 0, 0, 0, 1, 1, 0, 1, 1, 0, 0, 0, 1, 0, 0]",111100011011000100,"[""1000110110001111""]",1,0.000244140625,False,False,,,,8.032211951382646,0.28196206287538156,{},{}
"[1, 1, 1, 1, 0, 0, 0, 1, 1, 1, 0, 1, 1, 1, 0, 0, 1, 1]",111100011101110011,"[""110011101110001111""]",1,0.000244140625,False,False,,,,9.840772338061406,0.3471801056356137,{},{}
"[1, 1, 1, 1, 0, 0, 0, 1, 1, 1, 1, 0, 0, 0, 0, 1, 1, 0]",111100011110000110,"[""11000011110001111""]",1,0.000244140625,False,False,,,,9.31263926191698,0.3281352311615395,{},{}
"[1, 1, 1, 1, 0, 0, 0, 1, 1, 1, 1, 0, 0, 1, 1, 0, 0, 1]",111100011110011001,"[""100110011110001111""]",1,0.000244140625,False,False,,,,8.58744716428475,0.30198426070950235,{},{}
"[1, 1, 1, 1, 0, 0, 0, 1, 1, 1, 1, 0, 1, 0, 0, 1, 1, 1]",111100011110100111,"[""111001011110001111""]",1,0.000244140625,False,False,,,,11.920415875567924,0.4221736099466375,{},{}
"[1, 1, 1, 1, 0, 0, 1, 0, 0, 0, 0, 0, 0, 1, 0, 0, 0, 0]",111100100000010000,"[""10000001001111""]",1,0.000244140625,False,False,,,,6.313351539220924,0.21997866841151462,{},{}
"[1, 1, 1, 1, 0, 0, 1, 0, 0, 0, 0, 0, 0, 1, 0, 0, 1, 1]",111100100000010011,"[""110010000001001111""]",1,0.000244140625,False,False,,,,6.796300245682034,0.23739416065660382,{},{}
"[1, 1, 1, 1, 0, 0, 1, 0, 0, 0, 0, 1, 0, 1, 0, 0, 0, 1]",111100100001010001,"[""100010100001001111""]",1,0.000244140625,False,False,,,,4.778778928063081,0.16464083014504485,{},{}
"[1, 1, 1, 1, 0, 0, 1, 0, 0, 0, 1, 0, 0, 1, 0, 0, 1, 1]",111100100010010011,"[""110010010001001111""]",1,0.000244140625,False,False,,,,6.020095997738358,0.20940365383917448,{},{}
"[1, 1, 1, 1, 0, 0, 1, 0, 0, 0, 1, 1, 1, 0, 0, 1, 1, 1]",111100100011100111,"[""111001110001001111""]",1,0.000244140625,False,False,,,,10.60923939821974,0.3748916036637623,{},{}
"[1, 1, 1, 1, 0, 0, 1, 0, 0, 1, 0, 0, 0, 1, 1, 0, 1, 1]",111100100100011011,"[""110110001001001111""]",1,0.000244140625,False,False,,,,7.3220135344458015,0.2563517757845014,{},{}
"[1, 1, 1, 1, 0, 0, 1, 0, 0, 1, 0, 1, 1, 1, 1, 0, 1, 1]",111100100101111011,"[""110111101001001111""]",1,0.000244140625,False,False,,,,11.909996580442048,0.4217978823568616,{},{}
"[1, 1, 1, 1, 0, 0, 1, 0, 1, 0, 1, 1, 0, 0, 0, 0, 1, 0]",111100101011000010,"[""10000110101001111""]",1,0.000244140625,False,False,,,,8.011401399953211,0.28121161879677314,{},{}
"[1, 1, 1, 1, 0, 0, 1, 0, 1, 1, 0, 0, 1, 1, 0, 1, 1, 1]",111100101100110111,"[""111011001101001111""]",1,0.000244140625,False,False,,,,12.025169441940996,0.4259511020455061,{},{}
"[1, 1, 1, 1, 0, 0, 1, 0, 1, 1, 0, 1, 1, 0, 0, 0, 0, 0]",111100101101100000,"[""1101101001111""]",1,0.000244140625,False,False,,,,8.156028102558142,0.28642696606647705,{},{}
"[1, 1, 1, 1, 0, 0, 1, 0, 1, 1, 1, 0, 0, 0, 1, 0, 0, 1]",111100101110001001,"[""100100011101001111""]",1,0.000244140625,False,False,,,,7.327590042499892,0.2565528688436015,{},{}
"[1, 1, 1, 1, 0, 0, 1, 1, 0, 0, 0, 0, 1, 0, 0, 1, 1, 1]",111100110000100111,"[""111001000011001111""]",1,0.000244140625,False,False,,,,11.421649505881543,0.4041877209129251,{},{}
"[1, 1, 1, 1, 0, 0, 1, 1, 0, 1, 0, 0, 0, 1, 0, 0, 1, 1]",111100110100010011,"[""110010001011001111""]",1,0.000244140625,False,False,,,,7.342104105273968,0.2570762568231219,{},{}
"[1, 1, 1, 1, 0, 0, 1, 1, 1, 0, 0, 1, 0, 1, 0, 1, 0, 1]",111100111001010101,"[""101010100111001111""]",1,0.000244140625,False,False,,,,10.627106466234476,0.37553590352478317,{},{}
"[1, 1, 1, 1, 0, 0, 1, 1, 1, 0, 0, 1, 1, 0, 1, 0, 0, 0]",111100111001101000,"[""101100111001111""]",1,0.000244140625,False,False,,,,11.41634293361795,0.40399636194070254,{},{}
"[1, 1, 1, 1, 0, 0, 1, 1, 1, 1, 0, 0, 1, 0, 0, 0, 1, 0]",111100111100100010,"[""10001001111001111""]",1,0.000244140625,False,False,,,,9.393180686566796,0.3310396152868757,{},{}
"[1, 1, 1, 1, 0, 0, 1, 1, 1, 1, 0, 1, 1, 1, 0, 0, 0, 0]",111100111101110000,"[""11101111001111""]",1,0.000244140625,False,False,,,,12.630667285352674,0.44778580799932244,{},{}
"[1, 1, 1, 1, 0, 0, 1, 1, 1, 1, 1, 0, 1, 1, 1, 1, 0, 1]",111100111110111101,"[""101111011111001111""]",1,0.000244140625,False,False,,,,16.591212826557108,0.5906060479883546,{},{}
"[1, 1, 1, 1, 0, 1, 0, 0, 0, 0, 0, 1, 1, 0, 1, 0, 1, 0]",111101000001101010,"[""10101100000101111""]",1,0.000244140625,False,False,,,,8.084096526341447,0.2838330595272952,{},{}
"[1, 1, 1, 1, 0, 1, 0, 0, 0, 0, 1, 0, 1, 1, 0, 0, 1, 0]",111101000010110010,"[""10011010000101111""]",1,0.000244140625,False,False,,,,8.02430882595336,0.2816770702503174,{},{}
"[1, 1, 1, 1, 0, 1, 0, 0, 0, 0, 1, 1, 1, 0, 0, 0, 1, 0]",111101000011100010,"[""10001110000101111""]",1,0.000244140625,False,False,,,,7.993312375415236,0.28055931501720455,{},{}
"[1, 1, 1, 1, 0, 1, 0, 0, 0, 1, 0, 1, 0, 0, 1, 0, 0, 1]",111101000101001001,"[""100100101000101111""]",1,0.000244140625,False,False,,,,8.14245843678272,0.2859376337503973,{},{}
"[1, 1, 1, 1, 0, 1, 0, 0, 1, 0, 0, 0, 0, 0, 0, 1, 0, 1]",111101001000000101,"[""101000000100101111""]",1,0.000244140625,False,False,,,,8.98836351005982,0.31644160455857934,{},{}
"[1, 1, 1, 1, 0, 1, 0, 0, 1, 0, 0, 1, 0, 1, 0, 1, 1, 0]",111101001001010110,"[""11010100100101111""]",1,0.000244140625,False,False,,,,7.327541413641921,0.2565511152505438,{},{}
"[1, 1, 1, 1, 0, 1, 0, 0, 1, 0, 0, 1, 1, 0, 0, 0, 0, 1]",111101001001100001,"[""100001100100101111""]",1,0.000244140625,False,False,,,,6.177806062295635,0.2150907969446938,{},{}
"[1, 1, 1, 1, 0, 1, 0, 0, 1, 1, 0, 1, 1, 0, 1, 0, 0, 1]",111101001101101001,"[""100101101100101111""]",1,0.000244140625,False,False,,,,8.73900373020984,0.30744950404331645,{},{}
"[1, 1, 1, 1, 0, 1, 0, 0, 1, 1, 0, 1, 1, 0, 1, 1, 1, 1]",111101001101101111,"[""111101101100101111""]",1,0.000244140625,False,False,,,,13.32123234341874,0.4726881014573703,{},{}
"[1, 1, 1, 1, 0, 1, 0, 1, 0, 0, 0, 1, 0, 0, 0, 0, 1, 0]",111101010001000010,"[""10000100010101111""]",1,0.000244140625,False,False,,,,6.805898359532071,0.23774027583423346,{},{}
"[1, 1, 1, 1, 0, 1, 0, 1, 0, 0, 0, 1, 0, 0, 0, 1, 0, 0]",111101010001000100,"[""1000100010101111""]",1,0.000244140625,False,False,,,,6.817011872895263,0.23814103745384854,{},{}
"[1, 1, 1, 1, 0, 1, 0, 1, 0, 0, 0, 1, 0, 0, 1, 1, 1, 1]",111101010001001111,"[""111100100010101111""]",1,0.000244140625,False,False,,,,10.679213009966311,0.37741490453698123,{},{}
"[1, 1, 1, 1, 0, 1, 0, 1, 0, 0, 1, 0, 0, 1, 0, 1, 0, 1]",111101010010010101,"[""101010010010101111""]",1,0.000244140625,False,False,,,,7.382209579363941,0.25852249027121954,{},{}
"[1, 1, 1, 1, 0, 1, 0, 1, 0, 0, 1, 0, 1, 1, 0, 1, 0, 1]",111101010010110101,"[""101011010010101111""]",1,0.000244140625,False,False,,,,8.65364719553611,0.3043714834423901,{},{}
"[1, 1, 1, 1, 0, 1, 0, 1, 0, 1, 0, 0, 0, 1, 0, 1, 0, 0]",111101010100010100,"[""1010001010101111""]",1,0.000244140625,False,False,,,,6.100070443849444,0.21228759229354754,{},{}
"[1, 1, 1, 1, 0, 1, 0, 1, 1, 0, 0, 1, 1, 0, 0, 1, 0, 1]",111101011001100101,"[""101001100110101111""]",1,0.000244140625,False,False,,,,8.722819354244512,0.30686588331849635,{},{}
"[1, 1, 1, 1, 0, 1, 0, 1, 1, 0, 0, 1, 1, 1, 0, 0, 1, 0]",111101011001110010,"[""10011100110101111""]",1,0.000244140625,False,False,,,,8.611063314363415,0.3028358767777337,{},{}
"[1, 1, 1, 1, 0, 1, 0, 1, 1, 1, 0, 0, 0, 0, 0, 1, 1, 0]",111101011100000110,"[""11000001110101111""]",1,0.000244140625,False,False,,,,9.384093706142556,0.33071193196359017,{},{}
"[1, 1, 1, 1, 0, 1, 0, 1, 1, 1, 0, 0, 0, 1, 1, 1, 0, 1]",111101011100011101,"[""101110001110101111""]",1,0.000244140625,False,False,,,,10.027082666613234,0.3538985956919395,{},{}
"[1, 1, 1, 1, 0, 1, 0, 1, 1, 1, 1, 0, 1, 0, 1, 1, 0, 1]",111101011110101101,"[""101101011110101111""]",1,0.000244140625,False,False,,,,11.304066272698064,0.3999475814151619,{},{}
"[1, 1, 1, 1, 0, 1, 1, 0, 0, 0, 0, 1, 1, 0, 1, 0, 1, 1]",111101100001101011,"[""110101100001101111""]",1,0.000244140625,False,False,,,,8.676829311809769,0.30520744792637655,{},{}
"[1, 1, 1, 1, 0, 1, 1, 0, 0, 1, 0, 1, 0, 0, 0, 1, 0, 0]",111101100101000100,"[""1000101001101111""]",1,0.000244140625,False,False,,,,8.180944496214872,0.2873254698924508,{},{}
"[1, 1, 1, 1, 0, 1, 1, 0, 0, 1, 1, 0, 0, 0, 1, 1, 0, 1]",111101100110001101,"[""101100011001101111""]",1,0.000244140625,False,False,,,,8.69598162381267,0.3058980946486883,{},{}
"[1, 1, 1, 1, 0, 1, 1, 0, 0, 1, 1, 0, 1, 1, 0, 0, 1, 0]",111101100110110010,"[""10011011001101111""]",1,0.000244140625,False,False,,,,8.600266630794774,0.3024465402779216,{},{}
"[1, 1, 1, 1, 0, 1, 1, 0, 0, 1, 1, 0, 1, 1, 1, 0, 0, 0]",111101100110111000,"[""111011001101111""]",1,0.000244140625,False,False,,,,12.604618808259493,0.4468464803963212,{},{}
"[1, 1, 1, 1, 0, 1, 1, 0, 0, 1, 1, 1, 1, 1, 1, 0, 1, 0]",111101100111111010,"[""10111111001101111""]",1,0.000244140625,False,False,,,,15.15609418525135,0.5388545943990365,{},{}
"[1, 1, 1, 1, 0, 1, 1, 0, 1, 0, 0, 0, 0, 1, 1, 1, 0, 1]",111101101000011101,"[""101110000101101111""]",1,0.000244140625,False,False,,,,10.770280229598754,0.3806988567167317,{},{}
"[1, 1, 1, 1, 0, 1, 1, 0, 1, 0, 0, 1, 0, 1, 0, 1, 1, 1]",111101101001010111,"[""111010100101101111""]",1,0.000244140625,False,False,,,,11.975585638238085,0.424163072929127,{},{}
"[1, 1, 1, 1, 0, 1, 1, 0, 1, 0, 1, 1, 1, 0, 1, 1, 0, 1]",111101101011101101,"[""101101110101101111""]",1,0.000244140625,False,False,,,,11.323790904380335,0.4006588664139706,{},{}
"[1, 1, 1, 1, 0, 1, 1, 0, 1, 1, 0, 1, 1, 1, 1, 0, 0, 1]",111101101101111001,"[""100111101101101111""]",1,0.000244140625,False,False,,,,13.316110696330938,0.47250341102555754,{},{}
"[1, 1, 1, 1, 0, 1, 1, 0, 1, 1, 1, 1, 0, 0, 1, 1, 1, 0]",111101101111001110,"[""11100111101101111""]",1,0.000244140625,False,False,,,,13.211216032293871,0.46872083083919586,{},{}
"[1, 1, 1, 1, 0, 1, 1, 0, 1, 1, 1, 1, 0, 1, 0, 1, 1, 0]",111101101111010110,"[""11010111101101111""]",1,0.000244140625,False,False,,,,13.171826587480327,0.46730041794335164,{},{}
"[1, 1, 1, 1, 0, 1, 1, 1, 0, 0, 0, 0, 0, 1, 1, 0, 0, 1]",111101110000011001,"[""100110000011101111""]",1,0.000244140625,False,False,,,,9.405753241998859,0.33149299105680474,{},{}
"[1, 1, 1, 1, 0, 1, 1, 1, 0, 0, 0, 0, 1, 0, 1, 1, 1, 0]",111101110000101110,"[""11101000011101111""]",1,0.000244140625,False,False,,,,10.72079868353624,0.3789145150874905,{},{}
"[1, 1, 1, 1, 0, 1, 1, 1, 0, 1, 0, 0, 0, 1, 1, 1, 0, 1]",111101110100011101,"[""101110001011101111""]",1,0.000244140625,False,False,,,,10.021569634251353,0.35369979161386506,{},{}
"[1, 1, 1, 1, 0, 1, 1, 1, 0, 1, 1, 0, 0, 0, 0, 1, 1, 1]",111101110110000111,"[""111000011011101111""]",1,0.000244140625,False,False,,,,13.966629796682009,0.495961617240587,{},{}
"[1, 1, 1, 1, 0, 1, 1, 1, 0, 1, 1, 1, 0, 1, 0, 1, 1, 1]",111101110111010111,"[""111010111011101111""]",1,0.000244140625,False,False,,,,16.51834732354775,0.5879784633492058,{},{}
"[1, 1, 1, 1, 0, 1, 1, 1, 1, 0, 0, 0, 1, 0, 1, 0, 0, 0]",111101111000101000,"[""101000111101111""]",1,0.000244140625,False,False,,,,13.450969982669694,0.4773665379456417,{},{}
"[1, 1, 1, 1, 0, 1, 1, 1, 1, 0, 0, 0, 1, 1, 1, 1, 0, 1]",111101111000111101,"[""101111000111101111""]",1,0.000244140625,False,False,,,,17.388355447332657,0.6193516082199453,{},{}
"[1, 1, 1, 1, 0, 1, 1, 1, 1, 0, 1, 1, 1, 0, 1, 1, 0, 0]",111101111011101100,"[""1101110111101111""]",1,0.000244140625,False,False,,,,13.272613137389895,0.47093485645592426,{},{}
"[1, 1, 1, 1, 0, 1, 1, 1, 1, 1, 1, 0, 1, 0, 0, 0, 1, 0]",111101111110100010,"[""10001011111101111""]",1,0.000244140625,False,False,,,,11.948249047823623,0.4231772949945327,{},{}
"[1, 1, 1, 1, 0, 1, 1, 1, 1, 1, 1, 0, 1, 1, 1, 1, 0, 1]",111101111110111101,"[""101111011111101111""]",1,0.000244140625,False,False,,,,17.96517557951974,0.6401521744178059,{},{}
"[1, 1, 1, 1, 0, 1, 1, 1, 1, 1, 1, 1, 1, 0, 0, 0, 1, 0]",111101111111100010,"[""10001111111101111""]",1,0.000244140625,False,False,,,,15.195639212008498,0.5402806176963499,{},{}
"[1, 1, 1, 1, 1, 0, 0, 0, 0, 0, 0, 0, 1, 0, 1, 0, 0, 0]",111110000000101000,"[""101000000011111""]",1,0.000244140625,False,False,,,,9.589831655348778,0.3381309965784988,{},{}
"[1, 1, 1, 1, 1, 0, 0, 0, 0, 0, 1, 0, 0, 0, 1, 0, 1, 0]",111110000010001010,"[""10100010000011111""]",1,0.000244140625,False,False,,,,6.8357569490277035,0.2388169989455156,{},{}
"[1, 1, 1, 1, 1, 0, 0, 0, 0, 0, 1, 0, 1, 0, 1, 1, 0, 1]",111110000010101101,"[""101101010000011111""]",1,0.000244140625,False,False,,,,9.344556670272175,0.32928619682364135,{},{}
"[1, 1, 1, 1, 1, 0, 0, 0, 0, 1, 1, 1, 0, 1, 0, 0, 1, 0]",111110000111010010,"[""10010111000011111""]",1,0.000244140625,False,False,,,,11.312589245319733,0.4002549261944563,{},{}
"[1, 1, 1, 1, 1, 0, 0, 0, 1, 0, 1, 0, 1, 0, 0, 1, 0, 0]",111110001010100100,"[""1001010100011111""]",1,0.000244140625,False,False,,,,6.0677309772879235,0.21112140689626285,{},{}
"[1, 1, 1, 1, 1, 0, 0, 0, 1, 1, 0, 0, 0, 1, 1, 1, 0, 0]",111110001100011100,"[""1110001100011111""]",1,0.000244140625,False,False,,,,7.325900963659969,0.2564919593949489,{},{}
"[1, 1, 1, 1, 1, 0, 0, 0, 1, 1, 0, 0, 1, 0, 0, 1, 1, 1]",111110001100100111,"[""111001001100011111""]",1,0.000244140625,False,False,,,,10.678954792917702,0.37740559303671745,{},{}
"[1, 1, 1, 1, 1, 0, 0, 0, 1, 1, 0, 0, 1, 0, 1, 0, 0, 1]",111110001100101001,"[""100101001100011111""]",1,0.000244140625,False,False,,,,7.355530272995139,0.25756041449183725,{},{}
"[1, 1, 1, 1, 1, 0, 0, 0, 1, 1, 1, 0, 1, 1, 1, 0, 0, 1]",111110001110111001,"[""100111011100011111""]",1,0.000244140625,False,False,,,,11.84522265242507,0.41946208597523393,{},{}
"[1, 1, 1, 1, 1, 0, 0, 0, 1, 1, 1, 1, 0, 1, 1, 0, 1, 0]",111110001111011010,"[""10110111100011111""]",1,0.000244140625,False,False,,,,11.85488052485118,0.419810356091896,{},{}
"[1, 1, 1, 1, 1, 0, 0, 0, 1, 1, 1, 1, 1, 1, 1, 0, 0, 0]",111110001111111000,"[""111111100011111""]",1,0.000244140625,False,False,,,,15.819984729285984,0.5627949848929786,{},{}
"[1, 1, 1, 1, 1, 0, 0, 1, 0, 0, 0, 1, 0, 0, 1, 0, 0, 0]",111110010001001000,"[""100100010011111""]",1,0.000244140625,False,False,,,,6.87490699976139,0.24022877911145393,{},{}
"[1, 1, 1, 1, 1, 0, 0, 1, 0, 0, 0, 1, 1, 1, 1, 1, 0, 1]",111110010001111101,"[""101111100010011111""]",1,0.000244140625,False,False,,,,11.94803924377434,0.4231697293033022,{},{}
"[1, 1, 1, 1, 1, 0, 0, 1, 0, 0, 1, 0, 0, 0, 1, 1, 0, 0]",111110010010001100,"[""1100010010011111""]",1,0.000244140625,False,False,,,,6.118536947303193,0.21295350824567688,{},{}
"[1, 1, 1, 1, 1, 0, 0, 1, 0, 0, 1, 0, 1, 1, 0, 1, 1, 0]",111110010010110110,"[""11011010010011111""]",1,0.000244140625,False,False,,,,8.737936930826816,0.30741103445817514,{},{}
"[1, 1, 1, 1, 1, 0, 0, 1, 0, 0, 1, 1, 0, 1, 1, 1, 0, 0]",111110010011011100,"[""1110110010011111""]",1,0.000244140625,False,False,,,,8.682155193073484,0.3053995031956124,{},{}
"[1, 1, 1, 1, 1, 0, 0, 1, 0, 1, 0, 0, 0, 1, 1, 0, 0, 1]",111110010100011001,"[""100110001010011111""]",1,0.000244140625,False,False,,,,7.360484029281068,0.2577390506555281,{},{}
"[1, 1, 1, 1, 1, 0, 0, 1, 0, 1, 0, 1, 0, 0, 1, 1, 0, 1]",111110010101001101,"[""101100101010011111""]",1,0.000244140625,False,False,,,,8.641527732475238,0.3039344465228839,{},{}
"[1, 1, 1, 1, 1, 0, 0, 1, 0, 1, 0, 1, 0, 1, 1, 1, 0, 0]",111110010101011100,"[""1110101010011111""]",1,0.000244140625,False,False,,,,8.661057276687727,0.30463869652134645,{},{}
"[1, 1, 1, 1, 1, 0, 0, 1, 0, 1, 0, 1, 1, 1, 1, 0, 0, 1]",111110010101111001,"[""100111101010011111""]",1,0.000244140625,False,False,,,,11.895106842323107,0.421260947242899,{},{}
"[1, 1, 1, 1, 1, 0, 0, 1, 0, 1, 1, 0, 1, 1, 1, 1, 1, 0]",111110010110111110,"[""11111011010011111""]",1,0.000244140625,False,False,,,,13.307562894498357,0.4721951708863123,{},{}
"[1, 1, 1, 1, 1, 0, 0, 1, 1, 1, 0, 1, 1, 1, 1, 0, 0, 0]",111110011101111000,"[""111101110011111""]",1,0.000244140625,False,False,,,,13.88939268728158,0.49317638919918094,{},{}
"[1, 1, 1, 1, 1, 0, 0, 1, 1, 1, 0, 1, 1, 1, 1, 0, 1, 1]",111110011101111011,"[""110111101110011111""]",1,0.000244140625,False,False,,,,14.50538860719728,0.5153896636583027,{},{}
"[1, 1, 1, 1, 1, 0, 0, 1, 1, 1, 1, 0, 0, 0, 1, 1, 1, 0]",111110011110001110,"[""11100011110011111""]",1,0.000244140625,False,False,,,,9.919090610810697,0.35000432123753267,{},{}
"[1, 1, 1, 1, 1, 0, 0, 1, 1, 1, 1, 0, 1, 0, 0, 1, 0, 1]",111110011110100101,"[""101001011110011111""]",1,0.000244140625,False,False,,,,9.94613964868067,0.35097972981189973,{},{}
"[1, 1, 1, 1, 1, 0, 1, 0, 0, 0, 0, 0, 1, 0, 0, 0, 0, 0]",111110100000100000,"[""1000001011111""]",1,0.000244140625,False,False,,,,7.606514173719259,0.26661108202283135,{},{}
"[1, 1, 1, 1, 1, 0, 1, 0, 0, 0, 0, 1, 0, 1, 1, 1, 0, 1]",111110100001011101,"[""101110100001011111""]",1,0.000244140625,False,False,,,,8.649952585694077,0.304238253042988,{},{}
"[1, 1, 1, 1, 1, 0, 1, 0, 0, 0, 0, 1, 1, 1, 0, 0, 0, 0]",111110100001110000,"[""11100001011111""]",1,0.000244140625,False,False,,,,8.074869028080865,0.2835003090255363,{},{}
"[1, 1, 1, 1, 1, 0, 1, 0, 0, 0, 1, 0, 0, 1, 1, 0, 1, 0]",111110100010011010,"[""10110010001011111""]",1,0.000244140625,False,False,,,,7.370915252761726,0.2581152083907157,{},{}
"[1, 1, 1, 1, 1, 0, 1, 0, 0, 1, 0, 0, 0, 0, 0, 0, 1, 0]",111110100100000010,"[""10000001001011111""]",1,0.000244140625,False,False,,,,6.826602607107811,0.23848688651622058,{},{}
"[1, 1, 1, 1, 1, 0, 1, 0, 0, 1, 0, 0, 0, 1, 1, 1, 0, 1]",111110100100011101,"[""101110001001011111""]",1,0.000244140625,False,False,,,,8.682108077233746,0.3053978041631259,{},{}
"[1, 1, 1, 1, 1, 0, 1, 0, 0, 1, 0, 0, 1, 0, 1, 0, 1, 0]",111110100100101010,"[""10101001001011111""]",1,0.000244140625,False,False,,,,7.404555232108416,0.2593282912535526,{},{}
"[1, 1, 1, 1, 1, 0, 1, 0, 0, 1, 1, 0, 1, 0, 0, 0, 1, 0]",111110100110100010,"[""10001011001011111""]",1,0.000244140625,False,False,,,,7.372743047432406,0.25818112003616994,{},{}
"[1, 1, 1, 1, 1, 0, 1, 0, 0, 1, 1, 0, 1, 1, 0, 1, 0, 1]",111110100110110101,"[""101011011001011111""]",1,0.000244140625,False,False,,,,9.983522037441453,0.35232776676252514,{},{}
"[1, 1, 1, 1, 1, 0, 1, 0, 0, 1, 1, 1, 1, 0, 0, 0, 1, 1]",111110100111100011,"[""110001111001011111""]",1,0.000244140625,False,False,,,,11.888437840174221,0.4210204580280971,{},{}
"[1, 1, 1, 1, 1, 0, 1, 0, 1, 0, 0, 1, 1, 1, 0, 0, 1, 1]",111110101001110011,"[""110011100101011111""]",1,0.000244140625,False,False,,,,9.910278487946778,0.34968654948383254,{},{}
"[1, 1, 1, 1, 1, 0, 1, 0, 1, 0, 1, 0, 0, 0, 0, 1, 0, 0]",111110101010000100,"[""1000010101011111""]",1,0.000244140625,False,False,,,,8.074748748164124,0.2834959716416087,{},{}
"[1, 1, 1, 1, 1, 0, 1, 0, 1, 1, 1, 0, 0, 1, 1, 0, 1, 0]",111110101110011010,"[""10110011101011111""]",1,0.000244140625,False,False,,,,9.873033020874361,0.34834345003188977,{},{}
"[1, 1, 1, 1, 1, 0, 1, 0, 1, 1, 1, 0, 1, 1, 1, 0, 1, 1]",111110101110111011,"[""110111011101011111""]",1,0.000244140625,False,False,,,,14.503490175617026,0.5153212047929585,{},{}
"[1, 1, 1, 1, 1, 0, 1, 1, 0, 0, 0, 0, 0, 1, 1, 0, 1, 0]",111110110000011010,"[""10110000011011111""]",1,0.000244140625,False,False,,,,9.442164683935864,0.33280601493740086,{},{}
"[1, 1, 1, 1, 1, 0, 1, 1, 0, 0, 0, 1, 0, 0, 0, 1, 1, 1]",111110110001000111,"[""111000100011011111""]",1,0.000244140625,False,False,,,,12.647905096974162,0.44840741640327936,{},{}
"[1, 1, 1, 1, 1, 0, 1, 1, 0, 0, 0, 1, 0, 0, 1, 0, 1, 1]",111110110001001011,"[""110100100011011111""]",1,0.000244140625,False,False,,,,8.657426427777255,0.3045077653889147,{},{}
"[1, 1, 1, 1, 1, 0, 1, 1, 0, 0, 1, 0, 0, 1, 0, 0, 0, 0]",111110110010010000,"[""10010011011111""]",1,0.000244140625,False,False,,,,8.124515479995974,0.2852905972833917,{},{}
"[1, 1, 1, 1, 1, 0, 1, 1, 0, 0, 1, 1, 0, 0, 1, 0, 0, 1]",111110110011001001,"[""100100110011011111""]",1,0.000244140625,False,False,,,,8.618065701661422,0.3030883881108299,{},{}
"[1, 1, 1, 1, 1, 0, 1, 1, 0, 1, 0, 0, 1, 1, 0, 0, 0, 1]",111110110100110001,"[""100011001011011111""]",1,0.000244140625,False,False,,,,8.676830694828102,0.30520749779905393,{},{}
"[1, 1, 1, 1, 1, 0, 1, 1, 0, 1, 1, 0, 0, 0, 0, 1, 1, 1]",111110110110000111,"[""111000011011011111""]",1,0.000244140625,False,False,,,,13.976170178647243,0.4963056505631902,{},{}
"[1, 1, 1, 1, 1, 0, 1, 1, 0, 1, 1, 0, 1, 0, 1, 0, 0, 0]",111110110110101000,"[""101011011011111""]",1,0.000244140625,False,False,,,,10.66813720556554,0.37701550273080764,{},{}
"[1, 1, 1, 1, 1, 0, 1, 1, 0, 1, 1, 1, 1, 0, 0, 0, 1, 1]",111110110111100011,"[""110001111011011111""]",1,0.000244140625,False,False,,,,13.20942377136256,0.46865620056700996,{},{}
"[1, 1, 1, 1, 1, 0, 1, 1, 1, 0, 1, 0, 0, 1, 1, 0, 0, 0]",111110111010011000,"[""110010111011111""]",1,0.000244140625,False,False,,,,12.667556160718956,0.4491160484871356,{},{}
"[1, 1, 1, 1, 1, 0, 1, 1, 1, 0, 1, 1, 1, 0, 1, 1, 0, 0]",111110111011101100,"[""1101110111011111""]",1,0.000244140625,False,False,,,,13.266243192392901,0.47070515146611347,{},{}
"[1, 1, 1, 1, 1, 0, 1, 1, 1, 1, 0, 1, 0, 1, 0, 0, 1, 1]",111110111101010011,"[""110010101111011111""]",1,0.000244140625,False,False,,,,13.22120517340911,0.4690810467530189,{},{}
"[1, 1, 1, 1, 1, 1, 0, 0, 0, 0, 0, 1, 1, 0, 0, 1, 0, 0]",111111000001100100,"[""1001100000111111""]",1,0.000244140625,False,False,,,,10.097788158332268,0.35644828870538836,{},{}
"[1, 1, 1, 1, 1, 1, 0, 0, 0, 1, 0, 1, 0, 0, 1, 0, 1, 0]",111111000101001010,"[""10100101000111111""]",1,0.000244140625,False,False,,,,11.347196157770957,0.401502877389599,{},{}
"[1, 1, 1, 1, 1, 1, 0, 0, 0, 1, 0, 1, 1, 0, 0, 1, 1, 0]",111111000101100110,"[""11001101000111111""]",1,0.000244140625,False,False,,,,12.655907423892483,0.4486959863083732,{},{}
"[1, 1, 1, 1, 1, 1, 0, 0, 1, 0, 0, 1, 0, 0, 0, 1, 1, 1]",111111001001000111,"[""111000100100111111""]",1,0.000244140625,False,False,,,,14.722458151821723,0.5232173540951471,{},{}
"[1, 1, 1, 1, 1, 1, 0, 0, 1, 0, 1, 0, 0, 0, 1, 1, 0, 0]",111111001010001100,"[""1100010100111111""]",1,0.000244140625,False,False,,,,9.36665829790243,0.33008319807749925,{},{}
"[1, 1, 1, 1, 1, 1, 0, 0, 1, 1, 0, 0, 0, 0, 1, 0, 1, 1]",111111001100001011,"[""110100001100111111""]",1,0.000244140625,False,False,,,,10.70688042742983,0.37841261234286466,{},{}
"[1, 1, 1, 1, 1, 1, 0, 0, 1, 1, 1, 0, 0, 1, 0, 0, 1, 0]",111111001110010010,"[""10010011100111111""]",1,0.000244140625,False,False,,,,10.636381622759066,0.37587037261925416,{},{}
"[1, 1, 1, 1, 1, 1, 0, 1, 0, 0, 0, 0, 0, 0, 0, 0, 1, 0]",111111010000000010,"[""10000000010111111""]",1,0.000244140625,False,False,,,,10.888025749792325,0.3849448484056861,{},{}
"[1, 1, 1, 1, 1, 1, 0, 1, 0, 0, 0, 0, 0, 1, 0, 1, 0, 0]",111111010000010100,"[""1010000010111111""]",1,0.000244140625,False,False,,,,10.142355349437405,0.3580554150123711,{},{}
"[1, 1, 1, 1, 1, 1, 0, 1, 0, 0, 0, 1, 0, 0, 0, 1, 0, 1]",111111010001000101,"[""101000100010111111""]",1,0.000244140625,False,False,,,,11.393216766706471,0.40316241503264116,{},{}
"[1, 1, 1, 1, 1, 1, 0, 1, 0, 1, 1, 0, 1, 0, 1, 0, 1, 0]",111111010110101010,"[""10101011010111111""]",1,0.000244140625,False,False,,,,11.915013285067145,0.4219787884848322,{},{}
"[1, 1, 1, 1, 1, 1, 0, 1, 0, 1, 1, 1, 1, 0, 0, 1, 1, 1]",111111010111100111,"[""111001111010111111""]",1,0.000244140625,False,False,,,,18.544823986530144,0.6610547303251191,{},{}
"[1, 1, 1, 1, 1, 1, 0, 1, 1, 0, 1, 1, 0, 0, 0, 1, 1, 1]",111111011011000111,"[""111000110110111111""]",1,0.000244140625,False,False,,,,17.30931829114894,0.6165014691426968,{},{}
"[1, 1, 1, 1, 1, 1, 0, 1, 1, 1, 0, 0, 0, 1, 1, 1, 0, 1]",111111011100011101,"[""101110001110111111""]",1,0.000244140625,False,False,,,,13.331466519108528,0.47305715350156435,{},{}
"[1, 1, 1, 1, 1, 1, 1, 0, 0, 0, 0, 0, 1, 1, 0, 0, 1, 1]",111111100000110011,"[""110011000001111111""]",1,0.000244140625,False,False,,,,12.708861093624913,0.45060553531893344,{},{}
"[1, 1, 1, 1, 1, 1, 1, 0, 0, 1, 0, 1, 1, 1, 1, 0, 1, 0]",111111100101111010,"[""10111101001111111""]",1,0.000244140625,False,False,,,,15.241457304034423,0.5419328524278795,{},{}
"[1, 1, 1, 1, 1, 1, 1, 0, 1, 0, 0, 1, 0, 1, 0, 0, 0, 0]",111111101001010000,"[""10100101111111""]",1,0.000244140625,False,False,,,,11.352653988902349,0.40169969086993784,{},{}
"[1, 1, 1, 1, 1, 1, 1, 0, 1, 0, 1, 0, 0, 1, 0, 0, 1, 1]",111111101010010011,"[""110010010101111111""]",1,0.000244140625,False,False,,,,12.027662367150679,0.426040998796602,{},{}
"[1, 1, 1, 1, 1, 1, 1, 0, 1, 1, 0, 0, 1, 0, 1, 0, 1, 0]",111111101100101010,"[""10101001101111111""]",1,0.000244140625,False,False,,,,11.977899503116127,0.4242465126304879,{},{}
"[1, 1, 1, 1, 1, 1, 1, 0, 1, 1, 0, 1, 0, 1, 1, 0, 1, 0]",111111101101011010,"[""10110101101111111""]",1,0.000244140625,False,False,,,,13.214471700829655,0.46883823268618086,{},{}
"[1, 1, 1, 1, 1, 1, 1, 0, 1, 1, 1, 0, 0, 1, 0, 1, 0, 0]",111111101110010100,"[""1010011101111111""]",1,0.000244140625,False,False,,,,11.950320324510683,0.42325198678394704,{},{}
"[1, 1, 1, 1, 1, 1, 1, 0, 1, 1, 1, 0, 0, 1, 1, 0, 1, 0]",111111101110011010,"[""10110011101111111""]",1,0.000244140625,False,False,,,,13.202464156896326,0.4684052316542787,{},{}
"[1, 1, 1, 1, 1, 1, 1, 0, 1, 1, 1, 0, 1, 0, 0, 0, 1, 1]",111111101110100011,"[""110001011101111111""]",1,0.000244140625,False,False,,,,13.307778639645415,0.47220295081798047,{},{}
"[1, 1, 1, 1, 1, 1, 1, 0, 1, 1, 1, 0, 1, 1, 0, 1, 0, 1]",111111101110110101,"[""101011011101111111""]",1,0.000244140625,False,False,,,,14.668930339627188,0.5212871010771787,{},{}
"[1, 1, 1, 1, 1, 1, 1, 1, 0, 0, 0, 1, 1, 1, 1, 0, 0, 0]",111111110001111000,"[""111100011111111""]",1,0.000244140625,False,False,,,,15.952442473746792,0.567571510413386,{},{}
"[1, 1, 1, 1, 1, 1, 1, 1, 0, 0, 0, 1, 1, 1, 1, 1, 0, 1]",111111110001111101,"[""101111100011111111""]",1,0.000244140625,False,False,,,,16.60925717506852,0.591256740716928,{},{}
"[1, 1, 1, 1, 1, 1, 1, 1, 0, 0, 1, 0, 0, 0, 0, 1, 0, 1]",111111110010000101,"[""101000010011111111""]",1,0.000244140625,False,False,,,,12.688394788581553,0.4498675050229625,{},{}
"[1, 1, 1, 1, 1, 1, 1, 1, 0, 1, 0, 1, 1, 1, 0, 0, 0, 0]",111111110101110000,"[""11101011111111""]",1,0.000244140625,False,False,,,,13.932889408464463,0.4947449135586272,{},{}
"[1, 1, 1, 1, 1, 1, 1, 1, 0, 1, 1, 1, 0, 1, 0, 1, 1, 0]",111111110111010110,"[""11010111011111111""]",1,0.000244140625,False,False,,,,16.581174341452027,0.5902440526932826,{},{}
"[1, 1, 1, 1, 1, 1, 1, 1, 1, 0, 1, 0, 0, 0, 0, 1, 1, 0]",111111111010000110,"[""11000010111111111""]",1,0.000244140625,False,False,,,,16.005267047679315,0.5694764041326656,{},{}
"[1, 1, 1, 1, 1, 1, 1, 1, 1, 0, 1, 1, 0, 1, 0, 0, 1, 1]",111111111011010011,"[""110010110111111111""]",1,0.000244140625,False,False,,,,16.64425943131728,0.5925189483056545,{},{}
"[1, 1, 1, 1, 1, 1, 1, 1, 1, 1, 0, 0, 1, 0, 1, 1, 0, 0]",111111111100101100,"[""1101001111111111""]",1,0.000244140625,False,False,,,,15.3828963141571,0.5470332491180255,{},{}
