routes,counts,bitstring
"[0, 0, 0, 0, 0, 1, 1, 1, 0, 0, 1, 0, 0, 1, 1]",1,000001110010011
"[1, 0, 1, 0, 0, 1, 1, 0, 1, 0, 0, 1, 1, 0, 1]",2,101001101001101
"[0, 1, 1, 0, 0, 0, 0, 0, 0, 1, 0, 1, 0, 0, 1]",1,011000000101001
"[1, 1, 0, 1, 1, 0, 0, 1, 0, 0, 0, 1, 1, 1, 1]",1,110110010001111
"[0, 1, 0, 0, 0, 0, 1, 0, 1, 1, 1, 1, 1, 0, 0]",1,010000101111100
"[1, 0, 1, 0, 1, 1, 0, 1, 0, 0, 1, 0, 1, 0, 1]",1,101011010010101
"[1, 0, 1, 1, 0, 0, 0, 0, 0, 1, 1, 1, 0, 1, 1]",1,101100000111011
"[1, 1, 0, 1, 0, 1, 0, 0, 1, 1, 0, 1, 0, 1, 0]",2,110101001101010
"[0, 1, 0, 0, 0, 1, 1, 1, 0, 1, 1, 1, 0, 0, 1]",1,010001110111001
"[0, 1, 0, 0, 1, 0, 0, 0, 1, 1, 0, 0, 0, 0, 0]",1,010010001100000
"[1, 1, 0, 1, 0, 0, 1, 1, 0, 0, 1, 1, 0, 1, 1]",2,110100110011011
"[0, 1, 0, 1, 0, 0, 0, 1, 0, 0, 1, 1, 1, 1, 0]",1,010100010011110
"[1, 1, 0, 1, 0, 0, 1, 1, 0, 1, 0, 0, 0, 1, 0]",2,110100110100010
"[0, 1, 1, 0, 0, 1, 0, 1, 1, 0, 0, 0, 1, 1, 0]",1,011001011000110
"[0, 1, 0, 1, 0, 0, 1, 1, 0, 0, 0, 0, 1, 1, 0]",1,010100110000110
"[1, 0, 0, 0, 0, 0, 1, 0, 0, 0, 0, 1, 0, 1, 1]",2,100000100001011
"[1, 0, 0, 1, 1, 0, 1, 1, 1, 0, 1, 1, 0, 0, 0]",1,100110111011000
"[0, 0, 1, 1, 0, 0, 1, 1, 1, 0, 1, 1, 0, 0, 1]",1,001100111011001
"[0, 0, 1, 1, 0, 1, 1, 1, 1, 1, 0, 1, 0, 0, 0]",1,001101111101000
"[1, 0, 1, 1, 1, 0, 1, 1, 0, 0, 1, 1, 0, 0, 1]",1,101110110011001
"[0, 1, 0, 1, 0, 1, 1, 1, 0, 1, 1, 0, 0, 0, 0]",1,010101110110000
"[1, 1, 1, 0, 1, 0, 0, 1, 1, 0, 0, 1, 1, 1, 1]",2,111010011001111
"[1, 1, 0, 1, 0, 0, 1, 0, 1, 1, 1, 1, 1, 1, 0]",1,110100101111110
"[1, 1, 0, 0, 0, 1, 0, 1, 0, 0, 1, 0, 1, 1, 1]",2,110001010010111
"[0, 1, 0, 0, 1, 0, 1, 0, 1, 0, 0, 1, 1, 1, 1]",2,010010101001111
"[1, 0, 0, 0, 0, 0, 0, 1, 1, 1, 1, 1, 0, 0, 1]",1,100000011111001
"[0, 1, 1, 1, 0, 0, 0, 0, 1, 1, 0, 0, 1, 0, 1]",1,011100001100101
"[1, 0, 0, 0, 0, 1, 0, 0, 0, 0, 1, 0, 0, 1, 0]",1,100001000010010
"[0, 1, 1, 0, 0, 0, 1, 1, 0, 0, 0, 1, 1, 1, 1]",1,011000110001111
"[0, 1, 0, 0, 0, 1, 1, 0, 1, 0, 0, 1, 0, 0, 1]",1,010001101001001
"[1, 1, 1, 0, 1, 1, 1, 0, 1, 1, 0, 1, 0, 0, 1]",1,111011101101001
"[0, 1, 0, 0, 0, 1, 0, 1, 0, 0, 1, 0, 1, 1, 0]",1,010001010010110
"[0, 0, 1, 0, 1, 1, 1, 0, 0, 1, 1, 1, 1, 0, 0]",1,001011100111100
"[0, 0, 0, 1, 0, 1, 1, 1, 1, 0, 1, 1, 1, 1, 1]",2,000101111011111
"[0, 0, 1, 0, 0, 0, 1, 1, 1, 1, 1, 0, 0, 0, 0]",1,001000111110000
"[0, 1, 0, 0, 0, 1, 1, 0, 1, 0, 1, 0, 0, 0, 0]",1,010001101010000
"[0, 0, 0, 1, 0, 0, 1, 0, 0, 1, 0, 0, 0, 1, 1]",1,000100100100011
"[1, 0, 1, 0, 1, 0, 0, 0, 0, 1, 0, 1, 0, 0, 0]",1,101010000101000
"[0, 1, 1, 0, 0, 0, 0, 1, 0, 1, 1, 1, 0, 1, 1]",1,011000010111011
"[0, 1, 1, 1, 0, 0, 0, 0, 1, 0, 1, 1, 1, 1, 0]",1,011100001011110
"[0, 1, 1, 1, 0, 0, 0, 0, 1, 1, 1, 0, 1, 1, 1]",1,011100001110111
"[1, 0, 1, 1, 1, 0, 1, 1, 1, 0, 1, 0, 0, 1, 0]",1,101110111010010
"[0, 1, 1, 0, 0, 1, 1, 0, 0, 0, 1, 0, 1, 0, 1]",3,011001100010101
"[1, 1, 0, 1, 0, 0, 0, 1, 0, 0, 0, 1, 0, 0, 0]",1,110100010001000
"[1, 0, 0, 0, 1, 0, 1, 1, 0, 0, 0, 0, 0, 0, 0]",2,100010110000000
"[0, 1, 1, 1, 0, 0, 0, 0, 0, 0, 0, 1, 0, 0, 0]",1,011100000001000
"[0, 1, 0, 0, 1, 1, 0, 1, 1, 1, 0, 0, 1, 1, 1]",1,010011011100111
"[0, 0, 1, 1, 1, 1, 1, 1, 1, 1, 1, 0, 0, 0, 1]",1,001111111110001
"[1, 0, 1, 1, 0, 0, 1, 0, 1, 0, 0, 1, 1, 1, 1]",1,101100101001111
"[0, 0, 0, 0, 1, 0, 0, 1, 1, 1, 1, 0, 1, 1, 0]",1,000010011110110
"[1, 1, 0, 1, 1, 0, 1, 1, 0, 0, 0, 0, 0, 0, 0]",1,110110110000000
"[1, 1, 1, 1, 1, 1, 0, 0, 1, 1, 0, 1, 0, 0, 0]",1,111111001101000
"[0, 1, 0, 1, 0, 1, 1, 0, 0, 0, 1, 1, 0, 0, 1]",2,010101100011001
"[1, 0, 1, 1, 1, 1, 0, 1, 0, 0, 1, 1, 0, 0, 0]",1,101111010011000
"[1, 1, 0, 0, 1, 1, 1, 0, 0, 1, 1, 1, 0, 0, 0]",1,110011100111000
"[0, 1, 0, 0, 1, 1, 0, 0, 1, 1, 0, 0, 1, 1, 1]",2,010011001100111
"[1, 1, 1, 0, 1, 0, 0, 1, 0, 1, 1, 0, 1, 1, 0]",1,111010010110110
"[0, 0, 1, 0, 1, 1, 1, 0, 0, 0, 0, 0, 1, 1, 1]",1,001011100000111
"[0, 0, 0, 1, 0, 1, 0, 1, 1, 1, 1, 0, 0, 0, 0]",1,000101011110000
"[1, 0, 0, 1, 1, 1, 1, 0, 1, 1, 1, 0, 1, 1, 0]",1,100111101110110
"[0, 1, 1, 1, 0, 1, 0, 0, 0, 0, 0, 0, 0, 0, 0]",1,011101000000000
"[1, 0, 1, 1, 1, 1, 0, 0, 1, 1, 1, 0, 1, 1, 1]",1,101111001110111
"[1, 0, 1, 1, 0, 1, 0, 1, 0, 0, 1, 0, 0, 1, 0]",1,101101010010010
"[0, 0, 0, 1, 0, 1, 1, 0, 0, 1, 0, 1, 0, 0, 1]",1,000101100101001
"[1, 0, 0, 1, 1, 0, 1, 0, 1, 1, 1, 1, 0, 0, 0]",2,100110101111000
"[1, 1, 0, 0, 1, 0, 1, 1, 1, 0, 1, 1, 0, 0, 1]",1,110010111011001
"[0, 1, 1, 1, 1, 1, 1, 0, 0, 0, 0, 0, 0, 0, 1]",2,011111100000001
"[1, 0, 0, 1, 0, 0, 1, 0, 1, 0, 1, 0, 0, 0, 1]",1,100100101010001
"[1, 0, 0, 0, 1, 0, 1, 0, 0, 1, 0, 1, 1, 0, 0]",1,100010100101100
"[0, 1, 0, 0, 0, 1, 1, 1, 0, 1, 1, 1, 1, 0, 1]",1,010001110111101
"[0, 0, 0, 1, 0, 0, 0, 1, 1, 1, 0, 0, 1, 1, 0]",1,000100011100110
"[1, 1, 0, 1, 0, 1, 0, 0, 0, 1, 0, 0, 0, 0, 0]",1,110101000100000
"[1, 1, 0, 0, 0, 1, 1, 0, 0, 1, 0, 0, 0, 0, 1]",1,110001100100001
"[0, 0, 1, 0, 1, 1, 0, 0, 1, 1, 1, 0, 0, 1, 0]",1,001011001110010
"[0, 0, 0, 0, 0, 0, 1, 1, 0, 0, 0, 0, 0, 0, 0]",1,000000110000000
"[1, 1, 1, 0, 0, 0, 0, 1, 0, 0, 0, 0, 0, 1, 0]",1,111000010000010
"[1, 0, 1, 0, 1, 1, 0, 1, 1, 0, 1, 1, 0, 0, 1]",2,101011011011001
"[1, 0, 0, 1, 1, 0, 1, 1, 1, 1, 0, 1, 0, 0, 1]",1,100110111101001
"[1, 1, 1, 0, 1, 1, 0, 0, 0, 0, 0, 1, 0, 0, 0]",1,111011000001000
"[1, 0, 1, 0, 1, 1, 1, 1, 1, 1, 0, 1, 0, 0, 0]",1,101011111101000
"[1, 0, 0, 1, 1, 0, 0, 1, 0, 0, 1, 1, 0, 0, 1]",1,100110010011001
"[0, 1, 1, 1, 0, 0, 0, 1, 1, 0, 1, 1, 0, 1, 0]",1,011100011011010
"[1, 0, 1, 0, 1, 0, 1, 0, 1, 1, 0, 1, 0, 1, 1]",1,101010101101011
"[1, 0, 1, 1, 1, 0, 1, 1, 1, 0, 0, 1, 1, 1, 0]",1,101110111001110
"[1, 1, 1, 0, 1, 0, 1, 0, 0, 0, 1, 1, 1, 0, 0]",1,111010100011100
"[0, 1, 1, 1, 1, 1, 0, 1, 0, 0, 1, 1, 0, 1, 1]",1,011111010011011
"[0, 0, 0, 1, 1, 0, 1, 0, 1, 1, 0, 1, 0, 1, 1]",2,000110101101011
"[1, 0, 0, 1, 1, 0, 1, 0, 1, 1, 1, 1, 1, 0, 0]",1,100110101111100
"[0, 1, 1, 0, 0, 0, 1, 1, 1, 0, 1, 0, 1, 1, 0]",1,011000111010110
"[0, 0, 0, 0, 1, 0, 0, 1, 0, 0, 0, 1, 1, 1, 1]",1,000010010001111
"[0, 0, 0, 0, 0, 0, 1, 1, 1, 1, 0, 0, 0, 0, 1]",1,000000111100001
"[0, 0, 1, 1, 1, 1, 1, 0, 0, 1, 1, 1, 1, 0, 0]",1,001111100111100
"[0, 0, 0, 0, 0, 0, 0, 1, 0, 0, 1, 0, 1, 0, 0]",1,000000010010100
"[0, 1, 0, 0, 1, 1, 1, 0, 0, 1, 1, 1, 0, 1, 1]",1,010011100111011
"[0, 1, 0, 0, 1, 1, 1, 1, 1, 1, 0, 0, 0, 1, 0]",1,010011111100010
"[0, 1, 1, 0, 0, 1, 1, 1, 1, 0, 1, 0, 1, 0, 1]",1,011001111010101
"[0, 0, 0, 1, 0, 0, 0, 0, 1, 0, 0, 0, 0, 0, 1]",1,000100001000001
"[0, 0, 1, 1, 1, 0, 1, 0, 0, 0, 0, 1, 0, 1, 0]",1,001110100001010
"[1, 1, 1, 1, 1, 1, 1, 0, 0, 1, 0, 0, 0, 0, 1]",1,111111100100001
"[0, 0, 1, 0, 1, 0, 0, 1, 1, 1, 1, 1, 1, 1, 0]",2,001010011111110
"[1, 1, 1, 1, 1, 1, 1, 1, 0, 0, 0, 1, 1, 1, 0]",1,111111110001110
"[0, 1, 1, 1, 1, 1, 1, 0, 1, 1, 1, 1, 1, 0, 0]",1,011111101111100
"[0, 1, 0, 0, 1, 1, 1, 1, 1, 0, 0, 0, 0, 1, 0]",1,010011111000010
"[1, 0, 0, 0, 1, 0, 1, 0, 1, 1, 0, 0, 0, 0, 1]",1,100010101100001
"[1, 0, 1, 1, 1, 0, 0, 1, 0, 1, 0, 1, 0, 1, 0]",1,101110010101010
"[1, 1, 1, 0, 0, 0, 0, 1, 1, 0, 1, 0, 0, 1, 0]",1,111000011010010
"[0, 0, 1, 1, 0, 0, 0, 0, 1, 1, 1, 0, 1, 1, 0]",1,001100001110110
"[0, 1, 1, 1, 0, 0, 0, 1, 1, 1, 0, 1, 1, 1, 0]",1,011100011101110
"[0, 1, 1, 0, 1, 1, 1, 1, 0, 0, 0, 0, 0, 0, 0]",1,011011110000000
"[0, 0, 0, 1, 1, 1, 0, 1, 0, 1, 1, 0, 0, 1, 0]",2,000111010110010
"[0, 1, 0, 1, 1, 0, 1, 0, 0, 1, 0, 1, 1, 1, 1]",2,010110100101111
"[0, 0, 0, 0, 0, 0, 1, 0, 0, 1, 1, 0, 1, 1, 0]",1,000000100110110
"[1, 0, 0, 1, 0, 1, 1, 1, 1, 0, 0, 1, 0, 0, 1]",1,100101111001001
"[1, 1, 0, 1, 1, 1, 1, 1, 1, 1, 1, 0, 1, 1, 0]",1,110111111110110
"[0, 1, 0, 1, 0, 0, 1, 1, 0, 1, 1, 0, 1, 1, 0]",1,010100110110110
"[1, 0, 0, 0, 0, 0, 0, 1, 0, 0, 1, 0, 1, 1, 1]",2,100000010010111
"[0, 1, 0, 1, 1, 1, 0, 1, 0, 0, 0, 0, 1, 1, 1]",1,010111010000111
"[1, 0, 1, 1, 0, 1, 0, 0, 0, 1, 1, 0, 0, 1, 0]",1,101101000110010
"[0, 1, 0, 1, 0, 1, 0, 1, 0, 1, 1, 1, 1, 1, 0]",1,010101010111110
"[1, 0, 0, 0, 1, 0, 1, 1, 1, 0, 1, 1, 0, 1, 0]",1,100010111011010
"[0, 0, 0, 1, 1, 1, 1, 1, 1, 1, 1, 1, 1, 1, 0]",1,000111111111110
"[1, 0, 1, 0, 1, 1, 1, 1, 1, 0, 0, 0, 0, 1, 0]",2,101011111000010
"[0, 0, 1, 1, 0, 0, 0, 0, 0, 0, 0, 1, 0, 0, 1]",1,001100000001001
"[1, 0, 0, 1, 0, 1, 1, 1, 1, 1, 1, 0, 0, 0, 1]",1,100101111110001
"[1, 1, 1, 0, 1, 1, 1, 1, 0, 1, 0, 1, 0, 0, 0]",1,111011110101000
"[1, 1, 1, 1, 0, 1, 0, 0, 1, 0, 0, 1, 0, 1, 0]",1,111101001001010
"[1, 1, 0, 1, 1, 0, 0, 1, 0, 1, 0, 1, 1, 0, 1]",1,110110010101101
"[1, 1, 1, 1, 1, 0, 1, 1, 1, 1, 1, 1, 0, 0, 0]",1,111110111111000
"[1, 1, 1, 0, 0, 1, 1, 0, 0, 1, 1, 1, 1, 1, 0]",1,111001100111110
"[1, 0, 1, 1, 0, 0, 0, 0, 0, 1, 0, 0, 1, 0, 1]",1,101100000100101
"[1, 1, 0, 1, 0, 1, 1, 1, 1, 0, 0, 0, 0, 1, 1]",1,110101111000011
"[0, 0, 1, 0, 1, 0, 1, 1, 1, 1, 0, 1, 0, 1, 0]",1,001010111101010
"[1, 1, 1, 0, 1, 1, 1, 1, 1, 1, 0, 1, 0, 1, 0]",1,111011111101010
"[1, 1, 0, 1, 1, 1, 0, 0, 0, 1, 1, 0, 0, 1, 0]",1,110111000110010
"[1, 1, 0, 0, 0, 1, 0, 1, 1, 0, 1, 0, 1, 0, 0]",1,110001011010100
"[0, 0, 0, 1, 0, 1, 0, 0, 1, 0, 0, 1, 0, 0, 0]",1,000101001001000
"[0, 1, 1, 1, 1, 1, 0, 0, 1, 0, 1, 1, 0, 0, 0]",1,011111001011000
"[1, 0, 0, 0, 0, 0, 0, 0, 1, 0, 0, 0, 1, 0, 1]",1,100000001000101
"[1, 0, 1, 1, 0, 1, 0, 1, 1, 0, 1, 1, 0, 1, 0]",1,101101011011010
"[1, 1, 0, 0, 1, 1, 1, 0, 0, 0, 1, 0, 0, 1, 1]",1,110011100010011
"[1, 1, 0, 1, 0, 1, 1, 0, 0, 0, 0, 0, 1, 1, 0]",1,110101100000110
"[1, 1, 0, 0, 1, 1, 0, 1, 0, 1, 0, 0, 0, 0, 0]",1,110011010100000
"[0, 0, 1, 0, 0, 1, 1, 0, 0, 1, 0, 0, 0, 1, 1]",2,001001100100011
"[1, 1, 0, 0, 1, 0, 0, 0, 0, 0, 0, 1, 1, 0, 0]",1,110010000001100
"[1, 0, 0, 0, 1, 0, 0, 0, 1, 0, 1, 0, 0, 0, 1]",1,100010001010001
"[1, 0, 1, 0, 0, 0, 0, 1, 0, 1, 0, 1, 1, 0, 1]",1,101000010101101
"[1, 1, 1, 0, 0, 1, 0, 0, 0, 1, 0, 0, 0, 0, 0]",2,111001000100000
"[1, 0, 1, 1, 1, 1, 1, 0, 1, 1, 1, 1, 0, 0, 0]",1,101111101111000
"[0, 1, 0, 1, 0, 0, 0, 0, 1, 1, 1, 1, 1, 1, 0]",1,010100001111110
"[0, 0, 0, 1, 1, 1, 0, 0, 0, 0, 0, 0, 1, 0, 1]",1,000111000000101
"[0, 1, 1, 0, 0, 0, 1, 0, 0, 0, 0, 1, 0, 0, 1]",1,011000100001001
"[0, 1, 1, 1, 0, 1, 1, 0, 0, 1, 1, 1, 0, 1, 0]",1,011101100111010
"[1, 0, 0, 1, 0, 1, 1, 0, 0, 0, 1, 1, 1, 0, 0]",1,100101100011100
"[0, 0, 1, 0, 0, 1, 1, 1, 0, 1, 0, 1, 1, 1, 1]",1,001001110101111
"[0, 0, 0, 1, 1, 0, 0, 0, 0, 0, 1, 1, 0, 1, 1]",1,000110000011011
"[0, 0, 1, 0, 0, 1, 0, 1, 0, 1, 1, 0, 1, 1, 0]",1,001001010110110
"[0, 0, 0, 0, 1, 0, 1, 0, 1, 1, 0, 0, 1, 1, 0]",1,000010101100110
"[0, 1, 1, 1, 0, 1, 0, 0, 1, 1, 1, 1, 1, 0, 0]",1,011101001111100
"[0, 0, 1, 0, 1, 1, 1, 0, 0, 1, 0, 0, 1, 1, 0]",1,001011100100110
"[1, 0, 0, 0, 0, 0, 1, 1, 0, 1, 0, 1, 0, 1, 1]",2,100000110101011
"[1, 1, 0, 1, 1, 0, 1, 0, 1, 0, 1, 0, 0, 1, 0]",1,110110101010010
"[0, 1, 0, 0, 1, 0, 0, 0, 1, 0, 0, 0, 0, 0, 1]",1,010010001000001
"[0, 0, 1, 1, 1, 1, 0, 1, 1, 0, 0, 0, 0, 1, 0]",1,001111011000010
"[1, 1, 0, 0, 1, 0, 0, 0, 0, 1, 1, 1, 0, 0, 1]",1,110010000111001
"[1, 1, 1, 0, 1, 1, 0, 0, 1, 1, 1, 0, 1, 1, 1]",1,111011001110111
"[0, 1, 1, 1, 1, 1, 0, 0, 0, 1, 0, 1, 0, 0, 1]",1,011111000101001
"[0, 0, 1, 0, 1, 1, 0, 0, 1, 1, 0, 0, 1, 0, 1]",1,001011001100101
"[0, 1, 0, 0, 0, 1, 0, 1, 1, 1, 0, 1, 1, 0, 0]",1,010001011101100
"[0, 0, 1, 0, 1, 0, 0, 0, 1, 1, 0, 1, 0, 0, 1]",2,001010001101001
"[1, 0, 1, 0, 1, 0, 1, 0, 0, 1, 1, 0, 1, 0, 0]",1,101010100110100
"[1, 1, 0, 0, 0, 0, 0, 0, 1, 0, 0, 1, 1, 0, 0]",1,110000001001100
"[0, 0, 0, 0, 1, 1, 0, 0, 0, 1, 0, 0, 0, 0, 0]",1,000011000100000
"[0, 0, 1, 0, 1, 0, 0, 1, 0, 0, 1, 1, 0, 0, 1]",1,001010010011001
"[0, 1, 0, 1, 0, 0, 1, 0, 1, 1, 0, 0, 1, 1, 1]",1,010100101100111
"[1, 1, 0, 0, 1, 0, 0, 0, 0, 0, 1, 1, 1, 0, 1]",1,110010000011101
"[1, 1, 1, 0, 0, 0, 1, 0, 1, 0, 0, 1, 0, 0, 0]",1,111000101001000
"[1, 0, 1, 1, 1, 0, 1, 1, 0, 0, 1, 0, 1, 1, 0]",1,101110110010110
"[1, 0, 0, 1, 1, 0, 1, 0, 1, 0, 1, 0, 0, 1, 1]",2,100110101010011
"[1, 0, 0, 1, 1, 1, 1, 1, 0, 1, 1, 0, 1, 1, 0]",2,100111110110110
"[0, 1, 1, 1, 1, 0, 1, 1, 0, 0, 1, 0, 1, 1, 1]",1,011110110010111
"[1, 1, 1, 1, 0, 0, 1, 1, 1, 1, 1, 0, 1, 1, 0]",1,111100111110110
"[1, 0, 0, 0, 1, 1, 0, 1, 0, 1, 0, 0, 0, 0, 1]",1,100011010100001
"[0, 1, 0, 1, 1, 0, 1, 0, 0, 1, 0, 1, 1, 0, 1]",2,010110100101101
"[0, 0, 0, 1, 1, 0, 1, 1, 1, 0, 1, 1, 0, 1, 1]",1,000110111011011
"[0, 0, 0, 0, 0, 1, 1, 0, 1, 1, 0, 1, 0, 0, 1]",1,000001101101001
"[0, 1, 1, 0, 0, 1, 1, 0, 0, 0, 1, 0, 1, 1, 0]",1,011001100010110
"[1, 0, 0, 0, 0, 1, 0, 0, 1, 0, 0, 1, 1, 0, 1]",2,100001001001101
"[1, 0, 0, 1, 0, 0, 0, 1, 1, 0, 0, 0, 0, 1, 1]",1,100100011000011
"[0, 1, 0, 1, 1, 0, 0, 1, 0, 1, 0, 1, 1, 0, 0]",1,010110010101100
"[1, 1, 1, 0, 1, 0, 0, 0, 0, 0, 1, 0, 0, 0, 0]",1,111010000010000
"[1, 1, 1, 0, 1, 1, 0, 0, 1, 1, 1, 1, 1, 0, 0]",1,111011001111100
"[0, 0, 0, 0, 1, 0, 1, 0, 0, 1, 0, 1, 1, 1, 1]",1,000010100101111
"[0, 1, 1, 1, 1, 0, 1, 0, 0, 1, 0, 1, 1, 1, 0]",1,011110100101110
"[1, 1, 1, 0, 0, 1, 1, 0, 0, 1, 1, 0, 1, 0, 1]",1,111001100110101
"[1, 1, 1, 1, 0, 1, 0, 0, 1, 1, 1, 1, 0, 1, 0]",1,111101001111010
"[1, 1, 1, 0, 0, 0, 0, 0, 1, 1, 1, 1, 1, 0, 0]",1,111000001111100
"[0, 0, 0, 0, 1, 1, 1, 1, 1, 1, 0, 0, 0, 0, 0]",2,000011111100000
"[1, 0, 1, 1, 0, 1, 1, 1, 0, 0, 1, 1, 0, 0, 1]",1,101101110011001
"[1, 1, 0, 1, 0, 1, 1, 1, 0, 0, 0, 1, 0, 0, 0]",1,110101110001000
"[1, 0, 1, 0, 1, 1, 0, 0, 1, 0, 0, 0, 0, 0, 0]",2,101011001000000
"[0, 0, 0, 1, 1, 1, 1, 0, 0, 1, 0, 1, 0, 0, 0]",2,000111100101000
"[1, 1, 1, 0, 1, 1, 0, 0, 1, 1, 0, 0, 0, 1, 1]",1,111011001100011
"[0, 1, 0, 0, 1, 0, 0, 1, 0, 1, 0, 0, 1, 1, 0]",1,010010010100110
"[0, 0, 1, 1, 0, 1, 1, 0, 0, 1, 0, 1, 1, 1, 0]",1,001101100101110
"[1, 1, 0, 1, 0, 1, 1, 1, 0, 1, 1, 1, 0, 0, 1]",1,110101110111001
"[1, 1, 0, 0, 1, 1, 0, 0, 0, 1, 1, 0, 0, 0, 1]",1,110011000110001
"[1, 0, 0, 0, 0, 0, 1, 1, 1, 1, 1, 1, 0, 1, 0]",1,100000111111010
"[1, 1, 1, 1, 0, 0, 0, 0, 1, 0, 1, 0, 0, 1, 0]",1,111100001010010
"[1, 0, 1, 0, 1, 1, 0, 1, 1, 0, 0, 0, 1, 0, 0]",1,101011011000100
"[0, 0, 0, 0, 0, 0, 0, 0, 0, 0, 1, 0, 0, 0, 0]",1,000000000010000
"[1, 1, 1, 0, 1, 0, 1, 1, 1, 0, 1, 0, 0, 1, 0]",1,111010111010010
"[0, 1, 0, 0, 0, 0, 1, 0, 0, 1, 0, 0, 0, 1, 1]",1,010000100100011
"[1, 0, 1, 0, 1, 0, 1, 1, 1, 1, 0, 0, 1, 1, 0]",1,101010111100110
"[0, 1, 1, 1, 1, 0, 1, 1, 0, 0, 0, 0, 0, 0, 0]",1,011110110000000
"[0, 0, 0, 0, 0, 1, 0, 1, 0, 1, 0, 0, 0, 1, 1]",1,000001010100011
"[1, 1, 1, 1, 0, 0, 0, 0, 1, 1, 0, 1, 1, 1, 0]",1,111100001101110
"[1, 1, 0, 0, 0, 0, 0, 1, 1, 1, 1, 0, 0, 0, 0]",1,110000011110000
"[0, 1, 0, 1, 1, 0, 1, 0, 0, 1, 1, 0, 1, 0, 0]",1,010110100110100
"[0, 1, 0, 1, 0, 0, 0, 1, 1, 0, 1, 1, 1, 1, 0]",1,010100011011110
"[0, 0, 1, 1, 0, 0, 1, 1, 0, 1, 1, 0, 0, 0, 0]",2,001100110110000
"[0, 1, 1, 0, 0, 0, 0, 1, 0, 1, 0, 0, 0, 0, 1]",1,011000010100001
"[1, 1, 0, 1, 1, 0, 1, 0, 1, 1, 0, 1, 1, 0, 1]",1,110110101101101
"[0, 1, 0, 1, 1, 0, 0, 0, 0, 1, 1, 1, 1, 0, 0]",1,010110000111100
"[1, 1, 0, 0, 0, 0, 0, 0, 1, 0, 0, 1, 1, 1, 1]",1,110000001001111
"[1, 0, 1, 0, 1, 1, 1, 1, 0, 0, 0, 0, 0, 0, 0]",1,101011110000000
"[0, 0, 0, 0, 1, 1, 1, 0, 1, 0, 0, 1, 1, 0, 1]",1,000011101001101
"[0, 1, 1, 1, 0, 1, 0, 1, 0, 1, 0, 1, 0, 1, 0]",1,011101010101010
"[1, 0, 0, 0, 0, 0, 1, 1, 1, 0, 1, 0, 0, 0, 0]",1,100000111010000
"[0, 1, 1, 1, 1, 1, 1, 1, 1, 0, 1, 0, 0, 0, 0]",2,011111111010000
"[0, 0, 0, 1, 0, 0, 1, 1, 1, 0, 0, 1, 1, 0, 0]",1,000100111001100
"[0, 1, 1, 1, 1, 0, 0, 0, 1, 1, 0, 0, 1, 1, 1]",1,011110001100111
"[1, 1, 0, 1, 1, 0, 1, 1, 1, 1, 0, 0, 0, 0, 1]",1,110110111100001
"[0, 1, 0, 0, 1, 0, 1, 1, 0, 1, 1, 0, 1, 1, 1]",1,010010110110111
"[0, 1, 1, 1, 1, 0, 1, 0, 1, 0, 0, 0, 1, 1, 1]",1,011110101000111
"[0, 1, 1, 0, 1, 0, 1, 1, 1, 1, 1, 1, 0, 1, 0]",1,011010111111010
"[1, 0, 0, 1, 0, 0, 0, 1, 0, 1, 0, 1, 1, 1, 1]",1,100100010101111
"[0, 1, 0, 0, 0, 0, 1, 1, 1, 1, 0, 0, 1, 0, 1]",2,010000111100101
"[0, 1, 1, 1, 1, 0, 1, 0, 1, 1, 1, 0, 1, 0, 1]",1,011110101110101
"[0, 0, 0, 0, 1, 1, 1, 1, 0, 0, 0, 1, 1, 0, 1]",1,000011110001101
"[0, 0, 0, 1, 0, 1, 1, 0, 0, 1, 0, 1, 0, 0, 0]",1,000101100101000
"[1, 1, 0, 0, 0, 1, 1, 1, 0, 1, 0, 1, 0, 1, 1]",1,110001110101011
"[0, 0, 1, 0, 1, 1, 0, 0, 0, 0, 1, 1, 0, 1, 0]",1,001011000011010
"[1, 1, 1, 0, 1, 0, 1, 0, 0, 1, 1, 0, 0, 1, 1]",1,111010100110011
"[0, 1, 0, 1, 0, 1, 1, 0, 0, 1, 0, 1, 0, 1, 0]",1,010101100101010
"[1, 1, 1, 0, 0, 1, 0, 1, 0, 1, 1, 0, 0, 1, 1]",1,111001010110011
"[1, 1, 0, 1, 0, 1, 0, 0, 0, 0, 1, 1, 0, 1, 1]",1,110101000011011
"[1, 0, 1, 0, 0, 1, 0, 1, 1, 1, 1, 1, 1, 1, 0]",1,101001011111110
"[0, 0, 0, 1, 0, 0, 1, 0, 0, 1, 1, 0, 1, 1, 1]",1,000100100110111
"[0, 1, 1, 0, 1, 1, 1, 1, 1, 0, 1, 1, 0, 0, 0]",1,011011111011000
"[1, 1, 0, 1, 0, 0, 1, 0, 0, 1, 0, 0, 1, 1, 1]",1,110100100100111
"[1, 1, 1, 0, 0, 0, 1, 0, 1, 0, 0, 0, 1, 1, 0]",1,111000101000110
"[1, 0, 1, 1, 0, 1, 0, 0, 1, 1, 0, 0, 1, 0, 1]",1,101101001100101
"[0, 0, 1, 1, 1, 1, 1, 0, 0, 0, 1, 0, 1, 0, 0]",1,001111100010100
"[0, 1, 0, 1, 0, 1, 0, 0, 0, 1, 0, 0, 0, 0, 1]",1,010101000100001
"[1, 0, 1, 0, 0, 0, 1, 0, 1, 1, 0, 0, 1, 0, 0]",1,101000101100100
"[1, 0, 1, 0, 1, 0, 1, 1, 1, 1, 1, 0, 1, 0, 0]",1,101010111110100
"[0, 1, 1, 1, 0, 0, 0, 0, 1, 1, 1, 1, 0, 0, 1]",1,011100001111001
"[1, 0, 1, 0, 1, 1, 1, 0, 0, 0, 0, 1, 1, 1, 0]",1,101011100001110
"[1, 0, 0, 0, 0, 1, 1, 0, 0, 1, 1, 1, 0, 0, 0]",1,100001100111000
"[0, 1, 1, 0, 1, 1, 1, 1, 0, 1, 0, 1, 1, 1, 0]",1,011011110101110
"[1, 0, 1, 0, 0, 1, 1, 0, 1, 0, 0, 0, 0, 1, 0]",1,101001101000010
"[0, 0, 1, 1, 0, 1, 0, 0, 1, 0, 0, 1, 1, 0, 1]",1,001101001001101
"[1, 0, 0, 0, 0, 1, 1, 1, 0, 1, 1, 0, 0, 0, 1]",1,100001110110001
"[1, 0, 0, 0, 0, 0, 0, 1, 0, 0, 0, 0, 1, 0, 0]",1,100000010000100
"[0, 1, 0, 0, 1, 0, 1, 1, 0, 1, 0, 1, 1, 1, 1]",2,010010110101111
"[0, 1, 0, 1, 1, 1, 1, 1, 1, 0, 1, 1, 1, 0, 0]",2,010111111011100
"[1, 0, 1, 0, 0, 0, 0, 1, 1, 1, 0, 1, 0, 1, 0]",1,101000011101010
"[1, 0, 1, 0, 1, 0, 0, 0, 1, 0, 0, 0, 0, 1, 1]",1,101010001000011
"[0, 0, 1, 0, 0, 0, 0, 1, 0, 1, 1, 1, 0, 0, 0]",1,001000010111000
"[0, 1, 1, 1, 1, 0, 0, 0, 0, 0, 1, 0, 1, 0, 1]",1,011110000010101
"[0, 0, 1, 1, 1, 1, 0, 0, 0, 1, 1, 1, 0, 1, 1]",2,001111000111011
"[0, 1, 0, 0, 1, 1, 1, 0, 1, 0, 0, 0, 1, 1, 1]",1,010011101000111
"[0, 1, 1, 0, 0, 0, 0, 1, 0, 1, 1, 1, 0, 0, 1]",1,011000010111001
"[0, 0, 1, 0, 0, 0, 1, 0, 1, 0, 0, 0, 1, 1, 0]",1,001000101000110
"[1, 0, 1, 0, 1, 0, 1, 0, 0, 1, 1, 0, 0, 1, 0]",1,101010100110010
"[1, 0, 1, 1, 0, 1, 0, 0, 0, 1, 1, 0, 1, 1, 0]",1,101101000110110
"[0, 0, 1, 0, 1, 1, 0, 1, 1, 1, 1, 0, 0, 1, 0]",1,001011011110010
"[1, 1, 0, 1, 0, 1, 1, 0, 0, 1, 1, 1, 1, 1, 1]",3,110101100111111
"[1, 0, 1, 1, 0, 0, 0, 0, 1, 0, 1, 0, 1, 0, 1]",1,101100001010101
"[0, 1, 1, 0, 0, 0, 0, 1, 0, 1, 0, 1, 0, 0, 0]",1,011000010101000
"[1, 1, 1, 0, 0, 0, 0, 0, 0, 0, 1, 0, 0, 1, 1]",1,111000000010011
"[0, 1, 1, 1, 1, 0, 1, 1, 0, 0, 1, 0, 1, 1, 0]",1,011110110010110
"[0, 1, 0, 1, 0, 1, 0, 1, 0, 1, 0, 0, 1, 1, 0]",2,010101010100110
"[0, 1, 1, 1, 1, 1, 0, 0, 0, 1, 0, 0, 1, 0, 1]",1,011111000100101
"[0, 0, 1, 1, 1, 1, 0, 1, 0, 0, 0, 0, 1, 1, 0]",2,001111010000110
"[0, 0, 0, 1, 0, 0, 1, 0, 0, 0, 1, 0, 0, 0, 1]",1,000100100010001
"[1, 1, 1, 1, 0, 0, 1, 1, 0, 0, 1, 0, 0, 1, 0]",1,111100110010010
"[0, 1, 1, 1, 1, 0, 0, 0, 1, 0, 0, 0, 0, 0, 1]",1,011110001000001
"[0, 1, 1, 0, 1, 0, 0, 0, 0, 0, 1, 1, 1, 0, 0]",1,011010000011100
"[0, 0, 1, 0, 0, 0, 0, 1, 1, 0, 0, 1, 1, 1, 1]",1,001000011001111
"[0, 0, 0, 0, 1, 1, 1, 1, 1, 0, 1, 1, 1, 0, 0]",1,000011111011100
"[0, 1, 1, 1, 0, 0, 0, 1, 0, 1, 1, 0, 1, 1, 1]",1,011100010110111
"[0, 1, 0, 1, 1, 0, 1, 0, 1, 1, 1, 1, 0, 1, 1]",1,010110101111011
"[1, 1, 1, 1, 1, 0, 0, 1, 0, 0, 0, 1, 1, 0, 1]",2,111110010001101
"[0, 0, 0, 1, 0, 0, 1, 0, 0, 1, 0, 0, 0, 0, 1]",1,000100100100001
"[1, 0, 0, 1, 1, 1, 1, 1, 1, 1, 1, 1, 0, 1, 0]",1,100111111111010
"[1, 0, 0, 0, 1, 1, 0, 1, 0, 1, 0, 1, 0, 0, 1]",1,100011010101001
"[1, 0, 1, 0, 0, 0, 0, 1, 0, 0, 1, 1, 0, 0, 0]",1,101000010011000
"[1, 1, 0, 1, 0, 0, 1, 0, 1, 0, 0, 1, 1, 1, 1]",1,110100101001111
"[1, 1, 0, 0, 0, 1, 1, 0, 1, 1, 0, 1, 1, 1, 0]",2,110001101101110
"[1, 0, 1, 0, 0, 1, 1, 0, 0, 1, 1, 1, 1, 0, 1]",1,101001100111101
"[1, 0, 1, 0, 0, 0, 1, 1, 0, 0, 1, 0, 1, 0, 1]",1,101000110010101
"[0, 1, 1, 1, 0, 1, 1, 0, 1, 0, 1, 0, 1, 1, 0]",1,011101101010110
"[0, 0, 0, 0, 1, 1, 1, 1, 1, 1, 1, 0, 1, 1, 0]",1,000011111110110
"[1, 0, 0, 0, 1, 1, 1, 1, 0, 0, 1, 0, 1, 0, 0]",1,100011110010100
"[1, 1, 1, 0, 1, 0, 1, 0, 0, 0, 0, 1, 1, 1, 0]",1,111010100001110
"[1, 0, 0, 1, 0, 1, 1, 1, 1, 1, 0, 1, 0, 1, 1]",1,100101111101011
"[1, 1, 0, 0, 0, 0, 0, 1, 1, 0, 1, 0, 0, 1, 0]",1,110000011010010
"[0, 1, 0, 1, 0, 1, 0, 0, 0, 1, 0, 1, 1, 0, 1]",1,010101000101101
"[1, 1, 1, 1, 0, 1, 1, 1, 0, 1, 1, 1, 1, 0, 1]",1,111101110111101
"[1, 0, 0, 0, 1, 1, 1, 1, 0, 1, 0, 1, 0, 1, 1]",1,100011110101011
"[0, 0, 1, 0, 0, 1, 1, 1, 1, 0, 1, 0, 1, 0, 1]",1,001001111010101
"[1, 0, 1, 1, 0, 1, 0, 0, 1, 0, 1, 1, 0, 1, 1]",1,101101001011011
"[0, 1, 1, 0, 0, 1, 0, 1, 1, 1, 1, 1, 0, 1, 0]",2,011001011111010
"[1, 0, 1, 0, 1, 1, 0, 0, 1, 1, 0, 0, 0, 1, 1]",1,101011001100011
"[0, 0, 1, 1, 1, 1, 0, 1, 1, 1, 0, 0, 1, 0, 1]",1,001111011100101
"[0, 0, 0, 1, 1, 1, 1, 1, 0, 0, 0, 0, 0, 1, 0]",1,000111110000010
"[1, 1, 0, 1, 1, 0, 1, 1, 1, 0, 0, 1, 1, 1, 1]",1,110110111001111
"[1, 0, 0, 1, 0, 1, 1, 1, 0, 0, 0, 1, 1, 1, 1]",1,100101110001111
"[1, 1, 1, 0, 1, 1, 0, 0, 1, 1, 1, 1, 0, 1, 0]",1,111011001111010
"[1, 0, 1, 0, 0, 1, 0, 0, 1, 0, 1, 0, 1, 0, 1]",1,101001001010101
"[0, 1, 1, 1, 1, 0, 0, 1, 0, 1, 1, 1, 0, 0, 0]",1,011110010111000
"[0, 0, 0, 1, 0, 1, 1, 1, 0, 0, 1, 1, 0, 1, 0]",1,000101110011010
"[0, 0, 0, 0, 0, 0, 1, 0, 0, 1, 0, 1, 0, 0, 0]",1,000000100101000
"[1, 0, 1, 0, 0, 1, 1, 1, 0, 1, 0, 0, 1, 0, 1]",1,101001110100101
"[1, 0, 0, 1, 1, 1, 0, 0, 0, 0, 0, 1, 0, 1, 0]",1,100111000001010
"[0, 1, 0, 0, 1, 0, 1, 1, 0, 0, 0, 1, 1, 0, 1]",1,010010110001101
"[0, 0, 1, 1, 1, 1, 1, 1, 1, 0, 0, 0, 1, 0, 1]",1,001111111000101
"[1, 1, 0, 1, 1, 1, 1, 0, 0, 0, 0, 1, 0, 0, 0]",1,110111100001000
"[1, 0, 1, 1, 1, 1, 0, 0, 0, 0, 0, 0, 1, 1, 0]",1,101111000000110
"[1, 1, 1, 1, 1, 0, 0, 1, 1, 0, 0, 0, 0, 1, 1]",1,111110011000011
"[1, 1, 1, 0, 1, 1, 0, 0, 1, 0, 0, 0, 1, 1, 1]",1,111011001000111
"[1, 0, 1, 1, 0, 0, 1, 1, 0, 1, 0, 1, 0, 1, 1]",2,101100110101011
"[0, 1, 1, 0, 1, 1, 0, 1, 1, 1, 0, 0, 1, 1, 1]",1,011011011100111
"[0, 1, 1, 1, 0, 1, 0, 0, 1, 1, 1, 0, 1, 0, 1]",1,011101001110101
"[1, 0, 1, 0, 1, 0, 1, 0, 1, 0, 0, 1, 0, 1, 0]",1,101010101001010
"[0, 0, 0, 1, 1, 1, 1, 0, 0, 0, 1, 0, 0, 1, 0]",1,000111100010010
"[0, 1, 0, 1, 0, 0, 1, 0, 1, 1, 1, 1, 1, 1, 1]",1,010100101111111
"[0, 0, 1, 1, 1, 1, 1, 0, 0, 1, 0, 1, 0, 0, 0]",1,001111100101000
"[1, 1, 1, 0, 1, 0, 1, 0, 1, 1, 1, 0, 1, 1, 1]",1,111010101110111
"[1, 1, 0, 1, 0, 0, 0, 0, 0, 0, 1, 0, 1, 0, 0]",1,110100000010100
"[1, 0, 0, 0, 0, 0, 1, 0, 0, 0, 1, 1, 0, 0, 1]",1,100000100011001
"[0, 1, 0, 1, 1, 0, 0, 0, 0, 0, 0, 1, 0, 0, 1]",1,010110000001001
"[0, 1, 0, 0, 0, 0, 1, 1, 1, 0, 1, 1, 0, 0, 0]",1,010000111011000
"[1, 0, 1, 0, 1, 1, 1, 0, 1, 1, 1, 1, 1, 0, 1]",1,101011101111101
"[1, 1, 1, 0, 0, 0, 1, 0, 1, 1, 0, 1, 1, 1, 1]",2,111000101101111
"[1, 0, 1, 0, 0, 1, 0, 1, 1, 0, 1, 0, 0, 0, 1]",2,101001011010001
"[0, 1, 1, 0, 1, 1, 0, 1, 1, 0, 1, 0, 0, 1, 1]",2,011011011010011
"[0, 1, 1, 1, 1, 0, 1, 0, 1, 1, 0, 0, 1, 1, 1]",1,011110101100111
"[0, 0, 0, 0, 0, 0, 0, 1, 1, 1, 0, 1, 0, 1, 1]",2,000000011101011
"[0, 1, 1, 1, 1, 1, 0, 0, 0, 0, 1, 0, 1, 0, 0]",1,011111000010100
"[1, 0, 0, 1, 0, 0, 0, 0, 0, 1, 1, 0, 1, 0, 1]",2,100100000110101
"[0, 1, 1, 1, 0, 1, 0, 0, 0, 0, 1, 1, 0, 0, 1]",1,011101000011001
"[1, 0, 0, 0, 0, 0, 0, 1, 0, 1, 1, 1, 0, 0, 1]",1,100000010111001
"[1, 0, 1, 1, 0, 1, 1, 1, 1, 0, 1, 1, 1, 1, 1]",1,101101111011111
"[0, 1, 1, 0, 1, 0, 0, 1, 1, 1, 0, 0, 1, 0, 0]",1,011010011100100
"[1, 0, 1, 1, 1, 1, 0, 1, 0, 1, 1, 0, 1, 1, 1]",1,101111010110111
"[0, 1, 1, 1, 1, 0, 1, 1, 1, 1, 0, 1, 0, 1, 1]",1,011110111101011
"[1, 0, 1, 0, 1, 0, 1, 1, 1, 0, 1, 1, 1, 1, 0]",2,101010111011110
"[0, 0, 0, 1, 0, 0, 1, 0, 0, 0, 1, 1, 0, 1, 1]",1,000100100011011
"[1, 0, 0, 1, 0, 1, 1, 0, 1, 1, 0, 1, 1, 1, 1]",1,100101101101111
"[1, 1, 1, 0, 0, 0, 0, 0, 0, 1, 1, 0, 0, 1, 1]",1,111000000110011
"[1, 1, 0, 1, 0, 0, 0, 0, 1, 0, 1, 0, 1, 1, 1]",1,110100001010111
"[0, 1, 0, 0, 1, 0, 0, 0, 0, 0, 0, 0, 1, 0, 0]",1,010010000000100
"[1, 0, 0, 1, 1, 0, 0, 1, 1, 0, 0, 0, 1, 1, 1]",1,100110011000111
"[0, 0, 0, 1, 0, 0, 1, 0, 1, 1, 0, 1, 0, 0, 1]",1,000100101101001
"[0, 0, 1, 0, 1, 0, 1, 1, 0, 1, 1, 1, 0, 0, 1]",1,001010110111001
"[0, 0, 1, 0, 0, 0, 1, 1, 0, 0, 1, 0, 1, 1, 1]",1,001000110010111
"[0, 1, 1, 0, 0, 1, 0, 1, 1, 1, 1, 1, 0, 1, 1]",1,011001011111011
"[0, 0, 1, 0, 0, 0, 1, 1, 0, 0, 1, 0, 1, 0, 0]",1,001000110010100
"[1, 0, 0, 1, 1, 1, 0, 0, 1, 0, 0, 0, 1, 0, 0]",1,100111001000100
"[1, 0, 1, 1, 1, 0, 0, 0, 0, 0, 0, 1, 0, 0, 0]",1,101110000001000
"[1, 1, 0, 0, 1, 0, 1, 1, 0, 1, 0, 0, 0, 1, 0]",1,110010110100010
"[1, 1, 0, 1, 0, 1, 0, 0, 0, 0, 0, 0, 0, 1, 0]",1,110101000000010
"[0, 1, 1, 0, 1, 1, 1, 1, 0, 0, 0, 0, 1, 1, 0]",2,011011110000110
"[1, 0, 0, 0, 1, 1, 1, 0, 0, 0, 0, 0, 0, 1, 1]",1,100011100000011
"[1, 0, 1, 1, 0, 0, 1, 0, 1, 0, 1, 1, 0, 0, 1]",1,101100101011001
"[1, 0, 1, 0, 1, 1, 0, 1, 0, 1, 1, 0, 0, 0, 1]",1,101011010110001
"[1, 1, 1, 1, 1, 0, 0, 1, 1, 0, 1, 1, 1, 0, 0]",1,111110011011100
"[1, 1, 0, 0, 0, 1, 0, 1, 1, 1, 0, 0, 1, 0, 0]",1,110001011100100
"[0, 1, 1, 1, 0, 0, 1, 1, 0, 0, 0, 1, 1, 1, 0]",1,011100110001110
"[0, 0, 0, 0, 0, 0, 0, 1, 0, 0, 0, 0, 1, 1, 1]",1,000000010000111
"[1, 0, 0, 0, 0, 0, 1, 0, 0, 0, 0, 1, 1, 1, 1]",1,100000100001111
"[0, 1, 1, 1, 1, 0, 0, 0, 1, 1, 0, 0, 0, 0, 1]",1,011110001100001
"[0, 1, 1, 1, 1, 1, 0, 1, 0, 0, 1, 1, 0, 0, 0]",1,011111010011000
"[1, 1, 1, 0, 1, 1, 0, 0, 0, 1, 0, 0, 1, 0, 1]",1,111011000100101
"[0, 0, 0, 1, 1, 1, 0, 1, 1, 1, 0, 1, 1, 0, 0]",1,000111011101100
"[1, 1, 0, 0, 1, 0, 1, 0, 0, 1, 0, 1, 0, 0, 1]",1,110010100101001
"[1, 1, 0, 0, 1, 0, 0, 0, 1, 0, 1, 0, 0, 1, 0]",1,110010001010010
"[1, 1, 1, 0, 0, 0, 0, 0, 1, 0, 0, 1, 0, 0, 1]",1,111000001001001
"[1, 1, 1, 1, 0, 0, 1, 1, 1, 1, 1, 1, 1, 1, 0]",1,111100111111110
"[1, 0, 0, 1, 1, 1, 0, 0, 0, 0, 1, 1, 0, 1, 1]",1,100111000011011
"[0, 1, 0, 0, 1, 1, 1, 1, 0, 1, 1, 0, 0, 0, 1]",2,010011110110001
"[1, 0, 0, 0, 1, 0, 0, 0, 1, 1, 0, 1, 0, 1, 0]",1,100010001101010
"[1, 0, 0, 0, 0, 1, 1, 0, 1, 1, 1, 0, 1, 1, 1]",1,100001101110111
"[0, 1, 0, 0, 0, 0, 1, 1, 1, 0, 1, 0, 1, 1, 1]",1,010000111010111
"[1, 1, 1, 0, 1, 1, 1, 0, 0, 0, 1, 1, 0, 0, 0]",1,111011100011000
"[1, 1, 0, 0, 0, 1, 0, 1, 1, 0, 0, 1, 1, 0, 0]",1,110001011001100
"[1, 1, 1, 1, 0, 0, 1, 0, 1, 1, 1, 0, 0, 0, 0]",2,111100101110000
"[0, 1, 1, 1, 1, 0, 1, 1, 1, 0, 0, 1, 0, 1, 1]",1,011110111001011
"[0, 0, 0, 1, 1, 1, 1, 0, 0, 0, 1, 0, 1, 1, 0]",1,000111100010110
"[0, 0, 1, 1, 1, 1, 0, 1, 1, 1, 0, 1, 0, 1, 0]",1,001111011101010
"[0, 1, 0, 0, 0, 0, 1, 0, 0, 1, 0, 1, 0, 1, 1]",1,010000100101011
"[1, 0, 0, 1, 0, 0, 0, 1, 0, 1, 0, 1, 0, 1, 0]",1,100100010101010
"[1, 0, 1, 0, 0, 1, 0, 0, 1, 1, 1, 0, 0, 0, 0]",2,101001001110000
"[0, 0, 0, 1, 1, 1, 0, 0, 1, 1, 0, 0, 0, 0, 1]",1,000111001100001
"[0, 0, 1, 1, 1, 0, 1, 0, 0, 0, 1, 0, 1, 1, 0]",1,001110100010110
"[1, 1, 1, 1, 0, 1, 1, 1, 0, 1, 1, 1, 1, 0, 0]",1,111101110111100
"[0, 1, 1, 0, 1, 0, 0, 0, 1, 0, 0, 0, 0, 1, 1]",1,011010001000011
"[0, 1, 1, 1, 0, 0, 0, 0, 0, 0, 0, 0, 0, 1, 1]",1,011100000000011
"[1, 0, 1, 0, 1, 0, 1, 1, 0, 0, 0, 1, 0, 0, 1]",1,101010110001001
"[0, 1, 0, 0, 0, 1, 0, 0, 0, 1, 0, 0, 0, 1, 0]",1,010001000100010
"[1, 0, 0, 1, 1, 1, 0, 0, 1, 1, 1, 1, 1, 1, 1]",1,100111001111111
"[1, 0, 0, 0, 0, 1, 1, 1, 0, 0, 1, 1, 1, 0, 1]",1,100001110011101
"[0, 0, 1, 0, 1, 1, 1, 0, 1, 0, 1, 1, 0, 0, 1]",1,001011101011001
"[1, 0, 0, 1, 1, 0, 1, 0, 1, 0, 0, 0, 1, 1, 0]",1,100110101000110
"[1, 0, 1, 1, 0, 1, 1, 0, 1, 0, 0, 1, 0, 0, 0]",1,101101101001000
"[1, 0, 0, 0, 0, 0, 0, 0, 0, 0, 0, 0, 1, 1, 0]",1,100000000000110
"[0, 0, 0, 0, 1, 0, 0, 1, 1, 0, 1, 1, 0, 1, 0]",1,000010011011010
"[1, 0, 1, 0, 1, 1, 0, 0, 0, 1, 0, 1, 0, 1, 1]",1,101011000101011
"[1, 1, 0, 1, 0, 1, 1, 0, 1, 1, 0, 0, 1, 1, 0]",1,110101101100110
"[0, 1, 0, 0, 1, 0, 1, 1, 1, 0, 0, 0, 1, 1, 1]",1,010010111000111
"[1, 1, 1, 1, 0, 1, 0, 0, 1, 1, 1, 0, 1, 1, 1]",1,111101001110111
"[1, 1, 0, 1, 1, 0, 1, 1, 0, 0, 0, 0, 1, 0, 1]",1,110110110000101
"[0, 0, 1, 1, 1, 1, 1, 0, 1, 1, 1, 0, 0, 1, 1]",1,001111101110011
"[0, 0, 0, 0, 1, 0, 0, 1, 1, 1, 0, 1, 0, 1, 1]",1,000010011101011
"[1, 0, 1, 0, 0, 0, 1, 0, 0, 1, 1, 1, 0, 1, 1]",2,101000100111011
"[1, 0, 0, 0, 1, 0, 1, 0, 1, 1, 0, 0, 1, 1, 1]",1,100010101100111
"[0, 0, 1, 0, 1, 0, 0, 1, 1, 0, 0, 0, 0, 0, 1]",1,001010011000001
"[1, 1, 0, 1, 0, 1, 0, 1, 0, 0, 0, 1, 1, 0, 1]",1,110101010001101
"[1, 0, 0, 1, 0, 0, 0, 1, 1, 0, 0, 1, 1, 1, 0]",1,100100011001110
"[0, 1, 0, 0, 1, 0, 1, 1, 1, 0, 1, 1, 0, 0, 0]",1,010010111011000
"[1, 1, 1, 0, 0, 0, 1, 0, 0, 1, 1, 0, 1, 0, 0]",1,111000100110100
"[0, 0, 0, 1, 1, 1, 1, 1, 1, 0, 0, 1, 1, 1, 0]",1,000111111001110
"[0, 0, 0, 1, 1, 1, 1, 1, 1, 1, 1, 1, 0, 1, 1]",1,000111111111011
"[0, 0, 0, 1, 0, 0, 0, 0, 0, 1, 1, 0, 1, 1, 1]",1,000100000110111
"[0, 0, 1, 0, 1, 1, 0, 0, 1, 0, 0, 1, 1, 0, 1]",1,001011001001101
"[0, 1, 0, 0, 0, 0, 0, 1, 0, 1, 0, 0, 0, 1, 0]",1,010000010100010
"[0, 0, 0, 0, 0, 1, 1, 1, 0, 0, 0, 0, 1, 1, 1]",1,000001110000111
"[0, 1, 1, 0, 1, 1, 1, 1, 0, 1, 0, 0, 0, 0, 1]",1,011011110100001
"[0, 1, 0, 1, 1, 0, 1, 0, 1, 0, 1, 1, 1, 1, 0]",1,010110101011110
"[0, 0, 0, 0, 1, 1, 0, 1, 0, 0, 1, 0, 1, 0, 1]",1,000011010010101
"[0, 1, 1, 1, 0, 1, 0, 0, 0, 0, 0, 1, 0, 1, 1]",1,011101000001011
"[1, 1, 0, 1, 1, 0, 0, 0, 0, 1, 1, 0, 1, 0, 0]",1,110110000110100
"[0, 1, 1, 1, 0, 0, 1, 1, 1, 0, 0, 0, 0, 1, 1]",1,011100111000011
"[0, 0, 0, 0, 1, 0, 0, 1, 0, 0, 0, 0, 1, 0, 1]",1,000010010000101
"[0, 1, 0, 0, 1, 0, 1, 1, 1, 1, 1, 0, 1, 0, 0]",1,010010111110100
"[1, 1, 0, 0, 1, 0, 1, 1, 1, 0, 0, 1, 1, 0, 0]",2,110010111001100
"[1, 1, 0, 1, 0, 1, 1, 0, 0, 0, 1, 1, 0, 1, 0]",1,110101100011010
"[0, 0, 1, 1, 1, 0, 1, 1, 1, 1, 0, 0, 1, 0, 1]",1,001110111100101
"[1, 1, 0, 0, 0, 1, 1, 0, 1, 1, 0, 0, 0, 1, 1]",1,110001101100011
"[0, 0, 1, 1, 1, 1, 1, 1, 1, 0, 1, 1, 0, 1, 1]",1,001111111011011
"[0, 0, 1, 1, 1, 0, 0, 1, 0, 0, 1, 1, 0, 0, 0]",1,001110010011000
"[0, 0, 0, 1, 0, 0, 0, 0, 0, 0, 0, 1, 1, 0, 1]",1,000100000001101
"[0, 1, 0, 0, 1, 0, 1, 0, 0, 1, 1, 0, 1, 1, 1]",1,010010100110111
"[0, 1, 1, 0, 1, 1, 0, 1, 1, 1, 1, 1, 0, 0, 0]",1,011011011111000
"[0, 1, 1, 0, 0, 0, 0, 0, 1, 1, 0, 0, 1, 0, 1]",1,011000001100101
"[0, 0, 1, 0, 0, 0, 1, 0, 1, 1, 0, 1, 0, 1, 0]",1,001000101101010
"[1, 0, 1, 1, 0, 1, 1, 0, 0, 0, 0, 0, 0, 1, 0]",1,101101100000010
"[0, 0, 1, 0, 1, 0, 1, 1, 0, 0, 1, 1, 0, 0, 0]",1,001010110011000
"[1, 0, 0, 1, 0, 1, 0, 0, 1, 1, 0, 0, 1, 0, 1]",1,100101001100101
"[0, 1, 1, 0, 1, 0, 1, 0, 0, 0, 0, 0, 1, 1, 0]",1,011010100000110
"[0, 0, 0, 0, 1, 0, 0, 0, 1, 1, 1, 0, 0, 0, 0]",1,000010001110000
"[0, 1, 0, 1, 0, 1, 1, 0, 1, 0, 0, 0, 1, 0, 1]",1,010101101000101
"[1, 1, 1, 1, 1, 1, 0, 1, 0, 0, 0, 0, 1, 0, 0]",1,111111010000100
"[1, 0, 0, 0, 0, 0, 0, 1, 1, 0, 1, 1, 0, 0, 0]",1,100000011011000
"[1, 0, 0, 1, 0, 0, 0, 1, 0, 0, 1, 1, 1, 1, 0]",1,100100010011110
"[0, 1, 1, 1, 0, 1, 1, 1, 0, 0, 0, 0, 1, 0, 1]",1,011101110000101
"[1, 0, 1, 0, 0, 0, 1, 0, 1, 1, 0, 1, 1, 0, 1]",2,101000101101101
"[0, 0, 0, 1, 1, 0, 1, 1, 0, 0, 0, 0, 1, 1, 0]",1,000110110000110
"[1, 1, 0, 1, 1, 1, 0, 1, 1, 1, 0, 0, 0, 1, 0]",1,110111011100010
"[1, 0, 1, 1, 0, 1, 0, 0, 1, 1, 0, 1, 0, 0, 0]",1,101101001101000
"[1, 1, 1, 1, 1, 1, 0, 1, 0, 0, 0, 0, 0, 0, 1]",1,111111010000001
"[0, 1, 0, 1, 0, 1, 0, 0, 1, 1, 0, 1, 0, 1, 0]",1,010101001101010
"[1, 1, 0, 0, 1, 0, 1, 1, 1, 0, 1, 0, 0, 0, 0]",1,110010111010000
"[1, 0, 0, 1, 1, 1, 1, 0, 0, 1, 1, 1, 0, 1, 0]",1,100111100111010
"[0, 0, 0, 1, 0, 0, 1, 0, 1, 1, 0, 1, 0, 1, 0]",1,000100101101010
"[0, 0, 1, 0, 0, 0, 0, 0, 1, 1, 0, 1, 0, 0, 1]",1,001000001101001
"[1, 0, 1, 1, 0, 0, 1, 1, 0, 0, 0, 0, 1, 1, 0]",1,101100110000110
"[0, 1, 1, 1, 0, 0, 1, 1, 0, 0, 1, 0, 0, 1, 1]",1,011100110010011
"[1, 1, 1, 0, 0, 0, 1, 1, 1, 1, 0, 0, 1, 0, 0]",1,111000111100100
"[0, 0, 1, 0, 1, 1, 1, 0, 1, 1, 1, 1, 1, 1, 0]",1,001011101111110
"[0, 0, 1, 1, 0, 0, 1, 0, 0, 0, 0, 1, 0, 1, 1]",1,001100100001011
"[1, 0, 0, 1, 1, 1, 1, 1, 1, 1, 0, 1, 1, 0, 0]",1,100111111101100
"[1, 1, 0, 1, 0, 1, 1, 1, 1, 0, 1, 0, 1, 0, 0]",1,110101111010100
"[0, 0, 0, 0, 1, 1, 1, 0, 0, 1, 0, 1, 1, 0, 1]",1,000011100101101
"[1, 1, 0, 0, 1, 0, 1, 0, 0, 0, 1, 1, 0, 1, 0]",1,110010100011010
"[1, 1, 1, 1, 0, 1, 1, 0, 1, 0, 0, 0, 1, 1, 0]",1,111101101000110
"[1, 0, 0, 1, 0, 0, 0, 1, 1, 0, 0, 1, 1, 1, 1]",1,100100011001111
"[1, 1, 0, 1, 0, 1, 0, 0, 1, 1, 0, 0, 1, 1, 0]",2,110101001100110
"[1, 0, 0, 1, 0, 0, 1, 1, 0, 0, 0, 1, 1, 1, 0]",1,100100110001110
"[1, 1, 0, 1, 1, 1, 0, 1, 1, 1, 1, 0, 0, 1, 0]",1,110111011110010
"[1, 1, 1, 1, 0, 0, 0, 1, 1, 0, 0, 0, 1, 1, 0]",1,111100011000110
"[0, 0, 0, 0, 0, 0, 0, 1, 1, 0, 0, 0, 0, 1, 1]",2,000000011000011
"[1, 1, 0, 1, 1, 1, 1, 1, 0, 1, 1, 0, 0, 1, 1]",1,110111110110011
"[0, 1, 1, 0, 1, 1, 1, 0, 1, 1, 1, 0, 1, 0, 0]",1,011011101110100
"[0, 1, 0, 0, 1, 1, 0, 0, 0, 0, 1, 1, 1, 0, 0]",1,010011000011100
"[0, 1, 0, 1, 0, 1, 0, 1, 1, 1, 0, 1, 1, 0, 0]",1,010101011101100
"[0, 1, 0, 1, 1, 0, 0, 0, 1, 0, 1, 0, 1, 1, 0]",1,010110001010110
"[0, 0, 0, 0, 0, 0, 0, 1, 0, 0, 0, 0, 1, 1, 0]",1,000000010000110
"[1, 0, 1, 1, 0, 0, 1, 1, 0, 0, 0, 0, 0, 0, 1]",1,101100110000001
"[0, 1, 1, 1, 0, 0, 0, 1, 1, 1, 0, 1, 0, 1, 1]",1,011100011101011
"[1, 1, 0, 0, 0, 0, 1, 1, 1, 1, 1, 0, 0, 0, 0]",1,110000111110000
"[1, 1, 1, 1, 0, 0, 0, 0, 1, 1, 0, 0, 1, 1, 1]",1,111100001100111
"[1, 1, 0, 0, 0, 0, 0, 0, 1, 0, 0, 1, 0, 0, 1]",1,110000001001001
"[0, 0, 0, 1, 0, 1, 0, 0, 0, 1, 1, 1, 1, 0, 1]",1,000101000111101
"[1, 1, 1, 0, 0, 1, 0, 0, 0, 1, 0, 1, 0, 1, 0]",1,111001000101010
"[1, 1, 0, 0, 1, 0, 1, 0, 1, 1, 0, 0, 1, 1, 1]",1,110010101100111
"[1, 0, 0, 0, 0, 0, 0, 1, 0, 1, 0, 0, 0, 0, 0]",1,100000010100000
"[1, 1, 0, 0, 0, 0, 1, 0, 0, 0, 0, 0, 0, 0, 1]",1,110000100000001
"[1, 0, 0, 1, 1, 0, 1, 0, 0, 0, 0, 0, 1, 0, 1]",1,100110100000101
"[0, 1, 1, 1, 1, 0, 0, 0, 1, 0, 1, 1, 1, 1, 1]",1,011110001011111
"[0, 1, 1, 1, 1, 1, 0, 1, 1, 0, 0, 0, 1, 1, 0]",1,011111011000110
"[1, 0, 1, 1, 1, 0, 1, 0, 1, 1, 0, 1, 0, 1, 1]",1,101110101101011
"[0, 1, 1, 0, 1, 1, 1, 1, 0, 1, 1, 1, 1, 1, 1]",1,011011110111111
"[0, 0, 1, 1, 1, 1, 0, 1, 0, 0, 1, 1, 1, 1, 1]",1,001111010011111
"[1, 0, 0, 0, 1, 1, 1, 1, 1, 1, 1, 1, 0, 1, 0]",1,100011111111010
"[0, 1, 0, 0, 0, 0, 1, 1, 1, 1, 0, 0, 0, 1, 1]",1,010000111100011
"[0, 0, 0, 1, 1, 0, 0, 0, 1, 0, 1, 0, 1, 0, 0]",1,000110001010100
"[0, 0, 0, 1, 1, 0, 0, 0, 0, 1, 1, 1, 1, 1, 0]",1,000110000111110
"[1, 1, 1, 1, 1, 0, 0, 1, 0, 0, 0, 1, 0, 0, 0]",1,111110010001000
"[0, 1, 0, 0, 1, 1, 1, 1, 1, 0, 1, 1, 0, 0, 1]",1,010011111011001
"[0, 0, 1, 0, 0, 1, 1, 0, 0, 1, 1, 1, 0, 0, 0]",1,001001100111000
"[1, 0, 1, 1, 1, 1, 1, 0, 1, 0, 0, 1, 0, 1, 1]",1,101111101001011
"[0, 0, 0, 0, 1, 0, 0, 0, 0, 0, 1, 1, 1, 0, 0]",1,000010000011100
"[1, 0, 0, 0, 1, 1, 1, 0, 0, 0, 1, 1, 1, 1, 1]",1,100011100011111
"[0, 1, 0, 1, 0, 0, 0, 1, 1, 1, 1, 1, 0, 0, 0]",2,010100011111000
"[1, 0, 1, 0, 0, 1, 1, 0, 0, 0, 0, 0, 1, 0, 0]",1,101001100000100
"[1, 0, 0, 1, 1, 1, 0, 1, 1, 1, 0, 0, 1, 1, 1]",1,100111011100111
"[1, 0, 0, 1, 1, 0, 0, 1, 0, 1, 1, 1, 0, 0, 0]",1,100110010111000
"[0, 0, 1, 0, 1, 1, 0, 0, 1, 0, 1, 1, 0, 1, 0]",1,001011001011010
"[0, 1, 1, 0, 1, 1, 0, 1, 1, 0, 1, 1, 0, 0, 0]",1,011011011011000
"[0, 1, 0, 1, 0, 1, 1, 0, 1, 1, 0, 1, 0, 1, 1]",1,010101101101011
"[0, 0, 0, 0, 1, 0, 0, 0, 0, 0, 0, 1, 1, 0, 1]",1,000010000001101
"[0, 1, 0, 1, 0, 0, 1, 0, 1, 1, 0, 0, 0, 1, 1]",1,010100101100011
"[0, 0, 1, 0, 0, 0, 0, 1, 0, 0, 1, 0, 0, 1, 0]",1,001000010010010
"[0, 1, 0, 0, 0, 1, 1, 0, 1, 0, 0, 0, 0, 0, 1]",1,010001101000001
"[1, 1, 1, 1, 0, 1, 1, 0, 1, 1, 1, 1, 1, 1, 1]",1,111101101111111
"[0, 0, 0, 0, 0, 0, 0, 1, 0, 1, 1, 0, 1, 0, 0]",1,000000010110100
"[1, 0, 1, 1, 0, 1, 1, 0, 0, 1, 1, 0, 1, 0, 1]",1,101101100110101
"[1, 1, 0, 1, 1, 1, 1, 0, 0, 1, 1, 1, 1, 1, 0]",1,110111100111110
"[1, 0, 1, 0, 1, 1, 0, 1, 1, 0, 1, 0, 0, 0, 0]",1,101011011010000
"[0, 1, 0, 1, 1, 1, 1, 1, 0, 0, 1, 1, 0, 0, 1]",1,010111110011001
"[0, 1, 1, 1, 1, 1, 1, 1, 1, 1, 0, 0, 1, 1, 0]",1,011111111100110
"[1, 1, 0, 1, 1, 0, 1, 0, 0, 1, 0, 1, 1, 1, 1]",1,110110100101111
"[1, 1, 0, 0, 0, 1, 1, 1, 1, 0, 1, 0, 0, 0, 1]",1,110001111010001
"[0, 1, 1, 1, 0, 1, 0, 1, 1, 1, 0, 0, 1, 0, 1]",1,011101011100101
"[1, 0, 0, 0, 0, 1, 0, 1, 1, 0, 1, 0, 0, 0, 1]",1,100001011010001
"[1, 1, 1, 1, 1, 1, 0, 0, 0, 1, 1, 0, 1, 1, 1]",1,111111000110111
"[1, 1, 1, 1, 1, 0, 0, 1, 1, 1, 0, 0, 0, 0, 0]",2,111110011100000
"[0, 1, 0, 0, 0, 1, 0, 0, 0, 1, 0, 0, 0, 0, 0]",2,010001000100000
"[0, 1, 1, 1, 0, 1, 0, 0, 0, 1, 1, 1, 1, 0, 1]",1,011101000111101
"[0, 1, 1, 0, 1, 0, 0, 1, 0, 1, 0, 0, 1, 0, 0]",1,011010010100100
"[1, 1, 1, 0, 0, 1, 0, 1, 0, 0, 0, 1, 1, 1, 0]",1,111001010001110
"[1, 1, 0, 1, 0, 0, 0, 1, 1, 1, 0, 1, 0, 0, 0]",1,110100011101000
"[1, 1, 0, 0, 0, 1, 0, 0, 0, 0, 1, 0, 1, 1, 0]",1,110001000010110
"[0, 0, 0, 0, 0, 1, 0, 1, 1, 0, 0, 0, 0, 1, 1]",1,000001011000011
"[1, 1, 1, 0, 0, 1, 1, 1, 0, 0, 1, 0, 1, 1, 0]",2,111001110010110
"[0, 1, 1, 0, 1, 0, 1, 0, 1, 0, 0, 1, 0, 1, 0]",1,011010101001010
"[0, 0, 1, 0, 1, 1, 1, 0, 0, 1, 1, 0, 1, 1, 1]",2,001011100110111
"[0, 0, 1, 1, 1, 0, 0, 1, 0, 1, 0, 0, 1, 0, 0]",2,001110010100100
"[0, 1, 1, 0, 0, 0, 1, 1, 1, 1, 0, 0, 1, 0, 1]",1,011000111100101
"[0, 1, 1, 1, 1, 0, 0, 1, 0, 1, 0, 1, 1, 1, 1]",1,011110010101111
"[0, 1, 0, 1, 0, 1, 0, 1, 0, 1, 1, 0, 1, 1, 1]",1,010101010110111
"[1, 0, 0, 0, 0, 1, 1, 0, 1, 1, 0, 0, 1, 0, 0]",1,100001101100100
"[1, 1, 1, 0, 1, 0, 1, 0, 0, 0, 1, 1, 1, 1, 0]",1,111010100011110
"[0, 1, 0, 1, 1, 1, 0, 0, 1, 1, 1, 0, 0, 0, 1]",1,010111001110001
"[1, 1, 0, 0, 0, 1, 1, 1, 0, 0, 0, 1, 1, 0, 0]",1,110001110001100
"[0, 0, 0, 0, 0, 0, 0, 0, 1, 0, 1, 1, 0, 0, 0]",1,000000001011000
"[0, 1, 1, 0, 1, 0, 0, 0, 1, 1, 0, 1, 1, 1, 0]",1,011010001101110
"[1, 1, 0, 0, 1, 0, 1, 1, 1, 1, 1, 1, 1, 0, 0]",1,110010111111100
"[1, 0, 0, 0, 0, 1, 1, 1, 0, 1, 1, 0, 0, 0, 0]",1,100001110110000
"[1, 1, 1, 0, 0, 0, 1, 1, 0, 0, 1, 1, 0, 1, 0]",1,111000110011010
"[0, 1, 0, 0, 0, 0, 1, 1, 0, 1, 1, 0, 0, 0, 0]",1,010000110110000
"[1, 1, 1, 0, 1, 0, 1, 0, 0, 0, 1, 0, 0, 1, 1]",1,111010100010011
"[0, 1, 1, 0, 1, 0, 0, 1, 1, 1, 1, 1, 0, 1, 0]",1,011010011111010
"[1, 1, 0, 1, 0, 1, 1, 1, 0, 1, 0, 0, 1, 1, 1]",1,110101110100111
"[1, 1, 0, 0, 1, 0, 1, 0, 1, 1, 1, 1, 1, 1, 1]",1,110010101111111
"[1, 1, 1, 1, 1, 1, 0, 1, 0, 1, 0, 1, 1, 1, 0]",2,111111010101110
"[0, 1, 1, 1, 1, 0, 1, 1, 0, 1, 1, 0, 0, 0, 1]",1,011110110110001
"[0, 1, 1, 0, 1, 1, 0, 0, 1, 1, 0, 1, 0, 0, 0]",2,011011001101000
"[0, 1, 1, 0, 1, 1, 1, 0, 1, 0, 0, 0, 0, 0, 1]",2,011011101000001
"[1, 0, 1, 0, 1, 1, 0, 1, 0, 0, 1, 1, 0, 0, 0]",1,101011010011000
"[1, 0, 0, 0, 0, 0, 1, 1, 1, 1, 0, 1, 0, 1, 1]",2,100000111101011
"[1, 0, 1, 0, 0, 1, 1, 1, 0, 0, 1, 0, 1, 1, 1]",1,101001110010111
"[0, 1, 0, 1, 0, 1, 0, 0, 0, 1, 0, 0, 1, 0, 1]",1,010101000100101
"[0, 0, 1, 1, 1, 0, 0, 1, 0, 1, 0, 1, 1, 0, 1]",1,001110010101101
"[0, 0, 1, 1, 0, 1, 1, 1, 0, 1, 1, 0, 1, 1, 0]",1,001101110110110
"[0, 0, 0, 0, 1, 1, 0, 1, 1, 1, 1, 0, 0, 0, 0]",1,000011011110000
"[0, 0, 0, 0, 1, 0, 0, 1, 0, 0, 1, 1, 1, 1, 1]",1,000010010011111
"[1, 0, 0, 1, 0, 1, 0, 0, 1, 1, 1, 0, 1, 1, 0]",2,100101001110110
"[1, 1, 1, 0, 1, 0, 1, 0, 0, 1, 1, 0, 1, 0, 1]",1,111010100110101
"[0, 1, 1, 0, 0, 0, 1, 1, 1, 0, 0, 0, 0, 0, 1]",1,011000111000001
"[0, 1, 0, 0, 0, 0, 0, 1, 0, 1, 1, 0, 0, 0, 1]",1,010000010110001
"[1, 1, 1, 1, 1, 1, 1, 0, 0, 1, 0, 1, 0, 1, 1]",1,111111100101011
"[1, 1, 1, 1, 1, 1, 1, 0, 1, 0, 0, 1, 0, 1, 0]",1,111111101001010
"[1, 0, 0, 0, 0, 1, 0, 1, 1, 1, 0, 1, 1, 0, 0]",1,100001011101100
"[1, 0, 1, 0, 0, 1, 1, 1, 0, 0, 0, 0, 0, 0, 0]",1,101001110000000
"[1, 0, 1, 1, 1, 0, 0, 1, 0, 1, 1, 1, 0, 0, 0]",1,101110010111000
"[1, 1, 0, 1, 0, 1, 0, 1, 1, 1, 1, 1, 0, 1, 0]",1,110101011111010
"[1, 0, 1, 1, 1, 0, 1, 1, 0, 1, 1, 0, 1, 1, 1]",1,101110110110111
"[0, 0, 1, 1, 1, 1, 0, 0, 1, 0, 0, 1, 1, 1, 0]",1,001111001001110
"[1, 0, 0, 1, 1, 0, 1, 0, 1, 0, 1, 1, 1, 1, 0]",1,100110101011110
"[0, 0, 1, 0, 1, 0, 1, 1, 1, 0, 1, 1, 1, 1, 0]",1,001010111011110
"[0, 0, 1, 0, 1, 1, 1, 1, 1, 0, 0, 1, 0, 0, 0]",1,001011111001000
"[1, 0, 1, 0, 0, 0, 0, 0, 0, 0, 0, 1, 0, 1, 1]",1,101000000001011
"[1, 1, 0, 0, 1, 0, 0, 1, 0, 0, 1, 0, 0, 1, 0]",1,110010010010010
"[1, 1, 1, 0, 0, 0, 1, 0, 0, 1, 1, 1, 0, 1, 0]",1,111000100111010
"[1, 1, 0, 0, 1, 0, 1, 0, 1, 0, 1, 1, 1, 0, 1]",1,110010101011101
"[0, 1, 0, 0, 0, 0, 0, 1, 0, 0, 0, 1, 1, 0, 0]",1,010000010001100
"[0, 0, 0, 1, 1, 1, 1, 1, 0, 1, 1, 1, 1, 1, 1]",1,000111110111111
"[0, 0, 0, 0, 1, 1, 0, 1, 0, 1, 0, 0, 0, 0, 1]",1,000011010100001
"[0, 0, 1, 1, 1, 1, 0, 0, 1, 1, 0, 0, 0, 1, 1]",1,001111001100011
"[0, 0, 1, 0, 1, 0, 1, 1, 1, 0, 1, 1, 1, 0, 1]",1,001010111011101
"[1, 0, 1, 1, 1, 0, 1, 1, 0, 1, 0, 0, 1, 0, 0]",1,101110110100100
"[1, 0, 1, 1, 0, 0, 1, 0, 0, 1, 1, 1, 0, 1, 0]",1,101100100111010
"[0, 1, 0, 1, 0, 0, 1, 0, 1, 0, 0, 1, 1, 0, 1]",1,010100101001101
"[1, 1, 1, 0, 1, 1, 0, 0, 1, 1, 1, 0, 1, 0, 1]",1,111011001110101
"[1, 1, 0, 0, 1, 0, 0, 1, 0, 1, 0, 0, 1, 0, 0]",1,110010010100100
"[1, 0, 1, 1, 1, 1, 1, 1, 0, 0, 1, 0, 0, 1, 1]",1,101111110010011
"[0, 0, 0, 0, 1, 0, 0, 1, 0, 0, 0, 1, 0, 0, 1]",1,000010010001001
"[1, 0, 1, 1, 0, 0, 1, 0, 0, 0, 1, 1, 0, 0, 1]",1,101100100011001
"[1, 1, 0, 1, 1, 0, 0, 0, 1, 1, 1, 0, 0, 0, 0]",1,110110001110000
"[0, 1, 1, 1, 1, 0, 0, 0, 1, 0, 1, 1, 0, 1, 0]",1,011110001011010
"[1, 1, 1, 0, 0, 0, 0, 1, 1, 1, 1, 1, 1, 0, 1]",1,111000011111101
"[1, 0, 0, 0, 0, 0, 0, 1, 0, 0, 0, 1, 1, 1, 0]",1,100000010001110
"[1, 1, 0, 0, 0, 1, 1, 1, 0, 1, 0, 1, 1, 0, 1]",1,110001110101101
"[0, 0, 1, 1, 0, 1, 0, 0, 1, 0, 1, 1, 1, 1, 1]",1,001101001011111
"[1, 1, 1, 0, 1, 0, 0, 0, 0, 0, 0, 0, 0, 0, 1]",1,111010000000001
"[1, 1, 1, 0, 1, 1, 1, 0, 1, 0, 0, 1, 0, 0, 0]",1,111011101001000
"[0, 1, 1, 1, 0, 1, 1, 1, 0, 0, 1, 0, 0, 1, 1]",2,011101110010011
"[0, 0, 0, 1, 1, 0, 1, 1, 0, 0, 1, 0, 1, 1, 1]",1,000110110010111
"[0, 1, 0, 0, 1, 1, 1, 0, 0, 0, 1, 0, 1, 1, 1]",1,010011100010111
"[0, 0, 1, 1, 1, 0, 0, 0, 0, 0, 0, 1, 0, 1, 0]",2,001110000001010
"[1, 1, 0, 1, 1, 0, 0, 0, 0, 0, 0, 0, 0, 1, 0]",1,110110000000010
"[1, 1, 1, 1, 1, 1, 1, 0, 1, 1, 0, 0, 1, 1, 0]",1,111111101100110
"[0, 0, 0, 0, 1, 0, 0, 0, 1, 1, 1, 0, 0, 1, 1]",1,000010001110011
"[1, 0, 1, 0, 1, 0, 0, 0, 0, 0, 0, 1, 1, 0, 0]",1,101010000001100
"[0, 1, 1, 0, 1, 1, 0, 1, 0, 0, 1, 1, 0, 1, 1]",1,011011010011011
"[0, 0, 0, 1, 0, 1, 0, 0, 1, 1, 1, 1, 1, 0, 1]",1,000101001111101
"[1, 0, 1, 1, 0, 1, 0, 0, 0, 0, 1, 0, 0, 1, 0]",1,101101000010010
"[0, 1, 0, 0, 0, 1, 0, 0, 1, 0, 1, 1, 1, 0, 0]",1,010001001011100
"[1, 1, 1, 0, 0, 1, 1, 0, 1, 1, 1, 0, 0, 1, 0]",1,111001101110010
"[1, 0, 0, 0, 1, 1, 1, 0, 0, 1, 0, 0, 1, 1, 1]",1,100011100100111
"[0, 1, 0, 1, 0, 0, 1, 0, 0, 0, 1, 1, 0, 0, 0]",1,010100100011000
"[0, 0, 0, 1, 0, 0, 0, 1, 0, 1, 0, 0, 0, 0, 1]",1,000100010100001
"[1, 0, 0, 1, 1, 0, 0, 1, 0, 0, 1, 1, 0, 1, 1]",1,100110010011011
"[1, 1, 0, 0, 1, 1, 1, 0, 1, 1, 0, 0, 1, 1, 0]",1,110011101100110
"[1, 0, 0, 0, 1, 0, 1, 1, 1, 1, 0, 0, 1, 0, 0]",1,100010111100100
"[1, 0, 1, 0, 1, 0, 0, 1, 0, 0, 0, 1, 1, 0, 1]",1,101010010001101
"[0, 0, 1, 0, 0, 1, 1, 1, 0, 1, 1, 0, 1, 1, 0]",2,001001110110110
"[1, 1, 0, 1, 0, 0, 1, 1, 1, 0, 0, 0, 1, 1, 0]",1,110100111000110
"[1, 0, 1, 0, 0, 0, 1, 1, 1, 0, 1, 0, 1, 1, 1]",1,101000111010111
"[1, 1, 1, 1, 1, 0, 0, 0, 0, 1, 1, 1, 0, 1, 1]",1,111110000111011
"[0, 0, 0, 0, 1, 1, 0, 1, 1, 1, 1, 1, 0, 0, 0]",2,000011011111000
"[1, 1, 0, 0, 1, 0, 0, 0, 0, 0, 0, 0, 1, 0, 1]",1,110010000000101
"[0, 0, 1, 1, 1, 1, 1, 1, 0, 1, 0, 0, 1, 0, 1]",1,001111110100101
"[1, 0, 0, 0, 0, 1, 0, 0, 1, 1, 1, 1, 1, 0, 0]",1,100001001111100
"[0, 0, 1, 1, 1, 1, 0, 1, 1, 0, 0, 1, 0, 0, 1]",1,001111011001001
"[0, 0, 1, 1, 1, 0, 1, 0, 0, 1, 1, 0, 1, 0, 0]",1,001110100110100
"[0, 0, 1, 1, 0, 0, 1, 1, 1, 1, 0, 1, 0, 1, 0]",1,001100111101010
"[1, 0, 1, 0, 0, 1, 0, 0, 0, 0, 1, 1, 1, 1, 1]",1,101001000011111
"[0, 1, 0, 0, 0, 0, 0, 0, 1, 1, 0, 1, 1, 0, 1]",1,010000001101101
"[0, 1, 1, 1, 1, 0, 0, 1, 0, 0, 0, 1, 1, 0, 0]",2,011110010001100
"[1, 0, 0, 1, 0, 1, 0, 0, 1, 0, 1, 1, 1, 1, 1]",1,100101001011111
"[1, 1, 1, 0, 0, 1, 0, 0, 1, 0, 0, 1, 1, 1, 0]",1,111001001001110
"[0, 1, 1, 1, 1, 0, 0, 1, 0, 0, 1, 0, 1, 1, 0]",1,011110010010110
"[1, 1, 1, 1, 1, 0, 0, 0, 0, 1, 0, 1, 0, 1, 0]",1,111110000101010
"[0, 0, 0, 0, 0, 0, 0, 0, 0, 1, 0, 0, 1, 1, 1]",1,000000000100111
"[1, 1, 1, 1, 1, 1, 0, 0, 1, 0, 0, 0, 1, 1, 0]",1,111111001000110
"[1, 0, 0, 1, 1, 1, 1, 0, 1, 1, 0, 0, 1, 1, 1]",1,100111101100111
"[0, 0, 0, 0, 0, 1, 1, 1, 0, 1, 1, 1, 1, 0, 1]",3,000001110111101
"[1, 1, 1, 1, 1, 1, 0, 0, 1, 0, 0, 0, 1, 0, 1]",1,111111001000101
"[0, 1, 0, 1, 1, 1, 0, 1, 1, 0, 1, 0, 1, 1, 0]",1,010111011010110
"[0, 0, 0, 0, 1, 0, 0, 1, 0, 1, 1, 1, 0, 1, 0]",1,000010010111010
"[1, 0, 1, 0, 0, 0, 1, 0, 1, 1, 1, 1, 0, 0, 0]",1,101000101111000
"[0, 0, 0, 0, 1, 1, 0, 1, 1, 0, 0, 1, 0, 0, 1]",1,000011011001001
"[0, 1, 1, 0, 1, 0, 0, 1, 1, 1, 1, 1, 0, 0, 0]",1,011010011111000
"[1, 1, 1, 1, 1, 0, 1, 0, 0, 0, 0, 1, 0, 0, 1]",1,111110100001001
"[0, 1, 1, 0, 1, 1, 0, 1, 1, 0, 1, 0, 1, 1, 0]",1,011011011010110
"[1, 1, 1, 1, 0, 1, 0, 0, 1, 1, 1, 1, 1, 1, 1]",1,111101001111111
"[1, 1, 1, 0, 0, 1, 1, 1, 1, 0, 1, 1, 0, 0, 1]",1,111001111011001
"[0, 0, 0, 0, 0, 1, 1, 1, 0, 1, 1, 1, 0, 0, 1]",1,000001110111001
"[0, 0, 0, 0, 0, 0, 0, 1, 0, 1, 1, 1, 0, 1, 0]",1,000000010111010
"[1, 0, 1, 0, 1, 1, 1, 0, 0, 0, 0, 0, 1, 1, 0]",1,101011100000110
"[0, 1, 1, 1, 1, 0, 0, 1, 1, 1, 0, 0, 1, 0, 1]",1,011110011100101
"[1, 1, 1, 1, 1, 1, 0, 1, 1, 1, 1, 0, 0, 0, 1]",1,111111011110001
"[1, 0, 0, 0, 0, 0, 0, 0, 0, 1, 1, 1, 1, 0, 1]",1,100000000111101
"[1, 1, 1, 1, 0, 1, 0, 1, 0, 1, 1, 0, 0, 1, 1]",1,111101010110011
"[1, 0, 1, 0, 0, 0, 0, 1, 0, 1, 1, 1, 1, 1, 0]",1,101000010111110
"[0, 0, 0, 0, 1, 0, 0, 1, 0, 1, 0, 0, 0, 1, 0]",1,000010010100010
"[0, 1, 1, 1, 0, 0, 1, 1, 1, 0, 0, 1, 0, 1, 1]",1,011100111001011
"[1, 0, 0, 0, 1, 1, 0, 1, 0, 1, 1, 0, 0, 1, 1]",1,100011010110011
"[1, 1, 0, 0, 0, 0, 1, 0, 0, 0, 0, 0, 0, 0, 0]",1,110000100000000
"[1, 0, 0, 0, 0, 1, 1, 0, 1, 0, 1, 0, 0, 0, 0]",1,100001101010000
"[1, 1, 1, 0, 0, 1, 1, 1, 0, 1, 1, 0, 1, 1, 0]",1,111001110110110
"[0, 1, 0, 1, 1, 1, 0, 1, 0, 1, 1, 1, 1, 1, 0]",1,010111010111110
"[0, 0, 1, 0, 0, 0, 0, 1, 0, 0, 1, 1, 0, 1, 1]",1,001000010011011
"[0, 0, 0, 1, 1, 0, 0, 1, 1, 0, 0, 1, 0, 0, 0]",1,000110011001000
"[0, 1, 0, 0, 0, 0, 0, 0, 0, 0, 1, 1, 0, 0, 0]",1,010000000011000
"[1, 0, 0, 1, 0, 0, 1, 0, 1, 0, 0, 0, 1, 0, 1]",1,100100101000101
"[0, 0, 1, 0, 1, 1, 1, 0, 0, 1, 1, 0, 0, 0, 0]",1,001011100110000
"[0, 1, 1, 1, 1, 1, 1, 0, 1, 0, 1, 0, 1, 0, 1]",1,011111101010101
"[1, 0, 1, 0, 0, 1, 1, 1, 1, 1, 0, 0, 1, 0, 0]",1,101001111100100
"[0, 0, 1, 0, 1, 1, 0, 0, 0, 1, 1, 0, 1, 1, 0]",1,001011000110110
"[1, 0, 1, 0, 1, 1, 0, 1, 1, 0, 0, 0, 0, 1, 0]",1,101011011000010
"[0, 0, 0, 1, 1, 0, 1, 0, 1, 0, 0, 1, 0, 0, 1]",1,000110101001001
"[1, 1, 1, 1, 1, 1, 0, 1, 1, 1, 1, 1, 0, 0, 0]",1,111111011111000
"[1, 0, 1, 0, 1, 1, 0, 1, 0, 1, 0, 1, 1, 0, 1]",1,101011010101101
"[1, 0, 1, 0, 1, 0, 1, 1, 0, 0, 1, 1, 0, 0, 0]",1,101010110011000
"[1, 1, 0, 0, 1, 0, 1, 0, 0, 1, 1, 0, 1, 1, 1]",1,110010100110111
"[0, 1, 1, 1, 1, 0, 0, 0, 0, 0, 1, 0, 1, 1, 1]",1,011110000010111
"[1, 1, 1, 1, 0, 0, 1, 1, 0, 0, 1, 1, 1, 0, 1]",1,111100110011101
"[0, 0, 1, 1, 1, 0, 1, 0, 0, 1, 1, 1, 0, 0, 0]",1,001110100111000
"[0, 1, 1, 0, 0, 0, 0, 0, 1, 0, 1, 1, 0, 0, 0]",1,011000001011000
"[0, 0, 1, 1, 0, 1, 1, 1, 1, 1, 0, 0, 1, 0, 1]",1,001101111100101
"[1, 0, 0, 0, 0, 0, 0, 1, 0, 0, 0, 1, 0, 0, 0]",1,100000010001000
"[0, 1, 0, 1, 1, 0, 0, 1, 1, 0, 1, 1, 0, 1, 1]",1,010110011011011
"[1, 0, 1, 1, 1, 1, 0, 1, 1, 1, 1, 0, 0, 0, 0]",1,101111011110000
"[1, 1, 1, 0, 0, 1, 0, 0, 0, 1, 1, 1, 0, 0, 1]",1,111001000111001
"[0, 0, 1, 0, 1, 1, 1, 1, 0, 1, 0, 1, 1, 0, 1]",1,001011110101101
"[0, 0, 0, 0, 1, 1, 0, 1, 1, 0, 0, 1, 1, 1, 1]",1,000011011001111
"[1, 0, 0, 1, 0, 0, 1, 1, 1, 1, 0, 1, 0, 1, 1]",1,100100111101011
"[1, 0, 0, 0, 0, 1, 0, 1, 0, 0, 1, 1, 1, 1, 1]",1,100001010011111
"[0, 1, 1, 1, 1, 0, 0, 1, 0, 1, 1, 0, 0, 0, 1]",1,011110010110001
"[1, 0, 1, 0, 1, 0, 1, 0, 0, 1, 1, 1, 0, 1, 1]",1,101010100111011
"[0, 0, 1, 0, 0, 1, 0, 1, 0, 1, 0, 1, 0, 0, 0]",1,001001010101000
"[0, 0, 0, 0, 0, 0, 0, 1, 0, 1, 1, 1, 1, 0, 0]",1,000000010111100
"[0, 1, 0, 0, 0, 0, 0, 0, 0, 1, 0, 0, 0, 1, 1]",1,010000000100011
"[0, 0, 0, 0, 0, 0, 1, 0, 1, 1, 1, 1, 1, 1, 1]",2,000000101111111
"[0, 1, 0, 1, 0, 0, 1, 1, 0, 1, 1, 0, 1, 0, 0]",1,010100110110100
"[1, 1, 1, 0, 1, 1, 1, 1, 0, 0, 1, 1, 1, 1, 0]",1,111011110011110
"[1, 1, 0, 0, 1, 0, 1, 1, 0, 0, 1, 0, 0, 0, 1]",1,110010110010001
"[1, 1, 0, 1, 0, 0, 0, 0, 0, 1, 1, 1, 0, 0, 0]",1,110100000111000
"[1, 1, 0, 1, 0, 0, 0, 0, 0, 1, 0, 1, 1, 1, 1]",1,110100000101111
"[0, 1, 0, 1, 1, 0, 1, 0, 0, 1, 1, 1, 0, 0, 1]",1,010110100111001
"[1, 1, 0, 0, 0, 1, 1, 0, 1, 0, 1, 0, 0, 0, 1]",1,110001101010001
"[0, 0, 1, 1, 1, 1, 1, 0, 1, 1, 0, 0, 1, 0, 0]",3,001111101100100
"[0, 1, 1, 1, 0, 1, 1, 0, 1, 1, 1, 1, 0, 0, 1]",1,011101101111001
"[0, 0, 1, 1, 0, 0, 1, 1, 1, 0, 0, 0, 1, 0, 1]",1,001100111000101
"[1, 0, 0, 0, 0, 1, 1, 0, 1, 0, 1, 1, 1, 0, 0]",2,100001101011100
"[0, 0, 0, 1, 1, 1, 1, 0, 1, 0, 0, 0, 0, 0, 1]",1,000111101000001
"[0, 1, 1, 1, 0, 0, 1, 1, 1, 1, 0, 0, 1, 0, 0]",1,011100111100100
"[1, 1, 1, 1, 0, 1, 1, 0, 1, 0, 1, 1, 1, 0, 0]",1,111101101011100
"[0, 0, 1, 0, 1, 0, 1, 1, 1, 1, 0, 0, 0, 0, 1]",1,001010111100001
"[1, 1, 0, 1, 1, 1, 1, 0, 1, 1, 1, 0, 1, 1, 1]",1,110111101110111
"[0, 0, 1, 1, 0, 0, 0, 0, 1, 1, 1, 1, 0, 1, 0]",1,001100001111010
"[1, 1, 1, 1, 0, 1, 0, 0, 0, 0, 1, 1, 1, 0, 0]",1,111101000011100
"[0, 0, 1, 0, 0, 1, 0, 1, 0, 1, 0, 1, 0, 1, 0]",1,001001010101010
"[1, 1, 1, 1, 0, 0, 1, 0, 0, 0, 0, 1, 0, 0, 1]",1,111100100001001
"[0, 0, 1, 0, 0, 0, 1, 1, 1, 1, 0, 0, 0, 0, 0]",1,001000111100000
"[1, 1, 0, 0, 1, 1, 0, 1, 1, 1, 0, 1, 0, 1, 1]",2,110011011101011
"[0, 0, 0, 0, 0, 1, 0, 1, 0, 1, 0, 1, 0, 1, 0]",1,000001010101010
"[1, 1, 0, 1, 1, 1, 1, 0, 0, 1, 1, 0, 0, 0, 0]",1,110111100110000
"[0, 0, 0, 0, 0, 1, 0, 1, 0, 0, 0, 0, 0, 0, 1]",1,000001010000001
"[0, 0, 1, 0, 1, 0, 0, 1, 0, 0, 1, 1, 0, 0, 0]",1,001010010011000
"[0, 1, 0, 0, 0, 1, 0, 1, 0, 0, 0, 1, 1, 0, 1]",1,010001010001101
"[1, 1, 1, 1, 1, 1, 1, 1, 1, 1, 1, 1, 1, 0, 1]",1,111111111111101
"[1, 0, 0, 0, 0, 1, 1, 0, 1, 1, 1, 1, 0, 1, 1]",1,100001101111011
"[1, 1, 0, 0, 0, 0, 0, 0, 1, 0, 0, 1, 0, 1, 0]",2,110000001001010
"[0, 1, 1, 1, 1, 1, 1, 0, 1, 0, 0, 1, 1, 1, 0]",1,011111101001110
"[0, 0, 0, 0, 0, 0, 0, 1, 1, 0, 0, 0, 0, 0, 0]",1,000000011000000
"[0, 0, 0, 0, 1, 1, 0, 0, 1, 0, 0, 1, 0, 0, 0]",1,000011001001000
"[1, 1, 1, 1, 1, 1, 0, 0, 0, 0, 0, 0, 0, 0, 1]",1,111111000000001
"[1, 0, 1, 1, 0, 1, 1, 1, 1, 0, 0, 1, 1, 0, 1]",1,101101111001101
"[0, 1, 1, 0, 0, 0, 0, 0, 0, 1, 0, 1, 1, 1, 0]",1,011000000101110
"[0, 0, 1, 1, 0, 1, 0, 0, 1, 0, 1, 1, 1, 1, 0]",1,001101001011110
"[0, 0, 0, 0, 1, 1, 1, 1, 1, 0, 1, 1, 1, 1, 0]",1,000011111011110
"[1, 1, 1, 0, 1, 1, 0, 0, 0, 0, 1, 1, 0, 0, 0]",1,111011000011000
"[1, 1, 0, 1, 0, 1, 0, 1, 0, 0, 1, 0, 0, 1, 0]",1,110101010010010
"[0, 0, 0, 0, 0, 0, 1, 0, 1, 1, 1, 0, 1, 1, 0]",1,000000101110110
"[0, 0, 1, 1, 0, 1, 0, 0, 1, 0, 1, 0, 0, 1, 0]",1,001101001010010
"[0, 0, 0, 0, 0, 1, 1, 1, 1, 0, 0, 1, 0, 0, 1]",2,000001111001001
"[1, 0, 0, 1, 0, 0, 1, 0, 0, 1, 0, 1, 0, 1, 1]",1,100100100101011
"[0, 0, 0, 0, 0, 0, 0, 0, 1, 1, 1, 1, 1, 0, 1]",1,000000001111101
"[1, 1, 0, 0, 1, 0, 1, 1, 0, 1, 1, 1, 0, 0, 0]",1,110010110111000
"[0, 1, 0, 0, 0, 1, 0, 0, 0, 1, 1, 1, 0, 1, 1]",1,010001000111011
"[1, 1, 1, 1, 0, 1, 1, 1, 0, 1, 1, 0, 1, 1, 0]",1,111101110110110
"[1, 1, 1, 1, 1, 1, 1, 1, 1, 1, 0, 0, 1, 1, 1]",1,111111111100111
"[0, 1, 1, 1, 1, 1, 1, 1, 1, 1, 0, 0, 0, 0, 1]",1,011111111100001
"[0, 1, 0, 0, 0, 1, 1, 0, 0, 1, 1, 0, 0, 0, 1]",1,010001100110001
"[1, 1, 0, 1, 1, 0, 0, 0, 1, 1, 1, 1, 0, 0, 1]",1,110110001111001
"[1, 0, 0, 0, 0, 0, 1, 0, 1, 1, 1, 1, 0, 1, 0]",1,100000101111010
"[1, 1, 0, 0, 1, 1, 1, 0, 1, 0, 0, 0, 0, 1, 0]",1,110011101000010
"[1, 1, 1, 1, 0, 1, 1, 1, 0, 1, 0, 0, 0, 1, 1]",1,111101110100011
"[0, 0, 0, 0, 0, 1, 0, 0, 1, 1, 0, 0, 0, 1, 1]",1,000001001100011
"[1, 0, 1, 0, 0, 0, 0, 1, 0, 1, 0, 0, 1, 1, 1]",1,101000010100111
"[0, 0, 0, 1, 1, 1, 1, 0, 1, 1, 1, 0, 1, 1, 0]",1,000111101110110
"[0, 0, 0, 1, 0, 0, 1, 1, 1, 0, 1, 1, 1, 1, 1]",1,000100111011111
"[0, 0, 1, 0, 1, 1, 0, 1, 0, 1, 0, 0, 0, 0, 0]",1,001011010100000
"[1, 1, 0, 1, 1, 1, 0, 1, 1, 1, 1, 1, 0, 1, 1]",1,110111011111011
"[0, 0, 1, 0, 0, 0, 1, 1, 1, 0, 0, 1, 1, 1, 0]",1,001000111001110
"[1, 0, 0, 1, 1, 0, 1, 0, 1, 1, 0, 0, 0, 1, 1]",1,100110101100011
"[1, 0, 1, 0, 1, 1, 1, 1, 0, 1, 1, 1, 1, 1, 1]",1,101011110111111
"[0, 1, 0, 1, 0, 0, 0, 0, 0, 0, 0, 1, 1, 0, 1]",1,010100000001101
"[1, 1, 0, 1, 0, 0, 0, 0, 1, 0, 1, 0, 0, 1, 1]",1,110100001010011
"[0, 0, 0, 1, 1, 0, 1, 0, 0, 0, 0, 1, 0, 1, 1]",1,000110100001011
"[1, 0, 0, 0, 0, 0, 0, 1, 1, 0, 0, 1, 0, 1, 0]",2,100000011001010
"[1, 0, 1, 1, 1, 1, 1, 1, 1, 0, 1, 1, 1, 1, 0]",1,101111111011110
"[0, 1, 1, 0, 1, 1, 1, 1, 0, 1, 1, 0, 0, 0, 1]",1,011011110110001
"[1, 1, 0, 1, 0, 0, 1, 0, 0, 0, 0, 1, 1, 0, 0]",1,110100100001100
"[1, 1, 1, 0, 1, 1, 0, 0, 1, 0, 1, 1, 0, 1, 1]",1,111011001011011
"[0, 0, 0, 1, 0, 0, 0, 0, 1, 1, 1, 1, 1, 1, 0]",1,000100001111110
"[0, 1, 0, 0, 0, 0, 1, 0, 0, 1, 0, 1, 1, 0, 1]",1,010000100101101
"[1, 1, 1, 1, 0, 0, 1, 1, 0, 0, 0, 0, 0, 1, 1]",1,111100110000011
"[0, 1, 0, 1, 0, 0, 1, 0, 0, 0, 0, 0, 0, 1, 1]",1,010100100000011
"[0, 1, 0, 1, 1, 0, 1, 0, 1, 1, 1, 1, 1, 0, 1]",2,010110101111101
"[0, 0, 0, 0, 0, 0, 0, 0, 1, 0, 0, 1, 0, 1, 1]",1,000000001001011
"[1, 1, 1, 0, 1, 0, 0, 0, 1, 0, 0, 1, 1, 1, 0]",2,111010001001110
"[1, 0, 1, 0, 1, 0, 1, 0, 0, 1, 1, 1, 0, 0, 0]",1,101010100111000
"[1, 1, 1, 0, 0, 0, 1, 1, 0, 0, 0, 1, 1, 0, 0]",1,111000110001100
"[1, 0, 0, 1, 1, 1, 1, 1, 0, 1, 0, 1, 1, 1, 0]",1,100111110101110
"[0, 1, 0, 1, 1, 1, 0, 1, 0, 0, 1, 0, 1, 1, 0]",1,010111010010110
"[0, 0, 1, 0, 0, 0, 1, 0, 1, 1, 0, 0, 0, 1, 1]",1,001000101100011
"[1, 0, 1, 1, 1, 1, 0, 1, 0, 1, 1, 0, 1, 0, 0]",1,101111010110100
"[0, 1, 1, 1, 0, 0, 0, 0, 1, 0, 1, 0, 0, 1, 0]",1,011100001010010
"[1, 1, 0, 1, 0, 0, 0, 0, 0, 1, 0, 0, 0, 1, 1]",1,110100000100011
"[1, 0, 1, 1, 0, 0, 0, 0, 1, 0, 1, 1, 1, 1, 0]",1,101100001011110
"[0, 1, 1, 1, 1, 0, 1, 0, 1, 1, 0, 1, 0, 0, 0]",2,011110101101000
"[1, 0, 1, 0, 0, 1, 1, 1, 0, 1, 0, 1, 0, 1, 0]",1,101001110101010
"[1, 0, 1, 1, 1, 1, 0, 0, 1, 0, 0, 0, 0, 0, 0]",1,101111001000000
"[0, 1, 0, 0, 0, 0, 0, 0, 0, 1, 1, 0, 1, 1, 0]",1,010000000110110
"[1, 0, 0, 1, 0, 1, 1, 1, 0, 1, 0, 0, 1, 0, 1]",1,100101110100101
"[1, 0, 0, 1, 1, 1, 0, 0, 1, 0, 0, 0, 0, 1, 0]",1,100111001000010
"[0, 0, 1, 0, 1, 0, 0, 1, 0, 0, 0, 1, 1, 1, 1]",1,001010010001111
"[1, 1, 0, 0, 1, 0, 0, 1, 0, 1, 1, 0, 0, 1, 0]",1,110010010110010
"[0, 0, 0, 1, 0, 1, 0, 0, 1, 0, 1, 0, 1, 1, 0]",1,000101001010110
"[1, 1, 0, 1, 1, 0, 0, 1, 0, 0, 1, 0, 1, 1, 1]",1,110110010010111
"[1, 0, 0, 0, 1, 1, 0, 1, 1, 1, 0, 0, 0, 0, 0]",1,100011011100000
"[1, 1, 1, 1, 1, 1, 0, 1, 1, 0, 0, 1, 0, 1, 1]",1,111111011001011
"[0, 0, 1, 1, 1, 1, 1, 0, 0, 1, 0, 1, 0, 1, 1]",1,001111100101011
"[0, 1, 0, 1, 1, 1, 1, 1, 1, 1, 0, 0, 1, 0, 0]",1,010111111100100
"[1, 0, 1, 1, 1, 0, 1, 1, 1, 1, 0, 0, 0, 0, 0]",1,101110111100000
"[0, 1, 1, 1, 1, 0, 0, 0, 0, 0, 0, 0, 1, 0, 1]",1,011110000000101
"[0, 1, 0, 0, 0, 1, 1, 1, 0, 0, 1, 0, 1, 1, 0]",1,010001110010110
"[0, 1, 1, 0, 1, 0, 1, 1, 1, 0, 1, 1, 1, 0, 0]",1,011010111011100
"[0, 0, 1, 1, 0, 1, 0, 0, 0, 0, 1, 1, 1, 1, 1]",1,001101000011111
"[1, 0, 1, 1, 0, 0, 0, 1, 0, 0, 0, 0, 1, 1, 1]",1,101100010000111
"[0, 0, 0, 1, 0, 0, 0, 1, 0, 0, 1, 0, 1, 0, 0]",1,000100010010100
"[1, 1, 0, 1, 1, 0, 0, 1, 0, 0, 1, 0, 1, 0, 1]",2,110110010010101
"[1, 1, 1, 0, 0, 0, 1, 1, 0, 1, 1, 0, 0, 1, 0]",1,111000110110010
"[0, 0, 0, 1, 0, 1, 1, 0, 0, 1, 0, 0, 1, 1, 1]",1,000101100100111
"[0, 1, 0, 0, 0, 1, 1, 0, 0, 1, 0, 0, 1, 0, 1]",1,010001100100101
"[1, 1, 1, 0, 0, 1, 0, 0, 0, 0, 1, 1, 0, 1, 0]",1,111001000011010
"[0, 1, 1, 1, 1, 0, 1, 1, 1, 0, 1, 0, 1, 1, 0]",1,011110111010110
"[1, 0, 1, 0, 0, 0, 0, 1, 1, 1, 0, 1, 1, 1, 1]",1,101000011101111
"[0, 1, 1, 1, 0, 0, 0, 1, 1, 0, 1, 1, 0, 1, 1]",1,011100011011011
"[1, 1, 0, 1, 0, 1, 0, 1, 0, 1, 0, 1, 1, 1, 0]",1,110101010101110
"[1, 0, 1, 1, 1, 0, 0, 1, 1, 1, 0, 0, 1, 0, 1]",1,101110011100101
"[0, 0, 1, 0, 1, 1, 1, 1, 0, 0, 1, 1, 0, 0, 0]",1,001011110011000
"[1, 0, 0, 1, 0, 0, 0, 0, 0, 0, 1, 1, 0, 0, 1]",1,100100000011001
"[0, 0, 1, 0, 0, 1, 0, 1, 0, 0, 0, 1, 1, 1, 1]",1,001001010001111
"[1, 0, 0, 1, 1, 1, 0, 1, 1, 0, 1, 0, 0, 0, 1]",1,100111011010001
"[0, 1, 1, 1, 0, 1, 0, 0, 1, 0, 0, 1, 0, 1, 0]",2,011101001001010
"[1, 0, 1, 1, 0, 1, 0, 0, 1, 0, 0, 1, 1, 1, 1]",1,101101001001111
"[1, 1, 1, 1, 0, 1, 1, 1, 1, 0, 1, 0, 1, 0, 0]",1,111101111010100
"[0, 0, 0, 0, 0, 1, 1, 1, 0, 1, 1, 0, 1, 0, 0]",2,000001110110100
"[1, 0, 0, 1, 0, 1, 0, 0, 0, 0, 1, 1, 1, 0, 1]",2,100101000011101
"[0, 1, 1, 1, 0, 1, 0, 1, 0, 0, 0, 1, 0, 1, 1]",1,011101010001011
"[0, 1, 1, 1, 0, 1, 0, 1, 0, 1, 0, 0, 0, 0, 1]",2,011101010100001
"[1, 0, 0, 1, 0, 0, 1, 1, 1, 1, 1, 0, 0, 0, 1]",1,100100111110001
"[1, 1, 0, 0, 1, 0, 0, 1, 0, 0, 1, 1, 0, 0, 0]",1,110010010011000
"[1, 1, 0, 1, 0, 1, 1, 0, 1, 1, 1, 1, 1, 0, 1]",1,110101101111101
"[1, 0, 1, 0, 1, 1, 0, 0, 1, 1, 1, 0, 0, 0, 1]",1,101011001110001
"[0, 1, 0, 1, 0, 0, 0, 1, 1, 1, 1, 1, 0, 0, 1]",1,010100011111001
"[1, 1, 0, 0, 0, 1, 1, 1, 0, 0, 1, 1, 0, 1, 0]",1,110001110011010
"[0, 1, 0, 0, 0, 1, 0, 1, 1, 1, 1, 1, 0, 1, 1]",1,010001011111011
"[0, 1, 0, 0, 1, 0, 0, 0, 0, 0, 0, 0, 1, 1, 1]",1,010010000000111
"[1, 0, 1, 1, 0, 1, 1, 0, 0, 1, 0, 1, 0, 0, 0]",2,101101100101000
"[1, 0, 0, 1, 0, 1, 0, 0, 1, 1, 0, 1, 1, 0, 1]",1,100101001101101
"[1, 0, 0, 1, 1, 1, 0, 1, 0, 0, 0, 0, 0, 1, 0]",1,100111010000010
"[0, 0, 1, 0, 1, 0, 1, 1, 0, 0, 0, 0, 0, 0, 0]",1,001010110000000
"[0, 0, 0, 0, 0, 1, 1, 1, 0, 0, 1, 1, 1, 0, 1]",1,000001110011101
"[1, 0, 1, 1, 0, 0, 0, 0, 1, 1, 0, 0, 1, 1, 1]",1,101100001100111
"[1, 0, 1, 1, 0, 1, 0, 1, 0, 1, 0, 0, 0, 1, 0]",1,101101010100010
"[1, 1, 0, 0, 1, 0, 1, 0, 0, 0, 1, 0, 0, 0, 1]",1,110010100010001
"[1, 0, 0, 1, 1, 0, 0, 1, 1, 1, 0, 0, 0, 1, 1]",1,100110011100011
"[1, 1, 0, 1, 1, 0, 1, 0, 1, 0, 0, 1, 0, 1, 0]",1,110110101001010
"[1, 1, 1, 1, 0, 0, 0, 0, 0, 1, 1, 1, 0, 0, 0]",1,111100000111000
"[1, 1, 1, 1, 1, 1, 1, 0, 1, 1, 1, 0, 0, 1, 0]",1,111111101110010
"[1, 0, 0, 1, 1, 0, 1, 1, 0, 0, 1, 1, 1, 1, 0]",1,100110110011110
"[1, 1, 1, 0, 1, 1, 1, 0, 1, 1, 1, 0, 1, 0, 1]",2,111011101110101
"[1, 0, 0, 0, 1, 0, 1, 1, 1, 0, 1, 0, 0, 0, 0]",1,100010111010000
"[0, 1, 1, 1, 1, 1, 1, 0, 0, 1, 0, 0, 0, 1, 1]",1,011111100100011
"[1, 0, 1, 0, 1, 1, 1, 0, 1, 1, 0, 0, 0, 1, 0]",1,101011101100010
"[0, 0, 1, 0, 1, 1, 0, 1, 0, 1, 1, 1, 1, 1, 1]",1,001011010111111
"[1, 0, 0, 0, 1, 0, 0, 1, 0, 1, 1, 0, 1, 0, 1]",1,100010010110101
"[0, 1, 1, 1, 0, 1, 0, 1, 1, 1, 0, 0, 0, 1, 0]",1,011101011100010
"[0, 1, 1, 1, 0, 1, 0, 1, 1, 0, 1, 1, 0, 0, 1]",2,011101011011001
"[1, 1, 0, 1, 0, 1, 0, 1, 1, 1, 0, 0, 0, 0, 0]",1,110101011100000
"[1, 0, 0, 0, 0, 0, 1, 0, 0, 1, 1, 1, 1, 0, 1]",1,100000100111101
"[1, 1, 0, 0, 1, 1, 0, 1, 1, 1, 1, 1, 1, 0, 0]",1,110011011111100
"[1, 1, 1, 0, 1, 1, 1, 0, 1, 0, 1, 1, 1, 1, 0]",1,111011101011110
"[0, 1, 1, 0, 1, 0, 0, 1, 0, 0, 0, 1, 0, 1, 1]",1,011010010001011
"[0, 0, 0, 1, 0, 0, 1, 1, 0, 0, 1, 1, 1, 0, 1]",1,000100110011101
"[1, 1, 0, 1, 0, 0, 1, 0, 0, 1, 1, 0, 1, 1, 0]",1,110100100110110
"[1, 1, 0, 1, 1, 0, 0, 0, 0, 1, 1, 1, 0, 0, 0]",2,110110000111000
"[0, 0, 1, 0, 1, 0, 1, 0, 0, 0, 1, 1, 1, 1, 1]",1,001010100011111
"[0, 1, 0, 0, 1, 0, 0, 0, 0, 1, 0, 0, 1, 0, 1]",1,010010000100101
"[1, 0, 1, 1, 1, 0, 0, 1, 1, 1, 0, 1, 1, 0, 1]",1,101110011101101
"[1, 1, 0, 1, 0, 0, 1, 0, 1, 1, 1, 0, 0, 1, 0]",1,110100101110010
"[1, 1, 0, 0, 1, 1, 1, 0, 0, 0, 0, 0, 0, 1, 0]",1,110011100000010
"[1, 1, 1, 1, 0, 1, 1, 1, 1, 0, 1, 0, 0, 1, 0]",1,111101111010010
"[1, 1, 0, 0, 0, 1, 1, 0, 1, 0, 0, 1, 1, 1, 0]",1,110001101001110
"[1, 0, 1, 0, 0, 0, 0, 0, 0, 0, 1, 0, 1, 1, 1]",1,101000000010111
"[0, 0, 0, 1, 1, 0, 0, 1, 0, 0, 0, 0, 0, 0, 0]",1,000110010000000
"[0, 1, 1, 1, 1, 1, 1, 0, 0, 0, 1, 0, 0, 0, 0]",1,011111100010000
"[1, 1, 1, 0, 0, 0, 0, 0, 0, 1, 1, 1, 0, 1, 0]",1,111000000111010
"[0, 0, 0, 0, 1, 0, 0, 1, 1, 0, 1, 1, 0, 1, 1]",2,000010011011011
"[1, 1, 0, 0, 0, 1, 1, 0, 0, 0, 1, 0, 1, 0, 0]",1,110001100010100
"[0, 1, 0, 1, 0, 1, 0, 0, 0, 0, 1, 0, 1, 1, 0]",1,010101000010110
"[1, 1, 0, 0, 1, 0, 0, 0, 1, 0, 1, 0, 1, 0, 1]",1,110010001010101
"[0, 0, 1, 1, 0, 1, 0, 0, 1, 0, 0, 0, 1, 0, 1]",1,001101001000101
"[0, 0, 1, 1, 1, 1, 0, 1, 1, 0, 1, 0, 0, 0, 1]",1,001111011010001
"[1, 1, 0, 0, 0, 0, 1, 0, 0, 0, 1, 1, 0, 1, 0]",1,110000100011010
"[0, 1, 0, 0, 0, 1, 1, 1, 1, 1, 0, 0, 1, 1, 1]",1,010001111100111
"[1, 0, 0, 0, 0, 1, 0, 0, 1, 1, 1, 0, 1, 0, 1]",1,100001001110101
"[0, 1, 1, 0, 1, 0, 0, 1, 0, 1, 1, 1, 1, 0, 0]",1,011010010111100
"[1, 1, 0, 0, 0, 1, 0, 1, 0, 0, 0, 1, 1, 0, 1]",1,110001010001101
"[1, 1, 0, 1, 1, 0, 1, 1, 1, 1, 1, 1, 1, 0, 0]",1,110110111111100
"[1, 0, 1, 1, 1, 0, 1, 0, 0, 1, 0, 1, 0, 0, 0]",1,101110100101000
"[1, 0, 1, 0, 0, 0, 1, 1, 0, 1, 1, 1, 0, 1, 1]",1,101000110111011
"[0, 1, 0, 0, 0, 0, 1, 1, 0, 1, 1, 0, 0, 0, 1]",1,010000110110001
"[1, 0, 0, 1, 1, 0, 1, 0, 1, 0, 1, 1, 1, 1, 1]",2,100110101011111
"[0, 0, 1, 0, 1, 1, 0, 1, 0, 1, 0, 0, 1, 0, 0]",2,001011010100100
"[1, 0, 0, 0, 1, 0, 1, 1, 0, 1, 1, 0, 1, 0, 0]",2,100010110110100
"[0, 0, 1, 1, 1, 1, 1, 0, 0, 1, 1, 1, 1, 1, 0]",1,001111100111110
"[1, 0, 0, 0, 0, 0, 0, 0, 1, 1, 0, 0, 1, 1, 0]",1,100000001100110
"[0, 1, 0, 1, 0, 0, 1, 1, 0, 0, 0, 1, 0, 0, 1]",1,010100110001001
"[1, 1, 0, 1, 0, 1, 1, 1, 1, 1, 0, 0, 0, 0, 1]",1,110101111100001
"[1, 1, 1, 1, 0, 0, 0, 1, 1, 0, 1, 1, 0, 1, 0]",1,111100011011010
"[0, 0, 0, 0, 0, 1, 0, 1, 0, 0, 0, 0, 1, 0, 1]",1,000001010000101
"[1, 1, 1, 1, 0, 1, 1, 0, 1, 1, 0, 0, 1, 0, 0]",1,111101101100100
"[0, 0, 1, 0, 0, 1, 0, 1, 1, 0, 1, 1, 1, 0, 1]",1,001001011011101
"[1, 0, 0, 0, 0, 0, 1, 1, 1, 0, 1, 1, 1, 1, 1]",2,100000111011111
"[1, 1, 1, 1, 1, 0, 0, 1, 1, 0, 1, 0, 0, 1, 0]",1,111110011010010
"[1, 1, 0, 1, 0, 0, 0, 0, 0, 0, 0, 1, 0, 0, 1]",1,110100000001001
"[1, 1, 0, 1, 1, 0, 0, 1, 0, 1, 1, 1, 1, 0, 0]",1,110110010111100
"[1, 1, 1, 1, 0, 1, 0, 0, 1, 1, 0, 0, 1, 0, 0]",1,111101001100100
"[1, 0, 0, 0, 1, 0, 1, 0, 0, 0, 1, 0, 0, 1, 0]",1,100010100010010
"[1, 1, 1, 0, 1, 0, 0, 0, 0, 1, 0, 1, 0, 1, 1]",1,111010000101011
"[1, 1, 1, 0, 1, 1, 0, 0, 0, 0, 1, 0, 1, 1, 1]",1,111011000010111
"[1, 1, 0, 0, 0, 0, 0, 1, 1, 0, 1, 0, 1, 0, 1]",1,110000011010101
"[0, 0, 0, 1, 1, 1, 1, 1, 0, 0, 0, 1, 1, 1, 0]",1,000111110001110
"[0, 0, 0, 0, 1, 0, 0, 0, 0, 0, 1, 1, 1, 1, 1]",1,000010000011111
"[1, 1, 1, 0, 0, 1, 0, 1, 1, 1, 0, 1, 1, 1, 0]",1,111001011101110
"[0, 0, 0, 1, 1, 0, 0, 1, 0, 1, 1, 0, 1, 1, 0]",1,000110010110110
"[1, 1, 0, 0, 0, 1, 1, 0, 0, 1, 1, 0, 1, 0, 0]",1,110001100110100
"[0, 1, 0, 0, 0, 0, 1, 1, 0, 0, 0, 0, 1, 1, 1]",1,010000110000111
"[1, 0, 1, 1, 1, 1, 0, 0, 1, 1, 1, 1, 1, 1, 0]",1,101111001111110
"[0, 1, 0, 0, 1, 0, 1, 1, 1, 1, 0, 1, 1, 1, 0]",1,010010111101110
"[1, 1, 0, 0, 1, 0, 0, 0, 1, 0, 0, 0, 1, 1, 1]",1,110010001000111
"[1, 0, 1, 1, 1, 1, 1, 0, 0, 0, 0, 1, 0, 1, 0]",2,101111100001010
"[1, 0, 1, 0, 1, 0, 1, 1, 0, 0, 0, 1, 0, 1, 1]",1,101010110001011
"[1, 1, 1, 1, 1, 0, 1, 1, 1, 0, 1, 0, 1, 0, 1]",1,111110111010101
"[1, 1, 0, 0, 1, 1, 1, 1, 1, 0, 1, 0, 1, 0, 0]",1,110011111010100
"[1, 1, 1, 1, 1, 0, 1, 0, 1, 0, 0, 0, 1, 1, 1]",1,111110101000111
"[0, 0, 0, 0, 1, 0, 1, 0, 1, 0, 1, 0, 1, 1, 1]",1,000010101010111
"[0, 0, 1, 1, 1, 0, 0, 0, 0, 1, 1, 0, 0, 0, 0]",2,001110000110000
"[1, 1, 0, 0, 1, 1, 1, 1, 1, 0, 1, 1, 1, 1, 1]",1,110011111011111
"[1, 1, 1, 1, 1, 1, 1, 1, 0, 1, 1, 1, 0, 1, 1]",1,111111110111011
"[0, 0, 0, 0, 1, 0, 1, 1, 0, 1, 0, 1, 1, 1, 1]",1,000010110101111
"[0, 1, 0, 1, 0, 1, 1, 1, 0, 0, 1, 0, 1, 1, 1]",2,010101110010111
"[1, 1, 0, 0, 0, 1, 1, 0, 1, 0, 0, 0, 1, 1, 1]",1,110001101000111
"[1, 1, 0, 1, 1, 0, 0, 0, 1, 1, 1, 1, 1, 1, 0]",1,110110001111110
"[1, 0, 1, 0, 0, 0, 0, 1, 1, 0, 1, 1, 1, 1, 1]",1,101000011011111
"[0, 1, 1, 1, 1, 0, 1, 0, 0, 1, 1, 0, 1, 0, 1]",1,011110100110101
"[0, 0, 1, 1, 0, 0, 0, 0, 1, 1, 0, 0, 0, 1, 0]",1,001100001100010
"[0, 0, 0, 1, 1, 0, 0, 0, 0, 0, 0, 0, 0, 1, 0]",1,000110000000010
"[0, 1, 0, 0, 0, 1, 0, 1, 0, 1, 1, 0, 1, 0, 1]",1,010001010110101
"[0, 1, 1, 1, 1, 1, 0, 0, 0, 1, 0, 1, 1, 1, 1]",1,011111000101111
"[0, 0, 1, 1, 0, 1, 0, 1, 1, 0, 0, 0, 1, 0, 1]",1,001101011000101
"[1, 1, 0, 1, 1, 0, 0, 1, 0, 0, 1, 1, 1, 0, 1]",1,110110010011101
"[1, 1, 0, 1, 1, 1, 0, 1, 0, 1, 1, 1, 0, 1, 1]",1,110111010111011
"[0, 0, 1, 1, 0, 0, 1, 0, 1, 0, 1, 0, 1, 0, 1]",1,001100101010101
"[0, 1, 0, 1, 1, 1, 1, 0, 1, 0, 0, 0, 0, 0, 1]",2,010111101000001
"[0, 1, 0, 0, 0, 0, 0, 0, 0, 1, 1, 1, 1, 0, 1]",1,010000000111101
"[0, 0, 1, 1, 1, 1, 1, 1, 0, 1, 1, 1, 1, 0, 0]",1,001111110111100
"[1, 0, 1, 1, 1, 0, 1, 0, 1, 1, 0, 0, 0, 1, 1]",1,101110101100011
"[0, 0, 1, 0, 0, 0, 0, 1, 0, 1, 0, 0, 0, 0, 1]",1,001000010100001
"[0, 1, 0, 0, 1, 1, 0, 0, 1, 0, 0, 1, 1, 1, 1]",2,010011001001111
"[0, 1, 1, 1, 0, 0, 0, 0, 1, 0, 0, 1, 0, 1, 1]",2,011100001001011
"[1, 0, 0, 0, 0, 1, 1, 1, 1, 0, 1, 1, 0, 0, 1]",1,100001111011001
"[0, 0, 0, 0, 1, 0, 1, 0, 0, 0, 1, 0, 1, 0, 0]",1,000010100010100
"[1, 0, 0, 1, 1, 0, 0, 1, 1, 0, 0, 0, 1, 1, 0]",1,100110011000110
"[0, 1, 0, 1, 0, 0, 0, 1, 1, 1, 1, 0, 1, 1, 1]",1,010100011110111
"[1, 1, 1, 0, 1, 1, 1, 1, 1, 1, 1, 0, 1, 0, 1]",1,111011111110101
"[0, 1, 0, 0, 0, 1, 1, 0, 0, 1, 1, 0, 1, 0, 1]",1,010001100110101
"[1, 1, 0, 1, 1, 0, 1, 1, 0, 0, 1, 1, 1, 0, 0]",1,110110110011100
"[0, 1, 1, 0, 1, 1, 1, 1, 1, 1, 1, 0, 0, 1, 1]",2,011011111110011
"[0, 0, 0, 0, 1, 0, 1, 1, 1, 1, 1, 0, 1, 0, 1]",1,000010111110101
"[0, 0, 0, 1, 0, 1, 0, 0, 1, 1, 1, 1, 0, 0, 1]",1,000101001111001
"[1, 1, 0, 0, 0, 1, 0, 1, 1, 0, 1, 1, 0, 0, 0]",2,110001011011000
"[0, 0, 0, 0, 0, 1, 0, 0, 0, 0, 1, 0, 0, 1, 0]",1,000001000010010
"[1, 0, 1, 0, 0, 0, 1, 1, 1, 0, 1, 0, 0, 1, 0]",1,101000111010010
"[0, 0, 1, 0, 0, 1, 1, 1, 0, 0, 1, 1, 0, 0, 1]",1,001001110011001
"[1, 0, 1, 1, 1, 0, 0, 0, 0, 0, 0, 0, 1, 0, 0]",1,101110000000100
"[1, 0, 0, 0, 1, 0, 1, 1, 1, 1, 0, 0, 0, 1, 1]",1,100010111100011
"[1, 0, 1, 1, 0, 1, 0, 1, 1, 0, 0, 1, 1, 0, 1]",2,101101011001101
"[0, 1, 1, 1, 1, 0, 1, 1, 0, 1, 1, 1, 0, 1, 0]",1,011110110111010
"[1, 0, 0, 1, 1, 0, 0, 0, 1, 1, 0, 1, 1, 1, 0]",1,100110001101110
"[0, 1, 1, 0, 0, 1, 1, 0, 1, 1, 0, 0, 0, 1, 1]",1,011001101100011
"[0, 1, 0, 1, 1, 1, 0, 1, 0, 1, 1, 1, 1, 0, 0]",1,010111010111100
"[0, 1, 1, 1, 0, 1, 0, 1, 1, 0, 0, 0, 0, 0, 1]",1,011101011000001
"[1, 1, 1, 1, 0, 1, 0, 0, 0, 1, 0, 1, 1, 1, 0]",1,111101000101110
"[0, 0, 1, 1, 1, 1, 1, 1, 1, 0, 0, 1, 1, 0, 0]",1,001111111001100
"[0, 0, 0, 1, 1, 0, 1, 0, 1, 0, 1, 0, 1, 0, 1]",1,000110101010101
"[0, 0, 0, 1, 1, 1, 0, 1, 0, 0, 0, 0, 0, 0, 0]",1,000111010000000
"[0, 1, 1, 0, 1, 1, 0, 0, 0, 0, 0, 1, 0, 0, 0]",1,011011000001000
"[0, 1, 0, 1, 0, 0, 0, 0, 1, 1, 0, 0, 0, 0, 1]",2,010100001100001
"[1, 1, 0, 1, 0, 0, 0, 0, 1, 1, 0, 1, 0, 0, 0]",1,110100001101000
"[0, 1, 0, 1, 0, 1, 0, 1, 0, 1, 0, 0, 0, 1, 1]",1,010101010100011
"[1, 0, 1, 0, 0, 0, 0, 0, 0, 0, 0, 1, 1, 1, 0]",2,101000000001110
"[1, 0, 0, 0, 0, 0, 0, 1, 1, 1, 1, 0, 0, 0, 1]",1,100000011110001
"[0, 1, 1, 0, 0, 1, 0, 1, 0, 1, 0, 0, 0, 0, 1]",1,011001010100001
"[0, 0, 1, 1, 1, 0, 0, 0, 1, 0, 1, 0, 1, 1, 0]",1,001110001010110
"[1, 1, 1, 0, 1, 1, 0, 0, 0, 1, 0, 0, 0, 1, 1]",1,111011000100011
"[0, 0, 0, 0, 0, 0, 1, 1, 0, 0, 1, 1, 1, 1, 1]",1,000000110011111
"[0, 0, 0, 1, 0, 1, 0, 0, 1, 1, 0, 0, 1, 0, 0]",1,000101001100100
"[0, 0, 0, 1, 1, 1, 0, 0, 1, 0, 0, 0, 0, 1, 1]",1,000111001000011
"[0, 0, 0, 0, 0, 1, 0, 0, 0, 1, 1, 1, 1, 1, 0]",1,000001000111110
"[1, 1, 1, 1, 0, 1, 1, 1, 1, 0, 0, 1, 0, 1, 0]",1,111101111001010
"[1, 1, 1, 0, 1, 1, 0, 1, 1, 0, 0, 0, 0, 1, 1]",1,111011011000011
"[1, 0, 1, 1, 1, 0, 0, 0, 1, 1, 1, 0, 1, 1, 1]",1,101110001110111
"[0, 1, 1, 1, 0, 0, 1, 0, 0, 0, 1, 1, 0, 0, 1]",1,011100100011001
"[0, 1, 0, 1, 0, 0, 0, 0, 1, 0, 0, 0, 0, 0, 0]",1,010100001000000
"[0, 1, 1, 1, 1, 1, 0, 1, 1, 0, 0, 0, 0, 1, 0]",1,011111011000010
"[1, 1, 0, 0, 1, 1, 0, 1, 1, 1, 0, 0, 1, 1, 0]",1,110011011100110
"[0, 0, 1, 1, 0, 0, 1, 1, 1, 0, 0, 0, 0, 0, 1]",1,001100111000001
"[0, 0, 0, 1, 1, 1, 1, 1, 1, 0, 1, 0, 0, 1, 0]",1,000111111010010
"[0, 1, 0, 1, 1, 1, 1, 1, 1, 1, 1, 0, 0, 1, 0]",2,010111111110010
"[0, 1, 1, 1, 1, 1, 0, 1, 0, 0, 1, 0, 0, 1, 1]",1,011111010010011
"[1, 0, 1, 0, 0, 1, 1, 0, 1, 0, 0, 0, 1, 1, 0]",1,101001101000110
"[1, 1, 0, 0, 1, 1, 1, 0, 0, 1, 0, 1, 1, 1, 0]",1,110011100101110
"[0, 0, 1, 0, 0, 1, 0, 1, 0, 1, 1, 1, 1, 1, 0]",1,001001010111110
"[0, 1, 1, 0, 0, 0, 0, 1, 1, 0, 1, 0, 0, 1, 0]",1,011000011010010
"[0, 1, 0, 1, 0, 0, 1, 0, 1, 0, 0, 0, 1, 1, 0]",1,010100101000110
"[1, 1, 0, 0, 1, 1, 0, 0, 1, 0, 0, 1, 1, 1, 0]",2,110011001001110
"[1, 1, 0, 1, 1, 1, 0, 1, 1, 0, 0, 1, 0, 0, 0]",1,110111011001000
"[1, 1, 1, 1, 1, 0, 1, 1, 1, 1, 0, 1, 1, 1, 1]",1,111110111101111
"[0, 0, 0, 0, 0, 0, 0, 1, 1, 1, 0, 0, 0, 0, 1]",1,000000011100001
"[1, 0, 0, 0, 1, 1, 1, 1, 1, 0, 0, 0, 0, 0, 0]",1,100011111000000
"[1, 1, 1, 1, 1, 1, 1, 1, 0, 0, 0, 0, 0, 0, 0]",1,111111110000000
"[1, 0, 0, 1, 0, 0, 1, 0, 1, 1, 0, 0, 0, 0, 0]",1,100100101100000
"[0, 1, 1, 1, 0, 0, 0, 0, 0, 1, 0, 1, 1, 0, 0]",1,011100000101100
"[1, 0, 1, 1, 1, 0, 1, 0, 0, 1, 0, 1, 0, 1, 1]",1,101110100101011
"[0, 1, 0, 0, 1, 0, 0, 0, 1, 1, 0, 1, 1, 0, 1]",1,010010001101101
"[0, 0, 1, 0, 0, 1, 1, 0, 0, 0, 0, 0, 0, 0, 0]",1,001001100000000
"[0, 1, 1, 0, 1, 0, 0, 1, 0, 1, 0, 1, 1, 0, 0]",1,011010010101100
"[1, 1, 0, 0, 1, 0, 1, 0, 1, 1, 0, 0, 1, 0, 0]",1,110010101100100
"[0, 1, 1, 0, 1, 0, 0, 1, 1, 0, 1, 0, 0, 1, 0]",1,011010011010010
"[1, 0, 0, 1, 1, 0, 0, 0, 1, 1, 0, 1, 0, 0, 0]",1,100110001101000
"[1, 1, 1, 1, 0, 0, 0, 1, 0, 1, 0, 1, 1, 0, 0]",1,111100010101100
"[1, 0, 0, 0, 1, 1, 0, 1, 0, 1, 0, 0, 1, 1, 1]",1,100011010100111
"[0, 1, 1, 0, 1, 0, 1, 1, 0, 0, 1, 1, 1, 1, 1]",1,011010110011111
"[1, 1, 0, 1, 1, 0, 1, 1, 0, 1, 0, 1, 1, 1, 0]",1,110110110101110
"[0, 1, 1, 1, 1, 0, 1, 1, 1, 0, 1, 0, 1, 1, 1]",1,011110111010111
"[1, 1, 0, 1, 1, 1, 0, 1, 0, 0, 1, 0, 0, 1, 1]",1,110111010010011
"[0, 1, 0, 0, 1, 1, 1, 1, 1, 1, 1, 0, 1, 1, 1]",1,010011111110111
"[0, 0, 1, 0, 0, 1, 1, 1, 1, 1, 0, 1, 0, 1, 1]",1,001001111101011
"[1, 0, 1, 1, 1, 0, 1, 0, 0, 0, 0, 0, 0, 1, 0]",1,101110100000010
"[0, 0, 0, 1, 1, 0, 0, 0, 0, 0, 0, 0, 0, 0, 0]",1,000110000000000
"[0, 0, 1, 1, 1, 0, 1, 1, 1, 1, 1, 0, 1, 1, 1]",2,001110111110111
"[0, 0, 1, 1, 0, 1, 0, 0, 1, 0, 0, 0, 1, 0, 0]",1,001101001000100
"[0, 0, 0, 0, 0, 1, 0, 0, 1, 1, 0, 1, 1, 0, 0]",1,000001001101100
"[0, 0, 0, 0, 0, 0, 1, 0, 1, 1, 0, 0, 1, 1, 0]",1,000000101100110
"[1, 1, 1, 1, 1, 0, 1, 1, 0, 1, 0, 0, 1, 0, 1]",1,111110110100101
"[1, 0, 0, 0, 1, 0, 0, 0, 0, 1, 0, 1, 1, 0, 1]",1,100010000101101
"[1, 1, 0, 1, 0, 1, 1, 0, 0, 1, 1, 1, 0, 1, 0]",1,110101100111010
"[0, 1, 1, 0, 1, 1, 1, 1, 0, 0, 1, 0, 0, 0, 0]",1,011011110010000
"[0, 0, 0, 1, 0, 0, 0, 0, 0, 1, 1, 0, 0, 0, 0]",1,000100000110000
"[0, 1, 1, 1, 1, 1, 1, 0, 1, 1, 0, 1, 1, 0, 1]",2,011111101101101
"[1, 1, 1, 1, 1, 0, 0, 0, 1, 1, 1, 0, 0, 0, 1]",1,111110001110001
"[0, 1, 1, 0, 0, 0, 0, 1, 0, 0, 1, 1, 0, 0, 0]",1,011000010011000
"[1, 0, 0, 0, 1, 0, 1, 1, 1, 1, 0, 0, 0, 0, 0]",1,100010111100000
"[1, 1, 0, 1, 0, 1, 1, 1, 0, 1, 0, 1, 1, 1, 0]",1,110101110101110
"[1, 1, 1, 0, 1, 0, 0, 1, 0, 0, 0, 0, 0, 1, 0]",1,111010010000010
"[1, 0, 0, 1, 1, 0, 1, 0, 1, 0, 0, 1, 0, 0, 1]",1,100110101001001
"[1, 1, 1, 1, 0, 1, 1, 0, 0, 1, 1, 0, 1, 1, 1]",1,111101100110111
"[1, 0, 0, 0, 1, 0, 0, 0, 0, 0, 0, 0, 0, 0, 1]",1,100010000000001
"[1, 0, 1, 1, 0, 0, 0, 1, 0, 1, 1, 0, 1, 0, 1]",1,101100010110101
"[1, 0, 0, 0, 1, 1, 0, 0, 1, 1, 0, 1, 0, 1, 1]",1,100011001101011
"[0, 0, 0, 1, 1, 0, 1, 1, 1, 1, 0, 0, 0, 1, 0]",1,000110111100010
"[1, 0, 0, 1, 1, 0, 1, 0, 0, 1, 1, 1, 0, 0, 1]",1,100110100111001
"[1, 0, 1, 0, 1, 0, 1, 0, 1, 0, 0, 1, 1, 0, 1]",1,101010101001101
"[0, 1, 1, 0, 1, 1, 0, 0, 0, 1, 1, 1, 1, 0, 0]",1,011011000111100
"[1, 1, 1, 1, 1, 0, 1, 0, 1, 1, 0, 1, 0, 1, 1]",1,111110101101011
"[0, 1, 0, 1, 1, 0, 0, 0, 1, 1, 1, 1, 1, 0, 0]",1,010110001111100
"[1, 1, 1, 1, 0, 0, 0, 0, 1, 0, 0, 1, 0, 0, 0]",1,111100001001000
"[0, 0, 1, 0, 0, 0, 0, 0, 0, 1, 0, 1, 1, 1, 0]",1,001000000101110
"[0, 1, 0, 0, 1, 0, 0, 1, 0, 1, 1, 0, 0, 0, 0]",1,010010010110000
"[0, 1, 0, 1, 0, 0, 1, 0, 0, 1, 0, 1, 1, 0, 0]",1,010100100101100
"[1, 0, 0, 0, 1, 1, 0, 0, 0, 0, 0, 1, 1, 1, 1]",1,100011000001111
"[1, 0, 0, 0, 1, 0, 1, 0, 0, 1, 1, 1, 0, 0, 1]",1,100010100111001
"[1, 0, 1, 0, 1, 0, 1, 0, 0, 0, 0, 0, 1, 0, 1]",1,101010100000101
"[0, 1, 1, 0, 1, 0, 0, 1, 1, 1, 0, 0, 0, 1, 1]",1,011010011100011
"[1, 0, 1, 1, 1, 0, 1, 1, 0, 0, 1, 0, 0, 0, 1]",1,101110110010001
"[0, 1, 0, 0, 0, 0, 0, 0, 0, 0, 0, 0, 1, 1, 0]",1,010000000000110
"[0, 1, 0, 0, 0, 0, 0, 1, 0, 0, 0, 1, 0, 0, 0]",1,010000010001000
"[1, 1, 1, 1, 1, 1, 0, 0, 0, 0, 1, 0, 0, 0, 0]",1,111111000010000
"[1, 1, 0, 0, 1, 1, 1, 0, 1, 1, 1, 0, 0, 0, 0]",1,110011101110000
"[1, 0, 1, 1, 1, 1, 1, 1, 0, 1, 0, 0, 0, 1, 0]",1,101111110100010
"[1, 1, 0, 0, 0, 0, 0, 0, 1, 1, 1, 1, 1, 1, 1]",1,110000001111111
"[1, 0, 1, 0, 1, 1, 1, 0, 0, 0, 1, 0, 0, 0, 1]",1,101011100010001
"[1, 0, 1, 0, 1, 1, 1, 1, 1, 1, 0, 1, 1, 0, 1]",1,101011111101101
"[0, 1, 0, 1, 0, 0, 0, 1, 0, 1, 0, 0, 1, 0, 1]",1,010100010100101
"[0, 0, 1, 0, 0, 1, 1, 1, 1, 1, 1, 1, 0, 0, 1]",1,001001111111001
"[1, 0, 0, 0, 1, 1, 0, 0, 1, 1, 0, 1, 1, 1, 1]",1,100011001101111
"[1, 0, 0, 0, 1, 1, 0, 0, 0, 1, 1, 0, 0, 0, 1]",1,100011000110001
"[1, 1, 1, 0, 0, 1, 0, 0, 0, 1, 0, 1, 0, 0, 1]",1,111001000101001
"[0, 0, 1, 1, 0, 0, 1, 1, 1, 0, 1, 0, 1, 0, 0]",1,001100111010100
"[1, 1, 0, 1, 0, 1, 1, 1, 1, 1, 0, 0, 1, 0, 0]",2,110101111100100
"[1, 0, 0, 0, 1, 1, 0, 1, 1, 0, 1, 0, 0, 1, 1]",1,100011011010011
"[0, 1, 0, 0, 1, 1, 0, 0, 0, 0, 0, 1, 0, 0, 0]",1,010011000001000
"[0, 0, 1, 0, 1, 1, 1, 0, 1, 1, 1, 0, 1, 1, 0]",1,001011101110110
"[0, 0, 0, 1, 0, 1, 0, 0, 1, 0, 1, 1, 1, 0, 1]",1,000101001011101
"[0, 0, 1, 0, 0, 1, 0, 0, 0, 0, 1, 1, 1, 0, 0]",1,001001000011100
"[1, 1, 1, 0, 0, 1, 1, 1, 1, 0, 1, 1, 1, 0, 0]",1,111001111011100
"[0, 0, 0, 1, 1, 1, 0, 0, 1, 0, 0, 1, 1, 0, 1]",1,000111001001101
"[0, 0, 0, 0, 1, 0, 1, 1, 1, 1, 1, 1, 1, 0, 0]",1,000010111111100
"[1, 1, 1, 0, 1, 1, 1, 0, 0, 0, 0, 0, 1, 0, 0]",1,111011100000100
"[1, 0, 0, 1, 1, 0, 0, 1, 1, 1, 1, 0, 0, 0, 0]",2,100110011110000
"[1, 1, 0, 0, 1, 0, 1, 1, 0, 0, 0, 1, 1, 0, 0]",1,110010110001100
"[0, 0, 0, 0, 1, 0, 1, 1, 1, 0, 0, 0, 0, 0, 0]",1,000010111000000
"[0, 1, 0, 0, 0, 1, 0, 0, 1, 1, 0, 0, 1, 0, 1]",1,010001001100101
"[0, 0, 1, 0, 0, 0, 0, 0, 1, 1, 0, 1, 0, 1, 1]",1,001000001101011
"[1, 1, 0, 1, 0, 0, 1, 1, 0, 1, 0, 1, 1, 1, 0]",1,110100110101110
"[1, 0, 1, 1, 0, 0, 0, 0, 1, 1, 1, 1, 1, 1, 1]",1,101100001111111
"[0, 1, 0, 0, 0, 0, 1, 0, 1, 1, 1, 1, 0, 1, 0]",1,010000101111010
"[0, 0, 0, 1, 1, 0, 0, 0, 1, 0, 1, 0, 0, 1, 0]",1,000110001010010
"[0, 0, 0, 0, 1, 0, 0, 1, 0, 0, 1, 1, 1, 1, 0]",1,000010010011110
"[1, 1, 0, 1, 0, 1, 0, 1, 1, 1, 1, 0, 1, 1, 1]",1,110101011110111
"[0, 1, 1, 1, 1, 0, 1, 1, 0, 0, 0, 0, 0, 1, 1]",1,011110110000011
"[1, 1, 0, 1, 1, 1, 0, 1, 1, 0, 0, 0, 0, 0, 0]",1,110111011000000
"[1, 0, 0, 0, 1, 0, 1, 0, 0, 0, 0, 1, 1, 0, 0]",1,100010100001100
"[1, 0, 1, 1, 1, 1, 1, 0, 1, 0, 1, 0, 1, 1, 1]",1,101111101010111
"[1, 1, 0, 1, 1, 0, 1, 0, 0, 1, 1, 0, 0, 1, 0]",1,110110100110010
"[1, 1, 0, 1, 1, 0, 1, 0, 0, 1, 1, 0, 1, 1, 1]",1,110110100110111
"[0, 0, 0, 1, 0, 0, 0, 0, 1, 0, 0, 0, 1, 0, 0]",1,000100001000100
"[0, 0, 0, 0, 0, 0, 1, 0, 1, 1, 0, 1, 1, 1, 0]",1,000000101101110
"[1, 0, 1, 1, 0, 0, 1, 0, 1, 0, 0, 1, 0, 0, 1]",1,101100101001001
"[0, 1, 1, 1, 1, 1, 1, 0, 0, 0, 1, 0, 0, 1, 1]",1,011111100010011
"[1, 1, 0, 1, 0, 0, 0, 0, 0, 0, 0, 1, 0, 1, 1]",1,110100000001011
"[1, 0, 1, 1, 0, 0, 0, 1, 1, 1, 1, 1, 1, 1, 0]",2,101100011111110
"[1, 1, 1, 1, 1, 0, 1, 0, 1, 0, 1, 0, 0, 1, 1]",1,111110101010011
"[1, 0, 1, 0, 1, 1, 0, 1, 1, 0, 1, 0, 1, 0, 1]",1,101011011010101
"[0, 0, 1, 0, 0, 1, 1, 1, 1, 0, 1, 1, 0, 1, 0]",1,001001111011010
"[0, 1, 1, 1, 0, 0, 0, 0, 1, 1, 0, 1, 0, 0, 0]",1,011100001101000
"[1, 0, 1, 1, 0, 0, 0, 1, 1, 0, 0, 1, 1, 0, 0]",1,101100011001100
"[1, 0, 1, 0, 0, 0, 0, 1, 0, 1, 1, 1, 1, 1, 1]",1,101000010111111
"[0, 0, 0, 1, 1, 0, 0, 1, 0, 0, 0, 1, 1, 0, 1]",1,000110010001101
"[1, 0, 1, 0, 0, 0, 1, 0, 0, 0, 1, 1, 0, 0, 1]",1,101000100011001
"[0, 0, 0, 1, 0, 0, 1, 0, 1, 0, 1, 1, 0, 1, 0]",1,000100101011010
"[0, 1, 0, 0, 0, 0, 1, 1, 0, 1, 1, 1, 1, 1, 0]",1,010000110111110
"[0, 0, 1, 0, 1, 1, 1, 0, 1, 1, 0, 1, 1, 0, 1]",1,001011101101101
"[0, 1, 0, 1, 0, 1, 0, 1, 1, 1, 0, 1, 0, 0, 0]",1,010101011101000
"[1, 0, 1, 0, 0, 0, 0, 1, 1, 1, 1, 1, 1, 0, 1]",1,101000011111101
"[0, 1, 0, 0, 1, 0, 1, 0, 1, 1, 1, 0, 0, 0, 1]",1,010010101110001
"[0, 1, 1, 1, 1, 1, 0, 0, 1, 1, 0, 1, 0, 0, 1]",1,011111001101001
"[0, 0, 0, 0, 1, 0, 1, 1, 0, 1, 0, 0, 1, 1, 1]",1,000010110100111
"[1, 0, 1, 0, 1, 0, 0, 0, 1, 0, 0, 0, 0, 0, 1]",1,101010001000001
"[1, 0, 1, 0, 1, 0, 0, 1, 1, 1, 1, 0, 1, 1, 0]",1,101010011110110
"[1, 1, 1, 1, 0, 1, 0, 1, 1, 0, 1, 1, 0, 0, 1]",1,111101011011001
"[0, 1, 1, 1, 1, 0, 0, 1, 1, 0, 1, 0, 0, 1, 0]",1,011110011010010
"[0, 0, 1, 0, 0, 0, 1, 1, 0, 1, 0, 1, 0, 1, 0]",1,001000110101010
"[1, 1, 0, 0, 0, 0, 0, 1, 0, 1, 0, 0, 1, 0, 1]",1,110000010100101
"[0, 1, 0, 0, 0, 1, 1, 1, 1, 1, 1, 1, 0, 0, 1]",2,010001111111001
"[1, 1, 0, 1, 1, 0, 0, 0, 1, 1, 0, 0, 0, 0, 1]",1,110110001100001
"[1, 1, 1, 1, 1, 0, 1, 0, 1, 1, 0, 1, 0, 0, 1]",1,111110101101001
"[1, 0, 1, 0, 1, 1, 1, 1, 0, 0, 1, 1, 0, 0, 0]",1,101011110011000
"[1, 1, 1, 0, 1, 1, 0, 0, 0, 1, 1, 1, 1, 0, 0]",1,111011000111100
"[1, 0, 0, 0, 0, 0, 0, 1, 0, 1, 0, 1, 1, 1, 0]",1,100000010101110
"[0, 0, 1, 1, 1, 1, 1, 1, 0, 1, 0, 1, 0, 0, 0]",1,001111110101000
"[0, 1, 0, 1, 0, 1, 1, 0, 1, 0, 1, 0, 1, 1, 0]",1,010101101010110
"[1, 1, 1, 1, 1, 0, 0, 0, 1, 1, 0, 1, 0, 0, 1]",1,111110001101001
"[0, 1, 0, 0, 0, 0, 1, 0, 1, 1, 0, 0, 1, 0, 1]",1,010000101100101
"[1, 0, 1, 1, 1, 0, 1, 0, 1, 0, 0, 0, 1, 1, 0]",1,101110101000110
"[0, 1, 1, 0, 0, 0, 0, 0, 1, 1, 1, 1, 1, 1, 1]",1,011000001111111
"[0, 0, 0, 0, 0, 0, 0, 1, 1, 1, 0, 0, 0, 0, 0]",1,000000011100000
"[1, 1, 1, 0, 1, 0, 0, 0, 0, 1, 1, 0, 1, 1, 1]",1,111010000110111
"[1, 1, 1, 0, 1, 0, 0, 0, 0, 0, 0, 0, 0, 1, 1]",1,111010000000011
"[1, 1, 0, 0, 1, 0, 0, 0, 1, 1, 1, 0, 0, 1, 0]",1,110010001110010
"[1, 0, 1, 0, 0, 0, 1, 0, 1, 1, 0, 0, 0, 0, 0]",1,101000101100000
"[1, 1, 1, 0, 0, 0, 1, 1, 0, 0, 0, 0, 1, 0, 0]",1,111000110000100
"[0, 0, 1, 0, 0, 0, 1, 1, 0, 0, 0, 1, 1, 0, 1]",1,001000110001101
"[1, 0, 0, 1, 1, 1, 0, 1, 1, 0, 0, 1, 0, 1, 0]",1,100111011001010
"[1, 0, 0, 1, 0, 0, 1, 1, 1, 1, 1, 1, 1, 1, 1]",1,100100111111111
"[1, 1, 0, 1, 1, 1, 0, 0, 1, 0, 0, 0, 1, 1, 1]",1,110111001000111
"[0, 0, 1, 1, 1, 0, 1, 1, 1, 1, 0, 1, 0, 0, 0]",2,001110111101000
"[0, 1, 1, 0, 1, 0, 0, 1, 1, 0, 1, 1, 1, 0, 0]",1,011010011011100
"[1, 0, 0, 0, 0, 0, 0, 0, 0, 0, 1, 1, 0, 0, 1]",1,100000000011001
"[1, 0, 0, 1, 1, 1, 1, 0, 1, 1, 0, 0, 1, 0, 1]",1,100111101100101
"[0, 1, 0, 0, 1, 0, 0, 0, 1, 1, 1, 1, 1, 0, 1]",1,010010001111101
"[0, 0, 1, 1, 0, 0, 0, 1, 0, 0, 1, 1, 0, 0, 0]",1,001100010011000
"[0, 0, 1, 1, 1, 1, 0, 1, 1, 1, 1, 1, 0, 1, 1]",1,001111011111011
"[0, 1, 1, 0, 1, 0, 0, 0, 0, 1, 0, 0, 0, 1, 1]",1,011010000100011
"[1, 1, 1, 1, 0, 1, 0, 1, 0, 1, 1, 0, 0, 0, 0]",1,111101010110000
"[0, 1, 1, 0, 0, 1, 0, 1, 0, 1, 0, 0, 0, 0, 0]",1,011001010100000
"[1, 1, 1, 1, 1, 1, 0, 1, 1, 0, 1, 0, 0, 1, 1]",1,111111011010011
"[1, 0, 1, 0, 1, 0, 1, 1, 0, 1, 1, 0, 1, 0, 0]",1,101010110110100
"[1, 1, 0, 0, 0, 0, 0, 0, 0, 1, 1, 0, 0, 1, 0]",1,110000000110010
"[0, 1, 0, 1, 1, 1, 0, 1, 0, 1, 1, 1, 0, 1, 1]",1,010111010111011
"[0, 1, 1, 1, 0, 0, 0, 1, 0, 1, 1, 0, 1, 0, 1]",1,011100010110101
"[1, 1, 0, 0, 1, 0, 0, 0, 1, 0, 0, 1, 1, 0, 1]",1,110010001001101
"[0, 0, 1, 0, 0, 1, 1, 0, 1, 0, 0, 1, 0, 0, 0]",1,001001101001000
"[0, 1, 1, 1, 0, 1, 1, 1, 1, 0, 0, 1, 1, 0, 1]",1,011101111001101
"[1, 0, 0, 0, 0, 1, 0, 0, 1, 1, 1, 0, 1, 0, 0]",1,100001001110100
"[1, 0, 0, 1, 1, 0, 0, 0, 1, 1, 1, 1, 1, 1, 0]",1,100110001111110
"[1, 0, 1, 0, 0, 0, 1, 1, 1, 0, 0, 1, 1, 1, 0]",2,101000111001110
"[0, 0, 1, 1, 1, 1, 1, 1, 0, 0, 0, 1, 0, 0, 1]",1,001111110001001
"[0, 1, 1, 1, 0, 0, 0, 1, 0, 0, 0, 0, 1, 1, 1]",1,011100010000111
"[1, 1, 0, 1, 1, 1, 1, 1, 1, 1, 0, 0, 1, 0, 0]",2,110111111100100
"[1, 0, 1, 0, 1, 0, 1, 1, 1, 0, 1, 1, 0, 1, 0]",1,101010111011010
"[1, 1, 0, 1, 0, 0, 0, 1, 0, 0, 1, 1, 1, 0, 1]",1,110100010011101
"[1, 0, 0, 0, 0, 0, 1, 0, 1, 0, 1, 1, 1, 0, 1]",1,100000101011101
"[1, 1, 1, 1, 0, 1, 0, 0, 1, 0, 0, 0, 1, 1, 0]",2,111101001000110
"[0, 0, 1, 1, 1, 0, 0, 0, 1, 0, 0, 1, 0, 1, 0]",2,001110001001010
"[0, 0, 0, 1, 1, 1, 0, 1, 1, 1, 0, 0, 1, 0, 1]",1,000111011100101
"[1, 1, 1, 0, 0, 1, 1, 1, 1, 1, 0, 1, 1, 0, 0]",1,111001111101100
"[0, 0, 0, 1, 1, 1, 1, 1, 0, 0, 1, 0, 0, 0, 0]",1,000111110010000
"[1, 1, 1, 1, 1, 0, 1, 1, 1, 1, 1, 1, 0, 1, 1]",1,111110111111011
"[1, 1, 0, 0, 0, 1, 1, 1, 1, 0, 0, 0, 1, 1, 0]",1,110001111000110
"[1, 0, 0, 1, 0, 0, 0, 0, 1, 0, 1, 0, 1, 0, 0]",1,100100001010100
"[1, 0, 1, 0, 0, 0, 1, 1, 1, 1, 0, 0, 0, 0, 0]",1,101000111100000
"[1, 1, 1, 1, 1, 0, 1, 1, 0, 0, 1, 1, 0, 0, 0]",1,111110110011000
"[1, 0, 1, 1, 1, 1, 0, 0, 0, 1, 1, 0, 1, 1, 0]",1,101111000110110
"[1, 1, 1, 0, 0, 0, 0, 1, 1, 1, 0, 0, 0, 1, 0]",1,111000011100010
"[1, 1, 1, 0, 1, 1, 0, 1, 0, 0, 0, 0, 1, 1, 0]",1,111011010000110
"[0, 0, 1, 1, 0, 1, 1, 0, 1, 0, 0, 0, 0, 1, 0]",1,001101101000010
"[0, 0, 1, 0, 0, 0, 0, 1, 1, 0, 1, 1, 0, 0, 0]",1,001000011011000
"[0, 0, 0, 1, 1, 0, 1, 0, 1, 0, 1, 0, 0, 0, 0]",2,000110101010000
"[1, 1, 1, 1, 1, 1, 1, 0, 0, 0, 1, 0, 0, 0, 1]",1,111111100010001
"[1, 0, 1, 1, 1, 1, 0, 1, 0, 1, 0, 0, 0, 1, 1]",1,101111010100011
"[1, 1, 0, 0, 0, 0, 1, 0, 0, 0, 1, 0, 1, 1, 0]",1,110000100010110
"[0, 0, 0, 1, 0, 1, 1, 0, 0, 1, 1, 0, 1, 1, 0]",1,000101100110110
"[0, 1, 0, 0, 0, 1, 1, 1, 0, 1, 1, 0, 0, 0, 1]",1,010001110110001
"[1, 0, 0, 0, 1, 1, 0, 1, 0, 1, 1, 1, 1, 1, 0]",1,100011010111110
"[1, 1, 1, 1, 0, 0, 0, 0, 0, 1, 1, 0, 0, 1, 0]",1,111100000110010
"[0, 0, 0, 0, 1, 0, 1, 0, 0, 0, 0, 1, 1, 0, 1]",2,000010100001101
"[0, 1, 0, 1, 0, 1, 1, 1, 0, 0, 1, 0, 0, 0, 0]",1,010101110010000
"[1, 1, 1, 1, 1, 1, 0, 1, 1, 1, 0, 1, 0, 0, 1]",1,111111011101001
"[0, 1, 1, 0, 1, 1, 0, 1, 1, 0, 1, 0, 1, 1, 1]",1,011011011010111
"[0, 1, 0, 1, 0, 0, 1, 1, 0, 1, 1, 1, 1, 1, 0]",1,010100110111110
"[1, 1, 0, 0, 0, 1, 1, 0, 0, 1, 1, 1, 1, 1, 1]",1,110001100111111
"[1, 1, 1, 0, 1, 1, 1, 1, 0, 1, 0, 0, 1, 0, 1]",1,111011110100101
"[1, 0, 1, 1, 0, 1, 0, 0, 1, 1, 1, 1, 1, 0, 0]",1,101101001111100
"[1, 0, 0, 1, 0, 1, 1, 0, 0, 1, 0, 1, 1, 0, 0]",1,100101100101100
"[0, 1, 0, 0, 1, 1, 0, 0, 1, 1, 0, 1, 1, 1, 1]",1,010011001101111
"[1, 1, 0, 1, 1, 1, 0, 0, 1, 1, 1, 1, 0, 0, 0]",1,110111001111000
"[0, 1, 1, 1, 0, 0, 0, 0, 1, 0, 0, 0, 0, 1, 0]",1,011100001000010
"[1, 1, 1, 0, 0, 0, 0, 0, 1, 1, 0, 1, 0, 0, 1]",1,111000001101001
"[1, 1, 1, 0, 1, 0, 1, 0, 1, 1, 1, 1, 1, 1, 1]",1,111010101111111
"[1, 1, 0, 0, 1, 1, 1, 0, 1, 1, 1, 0, 1, 0, 1]",1,110011101110101
"[0, 0, 0, 0, 0, 1, 1, 1, 1, 0, 0, 1, 1, 1, 0]",1,000001111001110
"[1, 1, 0, 0, 0, 1, 1, 1, 1, 1, 0, 1, 0, 0, 0]",1,110001111101000
"[0, 1, 1, 1, 0, 1, 0, 0, 0, 1, 0, 1, 0, 1, 0]",1,011101000101010
"[0, 0, 1, 1, 0, 0, 0, 1, 0, 1, 1, 0, 1, 1, 1]",1,001100010110111
"[0, 0, 1, 1, 0, 0, 1, 1, 0, 0, 1, 1, 0, 0, 1]",1,001100110011001
"[1, 0, 0, 0, 1, 1, 0, 0, 1, 1, 1, 0, 0, 1, 1]",1,100011001110011
"[0, 0, 1, 1, 1, 1, 0, 1, 1, 1, 1, 1, 1, 0, 1]",1,001111011111101
"[0, 0, 1, 0, 0, 1, 0, 0, 0, 1, 0, 1, 1, 1, 0]",1,001001000101110
"[0, 1, 0, 0, 0, 1, 0, 0, 1, 0, 0, 1, 0, 1, 1]",1,010001001001011
"[0, 1, 0, 0, 0, 1, 1, 0, 1, 1, 0, 0, 1, 1, 1]",1,010001101100111
"[0, 1, 1, 1, 1, 0, 0, 1, 0, 1, 1, 1, 1, 1, 0]",1,011110010111110
"[1, 1, 0, 1, 1, 0, 1, 1, 1, 1, 0, 1, 1, 0, 1]",1,110110111101101
"[0, 1, 0, 1, 1, 1, 1, 0, 0, 1, 1, 1, 1, 1, 0]",1,010111100111110
"[0, 1, 0, 0, 0, 1, 1, 1, 0, 0, 0, 0, 0, 0, 0]",1,010001110000000
"[0, 0, 1, 1, 1, 0, 0, 0, 1, 1, 1, 1, 1, 0, 1]",1,001110001111101
"[0, 1, 1, 0, 0, 1, 0, 0, 1, 1, 0, 0, 1, 0, 1]",1,011001001100101
"[1, 1, 0, 0, 0, 1, 1, 1, 0, 1, 1, 0, 0, 1, 0]",2,110001110110010
"[1, 1, 0, 0, 1, 1, 0, 0, 1, 0, 1, 0, 1, 1, 1]",1,110011001010111
"[0, 1, 0, 0, 0, 1, 0, 1, 0, 1, 1, 1, 1, 0, 0]",1,010001010111100
"[1, 0, 0, 0, 1, 0, 0, 1, 1, 0, 1, 0, 1, 1, 0]",1,100010011010110
"[1, 1, 0, 0, 0, 1, 1, 0, 1, 1, 0, 0, 0, 0, 0]",1,110001101100000
"[0, 0, 0, 0, 1, 1, 1, 0, 1, 0, 1, 0, 1, 1, 1]",1,000011101010111
"[0, 0, 1, 1, 0, 0, 1, 1, 1, 1, 0, 0, 1, 1, 1]",1,001100111100111
"[0, 1, 1, 1, 1, 1, 0, 1, 0, 0, 0, 1, 1, 0, 1]",1,011111010001101
"[1, 0, 1, 1, 1, 1, 1, 1, 0, 1, 1, 0, 1, 0, 0]",1,101111110110100
"[1, 0, 0, 1, 1, 0, 0, 1, 1, 1, 1, 0, 0, 1, 0]",1,100110011110010
"[1, 1, 1, 0, 0, 1, 0, 0, 1, 1, 0, 1, 1, 1, 0]",1,111001001101110
"[0, 0, 0, 1, 0, 0, 0, 0, 1, 0, 0, 0, 1, 1, 0]",1,000100001000110
"[1, 1, 1, 1, 0, 0, 1, 1, 1, 1, 0, 0, 0, 1, 0]",1,111100111100010
"[1, 1, 1, 0, 1, 0, 0, 1, 1, 0, 0, 1, 1, 0, 0]",1,111010011001100
"[1, 0, 0, 1, 1, 0, 0, 1, 1, 1, 1, 1, 1, 0, 0]",1,100110011111100
"[0, 0, 1, 0, 0, 1, 0, 0, 1, 1, 1, 1, 0, 1, 1]",1,001001001111011
"[0, 0, 1, 1, 1, 0, 1, 0, 0, 1, 0, 0, 0, 1, 1]",1,001110100100011
"[1, 1, 0, 0, 0, 0, 0, 1, 0, 0, 0, 0, 1, 1, 1]",1,110000010000111
"[0, 1, 0, 1, 0, 0, 0, 0, 0, 1, 1, 1, 1, 0, 1]",1,010100000111101
"[1, 0, 0, 1, 1, 0, 0, 1, 0, 1, 0, 1, 1, 0, 1]",3,100110010101101
"[0, 1, 0, 1, 0, 0, 1, 0, 0, 1, 0, 0, 1, 0, 0]",1,010100100100100
"[1, 1, 0, 0, 0, 0, 1, 0, 1, 0, 1, 0, 0, 0, 0]",1,110000101010000
"[0, 1, 1, 0, 1, 0, 0, 1, 1, 0, 0, 0, 1, 0, 1]",1,011010011000101
"[0, 1, 1, 1, 1, 1, 0, 1, 0, 1, 1, 1, 1, 0, 1]",1,011111010111101
"[0, 1, 0, 0, 0, 1, 0, 1, 1, 1, 1, 0, 0, 0, 1]",1,010001011110001
"[0, 1, 1, 1, 1, 1, 0, 1, 0, 0, 1, 0, 0, 0, 0]",1,011111010010000
"[1, 0, 0, 1, 0, 0, 0, 0, 1, 0, 0, 0, 0, 0, 1]",1,100100001000001
"[0, 1, 0, 0, 1, 1, 0, 0, 1, 0, 0, 0, 1, 1, 1]",1,010011001000111
"[0, 1, 0, 1, 1, 1, 1, 0, 1, 0, 0, 1, 1, 1, 0]",1,010111101001110
"[0, 0, 0, 1, 1, 1, 1, 0, 1, 0, 0, 1, 1, 1, 1]",1,000111101001111
"[0, 0, 1, 1, 0, 1, 1, 1, 1, 0, 1, 1, 1, 0, 0]",1,001101111011100
"[0, 1, 0, 0, 0, 1, 0, 0, 1, 1, 1, 1, 0, 1, 1]",1,010001001111011
"[0, 0, 0, 0, 1, 0, 1, 1, 0, 0, 1, 0, 1, 0, 0]",1,000010110010100
"[1, 0, 0, 0, 0, 0, 1, 0, 0, 0, 1, 0, 1, 1, 0]",1,100000100010110
"[0, 0, 0, 0, 1, 0, 0, 1, 1, 0, 0, 0, 0, 0, 1]",1,000010011000001
"[0, 0, 0, 1, 1, 0, 1, 0, 1, 0, 0, 0, 1, 1, 1]",1,000110101000111
"[0, 1, 1, 0, 1, 0, 0, 1, 1, 1, 0, 1, 1, 0, 0]",1,011010011101100
"[1, 0, 1, 1, 1, 1, 1, 0, 0, 0, 1, 1, 1, 0, 0]",1,101111100011100
"[1, 0, 0, 0, 0, 1, 1, 1, 0, 1, 0, 1, 1, 0, 1]",1,100001110101101
"[0, 0, 0, 0, 1, 1, 0, 1, 1, 0, 1, 0, 1, 1, 0]",1,000011011010110
"[0, 0, 1, 0, 1, 1, 0, 1, 0, 1, 1, 1, 0, 1, 1]",1,001011010111011
"[1, 0, 1, 1, 1, 0, 0, 0, 1, 0, 0, 0, 1, 0, 1]",1,101110001000101
"[1, 0, 0, 1, 0, 0, 1, 1, 0, 1, 0, 0, 0, 0, 0]",1,100100110100000
"[1, 1, 0, 0, 0, 0, 0, 1, 1, 0, 1, 0, 1, 0, 0]",1,110000011010100
"[1, 1, 1, 0, 1, 1, 1, 1, 1, 1, 1, 1, 0, 1, 1]",1,111011111111011
"[0, 1, 0, 1, 1, 0, 1, 0, 0, 1, 1, 1, 0, 1, 1]",1,010110100111011
"[0, 1, 0, 0, 0, 1, 1, 0, 0, 1, 1, 0, 1, 1, 0]",2,010001100110110
"[0, 0, 0, 1, 1, 0, 1, 0, 0, 1, 1, 0, 0, 0, 1]",1,000110100110001
"[1, 1, 0, 0, 0, 0, 1, 1, 0, 1, 1, 0, 0, 0, 1]",1,110000110110001
"[0, 1, 1, 1, 0, 1, 0, 0, 1, 1, 1, 0, 0, 1, 1]",1,011101001110011
"[1, 1, 1, 1, 0, 1, 0, 1, 1, 0, 1, 1, 0, 1, 1]",1,111101011011011
"[0, 0, 0, 0, 1, 1, 0, 1, 1, 1, 1, 1, 1, 1, 0]",1,000011011111110
"[1, 0, 0, 0, 1, 0, 1, 0, 0, 0, 1, 1, 1, 0, 0]",1,100010100011100
"[1, 0, 0, 0, 0, 1, 1, 1, 0, 1, 1, 0, 1, 0, 1]",1,100001110110101
"[0, 1, 0, 1, 0, 1, 0, 0, 0, 1, 1, 1, 0, 0, 1]",1,010101000111001
"[0, 1, 1, 1, 0, 0, 0, 0, 0, 1, 0, 0, 0, 0, 1]",1,011100000100001
"[0, 1, 0, 0, 0, 0, 1, 0, 0, 0, 1, 1, 0, 0, 1]",2,010000100011001
"[1, 1, 0, 0, 0, 1, 0, 0, 1, 0, 0, 0, 1, 1, 1]",2,110001001000111
"[0, 0, 0, 0, 1, 1, 0, 1, 0, 0, 1, 0, 1, 1, 0]",1,000011010010110
"[1, 0, 1, 1, 1, 0, 0, 1, 0, 1, 0, 0, 1, 0, 0]",1,101110010100100
"[0, 0, 1, 1, 0, 1, 1, 0, 1, 1, 0, 0, 1, 0, 1]",1,001101101100101
"[0, 1, 0, 1, 1, 0, 1, 0, 1, 1, 0, 1, 0, 0, 0]",1,010110101101000
"[0, 0, 0, 0, 1, 0, 0, 1, 1, 1, 1, 0, 0, 0, 1]",1,000010011110001
"[0, 1, 0, 1, 1, 0, 1, 0, 0, 1, 0, 1, 0, 0, 1]",1,010110100101001
"[1, 1, 1, 0, 1, 0, 1, 1, 1, 0, 1, 0, 1, 1, 1]",1,111010111010111
"[1, 1, 0, 0, 0, 1, 1, 0, 0, 1, 0, 0, 1, 0, 1]",1,110001100100101
"[0, 1, 1, 0, 1, 1, 0, 0, 1, 1, 0, 1, 1, 1, 0]",1,011011001101110
"[0, 1, 0, 1, 0, 1, 1, 1, 0, 0, 1, 1, 1, 0, 0]",1,010101110011100
"[0, 0, 1, 0, 1, 0, 1, 1, 0, 0, 0, 1, 1, 0, 1]",1,001010110001101
"[0, 1, 0, 1, 0, 0, 1, 0, 1, 0, 1, 1, 1, 0, 1]",1,010100101011101
"[1, 0, 0, 0, 0, 1, 1, 0, 1, 1, 1, 1, 0, 0, 1]",1,100001101111001
"[0, 1, 0, 1, 0, 0, 0, 0, 1, 1, 0, 1, 1, 0, 0]",2,010100001101100
"[1, 1, 0, 1, 0, 1, 0, 0, 0, 0, 0, 1, 0, 1, 1]",2,110101000001011
"[1, 0, 0, 1, 1, 1, 1, 1, 0, 1, 0, 0, 1, 0, 0]",1,100111110100100
"[0, 0, 1, 1, 0, 1, 1, 1, 1, 1, 1, 1, 1, 0, 0]",1,001101111111100
"[1, 0, 0, 0, 0, 0, 0, 1, 0, 0, 1, 1, 0, 1, 0]",1,100000010011010
"[0, 1, 0, 1, 0, 1, 1, 0, 0, 1, 0, 0, 0, 1, 0]",1,010101100100010
"[0, 1, 0, 1, 0, 0, 0, 1, 1, 1, 0, 1, 1, 0, 1]",1,010100011101101
"[0, 1, 1, 1, 0, 0, 1, 1, 0, 1, 1, 0, 0, 1, 0]",1,011100110110010
"[1, 0, 1, 1, 0, 1, 1, 1, 1, 0, 0, 0, 1, 0, 1]",1,101101111000101
"[1, 1, 1, 1, 1, 0, 1, 1, 0, 1, 0, 1, 1, 1, 1]",2,111110110101111
"[1, 0, 1, 0, 1, 0, 1, 0, 1, 1, 1, 1, 0, 0, 1]",1,101010101111001
"[1, 1, 0, 0, 0, 1, 0, 0, 0, 1, 0, 1, 1, 1, 0]",1,110001000101110
"[1, 0, 1, 1, 1, 0, 0, 0, 1, 1, 0, 1, 0, 1, 1]",1,101110001101011
"[0, 1, 1, 0, 0, 1, 0, 1, 0, 0, 0, 1, 1, 0, 1]",1,011001010001101
"[0, 1, 1, 1, 1, 0, 1, 1, 1, 0, 1, 1, 0, 1, 0]",1,011110111011010
"[0, 0, 0, 1, 0, 0, 0, 1, 1, 0, 0, 0, 0, 1, 1]",1,000100011000011
"[0, 0, 1, 1, 0, 1, 1, 1, 0, 0, 0, 0, 0, 0, 1]",1,001101110000001
"[1, 1, 0, 1, 1, 1, 0, 0, 0, 0, 1, 1, 1, 1, 1]",1,110111000011111
"[0, 0, 1, 1, 0, 0, 0, 1, 0, 1, 0, 1, 1, 0, 1]",2,001100010101101
"[1, 0, 0, 0, 1, 0, 1, 0, 1, 1, 0, 1, 1, 0, 0]",1,100010101101100
"[0, 0, 1, 0, 0, 1, 0, 1, 1, 0, 0, 0, 1, 1, 1]",1,001001011000111
"[0, 0, 1, 1, 1, 0, 1, 0, 1, 0, 0, 0, 1, 0, 0]",1,001110101000100
"[1, 1, 0, 1, 1, 1, 0, 1, 0, 1, 1, 1, 0, 1, 0]",2,110111010111010
"[0, 1, 0, 0, 0, 0, 1, 0, 1, 0, 0, 1, 1, 0, 0]",1,010000101001100
"[0, 1, 0, 0, 0, 0, 0, 0, 0, 0, 0, 0, 0, 0, 1]",1,010000000000001
"[0, 1, 0, 0, 1, 0, 0, 1, 0, 0, 0, 0, 1, 0, 1]",1,010010010000101
"[0, 0, 0, 1, 0, 1, 1, 0, 0, 0, 0, 1, 1, 0, 1]",1,000101100001101
"[1, 0, 1, 0, 0, 1, 1, 1, 0, 0, 0, 0, 1, 0, 0]",1,101001110000100
"[1, 0, 1, 0, 1, 1, 0, 1, 0, 1, 0, 1, 0, 1, 1]",1,101011010101011
"[0, 0, 0, 0, 0, 0, 1, 0, 0, 1, 1, 1, 0, 1, 0]",1,000000100111010
"[0, 1, 1, 0, 0, 0, 0, 0, 0, 1, 1, 0, 1, 0, 1]",1,011000000110101
"[0, 0, 1, 0, 0, 0, 1, 1, 0, 1, 0, 0, 0, 1, 1]",1,001000110100011
"[0, 1, 1, 1, 0, 1, 0, 0, 1, 1, 0, 1, 0, 1, 1]",1,011101001101011
"[1, 1, 1, 0, 0, 1, 0, 1, 0, 0, 1, 0, 1, 1, 0]",1,111001010010110
"[0, 0, 0, 1, 0, 0, 0, 0, 0, 0, 1, 0, 0, 0, 1]",1,000100000010001
"[1, 1, 0, 1, 0, 0, 0, 1, 0, 1, 1, 0, 0, 0, 0]",1,110100010110000
"[1, 1, 1, 1, 0, 0, 0, 1, 0, 0, 1, 1, 1, 0, 1]",1,111100010011101
"[0, 0, 0, 0, 1, 1, 1, 1, 0, 0, 1, 0, 0, 0, 1]",1,000011110010001
"[1, 1, 0, 0, 1, 1, 0, 0, 1, 0, 0, 0, 0, 0, 0]",1,110011001000000
"[1, 1, 0, 0, 0, 0, 1, 0, 1, 1, 0, 0, 0, 1, 1]",1,110000101100011
"[1, 1, 1, 0, 1, 1, 1, 1, 1, 0, 0, 1, 1, 0, 0]",1,111011111001100
"[0, 0, 1, 1, 1, 1, 0, 1, 0, 1, 1, 0, 1, 0, 0]",1,001111010110100
"[0, 0, 0, 1, 1, 1, 1, 0, 1, 0, 0, 0, 1, 1, 1]",1,000111101000111
"[1, 0, 0, 1, 1, 1, 0, 1, 0, 0, 1, 1, 1, 1, 0]",1,100111010011110
"[0, 1, 1, 1, 1, 1, 0, 0, 0, 0, 1, 1, 1, 0, 0]",1,011111000011100
"[0, 0, 1, 1, 1, 0, 1, 0, 1, 0, 1, 0, 1, 1, 0]",1,001110101010110
"[0, 0, 0, 1, 1, 1, 1, 0, 0, 0, 1, 1, 1, 0, 0]",2,000111100011100
"[0, 0, 0, 1, 0, 1, 0, 0, 1, 0, 0, 1, 0, 1, 0]",1,000101001001010
"[1, 1, 1, 1, 0, 1, 0, 1, 0, 0, 1, 1, 0, 0, 1]",2,111101010011001
"[1, 0, 1, 0, 0, 0, 0, 1, 0, 1, 1, 0, 0, 0, 0]",1,101000010110000
"[1, 0, 1, 1, 0, 0, 1, 1, 1, 1, 1, 1, 1, 0, 1]",1,101100111111101
"[0, 0, 1, 1, 0, 0, 1, 0, 0, 0, 0, 0, 0, 0, 1]",1,001100100000001
"[1, 1, 1, 1, 1, 0, 1, 1, 0, 1, 1, 0, 0, 0, 0]",1,111110110110000
"[0, 1, 0, 1, 1, 0, 0, 1, 1, 1, 0, 0, 0, 1, 1]",1,010110011100011
"[0, 0, 0, 1, 1, 1, 0, 1, 1, 0, 0, 0, 0, 0, 1]",1,000111011000001
"[1, 0, 0, 1, 0, 0, 0, 0, 0, 1, 0, 1, 0, 1, 1]",1,100100000101011
"[1, 1, 0, 1, 0, 0, 0, 0, 0, 0, 0, 1, 1, 1, 1]",2,110100000001111
"[0, 1, 1, 0, 0, 1, 1, 1, 1, 1, 1, 1, 0, 0, 1]",1,011001111111001
"[1, 1, 1, 1, 0, 1, 0, 1, 0, 1, 1, 1, 0, 1, 1]",1,111101010111011
"[0, 0, 0, 0, 1, 0, 1, 0, 1, 0, 1, 0, 1, 0, 1]",1,000010101010101
"[0, 1, 0, 1, 1, 0, 1, 1, 0, 1, 0, 0, 0, 1, 1]",1,010110110100011
"[0, 0, 0, 1, 0, 1, 1, 1, 0, 0, 0, 1, 0, 1, 1]",1,000101110001011
"[1, 1, 0, 1, 0, 0, 1, 0, 1, 1, 1, 1, 0, 0, 0]",1,110100101111000
"[0, 0, 0, 1, 1, 1, 0, 0, 1, 1, 0, 0, 0, 0, 0]",1,000111001100000
"[0, 1, 1, 0, 0, 0, 1, 1, 0, 0, 1, 1, 0, 0, 0]",1,011000110011000
"[1, 0, 0, 0, 1, 1, 1, 1, 0, 1, 0, 0, 0, 0, 0]",1,100011110100000
"[0, 1, 1, 0, 0, 0, 1, 0, 0, 0, 0, 0, 1, 1, 1]",1,011000100000111
"[1, 1, 0, 1, 0, 0, 0, 0, 0, 1, 1, 0, 0, 1, 0]",1,110100000110010
"[0, 1, 0, 0, 0, 1, 1, 0, 0, 1, 0, 1, 1, 1, 0]",1,010001100101110
"[0, 1, 1, 1, 0, 0, 0, 1, 1, 1, 1, 0, 0, 0, 0]",2,011100011110000
"[0, 0, 1, 1, 1, 1, 0, 1, 0, 0, 1, 1, 1, 0, 0]",1,001111010011100
"[1, 1, 0, 1, 1, 1, 0, 1, 1, 0, 0, 1, 1, 0, 1]",1,110111011001101
"[0, 0, 1, 0, 0, 0, 1, 0, 1, 0, 0, 1, 1, 0, 0]",1,001000101001100
"[1, 0, 1, 1, 0, 0, 1, 0, 1, 1, 1, 1, 0, 0, 0]",1,101100101111000
"[1, 1, 1, 1, 1, 1, 1, 1, 1, 1, 1, 1, 0, 1, 1]",1,111111111111011
"[0, 0, 0, 1, 0, 1, 1, 0, 1, 1, 1, 0, 0, 1, 0]",1,000101101110010
"[1, 1, 1, 0, 1, 0, 0, 1, 0, 0, 1, 1, 0, 0, 1]",1,111010010011001
"[1, 1, 1, 1, 0, 0, 0, 1, 1, 1, 1, 1, 0, 1, 0]",1,111100011111010
"[1, 0, 1, 1, 0, 0, 0, 0, 0, 0, 1, 0, 1, 1, 1]",1,101100000010111
"[1, 0, 0, 1, 0, 1, 0, 1, 0, 0, 1, 1, 0, 0, 1]",1,100101010011001
"[0, 0, 1, 0, 1, 1, 1, 1, 1, 1, 1, 0, 1, 1, 0]",1,001011111110110
"[0, 1, 0, 0, 0, 0, 0, 0, 0, 1, 0, 0, 0, 0, 0]",1,010000000100000
"[0, 1, 1, 1, 0, 0, 0, 0, 1, 0, 0, 0, 0, 0, 0]",1,011100001000000
"[0, 0, 0, 1, 0, 0, 1, 0, 0, 1, 1, 0, 1, 0, 1]",1,000100100110101
"[0, 0, 1, 1, 0, 1, 1, 1, 1, 0, 1, 1, 1, 0, 1]",1,001101111011101
"[0, 0, 1, 0, 1, 0, 0, 1, 0, 1, 1, 1, 1, 1, 0]",1,001010010111110
"[0, 1, 0, 1, 0, 1, 0, 0, 1, 0, 1, 1, 0, 1, 1]",1,010101001011011
"[0, 0, 1, 1, 0, 1, 0, 1, 0, 0, 1, 1, 1, 0, 0]",1,001101010011100
"[1, 1, 0, 0, 0, 0, 0, 0, 1, 0, 1, 0, 1, 1, 0]",1,110000001010110
"[0, 1, 0, 0, 0, 1, 1, 1, 0, 0, 1, 1, 0, 1, 0]",1,010001110011010
"[0, 1, 0, 0, 1, 0, 1, 1, 0, 0, 0, 0, 1, 1, 1]",1,010010110000111
"[0, 1, 0, 0, 0, 0, 1, 1, 0, 0, 0, 1, 0, 1, 0]",1,010000110001010
"[1, 1, 1, 1, 1, 0, 1, 1, 1, 0, 0, 0, 0, 0, 1]",1,111110111000001
"[1, 1, 1, 0, 0, 0, 0, 0, 0, 1, 0, 1, 0, 1, 1]",1,111000000101011
"[1, 0, 1, 0, 0, 1, 1, 0, 1, 0, 0, 1, 0, 1, 1]",1,101001101001011
"[1, 1, 0, 1, 1, 1, 1, 0, 0, 1, 0, 1, 0, 1, 0]",1,110111100101010
"[0, 0, 1, 0, 1, 1, 1, 1, 0, 0, 0, 1, 0, 0, 0]",1,001011110001000
"[0, 1, 1, 0, 1, 1, 0, 0, 1, 0, 0, 0, 1, 0, 1]",1,011011001000101
"[0, 1, 0, 1, 1, 1, 1, 0, 1, 1, 1, 0, 0, 0, 0]",1,010111101110000
"[1, 0, 0, 0, 0, 0, 1, 1, 0, 1, 1, 0, 0, 0, 0]",2,100000110110000
"[0, 0, 1, 1, 0, 0, 1, 1, 0, 0, 1, 0, 0, 0, 0]",2,001100110010000
"[0, 0, 1, 0, 1, 1, 0, 1, 0, 1, 1, 1, 0, 0, 1]",1,001011010111001
"[0, 0, 0, 0, 1, 1, 1, 1, 0, 0, 1, 0, 0, 0, 0]",1,000011110010000
"[0, 1, 1, 1, 1, 0, 0, 0, 0, 0, 1, 1, 0, 1, 1]",1,011110000011011
"[1, 1, 1, 0, 0, 0, 1, 0, 1, 1, 0, 1, 0, 0, 0]",1,111000101101000
"[1, 1, 0, 1, 1, 0, 0, 0, 1, 0, 1, 0, 0, 0, 1]",1,110110001010001
"[1, 1, 0, 0, 0, 0, 1, 1, 0, 0, 1, 0, 0, 1, 1]",1,110000110010011
"[1, 1, 0, 1, 0, 0, 0, 0, 1, 1, 0, 1, 1, 0, 0]",1,110100001101100
"[1, 0, 0, 1, 1, 1, 1, 1, 0, 0, 1, 0, 0, 0, 1]",1,100111110010001
"[1, 1, 0, 1, 0, 1, 1, 1, 0, 0, 1, 0, 0, 0, 1]",1,110101110010001
"[1, 0, 0, 1, 1, 1, 0, 0, 1, 1, 0, 1, 1, 1, 0]",1,100111001101110
"[1, 0, 0, 1, 1, 1, 1, 1, 0, 1, 1, 0, 0, 1, 0]",1,100111110110010
"[0, 1, 1, 1, 1, 0, 0, 1, 0, 0, 1, 1, 0, 1, 1]",1,011110010011011
"[0, 0, 1, 0, 0, 0, 0, 1, 0, 1, 1, 0, 0, 0, 0]",1,001000010110000
"[1, 0, 1, 1, 0, 1, 0, 1, 1, 1, 1, 0, 1, 0, 1]",1,101101011110101
"[1, 0, 1, 1, 0, 1, 0, 1, 1, 0, 1, 0, 1, 1, 0]",3,101101011010110
"[0, 0, 1, 1, 0, 1, 1, 1, 1, 1, 0, 1, 1, 1, 0]",1,001101111101110
"[1, 1, 1, 0, 1, 0, 1, 0, 1, 0, 0, 0, 1, 0, 1]",3,111010101000101
"[1, 0, 0, 0, 0, 1, 0, 1, 1, 0, 1, 0, 1, 0, 0]",1,100001011010100
"[0, 1, 0, 1, 0, 1, 1, 0, 0, 0, 1, 1, 0, 1, 0]",1,010101100011010
"[1, 0, 1, 1, 1, 0, 0, 0, 1, 1, 1, 0, 0, 1, 1]",1,101110001110011
"[1, 1, 1, 1, 0, 0, 1, 1, 0, 1, 0, 0, 1, 0, 0]",1,111100110100100
"[0, 1, 1, 1, 0, 1, 1, 1, 1, 0, 1, 1, 0, 1, 0]",1,011101111011010
"[0, 0, 0, 0, 0, 1, 1, 0, 1, 0, 1, 1, 1, 0, 1]",2,000001101011101
"[0, 1, 1, 0, 0, 1, 0, 1, 1, 0, 0, 0, 0, 1, 1]",1,011001011000011
"[0, 1, 1, 0, 1, 1, 0, 0, 0, 0, 1, 1, 0, 1, 0]",1,011011000011010
"[1, 0, 0, 1, 0, 1, 1, 0, 1, 1, 0, 1, 1, 0, 1]",1,100101101101101
"[0, 1, 0, 1, 1, 1, 1, 1, 1, 1, 1, 0, 0, 1, 1]",1,010111111110011
"[1, 1, 0, 1, 0, 1, 1, 1, 0, 0, 1, 0, 0, 1, 1]",1,110101110010011
"[0, 1, 1, 1, 1, 0, 1, 0, 0, 0, 0, 1, 1, 1, 1]",1,011110100001111
"[0, 1, 1, 0, 1, 0, 0, 1, 0, 1, 1, 1, 1, 1, 1]",1,011010010111111
"[0, 0, 0, 0, 0, 0, 1, 0, 0, 0, 0, 0, 0, 0, 0]",1,000000100000000
"[1, 1, 1, 0, 0, 1, 0, 0, 0, 0, 1, 1, 0, 0, 0]",1,111001000011000
"[1, 0, 0, 1, 0, 1, 0, 0, 1, 1, 1, 0, 1, 1, 1]",1,100101001110111
"[0, 1, 0, 0, 0, 0, 1, 1, 1, 1, 1, 1, 1, 0, 0]",1,010000111111100
"[1, 0, 0, 1, 1, 1, 0, 0, 1, 1, 0, 0, 1, 1, 1]",2,100111001100111
"[1, 0, 0, 1, 0, 0, 1, 0, 0, 0, 0, 0, 0, 1, 0]",1,100100100000010
"[0, 1, 0, 1, 0, 1, 0, 0, 1, 0, 1, 1, 0, 0, 0]",1,010101001011000
"[1, 1, 0, 0, 0, 1, 1, 1, 1, 1, 1, 1, 1, 0, 1]",1,110001111111101
"[1, 0, 1, 1, 0, 1, 0, 1, 1, 0, 0, 0, 1, 0, 1]",1,101101011000101
"[1, 0, 1, 0, 0, 1, 1, 1, 1, 1, 1, 1, 1, 1, 0]",1,101001111111110
"[1, 0, 0, 0, 1, 0, 1, 1, 0, 1, 0, 0, 0, 0, 0]",1,100010110100000
"[0, 0, 1, 0, 0, 1, 1, 1, 0, 0, 0, 0, 1, 1, 1]",1,001001110000111
"[1, 0, 0, 1, 0, 1, 0, 0, 0, 1, 1, 1, 0, 1, 1]",2,100101000111011
"[1, 0, 0, 1, 1, 1, 1, 1, 0, 1, 0, 1, 0, 1, 1]",2,100111110101011
"[0, 1, 0, 1, 0, 0, 0, 0, 0, 1, 1, 1, 0, 1, 1]",1,010100000111011
"[0, 1, 1, 0, 1, 0, 0, 1, 1, 0, 1, 0, 1, 0, 1]",1,011010011010101
"[1, 0, 1, 0, 0, 1, 0, 0, 1, 0, 1, 0, 0, 1, 0]",1,101001001010010
"[0, 1, 1, 0, 1, 1, 0, 0, 0, 1, 0, 1, 0, 0, 0]",2,011011000101000
"[1, 0, 1, 1, 1, 1, 0, 1, 0, 0, 1, 0, 0, 0, 1]",1,101111010010001
"[0, 1, 0, 0, 1, 0, 0, 1, 0, 1, 1, 0, 1, 1, 0]",2,010010010110110
"[1, 1, 0, 0, 1, 1, 1, 0, 1, 1, 0, 0, 0, 1, 1]",1,110011101100011
"[1, 0, 1, 0, 0, 0, 0, 1, 0, 1, 0, 0, 1, 0, 1]",1,101000010100101
"[1, 1, 1, 1, 1, 1, 0, 0, 0, 0, 0, 1, 0, 1, 1]",1,111111000001011
"[0, 0, 0, 0, 1, 1, 0, 0, 0, 0, 0, 0, 0, 1, 0]",1,000011000000010
"[1, 1, 1, 0, 1, 0, 0, 0, 0, 0, 0, 1, 0, 0, 0]",2,111010000001000
"[0, 1, 0, 1, 1, 1, 0, 1, 1, 0, 0, 0, 1, 0, 0]",1,010111011000100
"[0, 0, 0, 0, 0, 0, 0, 1, 1, 1, 1, 1, 0, 1, 1]",2,000000011111011
"[1, 1, 0, 0, 1, 1, 1, 0, 0, 0, 0, 0, 1, 1, 0]",1,110011100000110
"[0, 1, 0, 0, 0, 1, 1, 1, 0, 0, 1, 0, 0, 1, 1]",1,010001110010011
"[0, 0, 1, 1, 1, 0, 0, 1, 0, 1, 0, 0, 1, 1, 1]",1,001110010100111
"[0, 0, 1, 1, 0, 1, 1, 0, 1, 1, 0, 1, 0, 0, 0]",1,001101101101000
"[1, 1, 0, 0, 0, 0, 1, 1, 0, 1, 0, 0, 1, 0, 0]",1,110000110100100
"[1, 1, 1, 1, 0, 0, 0, 1, 1, 0, 0, 1, 0, 1, 1]",1,111100011001011
"[0, 0, 1, 1, 1, 0, 1, 0, 0, 1, 1, 0, 1, 1, 1]",1,001110100110111
"[0, 0, 1, 0, 0, 0, 1, 1, 1, 1, 1, 0, 1, 0, 0]",1,001000111110100
"[0, 1, 1, 1, 0, 0, 1, 1, 1, 0, 0, 0, 0, 1, 0]",1,011100111000010
"[1, 1, 1, 0, 0, 0, 0, 0, 1, 0, 1, 0, 1, 0, 1]",1,111000001010101
"[0, 1, 0, 0, 0, 0, 1, 1, 0, 0, 0, 1, 0, 0, 1]",1,010000110001001
"[1, 0, 0, 0, 1, 1, 1, 0, 0, 0, 1, 1, 0, 1, 1]",1,100011100011011
"[1, 1, 1, 0, 0, 0, 0, 1, 1, 1, 0, 1, 0, 0, 0]",1,111000011101000
"[0, 0, 0, 1, 0, 0, 0, 1, 0, 0, 1, 1, 0, 1, 0]",1,000100010011010
"[0, 1, 0, 0, 1, 1, 1, 1, 0, 0, 0, 0, 1, 1, 1]",1,010011110000111
"[1, 1, 1, 1, 0, 1, 0, 1, 0, 1, 1, 0, 1, 0, 1]",1,111101010110101
"[1, 1, 1, 1, 0, 1, 1, 1, 1, 0, 0, 0, 1, 0, 0]",1,111101111000100
"[1, 0, 1, 1, 0, 1, 0, 0, 0, 0, 0, 0, 0, 0, 0]",1,101101000000000
"[1, 1, 1, 0, 0, 0, 1, 0, 1, 0, 0, 0, 1, 1, 1]",1,111000101000111
"[1, 1, 0, 0, 1, 1, 1, 0, 1, 1, 1, 1, 1, 1, 1]",1,110011101111111
"[1, 0, 1, 1, 1, 1, 0, 1, 1, 1, 1, 0, 0, 0, 1]",1,101111011110001
"[1, 1, 1, 0, 1, 1, 1, 0, 0, 1, 0, 1, 1, 1, 0]",1,111011100101110
"[0, 1, 0, 0, 1, 1, 1, 1, 0, 0, 1, 0, 1, 1, 1]",1,010011110010111
"[1, 0, 0, 1, 1, 0, 1, 1, 0, 1, 0, 0, 1, 1, 0]",2,100110110100110
"[0, 1, 1, 1, 1, 0, 0, 1, 0, 0, 1, 1, 1, 1, 0]",1,011110010011110
"[0, 0, 0, 0, 1, 1, 1, 1, 0, 1, 0, 0, 1, 1, 1]",1,000011110100111
"[1, 1, 0, 0, 0, 1, 0, 0, 0, 1, 0, 0, 1, 1, 1]",1,110001000100111
"[0, 1, 1, 1, 1, 1, 0, 1, 1, 0, 1, 0, 1, 0, 1]",1,011111011010101
"[0, 1, 0, 1, 1, 1, 0, 0, 1, 1, 1, 1, 0, 1, 0]",1,010111001111010
"[0, 1, 1, 0, 1, 1, 1, 1, 1, 1, 0, 1, 0, 1, 1]",1,011011111101011
"[0, 1, 0, 1, 0, 0, 0, 1, 1, 1, 0, 0, 1, 0, 0]",1,010100011100100
"[0, 0, 0, 0, 0, 0, 1, 0, 1, 1, 1, 1, 0, 1, 0]",1,000000101111010
"[1, 0, 1, 1, 1, 0, 0, 1, 1, 0, 1, 0, 1, 0, 0]",1,101110011010100
"[1, 1, 0, 1, 1, 1, 1, 0, 0, 1, 1, 1, 0, 0, 0]",1,110111100111000
"[0, 1, 1, 1, 1, 0, 0, 0, 0, 1, 0, 0, 0, 1, 0]",1,011110000100010
"[1, 1, 0, 0, 0, 1, 1, 1, 0, 1, 1, 1, 0, 1, 1]",1,110001110111011
"[1, 0, 0, 1, 1, 1, 1, 0, 1, 1, 0, 1, 1, 1, 0]",1,100111101101110
"[1, 0, 0, 0, 1, 0, 1, 1, 0, 1, 1, 0, 1, 1, 1]",1,100010110110111
"[1, 1, 0, 1, 1, 0, 0, 0, 0, 0, 0, 0, 1, 1, 0]",1,110110000000110
"[0, 0, 0, 1, 1, 1, 1, 0, 1, 1, 1, 1, 0, 1, 1]",1,000111101111011
"[0, 0, 1, 0, 0, 0, 1, 1, 0, 0, 0, 0, 1, 0, 1]",1,001000110000101
"[0, 0, 1, 0, 0, 0, 0, 0, 1, 1, 0, 0, 1, 1, 0]",2,001000001100110
"[0, 0, 1, 0, 1, 1, 0, 1, 1, 1, 1, 1, 0, 1, 0]",1,001011011111010
"[1, 1, 0, 0, 1, 0, 0, 0, 1, 0, 0, 1, 1, 1, 1]",1,110010001001111
"[1, 0, 1, 1, 1, 0, 1, 1, 0, 1, 1, 1, 1, 1, 1]",1,101110110111111
"[0, 0, 0, 1, 0, 0, 0, 0, 1, 0, 1, 0, 1, 0, 0]",1,000100001010100
"[1, 1, 1, 1, 1, 0, 1, 0, 1, 1, 1, 1, 0, 0, 0]",1,111110101111000
"[0, 1, 0, 1, 0, 0, 0, 1, 1, 1, 1, 0, 0, 0, 1]",1,010100011110001
"[0, 0, 0, 0, 1, 1, 0, 0, 1, 1, 1, 0, 1, 0, 0]",2,000011001110100
"[0, 0, 0, 0, 1, 1, 0, 0, 1, 0, 0, 0, 0, 1, 0]",1,000011001000010
"[0, 1, 0, 0, 0, 0, 1, 0, 0, 0, 0, 1, 1, 0, 0]",1,010000100001100
"[1, 1, 1, 1, 0, 1, 1, 0, 1, 0, 1, 1, 1, 0, 1]",1,111101101011101
"[0, 1, 1, 1, 1, 0, 1, 1, 0, 0, 1, 1, 0, 0, 0]",1,011110110011000
"[1, 1, 0, 1, 0, 0, 1, 1, 1, 1, 0, 0, 0, 0, 1]",1,110100111100001
"[0, 0, 1, 0, 1, 1, 1, 0, 0, 0, 1, 1, 0, 0, 1]",1,001011100011001
"[1, 0, 0, 1, 0, 0, 0, 1, 1, 1, 1, 0, 1, 1, 1]",1,100100011110111
"[1, 0, 1, 0, 0, 0, 0, 0, 0, 1, 0, 1, 1, 1, 1]",1,101000000101111
"[0, 1, 1, 0, 0, 1, 1, 1, 1, 1, 1, 1, 1, 1, 1]",1,011001111111111
"[0, 0, 0, 0, 1, 0, 1, 1, 0, 1, 1, 1, 1, 0, 0]",1,000010110111100
"[1, 1, 1, 1, 0, 0, 1, 1, 0, 1, 0, 1, 0, 0, 0]",1,111100110101000
"[0, 1, 0, 1, 1, 0, 1, 0, 1, 1, 0, 0, 0, 1, 0]",1,010110101100010
"[0, 0, 1, 1, 0, 1, 1, 0, 1, 0, 0, 0, 0, 0, 0]",1,001101101000000
"[1, 0, 0, 1, 1, 0, 1, 1, 0, 1, 1, 1, 0, 0, 1]",1,100110110111001
"[0, 0, 0, 0, 0, 1, 1, 1, 0, 1, 1, 0, 0, 0, 1]",1,000001110110001
"[1, 1, 0, 1, 1, 0, 0, 1, 1, 1, 0, 1, 1, 1, 1]",1,110110011101111
"[0, 0, 0, 0, 1, 0, 0, 0, 1, 0, 0, 1, 0, 1, 1]",1,000010001001011
"[1, 0, 0, 0, 0, 1, 1, 1, 0, 1, 1, 0, 1, 0, 0]",1,100001110110100
"[0, 1, 0, 0, 1, 0, 0, 1, 0, 0, 0, 0, 0, 1, 1]",1,010010010000011
"[1, 1, 1, 1, 1, 1, 1, 0, 0, 0, 0, 1, 0, 1, 1]",1,111111100001011
"[1, 1, 1, 1, 0, 0, 0, 1, 1, 1, 0, 1, 1, 1, 0]",1,111100011101110
"[1, 0, 0, 0, 1, 0, 0, 1, 1, 0, 1, 1, 0, 0, 1]",1,100010011011001
"[1, 0, 1, 1, 0, 1, 0, 1, 0, 0, 0, 0, 0, 1, 0]",1,101101010000010
"[1, 1, 0, 0, 1, 1, 0, 0, 1, 0, 0, 0, 1, 1, 0]",1,110011001000110
"[0, 0, 1, 1, 1, 0, 1, 1, 1, 1, 0, 1, 1, 1, 1]",1,001110111101111
"[0, 1, 0, 1, 1, 0, 1, 0, 1, 1, 1, 1, 1, 0, 0]",1,010110101111100
"[1, 0, 1, 0, 1, 0, 0, 1, 1, 0, 0, 1, 0, 1, 0]",1,101010011001010
"[0, 1, 0, 1, 0, 1, 1, 1, 1, 1, 1, 0, 1, 1, 1]",1,010101111110111
"[1, 1, 1, 0, 1, 1, 0, 1, 0, 0, 0, 0, 1, 0, 0]",1,111011010000100
"[0, 0, 0, 1, 0, 1, 1, 0, 0, 0, 1, 0, 1, 1, 0]",1,000101100010110
"[1, 1, 1, 1, 0, 0, 1, 0, 0, 0, 0, 0, 1, 0, 0]",1,111100100000100
"[1, 1, 0, 1, 0, 0, 1, 0, 0, 1, 1, 1, 1, 0, 1]",1,110100100111101
"[1, 1, 0, 0, 0, 1, 0, 0, 0, 0, 0, 1, 0, 0, 0]",1,110001000001000
"[1, 0, 0, 0, 1, 1, 0, 1, 1, 0, 1, 1, 1, 0, 0]",2,100011011011100
"[0, 1, 1, 1, 1, 0, 1, 0, 1, 0, 0, 1, 1, 1, 0]",1,011110101001110
"[0, 0, 0, 1, 1, 1, 1, 1, 0, 0, 0, 0, 0, 0, 0]",1,000111110000000
"[0, 1, 1, 0, 0, 1, 0, 0, 0, 0, 0, 1, 0, 1, 1]",1,011001000001011
"[1, 1, 1, 0, 0, 1, 1, 0, 1, 1, 0, 1, 0, 0, 1]",1,111001101101001
"[1, 0, 1, 1, 0, 1, 0, 0, 0, 1, 0, 1, 1, 1, 1]",1,101101000101111
"[0, 1, 1, 0, 0, 1, 0, 1, 0, 0, 1, 1, 1, 1, 1]",1,011001010011111
"[1, 0, 1, 1, 1, 1, 1, 1, 1, 0, 0, 0, 0, 0, 0]",1,101111111000000
"[1, 1, 1, 1, 1, 1, 1, 1, 1, 0, 0, 0, 1, 1, 1]",1,111111111000111
"[1, 1, 1, 1, 1, 1, 1, 1, 0, 1, 1, 0, 1, 0, 0]",1,111111110110100
"[1, 1, 1, 1, 0, 1, 0, 0, 1, 0, 1, 1, 0, 1, 1]",1,111101001011011
"[1, 1, 1, 1, 1, 1, 1, 1, 1, 0, 1, 0, 1, 1, 0]",1,111111111010110
"[1, 1, 1, 0, 0, 1, 1, 1, 1, 0, 1, 0, 0, 1, 0]",1,111001111010010
"[1, 0, 1, 1, 1, 1, 0, 1, 1, 1, 1, 0, 1, 1, 0]",2,101111011110110
"[1, 1, 0, 0, 0, 0, 0, 0, 1, 0, 1, 0, 0, 0, 0]",1,110000001010000
"[1, 0, 1, 1, 0, 0, 1, 1, 1, 1, 1, 0, 1, 0, 0]",2,101100111110100
"[1, 0, 1, 0, 1, 0, 0, 0, 0, 1, 1, 0, 1, 0, 0]",1,101010000110100
"[0, 1, 0, 1, 0, 0, 1, 0, 1, 1, 0, 0, 1, 0, 1]",1,010100101100101
"[1, 0, 0, 1, 0, 0, 0, 1, 1, 1, 0, 1, 0, 0, 0]",1,100100011101000
"[0, 1, 0, 1, 1, 1, 0, 0, 1, 1, 0, 0, 1, 1, 0]",1,010111001100110
"[0, 0, 0, 1, 1, 1, 0, 0, 1, 1, 1, 0, 0, 0, 1]",2,000111001110001
"[0, 1, 0, 0, 0, 1, 1, 0, 1, 1, 0, 1, 1, 0, 1]",1,010001101101101
"[1, 1, 1, 1, 0, 1, 0, 1, 1, 1, 0, 0, 0, 1, 0]",1,111101011100010
"[0, 0, 0, 1, 1, 1, 0, 1, 0, 1, 0, 0, 1, 0, 1]",1,000111010100101
"[1, 1, 0, 0, 0, 0, 0, 0, 0, 0, 1, 1, 1, 1, 1]",1,110000000011111
"[1, 1, 1, 1, 0, 1, 1, 0, 1, 0, 0, 0, 0, 1, 1]",1,111101101000011
"[1, 0, 1, 0, 1, 1, 0, 0, 0, 1, 1, 0, 0, 0, 1]",1,101011000110001
"[1, 1, 1, 1, 0, 1, 0, 0, 1, 1, 0, 0, 0, 1, 0]",1,111101001100010
"[1, 0, 1, 1, 1, 1, 1, 1, 0, 1, 0, 1, 1, 0, 1]",1,101111110101101
"[1, 1, 1, 1, 0, 0, 1, 0, 0, 1, 1, 1, 0, 0, 1]",1,111100100111001
"[0, 1, 1, 1, 1, 1, 0, 1, 1, 1, 0, 1, 0, 1, 0]",1,011111011101010
"[0, 0, 1, 0, 1, 0, 0, 0, 0, 1, 0, 1, 0, 0, 1]",1,001010000101001
"[1, 0, 1, 1, 1, 0, 0, 1, 1, 0, 0, 0, 0, 1, 0]",1,101110011000010
"[0, 0, 1, 1, 1, 1, 1, 0, 0, 1, 1, 1, 1, 0, 1]",1,001111100111101
"[1, 0, 0, 1, 1, 1, 1, 1, 1, 0, 1, 1, 0, 1, 1]",1,100111111011011
"[1, 1, 1, 0, 1, 1, 0, 0, 1, 0, 0, 0, 0, 0, 0]",1,111011001000000
"[0, 0, 0, 1, 1, 0, 1, 1, 0, 1, 0, 0, 0, 1, 0]",1,000110110100010
"[1, 1, 1, 0, 1, 0, 0, 0, 1, 0, 1, 0, 1, 0, 0]",2,111010001010100
"[1, 0, 1, 0, 1, 1, 1, 0, 1, 1, 1, 1, 1, 0, 0]",1,101011101111100
"[1, 1, 1, 1, 0, 1, 1, 0, 1, 0, 0, 0, 0, 0, 0]",1,111101101000000
"[0, 1, 1, 1, 1, 0, 0, 1, 1, 1, 1, 1, 0, 1, 1]",1,011110011111011
"[0, 1, 0, 0, 0, 0, 0, 0, 0, 0, 0, 0, 0, 0, 0]",1,010000000000000
"[1, 0, 1, 0, 1, 0, 1, 1, 1, 1, 0, 0, 0, 0, 0]",1,101010111100000
"[1, 0, 0, 1, 0, 1, 1, 1, 1, 0, 0, 0, 1, 1, 1]",1,100101111000111
"[1, 1, 0, 1, 1, 0, 0, 0, 1, 0, 0, 0, 0, 0, 0]",1,110110001000000
"[0, 1, 0, 0, 1, 1, 1, 1, 0, 1, 0, 1, 1, 0, 1]",1,010011110101101
"[1, 0, 1, 1, 1, 0, 0, 1, 0, 1, 1, 0, 1, 1, 0]",1,101110010110110
"[0, 1, 1, 1, 1, 0, 1, 1, 1, 1, 1, 0, 0, 0, 0]",1,011110111110000
"[0, 1, 0, 1, 1, 1, 0, 0, 0, 1, 0, 1, 1, 0, 0]",1,010111000101100
"[1, 1, 0, 1, 1, 0, 0, 1, 1, 0, 0, 0, 1, 0, 0]",1,110110011000100
"[0, 1, 1, 1, 1, 1, 1, 1, 0, 1, 1, 1, 1, 1, 0]",2,011111110111110
"[1, 0, 1, 1, 0, 0, 1, 1, 1, 1, 0, 1, 1, 1, 1]",1,101100111101111
"[1, 1, 0, 1, 0, 1, 0, 0, 1, 0, 0, 0, 1, 1, 1]",1,110101001000111
"[1, 1, 1, 1, 1, 0, 0, 1, 0, 1, 0, 0, 1, 0, 0]",1,111110010100100
"[1, 1, 0, 1, 0, 1, 0, 1, 0, 1, 0, 0, 1, 0, 1]",1,110101010100101
"[0, 0, 0, 1, 0, 0, 1, 1, 0, 0, 0, 0, 1, 0, 1]",1,000100110000101
"[0, 0, 0, 1, 1, 1, 0, 1, 1, 0, 1, 1, 0, 1, 0]",1,000111011011010
"[0, 1, 1, 1, 0, 1, 0, 0, 0, 0, 1, 1, 0, 1, 1]",1,011101000011011
"[0, 1, 0, 1, 0, 1, 0, 1, 1, 0, 1, 1, 0, 0, 0]",1,010101011011000
"[1, 1, 1, 0, 1, 0, 0, 0, 1, 0, 0, 0, 0, 1, 1]",1,111010001000011
"[0, 0, 1, 0, 1, 1, 0, 0, 0, 0, 0, 1, 0, 0, 1]",1,001011000001001
"[1, 1, 0, 1, 1, 0, 1, 1, 1, 0, 1, 1, 1, 1, 0]",1,110110111011110
"[0, 0, 0, 0, 1, 1, 0, 1, 1, 0, 0, 0, 0, 1, 0]",1,000011011000010
"[1, 1, 0, 0, 1, 1, 0, 0, 1, 0, 0, 1, 0, 0, 1]",1,110011001001001
"[0, 1, 1, 0, 0, 0, 0, 0, 0, 1, 0, 1, 1, 0, 1]",1,011000000101101
"[0, 0, 0, 1, 0, 1, 1, 0, 1, 0, 0, 1, 1, 1, 1]",1,000101101001111
"[0, 0, 1, 0, 1, 0, 1, 1, 1, 0, 1, 1, 0, 0, 0]",1,001010111011000
"[1, 0, 1, 1, 0, 0, 0, 0, 0, 0, 0, 0, 0, 0, 1]",1,101100000000001
"[1, 0, 0, 1, 0, 1, 1, 1, 1, 0, 0, 0, 1, 1, 0]",1,100101111000110
"[0, 0, 0, 1, 0, 0, 0, 0, 1, 0, 0, 0, 0, 1, 0]",2,000100001000010
"[0, 0, 1, 0, 0, 1, 1, 0, 0, 0, 1, 1, 1, 0, 1]",1,001001100011101
"[0, 1, 1, 1, 1, 0, 0, 0, 1, 1, 0, 1, 0, 0, 1]",1,011110001101001
"[0, 0, 0, 1, 0, 0, 0, 0, 0, 1, 1, 1, 0, 1, 0]",1,000100000111010
"[0, 1, 1, 0, 1, 1, 1, 1, 0, 1, 1, 1, 0, 1, 1]",1,011011110111011
"[0, 0, 1, 1, 0, 1, 1, 0, 1, 1, 1, 1, 1, 1, 1]",1,001101101111111
"[1, 1, 1, 0, 1, 0, 0, 1, 0, 0, 0, 0, 1, 0, 0]",1,111010010000100
"[1, 1, 1, 0, 0, 0, 1, 0, 0, 1, 0, 0, 0, 0, 0]",1,111000100100000
"[0, 1, 0, 1, 0, 0, 1, 0, 1, 0, 1, 1, 0, 0, 1]",1,010100101011001
"[1, 0, 1, 0, 0, 0, 0, 0, 1, 1, 0, 1, 1, 1, 1]",1,101000001101111
"[1, 0, 1, 0, 0, 0, 1, 0, 0, 1, 0, 0, 0, 1, 0]",1,101000100100010
"[1, 1, 0, 1, 0, 0, 1, 1, 1, 0, 0, 0, 1, 1, 1]",1,110100111000111
"[0, 1, 1, 0, 0, 1, 0, 1, 0, 0, 1, 1, 0, 0, 0]",1,011001010011000
"[0, 0, 0, 0, 1, 0, 0, 1, 0, 1, 0, 0, 1, 0, 0]",1,000010010100100
"[0, 0, 1, 0, 0, 1, 1, 1, 1, 0, 1, 0, 0, 1, 0]",1,001001111010010
"[1, 1, 1, 1, 0, 0, 1, 1, 0, 1, 1, 0, 1, 0, 0]",1,111100110110100
"[1, 1, 0, 0, 0, 1, 1, 1, 0, 1, 1, 0, 0, 0, 1]",1,110001110110001
"[0, 0, 0, 0, 1, 1, 1, 0, 0, 0, 0, 0, 1, 1, 0]",1,000011100000110
"[0, 0, 0, 1, 1, 0, 0, 1, 0, 0, 1, 0, 1, 0, 1]",1,000110010010101
"[0, 1, 1, 0, 1, 1, 1, 0, 1, 1, 0, 1, 1, 1, 0]",1,011011101101110
"[0, 1, 0, 0, 0, 0, 0, 0, 0, 1, 0, 0, 1, 0, 0]",1,010000000100100
"[1, 1, 1, 0, 1, 1, 1, 1, 0, 1, 0, 1, 0, 1, 0]",1,111011110101010
"[0, 0, 1, 1, 0, 0, 1, 1, 1, 0, 0, 0, 0, 1, 1]",1,001100111000011
"[0, 0, 1, 1, 1, 1, 1, 0, 0, 0, 0, 1, 0, 0, 0]",1,001111100001000
"[1, 0, 0, 1, 0, 0, 0, 1, 1, 0, 1, 0, 0, 1, 1]",1,100100011010011
"[0, 1, 0, 1, 0, 1, 0, 0, 1, 0, 0, 1, 0, 1, 0]",2,010101001001010
"[1, 0, 0, 0, 1, 0, 0, 0, 1, 1, 0, 1, 1, 1, 0]",1,100010001101110
"[0, 0, 1, 0, 1, 0, 0, 0, 0, 1, 0, 0, 1, 1, 0]",1,001010000100110
"[1, 0, 1, 0, 1, 0, 1, 1, 1, 1, 1, 0, 0, 1, 0]",1,101010111110010
"[0, 1, 0, 0, 1, 0, 0, 1, 0, 0, 1, 1, 0, 0, 0]",1,010010010011000
"[1, 1, 0, 0, 1, 0, 1, 0, 1, 0, 0, 0, 1, 0, 1]",1,110010101000101
"[0, 1, 1, 0, 1, 0, 1, 0, 1, 1, 0, 0, 1, 0, 0]",1,011010101100100
"[1, 0, 1, 0, 1, 0, 1, 0, 1, 1, 1, 1, 1, 1, 0]",1,101010101111110
"[0, 1, 0, 0, 1, 0, 0, 0, 0, 1, 1, 1, 0, 0, 1]",1,010010000111001
"[0, 1, 1, 1, 0, 1, 0, 0, 0, 0, 0, 0, 0, 1, 1]",1,011101000000011
"[1, 0, 0, 1, 1, 1, 0, 0, 0, 0, 1, 0, 0, 1, 1]",1,100111000010011
"[1, 1, 0, 1, 0, 1, 1, 0, 0, 0, 1, 0, 0, 1, 0]",2,110101100010010
"[0, 0, 1, 1, 0, 0, 0, 1, 1, 1, 1, 1, 1, 0, 0]",2,001100011111100
"[1, 0, 1, 1, 0, 0, 0, 0, 1, 0, 0, 0, 1, 0, 1]",1,101100001000101
"[1, 0, 1, 0, 1, 1, 0, 0, 1, 1, 1, 0, 1, 0, 0]",1,101011001110100
"[0, 0, 1, 1, 0, 0, 1, 0, 0, 1, 1, 1, 0, 0, 0]",1,001100100111000
"[0, 1, 1, 1, 1, 1, 0, 0, 1, 0, 0, 1, 1, 0, 0]",1,011111001001100
"[0, 1, 1, 1, 0, 1, 0, 1, 1, 1, 1, 0, 0, 1, 1]",1,011101011110011
"[1, 0, 1, 0, 0, 1, 1, 1, 1, 0, 0, 0, 1, 1, 0]",1,101001111000110
"[0, 0, 0, 0, 0, 0, 0, 0, 1, 0, 0, 0, 1, 0, 0]",1,000000001000100
"[0, 1, 1, 1, 0, 1, 0, 0, 1, 0, 1, 1, 0, 0, 1]",1,011101001011001
"[1, 1, 0, 1, 0, 1, 0, 0, 1, 0, 0, 1, 1, 1, 1]",1,110101001001111
"[1, 0, 0, 0, 1, 1, 1, 1, 1, 1, 1, 1, 0, 1, 1]",1,100011111111011
"[0, 1, 1, 0, 1, 1, 1, 0, 0, 1, 0, 1, 1, 1, 1]",1,011011100101111
"[1, 0, 0, 0, 1, 1, 1, 0, 1, 0, 1, 0, 0, 0, 0]",2,100011101010000
"[0, 1, 1, 1, 0, 1, 1, 1, 0, 1, 1, 0, 0, 0, 1]",2,011101110110001
"[1, 0, 1, 1, 1, 0, 1, 1, 0, 0, 0, 0, 0, 0, 1]",1,101110110000001
"[0, 1, 1, 0, 0, 1, 0, 0, 0, 1, 0, 0, 1, 1, 0]",1,011001000100110
"[1, 0, 0, 0, 1, 1, 0, 0, 1, 1, 0, 0, 0, 1, 0]",1,100011001100010
"[0, 0, 1, 1, 1, 0, 0, 0, 1, 0, 1, 1, 1, 1, 1]",1,001110001011111
"[1, 1, 0, 1, 1, 1, 1, 0, 1, 1, 1, 0, 0, 0, 0]",1,110111101110000
"[0, 0, 1, 1, 0, 0, 0, 0, 0, 0, 0, 1, 1, 0, 0]",1,001100000001100
"[1, 0, 0, 0, 1, 1, 1, 1, 0, 1, 0, 0, 0, 1, 1]",1,100011110100011
"[0, 1, 1, 1, 1, 1, 0, 1, 1, 1, 0, 0, 1, 0, 0]",1,011111011100100
"[1, 0, 1, 1, 0, 1, 1, 1, 0, 0, 0, 1, 1, 0, 1]",1,101101110001101
"[1, 1, 1, 0, 0, 0, 0, 1, 1, 0, 1, 1, 1, 1, 0]",1,111000011011110
"[0, 1, 0, 0, 0, 0, 1, 0, 1, 1, 1, 0, 1, 1, 1]",1,010000101110111
"[1, 1, 0, 1, 0, 1, 0, 1, 0, 0, 1, 0, 1, 1, 0]",1,110101010010110
"[1, 0, 1, 1, 1, 0, 1, 0, 1, 1, 1, 0, 0, 0, 1]",1,101110101110001
"[1, 1, 0, 0, 0, 0, 0, 1, 0, 1, 1, 1, 0, 0, 0]",1,110000010111000
"[0, 1, 1, 1, 1, 0, 1, 1, 1, 0, 1, 0, 0, 1, 0]",1,011110111010010
"[1, 1, 1, 1, 1, 1, 1, 1, 1, 1, 1, 1, 0, 0, 0]",1,111111111111000
"[1, 0, 1, 0, 1, 1, 1, 1, 0, 1, 1, 1, 1, 0, 0]",3,101011110111100
"[0, 0, 0, 0, 1, 1, 0, 1, 0, 1, 0, 1, 1, 0, 1]",1,000011010101101
"[0, 1, 1, 1, 0, 1, 1, 0, 1, 0, 1, 1, 0, 0, 1]",1,011101101011001
"[0, 1, 1, 0, 1, 0, 1, 1, 0, 1, 0, 0, 0, 1, 1]",1,011010110100011
"[0, 0, 0, 0, 0, 1, 0, 1, 0, 0, 1, 0, 1, 1, 1]",1,000001010010111
"[0, 0, 1, 0, 0, 0, 0, 1, 1, 1, 1, 0, 0, 0, 0]",2,001000011110000
"[0, 0, 0, 1, 0, 0, 0, 0, 1, 1, 0, 0, 1, 0, 1]",1,000100001100101
"[0, 1, 1, 0, 0, 0, 1, 0, 1, 0, 1, 0, 0, 1, 1]",1,011000101010011
"[1, 0, 1, 1, 0, 1, 1, 0, 0, 0, 1, 0, 1, 0, 0]",1,101101100010100
"[1, 0, 1, 0, 0, 1, 0, 1, 0, 1, 1, 0, 1, 0, 0]",1,101001010110100
"[0, 0, 0, 1, 0, 1, 0, 1, 1, 1, 0, 1, 1, 1, 1]",1,000101011101111
"[1, 0, 0, 1, 1, 0, 1, 0, 0, 0, 0, 0, 1, 1, 1]",1,100110100000111
"[0, 0, 0, 1, 0, 1, 0, 1, 0, 0, 1, 1, 1, 0, 1]",1,000101010011101
"[1, 1, 1, 0, 0, 1, 0, 1, 0, 0, 1, 1, 1, 0, 1]",1,111001010011101
"[0, 0, 1, 0, 1, 0, 0, 0, 1, 0, 0, 0, 1, 1, 1]",1,001010001000111
"[0, 0, 0, 1, 0, 1, 1, 0, 0, 1, 1, 0, 1, 1, 1]",1,000101100110111
"[0, 1, 0, 0, 1, 0, 0, 1, 0, 1, 0, 0, 1, 0, 0]",1,010010010100100
"[1, 0, 1, 0, 0, 1, 1, 0, 1, 0, 1, 1, 1, 1, 1]",1,101001101011111
"[0, 0, 0, 0, 1, 1, 0, 0, 0, 1, 1, 1, 1, 0, 1]",1,000011000111101
"[1, 0, 1, 0, 0, 1, 0, 0, 1, 1, 0, 1, 0, 1, 1]",1,101001001101011
"[1, 0, 1, 1, 0, 1, 0, 0, 0, 0, 1, 0, 1, 0, 1]",1,101101000010101
"[1, 0, 1, 1, 1, 1, 1, 0, 1, 1, 0, 1, 1, 1, 1]",1,101111101101111
"[1, 1, 0, 1, 0, 0, 1, 1, 1, 1, 0, 0, 0, 1, 0]",1,110100111100010
"[1, 0, 0, 1, 0, 0, 0, 1, 1, 1, 0, 1, 0, 1, 0]",1,100100011101010
"[1, 0, 0, 1, 1, 1, 1, 1, 0, 0, 1, 1, 0, 1, 0]",1,100111110011010
"[1, 0, 0, 1, 1, 1, 0, 1, 0, 1, 1, 1, 1, 0, 0]",1,100111010111100
"[1, 0, 1, 0, 0, 1, 0, 0, 0, 0, 0, 1, 0, 1, 0]",1,101001000001010
"[0, 1, 1, 1, 1, 1, 0, 0, 1, 1, 1, 1, 1, 0, 1]",1,011111001111101
"[0, 1, 0, 1, 1, 0, 0, 0, 1, 0, 0, 1, 1, 0, 0]",1,010110001001100
"[1, 0, 0, 1, 1, 1, 1, 0, 0, 1, 0, 0, 0, 1, 0]",1,100111100100010
"[0, 1, 1, 1, 0, 1, 0, 1, 1, 0, 1, 1, 0, 0, 0]",1,011101011011000
"[0, 0, 0, 1, 1, 0, 1, 1, 1, 1, 1, 1, 1, 1, 0]",1,000110111111110
"[1, 1, 1, 1, 1, 1, 1, 1, 1, 1, 1, 0, 0, 0, 1]",1,111111111110001
"[0, 0, 1, 1, 0, 0, 1, 1, 0, 1, 1, 1, 0, 1, 1]",1,001100110111011
"[1, 0, 1, 1, 1, 1, 1, 0, 0, 0, 1, 0, 0, 1, 0]",1,101111100010010
"[0, 1, 0, 0, 1, 0, 1, 1, 1, 1, 0, 1, 1, 1, 1]",1,010010111101111
"[0, 0, 1, 1, 1, 1, 1, 0, 0, 0, 0, 1, 0, 1, 0]",1,001111100001010
"[0, 1, 1, 1, 1, 1, 1, 1, 0, 1, 0, 0, 1, 0, 1]",1,011111110100101
"[1, 1, 1, 1, 1, 0, 0, 1, 0, 1, 1, 1, 1, 0, 0]",1,111110010111100
"[1, 1, 1, 0, 1, 1, 1, 1, 0, 0, 1, 0, 0, 1, 0]",1,111011110010010
"[1, 1, 1, 1, 1, 1, 1, 0, 0, 1, 1, 0, 0, 1, 0]",1,111111100110010
"[0, 0, 0, 0, 1, 1, 1, 0, 0, 1, 1, 0, 1, 1, 1]",1,000011100110111
"[1, 0, 0, 1, 1, 0, 0, 0, 1, 1, 1, 0, 1, 0, 1]",1,100110001110101
"[1, 1, 0, 1, 0, 0, 1, 0, 1, 1, 1, 0, 0, 0, 0]",1,110100101110000
"[0, 1, 1, 1, 0, 1, 0, 1, 1, 1, 1, 1, 1, 1, 0]",1,011101011111110
"[1, 0, 0, 0, 1, 1, 1, 1, 1, 0, 0, 1, 0, 1, 0]",1,100011111001010
"[0, 1, 1, 1, 1, 1, 1, 0, 0, 0, 0, 1, 1, 1, 1]",1,011111100001111
"[1, 0, 0, 0, 1, 1, 1, 1, 1, 0, 1, 0, 1, 0, 1]",1,100011111010101
"[1, 0, 0, 1, 0, 1, 0, 1, 1, 1, 1, 1, 1, 0, 1]",1,100101011111101
"[1, 1, 1, 0, 1, 0, 0, 1, 0, 1, 0, 0, 0, 0, 1]",1,111010010100001
"[1, 0, 1, 1, 1, 1, 1, 0, 1, 0, 1, 1, 1, 0, 0]",1,101111101011100
"[0, 1, 1, 0, 1, 0, 1, 1, 0, 0, 0, 1, 1, 1, 0]",1,011010110001110
"[1, 1, 0, 1, 0, 1, 1, 1, 0, 1, 1, 0, 1, 0, 0]",1,110101110110100
"[0, 1, 0, 1, 0, 0, 1, 1, 0, 1, 1, 1, 0, 1, 1]",1,010100110111011
"[1, 1, 0, 0, 1, 1, 0, 0, 0, 0, 1, 1, 0, 1, 1]",1,110011000011011
"[1, 1, 0, 1, 1, 0, 1, 1, 0, 0, 0, 1, 1, 0, 0]",1,110110110001100
"[0, 0, 1, 0, 0, 0, 1, 1, 0, 1, 0, 1, 1, 0, 0]",1,001000110101100
"[1, 0, 1, 1, 0, 1, 0, 0, 1, 1, 1, 0, 1, 0, 1]",1,101101001110101
"[0, 1, 0, 0, 1, 1, 1, 1, 1, 1, 0, 0, 1, 1, 1]",1,010011111100111
"[0, 0, 0, 0, 1, 1, 0, 1, 0, 1, 0, 0, 1, 1, 0]",1,000011010100110
"[1, 1, 0, 0, 1, 0, 0, 1, 0, 1, 1, 1, 0, 0, 1]",1,110010010111001
"[0, 1, 0, 0, 1, 1, 1, 0, 1, 1, 0, 1, 1, 0, 1]",2,010011101101101
"[1, 0, 0, 0, 0, 0, 1, 1, 1, 1, 0, 1, 1, 0, 1]",1,100000111101101
"[0, 0, 0, 1, 1, 0, 0, 0, 0, 0, 1, 1, 1, 0, 0]",1,000110000011100
"[1, 1, 1, 1, 0, 1, 1, 1, 1, 0, 1, 0, 0, 1, 1]",1,111101111010011
"[0, 0, 1, 1, 1, 1, 1, 0, 1, 0, 0, 1, 0, 0, 0]",1,001111101001000
"[1, 0, 0, 1, 0, 0, 1, 0, 0, 1, 1, 0, 0, 0, 0]",1,100100100110000
"[0, 0, 1, 0, 1, 1, 0, 1, 0, 0, 1, 1, 0, 1, 0]",1,001011010011010
"[0, 1, 1, 1, 1, 1, 0, 1, 1, 0, 0, 1, 1, 1, 0]",1,011111011001110
"[0, 1, 1, 1, 0, 0, 0, 1, 0, 0, 1, 0, 1, 1, 1]",1,011100010010111
"[0, 0, 0, 0, 0, 0, 0, 0, 1, 0, 1, 0, 1, 0, 1]",1,000000001010101
"[0, 0, 1, 0, 1, 1, 0, 0, 0, 1, 0, 1, 0, 1, 1]",1,001011000101011
"[1, 1, 1, 0, 0, 1, 0, 0, 1, 0, 1, 1, 1, 1, 0]",1,111001001011110
"[1, 1, 1, 1, 0, 0, 0, 1, 1, 1, 1, 1, 1, 0, 0]",1,111100011111100
"[0, 0, 1, 0, 1, 1, 1, 0, 0, 1, 0, 0, 1, 1, 1]",1,001011100100111
"[0, 1, 0, 0, 0, 0, 0, 1, 0, 0, 0, 0, 0, 1, 0]",1,010000010000010
"[1, 1, 0, 0, 0, 0, 1, 1, 0, 1, 0, 1, 1, 0, 0]",2,110000110101100
"[1, 1, 0, 0, 0, 0, 1, 0, 1, 1, 1, 1, 1, 1, 1]",1,110000101111111
"[1, 1, 1, 1, 1, 0, 1, 0, 0, 0, 0, 0, 0, 1, 1]",1,111110100000011
"[1, 0, 0, 0, 0, 1, 1, 0, 0, 0, 1, 0, 0, 0, 0]",1,100001100010000
"[0, 1, 1, 0, 0, 1, 0, 1, 0, 0, 1, 0, 1, 1, 1]",1,011001010010111
"[0, 0, 0, 1, 0, 0, 1, 1, 0, 1, 0, 1, 1, 1, 1]",1,000100110101111
"[1, 0, 1, 0, 1, 0, 1, 1, 0, 1, 0, 1, 0, 1, 1]",1,101010110101011
"[1, 1, 0, 1, 1, 0, 1, 1, 1, 0, 1, 1, 0, 0, 1]",1,110110111011001
"[0, 1, 1, 1, 0, 0, 0, 0, 0, 0, 1, 1, 0, 1, 1]",1,011100000011011
"[1, 1, 0, 0, 0, 0, 0, 0, 0, 0, 0, 0, 0, 1, 0]",1,110000000000010
"[1, 0, 1, 0, 0, 0, 0, 1, 0, 1, 1, 1, 1, 0, 1]",1,101000010111101
"[1, 0, 1, 0, 0, 1, 0, 1, 0, 1, 1, 0, 0, 0, 1]",1,101001010110001
"[0, 0, 1, 1, 1, 1, 0, 1, 0, 0, 1, 1, 1, 0, 1]",1,001111010011101
"[1, 1, 1, 0, 1, 1, 0, 1, 1, 0, 1, 1, 0, 0, 0]",1,111011011011000
"[1, 0, 0, 1, 1, 1, 0, 1, 1, 0, 1, 1, 1, 1, 0]",1,100111011011110
"[0, 0, 0, 1, 1, 1, 1, 0, 0, 0, 1, 0, 0, 0, 1]",2,000111100010001
"[1, 1, 1, 0, 0, 1, 1, 0, 0, 1, 1, 0, 1, 0, 0]",1,111001100110100
"[1, 0, 1, 0, 1, 0, 0, 0, 0, 1, 1, 0, 0, 1, 1]",1,101010000110011
"[1, 1, 0, 1, 0, 1, 0, 0, 0, 1, 1, 0, 0, 0, 0]",1,110101000110000
"[1, 1, 1, 0, 1, 0, 0, 0, 1, 1, 0, 0, 1, 1, 0]",1,111010001100110
"[0, 1, 1, 1, 0, 1, 1, 1, 0, 0, 0, 0, 0, 1, 1]",1,011101110000011
"[1, 1, 1, 0, 1, 0, 0, 1, 1, 1, 0, 1, 1, 0, 1]",1,111010011101101
"[1, 0, 1, 1, 1, 1, 0, 1, 1, 0, 1, 0, 1, 1, 0]",1,101111011010110
"[0, 1, 0, 0, 0, 0, 0, 0, 0, 0, 1, 1, 1, 1, 0]",1,010000000011110
"[0, 0, 1, 0, 0, 0, 1, 0, 0, 1, 0, 0, 0, 1, 1]",1,001000100100011
"[1, 0, 0, 1, 1, 1, 0, 0, 0, 1, 1, 0, 0, 1, 0]",1,100111000110010
"[1, 0, 0, 0, 0, 0, 1, 1, 0, 1, 0, 0, 0, 1, 1]",2,100000110100011
"[0, 1, 0, 1, 0, 0, 1, 0, 1, 1, 1, 0, 1, 0, 0]",1,010100101110100
"[0, 0, 0, 0, 1, 1, 1, 0, 0, 1, 0, 0, 1, 1, 0]",1,000011100100110
"[0, 1, 1, 0, 1, 1, 0, 0, 1, 0, 1, 1, 0, 1, 1]",1,011011001011011
"[0, 0, 1, 0, 1, 0, 0, 0, 0, 0, 0, 1, 1, 1, 1]",1,001010000001111
"[0, 1, 0, 0, 0, 0, 0, 1, 1, 0, 0, 0, 0, 1, 1]",1,010000011000011
"[1, 1, 0, 1, 0, 0, 1, 1, 1, 0, 0, 1, 0, 1, 0]",1,110100111001010
"[1, 0, 1, 1, 1, 0, 0, 0, 0, 0, 0, 0, 1, 1, 0]",1,101110000000110
"[1, 1, 0, 1, 1, 0, 1, 0, 0, 0, 1, 1, 0, 1, 1]",1,110110100011011
"[0, 0, 1, 1, 1, 1, 1, 0, 1, 0, 1, 0, 1, 0, 0]",1,001111101010100
"[1, 1, 0, 1, 0, 0, 1, 0, 1, 0, 0, 1, 1, 0, 0]",1,110100101001100
"[1, 0, 0, 1, 0, 0, 0, 0, 0, 1, 0, 1, 0, 1, 0]",1,100100000101010
"[0, 1, 1, 1, 0, 0, 1, 1, 1, 1, 1, 1, 0, 0, 1]",1,011100111111001
"[1, 0, 0, 0, 0, 0, 0, 1, 1, 0, 0, 0, 0, 0, 0]",1,100000011000000
"[0, 0, 0, 0, 1, 0, 0, 0, 0, 0, 1, 0, 1, 1, 0]",1,000010000010110
"[1, 0, 1, 1, 0, 1, 0, 1, 0, 1, 1, 1, 0, 1, 1]",1,101101010111011
"[1, 0, 0, 1, 1, 1, 1, 0, 1, 1, 1, 1, 1, 1, 1]",1,100111101111111
"[1, 0, 0, 1, 1, 1, 1, 1, 1, 0, 0, 0, 1, 0, 0]",1,100111111000100
"[0, 1, 1, 1, 1, 1, 0, 0, 0, 1, 1, 1, 1, 0, 1]",1,011111000111101
"[0, 0, 1, 1, 0, 0, 0, 0, 0, 1, 0, 1, 0, 1, 0]",1,001100000101010
"[1, 0, 1, 0, 1, 0, 1, 0, 0, 0, 0, 1, 1, 1, 1]",1,101010100001111
"[1, 0, 1, 0, 0, 0, 0, 0, 1, 0, 1, 0, 1, 0, 0]",1,101000001010100
"[1, 0, 1, 1, 1, 1, 0, 1, 1, 0, 0, 0, 1, 0, 1]",1,101111011000101
"[1, 0, 0, 0, 0, 1, 0, 0, 1, 0, 1, 0, 1, 0, 0]",2,100001001010100
"[1, 1, 1, 1, 0, 0, 0, 1, 0, 0, 0, 0, 0, 1, 0]",1,111100010000010
"[1, 1, 1, 0, 0, 0, 0, 1, 1, 1, 0, 1, 1, 1, 0]",1,111000011101110
"[0, 1, 0, 0, 1, 1, 1, 1, 1, 0, 1, 1, 0, 1, 0]",1,010011111011010
"[0, 1, 0, 1, 1, 1, 0, 0, 0, 1, 0, 0, 1, 1, 0]",1,010111000100110
"[1, 1, 1, 1, 1, 1, 0, 0, 0, 1, 1, 1, 1, 0, 1]",1,111111000111101
"[0, 1, 1, 1, 0, 0, 1, 0, 0, 1, 1, 0, 0, 0, 0]",1,011100100110000
"[1, 0, 1, 0, 1, 1, 1, 1, 0, 0, 0, 1, 0, 0, 0]",1,101011110001000
"[1, 1, 0, 1, 1, 1, 0, 1, 1, 0, 0, 1, 1, 1, 1]",2,110111011001111
"[0, 1, 1, 1, 1, 1, 0, 0, 0, 1, 1, 1, 0, 0, 1]",1,011111000111001
"[1, 0, 0, 1, 0, 0, 0, 0, 0, 0, 0, 0, 1, 0, 0]",1,100100000000100
"[0, 1, 0, 0, 0, 0, 0, 0, 1, 1, 1, 1, 0, 0, 1]",1,010000001111001
"[1, 1, 0, 0, 0, 0, 1, 0, 0, 0, 0, 0, 0, 1, 1]",1,110000100000011
"[0, 1, 1, 0, 1, 1, 0, 1, 1, 0, 0, 0, 0, 0, 1]",1,011011011000001
"[1, 1, 1, 1, 0, 0, 0, 0, 1, 1, 1, 1, 0, 0, 0]",1,111100001111000
"[1, 1, 0, 0, 1, 1, 1, 1, 1, 0, 0, 0, 1, 0, 1]",1,110011111000101
"[0, 0, 1, 1, 0, 0, 1, 1, 1, 1, 1, 1, 1, 0, 0]",1,001100111111100
"[0, 1, 1, 1, 0, 0, 0, 1, 0, 1, 1, 1, 1, 0, 0]",1,011100010111100
"[1, 0, 0, 0, 1, 0, 0, 0, 0, 1, 0, 0, 1, 1, 1]",1,100010000100111
"[1, 1, 0, 1, 0, 0, 1, 1, 1, 1, 0, 0, 1, 1, 1]",1,110100111100111
"[0, 1, 0, 1, 0, 0, 1, 1, 0, 0, 0, 0, 1, 0, 1]",1,010100110000101
"[0, 1, 0, 0, 1, 1, 0, 1, 1, 1, 0, 1, 1, 1, 0]",1,010011011101110
"[1, 1, 0, 1, 0, 0, 0, 0, 0, 0, 0, 0, 1, 1, 1]",1,110100000000111
"[0, 1, 1, 1, 1, 0, 0, 1, 0, 1, 0, 1, 1, 1, 0]",1,011110010101110
"[0, 1, 1, 0, 1, 1, 1, 0, 1, 0, 0, 0, 0, 0, 0]",1,011011101000000
"[0, 0, 0, 1, 0, 0, 1, 1, 0, 1, 1, 1, 0, 0, 1]",1,000100110111001
"[0, 1, 1, 0, 1, 1, 0, 0, 0, 1, 0, 1, 1, 1, 0]",1,011011000101110
"[0, 1, 1, 0, 1, 0, 0, 0, 1, 0, 0, 1, 0, 1, 0]",1,011010001001010
"[0, 0, 0, 0, 0, 0, 1, 0, 0, 0, 0, 1, 0, 1, 0]",1,000000100001010
"[0, 1, 1, 0, 1, 1, 1, 0, 0, 1, 0, 1, 1, 0, 1]",1,011011100101101
"[1, 1, 0, 1, 1, 0, 1, 1, 1, 1, 1, 0, 0, 1, 0]",1,110110111110010
"[0, 1, 0, 0, 1, 0, 1, 0, 0, 0, 1, 0, 0, 0, 0]",1,010010100010000
"[0, 1, 0, 0, 1, 0, 1, 1, 1, 0, 1, 1, 0, 1, 1]",1,010010111011011
"[0, 0, 1, 1, 1, 1, 0, 1, 1, 0, 0, 1, 0, 1, 1]",1,001111011001011
"[0, 1, 1, 1, 0, 1, 0, 0, 0, 0, 1, 0, 0, 1, 1]",1,011101000010011
"[0, 0, 1, 0, 1, 0, 1, 1, 1, 1, 1, 1, 0, 1, 1]",1,001010111111011
"[0, 0, 1, 1, 1, 1, 1, 0, 0, 0, 1, 1, 0, 1, 1]",2,001111100011011
"[1, 0, 0, 0, 0, 0, 1, 1, 1, 1, 1, 1, 0, 0, 1]",1,100000111111001
"[1, 1, 0, 0, 1, 1, 1, 1, 0, 0, 0, 0, 0, 0, 1]",1,110011110000001
"[0, 1, 0, 1, 1, 1, 0, 0, 1, 0, 1, 0, 1, 1, 0]",1,010111001010110
"[0, 0, 0, 1, 1, 0, 0, 0, 0, 0, 1, 1, 1, 1, 1]",1,000110000011111
"[0, 1, 0, 0, 0, 1, 1, 1, 0, 0, 0, 0, 1, 0, 0]",1,010001110000100
"[0, 1, 0, 0, 1, 0, 0, 1, 1, 1, 1, 0, 1, 1, 1]",1,010010011110111
"[1, 1, 1, 0, 1, 1, 0, 1, 0, 1, 0, 0, 0, 0, 1]",1,111011010100001
"[1, 1, 1, 0, 0, 0, 1, 0, 0, 0, 0, 0, 0, 1, 0]",1,111000100000010
"[0, 1, 1, 1, 1, 1, 0, 0, 0, 1, 1, 0, 1, 0, 1]",1,011111000110101
"[0, 0, 0, 0, 0, 0, 0, 0, 0, 1, 1, 1, 1, 1, 0]",1,000000000111110
"[0, 0, 0, 0, 1, 0, 0, 1, 0, 0, 1, 1, 0, 0, 1]",2,000010010011001
"[1, 1, 0, 1, 0, 0, 1, 1, 1, 1, 1, 0, 0, 0, 0]",1,110100111110000
"[1, 1, 1, 1, 1, 1, 0, 1, 1, 0, 1, 1, 0, 0, 1]",1,111111011011001
"[1, 0, 1, 0, 0, 1, 0, 1, 0, 0, 1, 0, 0, 0, 0]",1,101001010010000
"[1, 1, 0, 0, 0, 0, 0, 1, 0, 0, 0, 1, 0, 0, 1]",1,110000010001001
"[0, 1, 0, 0, 0, 1, 1, 1, 0, 0, 0, 0, 1, 0, 1]",1,010001110000101
"[0, 0, 0, 0, 0, 1, 1, 0, 0, 0, 0, 0, 0, 0, 1]",1,000001100000001
"[0, 1, 0, 1, 0, 1, 1, 0, 0, 0, 0, 1, 0, 0, 0]",1,010101100001000
"[1, 1, 0, 0, 0, 1, 0, 0, 1, 1, 1, 1, 0, 1, 0]",1,110001001111010
"[0, 1, 0, 0, 1, 1, 0, 1, 1, 1, 1, 0, 0, 0, 0]",1,010011011110000
"[1, 1, 1, 0, 1, 0, 1, 0, 0, 0, 1, 1, 1, 1, 1]",2,111010100011111
"[1, 0, 0, 0, 1, 1, 0, 1, 1, 1, 0, 0, 0, 0, 1]",1,100011011100001
"[0, 1, 1, 0, 1, 1, 1, 0, 0, 1, 1, 0, 0, 0, 0]",1,011011100110000
"[0, 0, 0, 0, 1, 1, 1, 0, 0, 1, 0, 0, 1, 0, 1]",1,000011100100101
"[1, 1, 1, 0, 0, 1, 0, 1, 1, 1, 0, 1, 0, 1, 0]",1,111001011101010
"[1, 1, 0, 1, 1, 0, 1, 0, 0, 1, 1, 1, 0, 1, 1]",1,110110100111011
"[0, 1, 0, 1, 0, 0, 0, 1, 1, 0, 0, 1, 1, 1, 0]",1,010100011001110
"[0, 1, 0, 1, 1, 0, 1, 1, 0, 1, 0, 0, 1, 1, 1]",2,010110110100111
"[1, 1, 0, 1, 0, 1, 0, 1, 0, 1, 0, 0, 0, 1, 0]",1,110101010100010
"[1, 1, 1, 1, 0, 1, 0, 1, 1, 0, 1, 1, 1, 0, 1]",1,111101011011101
"[1, 1, 0, 0, 1, 1, 0, 1, 1, 0, 0, 1, 1, 1, 0]",1,110011011001110
"[1, 1, 1, 0, 1, 1, 0, 1, 1, 0, 1, 1, 0, 1, 0]",1,111011011011010
"[0, 1, 1, 0, 1, 0, 0, 0, 0, 0, 0, 0, 1, 0, 0]",1,011010000000100
"[1, 0, 1, 1, 0, 0, 0, 1, 1, 0, 0, 0, 1, 0, 0]",2,101100011000100
"[0, 1, 0, 0, 0, 1, 0, 0, 0, 1, 0, 1, 1, 0, 0]",1,010001000101100
"[1, 1, 0, 0, 0, 1, 1, 1, 1, 1, 1, 1, 0, 0, 1]",1,110001111111001
"[0, 0, 1, 1, 1, 1, 0, 1, 0, 0, 0, 0, 0, 0, 1]",1,001111010000001
"[1, 0, 0, 0, 0, 0, 0, 1, 0, 1, 1, 0, 1, 0, 0]",1,100000010110100
"[1, 0, 0, 0, 0, 1, 0, 0, 1, 0, 0, 0, 0, 1, 0]",1,100001001000010
"[0, 0, 0, 1, 1, 1, 1, 0, 1, 0, 0, 0, 1, 0, 1]",1,000111101000101
"[1, 0, 0, 0, 1, 1, 1, 0, 0, 0, 0, 0, 0, 0, 0]",1,100011100000000
"[0, 0, 0, 1, 0, 0, 1, 0, 1, 1, 1, 1, 0, 1, 1]",1,000100101111011
"[1, 1, 1, 1, 1, 0, 0, 0, 0, 0, 1, 1, 1, 0, 0]",1,111110000011100
"[0, 1, 1, 0, 0, 1, 0, 1, 0, 1, 1, 1, 0, 1, 1]",1,011001010111011
"[1, 0, 1, 1, 1, 1, 0, 0, 0, 1, 1, 1, 1, 0, 0]",1,101111000111100
"[0, 1, 1, 0, 0, 0, 0, 0, 0, 0, 1, 0, 1, 0, 0]",1,011000000010100
"[1, 1, 1, 1, 0, 1, 1, 1, 1, 1, 1, 0, 0, 0, 1]",1,111101111110001
"[1, 1, 1, 0, 0, 1, 1, 1, 1, 1, 0, 0, 1, 1, 0]",1,111001111100110
"[0, 1, 1, 1, 1, 0, 0, 1, 1, 1, 0, 0, 1, 0, 0]",1,011110011100100
"[0, 1, 1, 0, 0, 0, 1, 1, 0, 0, 0, 1, 0, 0, 0]",1,011000110001000
"[0, 0, 1, 1, 0, 1, 1, 1, 0, 1, 1, 0, 0, 0, 1]",1,001101110110001
"[0, 0, 0, 1, 1, 1, 1, 0, 0, 0, 0, 0, 1, 1, 1]",1,000111100000111
"[1, 0, 1, 1, 0, 0, 0, 0, 0, 1, 0, 0, 0, 1, 1]",1,101100000100011
"[1, 1, 0, 0, 1, 0, 1, 1, 1, 0, 0, 0, 0, 0, 0]",1,110010111000000
"[0, 0, 1, 1, 0, 0, 0, 1, 0, 1, 1, 1, 1, 1, 1]",1,001100010111111
"[1, 0, 0, 1, 0, 0, 0, 1, 1, 0, 1, 1, 0, 0, 0]",1,100100011011000
"[0, 1, 0, 1, 1, 1, 0, 0, 1, 1, 1, 0, 1, 0, 0]",1,010111001110100
"[0, 0, 0, 0, 1, 0, 0, 1, 0, 0, 1, 1, 1, 0, 0]",1,000010010011100
"[0, 0, 1, 1, 0, 0, 0, 1, 1, 1, 1, 0, 1, 0, 1]",1,001100011110101
"[0, 1, 0, 1, 0, 0, 0, 1, 1, 0, 0, 1, 1, 1, 1]",1,010100011001111
"[1, 0, 0, 0, 0, 1, 1, 1, 0, 1, 0, 1, 0, 1, 0]",1,100001110101010
"[0, 1, 1, 1, 1, 1, 1, 0, 1, 1, 0, 1, 0, 0, 1]",1,011111101101001
"[0, 0, 0, 0, 0, 0, 0, 0, 1, 1, 1, 0, 0, 0, 1]",1,000000001110001
"[1, 1, 0, 0, 1, 0, 1, 1, 0, 1, 0, 1, 0, 1, 1]",1,110010110101011
"[1, 1, 1, 0, 1, 1, 0, 0, 0, 1, 0, 1, 0, 0, 0]",1,111011000101000
"[0, 1, 1, 0, 1, 1, 0, 1, 0, 1, 0, 1, 1, 1, 1]",1,011011010101111
"[0, 0, 0, 0, 0, 0, 0, 0, 0, 1, 1, 1, 1, 0, 1]",1,000000000111101
"[1, 0, 1, 1, 1, 0, 0, 0, 0, 0, 1, 1, 1, 0, 1]",2,101110000011101
"[0, 1, 1, 1, 0, 0, 0, 0, 0, 0, 0, 1, 0, 1, 0]",1,011100000001010
"[1, 1, 1, 0, 0, 0, 0, 1, 0, 0, 1, 1, 1, 1, 0]",2,111000010011110
"[1, 1, 0, 0, 0, 1, 0, 1, 1, 0, 1, 0, 0, 0, 1]",1,110001011010001
"[0, 1, 1, 0, 1, 0, 1, 0, 0, 1, 0, 1, 1, 1, 0]",2,011010100101110
"[1, 0, 0, 1, 0, 0, 0, 0, 0, 1, 1, 1, 0, 0, 0]",1,100100000111000
"[1, 1, 0, 1, 0, 0, 1, 1, 1, 0, 0, 1, 1, 0, 1]",1,110100111001101
"[0, 1, 1, 0, 0, 0, 0, 1, 1, 1, 1, 1, 0, 1, 0]",1,011000011111010
"[0, 1, 1, 0, 0, 1, 0, 1, 1, 1, 1, 0, 1, 0, 1]",1,011001011110101
"[0, 1, 0, 0, 1, 1, 1, 1, 0, 0, 1, 1, 1, 1, 1]",1,010011110011111
"[0, 0, 1, 1, 1, 1, 1, 0, 0, 1, 1, 0, 1, 1, 1]",1,001111100110111
"[0, 1, 1, 1, 0, 0, 0, 0, 0, 1, 0, 0, 1, 1, 0]",1,011100000100110
"[0, 1, 0, 1, 1, 0, 0, 1, 1, 0, 0, 1, 1, 1, 0]",1,010110011001110
"[0, 1, 1, 0, 1, 1, 0, 1, 0, 0, 0, 1, 0, 1, 0]",1,011011010001010
"[1, 1, 0, 1, 0, 0, 1, 1, 1, 0, 0, 0, 1, 0, 1]",1,110100111000101
"[1, 1, 1, 1, 0, 0, 0, 1, 1, 1, 0, 1, 1, 0, 1]",2,111100011101101
"[0, 0, 1, 1, 0, 0, 0, 1, 1, 1, 1, 0, 0, 0, 1]",1,001100011110001
"[0, 0, 1, 0, 1, 0, 0, 0, 1, 0, 1, 1, 1, 1, 1]",1,001010001011111
"[0, 1, 0, 1, 1, 0, 1, 1, 1, 0, 0, 1, 0, 0, 1]",1,010110111001001
"[0, 0, 1, 0, 0, 1, 0, 0, 1, 0, 0, 1, 1, 0, 0]",2,001001001001100
"[1, 0, 0, 1, 1, 1, 1, 0, 1, 0, 0, 1, 0, 0, 0]",1,100111101001000
"[1, 1, 0, 1, 0, 0, 0, 1, 0, 1, 1, 0, 1, 1, 1]",1,110100010110111
"[1, 1, 0, 1, 0, 0, 0, 0, 1, 1, 0, 0, 0, 0, 0]",1,110100001100000
"[1, 1, 1, 1, 0, 0, 0, 0, 0, 1, 1, 1, 1, 1, 0]",1,111100000111110
"[1, 1, 1, 1, 0, 1, 0, 1, 0, 0, 0, 1, 0, 0, 0]",1,111101010001000
"[1, 1, 1, 1, 1, 0, 0, 0, 0, 1, 1, 0, 1, 1, 0]",1,111110000110110
"[1, 1, 1, 0, 1, 1, 1, 1, 1, 0, 1, 1, 1, 1, 0]",1,111011111011110
"[1, 0, 0, 1, 0, 0, 0, 0, 0, 0, 0, 1, 1, 0, 0]",1,100100000001100
"[1, 1, 0, 1, 1, 1, 1, 0, 0, 1, 0, 1, 1, 0, 1]",1,110111100101101
"[0, 0, 1, 1, 0, 0, 0, 1, 0, 1, 1, 1, 0, 0, 1]",1,001100010111001
"[1, 0, 1, 1, 0, 0, 0, 1, 1, 0, 0, 1, 0, 1, 1]",1,101100011001011
"[1, 0, 1, 0, 0, 1, 0, 0, 0, 1, 1, 0, 1, 1, 0]",1,101001000110110
"[0, 0, 1, 0, 0, 1, 0, 0, 1, 0, 1, 1, 1, 0, 1]",1,001001001011101
"[0, 0, 1, 0, 1, 1, 0, 0, 1, 0, 0, 1, 1, 1, 0]",1,001011001001110
"[0, 1, 1, 1, 0, 0, 1, 1, 1, 1, 1, 0, 0, 0, 0]",1,011100111110000
"[1, 0, 0, 1, 1, 0, 1, 0, 1, 0, 0, 0, 0, 1, 0]",1,100110101000010
"[1, 1, 0, 0, 0, 1, 1, 1, 0, 1, 1, 0, 1, 1, 1]",1,110001110110111
"[1, 1, 0, 0, 0, 0, 1, 0, 0, 1, 0, 0, 1, 1, 0]",1,110000100100110
"[0, 0, 0, 0, 0, 0, 1, 0, 1, 0, 1, 0, 1, 0, 1]",1,000000101010101
"[0, 0, 0, 0, 1, 1, 0, 0, 0, 0, 1, 0, 0, 1, 1]",1,000011000010011
"[0, 1, 1, 1, 1, 0, 1, 0, 0, 0, 1, 1, 1, 0, 0]",1,011110100011100
"[1, 1, 0, 0, 1, 1, 0, 1, 0, 1, 1, 1, 0, 0, 0]",1,110011010111000
"[1, 0, 1, 1, 1, 1, 1, 0, 1, 1, 0, 0, 1, 1, 0]",1,101111101100110
"[1, 1, 1, 0, 0, 0, 0, 1, 1, 0, 0, 1, 0, 0, 0]",1,111000011001000
"[1, 1, 0, 0, 0, 0, 1, 0, 1, 0, 1, 1, 1, 1, 0]",1,110000101011110
"[0, 1, 0, 1, 1, 1, 1, 1, 1, 1, 0, 0, 0, 0, 1]",1,010111111100001
"[0, 1, 0, 0, 0, 1, 0, 1, 1, 0, 1, 1, 1, 1, 0]",1,010001011011110
"[0, 1, 1, 1, 0, 1, 0, 0, 0, 1, 1, 1, 1, 1, 0]",1,011101000111110
"[0, 1, 1, 0, 0, 0, 1, 0, 0, 1, 0, 0, 1, 1, 0]",1,011000100100110
"[1, 1, 1, 1, 0, 1, 1, 0, 1, 1, 1, 1, 1, 1, 0]",1,111101101111110
"[0, 1, 1, 1, 0, 0, 1, 1, 1, 0, 0, 0, 0, 0, 1]",1,011100111000001
"[0, 1, 0, 0, 1, 0, 1, 0, 0, 1, 1, 1, 1, 1, 1]",1,010010100111111
"[0, 0, 0, 0, 1, 0, 1, 0, 1, 0, 0, 0, 1, 1, 1]",2,000010101000111
"[1, 1, 0, 0, 0, 0, 1, 1, 0, 0, 0, 1, 1, 0, 0]",1,110000110001100
"[0, 0, 1, 1, 0, 1, 1, 0, 1, 1, 1, 1, 1, 1, 0]",1,001101101111110
"[1, 0, 0, 0, 0, 1, 0, 1, 0, 0, 1, 0, 0, 1, 0]",1,100001010010010
"[1, 1, 0, 0, 0, 0, 1, 1, 1, 1, 1, 1, 0, 0, 0]",1,110000111111000
"[1, 0, 0, 1, 1, 0, 0, 1, 0, 1, 1, 1, 0, 1, 0]",1,100110010111010
"[0, 0, 0, 0, 1, 0, 0, 0, 1, 1, 0, 1, 1, 1, 0]",1,000010001101110
"[0, 0, 0, 0, 1, 0, 1, 1, 1, 1, 0, 1, 1, 0, 1]",1,000010111101101
"[0, 1, 1, 1, 1, 1, 0, 0, 1, 1, 1, 1, 1, 0, 0]",1,011111001111100
"[1, 1, 0, 1, 0, 0, 1, 1, 1, 0, 1, 0, 1, 1, 1]",1,110100111010111
"[0, 0, 0, 0, 1, 0, 0, 1, 1, 0, 1, 1, 1, 1, 0]",1,000010011011110
"[1, 1, 1, 1, 1, 0, 1, 1, 1, 1, 0, 0, 0, 1, 1]",1,111110111100011
"[0, 0, 0, 0, 0, 0, 1, 0, 1, 0, 0, 0, 0, 0, 1]",1,000000101000001
"[0, 1, 1, 1, 0, 0, 0, 1, 0, 0, 0, 1, 0, 0, 1]",1,011100010001001
"[1, 1, 1, 1, 0, 1, 0, 1, 0, 1, 1, 1, 0, 0, 1]",1,111101010111001
"[0, 1, 0, 0, 1, 0, 0, 1, 0, 1, 1, 1, 0, 1, 0]",1,010010010111010
"[1, 0, 1, 0, 1, 1, 1, 0, 0, 1, 1, 1, 1, 1, 1]",1,101011100111111
"[1, 0, 1, 0, 1, 0, 1, 0, 0, 1, 1, 0, 0, 0, 1]",1,101010100110001
"[0, 1, 0, 0, 0, 0, 0, 0, 1, 1, 0, 0, 1, 0, 0]",1,010000001100100
"[1, 0, 0, 0, 0, 1, 0, 0, 0, 0, 0, 1, 0, 1, 0]",1,100001000001010
"[0, 1, 0, 1, 1, 1, 1, 1, 1, 0, 1, 0, 1, 1, 1]",1,010111111010111
"[1, 1, 0, 0, 0, 0, 1, 0, 1, 0, 0, 1, 1, 1, 0]",1,110000101001110
"[1, 1, 1, 0, 1, 1, 0, 1, 0, 1, 0, 0, 0, 0, 0]",1,111011010100000
"[0, 0, 0, 0, 0, 1, 0, 0, 0, 1, 0, 1, 1, 1, 0]",1,000001000101110
"[0, 0, 0, 1, 1, 0, 0, 0, 0, 1, 0, 1, 0, 1, 0]",1,000110000101010
"[0, 0, 0, 0, 1, 1, 1, 0, 0, 0, 1, 0, 1, 0, 0]",1,000011100010100
"[0, 1, 0, 0, 1, 0, 1, 1, 0, 1, 0, 0, 0, 0, 0]",1,010010110100000
"[0, 0, 1, 0, 1, 0, 0, 1, 1, 1, 0, 1, 0, 1, 1]",1,001010011101011
"[1, 1, 0, 0, 1, 0, 0, 0, 0, 0, 1, 0, 1, 0, 1]",1,110010000010101
"[0, 0, 0, 1, 0, 0, 1, 0, 1, 0, 1, 1, 1, 0, 0]",1,000100101011100
"[0, 1, 0, 0, 0, 0, 0, 1, 0, 1, 0, 1, 0, 1, 1]",1,010000010101011
"[0, 0, 1, 0, 1, 1, 0, 0, 0, 0, 0, 0, 0, 1, 0]",1,001011000000010
"[1, 0, 0, 1, 1, 1, 1, 0, 0, 0, 1, 1, 1, 0, 0]",2,100111100011100
"[1, 1, 0, 1, 0, 0, 0, 0, 0, 1, 1, 1, 1, 1, 0]",1,110100000111110
"[1, 1, 0, 1, 1, 1, 0, 1, 0, 0, 0, 0, 1, 0, 1]",1,110111010000101
"[0, 0, 0, 0, 1, 1, 1, 0, 0, 1, 0, 1, 0, 1, 1]",1,000011100101011
"[1, 0, 1, 1, 0, 0, 0, 1, 1, 0, 1, 0, 0, 0, 0]",1,101100011010000
"[1, 1, 1, 1, 1, 0, 0, 1, 0, 0, 1, 1, 1, 0, 0]",1,111110010011100
"[1, 1, 0, 1, 0, 0, 1, 1, 1, 0, 0, 1, 1, 0, 0]",1,110100111001100
"[1, 0, 1, 0, 0, 0, 1, 0, 1, 0, 0, 1, 0, 0, 1]",1,101000101001001
"[1, 1, 1, 0, 0, 0, 1, 1, 1, 1, 0, 0, 1, 1, 1]",1,111000111100111
"[0, 1, 1, 1, 1, 0, 0, 0, 1, 0, 1, 0, 0, 0, 0]",1,011110001010000
"[1, 0, 0, 1, 1, 0, 1, 0, 1, 1, 1, 0, 0, 0, 1]",1,100110101110001
"[1, 0, 1, 0, 1, 1, 1, 1, 0, 1, 0, 0, 1, 0, 0]",2,101011110100100
"[1, 1, 0, 1, 1, 1, 1, 0, 1, 0, 1, 0, 1, 0, 0]",1,110111101010100
"[1, 1, 1, 1, 0, 1, 0, 1, 0, 1, 0, 0, 0, 0, 0]",2,111101010100000
"[0, 1, 1, 1, 0, 1, 0, 0, 1, 1, 1, 0, 0, 0, 0]",1,011101001110000
"[1, 1, 1, 0, 0, 0, 0, 0, 1, 0, 1, 1, 1, 1, 1]",2,111000001011111
"[0, 0, 1, 1, 1, 1, 0, 1, 1, 0, 1, 1, 0, 1, 0]",1,001111011011010
"[0, 1, 0, 0, 0, 0, 0, 1, 0, 0, 0, 1, 1, 1, 0]",2,010000010001110
"[1, 0, 0, 0, 0, 0, 1, 1, 1, 1, 0, 0, 1, 0, 0]",1,100000111100100
"[0, 1, 0, 0, 1, 1, 0, 1, 1, 0, 1, 0, 1, 0, 0]",1,010011011010100
"[0, 1, 0, 0, 1, 1, 1, 1, 0, 1, 1, 0, 1, 1, 0]",1,010011110110110
"[0, 0, 1, 0, 1, 1, 1, 1, 0, 1, 0, 0, 0, 1, 1]",1,001011110100011
"[0, 0, 0, 1, 0, 0, 0, 1, 1, 1, 0, 1, 0, 1, 1]",1,000100011101011
"[1, 1, 0, 1, 1, 1, 0, 1, 0, 1, 0, 0, 1, 1, 0]",1,110111010100110
"[0, 1, 1, 0, 1, 1, 0, 0, 1, 0, 1, 0, 1, 1, 0]",1,011011001010110
"[0, 1, 0, 0, 0, 1, 1, 1, 0, 1, 0, 0, 1, 1, 1]",1,010001110100111
"[1, 1, 1, 1, 0, 1, 1, 0, 0, 1, 0, 0, 0, 0, 1]",1,111101100100001
"[1, 1, 1, 1, 1, 1, 1, 0, 1, 1, 1, 0, 0, 1, 1]",1,111111101110011
"[1, 1, 0, 1, 1, 1, 0, 1, 0, 1, 0, 1, 1, 0, 0]",1,110111010101100
"[1, 0, 0, 0, 0, 0, 1, 0, 0, 1, 0, 1, 1, 0, 0]",2,100000100101100
"[0, 0, 0, 0, 0, 1, 1, 1, 0, 1, 0, 0, 1, 1, 1]",1,000001110100111
"[1, 0, 1, 0, 1, 1, 0, 0, 1, 0, 1, 1, 0, 1, 1]",2,101011001011011
"[1, 0, 0, 0, 0, 1, 0, 1, 1, 0, 0, 1, 0, 0, 0]",1,100001011001000
"[1, 1, 1, 1, 1, 1, 1, 0, 0, 1, 1, 0, 0, 0, 1]",1,111111100110001
"[0, 0, 1, 0, 0, 0, 1, 1, 0, 1, 1, 0, 0, 1, 1]",1,001000110110011
"[1, 0, 1, 0, 1, 0, 1, 0, 1, 0, 1, 1, 0, 0, 0]",1,101010101011000
"[1, 0, 1, 0, 1, 0, 1, 1, 1, 1, 0, 1, 1, 1, 0]",1,101010111101110
"[0, 1, 0, 1, 0, 0, 0, 1, 0, 1, 1, 1, 0, 0, 0]",1,010100010111000
"[1, 1, 1, 0, 1, 0, 0, 1, 0, 1, 0, 0, 1, 1, 0]",1,111010010100110
"[1, 1, 1, 1, 1, 0, 0, 1, 0, 0, 1, 0, 0, 0, 0]",1,111110010010000
"[0, 1, 0, 0, 1, 0, 0, 1, 0, 0, 0, 1, 1, 1, 1]",1,010010010001111
"[1, 1, 1, 1, 0, 0, 0, 1, 0, 1, 1, 0, 0, 1, 0]",1,111100010110010
"[1, 0, 0, 1, 0, 0, 0, 1, 0, 1, 1, 0, 0, 0, 1]",1,100100010110001
"[1, 0, 0, 1, 0, 1, 1, 0, 0, 1, 1, 0, 1, 1, 1]",2,100101100110111
"[0, 1, 0, 0, 1, 1, 0, 1, 0, 0, 1, 1, 0, 1, 0]",1,010011010011010
"[1, 0, 1, 1, 1, 1, 0, 1, 0, 0, 0, 0, 0, 0, 0]",2,101111010000000
"[0, 0, 1, 1, 1, 1, 1, 0, 0, 0, 1, 0, 0, 0, 0]",1,001111100010000
"[1, 1, 1, 1, 0, 0, 0, 1, 0, 0, 1, 0, 0, 1, 0]",1,111100010010010
"[1, 0, 1, 1, 1, 1, 1, 0, 1, 0, 0, 0, 1, 0, 1]",1,101111101000101
"[0, 1, 0, 1, 0, 0, 0, 1, 0, 0, 1, 0, 0, 0, 0]",1,010100010010000
"[0, 0, 0, 1, 1, 0, 0, 1, 1, 0, 1, 0, 1, 0, 1]",2,000110011010101
"[1, 1, 1, 1, 1, 1, 1, 1, 1, 0, 1, 0, 1, 1, 1]",1,111111111010111
"[0, 1, 0, 1, 1, 1, 0, 0, 1, 1, 0, 1, 0, 0, 0]",1,010111001101000
"[0, 1, 1, 0, 1, 1, 0, 1, 0, 0, 1, 1, 0, 1, 0]",1,011011010011010
"[1, 1, 0, 0, 0, 0, 0, 1, 0, 0, 1, 1, 1, 0, 1]",1,110000010011101
"[1, 0, 1, 1, 0, 1, 1, 0, 0, 0, 0, 0, 0, 0, 1]",1,101101100000001
"[1, 0, 0, 1, 1, 1, 0, 0, 0, 1, 0, 1, 1, 0, 1]",1,100111000101101
"[0, 0, 0, 0, 1, 1, 0, 1, 1, 1, 0, 1, 1, 1, 0]",2,000011011101110
"[1, 0, 1, 0, 1, 0, 1, 1, 0, 0, 0, 0, 0, 1, 1]",1,101010110000011
"[0, 1, 1, 0, 0, 1, 0, 1, 1, 1, 0, 1, 0, 1, 0]",1,011001011101010
"[0, 1, 0, 1, 0, 1, 0, 1, 0, 1, 1, 0, 1, 0, 0]",1,010101010110100
"[0, 1, 0, 0, 0, 1, 0, 1, 0, 0, 0, 0, 0, 1, 0]",1,010001010000010
"[0, 0, 1, 1, 1, 0, 0, 0, 0, 0, 0, 1, 1, 1, 1]",1,001110000001111
"[1, 1, 1, 0, 0, 1, 1, 0, 0, 0, 0, 1, 1, 1, 0]",1,111001100001110
"[1, 0, 1, 0, 0, 0, 1, 1, 1, 1, 1, 1, 0, 0, 1]",1,101000111111001
"[0, 0, 0, 1, 1, 0, 0, 1, 1, 1, 0, 0, 1, 0, 1]",1,000110011100101
"[0, 0, 0, 1, 0, 0, 0, 1, 0, 0, 0, 0, 0, 0, 0]",1,000100010000000
"[0, 1, 0, 1, 1, 1, 0, 0, 1, 1, 1, 1, 1, 1, 1]",1,010111001111111
"[0, 1, 1, 1, 0, 1, 0, 1, 1, 0, 0, 1, 0, 0, 1]",1,011101011001001
"[0, 1, 0, 0, 0, 0, 0, 1, 0, 1, 0, 1, 1, 0, 1]",1,010000010101101
"[1, 0, 0, 1, 1, 0, 0, 0, 0, 0, 1, 1, 0, 0, 1]",1,100110000011001
"[0, 0, 0, 0, 1, 0, 0, 1, 0, 0, 1, 1, 0, 0, 0]",1,000010010011000
"[0, 0, 1, 1, 1, 0, 0, 0, 1, 0, 0, 0, 1, 1, 1]",1,001110001000111
"[0, 1, 1, 0, 1, 1, 0, 1, 1, 0, 1, 0, 0, 0, 1]",1,011011011010001
"[0, 0, 0, 1, 1, 1, 0, 0, 0, 1, 1, 1, 1, 0, 1]",1,000111000111101
"[1, 1, 1, 0, 1, 1, 1, 0, 1, 0, 0, 1, 1, 1, 1]",1,111011101001111
"[1, 1, 0, 1, 0, 1, 1, 0, 1, 1, 1, 0, 1, 0, 0]",1,110101101110100
"[0, 0, 0, 0, 1, 1, 0, 1, 1, 1, 0, 0, 1, 0, 1]",1,000011011100101
"[1, 0, 1, 1, 0, 1, 0, 0, 1, 1, 0, 0, 0, 0, 1]",1,101101001100001
"[0, 1, 1, 0, 0, 0, 0, 0, 1, 1, 0, 1, 1, 0, 0]",1,011000001101100
"[1, 0, 0, 1, 1, 1, 1, 0, 1, 1, 0, 1, 0, 0, 1]",1,100111101101001
"[0, 0, 0, 0, 0, 1, 0, 1, 0, 1, 1, 1, 0, 0, 1]",1,000001010111001
"[1, 0, 0, 1, 0, 1, 1, 1, 0, 0, 0, 1, 1, 0, 1]",1,100101110001101
"[1, 1, 0, 1, 1, 0, 1, 1, 1, 1, 0, 0, 1, 0, 1]",2,110110111100101
"[1, 0, 1, 1, 1, 1, 0, 0, 0, 0, 0, 0, 0, 1, 0]",1,101111000000010
"[0, 1, 1, 1, 1, 1, 0, 1, 1, 0, 0, 0, 1, 1, 1]",1,011111011000111
"[0, 0, 1, 1, 1, 1, 0, 0, 1, 1, 1, 1, 1, 0, 1]",1,001111001111101
"[0, 1, 1, 0, 1, 0, 1, 1, 1, 0, 0, 1, 1, 1, 1]",1,011010111001111
"[1, 1, 1, 1, 1, 0, 0, 0, 1, 0, 0, 0, 0, 1, 1]",1,111110001000011
"[1, 1, 1, 0, 0, 0, 0, 1, 1, 1, 1, 1, 0, 1, 0]",1,111000011111010
"[0, 0, 1, 1, 0, 1, 1, 0, 1, 1, 1, 1, 0, 0, 1]",1,001101101111001
"[0, 1, 0, 0, 0, 0, 1, 0, 1, 1, 0, 0, 0, 0, 0]",1,010000101100000
"[0, 1, 0, 1, 1, 0, 1, 0, 0, 1, 0, 0, 1, 1, 0]",1,010110100100110
"[1, 0, 1, 1, 1, 0, 1, 1, 0, 1, 1, 1, 0, 0, 0]",1,101110110111000
"[0, 0, 0, 0, 1, 0, 0, 1, 1, 0, 1, 0, 1, 1, 0]",1,000010011010110
"[1, 0, 1, 0, 0, 0, 1, 0, 1, 0, 1, 0, 1, 1, 0]",1,101000101010110
"[0, 1, 0, 0, 1, 0, 1, 1, 1, 1, 1, 0, 0, 1, 0]",1,010010111110010
"[0, 0, 0, 0, 1, 0, 1, 1, 1, 1, 1, 1, 0, 0, 1]",1,000010111111001
"[1, 1, 0, 1, 1, 1, 0, 1, 1, 1, 0, 1, 0, 1, 1]",1,110111011101011
"[1, 0, 1, 1, 0, 1, 0, 1, 0, 1, 0, 0, 1, 1, 0]",1,101101010100110
"[1, 1, 1, 0, 1, 1, 1, 1, 1, 1, 0, 1, 0, 0, 1]",1,111011111101001
"[1, 0, 1, 1, 1, 0, 1, 0, 0, 0, 1, 1, 1, 0, 1]",1,101110100011101
"[0, 0, 1, 1, 1, 1, 0, 0, 0, 0, 0, 1, 0, 1, 0]",1,001111000001010
"[0, 0, 0, 1, 1, 1, 1, 1, 1, 1, 0, 1, 1, 1, 0]",2,000111111101110
"[1, 1, 0, 1, 1, 1, 1, 1, 1, 0, 1, 1, 0, 1, 0]",1,110111111011010
"[0, 0, 1, 1, 1, 0, 0, 1, 0, 1, 1, 0, 1, 0, 1]",1,001110010110101
"[1, 0, 1, 1, 1, 0, 0, 0, 1, 0, 0, 1, 1, 1, 0]",1,101110001001110
"[1, 0, 0, 1, 1, 0, 1, 1, 1, 1, 1, 0, 0, 0, 0]",1,100110111110000
"[0, 0, 0, 0, 0, 1, 1, 0, 1, 0, 1, 0, 0, 1, 1]",1,000001101010011
"[0, 0, 1, 0, 1, 1, 1, 1, 0, 0, 1, 1, 0, 0, 1]",1,001011110011001
"[0, 0, 1, 0, 0, 1, 1, 1, 1, 1, 1, 0, 0, 0, 0]",1,001001111110000
"[1, 1, 0, 1, 0, 0, 1, 1, 0, 1, 0, 0, 0, 1, 1]",1,110100110100011
"[1, 0, 0, 1, 1, 0, 0, 0, 0, 0, 1, 1, 1, 0, 0]",1,100110000011100
"[1, 0, 0, 1, 0, 0, 0, 1, 0, 0, 1, 1, 1, 0, 1]",1,100100010011101
"[1, 1, 1, 1, 1, 0, 0, 0, 0, 1, 0, 0, 0, 0, 0]",1,111110000100000
"[1, 0, 1, 1, 0, 0, 0, 0, 1, 1, 0, 1, 1, 1, 1]",1,101100001101111
"[0, 0, 1, 1, 0, 0, 1, 0, 1, 0, 0, 0, 0, 1, 0]",1,001100101000010
"[0, 0, 0, 0, 1, 1, 1, 1, 1, 1, 1, 0, 1, 0, 0]",1,000011111110100
"[0, 1, 1, 1, 0, 0, 0, 1, 0, 1, 0, 1, 0, 0, 1]",1,011100010101001
"[1, 1, 0, 0, 1, 0, 1, 1, 0, 0, 0, 1, 0, 0, 0]",1,110010110001000
"[1, 1, 1, 0, 0, 0, 1, 1, 1, 1, 1, 0, 1, 0, 0]",1,111000111110100
"[0, 0, 0, 1, 0, 1, 0, 1, 0, 0, 0, 1, 1, 1, 0]",1,000101010001110
"[1, 0, 0, 1, 0, 1, 0, 1, 0, 0, 0, 0, 1, 1, 1]",1,100101010000111
"[0, 1, 1, 1, 1, 1, 0, 1, 1, 1, 1, 1, 0, 1, 1]",1,011111011111011
"[0, 0, 0, 1, 0, 1, 1, 1, 0, 1, 0, 0, 0, 1, 1]",1,000101110100011
"[1, 0, 0, 1, 0, 0, 1, 1, 1, 1, 0, 1, 1, 0, 1]",1,100100111101101
"[1, 1, 1, 0, 0, 1, 0, 0, 0, 0, 1, 1, 0, 1, 1]",1,111001000011011
"[0, 1, 1, 1, 1, 1, 0, 1, 1, 1, 0, 0, 1, 1, 1]",1,011111011100111
"[0, 0, 0, 0, 1, 0, 1, 0, 0, 1, 0, 0, 1, 0, 1]",1,000010100100101
"[0, 1, 1, 0, 1, 0, 0, 1, 0, 1, 1, 0, 0, 1, 1]",1,011010010110011
"[1, 1, 0, 0, 1, 1, 1, 0, 1, 0, 1, 1, 1, 1, 0]",1,110011101011110
"[1, 0, 1, 1, 1, 0, 0, 0, 1, 1, 0, 1, 1, 1, 0]",1,101110001101110
"[1, 1, 0, 1, 1, 1, 1, 1, 1, 1, 1, 1, 0, 1, 0]",1,110111111111010
"[0, 1, 0, 0, 0, 1, 1, 0, 0, 1, 1, 1, 0, 0, 1]",1,010001100111001
"[0, 0, 0, 1, 0, 0, 0, 1, 1, 1, 0, 0, 0, 1, 1]",1,000100011100011
"[1, 0, 0, 0, 1, 0, 0, 1, 1, 1, 0, 1, 1, 0, 0]",1,100010011101100
"[0, 0, 0, 1, 0, 0, 0, 0, 0, 0, 0, 1, 1, 1, 0]",1,000100000001110
"[1, 1, 1, 1, 0, 0, 0, 0, 0, 1, 0, 1, 0, 0, 0]",1,111100000101000
"[0, 0, 1, 1, 1, 0, 0, 0, 1, 1, 1, 0, 0, 1, 0]",1,001110001110010
"[1, 0, 1, 0, 0, 1, 1, 1, 1, 1, 0, 1, 0, 0, 0]",1,101001111101000
"[0, 1, 1, 0, 1, 0, 1, 0, 0, 1, 1, 1, 0, 0, 0]",1,011010100111000
"[0, 0, 1, 1, 0, 0, 1, 0, 1, 1, 0, 0, 1, 0, 0]",1,001100101100100
"[0, 1, 1, 1, 0, 0, 1, 0, 0, 1, 1, 0, 1, 0, 0]",1,011100100110100
"[0, 1, 0, 1, 1, 1, 0, 0, 1, 0, 1, 0, 1, 0, 1]",1,010111001010101
"[1, 0, 0, 0, 0, 1, 1, 0, 0, 0, 0, 0, 1, 1, 0]",1,100001100000110
"[0, 0, 0, 1, 1, 0, 0, 0, 1, 0, 1, 1, 1, 1, 1]",1,000110001011111
"[1, 1, 1, 0, 0, 0, 0, 1, 1, 1, 0, 0, 1, 1, 1]",1,111000011100111
"[1, 0, 1, 0, 1, 1, 0, 0, 0, 0, 0, 0, 0, 1, 0]",1,101011000000010
"[1, 1, 1, 1, 0, 1, 0, 0, 0, 0, 0, 1, 1, 1, 0]",1,111101000001110
"[1, 0, 0, 1, 0, 1, 1, 0, 1, 1, 1, 1, 1, 0, 1]",1,100101101111101
"[0, 0, 1, 0, 1, 1, 1, 1, 1, 1, 1, 0, 0, 0, 1]",1,001011111110001
"[0, 0, 1, 1, 0, 0, 0, 0, 0, 0, 0, 1, 0, 1, 1]",1,001100000001011
"[1, 0, 1, 0, 0, 1, 0, 0, 1, 1, 1, 0, 0, 1, 0]",1,101001001110010
"[0, 0, 1, 1, 1, 0, 1, 0, 0, 0, 1, 0, 0, 0, 1]",1,001110100010001
"[1, 0, 1, 1, 0, 0, 0, 1, 0, 1, 0, 0, 0, 0, 0]",1,101100010100000
"[1, 1, 1, 0, 0, 0, 1, 0, 0, 1, 0, 1, 0, 0, 0]",1,111000100101000
"[0, 1, 1, 1, 1, 1, 0, 0, 1, 1, 1, 1, 0, 1, 1]",2,011111001111011
"[1, 1, 1, 0, 0, 0, 0, 1, 0, 0, 1, 1, 0, 0, 0]",1,111000010011000
"[1, 0, 0, 0, 0, 0, 0, 0, 0, 1, 1, 0, 1, 0, 0]",1,100000000110100
"[0, 1, 0, 1, 0, 0, 1, 0, 0, 0, 1, 1, 0, 0, 1]",1,010100100011001
"[0, 1, 1, 0, 0, 1, 0, 1, 0, 1, 1, 1, 1, 1, 1]",1,011001010111111
"[0, 0, 1, 0, 0, 0, 0, 1, 0, 0, 0, 0, 0, 0, 0]",1,001000010000000
"[1, 1, 0, 1, 1, 0, 0, 0, 1, 0, 1, 1, 0, 1, 0]",1,110110001011010
"[0, 1, 0, 1, 0, 1, 0, 1, 1, 0, 0, 0, 1, 0, 0]",1,010101011000100
"[1, 0, 1, 1, 0, 1, 1, 1, 1, 0, 1, 0, 1, 1, 0]",1,101101111010110
"[1, 1, 0, 0, 0, 0, 1, 0, 0, 1, 1, 0, 0, 1, 0]",1,110000100110010
"[0, 1, 1, 0, 1, 1, 1, 1, 0, 0, 1, 1, 1, 0, 1]",1,011011110011101
"[0, 1, 0, 0, 0, 0, 1, 1, 1, 0, 0, 0, 0, 1, 0]",1,010000111000010
"[1, 0, 0, 1, 0, 1, 1, 1, 0, 1, 0, 0, 0, 0, 0]",1,100101110100000
"[1, 0, 1, 1, 0, 0, 0, 1, 1, 1, 0, 1, 1, 1, 1]",1,101100011101111
"[0, 0, 1, 0, 1, 1, 1, 0, 1, 0, 0, 1, 1, 0, 0]",1,001011101001100
"[0, 1, 1, 1, 0, 0, 0, 1, 1, 1, 1, 0, 1, 1, 0]",1,011100011110110
"[1, 0, 0, 1, 1, 1, 1, 1, 0, 0, 0, 1, 0, 1, 1]",1,100111110001011
"[0, 0, 0, 0, 1, 0, 1, 1, 1, 1, 1, 1, 1, 0, 1]",1,000010111111101
"[0, 0, 1, 0, 0, 0, 1, 1, 1, 1, 1, 1, 1, 1, 0]",1,001000111111110
"[0, 0, 1, 1, 1, 0, 1, 0, 0, 1, 0, 0, 0, 0, 0]",1,001110100100000
"[1, 1, 0, 0, 0, 1, 1, 1, 0, 0, 0, 1, 0, 0, 1]",1,110001110001001
"[1, 1, 0, 1, 1, 1, 0, 0, 0, 1, 1, 1, 0, 1, 1]",1,110111000111011
"[1, 0, 1, 0, 1, 0, 0, 0, 0, 1, 1, 0, 0, 1, 0]",1,101010000110010
"[1, 1, 1, 0, 0, 1, 0, 1, 0, 0, 0, 1, 1, 1, 1]",1,111001010001111
"[1, 0, 0, 1, 0, 1, 0, 0, 0, 0, 1, 1, 0, 0, 1]",1,100101000011001
"[0, 1, 0, 0, 0, 0, 0, 1, 1, 1, 0, 1, 1, 0, 1]",1,010000011101101
"[1, 1, 0, 1, 1, 1, 1, 0, 0, 0, 0, 0, 1, 1, 1]",2,110111100000111
"[1, 1, 0, 1, 1, 1, 1, 1, 0, 0, 1, 0, 1, 0, 0]",1,110111110010100
"[1, 0, 1, 1, 1, 1, 1, 1, 0, 1, 1, 1, 0, 1, 1]",1,101111110111011
"[0, 0, 1, 1, 0, 0, 0, 0, 1, 1, 1, 0, 1, 1, 1]",1,001100001110111
"[0, 0, 0, 0, 0, 0, 0, 1, 1, 0, 1, 0, 0, 1, 0]",1,000000011010010
"[0, 1, 1, 1, 1, 1, 1, 1, 0, 0, 0, 0, 1, 0, 1]",1,011111110000101
"[1, 0, 1, 0, 1, 1, 1, 0, 0, 1, 0, 0, 1, 1, 0]",1,101011100100110
"[0, 0, 1, 1, 0, 0, 0, 0, 1, 1, 0, 0, 0, 1, 1]",1,001100001100011
"[1, 0, 1, 1, 1, 0, 1, 0, 1, 0, 0, 1, 1, 0, 0]",1,101110101001100
"[0, 0, 1, 1, 0, 0, 1, 1, 0, 1, 1, 0, 1, 0, 0]",1,001100110110100
"[1, 1, 0, 1, 0, 0, 0, 0, 1, 0, 0, 1, 0, 1, 0]",1,110100001001010
"[1, 1, 0, 1, 1, 0, 0, 0, 1, 0, 1, 0, 0, 1, 1]",1,110110001010011
"[0, 0, 0, 0, 1, 0, 0, 1, 0, 0, 0, 1, 1, 0, 1]",2,000010010001101
"[0, 0, 0, 0, 1, 1, 1, 1, 1, 1, 1, 1, 1, 0, 1]",1,000011111111101
"[1, 0, 0, 0, 0, 1, 1, 0, 1, 0, 0, 1, 0, 0, 1]",1,100001101001001
"[1, 0, 0, 0, 0, 1, 0, 0, 0, 0, 0, 1, 0, 1, 1]",1,100001000001011
"[0, 1, 0, 0, 1, 1, 0, 1, 0, 1, 1, 0, 1, 0, 1]",1,010011010110101
"[1, 1, 0, 0, 1, 0, 1, 0, 1, 0, 0, 1, 0, 0, 1]",1,110010101001001
"[0, 0, 0, 0, 1, 0, 1, 1, 1, 0, 0, 0, 0, 1, 0]",1,000010111000010
"[0, 0, 1, 1, 0, 0, 0, 0, 0, 1, 1, 1, 0, 0, 1]",1,001100000111001
"[1, 1, 0, 1, 0, 0, 0, 1, 0, 0, 0, 1, 1, 0, 0]",1,110100010001100
"[0, 0, 0, 0, 1, 1, 1, 0, 0, 0, 1, 1, 0, 0, 1]",1,000011100011001
"[1, 0, 1, 1, 0, 1, 0, 1, 1, 0, 1, 1, 0, 0, 0]",1,101101011011000
"[1, 0, 0, 1, 1, 1, 0, 0, 0, 0, 1, 1, 0, 0, 0]",2,100111000011000
"[1, 0, 0, 0, 0, 1, 1, 0, 0, 1, 1, 0, 1, 1, 0]",1,100001100110110
"[1, 1, 0, 1, 0, 1, 0, 0, 1, 0, 0, 0, 1, 0, 1]",1,110101001000101
"[0, 1, 1, 1, 1, 1, 0, 1, 1, 0, 1, 1, 1, 1, 1]",1,011111011011111
"[1, 1, 0, 0, 0, 1, 1, 0, 0, 0, 1, 1, 1, 0, 1]",1,110001100011101
"[0, 0, 1, 0, 1, 1, 1, 1, 0, 1, 0, 1, 0, 0, 0]",1,001011110101000
"[1, 0, 0, 0, 1, 1, 1, 0, 0, 0, 0, 0, 0, 1, 0]",1,100011100000010
"[1, 0, 0, 0, 1, 0, 0, 1, 0, 0, 1, 1, 0, 0, 1]",1,100010010011001
"[1, 0, 0, 0, 1, 0, 1, 0, 1, 1, 1, 1, 0, 1, 1]",1,100010101111011
"[0, 0, 1, 1, 1, 1, 0, 0, 1, 1, 1, 1, 0, 0, 0]",2,001111001111000
"[0, 1, 0, 0, 1, 0, 0, 1, 0, 1, 1, 0, 0, 1, 1]",1,010010010110011
"[1, 0, 0, 1, 0, 0, 1, 1, 0, 0, 1, 0, 1, 0, 0]",1,100100110010100
"[1, 1, 1, 0, 1, 0, 0, 0, 1, 1, 1, 0, 1, 0, 0]",1,111010001110100
"[1, 0, 0, 1, 0, 0, 1, 1, 1, 1, 0, 1, 0, 0, 0]",1,100100111101000
"[0, 1, 1, 0, 0, 0, 1, 1, 1, 0, 0, 0, 1, 1, 1]",1,011000111000111
"[0, 1, 1, 0, 0, 1, 0, 0, 0, 0, 0, 0, 1, 1, 0]",1,011001000000110
"[1, 0, 0, 1, 0, 1, 0, 0, 0, 0, 0, 1, 0, 0, 1]",1,100101000001001
"[0, 1, 0, 0, 0, 1, 0, 0, 1, 0, 0, 0, 1, 0, 1]",1,010001001000101
"[0, 0, 0, 0, 1, 0, 1, 1, 1, 1, 0, 0, 1, 0, 0]",1,000010111100100
"[1, 0, 0, 1, 1, 1, 0, 1, 1, 0, 1, 0, 0, 1, 1]",1,100111011010011
"[1, 0, 0, 1, 1, 0, 1, 1, 0, 1, 0, 0, 1, 0, 0]",1,100110110100100
"[1, 1, 0, 0, 1, 1, 0, 0, 1, 1, 1, 0, 1, 1, 1]",1,110011001110111
"[0, 0, 1, 1, 1, 1, 0, 1, 0, 1, 0, 0, 1, 1, 0]",1,001111010100110
"[0, 1, 1, 0, 0, 0, 0, 0, 1, 0, 1, 0, 1, 1, 1]",1,011000001010111
"[1, 0, 1, 0, 0, 1, 0, 1, 1, 1, 0, 0, 0, 0, 1]",1,101001011100001
"[0, 1, 0, 0, 0, 0, 1, 0, 0, 1, 0, 1, 0, 0, 1]",1,010000100101001
"[1, 0, 1, 1, 1, 1, 0, 0, 1, 1, 1, 0, 1, 0, 1]",1,101111001110101
"[0, 0, 1, 1, 1, 1, 1, 1, 1, 1, 0, 1, 0, 0, 0]",1,001111111101000
"[1, 1, 0, 0, 0, 1, 0, 1, 1, 1, 1, 0, 0, 0, 1]",1,110001011110001
"[1, 1, 0, 0, 0, 1, 0, 1, 1, 0, 0, 0, 0, 0, 1]",1,110001011000001
"[1, 0, 1, 1, 1, 1, 1, 0, 1, 1, 1, 0, 0, 1, 1]",2,101111101110011
"[1, 0, 0, 1, 0, 1, 0, 1, 1, 0, 0, 0, 1, 0, 1]",1,100101011000101
"[1, 1, 1, 0, 0, 0, 0, 0, 1, 0, 1, 0, 1, 0, 0]",1,111000001010100
"[0, 0, 1, 1, 0, 1, 0, 1, 1, 1, 1, 1, 0, 0, 0]",1,001101011111000
"[1, 0, 0, 0, 0, 0, 1, 1, 1, 1, 0, 1, 0, 1, 0]",1,100000111101010
"[1, 0, 0, 0, 0, 1, 0, 0, 1, 0, 1, 1, 1, 1, 1]",1,100001001011111
"[0, 0, 1, 1, 0, 0, 0, 1, 1, 0, 0, 0, 0, 1, 0]",1,001100011000010
"[1, 0, 1, 1, 1, 1, 1, 1, 0, 0, 0, 0, 1, 1, 0]",1,101111110000110
"[0, 0, 1, 1, 1, 1, 0, 1, 0, 1, 1, 0, 0, 1, 0]",1,001111010110010
"[1, 1, 0, 0, 1, 1, 0, 1, 0, 0, 1, 1, 0, 1, 0]",1,110011010011010
"[1, 1, 0, 0, 1, 0, 1, 0, 1, 1, 1, 1, 0, 1, 1]",1,110010101111011
"[1, 1, 0, 1, 1, 0, 0, 0, 0, 0, 0, 1, 0, 1, 1]",1,110110000001011
"[0, 1, 1, 0, 1, 0, 0, 0, 1, 0, 1, 1, 0, 0, 1]",1,011010001011001
"[1, 1, 1, 1, 0, 1, 1, 1, 1, 0, 0, 1, 0, 0, 0]",1,111101111001000
"[1, 1, 0, 1, 0, 1, 0, 1, 1, 0, 0, 1, 0, 0, 0]",2,110101011001000
"[0, 1, 1, 0, 0, 0, 0, 0, 0, 0, 0, 0, 0, 0, 0]",1,011000000000000
"[1, 1, 1, 0, 1, 1, 0, 0, 1, 1, 1, 0, 1, 1, 0]",1,111011001110110
"[1, 0, 1, 1, 1, 0, 1, 1, 1, 0, 0, 0, 1, 1, 0]",1,101110111000110
"[0, 1, 0, 1, 1, 0, 0, 1, 1, 0, 0, 0, 1, 1, 0]",1,010110011000110
"[0, 0, 0, 1, 1, 1, 0, 1, 1, 0, 1, 0, 1, 1, 0]",1,000111011010110
"[1, 1, 1, 1, 1, 1, 0, 1, 1, 1, 0, 0, 0, 0, 1]",1,111111011100001
"[1, 0, 1, 0, 1, 1, 1, 0, 0, 1, 1, 1, 0, 1, 1]",1,101011100111011
"[0, 0, 0, 0, 0, 0, 1, 0, 0, 1, 1, 1, 1, 0, 1]",1,000000100111101
"[1, 1, 0, 1, 0, 1, 0, 0, 1, 1, 0, 1, 1, 1, 0]",1,110101001101110
"[1, 0, 0, 0, 0, 1, 1, 0, 0, 1, 0, 0, 0, 1, 0]",1,100001100100010
"[1, 1, 1, 0, 0, 1, 0, 1, 0, 0, 0, 1, 0, 0, 0]",1,111001010001000
"[0, 0, 0, 1, 1, 1, 0, 1, 0, 0, 0, 1, 0, 0, 1]",1,000111010001001
"[1, 0, 0, 0, 1, 0, 0, 0, 0, 0, 1, 0, 0, 0, 1]",1,100010000010001
"[1, 1, 0, 0, 1, 1, 1, 0, 0, 0, 0, 0, 0, 1, 1]",1,110011100000011
"[0, 1, 0, 0, 0, 0, 1, 1, 0, 0, 0, 1, 0, 0, 0]",1,010000110001000
"[1, 0, 0, 0, 0, 1, 1, 0, 1, 1, 1, 1, 1, 1, 1]",1,100001101111111
"[0, 1, 1, 1, 1, 1, 0, 1, 0, 1, 1, 1, 0, 0, 1]",1,011111010111001
"[0, 1, 0, 0, 0, 1, 0, 0, 0, 0, 1, 1, 1, 0, 1]",1,010001000011101
"[1, 1, 1, 1, 1, 0, 0, 0, 1, 1, 0, 1, 1, 1, 0]",1,111110001101110
"[0, 0, 0, 0, 1, 0, 1, 1, 0, 1, 1, 1, 1, 1, 0]",1,000010110111110
"[0, 1, 1, 0, 1, 1, 0, 0, 1, 1, 1, 0, 1, 1, 0]",1,011011001110110
"[1, 0, 0, 1, 0, 1, 0, 0, 1, 1, 0, 0, 0, 0, 1]",1,100101001100001
"[1, 1, 1, 0, 0, 1, 0, 1, 1, 0, 1, 1, 0, 1, 1]",1,111001011011011
"[0, 1, 0, 0, 1, 1, 0, 1, 1, 0, 1, 1, 0, 1, 1]",1,010011011011011
"[1, 1, 1, 0, 0, 1, 0, 0, 1, 0, 0, 1, 1, 0, 1]",1,111001001001101
"[1, 1, 0, 1, 1, 1, 1, 1, 0, 1, 0, 0, 0, 1, 0]",1,110111110100010
"[0, 1, 0, 1, 1, 1, 0, 1, 1, 0, 0, 0, 1, 0, 1]",1,010111011000101
"[1, 1, 0, 1, 1, 1, 0, 0, 1, 1, 0, 0, 0, 1, 0]",1,110111001100010
"[0, 1, 1, 1, 1, 0, 0, 0, 0, 1, 1, 1, 1, 0, 1]",1,011110000111101
"[0, 0, 0, 0, 0, 1, 1, 1, 1, 1, 0, 0, 1, 1, 1]",1,000001111100111
"[1, 1, 1, 0, 0, 0, 0, 1, 1, 1, 1, 0, 0, 0, 0]",1,111000011110000
"[0, 1, 1, 0, 0, 1, 0, 0, 0, 1, 1, 1, 1, 1, 1]",1,011001000111111
"[0, 1, 0, 0, 0, 1, 0, 0, 0, 0, 1, 1, 0, 1, 0]",1,010001000011010
"[0, 0, 0, 1, 1, 1, 1, 1, 1, 0, 0, 0, 1, 1, 1]",1,000111111000111
"[1, 0, 0, 0, 0, 1, 1, 0, 1, 0, 0, 0, 0, 1, 0]",1,100001101000010
"[1, 1, 1, 0, 1, 1, 0, 0, 1, 0, 0, 0, 0, 1, 1]",1,111011001000011
"[0, 0, 1, 0, 1, 0, 0, 0, 0, 0, 1, 0, 1, 1, 0]",1,001010000010110
"[1, 0, 0, 1, 1, 1, 1, 0, 0, 0, 0, 1, 1, 1, 0]",1,100111100001110
"[0, 1, 0, 0, 0, 1, 0, 1, 1, 1, 1, 0, 0, 1, 0]",1,010001011110010
"[0, 1, 1, 1, 1, 1, 0, 0, 0, 1, 0, 0, 1, 1, 1]",1,011111000100111
"[0, 1, 0, 0, 1, 1, 1, 0, 1, 0, 0, 0, 0, 1, 1]",1,010011101000011
"[1, 1, 1, 1, 0, 1, 1, 0, 1, 0, 1, 0, 0, 0, 0]",1,111101101010000
"[0, 0, 1, 0, 0, 0, 1, 0, 1, 0, 1, 0, 0, 0, 0]",1,001000101010000
"[1, 1, 0, 0, 1, 0, 1, 1, 1, 0, 0, 1, 1, 1, 1]",1,110010111001111
"[1, 1, 1, 1, 0, 1, 0, 0, 1, 1, 0, 1, 1, 0, 1]",1,111101001101101
"[0, 0, 1, 0, 0, 1, 0, 0, 0, 1, 1, 1, 0, 1, 1]",1,001001000111011
"[0, 0, 0, 0, 0, 0, 1, 1, 0, 0, 0, 1, 1, 0, 1]",1,000000110001101
"[1, 1, 1, 0, 0, 1, 1, 0, 0, 0, 0, 0, 0, 0, 1]",1,111001100000001
"[0, 0, 0, 0, 1, 1, 0, 0, 1, 1, 1, 1, 1, 0, 0]",2,000011001111100
"[1, 0, 0, 1, 0, 1, 1, 1, 1, 0, 0, 1, 0, 1, 1]",1,100101111001011
"[1, 0, 1, 0, 0, 0, 1, 0, 0, 1, 1, 1, 0, 0, 0]",1,101000100111000
"[1, 0, 1, 0, 0, 1, 0, 0, 0, 0, 0, 0, 1, 0, 0]",1,101001000000100
"[0, 1, 0, 0, 0, 1, 1, 1, 1, 1, 0, 0, 1, 0, 1]",1,010001111100101
"[1, 0, 1, 0, 1, 0, 0, 0, 1, 0, 0, 1, 0, 0, 1]",1,101010001001001
"[0, 0, 1, 0, 0, 0, 1, 0, 1, 0, 1, 0, 0, 1, 0]",1,001000101010010
"[0, 0, 0, 1, 1, 0, 1, 1, 1, 0, 1, 0, 1, 1, 1]",1,000110111010111
"[0, 0, 0, 1, 0, 0, 1, 1, 0, 1, 1, 0, 0, 0, 0]",1,000100110110000
"[0, 0, 1, 1, 1, 0, 1, 1, 0, 1, 0, 1, 0, 0, 0]",1,001110110101000
"[0, 1, 0, 0, 1, 0, 1, 1, 1, 0, 1, 0, 0, 1, 0]",1,010010111010010
"[1, 1, 0, 1, 1, 1, 1, 1, 1, 0, 0, 0, 0, 0, 1]",1,110111111000001
"[1, 1, 1, 0, 1, 1, 1, 0, 1, 1, 1, 0, 0, 0, 0]",1,111011101110000
"[1, 1, 0, 1, 1, 0, 1, 0, 0, 0, 1, 0, 0, 1, 0]",1,110110100010010
"[1, 0, 0, 0, 1, 1, 1, 0, 1, 1, 0, 1, 1, 0, 1]",1,100011101101101
"[0, 0, 1, 0, 1, 0, 1, 1, 1, 0, 0, 0, 1, 0, 1]",1,001010111000101
"[0, 0, 1, 1, 1, 1, 1, 1, 1, 0, 1, 1, 1, 1, 1]",1,001111111011111
"[1, 1, 1, 0, 0, 1, 1, 0, 0, 0, 1, 0, 0, 1, 1]",1,111001100010011
"[0, 1, 0, 1, 0, 0, 1, 1, 0, 0, 1, 0, 1, 0, 0]",1,010100110010100
"[1, 1, 0, 0, 1, 1, 0, 0, 0, 0, 0, 1, 1, 0, 0]",1,110011000001100
"[1, 1, 0, 1, 1, 0, 0, 1, 0, 0, 1, 0, 0, 0, 1]",1,110110010010001
"[1, 0, 1, 1, 1, 1, 0, 0, 1, 0, 0, 1, 1, 1, 1]",1,101111001001111
"[0, 1, 0, 1, 1, 0, 0, 0, 0, 1, 0, 1, 1, 1, 0]",1,010110000101110
"[1, 0, 0, 0, 0, 0, 1, 1, 1, 0, 1, 0, 1, 1, 1]",1,100000111010111
"[0, 0, 1, 0, 1, 0, 0, 0, 1, 0, 0, 0, 0, 1, 0]",1,001010001000010
"[1, 1, 0, 0, 0, 1, 1, 1, 0, 1, 0, 0, 0, 0, 1]",1,110001110100001
"[1, 1, 0, 1, 1, 1, 0, 0, 0, 0, 1, 1, 0, 0, 1]",1,110111000011001
"[0, 0, 0, 0, 1, 1, 1, 1, 0, 0, 0, 0, 0, 1, 0]",1,000011110000010
"[0, 1, 0, 1, 1, 1, 1, 1, 1, 1, 0, 1, 0, 1, 1]",1,010111111101011
"[1, 0, 0, 0, 0, 1, 0, 1, 0, 1, 1, 1, 0, 1, 0]",1,100001010111010
"[0, 1, 1, 0, 1, 1, 0, 0, 1, 0, 0, 1, 1, 1, 0]",1,011011001001110
"[0, 0, 1, 1, 1, 1, 1, 1, 1, 1, 0, 0, 1, 0, 0]",1,001111111100100
"[1, 0, 1, 1, 1, 0, 0, 0, 0, 0, 1, 0, 0, 1, 1]",1,101110000010011
"[0, 0, 0, 1, 0, 1, 0, 1, 1, 0, 0, 0, 0, 0, 0]",1,000101011000000
"[0, 0, 0, 0, 0, 1, 0, 1, 0, 1, 1, 1, 1, 1, 0]",1,000001010111110
"[1, 0, 0, 0, 1, 0, 0, 0, 1, 1, 1, 0, 1, 0, 0]",1,100010001110100
"[1, 0, 1, 0, 1, 0, 0, 0, 0, 0, 1, 1, 0, 0, 1]",1,101010000011001
"[1, 0, 1, 0, 0, 0, 1, 1, 0, 1, 1, 1, 1, 1, 0]",2,101000110111110
"[1, 1, 1, 1, 0, 1, 1, 1, 1, 1, 1, 0, 0, 0, 0]",1,111101111110000
"[1, 0, 0, 0, 0, 1, 0, 1, 1, 1, 0, 0, 1, 0, 0]",1,100001011100100
"[0, 0, 0, 0, 0, 1, 1, 1, 1, 0, 1, 1, 0, 0, 0]",1,000001111011000
"[0, 0, 0, 0, 1, 1, 0, 1, 1, 0, 0, 0, 0, 0, 0]",1,000011011000000
"[0, 1, 0, 1, 1, 0, 0, 1, 1, 0, 0, 0, 1, 1, 1]",1,010110011000111
"[0, 0, 0, 1, 1, 1, 1, 0, 1, 1, 0, 0, 1, 0, 1]",1,000111101100101
"[0, 1, 0, 1, 1, 1, 0, 1, 0, 0, 1, 1, 1, 1, 1]",1,010111010011111
"[0, 0, 0, 0, 1, 1, 0, 1, 0, 0, 1, 1, 1, 0, 1]",1,000011010011101
"[1, 1, 1, 1, 0, 1, 1, 1, 0, 0, 1, 1, 1, 0, 1]",1,111101110011101
"[0, 1, 1, 0, 0, 0, 0, 0, 1, 1, 1, 0, 1, 1, 1]",1,011000001110111
"[0, 1, 0, 1, 1, 1, 0, 0, 0, 0, 0, 0, 1, 0, 1]",1,010111000000101
"[0, 0, 1, 0, 0, 0, 1, 1, 0, 1, 0, 1, 1, 1, 1]",1,001000110101111
"[0, 0, 1, 0, 1, 1, 0, 0, 0, 1, 1, 1, 1, 0, 1]",1,001011000111101
"[1, 0, 0, 0, 1, 1, 0, 1, 1, 0, 0, 1, 0, 0, 1]",1,100011011001001
"[0, 0, 1, 0, 0, 0, 1, 1, 0, 1, 1, 1, 1, 0, 1]",1,001000110111101
"[1, 0, 0, 0, 1, 0, 0, 0, 1, 0, 1, 1, 1, 1, 0]",1,100010001011110
"[0, 0, 0, 0, 0, 0, 0, 0, 0, 1, 0, 1, 1, 1, 1]",1,000000000101111
"[1, 1, 1, 1, 1, 1, 0, 1, 0, 1, 0, 1, 0, 1, 1]",2,111111010101011
"[1, 0, 0, 0, 0, 1, 1, 0, 1, 1, 0, 1, 0, 0, 1]",1,100001101101001
"[1, 1, 1, 1, 1, 0, 1, 0, 0, 1, 1, 1, 0, 1, 0]",1,111110100111010
"[1, 0, 1, 1, 0, 1, 0, 0, 1, 1, 0, 0, 1, 0, 0]",1,101101001100100
"[1, 1, 1, 1, 1, 1, 0, 1, 1, 1, 0, 1, 1, 1, 1]",1,111111011101111
"[1, 0, 0, 0, 1, 1, 0, 1, 1, 0, 1, 0, 1, 1, 1]",1,100011011010111
"[1, 1, 0, 1, 1, 0, 1, 0, 1, 0, 1, 1, 0, 0, 0]",1,110110101011000
"[1, 1, 1, 1, 1, 0, 0, 1, 1, 0, 1, 1, 0, 0, 0]",1,111110011011000
"[1, 0, 0, 1, 0, 1, 1, 1, 1, 0, 0, 0, 0, 1, 1]",1,100101111000011
"[1, 1, 1, 0, 0, 0, 1, 1, 1, 0, 1, 1, 0, 0, 1]",1,111000111011001
"[0, 0, 0, 0, 0, 1, 0, 0, 1, 1, 1, 1, 1, 0, 0]",1,000001001111100
"[1, 1, 0, 1, 0, 0, 1, 1, 1, 0, 0, 0, 0, 1, 1]",1,110100111000011
"[1, 0, 0, 0, 0, 0, 1, 1, 0, 1, 1, 1, 1, 1, 1]",1,100000110111111
"[1, 0, 0, 1, 0, 1, 1, 1, 0, 0, 1, 1, 0, 0, 1]",1,100101110011001
"[0, 1, 1, 1, 0, 0, 0, 0, 1, 0, 0, 1, 0, 0, 1]",1,011100001001001
"[1, 1, 0, 1, 1, 1, 1, 0, 0, 1, 1, 0, 0, 1, 0]",1,110111100110010
"[1, 0, 1, 0, 1, 0, 1, 1, 0, 0, 1, 0, 0, 0, 1]",1,101010110010001
"[0, 0, 1, 0, 1, 1, 1, 0, 1, 1, 0, 1, 0, 1, 0]",1,001011101101010
"[0, 1, 1, 1, 1, 1, 1, 1, 1, 0, 1, 1, 0, 0, 0]",2,011111111011000
"[0, 0, 0, 0, 1, 0, 0, 0, 0, 1, 0, 0, 1, 1, 1]",1,000010000100111
"[0, 0, 1, 0, 1, 1, 1, 0, 0, 0, 1, 0, 1, 1, 0]",1,001011100010110
"[1, 0, 1, 0, 1, 0, 0, 1, 0, 1, 1, 1, 0, 0, 1]",1,101010010111001
"[1, 1, 1, 1, 0, 1, 0, 0, 1, 1, 0, 0, 1, 0, 1]",1,111101001100101
"[0, 0, 0, 0, 1, 0, 1, 1, 1, 1, 0, 0, 0, 1, 1]",2,000010111100011
"[0, 1, 0, 0, 1, 0, 1, 0, 1, 1, 0, 1, 0, 1, 0]",1,010010101101010
"[0, 1, 0, 1, 0, 0, 1, 0, 0, 1, 0, 1, 1, 0, 1]",1,010100100101101
"[1, 0, 1, 1, 0, 0, 1, 1, 0, 1, 0, 1, 0, 0, 0]",1,101100110101000
"[1, 1, 1, 1, 0, 0, 1, 0, 1, 1, 0, 0, 1, 0, 1]",1,111100101100101
"[0, 1, 0, 1, 1, 1, 0, 1, 1, 1, 1, 1, 1, 0, 0]",1,010111011111100
"[1, 0, 0, 0, 0, 1, 1, 0, 0, 0, 1, 0, 1, 0, 0]",1,100001100010100
"[1, 0, 0, 1, 1, 0, 0, 1, 1, 1, 0, 1, 1, 1, 1]",1,100110011101111
"[1, 1, 1, 1, 0, 1, 0, 0, 1, 1, 1, 1, 1, 0, 1]",1,111101001111101
"[1, 0, 1, 0, 0, 0, 1, 0, 0, 1, 1, 0, 1, 1, 0]",1,101000100110110
"[0, 1, 0, 1, 0, 1, 0, 0, 0, 0, 1, 0, 0, 0, 1]",1,010101000010001
"[0, 1, 0, 0, 0, 1, 0, 0, 1, 0, 1, 1, 0, 1, 0]",1,010001001011010
"[1, 0, 0, 0, 0, 0, 1, 0, 0, 1, 1, 0, 1, 0, 0]",1,100000100110100
"[1, 1, 0, 1, 1, 1, 0, 0, 1, 0, 1, 1, 1, 0, 0]",1,110111001011100
"[1, 0, 1, 1, 1, 0, 0, 0, 0, 1, 0, 0, 1, 0, 1]",1,101110000100101
"[1, 1, 0, 1, 1, 1, 0, 0, 0, 0, 1, 0, 0, 1, 1]",1,110111000010011
"[0, 1, 0, 0, 1, 0, 0, 0, 1, 1, 0, 0, 1, 0, 1]",1,010010001100101
"[1, 0, 1, 0, 0, 1, 1, 0, 0, 1, 0, 0, 1, 0, 0]",1,101001100100100
"[0, 0, 1, 0, 0, 1, 1, 1, 0, 0, 0, 1, 0, 1, 1]",1,001001110001011
"[1, 0, 0, 1, 0, 0, 1, 1, 1, 0, 0, 0, 1, 1, 0]",1,100100111000110
"[0, 1, 0, 1, 0, 0, 0, 1, 0, 0, 0, 1, 0, 0, 0]",1,010100010001000
"[1, 0, 0, 0, 1, 1, 0, 0, 0, 0, 1, 1, 0, 1, 0]",2,100011000011010
"[1, 0, 1, 1, 0, 1, 1, 1, 1, 0, 1, 0, 1, 0, 1]",1,101101111010101
"[0, 0, 0, 0, 1, 1, 1, 0, 1, 0, 0, 1, 0, 0, 1]",1,000011101001001
"[1, 0, 0, 1, 0, 1, 1, 0, 1, 1, 1, 1, 0, 1, 0]",1,100101101111010
"[1, 1, 1, 1, 1, 1, 0, 1, 1, 0, 0, 1, 1, 0, 1]",1,111111011001101
"[0, 1, 0, 1, 0, 0, 0, 1, 1, 1, 1, 1, 1, 1, 0]",1,010100011111110
"[1, 1, 0, 0, 0, 1, 1, 0, 0, 1, 0, 0, 1, 1, 0]",1,110001100100110
"[1, 1, 0, 0, 0, 0, 0, 1, 0, 1, 1, 1, 1, 0, 0]",1,110000010111100
"[1, 0, 0, 1, 0, 1, 0, 1, 1, 0, 0, 1, 1, 0, 1]",1,100101011001101
"[1, 0, 1, 1, 1, 0, 1, 0, 1, 1, 1, 0, 0, 1, 0]",1,101110101110010
"[1, 0, 0, 1, 1, 0, 0, 0, 0, 0, 0, 0, 1, 1, 0]",1,100110000000110
"[0, 1, 0, 1, 0, 1, 0, 1, 1, 0, 0, 1, 0, 1, 1]",1,010101011001011
"[0, 0, 0, 1, 1, 1, 1, 1, 1, 0, 0, 0, 1, 1, 0]",1,000111111000110
"[1, 0, 1, 0, 1, 0, 1, 1, 1, 0, 1, 1, 1, 1, 1]",1,101010111011111
"[0, 1, 0, 0, 1, 0, 0, 1, 0, 0, 1, 1, 0, 1, 1]",1,010010010011011
"[1, 1, 0, 1, 0, 0, 0, 0, 0, 1, 0, 1, 0, 0, 0]",1,110100000101000
"[1, 1, 1, 0, 0, 0, 1, 0, 0, 0, 1, 1, 1, 0, 1]",2,111000100011101
"[0, 0, 1, 1, 1, 1, 0, 0, 1, 0, 0, 1, 0, 1, 1]",1,001111001001011
"[0, 1, 0, 1, 0, 0, 0, 1, 1, 1, 0, 0, 0, 1, 1]",1,010100011100011
"[1, 1, 1, 0, 1, 1, 1, 1, 0, 0, 0, 0, 1, 0, 1]",1,111011110000101
"[1, 0, 1, 0, 1, 1, 1, 0, 1, 0, 1, 1, 0, 0, 1]",1,101011101011001
"[0, 1, 1, 1, 0, 1, 1, 1, 0, 1, 0, 0, 0, 1, 1]",1,011101110100011
"[0, 1, 1, 1, 0, 0, 0, 1, 1, 1, 0, 0, 0, 0, 1]",1,011100011100001
"[0, 0, 0, 1, 0, 1, 0, 0, 1, 0, 0, 1, 0, 0, 1]",1,000101001001001
"[1, 0, 0, 0, 0, 1, 1, 0, 0, 1, 1, 1, 1, 0, 1]",1,100001100111101
"[1, 1, 1, 0, 1, 1, 0, 1, 0, 1, 1, 0, 0, 0, 1]",1,111011010110001
"[1, 1, 0, 1, 0, 1, 0, 1, 0, 0, 0, 1, 0, 0, 1]",1,110101010001001
"[0, 0, 1, 0, 1, 0, 0, 0, 1, 0, 1, 0, 0, 0, 1]",1,001010001010001
"[1, 1, 0, 1, 1, 0, 1, 0, 1, 0, 1, 1, 0, 1, 0]",1,110110101011010
"[0, 1, 0, 0, 1, 1, 0, 0, 1, 1, 0, 1, 0, 1, 1]",1,010011001101011
"[0, 1, 0, 1, 0, 0, 1, 1, 0, 1, 1, 0, 1, 1, 1]",1,010100110110111
"[0, 0, 0, 1, 0, 1, 0, 1, 1, 1, 1, 1, 1, 1, 1]",2,000101011111111
"[1, 0, 1, 0, 1, 1, 1, 1, 1, 1, 0, 0, 1, 1, 0]",1,101011111100110
"[1, 0, 0, 1, 0, 0, 0, 0, 1, 1, 1, 0, 0, 1, 1]",1,100100001110011
"[1, 0, 1, 0, 0, 0, 1, 1, 1, 0, 1, 0, 0, 0, 0]",1,101000111010000
"[1, 0, 1, 1, 1, 1, 1, 0, 0, 1, 1, 1, 0, 1, 0]",1,101111100111010
"[1, 1, 1, 0, 0, 0, 0, 1, 1, 1, 1, 1, 1, 1, 0]",1,111000011111110
"[1, 1, 0, 0, 1, 0, 1, 0, 0, 0, 1, 0, 1, 0, 1]",1,110010100010101
"[1, 1, 0, 1, 1, 0, 1, 1, 0, 0, 1, 0, 1, 0, 1]",1,110110110010101
"[0, 0, 1, 0, 0, 0, 1, 1, 0, 1, 1, 0, 1, 0, 0]",1,001000110110100
"[1, 0, 1, 0, 1, 1, 0, 1, 0, 0, 1, 1, 0, 0, 1]",1,101011010011001
"[0, 0, 1, 0, 1, 0, 0, 1, 0, 1, 0, 1, 0, 1, 0]",1,001010010101010
"[1, 1, 1, 1, 1, 0, 0, 0, 1, 1, 1, 1, 0, 0, 1]",1,111110001111001
"[0, 1, 1, 1, 1, 1, 1, 1, 1, 0, 1, 1, 1, 1, 0]",1,011111111011110
"[0, 1, 1, 0, 1, 1, 1, 1, 0, 0, 1, 0, 0, 1, 1]",1,011011110010011
"[1, 0, 1, 0, 0, 1, 0, 0, 1, 0, 0, 0, 1, 1, 0]",1,101001001000110
"[1, 0, 1, 1, 0, 1, 0, 0, 1, 0, 1, 0, 1, 1, 0]",1,101101001010110
"[1, 0, 1, 0, 0, 0, 0, 0, 0, 0, 0, 1, 0, 1, 0]",1,101000000001010
"[1, 0, 1, 0, 0, 0, 1, 0, 0, 1, 0, 0, 0, 0, 0]",1,101000100100000
"[0, 0, 1, 0, 0, 0, 1, 0, 0, 0, 0, 0, 1, 1, 0]",1,001000100000110
"[1, 0, 0, 0, 1, 0, 0, 0, 0, 0, 0, 0, 1, 0, 1]",1,100010000000101
"[0, 0, 0, 1, 0, 0, 0, 1, 0, 0, 0, 1, 1, 1, 1]",1,000100010001111
"[1, 1, 1, 0, 0, 0, 0, 1, 1, 0, 0, 0, 1, 1, 1]",1,111000011000111
"[0, 0, 0, 0, 0, 1, 1, 0, 0, 1, 0, 1, 0, 1, 0]",1,000001100101010
"[0, 1, 0, 1, 0, 0, 0, 1, 1, 1, 1, 1, 0, 1, 0]",1,010100011111010
"[0, 0, 0, 1, 1, 0, 0, 0, 1, 1, 0, 1, 1, 1, 0]",1,000110001101110
"[1, 0, 0, 1, 1, 1, 1, 1, 0, 1, 0, 1, 1, 1, 1]",1,100111110101111
"[0, 0, 0, 0, 0, 0, 1, 0, 0, 1, 1, 1, 1, 0, 0]",1,000000100111100
"[1, 1, 0, 1, 0, 1, 1, 0, 1, 1, 1, 1, 0, 1, 1]",1,110101101111011
"[0, 1, 1, 0, 0, 0, 0, 0, 0, 1, 1, 1, 1, 0, 0]",1,011000000111100
"[1, 0, 1, 0, 1, 1, 0, 1, 1, 1, 1, 1, 0, 0, 1]",1,101011011111001
"[1, 1, 1, 0, 0, 0, 0, 0, 0, 0, 0, 0, 1, 0, 0]",1,111000000000100
"[0, 1, 0, 0, 0, 0, 0, 1, 0, 1, 1, 1, 0, 0, 1]",1,010000010111001
"[1, 0, 1, 0, 0, 0, 1, 0, 0, 0, 0, 0, 0, 1, 1]",1,101000100000011
"[0, 0, 0, 1, 0, 1, 1, 1, 0, 1, 0, 0, 1, 1, 0]",1,000101110100110
"[1, 0, 1, 0, 0, 1, 0, 0, 0, 1, 1, 0, 1, 1, 1]",1,101001000110111
"[1, 1, 1, 0, 0, 0, 1, 1, 0, 0, 0, 0, 0, 0, 1]",1,111000110000001
"[0, 0, 0, 1, 1, 1, 1, 1, 0, 1, 0, 0, 0, 0, 1]",1,000111110100001
"[0, 1, 1, 1, 0, 0, 0, 1, 0, 0, 0, 1, 1, 0, 1]",1,011100010001101
"[0, 1, 0, 0, 1, 1, 0, 0, 1, 1, 1, 0, 0, 1, 0]",1,010011001110010
"[0, 0, 0, 1, 0, 1, 0, 1, 0, 1, 1, 0, 0, 0, 0]",1,000101010110000
"[1, 1, 0, 1, 0, 0, 1, 0, 0, 1, 0, 0, 0, 1, 1]",1,110100100100011
"[1, 1, 0, 1, 0, 1, 1, 1, 1, 0, 0, 0, 0, 1, 0]",1,110101111000010
"[0, 0, 1, 0, 0, 0, 1, 1, 0, 0, 0, 1, 0, 0, 1]",1,001000110001001
"[1, 0, 1, 0, 1, 1, 0, 1, 1, 1, 1, 1, 1, 0, 1]",1,101011011111101
"[0, 0, 1, 0, 1, 0, 1, 1, 0, 0, 0, 1, 1, 0, 0]",1,001010110001100
"[1, 0, 1, 1, 1, 1, 0, 1, 0, 0, 1, 0, 0, 1, 0]",1,101111010010010
"[1, 1, 0, 1, 0, 1, 0, 0, 0, 0, 0, 1, 1, 1, 1]",1,110101000001111
"[0, 0, 1, 1, 0, 1, 0, 1, 1, 1, 0, 0, 0, 1, 1]",1,001101011100011
"[0, 1, 0, 1, 1, 1, 0, 1, 1, 1, 1, 1, 0, 1, 0]",1,010111011111010
"[1, 1, 1, 0, 0, 0, 0, 1, 1, 1, 0, 1, 0, 0, 1]",1,111000011101001
"[1, 0, 0, 0, 0, 0, 0, 0, 0, 0, 1, 0, 0, 0, 0]",1,100000000010000
"[1, 1, 0, 1, 1, 0, 1, 0, 1, 1, 1, 0, 1, 0, 0]",1,110110101110100
"[0, 0, 1, 0, 0, 1, 1, 1, 0, 0, 0, 0, 0, 0, 1]",1,001001110000001
"[1, 1, 0, 0, 1, 0, 1, 1, 0, 1, 0, 1, 1, 1, 0]",1,110010110101110
"[1, 0, 1, 1, 1, 1, 1, 1, 1, 0, 1, 1, 0, 1, 0]",1,101111111011010
"[0, 1, 0, 0, 0, 0, 1, 1, 1, 1, 1, 0, 0, 0, 1]",2,010000111110001
"[0, 1, 0, 1, 0, 1, 0, 1, 1, 0, 1, 1, 1, 1, 1]",1,010101011011111
"[1, 1, 0, 1, 0, 0, 1, 0, 1, 0, 1, 0, 1, 0, 1]",1,110100101010101
"[1, 0, 1, 0, 0, 1, 0, 0, 1, 1, 0, 0, 0, 1, 1]",1,101001001100011
"[0, 1, 0, 1, 0, 0, 0, 0, 1, 0, 0, 1, 0, 1, 1]",1,010100001001011
"[0, 0, 1, 0, 1, 1, 1, 1, 1, 0, 0, 0, 1, 0, 1]",1,001011111000101
"[1, 1, 0, 1, 0, 1, 1, 1, 0, 0, 1, 1, 1, 0, 1]",1,110101110011101
"[1, 0, 1, 0, 0, 1, 1, 1, 0, 0, 1, 0, 0, 0, 0]",1,101001110010000
"[1, 1, 0, 1, 0, 0, 0, 1, 0, 1, 1, 1, 1, 0, 1]",1,110100010111101
"[1, 1, 0, 1, 1, 0, 0, 0, 0, 1, 0, 1, 1, 0, 0]",1,110110000101100
"[1, 1, 0, 1, 1, 1, 1, 1, 0, 1, 1, 1, 0, 0, 1]",1,110111110111001
"[1, 1, 1, 1, 1, 1, 0, 1, 1, 0, 1, 1, 1, 0, 0]",1,111111011011100
"[1, 0, 1, 0, 0, 0, 1, 0, 1, 1, 1, 1, 0, 0, 1]",1,101000101111001
"[1, 1, 0, 0, 0, 0, 1, 1, 1, 1, 0, 1, 1, 1, 0]",1,110000111101110
"[0, 0, 0, 1, 1, 1, 0, 0, 0, 1, 0, 1, 0, 1, 1]",1,000111000101011
"[0, 1, 0, 0, 1, 1, 1, 0, 0, 1, 0, 1, 0, 0, 1]",1,010011100101001
"[1, 0, 1, 1, 1, 1, 1, 0, 0, 0, 0, 1, 1, 1, 0]",1,101111100001110
"[1, 1, 0, 0, 0, 0, 0, 1, 0, 1, 1, 1, 0, 0, 1]",1,110000010111001
"[0, 1, 1, 1, 1, 1, 1, 1, 1, 1, 0, 0, 0, 1, 0]",1,011111111100010
"[0, 0, 1, 1, 0, 1, 0, 0, 1, 0, 1, 1, 0, 1, 0]",1,001101001011010
"[0, 0, 1, 0, 1, 1, 1, 1, 0, 1, 0, 0, 0, 1, 0]",2,001011110100010
"[0, 1, 1, 1, 0, 1, 0, 1, 0, 0, 0, 0, 1, 0, 0]",1,011101010000100
"[0, 0, 1, 1, 0, 0, 1, 1, 0, 1, 0, 0, 1, 0, 0]",1,001100110100100
"[1, 0, 1, 1, 0, 1, 1, 0, 0, 0, 0, 0, 1, 1, 0]",1,101101100000110
"[0, 1, 0, 0, 1, 1, 1, 1, 0, 1, 0, 0, 0, 1, 0]",1,010011110100010
"[1, 0, 0, 1, 1, 0, 1, 1, 1, 1, 0, 0, 0, 1, 0]",1,100110111100010
"[1, 1, 0, 0, 1, 1, 0, 0, 0, 0, 0, 1, 0, 0, 0]",1,110011000001000
"[0, 0, 1, 0, 1, 1, 0, 1, 0, 1, 1, 1, 1, 0, 0]",2,001011010111100
"[0, 0, 0, 0, 0, 1, 1, 1, 1, 1, 0, 1, 1, 1, 1]",1,000001111101111
"[1, 0, 1, 1, 1, 0, 0, 1, 0, 0, 0, 1, 1, 1, 0]",1,101110010001110
"[0, 0, 1, 0, 0, 1, 0, 1, 1, 0, 1, 0, 0, 0, 0]",1,001001011010000
"[1, 0, 1, 1, 1, 1, 1, 0, 1, 0, 0, 1, 1, 0, 1]",1,101111101001101
"[1, 1, 1, 0, 0, 1, 1, 0, 1, 0, 1, 0, 0, 0, 0]",1,111001101010000
"[1, 0, 1, 1, 0, 0, 1, 1, 0, 1, 0, 0, 1, 1, 0]",1,101100110100110
"[1, 1, 1, 1, 0, 0, 0, 0, 0, 1, 0, 1, 1, 1, 0]",1,111100000101110
"[0, 1, 0, 1, 0, 0, 0, 0, 1, 1, 0, 0, 1, 1, 1]",1,010100001100111
"[1, 0, 0, 0, 1, 1, 1, 1, 0, 0, 0, 1, 1, 0, 1]",1,100011110001101
"[1, 1, 0, 1, 1, 0, 0, 0, 1, 1, 1, 0, 0, 1, 0]",1,110110001110010
"[1, 0, 1, 0, 1, 0, 0, 0, 1, 1, 1, 1, 1, 1, 0]",1,101010001111110
"[1, 0, 1, 1, 0, 1, 0, 1, 0, 1, 1, 1, 1, 0, 1]",1,101101010111101
"[1, 0, 0, 1, 1, 1, 1, 1, 1, 0, 1, 0, 1, 1, 0]",1,100111111010110
"[1, 1, 0, 1, 1, 1, 1, 1, 1, 1, 0, 0, 1, 0, 1]",1,110111111100101
"[1, 0, 1, 0, 0, 1, 0, 0, 0, 1, 1, 1, 0, 0, 0]",1,101001000111000
"[1, 1, 1, 1, 1, 0, 0, 1, 1, 1, 0, 1, 1, 0, 0]",1,111110011101100
"[1, 1, 1, 0, 1, 1, 0, 0, 1, 1, 1, 1, 0, 0, 0]",1,111011001111000
"[0, 1, 1, 1, 0, 1, 1, 1, 1, 0, 0, 0, 0, 1, 0]",1,011101111000010
"[1, 0, 0, 0, 0, 1, 1, 1, 0, 1, 1, 1, 1, 1, 0]",1,100001110111110
"[0, 1, 1, 1, 0, 0, 1, 1, 0, 1, 1, 1, 1, 1, 1]",1,011100110111111
"[0, 0, 1, 0, 1, 1, 0, 0, 0, 1, 0, 1, 1, 0, 0]",1,001011000101100
"[0, 1, 0, 0, 0, 0, 1, 1, 1, 0, 1, 1, 1, 0, 0]",1,010000111011100
"[1, 0, 0, 1, 0, 0, 0, 0, 0, 0, 1, 1, 1, 0, 0]",1,100100000011100
"[0, 1, 1, 1, 1, 0, 1, 1, 0, 1, 1, 1, 0, 0, 1]",1,011110110111001
"[0, 0, 1, 0, 1, 1, 0, 0, 0, 1, 0, 0, 1, 0, 1]",1,001011000100101
"[1, 0, 0, 0, 1, 0, 0, 1, 1, 0, 1, 0, 1, 1, 1]",1,100010011010111
"[1, 0, 1, 0, 0, 1, 0, 0, 1, 0, 0, 0, 1, 0, 1]",1,101001001000101
"[1, 1, 0, 1, 1, 0, 0, 0, 0, 0, 1, 1, 0, 1, 0]",1,110110000011010
"[1, 1, 0, 1, 1, 1, 1, 0, 1, 1, 0, 1, 0, 1, 1]",1,110111101101011
"[0, 1, 0, 1, 0, 1, 1, 1, 0, 1, 1, 0, 1, 1, 1]",1,010101110110111
"[0, 0, 0, 0, 1, 1, 1, 1, 1, 0, 0, 0, 1, 1, 1]",1,000011111000111
"[1, 0, 0, 0, 0, 0, 0, 1, 0, 1, 1, 1, 0, 1, 0]",1,100000010111010
"[1, 1, 1, 1, 1, 0, 0, 0, 0, 1, 1, 0, 0, 1, 0]",1,111110000110010
"[0, 0, 0, 1, 1, 0, 0, 1, 0, 0, 0, 0, 1, 1, 0]",1,000110010000110
"[1, 0, 1, 1, 0, 1, 0, 1, 0, 1, 1, 0, 0, 0, 0]",1,101101010110000
"[1, 0, 1, 0, 1, 0, 1, 0, 1, 1, 0, 1, 1, 1, 1]",1,101010101101111
"[0, 0, 1, 1, 1, 1, 0, 0, 0, 0, 0, 1, 1, 0, 0]",1,001111000001100
"[1, 1, 1, 0, 1, 1, 1, 0, 1, 1, 0, 1, 0, 0, 0]",1,111011101101000
"[1, 1, 1, 1, 0, 0, 0, 1, 1, 1, 1, 0, 1, 1, 0]",1,111100011110110
"[1, 1, 0, 1, 0, 1, 1, 1, 1, 0, 0, 1, 0, 1, 0]",1,110101111001010
"[0, 1, 1, 1, 0, 0, 1, 1, 1, 1, 0, 0, 1, 1, 0]",1,011100111100110
"[1, 0, 1, 0, 0, 1, 0, 1, 1, 1, 0, 0, 1, 1, 1]",1,101001011100111
"[1, 0, 1, 1, 1, 0, 1, 0, 0, 1, 0, 0, 1, 1, 1]",1,101110100100111
"[0, 1, 0, 0, 0, 0, 0, 0, 0, 0, 1, 1, 0, 0, 1]",2,010000000011001
"[1, 1, 1, 1, 1, 1, 1, 1, 1, 1, 0, 1, 0, 0, 1]",1,111111111101001
"[1, 1, 1, 0, 0, 1, 0, 0, 1, 1, 1, 1, 1, 1, 0]",1,111001001111110
"[0, 1, 0, 0, 0, 1, 0, 0, 0, 1, 1, 0, 0, 1, 1]",1,010001000110011
"[0, 0, 0, 0, 1, 0, 1, 0, 0, 1, 0, 0, 1, 0, 0]",1,000010100100100
"[1, 0, 1, 1, 0, 1, 1, 1, 0, 0, 0, 1, 1, 1, 1]",1,101101110001111
"[1, 1, 0, 0, 0, 0, 1, 1, 1, 1, 1, 0, 0, 0, 1]",1,110000111110001
"[1, 1, 1, 1, 0, 1, 1, 0, 1, 0, 1, 1, 0, 0, 1]",1,111101101011001
"[1, 1, 1, 0, 0, 0, 0, 0, 1, 1, 1, 0, 0, 1, 1]",1,111000001110011
"[0, 1, 0, 1, 1, 1, 1, 0, 0, 1, 0, 1, 0, 0, 0]",1,010111100101000
"[1, 1, 1, 0, 0, 0, 1, 0, 0, 0, 0, 1, 0, 1, 1]",1,111000100001011
"[1, 0, 1, 1, 0, 1, 1, 1, 1, 0, 1, 0, 1, 0, 0]",1,101101111010100
"[0, 1, 0, 1, 0, 0, 1, 0, 0, 0, 1, 1, 1, 1, 1]",1,010100100011111
"[1, 1, 0, 1, 1, 1, 1, 1, 0, 1, 1, 1, 1, 0, 1]",1,110111110111101
"[1, 1, 0, 1, 0, 0, 0, 1, 1, 1, 1, 0, 1, 0, 1]",1,110100011110101
"[0, 1, 0, 0, 0, 1, 1, 1, 1, 0, 1, 0, 0, 1, 0]",1,010001111010010
"[0, 0, 1, 1, 0, 1, 0, 1, 1, 0, 0, 0, 0, 1, 0]",1,001101011000010
"[1, 0, 0, 0, 1, 1, 1, 1, 1, 0, 1, 1, 1, 0, 1]",1,100011111011101
"[1, 1, 1, 0, 1, 0, 0, 0, 0, 0, 1, 1, 1, 1, 1]",1,111010000011111
"[1, 0, 0, 1, 0, 1, 0, 1, 1, 0, 1, 1, 1, 1, 1]",1,100101011011111
"[1, 1, 0, 1, 0, 1, 1, 1, 0, 1, 0, 1, 1, 0, 0]",1,110101110101100
"[1, 0, 0, 1, 0, 0, 0, 0, 0, 1, 1, 0, 1, 1, 1]",1,100100000110111
"[1, 1, 0, 1, 1, 1, 1, 1, 1, 0, 0, 1, 0, 1, 0]",1,110111111001010
"[1, 0, 0, 1, 0, 0, 1, 0, 0, 0, 0, 0, 0, 1, 1]",1,100100100000011
"[1, 0, 1, 0, 0, 1, 0, 0, 0, 0, 0, 1, 1, 0, 0]",1,101001000001100
"[0, 0, 1, 1, 0, 1, 1, 0, 0, 0, 0, 0, 1, 0, 0]",1,001101100000100
"[1, 1, 1, 1, 1, 1, 1, 1, 1, 0, 1, 0, 0, 1, 1]",1,111111111010011
"[1, 1, 1, 0, 1, 0, 1, 1, 0, 0, 1, 0, 0, 1, 1]",1,111010110010011
"[1, 1, 1, 0, 1, 1, 1, 1, 0, 1, 1, 1, 1, 0, 0]",1,111011110111100
"[1, 0, 0, 0, 0, 0, 0, 1, 0, 1, 0, 1, 0, 0, 1]",1,100000010101001
"[1, 0, 1, 0, 0, 0, 0, 1, 0, 0, 0, 1, 1, 0, 0]",1,101000010001100
"[1, 1, 1, 1, 0, 0, 1, 1, 1, 1, 1, 0, 0, 0, 1]",1,111100111110001
"[0, 0, 1, 1, 1, 1, 0, 1, 0, 1, 1, 1, 0, 1, 1]",1,001111010111011
"[1, 1, 0, 0, 0, 0, 1, 0, 1, 0, 0, 0, 0, 0, 0]",1,110000101000000
"[1, 1, 0, 1, 0, 1, 1, 0, 1, 1, 0, 1, 1, 1, 1]",1,110101101101111
"[1, 0, 1, 1, 0, 1, 0, 1, 0, 1, 1, 0, 1, 0, 1]",1,101101010110101
"[1, 1, 0, 0, 0, 0, 0, 1, 0, 0, 1, 1, 0, 1, 1]",1,110000010011011
"[1, 0, 0, 0, 0, 1, 0, 1, 0, 1, 1, 1, 0, 0, 1]",1,100001010111001
"[1, 0, 1, 1, 0, 1, 1, 1, 1, 0, 1, 1, 0, 0, 1]",2,101101111011001
"[1, 0, 1, 1, 0, 1, 0, 0, 0, 0, 1, 1, 0, 0, 1]",1,101101000011001
"[1, 1, 0, 0, 0, 1, 0, 1, 1, 0, 1, 0, 0, 1, 0]",1,110001011010010
"[0, 1, 0, 1, 0, 1, 1, 1, 1, 1, 0, 0, 0, 0, 0]",1,010101111100000
"[0, 1, 0, 0, 1, 0, 0, 1, 0, 1, 0, 0, 1, 1, 1]",1,010010010100111
"[1, 0, 1, 1, 0, 0, 0, 1, 1, 0, 0, 1, 0, 0, 0]",1,101100011001000
"[1, 1, 0, 1, 0, 1, 0, 0, 1, 0, 1, 0, 0, 1, 1]",1,110101001010011
"[0, 1, 1, 0, 0, 1, 1, 1, 0, 0, 1, 0, 1, 1, 0]",1,011001110010110
"[0, 0, 1, 0, 0, 0, 1, 1, 0, 1, 0, 0, 1, 1, 1]",1,001000110100111
"[0, 0, 1, 0, 1, 1, 0, 0, 1, 1, 1, 0, 1, 1, 1]",1,001011001110111
"[0, 1, 1, 1, 0, 0, 1, 0, 1, 1, 1, 1, 1, 1, 1]",1,011100101111111
"[1, 1, 1, 0, 1, 0, 1, 0, 0, 1, 0, 1, 0, 1, 0]",1,111010100101010
"[1, 1, 0, 0, 0, 0, 0, 0, 1, 0, 1, 1, 1, 1, 0]",1,110000001011110
"[1, 0, 1, 0, 1, 0, 0, 1, 1, 1, 1, 0, 0, 0, 0]",1,101010011110000
"[0, 0, 1, 1, 1, 0, 1, 0, 1, 0, 0, 0, 1, 0, 1]",2,001110101000101
"[1, 1, 1, 1, 0, 0, 1, 1, 0, 0, 0, 0, 0, 0, 1]",1,111100110000001
"[1, 1, 0, 0, 1, 1, 0, 0, 0, 1, 1, 1, 0, 1, 1]",1,110011000111011
"[1, 1, 0, 0, 1, 1, 0, 1, 0, 1, 0, 1, 0, 0, 0]",1,110011010101000
"[0, 1, 1, 0, 1, 0, 1, 1, 0, 0, 1, 1, 1, 1, 0]",1,011010110011110
"[0, 0, 1, 1, 0, 0, 1, 1, 1, 0, 1, 1, 0, 1, 0]",1,001100111011010
"[1, 0, 0, 1, 0, 1, 0, 0, 0, 1, 1, 0, 1, 0, 0]",1,100101000110100
"[0, 1, 1, 0, 1, 1, 0, 0, 1, 1, 1, 1, 1, 1, 0]",1,011011001111110
"[1, 0, 0, 0, 1, 1, 1, 1, 1, 0, 0, 1, 0, 1, 1]",1,100011111001011
"[1, 0, 0, 0, 1, 1, 1, 0, 1, 1, 0, 1, 0, 0, 1]",1,100011101101001
"[0, 0, 0, 0, 0, 1, 1, 0, 0, 0, 0, 0, 1, 1, 1]",1,000001100000111
"[0, 1, 0, 1, 0, 1, 0, 0, 1, 0, 1, 0, 0, 1, 0]",1,010101001010010
"[1, 0, 0, 0, 0, 0, 0, 1, 0, 1, 0, 0, 0, 1, 0]",1,100000010100010
"[0, 0, 0, 1, 0, 0, 0, 0, 0, 0, 0, 0, 0, 0, 1]",1,000100000000001
"[1, 0, 1, 0, 0, 0, 1, 0, 1, 1, 1, 0, 1, 0, 0]",1,101000101110100
"[0, 1, 0, 1, 1, 1, 1, 1, 1, 0, 1, 1, 1, 1, 0]",1,010111111011110
"[0, 0, 0, 0, 0, 0, 1, 1, 0, 1, 1, 0, 1, 0, 0]",1,000000110110100
"[1, 0, 1, 0, 0, 0, 1, 1, 0, 1, 0, 0, 0, 1, 0]",1,101000110100010
"[1, 0, 0, 1, 1, 1, 0, 1, 0, 0, 0, 0, 0, 1, 1]",2,100111010000011
"[0, 0, 1, 0, 1, 0, 0, 0, 0, 0, 1, 0, 0, 0, 1]",1,001010000010001
"[0, 1, 1, 1, 0, 1, 0, 1, 0, 1, 0, 1, 1, 1, 1]",1,011101010101111
"[1, 1, 1, 0, 1, 0, 0, 0, 0, 1, 1, 1, 1, 0, 1]",1,111010000111101
"[0, 0, 1, 1, 1, 1, 1, 0, 0, 0, 0, 0, 0, 0, 1]",1,001111100000001
"[0, 0, 1, 1, 1, 0, 1, 1, 0, 0, 0, 0, 0, 0, 1]",1,001110110000001
"[0, 1, 0, 0, 1, 1, 0, 0, 1, 0, 1, 0, 0, 0, 0]",1,010011001010000
"[1, 1, 0, 0, 0, 0, 1, 0, 1, 1, 0, 1, 0, 1, 0]",1,110000101101010
"[0, 1, 0, 1, 1, 0, 1, 1, 1, 1, 1, 1, 0, 1, 0]",2,010110111111010
"[0, 0, 0, 1, 1, 0, 0, 1, 1, 0, 0, 1, 0, 0, 1]",1,000110011001001
"[1, 0, 1, 0, 0, 0, 1, 0, 0, 0, 0, 0, 1, 0, 0]",1,101000100000100
"[0, 0, 1, 1, 1, 1, 1, 1, 1, 1, 1, 1, 0, 0, 0]",1,001111111111000
"[0, 0, 1, 1, 0, 1, 0, 0, 0, 0, 1, 0, 1, 0, 1]",1,001101000010101
"[1, 1, 1, 1, 0, 1, 1, 1, 0, 1, 0, 1, 1, 1, 1]",1,111101110101111
"[1, 0, 0, 1, 0, 0, 0, 1, 0, 0, 1, 0, 1, 0, 0]",1,100100010010100
"[0, 1, 0, 1, 0, 0, 0, 1, 1, 0, 0, 0, 1, 0, 0]",1,010100011000100
"[1, 0, 0, 1, 0, 0, 0, 1, 1, 1, 1, 0, 0, 0, 1]",1,100100011110001
"[0, 0, 0, 0, 1, 0, 1, 1, 1, 0, 1, 0, 0, 0, 1]",1,000010111010001
"[1, 1, 1, 1, 1, 1, 0, 1, 0, 0, 0, 1, 0, 1, 1]",1,111111010001011
"[1, 1, 0, 1, 0, 1, 0, 1, 0, 0, 0, 0, 1, 1, 0]",1,110101010000110
"[1, 0, 0, 1, 0, 0, 0, 0, 1, 0, 1, 0, 1, 1, 0]",1,100100001010110
"[1, 1, 1, 0, 0, 0, 1, 1, 1, 1, 0, 1, 0, 1, 1]",1,111000111101011
"[0, 0, 1, 0, 1, 1, 1, 0, 0, 1, 1, 0, 0, 1, 0]",1,001011100110010
"[1, 1, 0, 0, 0, 1, 0, 0, 1, 0, 1, 0, 0, 0, 1]",1,110001001010001
"[1, 1, 0, 0, 0, 1, 0, 1, 1, 1, 1, 0, 0, 1, 1]",1,110001011110011
"[0, 1, 1, 0, 0, 1, 0, 0, 1, 0, 0, 0, 0, 0, 0]",1,011001001000000
"[0, 1, 0, 0, 1, 0, 0, 0, 1, 1, 1, 1, 0, 1, 0]",1,010010001111010
"[0, 0, 1, 0, 1, 0, 1, 0, 1, 0, 0, 1, 1, 1, 1]",1,001010101001111
"[0, 1, 1, 1, 0, 0, 1, 0, 1, 1, 0, 1, 0, 1, 1]",1,011100101101011
"[0, 0, 0, 0, 1, 1, 1, 0, 0, 1, 1, 1, 0, 1, 1]",1,000011100111011
"[0, 1, 1, 1, 1, 1, 1, 1, 0, 0, 1, 1, 0, 1, 0]",1,011111110011010
"[0, 1, 0, 1, 1, 0, 1, 0, 1, 1, 0, 0, 0, 0, 0]",1,010110101100000
"[1, 0, 0, 1, 1, 1, 1, 0, 0, 0, 1, 1, 0, 1, 0]",1,100111100011010
"[1, 1, 0, 0, 1, 1, 1, 1, 0, 1, 1, 1, 1, 0, 0]",1,110011110111100
"[0, 1, 0, 0, 1, 0, 0, 1, 0, 0, 1, 1, 1, 1, 0]",1,010010010011110
"[0, 0, 0, 1, 1, 1, 0, 0, 0, 0, 0, 0, 0, 1, 0]",1,000111000000010
"[1, 0, 0, 1, 1, 1, 1, 1, 1, 1, 0, 0, 1, 0, 1]",1,100111111100101
"[0, 0, 1, 1, 1, 0, 0, 1, 1, 0, 0, 1, 1, 0, 0]",1,001110011001100
"[1, 0, 0, 0, 1, 0, 1, 0, 0, 0, 0, 1, 0, 0, 0]",1,100010100001000
"[0, 0, 0, 1, 0, 0, 1, 1, 1, 1, 0, 1, 1, 1, 0]",1,000100111101110
"[0, 1, 0, 1, 0, 1, 0, 1, 1, 1, 0, 1, 0, 0, 1]",1,010101011101001
"[1, 0, 0, 1, 1, 0, 0, 0, 1, 0, 1, 1, 0, 0, 1]",1,100110001011001
"[1, 1, 0, 1, 1, 1, 0, 1, 1, 1, 0, 0, 0, 1, 1]",1,110111011100011
"[0, 0, 0, 1, 1, 1, 1, 0, 1, 0, 1, 1, 1, 0, 0]",1,000111101011100
"[0, 1, 0, 1, 1, 1, 0, 1, 0, 0, 1, 1, 0, 0, 1]",1,010111010011001
"[1, 1, 0, 1, 0, 0, 0, 1, 1, 1, 1, 0, 0, 1, 1]",1,110100011110011
"[1, 0, 1, 0, 1, 1, 1, 1, 1, 0, 0, 1, 0, 1, 1]",1,101011111001011
"[1, 0, 0, 1, 1, 1, 0, 1, 1, 0, 1, 0, 1, 1, 1]",1,100111011010111
"[1, 0, 0, 0, 1, 1, 1, 0, 1, 1, 0, 0, 1, 0, 1]",1,100011101100101
"[1, 0, 0, 1, 0, 1, 0, 0, 0, 0, 0, 0, 1, 1, 1]",1,100101000000111
"[1, 0, 0, 1, 0, 1, 0, 0, 1, 0, 1, 1, 1, 1, 0]",1,100101001011110
"[1, 0, 1, 0, 1, 0, 0, 1, 0, 1, 0, 1, 1, 1, 1]",1,101010010101111
"[0, 1, 0, 0, 0, 0, 0, 0, 1, 1, 1, 0, 0, 1, 1]",1,010000001110011
"[1, 1, 0, 0, 0, 0, 0, 1, 0, 0, 0, 0, 1, 0, 1]",1,110000010000101
"[0, 1, 0, 1, 1, 1, 1, 0, 1, 0, 0, 0, 1, 1, 1]",1,010111101000111
"[1, 1, 1, 1, 0, 0, 0, 1, 1, 0, 1, 0, 1, 1, 1]",1,111100011010111
"[1, 0, 1, 0, 0, 1, 0, 0, 0, 0, 1, 0, 1, 0, 0]",1,101001000010100
"[0, 1, 1, 1, 1, 0, 1, 0, 0, 0, 1, 1, 0, 0, 1]",1,011110100011001
"[0, 0, 1, 1, 1, 1, 0, 1, 1, 0, 1, 0, 1, 1, 1]",1,001111011010111
"[0, 0, 0, 0, 0, 0, 1, 1, 0, 1, 0, 0, 1, 1, 1]",1,000000110100111
"[1, 1, 1, 0, 1, 1, 0, 1, 1, 0, 1, 1, 0, 1, 1]",1,111011011011011
"[1, 0, 1, 1, 0, 0, 1, 1, 0, 1, 0, 0, 0, 0, 0]",1,101100110100000
"[1, 1, 0, 0, 0, 1, 1, 1, 1, 0, 1, 1, 0, 0, 0]",1,110001111011000
"[0, 1, 1, 0, 1, 0, 1, 0, 1, 0, 0, 0, 0, 0, 1]",2,011010101000001
"[1, 0, 1, 1, 0, 1, 1, 0, 0, 0, 0, 0, 0, 1, 1]",1,101101100000011
"[0, 1, 1, 1, 1, 0, 0, 0, 0, 1, 1, 1, 0, 0, 0]",1,011110000111000
"[0, 0, 0, 1, 1, 1, 1, 1, 0, 0, 1, 0, 1, 1, 1]",2,000111110010111
"[0, 0, 0, 0, 1, 1, 0, 0, 0, 0, 1, 1, 1, 0, 1]",1,000011000011101
"[1, 1, 0, 0, 1, 1, 1, 0, 1, 1, 0, 1, 0, 0, 0]",1,110011101101000
"[0, 0, 1, 0, 0, 0, 1, 0, 1, 0, 1, 0, 0, 0, 1]",1,001000101010001
"[1, 0, 1, 1, 1, 1, 0, 0, 1, 0, 1, 1, 0, 0, 1]",1,101111001011001
"[0, 0, 0, 1, 1, 0, 1, 0, 0, 0, 1, 0, 1, 1, 1]",1,000110100010111
"[0, 0, 0, 1, 1, 0, 1, 0, 1, 0, 0, 0, 0, 1, 1]",1,000110101000011
"[1, 0, 0, 0, 1, 1, 1, 1, 0, 1, 1, 0, 1, 0, 0]",1,100011110110100
"[1, 1, 0, 0, 1, 1, 0, 0, 0, 0, 1, 1, 0, 1, 0]",1,110011000011010
"[1, 1, 0, 0, 0, 0, 1, 1, 1, 1, 1, 0, 1, 1, 1]",1,110000111110111
"[1, 0, 1, 1, 1, 0, 1, 1, 1, 1, 0, 0, 0, 1, 0]",1,101110111100010
"[0, 1, 0, 0, 0, 1, 1, 1, 0, 1, 0, 1, 1, 0, 0]",1,010001110101100
"[1, 1, 1, 0, 0, 0, 0, 1, 1, 1, 0, 0, 1, 1, 0]",1,111000011100110
"[1, 0, 0, 1, 1, 0, 0, 0, 0, 1, 0, 1, 1, 0, 1]",1,100110000101101
"[1, 1, 1, 0, 0, 0, 1, 1, 1, 0, 0, 0, 0, 0, 1]",1,111000111000001
"[0, 0, 0, 0, 1, 1, 1, 0, 1, 0, 1, 1, 0, 0, 0]",1,000011101011000
"[0, 1, 0, 0, 0, 0, 1, 0, 0, 0, 1, 0, 0, 0, 1]",1,010000100010001
"[0, 1, 0, 1, 1, 0, 0, 0, 0, 1, 0, 1, 0, 0, 0]",1,010110000101000
"[0, 0, 0, 0, 1, 1, 0, 0, 1, 1, 0, 1, 1, 1, 1]",1,000011001101111
"[0, 1, 1, 0, 0, 0, 1, 0, 1, 0, 1, 1, 1, 1, 0]",1,011000101011110
"[0, 0, 1, 0, 1, 0, 1, 1, 0, 1, 0, 0, 1, 0, 0]",1,001010110100100
"[1, 0, 0, 1, 1, 0, 1, 0, 1, 0, 0, 1, 1, 1, 1]",1,100110101001111
"[1, 1, 0, 0, 0, 1, 0, 0, 0, 1, 1, 1, 1, 0, 0]",1,110001000111100
"[1, 0, 0, 0, 1, 1, 1, 1, 1, 0, 1, 0, 1, 1, 0]",1,100011111010110
"[1, 0, 0, 1, 1, 0, 0, 0, 1, 0, 1, 1, 1, 1, 0]",1,100110001011110
"[0, 0, 1, 1, 1, 1, 1, 0, 0, 1, 0, 0, 1, 0, 0]",1,001111100100100
"[0, 1, 1, 0, 1, 0, 0, 1, 0, 1, 1, 0, 1, 0, 0]",1,011010010110100
"[0, 0, 0, 1, 1, 0, 0, 1, 0, 0, 1, 1, 0, 1, 0]",1,000110010011010
"[1, 0, 0, 0, 1, 1, 0, 0, 0, 1, 1, 0, 1, 1, 0]",1,100011000110110
"[1, 1, 1, 0, 0, 0, 1, 1, 0, 1, 1, 0, 1, 1, 0]",1,111000110110110
"[0, 0, 1, 1, 0, 1, 0, 1, 0, 1, 1, 0, 1, 1, 1]",1,001101010110111
"[1, 1, 1, 0, 0, 1, 1, 0, 0, 1, 0, 1, 0, 1, 0]",1,111001100101010
"[0, 0, 1, 1, 1, 0, 1, 1, 0, 1, 1, 1, 1, 1, 0]",1,001110110111110
"[0, 0, 1, 1, 1, 0, 1, 0, 1, 1, 0, 0, 1, 0, 0]",1,001110101100100
"[0, 0, 0, 0, 0, 1, 0, 0, 0, 0, 1, 1, 1, 0, 0]",1,000001000011100
"[1, 0, 0, 1, 0, 1, 0, 1, 1, 0, 0, 1, 1, 1, 1]",1,100101011001111
"[0, 0, 0, 1, 0, 0, 0, 1, 1, 1, 1, 1, 1, 0, 0]",1,000100011111100
"[0, 0, 0, 0, 1, 1, 0, 1, 0, 1, 0, 0, 1, 1, 1]",1,000011010100111
"[0, 0, 0, 1, 0, 0, 0, 0, 0, 0, 1, 1, 1, 0, 0]",1,000100000011100
"[1, 1, 0, 1, 0, 1, 1, 1, 1, 1, 1, 0, 1, 1, 1]",1,110101111110111
"[1, 0, 0, 0, 1, 0, 0, 1, 0, 0, 1, 0, 1, 1, 1]",1,100010010010111
"[1, 0, 1, 0, 0, 1, 1, 0, 0, 1, 1, 1, 1, 1, 1]",1,101001100111111
"[1, 0, 1, 1, 1, 0, 0, 1, 0, 0, 0, 0, 1, 0, 0]",1,101110010000100
"[0, 1, 1, 0, 1, 0, 1, 0, 0, 1, 0, 0, 0, 1, 1]",1,011010100100011
"[1, 0, 0, 1, 1, 1, 1, 0, 0, 1, 1, 1, 0, 0, 0]",1,100111100111000
"[0, 0, 0, 1, 1, 1, 1, 1, 0, 1, 0, 1, 0, 0, 1]",1,000111110101001
"[0, 0, 1, 1, 1, 0, 1, 0, 1, 1, 0, 0, 1, 0, 1]",1,001110101100101
"[1, 0, 1, 1, 0, 0, 1, 1, 0, 0, 0, 1, 0, 0, 0]",1,101100110001000
"[0, 1, 1, 1, 1, 0, 1, 1, 0, 1, 0, 1, 0, 0, 1]",1,011110110101001
"[0, 0, 1, 0, 1, 0, 1, 0, 0, 0, 0, 1, 1, 0, 0]",1,001010100001100
"[1, 1, 1, 1, 0, 1, 1, 0, 1, 1, 1, 0, 0, 0, 0]",2,111101101110000
"[1, 1, 0, 0, 1, 0, 0, 0, 1, 1, 0, 0, 1, 0, 0]",1,110010001100100
"[1, 1, 0, 0, 0, 0, 0, 0, 0, 1, 1, 1, 0, 0, 1]",1,110000000111001
"[1, 0, 0, 1, 1, 1, 0, 1, 1, 1, 1, 1, 1, 1, 1]",1,100111011111111
"[0, 0, 1, 0, 0, 0, 1, 0, 0, 1, 0, 0, 0, 0, 0]",1,001000100100000
"[1, 0, 1, 0, 1, 0, 1, 1, 0, 1, 1, 0, 1, 1, 0]",1,101010110110110
"[0, 1, 1, 0, 1, 0, 0, 1, 1, 1, 0, 0, 1, 0, 1]",1,011010011100101
"[0, 0, 0, 0, 1, 0, 0, 1, 0, 0, 1, 0, 0, 0, 0]",1,000010010010000
"[1, 0, 1, 0, 0, 0, 0, 1, 1, 0, 0, 0, 1, 1, 0]",1,101000011000110
"[0, 1, 1, 1, 0, 0, 1, 0, 1, 0, 1, 1, 1, 0, 1]",1,011100101011101
"[0, 1, 0, 1, 0, 1, 0, 0, 1, 1, 0, 1, 1, 0, 0]",2,010101001101100
"[0, 0, 0, 0, 0, 0, 1, 0, 0, 1, 0, 0, 1, 1, 0]",1,000000100100110
"[1, 1, 1, 1, 1, 1, 0, 1, 0, 1, 0, 0, 1, 1, 1]",1,111111010100111
"[0, 0, 0, 0, 1, 1, 0, 1, 0, 1, 1, 0, 0, 1, 1]",1,000011010110011
"[0, 0, 0, 1, 0, 1, 1, 1, 1, 1, 0, 0, 1, 1, 1]",1,000101111100111
"[1, 1, 1, 1, 1, 0, 1, 0, 0, 1, 1, 0, 1, 0, 1]",1,111110100110101
"[0, 0, 1, 0, 0, 1, 1, 1, 0, 1, 0, 1, 1, 0, 0]",1,001001110101100
"[1, 1, 0, 0, 0, 1, 1, 1, 0, 1, 0, 1, 0, 0, 0]",1,110001110101000
"[1, 1, 1, 0, 0, 0, 0, 0, 1, 1, 1, 1, 0, 0, 1]",1,111000001111001
"[0, 0, 1, 1, 0, 1, 1, 1, 1, 0, 1, 1, 0, 0, 1]",1,001101111011001
"[0, 0, 0, 0, 1, 1, 0, 1, 1, 0, 0, 0, 1, 1, 0]",1,000011011000110
"[1, 0, 0, 0, 1, 0, 1, 0, 1, 1, 1, 0, 1, 1, 1]",1,100010101110111
"[1, 1, 1, 0, 1, 0, 0, 0, 0, 1, 0, 0, 1, 0, 0]",1,111010000100100
"[0, 0, 0, 0, 1, 0, 0, 0, 1, 0, 0, 0, 1, 1, 1]",1,000010001000111
"[1, 1, 1, 0, 1, 0, 1, 0, 1, 0, 0, 0, 0, 1, 1]",1,111010101000011
"[0, 1, 1, 1, 1, 1, 0, 1, 0, 1, 0, 0, 0, 0, 0]",1,011111010100000
"[0, 0, 1, 0, 1, 0, 1, 0, 1, 0, 1, 0, 1, 0, 1]",1,001010101010101
"[1, 0, 0, 1, 0, 0, 0, 0, 1, 0, 1, 1, 1, 1, 1]",1,100100001011111
"[1, 1, 1, 1, 0, 1, 0, 1, 0, 0, 0, 0, 1, 1, 1]",1,111101010000111
"[1, 1, 0, 0, 0, 1, 1, 1, 1, 1, 1, 0, 0, 0, 0]",1,110001111110000
"[0, 1, 1, 1, 0, 1, 1, 1, 0, 0, 0, 1, 0, 1, 1]",1,011101110001011
"[0, 1, 1, 1, 1, 0, 0, 1, 1, 0, 0, 1, 0, 0, 1]",1,011110011001001
"[1, 0, 1, 0, 0, 1, 1, 0, 1, 0, 0, 1, 0, 1, 0]",1,101001101001010
"[0, 1, 0, 0, 0, 0, 0, 0, 1, 0, 1, 1, 0, 0, 1]",1,010000001011001
"[1, 1, 1, 0, 0, 1, 0, 1, 1, 1, 0, 1, 0, 0, 0]",1,111001011101000
"[0, 0, 1, 0, 1, 0, 0, 0, 0, 1, 0, 0, 0, 0, 1]",1,001010000100001
"[1, 0, 1, 0, 1, 1, 1, 0, 1, 1, 1, 0, 0, 1, 1]",1,101011101110011
"[1, 1, 0, 1, 1, 1, 0, 1, 0, 1, 0, 0, 0, 1, 1]",1,110111010100011
"[1, 0, 0, 1, 0, 1, 1, 1, 1, 1, 1, 1, 1, 0, 0]",2,100101111111100
"[0, 1, 0, 0, 0, 1, 1, 0, 0, 0, 0, 1, 1, 0, 0]",1,010001100001100
"[1, 0, 0, 1, 0, 1, 1, 1, 1, 1, 1, 1, 1, 1, 1]",1,100101111111111
"[1, 0, 0, 1, 0, 1, 1, 1, 0, 0, 1, 1, 1, 1, 0]",1,100101110011110
"[0, 1, 1, 0, 1, 0, 0, 1, 1, 1, 0, 0, 0, 1, 0]",1,011010011100010
"[0, 1, 1, 1, 0, 0, 1, 1, 1, 1, 1, 1, 1, 0, 1]",1,011100111111101
"[1, 1, 1, 0, 1, 0, 0, 0, 1, 0, 0, 0, 0, 0, 1]",1,111010001000001
"[1, 0, 1, 0, 1, 1, 1, 1, 1, 1, 0, 0, 0, 0, 1]",1,101011111100001
"[0, 0, 0, 1, 1, 0, 1, 1, 0, 0, 1, 1, 1, 1, 0]",1,000110110011110
"[0, 1, 1, 0, 0, 0, 0, 1, 1, 1, 0, 0, 1, 1, 0]",1,011000011100110
"[0, 1, 1, 1, 1, 0, 1, 1, 0, 1, 0, 0, 0, 0, 0]",1,011110110100000
"[1, 1, 1, 0, 0, 1, 1, 1, 1, 0, 1, 1, 0, 1, 1]",1,111001111011011
"[1, 1, 0, 0, 1, 1, 0, 0, 0, 0, 0, 0, 0, 1, 1]",1,110011000000011
"[0, 1, 1, 0, 1, 0, 0, 1, 0, 0, 0, 0, 0, 0, 1]",1,011010010000001
"[1, 1, 1, 0, 0, 1, 1, 0, 1, 0, 1, 1, 0, 0, 0]",1,111001101011000
"[1, 1, 1, 1, 0, 0, 0, 1, 0, 0, 0, 1, 0, 0, 0]",1,111100010001000
"[0, 0, 0, 0, 1, 1, 0, 0, 1, 0, 1, 0, 0, 0, 1]",1,000011001010001
"[1, 1, 1, 1, 1, 0, 1, 0, 1, 0, 0, 0, 1, 0, 1]",1,111110101000101
"[1, 0, 1, 0, 1, 1, 0, 1, 0, 1, 1, 0, 1, 1, 0]",1,101011010110110
"[1, 0, 0, 0, 1, 0, 1, 0, 1, 0, 1, 0, 1, 0, 0]",1,100010101010100
"[0, 1, 1, 1, 1, 1, 0, 1, 0, 1, 1, 0, 0, 0, 0]",1,011111010110000
"[1, 0, 0, 1, 0, 1, 0, 0, 0, 0, 1, 1, 1, 1, 0]",1,100101000011110
"[0, 0, 1, 0, 0, 1, 0, 0, 1, 0, 1, 0, 0, 0, 1]",1,001001001010001
"[0, 0, 1, 0, 0, 0, 0, 0, 0, 1, 1, 0, 1, 1, 0]",1,001000000110110
"[0, 1, 0, 1, 0, 1, 1, 0, 0, 1, 0, 0, 1, 1, 0]",1,010101100100110
"[1, 0, 0, 0, 1, 1, 0, 1, 0, 0, 1, 1, 1, 0, 1]",1,100011010011101
"[1, 1, 0, 1, 1, 0, 0, 1, 0, 1, 1, 1, 0, 0, 0]",1,110110010111000
"[1, 1, 1, 1, 1, 0, 1, 1, 0, 0, 0, 1, 1, 0, 1]",1,111110110001101
"[1, 1, 1, 0, 1, 1, 1, 1, 0, 0, 0, 1, 1, 0, 1]",1,111011110001101
"[1, 0, 1, 0, 1, 1, 1, 1, 0, 1, 0, 0, 1, 1, 1]",2,101011110100111
"[1, 0, 1, 1, 0, 1, 0, 0, 1, 0, 0, 1, 0, 0, 1]",1,101101001001001
"[0, 1, 0, 1, 0, 1, 0, 1, 1, 1, 1, 1, 0, 0, 0]",1,010101011111000
"[1, 1, 1, 0, 0, 1, 1, 1, 0, 0, 0, 0, 0, 1, 0]",1,111001110000010
"[1, 1, 1, 1, 1, 1, 1, 0, 1, 0, 0, 1, 0, 0, 0]",1,111111101001000
"[1, 1, 1, 0, 1, 0, 1, 0, 0, 0, 0, 0, 1, 1, 0]",1,111010100000110
"[0, 0, 0, 0, 0, 0, 0, 1, 1, 1, 0, 1, 1, 0, 0]",1,000000011101100
"[1, 0, 1, 1, 0, 0, 1, 1, 1, 0, 0, 1, 1, 1, 0]",1,101100111001110
"[0, 0, 1, 1, 0, 1, 1, 1, 0, 1, 0, 1, 0, 0, 0]",1,001101110101000
"[0, 1, 0, 1, 1, 0, 0, 1, 1, 1, 1, 0, 0, 1, 1]",1,010110011110011
"[0, 1, 0, 1, 1, 0, 1, 1, 0, 0, 1, 0, 1, 0, 1]",1,010110110010101
"[1, 1, 1, 0, 1, 1, 0, 0, 0, 0, 0, 0, 0, 0, 1]",1,111011000000001
"[0, 0, 0, 1, 1, 1, 0, 1, 0, 1, 1, 1, 1, 0, 0]",1,000111010111100
"[0, 0, 1, 1, 0, 0, 1, 1, 1, 0, 0, 1, 0, 1, 0]",1,001100111001010
"[1, 1, 1, 1, 1, 1, 1, 0, 1, 1, 0, 1, 1, 1, 1]",1,111111101101111
"[0, 0, 1, 0, 0, 1, 0, 1, 0, 1, 1, 1, 0, 0, 1]",1,001001010111001
"[1, 1, 0, 0, 0, 0, 1, 0, 1, 0, 0, 1, 1, 0, 0]",1,110000101001100
"[0, 0, 0, 0, 0, 1, 1, 0, 1, 0, 0, 1, 0, 0, 1]",1,000001101001001
"[1, 1, 0, 1, 0, 1, 1, 1, 0, 1, 1, 1, 1, 0, 1]",1,110101110111101
"[1, 0, 1, 0, 1, 1, 0, 1, 0, 1, 0, 1, 0, 0, 1]",1,101011010101001
"[1, 1, 1, 0, 1, 0, 0, 0, 1, 1, 1, 1, 0, 1, 0]",1,111010001111010
"[0, 0, 1, 1, 0, 1, 0, 1, 1, 1, 1, 1, 0, 1, 1]",1,001101011111011
"[0, 1, 1, 0, 1, 1, 1, 1, 1, 0, 1, 1, 1, 1, 1]",1,011011111011111
"[1, 0, 1, 0, 1, 0, 0, 1, 0, 1, 0, 0, 1, 0, 0]",1,101010010100100
"[1, 0, 1, 0, 0, 1, 0, 0, 1, 0, 0, 1, 0, 1, 0]",1,101001001001010
"[0, 1, 0, 1, 1, 1, 1, 0, 0, 0, 1, 1, 1, 0, 0]",1,010111100011100
"[1, 0, 0, 1, 0, 1, 0, 1, 0, 0, 0, 1, 0, 1, 1]",1,100101010001011
"[1, 0, 1, 1, 0, 0, 1, 1, 1, 0, 1, 1, 1, 1, 0]",1,101100111011110
"[1, 0, 0, 0, 0, 0, 1, 1, 1, 1, 1, 0, 1, 1, 0]",1,100000111110110
"[1, 0, 0, 0, 1, 0, 0, 1, 0, 1, 0, 1, 0, 0, 0]",1,100010010101000
"[0, 1, 0, 0, 1, 0, 0, 1, 1, 0, 1, 0, 1, 1, 1]",1,010010011010111
"[0, 0, 0, 1, 0, 0, 0, 0, 0, 0, 1, 1, 1, 1, 1]",1,000100000011111
"[0, 1, 0, 1, 0, 0, 0, 1, 1, 0, 1, 0, 0, 0, 0]",1,010100011010000
"[0, 1, 1, 1, 0, 0, 0, 0, 0, 0, 1, 0, 0, 0, 0]",2,011100000010000
"[1, 0, 0, 1, 0, 1, 0, 1, 1, 0, 1, 0, 0, 1, 0]",1,100101011010010
"[0, 1, 0, 1, 1, 1, 1, 0, 1, 0, 1, 1, 1, 0, 1]",1,010111101011101
"[0, 1, 1, 1, 1, 0, 0, 1, 1, 1, 0, 0, 0, 0, 1]",1,011110011100001
"[1, 1, 0, 1, 0, 1, 1, 0, 0, 0, 0, 1, 0, 1, 1]",1,110101100001011
"[0, 0, 0, 1, 1, 0, 0, 1, 0, 1, 1, 0, 0, 1, 1]",1,000110010110011
"[0, 1, 0, 1, 0, 0, 1, 1, 1, 1, 0, 1, 0, 1, 0]",1,010100111101010
"[0, 0, 1, 0, 1, 1, 1, 1, 1, 0, 1, 0, 1, 0, 0]",1,001011111010100
"[1, 1, 0, 1, 0, 0, 0, 0, 0, 0, 1, 0, 1, 1, 1]",1,110100000010111
"[1, 1, 1, 0, 0, 1, 1, 1, 0, 0, 1, 1, 0, 0, 0]",1,111001110011000
"[1, 1, 0, 1, 0, 0, 1, 1, 0, 1, 1, 0, 1, 1, 1]",2,110100110110111
"[0, 0, 1, 1, 0, 1, 0, 0, 1, 1, 0, 0, 0, 1, 1]",1,001101001100011
"[0, 1, 0, 0, 1, 0, 1, 0, 0, 1, 0, 0, 1, 0, 0]",1,010010100100100
"[1, 1, 1, 0, 0, 1, 0, 0, 0, 1, 0, 0, 1, 1, 1]",1,111001000100111
"[1, 1, 1, 0, 0, 0, 0, 1, 0, 1, 1, 0, 0, 1, 1]",1,111000010110011
"[0, 0, 0, 1, 1, 1, 1, 1, 1, 1, 1, 1, 0, 0, 1]",1,000111111111001
"[0, 1, 1, 1, 0, 0, 0, 1, 0, 1, 0, 0, 1, 1, 1]",1,011100010100111
"[0, 0, 1, 0, 1, 1, 1, 0, 0, 0, 0, 1, 0, 0, 0]",1,001011100001000
"[1, 1, 1, 1, 0, 1, 0, 1, 1, 0, 0, 0, 1, 0, 0]",1,111101011000100
"[0, 0, 0, 0, 1, 1, 1, 1, 0, 1, 1, 1, 0, 0, 1]",1,000011110111001
"[1, 1, 0, 0, 0, 1, 1, 1, 1, 0, 0, 0, 0, 0, 1]",1,110001111000001
"[1, 1, 1, 1, 1, 0, 0, 1, 0, 1, 1, 1, 1, 0, 1]",1,111110010111101
"[0, 0, 0, 0, 0, 0, 1, 1, 0, 1, 0, 1, 0, 0, 1]",1,000000110101001
"[1, 1, 0, 0, 1, 0, 0, 0, 1, 1, 1, 0, 0, 0, 0]",1,110010001110000
"[1, 0, 0, 1, 0, 1, 1, 0, 0, 1, 0, 0, 0, 1, 0]",1,100101100100010
"[1, 0, 0, 0, 0, 1, 1, 0, 1, 0, 1, 0, 1, 0, 0]",1,100001101010100
"[0, 0, 0, 0, 0, 0, 0, 1, 1, 0, 0, 1, 1, 0, 0]",1,000000011001100
"[0, 1, 1, 1, 0, 0, 0, 0, 0, 0, 1, 1, 0, 1, 0]",1,011100000011010
"[0, 0, 0, 0, 0, 0, 0, 0, 0, 1, 0, 1, 0, 0, 0]",1,000000000101000
"[1, 1, 0, 0, 1, 1, 0, 1, 0, 1, 1, 0, 0, 0, 1]",1,110011010110001
"[1, 0, 0, 1, 1, 1, 1, 1, 1, 1, 1, 1, 1, 1, 0]",1,100111111111110
"[0, 0, 1, 1, 1, 0, 0, 1, 1, 1, 0, 0, 1, 1, 1]",1,001110011100111
"[1, 1, 0, 1, 0, 0, 1, 0, 0, 1, 1, 0, 0, 0, 1]",1,110100100110001
"[0, 1, 0, 1, 0, 1, 1, 0, 0, 1, 1, 1, 1, 1, 0]",1,010101100111110
"[1, 0, 1, 0, 0, 0, 1, 1, 1, 1, 1, 1, 1, 1, 0]",1,101000111111110
"[1, 1, 0, 0, 0, 0, 1, 0, 0, 0, 1, 0, 0, 1, 0]",1,110000100010010
"[1, 0, 1, 0, 0, 0, 1, 1, 0, 1, 0, 1, 0, 0, 0]",1,101000110101000
"[1, 1, 0, 0, 1, 0, 0, 0, 0, 0, 1, 0, 0, 1, 1]",1,110010000010011
"[1, 0, 0, 0, 1, 1, 0, 1, 0, 1, 0, 0, 1, 0, 0]",1,100011010100100
"[1, 1, 0, 1, 1, 1, 0, 1, 0, 1, 0, 1, 0, 0, 1]",1,110111010101001
"[0, 1, 1, 1, 1, 1, 1, 1, 1, 1, 0, 0, 1, 1, 1]",1,011111111100111
"[0, 0, 1, 1, 0, 1, 1, 0, 1, 0, 1, 1, 1, 1, 0]",1,001101101011110
"[0, 0, 0, 0, 0, 0, 0, 0, 1, 0, 1, 1, 1, 1, 0]",1,000000001011110
"[1, 1, 1, 0, 1, 0, 1, 0, 1, 0, 1, 1, 1, 0, 0]",1,111010101011100
"[1, 0, 1, 1, 0, 1, 0, 1, 1, 0, 1, 0, 0, 1, 0]",1,101101011010010
"[0, 0, 1, 0, 0, 1, 0, 1, 1, 1, 1, 1, 1, 0, 0]",1,001001011111100
"[1, 1, 1, 0, 1, 1, 0, 1, 0, 1, 1, 1, 0, 0, 1]",1,111011010111001
"[1, 0, 0, 0, 1, 0, 1, 1, 0, 1, 0, 1, 0, 0, 0]",1,100010110101000
"[0, 0, 0, 1, 0, 1, 1, 1, 1, 1, 1, 1, 1, 1, 1]",1,000101111111111
"[0, 0, 1, 0, 1, 1, 0, 1, 1, 0, 0, 1, 0, 1, 0]",1,001011011001010
"[0, 1, 1, 1, 1, 0, 1, 0, 1, 1, 0, 0, 0, 0, 0]",1,011110101100000
"[1, 0, 0, 0, 0, 0, 0, 0, 1, 0, 1, 0, 1, 0, 0]",1,100000001010100
"[1, 0, 0, 1, 0, 0, 0, 1, 0, 0, 0, 0, 1, 1, 0]",1,100100010000110
"[0, 1, 0, 1, 0, 0, 0, 1, 1, 1, 0, 1, 1, 1, 1]",1,010100011101111
"[1, 1, 0, 0, 0, 0, 1, 0, 1, 1, 0, 0, 1, 1, 0]",1,110000101100110
"[1, 1, 0, 0, 1, 0, 0, 1, 0, 0, 1, 1, 1, 1, 1]",1,110010010011111
"[0, 0, 1, 1, 1, 1, 1, 1, 1, 1, 0, 0, 1, 1, 1]",1,001111111100111
"[1, 1, 1, 1, 0, 1, 0, 1, 0, 1, 0, 0, 1, 0, 1]",1,111101010100101
"[1, 1, 0, 1, 0, 1, 1, 1, 1, 1, 0, 0, 0, 0, 0]",1,110101111100000
"[1, 0, 1, 1, 1, 1, 0, 0, 0, 0, 1, 0, 1, 0, 1]",1,101111000010101
"[0, 0, 0, 1, 1, 1, 0, 1, 1, 1, 1, 1, 1, 1, 1]",1,000111011111111
"[1, 0, 0, 1, 1, 0, 1, 1, 1, 0, 0, 1, 1, 0, 0]",1,100110111001100
"[0, 1, 0, 1, 0, 0, 1, 0, 1, 1, 0, 1, 1, 0, 0]",1,010100101101100
"[1, 1, 0, 1, 0, 1, 0, 0, 1, 0, 1, 1, 0, 1, 1]",1,110101001011011
"[1, 1, 1, 0, 0, 1, 0, 1, 0, 1, 0, 0, 0, 1, 0]",1,111001010100010
"[1, 1, 1, 1, 0, 0, 0, 0, 1, 0, 0, 0, 1, 1, 0]",2,111100001000110
"[0, 0, 0, 1, 1, 1, 0, 0, 0, 0, 1, 0, 0, 1, 0]",1,000111000010010
"[0, 0, 0, 1, 0, 1, 0, 1, 0, 0, 1, 1, 1, 1, 1]",1,000101010011111
"[0, 0, 1, 1, 0, 0, 1, 0, 0, 0, 1, 1, 1, 0, 0]",1,001100100011100
"[1, 0, 1, 1, 1, 1, 0, 0, 0, 0, 0, 1, 0, 0, 1]",1,101111000001001
"[0, 1, 0, 0, 0, 0, 0, 0, 0, 1, 1, 0, 0, 1, 1]",1,010000000110011
"[0, 0, 0, 0, 0, 1, 1, 1, 1, 0, 0, 1, 0, 0, 0]",1,000001111001000
"[1, 0, 1, 1, 0, 1, 1, 1, 0, 0, 1, 0, 1, 1, 0]",1,101101110010110
"[1, 0, 1, 0, 1, 0, 1, 0, 1, 0, 1, 0, 0, 1, 0]",1,101010101010010
"[0, 0, 1, 0, 0, 0, 0, 1, 1, 1, 1, 0, 0, 1, 1]",1,001000011110011
"[1, 0, 1, 1, 1, 0, 0, 1, 1, 0, 1, 1, 1, 1, 1]",1,101110011011111
"[1, 0, 0, 1, 1, 1, 1, 1, 1, 1, 0, 0, 0, 1, 0]",1,100111111100010
"[1, 0, 1, 0, 1, 0, 1, 1, 0, 0, 1, 1, 0, 1, 0]",1,101010110011010
"[0, 1, 1, 1, 1, 0, 0, 1, 1, 0, 1, 1, 1, 1, 0]",1,011110011011110
"[0, 0, 1, 0, 0, 1, 1, 1, 1, 1, 1, 0, 0, 1, 0]",1,001001111110010
"[1, 1, 0, 1, 0, 0, 1, 0, 0, 0, 0, 1, 1, 0, 1]",1,110100100001101
"[0, 0, 1, 0, 0, 0, 0, 1, 1, 0, 1, 0, 0, 1, 1]",1,001000011010011
"[1, 1, 0, 0, 1, 0, 0, 1, 0, 1, 1, 0, 0, 0, 0]",1,110010010110000
"[1, 0, 1, 0, 1, 0, 1, 0, 0, 0, 0, 0, 1, 1, 1]",1,101010100000111
"[0, 1, 0, 0, 1, 1, 0, 1, 0, 1, 1, 0, 1, 0, 0]",1,010011010110100
"[1, 0, 0, 0, 1, 0, 1, 0, 0, 1, 1, 1, 0, 1, 0]",1,100010100111010
"[1, 0, 0, 1, 0, 1, 0, 1, 0, 1, 0, 0, 1, 0, 1]",1,100101010100101
"[1, 1, 0, 0, 0, 0, 1, 0, 0, 1, 1, 1, 1, 0, 1]",1,110000100111101
"[1, 0, 0, 0, 0, 0, 0, 1, 1, 0, 0, 1, 0, 0, 0]",1,100000011001000
"[0, 1, 1, 0, 1, 1, 1, 0, 0, 1, 0, 1, 0, 1, 0]",1,011011100101010
"[0, 0, 0, 0, 0, 1, 1, 1, 1, 1, 0, 1, 1, 0, 0]",1,000001111101100
"[1, 1, 1, 1, 1, 0, 1, 1, 0, 0, 1, 0, 0, 0, 1]",1,111110110010001
"[0, 1, 1, 0, 1, 1, 0, 1, 0, 0, 0, 1, 0, 1, 1]",1,011011010001011
"[1, 0, 1, 0, 1, 1, 0, 1, 0, 0, 0, 0, 0, 1, 0]",1,101011010000010
"[0, 0, 0, 1, 1, 1, 1, 0, 1, 1, 0, 1, 0, 0, 0]",1,000111101101000
"[0, 1, 1, 1, 1, 0, 1, 1, 1, 1, 0, 0, 0, 1, 1]",1,011110111100011
"[0, 0, 0, 0, 0, 0, 0, 1, 0, 0, 1, 1, 1, 1, 0]",1,000000010011110
"[1, 0, 1, 1, 1, 1, 0, 0, 0, 1, 0, 1, 0, 0, 1]",1,101111000101001
"[1, 1, 0, 0, 1, 0, 1, 1, 1, 1, 0, 0, 0, 1, 0]",1,110010111100010
"[0, 0, 0, 1, 0, 1, 0, 1, 0, 1, 1, 0, 1, 0, 1]",2,000101010110101
"[0, 1, 0, 1, 0, 0, 0, 1, 1, 0, 1, 1, 1, 0, 0]",1,010100011011100
"[0, 1, 1, 1, 0, 1, 0, 0, 1, 1, 0, 1, 1, 0, 1]",1,011101001101101
"[1, 1, 0, 1, 1, 0, 1, 1, 0, 0, 0, 1, 1, 1, 0]",1,110110110001110
"[1, 0, 1, 1, 0, 1, 0, 1, 0, 1, 1, 1, 1, 1, 1]",1,101101010111111
"[1, 1, 0, 1, 0, 1, 0, 0, 0, 1, 0, 0, 1, 1, 0]",1,110101000100110
"[1, 1, 1, 0, 1, 0, 0, 0, 0, 0, 1, 0, 0, 0, 1]",1,111010000010001
"[0, 0, 1, 0, 1, 0, 1, 0, 1, 0, 1, 1, 0, 1, 1]",2,001010101011011
"[0, 1, 0, 1, 1, 1, 0, 0, 1, 1, 0, 0, 1, 0, 0]",1,010111001100100
"[0, 0, 0, 0, 0, 1, 0, 1, 0, 1, 0, 1, 1, 1, 0]",1,000001010101110
"[1, 0, 1, 0, 0, 0, 0, 0, 1, 1, 1, 1, 0, 0, 0]",1,101000001111000
"[1, 1, 1, 0, 0, 0, 0, 1, 0, 0, 0, 1, 0, 0, 0]",1,111000010001000
"[0, 0, 0, 0, 1, 1, 0, 0, 0, 0, 0, 1, 0, 1, 1]",1,000011000001011
"[1, 0, 0, 1, 0, 1, 0, 1, 1, 1, 1, 1, 0, 1, 1]",1,100101011111011
"[0, 1, 1, 0, 0, 0, 0, 0, 1, 0, 1, 0, 1, 1, 0]",1,011000001010110
"[0, 1, 0, 1, 1, 1, 0, 1, 1, 1, 1, 0, 0, 0, 1]",1,010111011110001
"[0, 0, 0, 1, 0, 1, 1, 0, 0, 0, 1, 1, 0, 1, 0]",1,000101100011010
"[1, 1, 0, 1, 0, 0, 0, 0, 1, 0, 0, 0, 0, 1, 1]",1,110100001000011
"[0, 0, 0, 1, 0, 1, 1, 0, 1, 1, 0, 1, 1, 0, 1]",1,000101101101101
"[1, 0, 1, 1, 1, 0, 1, 0, 1, 0, 0, 1, 0, 1, 1]",1,101110101001011
"[0, 1, 0, 0, 0, 0, 0, 0, 1, 0, 0, 1, 1, 1, 1]",1,010000001001111
"[0, 0, 1, 1, 1, 0, 1, 1, 0, 0, 0, 0, 0, 1, 0]",1,001110110000010
"[0, 1, 0, 0, 0, 1, 0, 1, 0, 1, 1, 1, 1, 1, 0]",1,010001010111110
"[0, 1, 0, 1, 1, 0, 1, 0, 1, 0, 0, 1, 1, 1, 1]",1,010110101001111
"[0, 0, 0, 0, 1, 1, 0, 0, 1, 0, 1, 0, 1, 1, 1]",1,000011001010111
"[1, 0, 1, 1, 1, 1, 1, 1, 1, 1, 0, 1, 0, 0, 0]",1,101111111101000
"[0, 1, 1, 1, 0, 0, 0, 1, 1, 0, 1, 0, 0, 1, 1]",1,011100011010011
"[1, 0, 1, 1, 1, 0, 0, 0, 1, 0, 0, 0, 0, 0, 0]",1,101110001000000
"[1, 0, 0, 0, 1, 1, 1, 0, 1, 0, 0, 0, 1, 0, 1]",1,100011101000101
"[1, 0, 1, 0, 1, 0, 0, 1, 1, 0, 1, 1, 1, 0, 1]",1,101010011011101
"[0, 0, 1, 0, 1, 0, 0, 1, 1, 0, 1, 0, 0, 0, 1]",1,001010011010001
"[0, 0, 0, 1, 0, 1, 1, 0, 0, 1, 1, 1, 1, 0, 0]",1,000101100111100
"[0, 1, 0, 0, 0, 0, 0, 0, 0, 1, 0, 1, 0, 1, 0]",1,010000000101010
"[0, 0, 0, 0, 0, 1, 1, 0, 0, 1, 0, 1, 1, 0, 1]",1,000001100101101
"[0, 0, 0, 1, 0, 0, 1, 1, 1, 0, 0, 0, 1, 1, 1]",1,000100111000111
"[0, 0, 1, 1, 1, 0, 1, 0, 1, 1, 0, 0, 1, 1, 1]",1,001110101100111
"[0, 0, 1, 1, 1, 1, 1, 1, 1, 1, 1, 1, 1, 1, 0]",1,001111111111110
"[0, 1, 1, 0, 0, 1, 1, 0, 0, 1, 0, 1, 1, 1, 0]",1,011001100101110
"[1, 0, 1, 1, 0, 1, 1, 1, 1, 0, 1, 1, 0, 1, 0]",1,101101111011010
"[1, 0, 0, 0, 0, 1, 0, 1, 1, 0, 0, 1, 0, 0, 1]",1,100001011001001
"[1, 0, 1, 1, 1, 1, 1, 0, 1, 1, 1, 0, 0, 0, 1]",1,101111101110001
"[0, 0, 0, 1, 1, 1, 0, 1, 0, 1, 1, 1, 0, 1, 0]",1,000111010111010
"[1, 1, 0, 0, 1, 0, 0, 1, 0, 1, 0, 0, 0, 0, 1]",1,110010010100001
"[0, 1, 0, 1, 0, 0, 1, 1, 1, 0, 1, 1, 1, 0, 0]",2,010100111011100
"[1, 1, 1, 0, 1, 1, 0, 0, 1, 0, 0, 0, 1, 1, 0]",1,111011001000110
"[1, 0, 0, 1, 0, 0, 0, 0, 1, 0, 1, 0, 0, 0, 0]",1,100100001010000
"[0, 1, 0, 0, 1, 0, 1, 1, 1, 1, 1, 1, 0, 1, 0]",1,010010111111010
"[0, 1, 0, 0, 1, 1, 0, 1, 1, 0, 1, 1, 0, 0, 1]",1,010011011011001
"[1, 1, 0, 1, 0, 0, 1, 1, 1, 1, 0, 1, 0, 1, 0]",1,110100111101010
"[1, 1, 1, 0, 1, 1, 1, 0, 0, 1, 1, 1, 0, 0, 1]",1,111011100111001
"[1, 1, 1, 1, 0, 1, 1, 1, 1, 0, 0, 1, 0, 0, 1]",1,111101111001001
"[1, 0, 1, 1, 1, 0, 0, 1, 1, 0, 0, 0, 1, 1, 1]",1,101110011000111
"[1, 0, 0, 0, 0, 1, 1, 0, 1, 1, 0, 0, 0, 0, 1]",1,100001101100001
"[0, 0, 0, 0, 1, 0, 1, 0, 0, 0, 0, 0, 0, 0, 0]",1,000010100000000
"[1, 1, 0, 1, 1, 0, 0, 0, 0, 0, 0, 1, 0, 0, 0]",1,110110000001000
"[1, 1, 1, 0, 1, 1, 1, 0, 1, 0, 0, 0, 1, 0, 1]",1,111011101000101
"[1, 1, 0, 1, 1, 1, 0, 0, 1, 1, 0, 0, 1, 1, 1]",1,110111001100111
"[1, 1, 1, 1, 1, 0, 1, 0, 0, 0, 1, 1, 1, 0, 0]",1,111110100011100
"[0, 1, 0, 0, 1, 0, 1, 0, 1, 1, 0, 0, 0, 1, 1]",1,010010101100011
"[1, 0, 0, 0, 0, 1, 1, 0, 0, 0, 1, 1, 0, 0, 1]",1,100001100011001
"[0, 1, 0, 0, 0, 0, 0, 1, 1, 1, 0, 0, 0, 0, 1]",1,010000011100001
"[1, 0, 0, 0, 0, 1, 1, 0, 0, 1, 0, 1, 0, 1, 0]",1,100001100101010
"[1, 1, 0, 0, 0, 1, 0, 0, 0, 1, 0, 0, 0, 0, 0]",1,110001000100000
"[0, 0, 1, 0, 0, 0, 0, 0, 1, 1, 1, 1, 0, 1, 1]",1,001000001111011
"[1, 0, 0, 0, 1, 0, 0, 0, 0, 1, 1, 0, 0, 1, 1]",1,100010000110011
"[1, 1, 1, 0, 0, 0, 0, 1, 1, 0, 0, 0, 1, 1, 0]",1,111000011000110
"[0, 0, 0, 0, 0, 1, 0, 0, 1, 0, 0, 1, 0, 1, 1]",1,000001001001011
"[1, 0, 0, 0, 1, 0, 0, 1, 1, 1, 0, 0, 0, 1, 0]",1,100010011100010
"[0, 1, 0, 1, 0, 0, 0, 1, 1, 0, 0, 1, 0, 1, 1]",1,010100011001011
"[0, 0, 1, 1, 1, 0, 1, 0, 1, 1, 0, 1, 1, 1, 0]",1,001110101101110
"[1, 0, 1, 1, 0, 1, 1, 1, 1, 0, 0, 0, 0, 0, 0]",1,101101111000000
"[1, 0, 1, 1, 1, 1, 1, 1, 1, 1, 0, 1, 0, 1, 1]",1,101111111101011
"[1, 0, 1, 1, 0, 1, 1, 0, 0, 1, 1, 0, 1, 1, 0]",1,101101100110110
"[1, 1, 0, 1, 1, 0, 1, 0, 1, 0, 0, 1, 1, 1, 0]",1,110110101001110
"[1, 1, 1, 1, 1, 0, 0, 0, 1, 1, 0, 1, 0, 1, 0]",1,111110001101010
"[0, 1, 1, 1, 1, 0, 1, 1, 1, 0, 1, 0, 0, 0, 1]",1,011110111010001
"[1, 0, 1, 0, 1, 0, 0, 1, 0, 0, 0, 1, 0, 0, 0]",1,101010010001000
"[1, 1, 0, 1, 1, 1, 0, 0, 1, 0, 1, 0, 1, 0, 1]",1,110111001010101
"[1, 0, 0, 0, 0, 1, 1, 1, 0, 1, 1, 1, 1, 1, 1]",1,100001110111111
"[1, 1, 0, 1, 0, 1, 1, 0, 1, 1, 0, 0, 1, 0, 1]",1,110101101100101
"[0, 1, 1, 1, 0, 1, 1, 1, 1, 1, 0, 0, 1, 1, 1]",1,011101111100111
"[1, 0, 0, 0, 1, 1, 1, 1, 0, 0, 0, 1, 1, 0, 0]",1,100011110001100
"[1, 0, 0, 1, 0, 0, 1, 0, 0, 1, 0, 1, 0, 0, 0]",1,100100100101000
"[1, 0, 1, 1, 1, 1, 0, 1, 1, 0, 0, 1, 0, 0, 1]",1,101111011001001
"[1, 1, 1, 0, 0, 1, 0, 1, 1, 1, 1, 1, 0, 0, 0]",1,111001011111000
"[0, 0, 1, 1, 1, 1, 1, 1, 1, 0, 0, 0, 1, 1, 1]",1,001111111000111
"[0, 0, 1, 0, 0, 0, 0, 0, 0, 0, 1, 0, 0, 0, 1]",1,001000000010001
"[1, 0, 1, 0, 0, 0, 0, 1, 0, 0, 1, 0, 0, 0, 1]",1,101000010010001
"[1, 0, 1, 1, 1, 0, 0, 0, 1, 0, 1, 0, 0, 1, 0]",1,101110001010010
"[1, 1, 1, 0, 0, 1, 0, 1, 1, 0, 0, 1, 1, 0, 0]",1,111001011001100
"[0, 0, 1, 0, 1, 1, 0, 1, 1, 1, 1, 1, 1, 0, 1]",1,001011011111101
"[1, 0, 0, 1, 1, 1, 0, 0, 1, 1, 1, 0, 1, 1, 1]",1,100111001110111
"[0, 1, 1, 1, 1, 0, 1, 1, 0, 0, 1, 1, 1, 0, 0]",1,011110110011100
"[1, 0, 0, 0, 1, 0, 1, 0, 0, 1, 1, 0, 1, 1, 0]",1,100010100110110
"[1, 0, 0, 0, 0, 0, 0, 0, 1, 0, 1, 1, 0, 1, 0]",1,100000001011010
"[1, 1, 0, 0, 0, 1, 0, 1, 0, 0, 1, 1, 1, 0, 1]",1,110001010011101
"[1, 0, 0, 1, 1, 1, 1, 1, 1, 0, 1, 0, 1, 1, 1]",1,100111111010111
"[1, 1, 1, 0, 1, 1, 1, 0, 0, 0, 1, 1, 0, 1, 0]",1,111011100011010
"[0, 0, 1, 0, 1, 0, 1, 0, 0, 0, 0, 0, 1, 1, 1]",1,001010100000111
"[0, 1, 0, 1, 0, 0, 1, 1, 0, 1, 0, 0, 0, 1, 0]",1,010100110100010
"[1, 0, 0, 0, 1, 1, 0, 0, 0, 1, 1, 1, 1, 1, 0]",1,100011000111110
"[1, 0, 0, 1, 1, 1, 0, 0, 1, 1, 1, 0, 1, 1, 0]",1,100111001110110
"[1, 0, 1, 0, 0, 0, 0, 0, 1, 0, 0, 1, 0, 0, 1]",1,101000001001001
"[0, 1, 0, 1, 1, 1, 1, 0, 1, 1, 0, 0, 0, 0, 0]",1,010111101100000
"[0, 0, 0, 1, 1, 1, 0, 0, 1, 1, 0, 1, 1, 1, 1]",1,000111001101111
"[1, 1, 1, 1, 1, 0, 1, 0, 1, 0, 0, 1, 1, 0, 0]",1,111110101001100
"[0, 1, 0, 1, 1, 0, 1, 0, 1, 1, 1, 1, 0, 0, 1]",1,010110101111001
"[0, 0, 1, 0, 1, 0, 0, 0, 1, 0, 1, 1, 0, 1, 1]",1,001010001011011
"[1, 1, 1, 1, 0, 0, 1, 0, 0, 1, 0, 1, 0, 0, 0]",1,111100100101000
"[0, 1, 1, 0, 0, 1, 1, 0, 0, 0, 0, 1, 0, 0, 1]",1,011001100001001
"[0, 0, 1, 0, 0, 0, 1, 0, 0, 1, 0, 1, 0, 1, 0]",1,001000100101010
"[0, 1, 1, 0, 0, 0, 0, 0, 0, 0, 0, 1, 0, 0, 1]",1,011000000001001
"[0, 1, 0, 1, 0, 1, 1, 1, 1, 0, 0, 1, 0, 1, 1]",1,010101111001011
"[1, 1, 0, 1, 1, 1, 0, 0, 0, 0, 0, 1, 0, 1, 1]",1,110111000001011
"[1, 0, 1, 0, 1, 0, 1, 1, 0, 0, 1, 1, 0, 0, 1]",1,101010110011001
"[0, 1, 1, 1, 1, 1, 1, 1, 0, 0, 1, 0, 0, 1, 1]",1,011111110010011
"[1, 1, 0, 1, 0, 0, 0, 0, 0, 1, 1, 0, 1, 1, 0]",1,110100000110110
"[0, 1, 1, 1, 0, 1, 0, 1, 0, 0, 1, 0, 1, 0, 1]",1,011101010010101
"[0, 0, 0, 0, 0, 0, 1, 1, 1, 1, 1, 1, 1, 1, 1]",1,000000111111111
"[0, 1, 1, 1, 1, 0, 0, 1, 1, 1, 1, 0, 0, 1, 0]",1,011110011110010
"[1, 1, 0, 0, 1, 1, 0, 0, 0, 0, 1, 0, 1, 0, 1]",1,110011000010101
"[0, 1, 1, 0, 0, 0, 0, 1, 0, 1, 1, 0, 1, 0, 0]",1,011000010110100
"[0, 1, 1, 0, 1, 0, 0, 1, 1, 0, 0, 1, 0, 1, 0]",1,011010011001010
"[1, 0, 1, 0, 0, 1, 1, 1, 1, 1, 0, 0, 0, 0, 1]",1,101001111100001
"[1, 1, 0, 1, 1, 0, 1, 1, 1, 0, 0, 0, 0, 0, 0]",1,110110111000000
"[1, 0, 1, 0, 0, 0, 0, 0, 1, 1, 0, 1, 1, 0, 0]",1,101000001101100
"[1, 0, 0, 0, 1, 1, 1, 1, 0, 0, 0, 0, 0, 1, 0]",1,100011110000010
"[1, 0, 1, 1, 1, 0, 0, 0, 0, 0, 1, 0, 1, 0, 0]",1,101110000010100
"[1, 0, 0, 1, 0, 0, 0, 0, 1, 1, 0, 0, 0, 0, 1]",1,100100001100001
"[0, 0, 1, 0, 1, 1, 1, 0, 1, 0, 1, 0, 1, 0, 1]",1,001011101010101
"[1, 1, 0, 1, 0, 0, 1, 0, 0, 1, 0, 0, 1, 0, 1]",1,110100100100101
"[1, 0, 0, 0, 0, 1, 0, 1, 0, 1, 0, 0, 0, 1, 0]",1,100001010100010
"[1, 1, 1, 0, 0, 0, 0, 0, 1, 0, 0, 0, 1, 0, 0]",1,111000001000100
"[1, 0, 0, 1, 1, 1, 0, 1, 0, 0, 0, 1, 0, 0, 0]",1,100111010001000
"[1, 1, 1, 0, 0, 1, 1, 1, 0, 1, 1, 1, 0, 0, 0]",1,111001110111000
"[0, 0, 0, 0, 0, 0, 0, 0, 1, 1, 0, 1, 1, 0, 0]",1,000000001101100
"[0, 1, 1, 0, 1, 0, 0, 0, 0, 0, 1, 0, 1, 0, 1]",1,011010000010101
"[0, 1, 1, 1, 0, 0, 0, 1, 1, 1, 1, 0, 0, 1, 0]",1,011100011110010
"[1, 1, 1, 1, 0, 1, 0, 1, 1, 1, 0, 0, 1, 1, 1]",1,111101011100111
"[0, 1, 1, 0, 0, 0, 0, 1, 0, 1, 1, 0, 0, 1, 0]",1,011000010110010
"[1, 1, 1, 1, 1, 0, 1, 0, 0, 0, 1, 0, 1, 1, 1]",1,111110100010111
"[0, 1, 0, 1, 0, 1, 0, 1, 0, 0, 1, 1, 1, 1, 0]",2,010101010011110
"[1, 0, 0, 1, 0, 1, 0, 0, 1, 0, 1, 0, 1, 0, 0]",1,100101001010100
"[1, 0, 0, 1, 1, 0, 1, 1, 1, 0, 0, 1, 0, 0, 0]",1,100110111001000
"[0, 1, 1, 0, 1, 1, 1, 1, 0, 1, 0, 0, 1, 1, 1]",1,011011110100111
"[1, 0, 0, 1, 0, 0, 1, 0, 0, 1, 1, 0, 1, 1, 1]",1,100100100110111
"[0, 0, 1, 1, 0, 0, 1, 1, 1, 1, 0, 1, 0, 1, 1]",1,001100111101011
"[0, 1, 1, 1, 1, 0, 1, 1, 0, 0, 1, 1, 1, 0, 1]",1,011110110011101
"[1, 1, 0, 1, 0, 1, 1, 1, 0, 1, 0, 0, 0, 1, 1]",1,110101110100011
"[1, 0, 0, 1, 0, 1, 0, 0, 1, 0, 1, 1, 0, 0, 0]",1,100101001011000
"[0, 0, 1, 1, 0, 1, 1, 0, 1, 1, 0, 1, 1, 1, 1]",1,001101101101111
"[0, 0, 1, 1, 0, 0, 0, 1, 0, 1, 0, 0, 0, 0, 1]",1,001100010100001
"[1, 0, 0, 0, 0, 0, 0, 1, 1, 0, 0, 1, 1, 0, 1]",1,100000011001101
"[0, 0, 0, 1, 0, 0, 1, 1, 1, 1, 0, 1, 1, 1, 1]",1,000100111101111
"[0, 0, 1, 1, 0, 1, 1, 1, 1, 0, 1, 0, 1, 1, 1]",1,001101111010111
"[1, 0, 0, 0, 0, 1, 0, 1, 0, 0, 1, 0, 1, 0, 1]",1,100001010010101
"[1, 0, 1, 0, 0, 1, 0, 0, 1, 1, 1, 0, 1, 0, 1]",1,101001001110101
"[0, 1, 1, 1, 0, 1, 1, 1, 0, 0, 1, 1, 1, 1, 1]",1,011101110011111
"[0, 1, 0, 0, 1, 0, 1, 0, 0, 0, 0, 1, 0, 1, 0]",1,010010100001010
"[1, 1, 1, 1, 0, 0, 1, 1, 1, 0, 1, 0, 1, 1, 0]",1,111100111010110
"[1, 1, 0, 1, 0, 0, 1, 1, 0, 0, 1, 0, 1, 0, 1]",1,110100110010101
"[0, 1, 1, 0, 0, 1, 1, 0, 0, 0, 0, 0, 0, 0, 1]",1,011001100000001
"[1, 0, 0, 1, 1, 1, 0, 0, 1, 1, 1, 1, 0, 1, 1]",1,100111001111011
"[1, 0, 0, 0, 1, 1, 0, 0, 1, 0, 1, 1, 0, 1, 0]",1,100011001011010
"[1, 0, 1, 0, 0, 0, 1, 0, 0, 1, 0, 1, 1, 0, 0]",1,101000100101100
"[1, 0, 0, 1, 1, 0, 0, 1, 1, 0, 0, 0, 1, 0, 0]",1,100110011000100
"[0, 1, 1, 0, 1, 0, 1, 1, 1, 0, 1, 1, 1, 0, 1]",1,011010111011101
"[1, 0, 1, 1, 0, 1, 1, 0, 0, 1, 1, 1, 0, 1, 0]",1,101101100111010
"[0, 0, 1, 0, 0, 1, 0, 1, 0, 0, 0, 1, 0, 0, 0]",1,001001010001000
"[1, 1, 1, 0, 0, 0, 0, 1, 0, 1, 0, 0, 0, 1, 1]",1,111000010100011
"[1, 0, 1, 1, 0, 1, 0, 1, 1, 1, 1, 1, 0, 0, 0]",1,101101011111000
"[0, 1, 1, 0, 1, 1, 1, 0, 1, 1, 0, 0, 1, 1, 0]",1,011011101100110
"[1, 1, 0, 1, 0, 1, 0, 0, 0, 0, 0, 0, 1, 0, 0]",1,110101000000100
"[1, 1, 0, 0, 1, 1, 0, 1, 1, 0, 0, 1, 0, 1, 1]",1,110011011001011
"[1, 0, 0, 0, 0, 1, 1, 1, 0, 0, 1, 0, 1, 1, 0]",1,100001110010110
"[0, 1, 1, 1, 1, 0, 1, 1, 1, 0, 1, 1, 1, 1, 0]",1,011110111011110
"[1, 1, 1, 0, 1, 1, 1, 1, 1, 0, 0, 0, 1, 0, 0]",1,111011111000100
"[1, 1, 0, 0, 1, 0, 0, 1, 1, 1, 1, 1, 0, 1, 0]",1,110010011111010
"[1, 0, 0, 0, 0, 1, 0, 1, 0, 1, 0, 0, 0, 0, 1]",1,100001010100001
"[0, 0, 0, 0, 1, 1, 0, 1, 0, 1, 0, 1, 0, 0, 0]",1,000011010101000
"[1, 1, 0, 0, 0, 0, 1, 1, 0, 0, 1, 1, 1, 0, 1]",1,110000110011101
"[1, 1, 0, 0, 0, 1, 1, 1, 0, 0, 1, 0, 1, 0, 1]",1,110001110010101
"[1, 0, 1, 0, 0, 0, 1, 0, 1, 0, 1, 0, 0, 1, 0]",1,101000101010010
"[0, 1, 0, 0, 0, 0, 1, 1, 1, 1, 1, 0, 1, 0, 1]",1,010000111110101
"[0, 0, 0, 0, 1, 0, 1, 0, 0, 1, 1, 0, 0, 0, 0]",1,000010100110000
"[1, 1, 1, 0, 1, 1, 0, 0, 0, 0, 0, 0, 1, 0, 0]",1,111011000000100
"[1, 1, 1, 1, 1, 1, 0, 1, 1, 1, 0, 0, 1, 1, 0]",1,111111011100110
"[1, 0, 0, 1, 1, 1, 1, 0, 0, 0, 1, 1, 0, 1, 1]",1,100111100011011
"[1, 0, 1, 0, 1, 0, 1, 0, 1, 0, 1, 1, 1, 0, 0]",1,101010101011100
"[0, 1, 0, 0, 0, 0, 1, 1, 0, 1, 1, 1, 1, 0, 1]",1,010000110111101
"[0, 1, 0, 1, 0, 0, 1, 0, 1, 1, 1, 1, 1, 1, 0]",1,010100101111110
"[0, 0, 1, 1, 1, 1, 0, 1, 1, 1, 1, 0, 1, 1, 0]",1,001111011110110
"[0, 0, 0, 1, 0, 0, 0, 1, 1, 1, 1, 1, 0, 1, 0]",1,000100011111010
"[0, 0, 0, 0, 1, 1, 1, 1, 0, 1, 1, 1, 1, 1, 1]",1,000011110111111
"[0, 0, 0, 1, 0, 1, 0, 1, 0, 0, 0, 0, 1, 0, 1]",1,000101010000101
"[1, 0, 1, 0, 1, 1, 1, 0, 1, 1, 0, 0, 1, 0, 0]",1,101011101100100
"[1, 1, 0, 1, 1, 0, 1, 0, 0, 0, 0, 1, 0, 0, 1]",1,110110100001001
"[0, 0, 0, 1, 1, 1, 1, 1, 0, 1, 1, 1, 1, 1, 0]",1,000111110111110
"[1, 1, 0, 0, 1, 0, 0, 0, 0, 1, 1, 0, 0, 0, 0]",1,110010000110000
"[0, 1, 0, 0, 1, 0, 1, 0, 0, 0, 0, 0, 0, 1, 0]",2,010010100000010
"[1, 0, 1, 1, 1, 1, 1, 1, 0, 1, 0, 0, 1, 0, 1]",1,101111110100101
"[0, 1, 1, 0, 0, 0, 0, 1, 1, 1, 0, 1, 0, 1, 0]",1,011000011101010
"[1, 1, 1, 1, 1, 0, 1, 1, 1, 1, 1, 1, 1, 1, 1]",1,111110111111111
"[1, 0, 0, 0, 1, 0, 1, 1, 0, 1, 0, 1, 0, 0, 1]",1,100010110101001
"[0, 1, 1, 0, 0, 0, 0, 0, 1, 1, 1, 0, 0, 0, 0]",1,011000001110000
"[1, 0, 1, 1, 0, 1, 0, 1, 1, 0, 1, 0, 0, 0, 1]",1,101101011010001
"[1, 1, 0, 0, 1, 0, 0, 1, 1, 0, 0, 1, 0, 0, 0]",1,110010011001000
"[0, 1, 0, 0, 0, 1, 0, 1, 1, 1, 1, 0, 1, 0, 0]",1,010001011110100
"[0, 1, 0, 0, 1, 0, 0, 0, 0, 1, 0, 1, 0, 1, 0]",1,010010000101010
"[1, 0, 1, 1, 1, 1, 0, 1, 1, 0, 0, 1, 1, 1, 1]",1,101111011001111
"[0, 1, 1, 0, 0, 1, 0, 0, 1, 0, 0, 1, 1, 1, 0]",1,011001001001110
"[0, 0, 1, 1, 1, 0, 1, 1, 1, 0, 1, 0, 1, 0, 0]",1,001110111010100
"[1, 0, 1, 1, 1, 1, 0, 1, 0, 1, 1, 1, 0, 1, 0]",1,101111010111010
"[1, 1, 0, 0, 0, 1, 0, 1, 1, 0, 1, 0, 0, 1, 1]",1,110001011010011
"[0, 0, 1, 1, 1, 1, 1, 0, 0, 1, 0, 0, 1, 1, 0]",1,001111100100110
"[0, 1, 1, 1, 0, 1, 0, 1, 1, 1, 1, 0, 1, 1, 1]",1,011101011110111
"[1, 0, 0, 0, 0, 1, 1, 0, 0, 1, 1, 0, 0, 0, 0]",1,100001100110000
"[1, 1, 1, 1, 1, 1, 1, 1, 0, 1, 0, 0, 1, 1, 1]",1,111111110100111
"[1, 0, 1, 0, 1, 1, 1, 1, 0, 1, 0, 0, 0, 1, 0]",1,101011110100010
"[1, 0, 0, 1, 1, 0, 0, 0, 1, 0, 1, 1, 1, 1, 1]",1,100110001011111
"[0, 1, 0, 1, 1, 1, 1, 0, 1, 0, 0, 0, 1, 0, 0]",1,010111101000100
"[0, 0, 1, 1, 1, 0, 0, 0, 0, 1, 0, 0, 0, 0, 0]",1,001110000100000
"[1, 0, 0, 1, 1, 0, 1, 1, 1, 1, 0, 0, 1, 0, 1]",1,100110111100101
"[0, 0, 0, 1, 1, 1, 1, 0, 0, 1, 1, 1, 1, 0, 0]",1,000111100111100
"[1, 0, 1, 0, 1, 0, 0, 1, 0, 1, 0, 1, 0, 0, 1]",1,101010010101001
"[1, 1, 1, 1, 0, 0, 0, 1, 1, 0, 0, 0, 0, 1, 0]",1,111100011000010
"[1, 0, 1, 1, 0, 0, 1, 0, 1, 0, 1, 0, 0, 0, 1]",1,101100101010001
"[0, 1, 0, 0, 0, 0, 0, 0, 1, 0, 0, 0, 0, 1, 1]",1,010000001000011
"[0, 0, 0, 1, 1, 1, 1, 1, 0, 0, 1, 1, 1, 1, 0]",1,000111110011110
"[1, 0, 1, 0, 0, 1, 1, 1, 1, 1, 1, 0, 1, 0, 1]",1,101001111110101
"[1, 0, 1, 0, 1, 0, 1, 1, 0, 1, 1, 1, 1, 0, 0]",1,101010110111100
"[1, 1, 0, 0, 1, 1, 0, 0, 0, 1, 0, 0, 1, 0, 1]",1,110011000100101
"[1, 1, 1, 1, 0, 0, 0, 0, 1, 1, 0, 1, 0, 1, 1]",1,111100001101011
"[0, 0, 0, 0, 1, 1, 0, 1, 0, 0, 1, 1, 1, 1, 0]",1,000011010011110
"[1, 0, 1, 1, 1, 1, 1, 0, 0, 1, 0, 0, 1, 1, 1]",1,101111100100111
"[0, 0, 0, 0, 1, 0, 0, 0, 0, 1, 1, 1, 1, 1, 0]",1,000010000111110
"[1, 1, 1, 0, 1, 0, 1, 0, 0, 0, 0, 1, 0, 1, 1]",1,111010100001011
"[1, 0, 0, 1, 1, 0, 0, 1, 0, 1, 0, 1, 0, 0, 1]",1,100110010101001
"[0, 1, 1, 1, 0, 1, 1, 0, 0, 1, 1, 1, 0, 1, 1]",1,011101100111011
"[0, 1, 1, 0, 0, 0, 1, 1, 0, 0, 1, 1, 0, 1, 0]",1,011000110011010
"[0, 0, 1, 1, 0, 0, 1, 1, 0, 1, 0, 1, 0, 1, 0]",1,001100110101010
"[0, 0, 1, 1, 1, 1, 1, 1, 0, 1, 1, 1, 1, 1, 0]",1,001111110111110
"[1, 1, 1, 0, 0, 1, 0, 1, 1, 0, 1, 1, 0, 1, 0]",1,111001011011010
"[0, 0, 1, 0, 0, 0, 0, 0, 0, 0, 1, 0, 0, 1, 0]",1,001000000010010
"[0, 0, 0, 0, 0, 0, 0, 0, 1, 0, 0, 1, 1, 1, 0]",1,000000001001110
"[1, 0, 0, 1, 1, 1, 1, 1, 1, 0, 1, 0, 0, 1, 1]",1,100111111010011
"[1, 1, 0, 1, 1, 1, 1, 0, 1, 0, 0, 0, 0, 1, 1]",1,110111101000011
"[1, 1, 0, 0, 0, 1, 0, 1, 0, 1, 1, 1, 0, 0, 1]",1,110001010111001
"[1, 0, 0, 0, 1, 0, 1, 0, 1, 0, 0, 0, 1, 1, 0]",1,100010101000110
"[0, 0, 0, 1, 1, 1, 1, 1, 1, 1, 1, 0, 0, 0, 1]",1,000111111110001
"[1, 0, 1, 0, 0, 1, 0, 1, 0, 0, 1, 0, 1, 0, 0]",1,101001010010100
"[1, 0, 1, 0, 0, 0, 1, 0, 0, 0, 1, 0, 0, 0, 1]",1,101000100010001
"[0, 0, 0, 1, 0, 1, 0, 1, 1, 0, 0, 0, 1, 0, 1]",1,000101011000101
"[1, 0, 1, 1, 0, 0, 0, 0, 1, 1, 0, 1, 0, 1, 1]",1,101100001101011
"[1, 0, 0, 1, 0, 0, 0, 0, 0, 1, 1, 1, 0, 0, 1]",1,100100000111001
"[1, 0, 1, 1, 0, 1, 1, 0, 0, 1, 0, 1, 1, 1, 1]",1,101101100101111
"[0, 0, 1, 1, 1, 1, 1, 0, 0, 0, 1, 0, 1, 0, 1]",1,001111100010101
"[0, 0, 1, 0, 0, 0, 0, 0, 1, 0, 1, 0, 1, 0, 1]",1,001000001010101
"[1, 0, 1, 1, 1, 0, 1, 0, 1, 1, 1, 1, 0, 1, 0]",1,101110101111010
"[0, 0, 1, 1, 0, 1, 1, 1, 1, 1, 1, 1, 1, 1, 0]",1,001101111111110
"[0, 1, 0, 1, 0, 1, 0, 0, 0, 1, 0, 1, 0, 0, 1]",1,010101000101001
"[1, 0, 0, 1, 0, 1, 1, 0, 1, 0, 1, 1, 1, 1, 0]",1,100101101011110
"[0, 0, 0, 0, 1, 1, 1, 0, 1, 1, 1, 1, 1, 1, 0]",1,000011101111110
"[1, 1, 0, 1, 0, 0, 0, 1, 1, 1, 1, 1, 1, 0, 0]",1,110100011111100
"[0, 0, 1, 0, 1, 0, 0, 1, 0, 1, 1, 1, 1, 0, 0]",1,001010010111100
"[1, 1, 0, 0, 0, 0, 1, 1, 0, 0, 1, 1, 0, 1, 1]",1,110000110011011
"[0, 0, 1, 1, 0, 1, 1, 0, 0, 1, 1, 0, 0, 0, 1]",1,001101100110001
"[0, 1, 1, 1, 1, 1, 1, 0, 1, 1, 0, 1, 1, 1, 0]",1,011111101101110
"[1, 1, 0, 0, 1, 1, 0, 0, 0, 0, 1, 0, 0, 0, 0]",1,110011000010000
"[0, 1, 1, 1, 0, 0, 0, 1, 1, 0, 0, 1, 0, 1, 0]",1,011100011001010
"[1, 1, 1, 1, 1, 1, 1, 1, 0, 0, 1, 0, 0, 1, 0]",2,111111110010010
"[0, 0, 1, 1, 1, 0, 0, 0, 1, 1, 1, 1, 1, 1, 0]",1,001110001111110
"[0, 0, 1, 0, 0, 1, 1, 1, 0, 0, 1, 1, 0, 1, 1]",1,001001110011011
"[0, 0, 1, 0, 0, 0, 0, 1, 0, 0, 0, 1, 1, 1, 1]",1,001000010001111
"[1, 1, 1, 1, 1, 0, 1, 1, 0, 1, 1, 1, 1, 1, 0]",1,111110110111110
"[0, 0, 0, 0, 1, 1, 0, 0, 0, 0, 0, 1, 1, 1, 1]",1,000011000001111
"[1, 1, 1, 0, 0, 0, 1, 1, 0, 1, 1, 1, 1, 1, 1]",1,111000110111111
"[0, 0, 0, 0, 1, 0, 1, 0, 1, 1, 0, 0, 0, 1, 0]",1,000010101100010
"[0, 0, 1, 1, 1, 1, 1, 0, 1, 1, 0, 1, 0, 0, 1]",2,001111101101001
"[0, 0, 0, 0, 1, 0, 0, 0, 1, 1, 1, 1, 1, 1, 0]",1,000010001111110
"[1, 0, 0, 0, 0, 1, 1, 1, 1, 0, 0, 1, 1, 1, 1]",1,100001111001111
"[0, 0, 1, 0, 1, 1, 1, 0, 0, 1, 1, 0, 0, 1, 1]",1,001011100110011
"[0, 1, 0, 0, 0, 1, 1, 0, 1, 1, 1, 0, 1, 1, 1]",1,010001101110111
"[1, 0, 0, 0, 1, 0, 1, 0, 1, 0, 0, 0, 1, 1, 1]",1,100010101000111
"[1, 1, 0, 0, 1, 0, 0, 1, 1, 0, 1, 1, 0, 1, 0]",1,110010011011010
"[0, 1, 0, 0, 0, 0, 0, 1, 1, 1, 0, 0, 1, 0, 0]",1,010000011100100
"[1, 0, 1, 1, 0, 0, 0, 0, 1, 0, 0, 1, 1, 1, 0]",1,101100001001110
"[0, 0, 1, 1, 0, 0, 1, 0, 0, 0, 0, 1, 1, 1, 1]",1,001100100001111
"[1, 1, 0, 1, 0, 0, 0, 1, 1, 0, 1, 1, 0, 1, 0]",1,110100011011010
"[1, 1, 0, 0, 0, 1, 1, 1, 1, 1, 0, 0, 1, 1, 0]",1,110001111100110
"[1, 0, 0, 1, 1, 0, 1, 0, 0, 0, 0, 1, 0, 1, 1]",1,100110100001011
"[0, 1, 1, 0, 0, 1, 0, 1, 1, 1, 0, 1, 0, 0, 0]",1,011001011101000
"[1, 1, 1, 0, 0, 1, 0, 1, 0, 1, 0, 1, 0, 0, 1]",1,111001010101001
"[1, 0, 0, 1, 1, 1, 0, 0, 1, 1, 1, 1, 0, 1, 0]",1,100111001111010
"[0, 1, 0, 1, 1, 1, 1, 1, 0, 0, 1, 0, 1, 0, 0]",1,010111110010100
"[1, 1, 1, 1, 1, 1, 0, 0, 1, 0, 1, 0, 0, 0, 1]",1,111111001010001
"[0, 0, 1, 1, 0, 1, 0, 0, 0, 1, 0, 0, 0, 1, 1]",2,001101000100011
"[1, 0, 1, 1, 1, 0, 0, 0, 1, 1, 0, 1, 0, 0, 0]",1,101110001101000
"[0, 1, 0, 0, 0, 0, 1, 0, 0, 1, 0, 1, 0, 1, 0]",1,010000100101010
"[0, 1, 1, 0, 0, 1, 0, 0, 1, 0, 1, 1, 1, 0, 1]",1,011001001011101
"[1, 1, 0, 1, 1, 0, 1, 0, 1, 1, 0, 0, 0, 0, 0]",1,110110101100000
"[1, 0, 0, 0, 0, 1, 0, 0, 1, 0, 0, 0, 1, 0, 0]",1,100001001000100
"[0, 1, 1, 1, 1, 1, 0, 0, 0, 1, 1, 1, 1, 1, 0]",1,011111000111110
"[1, 0, 1, 1, 1, 0, 0, 1, 0, 1, 0, 1, 0, 0, 0]",1,101110010101000
"[0, 1, 1, 1, 1, 0, 1, 0, 0, 0, 0, 0, 1, 0, 1]",1,011110100000101
"[1, 1, 0, 1, 1, 1, 1, 1, 1, 0, 0, 1, 0, 1, 1]",1,110111111001011
"[0, 1, 1, 0, 1, 0, 1, 1, 1, 1, 1, 1, 1, 0, 0]",1,011010111111100
"[1, 1, 0, 1, 1, 1, 0, 1, 1, 1, 0, 0, 1, 1, 0]",1,110111011100110
"[0, 1, 1, 1, 0, 1, 1, 0, 1, 0, 0, 0, 1, 1, 0]",1,011101101000110
"[1, 0, 0, 0, 1, 1, 1, 1, 1, 1, 1, 0, 0, 1, 0]",1,100011111110010
"[1, 1, 1, 1, 0, 0, 0, 0, 1, 0, 0, 0, 0, 1, 1]",1,111100001000011
"[0, 0, 0, 1, 1, 1, 0, 0, 1, 1, 0, 1, 1, 0, 1]",1,000111001101101
"[0, 1, 1, 0, 0, 0, 0, 0, 0, 0, 0, 0, 1, 1, 0]",1,011000000000110
"[0, 1, 0, 0, 0, 1, 1, 0, 1, 0, 1, 1, 0, 0, 1]",1,010001101011001
"[1, 1, 1, 1, 1, 1, 0, 1, 1, 0, 1, 0, 1, 0, 1]",2,111111011010101
"[0, 1, 0, 1, 0, 0, 0, 1, 0, 0, 0, 0, 0, 0, 0]",1,010100010000000
"[0, 1, 1, 0, 0, 0, 1, 1, 1, 0, 0, 1, 0, 0, 1]",1,011000111001001
"[0, 0, 0, 1, 0, 0, 1, 0, 0, 0, 1, 0, 1, 0, 1]",1,000100100010101
"[0, 1, 0, 0, 0, 0, 1, 1, 1, 1, 1, 1, 0, 0, 1]",1,010000111111001
"[1, 1, 1, 0, 1, 1, 0, 1, 0, 0, 1, 1, 0, 1, 1]",1,111011010011011
"[1, 1, 1, 0, 1, 1, 0, 1, 0, 0, 0, 0, 0, 0, 1]",1,111011010000001
"[1, 0, 0, 1, 1, 0, 1, 1, 0, 0, 0, 1, 0, 0, 0]",1,100110110001000
"[0, 1, 0, 1, 0, 1, 0, 0, 1, 1, 0, 0, 0, 1, 1]",1,010101001100011
"[0, 0, 0, 1, 0, 0, 1, 1, 0, 0, 0, 1, 0, 1, 0]",1,000100110001010
"[1, 1, 1, 1, 0, 0, 0, 1, 1, 1, 0, 0, 1, 0, 1]",1,111100011100101
"[0, 1, 0, 0, 0, 0, 0, 0, 1, 0, 1, 0, 1, 1, 1]",1,010000001010111
"[0, 1, 1, 0, 0, 0, 1, 1, 1, 1, 0, 1, 1, 1, 0]",1,011000111101110
"[1, 0, 1, 0, 1, 1, 0, 1, 1, 1, 0, 0, 1, 0, 1]",1,101011011100101
"[0, 0, 1, 1, 0, 1, 0, 0, 0, 0, 0, 1, 1, 0, 0]",1,001101000001100
"[0, 1, 1, 1, 0, 1, 0, 1, 1, 1, 1, 0, 0, 0, 1]",1,011101011110001
"[0, 0, 1, 0, 1, 1, 1, 1, 0, 1, 1, 1, 1, 1, 0]",1,001011110111110
"[1, 1, 1, 0, 1, 0, 1, 0, 1, 1, 1, 1, 1, 0, 1]",1,111010101111101
"[0, 1, 1, 0, 1, 0, 1, 0, 1, 1, 1, 1, 0, 0, 1]",1,011010101111001
"[0, 1, 0, 0, 1, 0, 1, 1, 1, 1, 1, 0, 0, 1, 1]",1,010010111110011
"[0, 0, 0, 1, 0, 1, 0, 0, 0, 0, 1, 1, 0, 0, 1]",1,000101000011001
"[0, 0, 1, 1, 1, 0, 1, 1, 0, 1, 1, 0, 0, 0, 0]",1,001110110110000
"[0, 0, 0, 0, 0, 1, 0, 1, 1, 0, 0, 0, 0, 0, 0]",2,000001011000000
"[0, 1, 1, 0, 0, 1, 0, 1, 0, 1, 0, 0, 1, 1, 1]",1,011001010100111
"[0, 0, 1, 0, 1, 0, 0, 0, 1, 0, 0, 1, 1, 0, 1]",1,001010001001101
"[0, 0, 0, 1, 0, 1, 0, 0, 0, 1, 1, 0, 1, 0, 1]",1,000101000110101
"[1, 0, 0, 1, 1, 1, 0, 0, 0, 1, 0, 1, 0, 0, 0]",1,100111000101000
"[0, 0, 1, 0, 1, 0, 1, 0, 0, 0, 0, 1, 0, 1, 0]",1,001010100001010
"[1, 0, 0, 0, 0, 1, 1, 1, 1, 0, 1, 1, 1, 1, 0]",1,100001111011110
"[1, 1, 1, 1, 0, 1, 1, 0, 0, 1, 1, 1, 0, 0, 0]",1,111101100111000
"[1, 1, 0, 1, 1, 1, 0, 1, 1, 1, 1, 1, 1, 1, 0]",2,110111011111110
"[1, 1, 1, 1, 1, 1, 1, 0, 0, 1, 0, 1, 0, 0, 0]",1,111111100101000
"[0, 0, 1, 1, 0, 1, 0, 0, 1, 1, 1, 0, 0, 0, 0]",1,001101001110000
"[0, 0, 0, 0, 1, 1, 1, 0, 0, 1, 1, 0, 1, 1, 0]",1,000011100110110
"[0, 1, 1, 1, 1, 1, 1, 0, 0, 1, 0, 1, 0, 0, 0]",1,011111100101000
"[0, 0, 1, 1, 1, 1, 1, 0, 1, 1, 0, 1, 1, 1, 1]",1,001111101101111
"[1, 0, 0, 1, 1, 0, 0, 0, 0, 1, 0, 0, 1, 0, 1]",1,100110000100101
"[1, 1, 1, 0, 0, 1, 1, 0, 1, 0, 1, 0, 1, 0, 1]",1,111001101010101
"[1, 1, 1, 1, 0, 1, 1, 0, 0, 0, 1, 0, 0, 0, 0]",1,111101100010000
"[0, 1, 0, 1, 0, 1, 0, 0, 1, 1, 0, 1, 1, 1, 1]",1,010101001101111
"[0, 1, 1, 1, 1, 0, 0, 1, 0, 0, 0, 0, 0, 0, 1]",1,011110010000001
"[1, 0, 0, 0, 1, 0, 0, 1, 1, 1, 1, 1, 1, 1, 0]",2,100010011111110
"[0, 0, 1, 1, 1, 1, 0, 1, 0, 0, 1, 1, 0, 0, 1]",1,001111010011001
"[1, 1, 1, 0, 0, 0, 1, 1, 1, 1, 1, 1, 1, 0, 0]",1,111000111111100
"[1, 1, 0, 0, 0, 0, 1, 1, 0, 0, 1, 0, 0, 0, 1]",1,110000110010001
"[0, 0, 0, 0, 0, 1, 0, 1, 0, 1, 0, 0, 1, 1, 0]",1,000001010100110
"[0, 1, 1, 0, 1, 1, 1, 0, 1, 1, 1, 0, 0, 0, 1]",1,011011101110001
"[0, 1, 1, 1, 0, 0, 0, 0, 1, 1, 0, 0, 1, 1, 0]",1,011100001100110
"[0, 0, 0, 1, 0, 1, 1, 0, 1, 1, 0, 0, 0, 1, 0]",1,000101101100010
"[0, 0, 1, 0, 1, 0, 0, 0, 1, 0, 0, 1, 0, 0, 1]",1,001010001001001
"[0, 1, 1, 0, 0, 0, 0, 1, 0, 1, 1, 0, 0, 0, 1]",1,011000010110001
"[0, 1, 1, 0, 1, 0, 0, 1, 0, 0, 0, 0, 1, 1, 1]",1,011010010000111
"[0, 0, 0, 1, 1, 0, 1, 0, 1, 1, 0, 0, 0, 0, 0]",1,000110101100000
"[1, 1, 0, 0, 0, 1, 0, 1, 1, 0, 0, 0, 1, 1, 1]",1,110001011000111
"[0, 0, 0, 0, 1, 1, 0, 1, 0, 0, 1, 0, 0, 1, 1]",1,000011010010011
"[0, 0, 1, 0, 1, 1, 0, 1, 1, 0, 0, 1, 0, 0, 1]",1,001011011001001
"[1, 1, 0, 0, 1, 1, 1, 0, 0, 1, 0, 0, 0, 0, 0]",1,110011100100000
"[0, 1, 0, 1, 0, 1, 1, 1, 1, 1, 1, 1, 0, 1, 0]",1,010101111111010
"[1, 1, 1, 1, 0, 1, 0, 0, 1, 1, 1, 1, 1, 0, 0]",1,111101001111100
"[0, 0, 0, 0, 1, 0, 0, 0, 1, 0, 0, 1, 0, 0, 1]",1,000010001001001
"[0, 1, 1, 0, 1, 1, 0, 1, 0, 0, 1, 1, 0, 0, 1]",1,011011010011001
"[1, 1, 1, 0, 1, 1, 1, 1, 1, 0, 1, 1, 0, 1, 0]",1,111011111011010
"[1, 1, 0, 0, 1, 0, 1, 1, 1, 0, 1, 1, 1, 0, 1]",1,110010111011101
"[1, 0, 1, 0, 0, 0, 0, 1, 1, 0, 0, 1, 1, 1, 1]",1,101000011001111
"[0, 0, 0, 0, 1, 0, 1, 1, 1, 0, 1, 0, 1, 1, 1]",1,000010111010111
"[0, 1, 0, 0, 1, 1, 0, 1, 0, 0, 0, 1, 0, 0, 0]",1,010011010001000
"[1, 0, 0, 1, 1, 1, 0, 0, 0, 1, 0, 1, 0, 0, 1]",1,100111000101001
"[0, 0, 0, 1, 1, 1, 1, 0, 0, 0, 0, 0, 0, 0, 1]",1,000111100000001
"[1, 0, 1, 1, 0, 1, 0, 1, 1, 1, 0, 0, 0, 0, 0]",1,101101011100000
"[1, 1, 1, 0, 1, 0, 0, 1, 1, 0, 0, 1, 0, 0, 0]",1,111010011001000
"[0, 0, 0, 1, 0, 1, 1, 1, 1, 0, 1, 1, 1, 1, 0]",1,000101111011110
"[0, 0, 1, 0, 0, 1, 1, 0, 0, 0, 0, 0, 0, 0, 1]",1,001001100000001
"[1, 0, 1, 0, 1, 0, 1, 1, 0, 0, 0, 1, 1, 1, 0]",1,101010110001110
"[1, 1, 1, 0, 0, 1, 1, 1, 1, 1, 0, 0, 0, 0, 0]",1,111001111100000
"[0, 1, 0, 0, 0, 1, 0, 1, 0, 1, 1, 0, 0, 1, 0]",1,010001010110010
"[1, 1, 1, 0, 1, 1, 1, 1, 0, 0, 1, 1, 0, 1, 1]",1,111011110011011
"[1, 0, 1, 0, 1, 0, 0, 0, 0, 0, 1, 0, 1, 1, 1]",1,101010000010111
"[0, 0, 1, 1, 0, 1, 1, 0, 0, 0, 1, 0, 0, 0, 1]",1,001101100010001
"[1, 1, 0, 0, 1, 1, 0, 0, 1, 1, 1, 1, 0, 0, 0]",2,110011001111000
"[0, 0, 1, 1, 0, 1, 1, 1, 0, 1, 0, 1, 1, 0, 0]",1,001101110101100
"[1, 1, 0, 0, 1, 0, 0, 1, 0, 1, 1, 1, 1, 1, 0]",1,110010010111110
"[0, 1, 0, 1, 1, 0, 1, 1, 1, 1, 0, 0, 0, 1, 0]",1,010110111100010
"[0, 0, 0, 0, 0, 1, 1, 0, 0, 0, 1, 1, 0, 1, 0]",1,000001100011010
"[1, 1, 1, 0, 0, 1, 1, 0, 0, 1, 1, 0, 0, 1, 1]",1,111001100110011
"[0, 1, 1, 0, 1, 1, 1, 0, 1, 1, 1, 0, 0, 1, 1]",1,011011101110011
"[0, 0, 1, 0, 1, 1, 1, 1, 1, 1, 1, 0, 0, 1, 0]",1,001011111110010
"[0, 0, 0, 1, 0, 0, 1, 1, 0, 0, 1, 0, 0, 1, 0]",1,000100110010010
"[0, 0, 0, 0, 1, 1, 1, 1, 1, 1, 1, 0, 0, 0, 1]",1,000011111110001
"[1, 0, 1, 1, 0, 0, 0, 1, 1, 0, 1, 1, 0, 1, 1]",1,101100011011011
"[0, 1, 0, 0, 0, 1, 0, 0, 0, 0, 0, 0, 0, 0, 1]",1,010001000000001
"[0, 1, 1, 1, 1, 0, 0, 1, 1, 0, 0, 0, 1, 1, 0]",1,011110011000110
"[1, 1, 1, 1, 1, 0, 1, 1, 0, 0, 1, 1, 0, 1, 1]",1,111110110011011
"[1, 1, 1, 1, 1, 0, 0, 0, 1, 0, 1, 1, 0, 1, 0]",1,111110001011010
"[1, 1, 0, 1, 1, 0, 0, 0, 1, 1, 1, 0, 1, 0, 0]",1,110110001110100
"[1, 1, 0, 1, 1, 0, 0, 1, 0, 1, 0, 0, 1, 1, 0]",1,110110010100110
"[0, 0, 0, 1, 1, 1, 1, 1, 0, 1, 1, 1, 0, 1, 1]",1,000111110111011
"[1, 1, 1, 1, 1, 1, 0, 0, 1, 1, 1, 0, 1, 1, 1]",1,111111001110111
"[0, 1, 0, 0, 0, 0, 0, 0, 1, 0, 0, 1, 0, 0, 1]",1,010000001001001
"[1, 1, 0, 1, 1, 0, 1, 1, 1, 0, 0, 0, 0, 0, 1]",1,110110111000001
"[1, 1, 0, 0, 1, 1, 1, 0, 0, 0, 1, 0, 1, 1, 0]",1,110011100010110
"[0, 1, 1, 0, 0, 0, 1, 0, 1, 1, 0, 0, 1, 1, 0]",1,011000101100110
"[1, 1, 1, 0, 0, 0, 1, 0, 0, 1, 1, 1, 1, 1, 0]",2,111000100111110
"[1, 1, 0, 1, 0, 1, 1, 1, 0, 0, 1, 1, 1, 0, 0]",1,110101110011100
"[0, 0, 0, 1, 1, 1, 0, 0, 0, 1, 1, 0, 0, 0, 0]",1,000111000110000
"[1, 0, 1, 1, 1, 0, 1, 1, 0, 0, 0, 1, 0, 1, 0]",1,101110110001010
"[1, 0, 1, 1, 0, 1, 0, 1, 0, 0, 1, 1, 1, 0, 1]",1,101101010011101
"[0, 0, 1, 0, 0, 0, 0, 1, 0, 0, 1, 0, 1, 1, 1]",1,001000010010111
"[1, 0, 1, 1, 1, 1, 1, 1, 1, 1, 0, 1, 1, 0, 0]",1,101111111101100
"[1, 0, 0, 0, 1, 1, 1, 1, 0, 1, 1, 0, 0, 1, 0]",1,100011110110010
"[0, 1, 0, 1, 1, 0, 1, 1, 1, 0, 1, 1, 0, 1, 0]",1,010110111011010
"[0, 0, 0, 0, 1, 1, 0, 0, 0, 1, 1, 0, 0, 0, 0]",1,000011000110000
"[1, 0, 0, 1, 0, 1, 1, 0, 0, 0, 1, 1, 0, 1, 1]",1,100101100011011
"[1, 1, 0, 1, 1, 0, 1, 0, 0, 1, 0, 1, 1, 1, 0]",1,110110100101110
"[1, 0, 1, 1, 1, 1, 1, 0, 0, 1, 0, 1, 1, 1, 1]",1,101111100101111
"[1, 0, 1, 0, 1, 1, 0, 0, 1, 1, 1, 0, 0, 0, 0]",1,101011001110000
"[1, 1, 1, 0, 1, 1, 1, 0, 0, 0, 0, 1, 1, 0, 0]",1,111011100001100
"[1, 1, 0, 1, 1, 1, 1, 1, 0, 1, 1, 0, 1, 1, 0]",1,110111110110110
"[1, 1, 1, 1, 1, 0, 1, 1, 1, 1, 0, 1, 0, 0, 1]",1,111110111101001
"[1, 1, 1, 1, 0, 1, 1, 0, 0, 0, 0, 0, 0, 1, 0]",2,111101100000010
"[1, 1, 1, 1, 0, 1, 1, 0, 0, 0, 1, 1, 1, 1, 1]",1,111101100011111
"[1, 0, 1, 1, 1, 0, 1, 1, 0, 0, 0, 1, 1, 0, 1]",1,101110110001101
"[1, 1, 0, 1, 1, 1, 0, 1, 1, 1, 0, 1, 1, 0, 1]",1,110111011101101
"[0, 1, 1, 0, 0, 1, 1, 0, 0, 1, 0, 1, 1, 1, 1]",1,011001100101111
"[0, 0, 0, 1, 0, 0, 0, 0, 0, 1, 0, 0, 0, 0, 1]",1,000100000100001
"[1, 0, 1, 1, 1, 0, 0, 1, 0, 1, 0, 0, 0, 0, 1]",1,101110010100001
"[0, 0, 1, 1, 1, 0, 1, 1, 0, 0, 0, 0, 1, 1, 1]",1,001110110000111
"[0, 1, 0, 0, 1, 0, 0, 0, 0, 1, 1, 0, 0, 0, 1]",1,010010000110001
"[1, 0, 1, 1, 0, 0, 0, 0, 1, 1, 0, 0, 1, 0, 0]",1,101100001100100
"[0, 1, 0, 1, 1, 0, 0, 0, 0, 0, 0, 0, 0, 0, 1]",1,010110000000001
"[0, 1, 1, 0, 0, 0, 1, 1, 1, 0, 1, 0, 0, 1, 1]",1,011000111010011
"[1, 1, 1, 0, 0, 1, 0, 1, 1, 0, 0, 0, 0, 1, 1]",1,111001011000011
"[0, 0, 0, 1, 0, 1, 0, 0, 0, 0, 0, 1, 0, 0, 1]",1,000101000001001
"[1, 1, 1, 1, 1, 0, 0, 1, 0, 0, 0, 0, 1, 0, 1]",1,111110010000101
"[1, 1, 1, 0, 0, 1, 0, 1, 0, 1, 1, 1, 0, 0, 1]",1,111001010111001
"[1, 0, 1, 1, 1, 0, 0, 1, 0, 0, 0, 0, 1, 0, 1]",1,101110010000101
"[1, 1, 1, 1, 0, 1, 1, 1, 0, 0, 0, 1, 0, 1, 1]",1,111101110001011
"[0, 1, 1, 0, 1, 1, 1, 0, 1, 1, 0, 0, 0, 1, 1]",1,011011101100011
"[1, 1, 1, 1, 0, 0, 1, 0, 0, 1, 0, 0, 0, 1, 1]",1,111100100100011
"[0, 0, 1, 0, 0, 1, 0, 1, 1, 0, 0, 1, 0, 0, 1]",1,001001011001001
"[1, 1, 1, 1, 1, 1, 1, 1, 0, 1, 1, 0, 1, 1, 0]",1,111111110110110
"[0, 1, 1, 0, 0, 1, 0, 1, 0, 0, 1, 0, 1, 1, 0]",1,011001010010110
"[1, 0, 0, 1, 1, 0, 0, 1, 1, 0, 1, 1, 0, 0, 1]",1,100110011011001
"[0, 1, 1, 1, 0, 0, 1, 0, 1, 1, 1, 0, 0, 1, 1]",1,011100101110011
"[1, 1, 0, 1, 1, 1, 1, 0, 0, 0, 1, 1, 0, 0, 1]",1,110111100011001
"[1, 1, 1, 0, 0, 1, 1, 1, 1, 0, 0, 1, 0, 0, 0]",1,111001111001000
"[1, 0, 0, 0, 1, 1, 1, 1, 1, 0, 1, 1, 0, 1, 0]",1,100011111011010
"[1, 0, 0, 1, 0, 0, 0, 1, 0, 0, 0, 0, 0, 0, 1]",1,100100010000001
"[1, 1, 1, 1, 0, 0, 1, 1, 1, 1, 1, 0, 1, 0, 0]",1,111100111110100
"[0, 0, 0, 0, 0, 0, 1, 1, 0, 0, 0, 1, 0, 0, 0]",1,000000110001000
"[1, 0, 1, 1, 0, 0, 0, 1, 1, 1, 0, 0, 1, 1, 1]",1,101100011100111
"[0, 1, 1, 0, 1, 1, 1, 0, 0, 1, 0, 0, 0, 0, 0]",1,011011100100000
"[1, 1, 0, 0, 1, 0, 0, 1, 0, 0, 1, 0, 0, 1, 1]",1,110010010010011
"[0, 1, 1, 0, 0, 0, 0, 1, 1, 1, 1, 1, 1, 1, 0]",1,011000011111110
"[1, 0, 1, 1, 1, 1, 1, 0, 1, 1, 0, 1, 0, 0, 1]",1,101111101101001
"[0, 0, 1, 0, 1, 1, 1, 1, 0, 0, 0, 0, 1, 1, 0]",2,001011110000110
"[1, 0, 1, 1, 0, 0, 1, 0, 0, 1, 1, 0, 0, 1, 1]",1,101100100110011
"[0, 0, 1, 0, 1, 0, 0, 0, 0, 1, 0, 1, 1, 0, 1]",1,001010000101101
"[1, 0, 1, 0, 0, 1, 0, 1, 1, 1, 0, 1, 1, 1, 1]",1,101001011101111
"[0, 0, 0, 1, 1, 0, 0, 0, 1, 1, 0, 1, 0, 1, 1]",1,000110001101011
"[1, 1, 0, 0, 1, 1, 0, 0, 1, 0, 1, 0, 1, 0, 0]",1,110011001010100
"[0, 0, 1, 1, 1, 1, 1, 1, 1, 0, 1, 1, 0, 0, 1]",1,001111111011001
"[1, 0, 1, 1, 0, 1, 1, 0, 0, 1, 0, 0, 1, 1, 0]",1,101101100100110
"[1, 1, 0, 1, 1, 0, 0, 0, 1, 0, 1, 1, 1, 0, 0]",1,110110001011100
"[0, 0, 0, 1, 1, 1, 0, 0, 1, 0, 1, 1, 0, 0, 1]",1,000111001011001
"[0, 0, 1, 1, 0, 1, 1, 1, 1, 1, 0, 1, 0, 0, 1]",1,001101111101001
"[0, 0, 1, 1, 0, 1, 0, 0, 1, 1, 0, 1, 0, 1, 0]",1,001101001101010
"[0, 0, 1, 0, 0, 0, 0, 1, 0, 1, 1, 1, 0, 1, 1]",1,001000010111011
"[1, 1, 0, 1, 0, 0, 0, 1, 0, 0, 0, 0, 1, 0, 1]",1,110100010000101
"[1, 1, 1, 0, 1, 0, 0, 1, 1, 1, 1, 0, 1, 0, 0]",1,111010011110100
"[0, 0, 1, 0, 1, 0, 1, 0, 0, 1, 0, 0, 1, 1, 0]",1,001010100100110
"[0, 1, 1, 0, 0, 1, 1, 1, 0, 1, 1, 1, 1, 0, 0]",1,011001110111100
"[1, 0, 0, 0, 0, 1, 1, 0, 0, 0, 1, 1, 1, 0, 0]",1,100001100011100
"[0, 1, 0, 1, 1, 1, 0, 0, 0, 0, 1, 1, 0, 0, 1]",1,010111000011001
"[0, 0, 0, 1, 0, 1, 1, 1, 1, 0, 1, 0, 1, 1, 0]",1,000101111010110
"[0, 0, 1, 0, 1, 0, 1, 0, 1, 1, 1, 1, 1, 0, 0]",1,001010101111100
"[1, 0, 1, 0, 0, 0, 0, 0, 1, 0, 0, 1, 1, 0, 0]",1,101000001001100
"[1, 0, 0, 0, 1, 0, 1, 0, 0, 1, 0, 1, 1, 1, 1]",1,100010100101111
"[1, 0, 0, 1, 0, 0, 0, 0, 0, 0, 1, 1, 0, 0, 0]",1,100100000011000
"[0, 1, 1, 0, 0, 1, 1, 1, 0, 1, 0, 0, 1, 0, 0]",1,011001110100100
"[1, 1, 1, 1, 0, 1, 1, 1, 1, 0, 1, 0, 1, 1, 1]",1,111101111010111
"[0, 0, 0, 0, 0, 1, 1, 0, 0, 0, 0, 0, 1, 0, 1]",1,000001100000101
"[0, 0, 1, 1, 0, 1, 0, 0, 1, 0, 0, 1, 1, 1, 1]",1,001101001001111
"[1, 1, 1, 0, 1, 0, 1, 1, 0, 1, 0, 1, 1, 0, 0]",1,111010110101100
"[1, 1, 0, 0, 0, 1, 1, 1, 0, 1, 1, 1, 1, 0, 0]",1,110001110111100
"[0, 1, 0, 1, 1, 0, 0, 0, 0, 1, 1, 1, 0, 1, 1]",1,010110000111011
"[0, 0, 0, 0, 0, 0, 0, 1, 1, 0, 0, 0, 0, 0, 1]",1,000000011000001
"[1, 1, 0, 0, 0, 1, 1, 1, 1, 1, 0, 1, 0, 1, 0]",1,110001111101010
"[1, 0, 1, 1, 1, 0, 1, 1, 0, 0, 1, 0, 1, 0, 1]",1,101110110010101
"[1, 0, 1, 1, 1, 1, 1, 1, 0, 0, 1, 1, 0, 1, 0]",1,101111110011010
"[1, 0, 1, 1, 1, 1, 0, 1, 0, 0, 0, 1, 1, 1, 0]",1,101111010001110
"[0, 1, 0, 0, 0, 1, 1, 1, 0, 1, 0, 0, 0, 0, 1]",1,010001110100001
"[0, 1, 1, 0, 1, 1, 1, 0, 1, 1, 0, 1, 0, 1, 0]",1,011011101101010
"[0, 0, 0, 1, 1, 1, 1, 0, 1, 0, 0, 0, 0, 1, 1]",1,000111101000011
"[1, 0, 1, 0, 0, 1, 1, 1, 1, 0, 1, 0, 0, 0, 0]",1,101001111010000
"[1, 1, 0, 1, 1, 0, 1, 1, 0, 1, 0, 0, 0, 0, 1]",1,110110110100001
"[0, 1, 1, 0, 1, 0, 1, 0, 0, 0, 1, 1, 1, 1, 1]",1,011010100011111
"[1, 1, 0, 0, 1, 1, 1, 1, 1, 1, 1, 0, 1, 0, 0]",1,110011111110100
"[0, 1, 1, 0, 0, 0, 0, 0, 1, 0, 1, 0, 1, 0, 1]",1,011000001010101
"[1, 0, 0, 0, 1, 0, 1, 1, 0, 0, 1, 0, 0, 1, 0]",1,100010110010010
"[0, 0, 1, 1, 0, 0, 0, 1, 1, 0, 0, 0, 1, 0, 1]",1,001100011000101
"[1, 1, 0, 1, 1, 1, 1, 1, 0, 0, 0, 0, 0, 0, 1]",1,110111110000001
"[1, 1, 1, 0, 0, 0, 1, 1, 0, 1, 1, 1, 0, 1, 1]",1,111000110111011
"[0, 1, 1, 0, 1, 0, 0, 0, 0, 0, 0, 0, 1, 1, 1]",1,011010000000111
"[1, 0, 0, 1, 1, 1, 1, 1, 0, 0, 0, 1, 0, 0, 0]",1,100111110001000
"[1, 0, 1, 0, 0, 0, 1, 1, 1, 0, 1, 1, 1, 1, 0]",1,101000111011110
"[1, 0, 0, 1, 0, 0, 0, 0, 0, 1, 1, 1, 1, 1, 1]",1,100100000111111
"[1, 1, 0, 0, 0, 0, 0, 1, 0, 1, 0, 0, 0, 0, 1]",1,110000010100001
"[0, 1, 1, 0, 1, 1, 1, 0, 1, 1, 0, 1, 1, 1, 1]",1,011011101101111
"[0, 0, 1, 1, 1, 1, 0, 0, 1, 0, 0, 1, 1, 0, 1]",2,001111001001101
"[0, 0, 1, 0, 1, 1, 1, 1, 1, 0, 0, 0, 1, 1, 0]",1,001011111000110
"[0, 0, 1, 1, 0, 0, 0, 1, 0, 1, 1, 1, 0, 0, 0]",1,001100010111000
"[0, 0, 0, 0, 0, 0, 0, 0, 0, 0, 0, 1, 1, 1, 0]",1,000000000001110
"[1, 0, 0, 1, 0, 1, 1, 1, 1, 0, 1, 0, 1, 1, 0]",1,100101111010110
"[1, 0, 1, 1, 1, 1, 1, 0, 1, 0, 0, 0, 1, 1, 0]",1,101111101000110
"[0, 0, 1, 1, 0, 0, 0, 0, 1, 1, 0, 0, 1, 0, 0]",1,001100001100100
"[0, 1, 0, 0, 1, 1, 0, 1, 1, 0, 1, 0, 0, 1, 1]",1,010011011010011
"[1, 0, 0, 0, 1, 1, 1, 0, 1, 0, 1, 0, 0, 1, 0]",1,100011101010010
"[1, 1, 1, 0, 0, 0, 0, 0, 1, 0, 1, 0, 0, 0, 0]",1,111000001010000
"[0, 1, 0, 0, 0, 0, 1, 1, 1, 0, 1, 1, 0, 1, 1]",1,010000111011011
"[1, 0, 1, 1, 1, 1, 0, 0, 0, 1, 1, 1, 0, 1, 0]",1,101111000111010
"[1, 0, 0, 1, 1, 0, 0, 0, 1, 0, 0, 0, 1, 1, 1]",1,100110001000111
"[0, 0, 0, 1, 0, 0, 0, 1, 0, 1, 0, 1, 1, 1, 0]",1,000100010101110
"[0, 1, 0, 1, 1, 1, 1, 0, 0, 0, 0, 1, 0, 0, 0]",1,010111100001000
"[0, 1, 1, 1, 1, 1, 1, 0, 0, 0, 1, 1, 0, 0, 1]",1,011111100011001
"[0, 1, 1, 0, 0, 1, 1, 1, 0, 0, 1, 1, 1, 0, 0]",2,011001110011100
"[1, 0, 0, 0, 1, 1, 0, 0, 1, 1, 1, 1, 1, 0, 1]",1,100011001111101
"[0, 0, 0, 0, 1, 0, 1, 1, 0, 0, 1, 0, 1, 1, 1]",1,000010110010111
"[1, 1, 1, 1, 0, 0, 1, 1, 1, 1, 1, 1, 1, 0, 1]",1,111100111111101
"[0, 0, 1, 1, 1, 1, 0, 0, 0, 1, 1, 0, 0, 1, 0]",1,001111000110010
"[0, 0, 1, 0, 1, 0, 0, 1, 1, 1, 1, 1, 1, 0, 1]",1,001010011111101
"[1, 1, 1, 0, 0, 1, 1, 1, 1, 0, 0, 1, 1, 0, 0]",1,111001111001100
"[0, 1, 0, 1, 1, 0, 1, 0, 0, 0, 0, 0, 1, 0, 1]",1,010110100000101
"[0, 1, 0, 1, 1, 0, 1, 0, 1, 1, 0, 0, 1, 1, 1]",1,010110101100111
"[0, 0, 0, 1, 1, 1, 1, 1, 0, 0, 1, 0, 1, 1, 0]",1,000111110010110
"[1, 0, 0, 1, 1, 1, 0, 0, 1, 0, 0, 0, 1, 1, 0]",1,100111001000110
"[1, 0, 1, 0, 0, 1, 0, 0, 0, 0, 1, 1, 1, 0, 1]",1,101001000011101
"[1, 1, 0, 1, 0, 0, 0, 1, 1, 0, 1, 1, 1, 0, 0]",1,110100011011100
"[0, 0, 1, 0, 0, 0, 1, 1, 0, 0, 0, 0, 0, 1, 0]",1,001000110000010
"[1, 1, 1, 0, 0, 0, 0, 0, 0, 0, 1, 1, 1, 0, 0]",1,111000000011100
"[0, 0, 1, 1, 1, 1, 0, 1, 1, 0, 0, 0, 1, 0, 0]",1,001111011000100
"[0, 0, 1, 1, 0, 0, 0, 1, 0, 1, 0, 1, 1, 0, 0]",1,001100010101100
"[1, 0, 0, 0, 0, 0, 1, 1, 1, 1, 1, 1, 1, 0, 1]",1,100000111111101
"[1, 0, 1, 0, 0, 0, 1, 1, 1, 1, 0, 1, 1, 0, 1]",1,101000111101101
"[1, 1, 0, 1, 0, 0, 0, 0, 1, 0, 0, 1, 1, 0, 1]",1,110100001001101
"[1, 0, 0, 0, 1, 1, 0, 1, 0, 0, 1, 1, 0, 1, 1]",1,100011010011011
"[1, 0, 1, 1, 1, 1, 0, 0, 0, 1, 1, 0, 0, 1, 1]",1,101111000110011
"[1, 1, 1, 1, 1, 0, 1, 1, 0, 1, 1, 0, 0, 0, 1]",1,111110110110001
"[1, 1, 1, 1, 1, 1, 0, 0, 1, 1, 0, 1, 0, 0, 1]",1,111111001101001
"[0, 1, 1, 0, 0, 0, 0, 0, 1, 0, 1, 0, 0, 0, 0]",1,011000001010000
"[0, 0, 0, 0, 1, 0, 1, 1, 1, 0, 0, 0, 1, 0, 0]",1,000010111000100
"[1, 1, 0, 0, 0, 0, 1, 1, 1, 1, 1, 1, 1, 0, 1]",1,110000111111101
"[1, 0, 1, 1, 1, 0, 1, 1, 1, 0, 0, 1, 0, 1, 1]",1,101110111001011
"[1, 1, 0, 0, 1, 0, 0, 1, 1, 1, 0, 1, 0, 1, 0]",1,110010011101010
"[1, 1, 1, 0, 0, 1, 0, 0, 1, 1, 1, 1, 0, 0, 0]",1,111001001111000
"[0, 0, 0, 1, 0, 1, 0, 1, 0, 1, 0, 0, 0, 1, 1]",1,000101010100011
"[1, 1, 0, 0, 0, 1, 1, 1, 0, 1, 0, 1, 1, 1, 0]",1,110001110101110
"[0, 1, 0, 0, 1, 1, 0, 1, 0, 1, 1, 1, 1, 1, 0]",1,010011010111110
"[0, 1, 0, 0, 1, 1, 0, 1, 0, 1, 1, 1, 0, 0, 0]",1,010011010111000
"[0, 1, 0, 0, 1, 1, 1, 1, 1, 1, 1, 0, 0, 0, 1]",1,010011111110001
"[1, 1, 0, 1, 1, 0, 0, 0, 1, 1, 1, 1, 0, 0, 0]",1,110110001111000
"[0, 0, 0, 0, 1, 0, 1, 1, 1, 0, 0, 1, 0, 0, 1]",1,000010111001001
"[1, 0, 0, 1, 1, 0, 0, 0, 0, 0, 0, 1, 1, 1, 0]",1,100110000001110
"[0, 0, 0, 0, 1, 1, 1, 0, 1, 1, 0, 1, 1, 1, 1]",1,000011101101111
"[0, 1, 1, 1, 1, 1, 0, 0, 0, 0, 0, 0, 1, 0, 0]",1,011111000000100
"[0, 1, 1, 1, 1, 0, 1, 1, 1, 1, 0, 0, 1, 0, 1]",1,011110111100101
"[0, 1, 0, 0, 1, 0, 0, 0, 1, 0, 1, 1, 0, 1, 0]",1,010010001011010
"[1, 1, 1, 1, 1, 0, 1, 0, 0, 0, 0, 0, 0, 1, 0]",1,111110100000010
"[1, 0, 0, 1, 0, 1, 0, 1, 0, 0, 0, 0, 0, 0, 1]",1,100101010000001
"[0, 1, 0, 0, 0, 0, 1, 0, 0, 1, 0, 0, 1, 0, 1]",1,010000100100101
"[0, 1, 0, 1, 1, 0, 1, 1, 1, 1, 1, 0, 1, 1, 1]",1,010110111110111
"[1, 1, 1, 1, 0, 0, 1, 1, 0, 1, 0, 1, 1, 0, 1]",1,111100110101101
"[1, 0, 1, 1, 0, 1, 1, 0, 1, 1, 0, 1, 1, 0, 1]",1,101101101101101
"[0, 0, 1, 0, 0, 0, 0, 1, 1, 1, 1, 1, 0, 0, 1]",1,001000011111001
"[1, 0, 1, 0, 1, 1, 1, 1, 1, 1, 0, 0, 1, 1, 1]",1,101011111100111
"[1, 0, 1, 1, 0, 0, 1, 0, 1, 0, 1, 1, 1, 1, 1]",1,101100101011111
"[0, 0, 1, 1, 0, 1, 0, 1, 0, 1, 0, 0, 1, 1, 1]",1,001101010100111
"[0, 1, 1, 0, 1, 1, 1, 0, 0, 1, 1, 0, 1, 0, 0]",1,011011100110100
"[0, 1, 1, 1, 0, 0, 1, 0, 1, 0, 0, 1, 0, 0, 1]",1,011100101001001
"[0, 1, 0, 1, 0, 0, 0, 0, 1, 1, 0, 0, 1, 0, 1]",1,010100001100101
"[0, 0, 1, 0, 0, 0, 0, 1, 1, 0, 1, 1, 1, 0, 1]",1,001000011011101
"[1, 0, 0, 0, 0, 0, 1, 0, 1, 1, 1, 1, 1, 1, 0]",1,100000101111110
"[0, 1, 0, 0, 0, 1, 0, 0, 1, 1, 1, 1, 1, 1, 0]",1,010001001111110
"[1, 1, 0, 1, 0, 1, 0, 1, 1, 0, 0, 1, 0, 1, 1]",1,110101011001011
"[0, 0, 1, 0, 1, 0, 1, 1, 0, 0, 0, 1, 1, 1, 0]",1,001010110001110
"[1, 0, 1, 0, 0, 1, 1, 1, 1, 1, 0, 0, 0, 1, 0]",1,101001111100010
"[1, 1, 0, 1, 1, 1, 0, 0, 0, 1, 0, 1, 1, 0, 1]",1,110111000101101
"[1, 0, 1, 1, 0, 1, 1, 0, 1, 0, 0, 0, 0, 0, 0]",1,101101101000000
"[0, 1, 0, 1, 1, 0, 0, 0, 1, 0, 0, 0, 0, 1, 1]",1,010110001000011
"[1, 0, 0, 1, 1, 0, 0, 0, 0, 1, 0, 0, 1, 1, 1]",1,100110000100111
"[1, 1, 0, 1, 0, 0, 0, 1, 0, 1, 1, 1, 1, 1, 0]",1,110100010111110
"[0, 0, 1, 0, 1, 0, 1, 1, 0, 1, 1, 0, 1, 0, 1]",1,001010110110101
"[1, 0, 1, 1, 1, 0, 1, 1, 0, 1, 0, 1, 1, 1, 0]",1,101110110101110
"[1, 0, 0, 1, 0, 1, 0, 1, 1, 1, 0, 0, 1, 1, 0]",1,100101011100110
"[0, 0, 1, 0, 1, 1, 0, 1, 0, 0, 1, 0, 1, 0, 0]",1,001011010010100
"[1, 1, 1, 1, 0, 0, 0, 0, 1, 1, 1, 0, 1, 1, 1]",1,111100001110111
"[1, 0, 0, 0, 1, 1, 0, 1, 0, 0, 1, 0, 1, 1, 1]",1,100011010010111
"[0, 0, 0, 0, 0, 1, 1, 1, 1, 0, 1, 1, 0, 1, 1]",1,000001111011011
"[0, 0, 0, 0, 0, 1, 0, 0, 1, 1, 0, 0, 1, 0, 0]",1,000001001100100
"[0, 0, 0, 1, 1, 0, 0, 1, 0, 0, 1, 0, 1, 0, 0]",1,000110010010100
"[0, 0, 0, 0, 0, 1, 1, 1, 0, 1, 1, 1, 0, 1, 1]",1,000001110111011
"[1, 1, 1, 1, 0, 1, 0, 0, 0, 1, 0, 1, 0, 1, 0]",1,111101000101010
"[0, 0, 0, 0, 0, 0, 1, 0, 1, 1, 0, 1, 1, 0, 1]",1,000000101101101
"[0, 0, 1, 1, 1, 0, 1, 0, 1, 0, 0, 0, 0, 1, 1]",1,001110101000011
"[1, 1, 1, 1, 0, 0, 1, 0, 1, 1, 1, 0, 0, 1, 1]",1,111100101110011
"[1, 0, 0, 1, 0, 0, 1, 1, 0, 0, 1, 1, 1, 0, 1]",1,100100110011101
"[0, 0, 0, 1, 1, 0, 1, 0, 1, 1, 1, 0, 1, 0, 0]",1,000110101110100
"[1, 0, 0, 0, 0, 0, 0, 0, 0, 0, 1, 0, 1, 1, 1]",1,100000000010111
"[1, 0, 1, 0, 0, 1, 0, 1, 1, 0, 1, 1, 1, 0, 0]",1,101001011011100
"[1, 0, 0, 0, 1, 1, 0, 0, 0, 0, 1, 0, 1, 1, 1]",1,100011000010111
"[0, 1, 0, 0, 1, 1, 0, 1, 0, 0, 0, 0, 0, 1, 0]",1,010011010000010
"[0, 0, 0, 1, 1, 0, 0, 1, 1, 1, 1, 0, 0, 1, 0]",1,000110011110010
"[1, 1, 1, 0, 0, 0, 0, 0, 1, 0, 1, 0, 1, 1, 0]",1,111000001010110
"[1, 0, 1, 1, 1, 0, 1, 1, 0, 0, 1, 0, 0, 1, 0]",1,101110110010010
"[0, 1, 1, 0, 1, 1, 1, 1, 0, 1, 0, 1, 1, 0, 1]",1,011011110101101
"[0, 0, 1, 0, 1, 1, 1, 0, 1, 0, 1, 1, 1, 1, 1]",1,001011101011111
"[0, 1, 0, 0, 1, 1, 1, 0, 1, 1, 1, 1, 1, 0, 1]",1,010011101111101
"[0, 1, 0, 1, 1, 1, 0, 0, 1, 1, 0, 1, 1, 0, 1]",1,010111001101101
"[1, 1, 1, 0, 0, 0, 1, 0, 1, 1, 1, 1, 0, 1, 0]",1,111000101111010
"[1, 0, 0, 0, 0, 0, 0, 1, 1, 1, 0, 0, 1, 1, 0]",1,100000011100110
"[0, 0, 1, 1, 1, 1, 0, 0, 0, 0, 0, 1, 0, 0, 0]",1,001111000001000
"[0, 1, 0, 1, 1, 1, 0, 0, 0, 1, 0, 0, 1, 0, 1]",1,010111000100101
"[1, 1, 1, 0, 1, 0, 1, 1, 0, 1, 1, 1, 0, 1, 0]",1,111010110111010
"[0, 0, 0, 1, 1, 1, 1, 1, 0, 0, 0, 1, 0, 1, 1]",1,000111110001011
"[0, 0, 1, 1, 1, 1, 0, 1, 1, 1, 0, 1, 1, 1, 0]",1,001111011101110
"[0, 1, 1, 1, 0, 0, 1, 0, 1, 1, 1, 0, 1, 1, 1]",1,011100101110111
"[1, 0, 1, 1, 0, 1, 1, 0, 0, 1, 0, 0, 0, 1, 0]",1,101101100100010
"[1, 1, 1, 1, 1, 1, 1, 1, 1, 1, 1, 1, 1, 1, 1]",1,111111111111111
"[1, 0, 0, 1, 0, 0, 1, 0, 0, 1, 1, 0, 0, 1, 1]",1,100100100110011
"[1, 1, 1, 0, 1, 0, 1, 0, 1, 0, 1, 0, 1, 1, 0]",1,111010101010110
"[0, 0, 1, 1, 1, 1, 1, 1, 1, 0, 1, 1, 0, 0, 0]",1,001111111011000
"[0, 1, 0, 0, 0, 1, 1, 1, 1, 1, 0, 1, 1, 1, 1]",1,010001111101111
"[1, 0, 0, 0, 1, 0, 1, 1, 1, 1, 1, 1, 0, 1, 1]",1,100010111111011
"[0, 0, 1, 1, 1, 0, 0, 1, 0, 0, 1, 0, 1, 1, 1]",1,001110010010111
"[0, 1, 1, 1, 1, 1, 0, 0, 1, 0, 1, 1, 1, 0, 1]",1,011111001011101
"[1, 1, 0, 1, 0, 1, 1, 1, 1, 0, 0, 1, 0, 0, 0]",1,110101111001000
"[1, 0, 1, 1, 1, 0, 0, 1, 1, 0, 1, 0, 1, 1, 0]",1,101110011010110
"[1, 0, 1, 1, 0, 0, 0, 0, 0, 0, 1, 0, 1, 0, 1]",1,101100000010101
"[1, 1, 0, 0, 1, 1, 1, 0, 1, 1, 1, 0, 1, 0, 0]",1,110011101110100
"[1, 1, 1, 1, 0, 1, 0, 0, 0, 0, 1, 0, 0, 0, 1]",1,111101000010001
"[0, 1, 0, 1, 1, 1, 1, 0, 1, 1, 0, 1, 0, 0, 1]",1,010111101101001
"[0, 1, 0, 0, 1, 1, 0, 1, 0, 0, 0, 0, 0, 0, 0]",1,010011010000000
"[0, 0, 0, 0, 0, 0, 0, 1, 1, 1, 1, 0, 1, 1, 1]",1,000000011110111
"[0, 1, 0, 1, 0, 1, 1, 1, 0, 0, 0, 0, 1, 0, 1]",1,010101110000101
"[0, 0, 0, 1, 0, 1, 1, 0, 0, 0, 1, 0, 1, 1, 1]",1,000101100010111
"[0, 0, 1, 0, 0, 1, 1, 1, 1, 0, 0, 1, 1, 1, 1]",1,001001111001111
"[0, 1, 1, 1, 1, 0, 0, 0, 0, 0, 1, 1, 1, 0, 1]",1,011110000011101
"[0, 1, 1, 1, 0, 0, 0, 1, 1, 1, 1, 1, 0, 1, 0]",1,011100011111010
"[0, 1, 0, 0, 1, 0, 0, 0, 0, 0, 1, 0, 1, 1, 1]",1,010010000010111
"[0, 0, 0, 1, 1, 0, 0, 0, 1, 0, 0, 1, 1, 0, 1]",1,000110001001101
"[1, 0, 1, 1, 0, 1, 1, 0, 1, 0, 1, 0, 1, 0, 1]",1,101101101010101
"[1, 1, 1, 0, 0, 1, 1, 1, 1, 0, 1, 0, 1, 1, 0]",1,111001111010110
"[1, 1, 1, 0, 0, 0, 1, 1, 1, 0, 1, 0, 0, 0, 1]",1,111000111010001
"[1, 1, 0, 0, 0, 1, 1, 1, 0, 0, 0, 0, 1, 1, 1]",1,110001110000111
"[1, 0, 1, 0, 1, 1, 1, 0, 1, 0, 0, 1, 1, 0, 0]",1,101011101001100
"[0, 1, 1, 1, 1, 1, 1, 1, 1, 1, 0, 1, 1, 1, 1]",1,011111111101111
"[0, 0, 1, 0, 1, 1, 0, 0, 1, 1, 0, 1, 0, 0, 0]",1,001011001101000
"[1, 1, 1, 0, 1, 0, 0, 1, 1, 0, 1, 1, 1, 0, 1]",1,111010011011101
"[0, 1, 0, 1, 0, 0, 1, 0, 1, 0, 1, 1, 0, 1, 0]",1,010100101011010
"[1, 1, 0, 0, 0, 0, 1, 0, 1, 1, 0, 1, 0, 0, 1]",1,110000101101001
"[0, 0, 0, 0, 0, 1, 0, 0, 0, 1, 1, 1, 1, 1, 1]",1,000001000111111
"[0, 0, 0, 0, 1, 0, 1, 1, 0, 1, 0, 0, 1, 0, 1]",1,000010110100101
"[1, 1, 1, 0, 0, 0, 1, 0, 0, 0, 0, 0, 0, 0, 1]",1,111000100000001
"[0, 1, 1, 0, 1, 0, 1, 0, 0, 0, 1, 0, 1, 1, 1]",1,011010100010111
"[1, 0, 1, 0, 0, 0, 1, 1, 1, 0, 0, 1, 0, 1, 0]",1,101000111001010
"[0, 0, 1, 1, 1, 1, 0, 1, 1, 0, 0, 1, 1, 0, 1]",1,001111011001101
"[1, 1, 1, 0, 0, 0, 1, 0, 1, 0, 1, 1, 0, 0, 1]",1,111000101011001
"[1, 0, 0, 0, 1, 1, 1, 0, 1, 0, 0, 1, 0, 1, 1]",1,100011101001011
"[0, 0, 0, 1, 1, 1, 1, 0, 1, 0, 0, 1, 0, 1, 0]",1,000111101001010
"[0, 1, 0, 0, 1, 1, 0, 1, 1, 0, 1, 1, 0, 0, 0]",1,010011011011000
"[0, 0, 0, 0, 1, 0, 0, 0, 1, 1, 1, 1, 0, 1, 0]",1,000010001111010
"[1, 0, 1, 0, 1, 1, 0, 0, 0, 0, 1, 1, 0, 1, 0]",1,101011000011010
"[1, 1, 0, 0, 0, 0, 0, 0, 1, 1, 1, 0, 0, 0, 1]",1,110000001110001
"[0, 0, 1, 0, 1, 0, 0, 0, 1, 1, 0, 0, 1, 0, 1]",1,001010001100101
"[0, 0, 1, 0, 0, 1, 0, 1, 0, 1, 0, 1, 1, 1, 1]",1,001001010101111
"[0, 0, 0, 0, 1, 1, 0, 1, 1, 1, 1, 0, 0, 0, 1]",1,000011011110001
"[1, 1, 0, 1, 0, 1, 0, 1, 1, 0, 1, 1, 1, 0, 1]",1,110101011011101
"[0, 0, 1, 0, 1, 0, 0, 0, 0, 1, 1, 1, 1, 1, 1]",1,001010000111111
"[0, 0, 1, 0, 0, 0, 1, 0, 0, 1, 0, 0, 0, 1, 0]",1,001000100100010
"[0, 1, 1, 0, 1, 0, 0, 0, 1, 1, 1, 0, 1, 0, 0]",1,011010001110100
"[0, 1, 0, 0, 1, 1, 1, 1, 1, 0, 0, 0, 1, 0, 1]",1,010011111000101
"[1, 1, 0, 0, 0, 1, 0, 0, 1, 0, 0, 0, 1, 0, 1]",1,110001001000101
"[1, 1, 0, 1, 0, 1, 1, 0, 0, 1, 1, 1, 0, 1, 1]",1,110101100111011
"[1, 0, 1, 0, 1, 0, 1, 0, 1, 0, 0, 1, 0, 1, 1]",1,101010101001011
"[1, 0, 1, 0, 1, 1, 1, 1, 0, 1, 1, 1, 0, 1, 0]",1,101011110111010
"[0, 0, 1, 0, 0, 1, 0, 0, 0, 1, 1, 1, 0, 1, 0]",1,001001000111010
"[0, 1, 0, 0, 1, 1, 1, 1, 0, 0, 1, 1, 1, 1, 0]",1,010011110011110
"[1, 1, 1, 0, 1, 0, 0, 0, 1, 1, 1, 1, 0, 1, 1]",1,111010001111011
"[1, 1, 1, 1, 1, 1, 0, 1, 1, 1, 0, 1, 1, 1, 0]",1,111111011101110
"[0, 1, 0, 1, 1, 0, 0, 0, 1, 1, 0, 1, 1, 0, 1]",1,010110001101101
"[1, 0, 0, 1, 0, 1, 0, 0, 0, 0, 0, 0, 1, 0, 1]",1,100101000000101
"[0, 0, 1, 1, 0, 0, 0, 1, 1, 1, 0, 1, 0, 0, 0]",1,001100011101000
"[0, 1, 1, 1, 1, 0, 1, 0, 1, 1, 0, 0, 1, 1, 0]",1,011110101100110
"[1, 1, 1, 0, 0, 0, 1, 0, 0, 0, 1, 0, 0, 0, 1]",1,111000100010001
"[0, 0, 0, 1, 1, 0, 0, 0, 1, 0, 0, 0, 0, 0, 1]",1,000110001000001
"[1, 0, 0, 1, 0, 0, 1, 0, 1, 0, 1, 1, 1, 0, 0]",1,100100101011100
"[1, 1, 1, 0, 1, 0, 0, 1, 1, 0, 0, 0, 1, 0, 1]",1,111010011000101
"[0, 0, 0, 0, 0, 1, 1, 1, 1, 1, 0, 1, 1, 1, 0]",1,000001111101110
"[0, 1, 1, 0, 1, 0, 0, 1, 1, 0, 0, 1, 0, 1, 1]",1,011010011001011
"[1, 1, 0, 0, 1, 1, 0, 0, 1, 1, 0, 0, 1, 0, 0]",1,110011001100100
"[1, 1, 0, 0, 1, 0, 0, 0, 1, 1, 0, 0, 0, 1, 0]",1,110010001100010
"[1, 1, 0, 0, 0, 1, 0, 1, 1, 1, 0, 0, 1, 1, 1]",1,110001011100111
"[1, 1, 0, 0, 1, 1, 0, 1, 1, 0, 0, 1, 1, 1, 1]",1,110011011001111
"[1, 0, 1, 1, 0, 0, 1, 1, 0, 1, 1, 1, 1, 1, 1]",1,101100110111111
"[0, 0, 1, 0, 0, 1, 0, 0, 1, 0, 0, 0, 0, 0, 0]",1,001001001000000
"[0, 1, 0, 0, 1, 0, 0, 1, 1, 0, 0, 1, 1, 0, 0]",1,010010011001100
"[0, 1, 1, 1, 0, 1, 1, 0, 0, 1, 1, 0, 1, 0, 1]",1,011101100110101
"[1, 1, 1, 0, 0, 0, 0, 0, 1, 1, 1, 1, 0, 0, 0]",1,111000001111000
"[1, 0, 1, 0, 1, 1, 1, 1, 1, 0, 1, 0, 1, 0, 1]",1,101011111010101
"[0, 0, 1, 1, 1, 1, 0, 1, 0, 1, 0, 0, 1, 0, 0]",1,001111010100100
"[0, 0, 0, 1, 0, 1, 0, 0, 0, 0, 0, 1, 1, 1, 0]",1,000101000001110
"[1, 1, 0, 1, 1, 1, 0, 1, 1, 0, 0, 1, 1, 0, 0]",1,110111011001100
"[0, 0, 1, 0, 0, 1, 0, 0, 1, 0, 1, 1, 0, 1, 0]",1,001001001011010
"[0, 1, 0, 0, 1, 0, 0, 0, 1, 0, 0, 0, 1, 1, 1]",1,010010001000111
"[0, 0, 1, 1, 1, 1, 1, 1, 1, 1, 1, 1, 0, 1, 1]",1,001111111111011
"[1, 0, 1, 0, 0, 1, 1, 0, 0, 0, 0, 1, 1, 1, 1]",1,101001100001111
"[0, 0, 0, 1, 1, 1, 0, 0, 1, 0, 0, 1, 1, 1, 0]",1,000111001001110
"[1, 0, 0, 1, 0, 1, 0, 1, 0, 1, 1, 1, 0, 1, 0]",1,100101010111010
"[0, 1, 1, 1, 1, 1, 1, 0, 0, 0, 1, 0, 1, 0, 0]",1,011111100010100
"[0, 1, 0, 1, 0, 0, 1, 1, 1, 1, 1, 0, 1, 0, 1]",1,010100111110101
"[0, 0, 1, 0, 1, 1, 1, 0, 0, 1, 0, 1, 1, 0, 0]",1,001011100101100
"[1, 1, 1, 0, 1, 0, 1, 0, 0, 1, 1, 1, 1, 1, 0]",1,111010100111110
"[0, 1, 1, 0, 1, 1, 0, 0, 1, 1, 0, 1, 1, 1, 1]",1,011011001101111
"[1, 1, 1, 1, 0, 1, 1, 0, 0, 0, 1, 1, 1, 0, 0]",1,111101100011100
"[0, 0, 0, 1, 1, 0, 0, 1, 1, 1, 0, 0, 1, 0, 0]",1,000110011100100
"[0, 1, 0, 0, 1, 1, 0, 1, 1, 1, 0, 1, 1, 0, 1]",1,010011011101101
"[0, 1, 0, 1, 0, 1, 0, 0, 0, 0, 1, 0, 0, 1, 1]",1,010101000010011
"[1, 1, 1, 1, 0, 1, 1, 0, 1, 1, 0, 1, 0, 0, 1]",1,111101101101001
"[0, 1, 1, 1, 0, 0, 0, 1, 1, 1, 0, 1, 0, 1, 0]",1,011100011101010
"[1, 1, 1, 1, 0, 1, 0, 0, 0, 0, 0, 0, 0, 1, 0]",1,111101000000010
"[0, 1, 1, 0, 0, 1, 1, 1, 1, 1, 0, 0, 1, 0, 1]",1,011001111100101
"[0, 0, 0, 0, 0, 0, 0, 1, 0, 0, 1, 1, 0, 1, 1]",1,000000010011011
"[1, 1, 1, 1, 0, 0, 0, 1, 0, 1, 1, 1, 1, 1, 0]",1,111100010111110
"[1, 1, 0, 1, 1, 1, 0, 0, 1, 0, 1, 0, 1, 1, 1]",1,110111001010111
"[1, 1, 0, 0, 0, 1, 1, 1, 1, 0, 1, 1, 0, 1, 0]",1,110001111011010
"[1, 1, 0, 0, 0, 1, 1, 0, 1, 1, 0, 1, 1, 0, 0]",1,110001101101100
"[0, 1, 0, 0, 1, 0, 0, 1, 1, 1, 0, 0, 0, 0, 0]",1,010010011100000
"[1, 1, 0, 0, 0, 0, 1, 1, 0, 0, 1, 1, 1, 1, 1]",1,110000110011111
"[0, 0, 1, 0, 1, 0, 0, 0, 1, 0, 1, 0, 1, 0, 0]",1,001010001010100
"[0, 0, 1, 0, 1, 1, 0, 0, 0, 1, 1, 0, 0, 0, 1]",1,001011000110001
"[0, 1, 0, 0, 0, 1, 1, 0, 1, 0, 1, 0, 1, 1, 0]",1,010001101010110
"[0, 1, 1, 0, 1, 1, 0, 0, 1, 1, 1, 0, 0, 0, 1]",1,011011001110001
"[0, 0, 1, 0, 0, 0, 0, 0, 0, 1, 0, 0, 1, 0, 1]",1,001000000100101
"[1, 1, 0, 1, 1, 1, 0, 0, 0, 1, 0, 0, 1, 0, 1]",1,110111000100101
"[1, 1, 0, 0, 0, 1, 1, 0, 1, 0, 1, 1, 0, 1, 1]",1,110001101011011
"[0, 1, 1, 0, 1, 0, 1, 0, 0, 1, 1, 0, 0, 1, 1]",1,011010100110011
"[1, 0, 0, 0, 1, 0, 0, 0, 1, 1, 1, 1, 1, 0, 0]",1,100010001111100
"[1, 0, 0, 1, 1, 1, 0, 1, 0, 1, 0, 1, 1, 1, 1]",1,100111010101111
"[0, 0, 1, 1, 0, 0, 0, 0, 0, 1, 0, 1, 0, 0, 0]",1,001100000101000
"[1, 0, 0, 1, 0, 1, 0, 1, 0, 0, 1, 0, 1, 1, 1]",1,100101010010111
"[0, 1, 0, 0, 1, 1, 1, 0, 0, 1, 0, 0, 1, 1, 1]",1,010011100100111
"[1, 1, 0, 1, 0, 1, 0, 0, 0, 1, 1, 0, 1, 1, 0]",1,110101000110110
"[0, 0, 0, 1, 0, 1, 1, 1, 0, 1, 0, 1, 0, 1, 1]",1,000101110101011
"[1, 0, 0, 1, 0, 1, 0, 0, 1, 0, 1, 1, 1, 0, 1]",1,100101001011101
"[0, 1, 0, 0, 0, 0, 0, 1, 0, 1, 1, 1, 1, 1, 0]",1,010000010111110
"[1, 1, 0, 1, 0, 1, 1, 1, 1, 1, 1, 0, 1, 0, 1]",1,110101111110101
"[0, 1, 1, 0, 1, 0, 0, 0, 1, 1, 1, 0, 1, 1, 1]",1,011010001110111
"[1, 0, 1, 0, 0, 1, 1, 1, 1, 0, 1, 1, 1, 0, 0]",1,101001111011100
"[1, 0, 0, 1, 0, 0, 1, 1, 0, 0, 0, 0, 0, 0, 0]",1,100100110000000
"[1, 0, 0, 0, 0, 0, 1, 1, 0, 0, 0, 1, 0, 0, 0]",1,100000110001000
"[0, 0, 0, 0, 0, 1, 1, 1, 0, 0, 1, 0, 1, 0, 0]",1,000001110010100
"[1, 0, 1, 0, 1, 0, 0, 0, 0, 0, 0, 1, 0, 0, 0]",1,101010000001000
"[1, 1, 0, 0, 0, 1, 1, 0, 0, 0, 0, 0, 1, 1, 1]",1,110001100000111
"[1, 0, 1, 0, 1, 1, 1, 1, 1, 0, 0, 1, 0, 0, 0]",1,101011111001000
"[1, 1, 0, 0, 1, 0, 0, 1, 0, 0, 0, 0, 0, 0, 0]",1,110010010000000
"[1, 1, 0, 1, 0, 1, 1, 0, 0, 0, 0, 1, 1, 0, 0]",1,110101100001100
"[0, 1, 1, 0, 0, 1, 1, 1, 0, 0, 0, 1, 0, 0, 1]",1,011001110001001
"[0, 0, 0, 0, 0, 1, 0, 0, 1, 1, 0, 1, 1, 0, 1]",1,000001001101101
"[1, 0, 0, 1, 1, 1, 1, 1, 1, 1, 1, 0, 1, 1, 0]",1,100111111110110
"[0, 1, 1, 1, 1, 0, 1, 0, 0, 1, 0, 0, 1, 1, 0]",1,011110100100110
"[1, 0, 1, 0, 1, 0, 1, 0, 1, 1, 1, 0, 0, 1, 0]",1,101010101110010
"[0, 0, 1, 0, 1, 1, 1, 1, 0, 0, 1, 0, 1, 1, 1]",1,001011110010111
"[1, 0, 0, 1, 0, 1, 1, 0, 0, 1, 1, 0, 0, 1, 0]",1,100101100110010
"[0, 0, 0, 0, 0, 1, 0, 1, 0, 0, 0, 0, 1, 1, 1]",1,000001010000111
"[1, 1, 1, 1, 1, 1, 1, 1, 1, 1, 0, 1, 0, 1, 1]",1,111111111101011
"[0, 0, 1, 1, 0, 0, 0, 0, 0, 0, 0, 1, 0, 0, 0]",1,001100000001000
"[0, 1, 1, 0, 1, 0, 1, 0, 1, 0, 0, 0, 0, 1, 1]",1,011010101000011
"[0, 0, 0, 0, 1, 1, 0, 1, 1, 1, 1, 1, 0, 1, 0]",1,000011011111010
"[0, 0, 1, 1, 1, 1, 1, 0, 1, 0, 0, 0, 0, 0, 0]",1,001111101000000
"[0, 0, 0, 0, 0, 0, 1, 0, 0, 1, 0, 0, 0, 1, 1]",1,000000100100011
"[0, 1, 0, 0, 0, 0, 0, 0, 0, 0, 0, 0, 1, 0, 0]",1,010000000000100
"[1, 1, 1, 0, 1, 1, 1, 1, 0, 1, 0, 0, 0, 1, 1]",1,111011110100011
"[0, 1, 1, 0, 0, 1, 0, 0, 1, 0, 1, 0, 0, 0, 0]",1,011001001010000
"[0, 1, 0, 1, 0, 1, 0, 1, 1, 1, 1, 1, 0, 1, 0]",1,010101011111010
"[0, 0, 0, 1, 1, 0, 0, 0, 0, 1, 0, 1, 1, 0, 1]",1,000110000101101
"[0, 1, 0, 1, 0, 0, 1, 1, 1, 1, 1, 0, 1, 0, 0]",1,010100111110100
"[1, 0, 0, 0, 1, 1, 1, 0, 0, 1, 0, 0, 0, 1, 0]",1,100011100100010
"[1, 1, 0, 0, 0, 0, 1, 1, 1, 0, 1, 1, 1, 1, 0]",1,110000111011110
"[1, 1, 0, 0, 1, 0, 0, 0, 0, 0, 1, 1, 0, 1, 1]",1,110010000011011
"[1, 1, 1, 1, 1, 0, 1, 0, 0, 0, 0, 1, 1, 1, 0]",1,111110100001110
"[0, 1, 1, 1, 0, 1, 0, 0, 1, 0, 1, 0, 0, 1, 0]",1,011101001010010
"[0, 1, 0, 1, 0, 0, 0, 0, 1, 1, 1, 1, 1, 0, 1]",1,010100001111101
"[0, 1, 0, 0, 0, 0, 1, 0, 0, 1, 0, 1, 1, 1, 1]",1,010000100101111
"[1, 0, 1, 1, 1, 1, 1, 0, 1, 0, 0, 1, 0, 0, 0]",1,101111101001000
"[1, 0, 0, 0, 0, 0, 1, 0, 1, 0, 1, 0, 1, 0, 0]",1,100000101010100
"[1, 0, 1, 0, 0, 0, 0, 0, 1, 1, 0, 0, 0, 1, 1]",1,101000001100011
"[1, 1, 0, 1, 1, 1, 0, 1, 1, 1, 0, 1, 0, 0, 0]",1,110111011101000
"[0, 1, 1, 1, 0, 0, 0, 1, 0, 1, 0, 0, 1, 0, 1]",1,011100010100101
"[1, 1, 1, 0, 1, 1, 1, 0, 0, 1, 1, 0, 1, 1, 0]",1,111011100110110
"[0, 1, 0, 0, 1, 1, 1, 1, 0, 0, 1, 0, 1, 1, 0]",1,010011110010110
"[1, 1, 1, 1, 0, 1, 0, 1, 0, 1, 1, 1, 1, 0, 0]",1,111101010111100
"[0, 1, 0, 0, 1, 0, 1, 1, 0, 1, 1, 1, 1, 1, 0]",1,010010110111110
"[1, 0, 0, 0, 0, 1, 0, 0, 1, 0, 0, 0, 0, 1, 1]",1,100001001000011
"[1, 0, 0, 1, 0, 1, 0, 0, 1, 0, 0, 1, 0, 0, 0]",1,100101001001000
"[0, 1, 1, 0, 1, 0, 1, 1, 0, 1, 0, 1, 0, 1, 1]",1,011010110101011
"[1, 0, 0, 1, 0, 1, 1, 0, 0, 0, 0, 0, 0, 1, 1]",1,100101100000011
"[0, 1, 0, 0, 1, 0, 1, 0, 0, 1, 1, 1, 0, 0, 0]",1,010010100111000
"[0, 0, 0, 1, 1, 1, 1, 0, 1, 1, 1, 1, 1, 0, 1]",1,000111101111101
"[0, 1, 0, 1, 1, 0, 1, 0, 0, 0, 1, 1, 0, 0, 1]",1,010110100011001
"[0, 1, 1, 0, 1, 1, 1, 1, 0, 0, 0, 0, 0, 0, 1]",1,011011110000001
"[1, 1, 1, 1, 0, 0, 1, 1, 1, 0, 1, 1, 0, 1, 1]",1,111100111011011
"[1, 1, 0, 0, 1, 0, 0, 1, 1, 0, 0, 1, 0, 0, 1]",1,110010011001001
"[1, 0, 1, 1, 0, 0, 1, 1, 0, 0, 0, 1, 0, 1, 1]",1,101100110001011
"[1, 0, 0, 1, 1, 1, 1, 1, 1, 1, 0, 1, 0, 1, 0]",1,100111111101010
"[1, 0, 1, 1, 0, 0, 0, 1, 0, 0, 0, 1, 1, 1, 0]",1,101100010001110
"[1, 0, 1, 1, 0, 0, 0, 1, 1, 0, 0, 0, 1, 1, 0]",1,101100011000110
"[0, 1, 1, 1, 1, 0, 0, 1, 1, 0, 1, 1, 0, 1, 0]",1,011110011011010
"[0, 1, 0, 0, 1, 0, 0, 0, 0, 1, 1, 1, 0, 0, 0]",1,010010000111000
"[0, 0, 0, 0, 0, 1, 0, 0, 0, 1, 1, 0, 1, 1, 0]",1,000001000110110
"[0, 0, 1, 1, 1, 1, 1, 1, 1, 1, 1, 1, 1, 1, 1]",1,001111111111111
"[1, 0, 1, 0, 1, 0, 0, 1, 0, 0, 0, 0, 1, 1, 1]",1,101010010000111
"[0, 1, 0, 0, 1, 0, 0, 1, 0, 0, 0, 0, 0, 1, 0]",1,010010010000010
"[0, 0, 0, 0, 1, 1, 0, 1, 0, 0, 0, 1, 0, 0, 0]",1,000011010001000
"[1, 1, 0, 0, 0, 1, 1, 1, 1, 0, 1, 0, 1, 0, 0]",1,110001111010100
"[0, 0, 1, 1, 1, 1, 1, 0, 1, 0, 1, 1, 0, 1, 1]",1,001111101011011
"[0, 0, 1, 1, 1, 1, 1, 1, 0, 0, 1, 1, 0, 0, 0]",1,001111110011000
"[1, 1, 1, 1, 1, 0, 1, 0, 1, 0, 1, 0, 0, 1, 0]",1,111110101010010
"[1, 1, 0, 1, 0, 0, 0, 1, 1, 0, 1, 1, 0, 0, 1]",1,110100011011001
"[0, 0, 0, 1, 0, 1, 0, 1, 0, 1, 1, 0, 1, 1, 0]",1,000101010110110
"[0, 0, 1, 0, 1, 0, 1, 0, 0, 1, 1, 0, 1, 1, 0]",1,001010100110110
"[0, 0, 0, 1, 0, 1, 0, 1, 1, 0, 1, 1, 1, 0, 0]",1,000101011011100
"[0, 0, 1, 0, 0, 1, 1, 1, 0, 1, 0, 0, 0, 1, 1]",1,001001110100011
"[0, 1, 1, 1, 1, 1, 0, 1, 1, 0, 0, 0, 0, 1, 1]",1,011111011000011
"[1, 1, 1, 1, 1, 0, 0, 1, 1, 1, 0, 0, 1, 0, 1]",1,111110011100101
"[1, 0, 0, 1, 0, 0, 0, 1, 0, 1, 0, 1, 1, 1, 0]",1,100100010101110
"[1, 0, 0, 0, 1, 0, 1, 0, 1, 0, 1, 1, 1, 1, 1]",1,100010101011111
"[0, 0, 0, 0, 0, 0, 1, 0, 1, 1, 0, 0, 1, 1, 1]",1,000000101100111
"[1, 1, 0, 1, 0, 0, 1, 1, 0, 0, 1, 0, 0, 0, 0]",1,110100110010000
"[0, 1, 0, 0, 0, 1, 1, 0, 0, 0, 1, 1, 0, 1, 1]",1,010001100011011
"[1, 1, 1, 1, 1, 0, 0, 0, 0, 1, 0, 0, 0, 1, 0]",1,111110000100010
"[1, 0, 1, 1, 0, 1, 0, 0, 0, 1, 0, 1, 0, 0, 1]",1,101101000101001
"[1, 0, 1, 1, 1, 1, 1, 1, 0, 0, 0, 1, 0, 0, 1]",1,101111110001001
"[0, 0, 0, 0, 1, 0, 0, 1, 1, 0, 0, 1, 0, 1, 1]",1,000010011001011
"[0, 1, 0, 1, 0, 0, 0, 1, 0, 1, 0, 0, 1, 1, 1]",1,010100010100111
"[1, 0, 0, 1, 1, 1, 1, 1, 0, 1, 0, 0, 1, 0, 1]",1,100111110100101
"[1, 0, 1, 0, 0, 1, 0, 0, 0, 1, 0, 1, 1, 0, 1]",1,101001000101101
"[1, 1, 0, 0, 1, 1, 0, 0, 1, 1, 0, 1, 1, 0, 1]",1,110011001101101
"[0, 1, 1, 0, 0, 0, 0, 1, 1, 0, 0, 1, 0, 0, 1]",1,011000011001001
"[0, 1, 1, 0, 0, 1, 0, 0, 0, 1, 0, 0, 0, 0, 1]",1,011001000100001
"[1, 0, 1, 0, 0, 0, 1, 0, 1, 1, 1, 1, 0, 1, 1]",1,101000101111011
"[0, 0, 1, 0, 1, 1, 1, 1, 0, 1, 1, 0, 0, 0, 0]",1,001011110110000
"[1, 0, 0, 1, 1, 0, 1, 0, 1, 1, 1, 1, 0, 0, 1]",1,100110101111001
"[1, 1, 1, 1, 0, 0, 1, 0, 1, 0, 1, 0, 1, 1, 0]",1,111100101010110
"[1, 1, 1, 0, 1, 0, 1, 1, 0, 1, 1, 0, 0, 0, 0]",1,111010110110000
"[1, 1, 0, 0, 1, 1, 0, 0, 0, 0, 1, 0, 1, 0, 0]",1,110011000010100
"[1, 0, 0, 1, 0, 0, 0, 0, 0, 1, 1, 0, 0, 1, 1]",1,100100000110011
