routes,canonical_bitstring,provider_bitstrings,counts,probability,one_hot,joint_feasible,assignment,current_objective,base_energy,transformed_energy,scenario_costs,scenario_regrets
"[0, 0, 0, 0, 0, 1, 0, 1, 1, 0, 1, 1]",000001011011,"[""000001011011""]",5,0.001220703125,False,False,,,3.7618360882505066,0.17919205944907918,{},{}
"[0, 0, 0, 0, 0, 1, 1, 1, 0, 0, 1, 0]",000001110010,"[""000001110010""]",5,0.001220703125,False,False,,,2.233097194388363,0.10154410271391778,{},{}
"[0, 0, 1, 0, 0, 1, 1, 1, 1, 1, 0, 1]",001001111101,"[""001001111101""]",5,0.001220703125,False,False,,,6.449859390133632,0.3157225800538282,{},{}
"[0, 0, 1, 1, 1, 0, 1, 0, 0, 1, 1, 1]",001110100111,"[""001110100111""]",5,0.001220703125,False,False,,,6.478178583534067,0.31716097317168523,{},{}
"[0, 0, 1, 1, 1, 0, 1, 1, 0, 0, 1, 0]",001110110010,"[""001110110010""]",5,0.001220703125,False,False,,,3.016271155824376,0.14132320306771065,{},{}
"[0, 1, 0, 0, 0, 1, 0, 1, 0, 1, 1, 0]",010001010110,"[""010001010110""]",5,0.001220703125,False,False,,,1.7053253432928357,0.0747374282553578,{},{}
"[0, 1, 1, 0, 0, 0, 1, 0, 0, 1, 1, 1]",011000100111,"[""011000100111""]",5,0.001220703125,False,False,,,7.0049880652800525,0.34391876680833605,{},{}
"[0, 1, 1, 0, 1, 1, 1, 0, 0, 1, 0, 1]",011011100101,"[""011011100101""]",5,0.001220703125,False,False,,,4.534565255916559,0.2184406461239084,{},{}
"[0, 1, 1, 1, 1, 0, 0, 1, 0, 0, 0, 1]",011110010001,"[""011110010001""]",5,0.001220703125,False,False,,,3.2294217316264264,0.15214958208796261,{},{}
"[1, 0, 0, 1, 0, 1, 0, 1, 1, 1, 0, 0]",100101011100,"[""100101011100""]",5,0.001220703125,False,False,,,3.20125065801407,0.15071871229468545,{},{}
"[1, 1, 0, 0, 1, 1, 1, 1, 0, 1, 0, 1]",110011110101,"[""110011110101""]",5,0.001220703125,False,False,,,5.883954379497164,0.2869790398989101,{},{}
"[1, 1, 0, 1, 0, 0, 0, 1, 1, 1, 1, 0]",110100011110,"[""110100011110""]",5,0.001220703125,False,False,,,4.453363080005113,0.21431621188122113,{},{}
"[1, 1, 0, 1, 0, 0, 1, 0, 0, 1, 0, 0]",110100100100,"[""110100100100""]",5,0.001220703125,False,False,,,1.886909930828807,0.0839605024201973,{},{}
"[1, 1, 1, 0, 0, 0, 0, 1, 1, 1, 1, 1]",111000011111,"[""111000011111""]",5,0.001220703125,False,False,,,11.815411557856233,0.588250586145852,{},{}
"[1, 1, 1, 1, 0, 0, 1, 1, 0, 0, 1, 0]",111100110010,"[""111100110010""]",5,0.001220703125,False,False,,,6.538761332878385,0.32023810211690384,{},{}
"[0, 0, 0, 0, 0, 0, 0, 0, 0, 1, 0, 0]",000000000100,"[""000000000100""]",4,0.0009765625,False,False,,,2.3207906755069327,0.10599824439578985,{},{}
"[0, 0, 0, 0, 0, 0, 1, 1, 0, 0, 0, 0]",000000110000,"[""000000110000""]",4,0.0009765625,False,False,,,3.560153076889476,0.1689481428435332,{},{}
"[0, 0, 0, 0, 0, 1, 1, 0, 0, 1, 0, 1]",000001100101,"[""000001100101""]",4,0.0009765625,False,False,,,2.3303530359621805,0.1064839373770414,{},{}
"[0, 0, 0, 0, 0, 1, 1, 0, 1, 0, 1, 1]",000001101011,"[""000001101011""]",4,0.0009765625,False,False,,,3.6784365797166694,0.17495601792729326,{},{}
"[0, 0, 0, 0, 1, 0, 1, 1, 1, 1, 0, 0]",000010111100,"[""000010111100""]",4,0.0009765625,False,False,,,5.543048300115743,0.2696636823785113,{},{}
"[0, 0, 0, 0, 1, 1, 0, 1, 1, 0, 0, 1]",000011011001,"[""000011011001""]",4,0.0009765625,False,False,,,3.81198269307399,0.181739114029415,{},{}
"[0, 0, 0, 0, 1, 1, 1, 0, 1, 0, 1, 1]",000011101011,"[""000011101011""]",4,0.0009765625,False,False,,,5.092081690061782,0.24675811232527106,{},{}
"[0, 0, 0, 1, 0, 0, 0, 0, 0, 1, 1, 0]",000100000110,"[""000100000110""]",4,0.0009765625,False,False,,,2.909486080599683,0.13589935800541864,{},{}
"[0, 0, 0, 1, 0, 0, 0, 0, 1, 1, 0, 1]",000100001101,"[""000100001101""]",4,0.0009765625,False,False,,,2.2843374956295124,0.10414670850215527,{},{}
"[0, 0, 0, 1, 0, 1, 0, 0, 1, 1, 0, 1]",000101001101,"[""000101001101""]",4,0.0009765625,False,False,,,3.781964666101481,0.18021443347801766,{},{}
"[0, 0, 0, 1, 1, 0, 1, 1, 0, 1, 1, 0]",000110110110,"[""000110110110""]",4,0.0009765625,False,False,,,5.019043875392751,0.24304836365843097,{},{}
"[0, 0, 1, 0, 0, 1, 1, 0, 1, 0, 1, 1]",001001101011,"[""001001101011""]",4,0.0009765625,False,False,,,3.111704205815763,0.14617045420169267,{},{}
"[0, 0, 1, 0, 1, 1, 0, 1, 0, 0, 1, 0]",001011010010,"[""001011010010""]",4,0.0009765625,False,False,,,1.8487290537784595,0.08202121304827185,{},{}
"[0, 0, 1, 0, 1, 1, 0, 1, 0, 0, 1, 1]",001011010011,"[""001011010011""]",4,0.0009765625,False,False,,,3.262635324326996,0.15383657233815354,{},{}
"[0, 0, 1, 1, 0, 0, 1, 0, 0, 1, 0, 0]",001100100100,"[""001100100100""]",4,0.0009765625,True,False,"[2, 0, 0, 0]",0.422657206321164,0.4226572063211638,0.0095879377798916,"{""degradation"": 0.42220367018288496, ""nominal"": 0.42274903474903486, ""surge"": 0.42301891403157227}","{""degradation"": 1.0379819640701553, ""nominal"": 0.4227390356850995, ""surge"": 0.43569580843806527}"
"[0, 0, 1, 1, 0, 0, 1, 1, 1, 1, 1, 0]",001100111110,"[""001100111110""]",4,0.0009765625,False,False,,,6.349110049502162,0.31060530301334893,{},{}
"[0, 0, 1, 1, 1, 0, 1, 1, 1, 1, 1, 0]",001110111110,"[""001110111110""]",4,0.0009765625,False,False,,,7.774275951331058,0.38299256334272236,{},{}
"[0, 1, 0, 0, 0, 0, 1, 0, 1, 0, 0, 1]",010000101001,"[""010000101001""]",4,0.0009765625,False,False,,,2.2397493437542555,0.10188197977600633,{},{}
"[0, 1, 0, 0, 0, 1, 0, 0, 1, 0, 0, 1]",010001001001,"[""010001001001""]",4,0.0009765625,True,True,"[1, 2, 2, 2]",0.475112438244575,0.47511243824457505,0.012252252526690465,"{""degradation"": 0.35935490918169916, ""nominal"": 0.5298996138996142, ""surge"": 0.5360827916524118}","{""degradation"": 0.7519917631186541, ""nominal"": 0.6589825660582951, ""surge"": 0.6764177035792995}"
"[0, 1, 0, 1, 0, 0, 0, 0, 1, 0, 1, 0]",010100001010,"[""010100001010""]",4,0.0009765625,True,True,"[1, 0, 2, 1]",0.2702990255142447,0.2702990255142447,0.001849336061153376,"{""degradation"": 0.23502434304974731, ""nominal"": 0.3031196911196912, ""surge"": 0.27275304237329556}","{""degradation"": 0.18623162678406635, ""nominal"": 0.1589825660582949, ""surge"": 0.11576793968113246}"
"[0, 1, 0, 1, 0, 1, 0, 0, 1, 1, 1, 0]",010101001110,"[""010101001110""]",4,0.0009765625,False,False,,,3.1021705099308523,0.145686217156001,{},{}
"[0, 1, 0, 1, 1, 0, 0, 1, 1, 1, 0, 0]",010110011100,"[""010110011100""]",4,0.0009765625,False,False,,,3.0432716282678864,0.1426946154943455,{},{}
"[0, 1, 0, 1, 1, 0, 1, 1, 1, 1, 0, 0]",010110111100,"[""010110111100""]",4,0.0009765625,False,False,,,6.438759672610231,0.3151588013801188,{},{}
"[0, 1, 0, 1, 1, 1, 1, 1, 1, 1, 1, 0]",010111111110,"[""010111111110""]",4,0.0009765625,False,False,,,11.451161211104818,0.5697495227668288,{},{}
"[0, 1, 1, 0, 0, 0, 0, 1, 1, 0, 0, 1]",011000011001,"[""011000011001""]",4,0.0009765625,False,False,,,3.815775289658063,0.181931748217409,{},{}
"[0, 1, 1, 0, 0, 0, 1, 1, 0, 1, 0, 1]",011000110101,"[""011000110101""]",4,0.0009765625,False,False,,,5.029332932036648,0.24357096711173395,{},{}
"[0, 1, 1, 0, 1, 0, 0, 1, 0, 1, 0, 0]",011010010100,"[""011010010100""]",4,0.0009765625,False,False,,,1.766316985930048,0.07783532577580106,{},{}
"[0, 1, 1, 1, 0, 1, 0, 1, 0, 1, 0, 1]",011101010101,"[""011101010101""]",4,0.0009765625,False,False,,,4.530067919520488,0.21821221667574847,{},{}
"[0, 1, 1, 1, 0, 1, 1, 0, 1, 1, 1, 1]",011101101111,"[""011101101111""]",4,0.0009765625,False,False,,,9.326997529914683,0.46185865253537756,{},{}
"[1, 0, 0, 0, 0, 0, 1, 0, 1, 1, 0, 1]",100000101101,"[""100000101101""]",4,0.0009765625,False,False,,,3.718750354859368,0.177003641809095,{},{}
"[1, 0, 0, 0, 0, 1, 0, 1, 1, 0, 0, 0]",100001011000,"[""100001011000""]",4,0.0009765625,False,False,,,2.3964608734038384,0.10984169750346612,{},{}
"[1, 0, 0, 0, 1, 0, 1, 0, 0, 0, 1, 1]",100010100011,"[""100010100011""]",4,0.0009765625,False,False,,,1.6234505598984215,0.07057883082303298,{},{}
"[1, 0, 0, 0, 1, 1, 0, 1, 0, 1, 1, 0]",100011010110,"[""100011010110""]",4,0.0009765625,False,False,,,3.0335684531216733,0.14220177023020533,{},{}
"[1, 0, 0, 1, 0, 0, 1, 0, 1, 0, 1, 0]",100100101010,"[""100100101010""]",4,0.0009765625,False,False,,,1.7214584085482443,0.0755568615529517,{},{}
"[1, 0, 0, 1, 0, 1, 0, 0, 0, 0, 0, 1]",100101000001,"[""100101000001""]",4,0.0009765625,False,False,,,2.412429149670533,0.11065276081170639,{},{}
"[1, 0, 0, 1, 0, 1, 0, 0, 1, 1, 0, 1]",100101001101,"[""100101001101""]",4,0.0009765625,False,False,,,3.2525101367670732,0.1533222921502517,{},{}
"[1, 0, 0, 1, 0, 1, 0, 1, 0, 1, 1, 1]",100101010111,"[""100101010111""]",4,0.0009765625,False,False,,,6.405239744106205,0.3134562516715346,{},{}
"[1, 0, 0, 1, 1, 1, 1, 0, 1, 0, 1, 1]",100111101011,"[""100111101011""]",4,0.0009765625,False,False,,,7.93793251763179,0.3913050345113209,{},{}
"[1, 0, 1, 0, 0, 0, 1, 1, 1, 0, 0, 1]",101000111001,"[""101000111001""]",4,0.0009765625,False,False,,,7.060789506080383,0.3467530427454631,{},{}
"[1, 0, 1, 0, 0, 1, 0, 0, 1, 0, 0, 0]",101001001000,"[""101001001000""]",4,0.0009765625,False,False,,,2.514143954782976,0.11581907588251832,{},{}
"[1, 0, 1, 0, 0, 1, 1, 0, 1, 0, 1, 1]",101001101011,"[""101001101011""]",4,0.0009765625,False,False,,,4.508099456601547,0.21709639090254632,{},{}
"[1, 0, 1, 0, 1, 0, 0, 1, 0, 0, 0, 0]",101010010000,"[""101010010000""]",4,0.0009765625,False,False,,,2.3426773868866135,0.10710991783139596,{},{}
"[1, 0, 1, 0, 1, 0, 0, 1, 1, 1, 1, 1]",101010011111,"[""101010011111""]",4,0.0009765625,False,False,,,7.810529098543395,0.38483393914441033,{},{}
"[1, 0, 1, 0, 1, 1, 1, 0, 1, 1, 1, 0]",101011101110,"[""101011101110""]",4,0.0009765625,False,False,,,5.888746392609549,0.2872224366151962,{},{}
"[1, 0, 1, 1, 0, 1, 0, 1, 0, 0, 1, 1]",101101010011,"[""101101010011""]",4,0.0009765625,False,False,,,4.482667468056073,0.21580464516742004,{},{}
"[1, 0, 1, 1, 1, 0, 0, 1, 1, 0, 0, 1]",101110011001,"[""101110011001""]",4,0.0009765625,False,False,,,4.477180769784565,0.21552596388854667,{},{}
"[1, 1, 0, 0, 1, 0, 0, 1, 0, 1, 0, 0]",110010010100,"[""110010010100""]",4,0.0009765625,False,False,,,1.6985897981096914,0.07439531533923566,{},{}
"[1, 1, 0, 1, 0, 0, 0, 1, 0, 0, 1, 0]",110100010010,"[""110100010010""]",4,0.0009765625,False,False,,,1.700896641309276,0.07451248489753978,{},{}
"[1, 1, 0, 1, 0, 0, 1, 1, 0, 0, 0, 1]",110100110001,"[""110100110001""]",4,0.0009765625,False,False,,,3.0339813217951317,0.14222274072361185,{},{}
"[1, 1, 0, 1, 0, 1, 0, 1, 0, 0, 0, 0]",110101010000,"[""110101010000""]",4,0.0009765625,False,False,,,3.7537248873812734,0.17878007400362925,{},{}
"[1, 1, 0, 1, 1, 0, 0, 1, 0, 1, 1, 1]",110110010111,"[""110110010111""]",4,0.0009765625,False,False,,,7.961511625432548,0.39250266842363774,{},{}
"[1, 1, 0, 1, 1, 0, 1, 1, 0, 0, 0, 0]",110110110000,"[""110110110000""]",4,0.0009765625,False,False,,,5.169135268775284,0.25067183033837137,{},{}
"[1, 1, 0, 1, 1, 1, 0, 1, 0, 0, 1, 0]",110111010010,"[""110111010010""]",4,0.0009765625,False,False,,,6.6683027293253865,0.3268177899806158,{},{}
"[1, 1, 0, 1, 1, 1, 1, 1, 1, 0, 0, 1]",110111111001,"[""110111111001""]",4,0.0009765625,False,False,,,11.389680697941696,0.5666267944544188,{},{}
"[1, 1, 1, 0, 0, 0, 0, 1, 0, 0, 0, 0]",111000010000,"[""111000010000""]",4,0.0009765625,False,False,,,6.389739633962191,0.312668967533815,{},{}
"[1, 1, 1, 0, 0, 0, 1, 0, 0, 0, 0, 0]",111000100000,"[""111000100000""]",4,0.0009765625,False,False,,,6.357886367007979,0.3110510711721377,{},{}
"[1, 1, 1, 0, 0, 0, 1, 0, 1, 0, 1, 1]",111000101011,"[""111000101011""]",4,0.0009765625,False,False,,,8.42899985578753,0.41624740732610344,{},{}
"[1, 1, 1, 0, 0, 0, 1, 1, 1, 1, 1, 0]",111000111110,"[""111000111110""]",4,0.0009765625,False,False,,,11.821338198406636,0.5885516130451415,{},{}
"[1, 1, 1, 0, 0, 1, 1, 1, 1, 1, 1, 0]",111001111110,"[""111001111110""]",4,0.0009765625,False,False,,,11.318965368878604,0.5630350098575531,{},{}
"[1, 1, 1, 0, 1, 0, 0, 0, 1, 1, 0, 1]",111010001101,"[""111010001101""]",4,0.0009765625,False,False,,,6.462577362389681,0.3163685533874443,{},{}
"[1, 1, 1, 0, 1, 1, 0, 0, 1, 0, 1, 1]",111011001011,"[""111011001011""]",4,0.0009765625,False,False,,,8.073358218694203,0.3981835989405657,{},{}
"[1, 1, 1, 0, 1, 1, 0, 0, 1, 1, 0, 1]",111011001101,"[""111011001101""]",4,0.0009765625,False,False,,,7.986176886055859,0.39375547038833547,{},{}
"[1, 1, 1, 0, 1, 1, 1, 1, 0, 1, 1, 0]",111011110110,"[""111011110110""]",4,0.0009765625,False,False,,,9.403510154939424,0.46574489433995775,{},{}
"[1, 1, 1, 1, 0, 0, 0, 0, 1, 1, 1, 0]",111100001110,"[""111100001110""]",4,0.0009765625,False,False,,,6.475941567086509,0.31704735026522735,{},{}
"[1, 1, 1, 1, 0, 0, 0, 1, 1, 1, 0, 1]",111100011101,"[""111100011101""]",4,0.0009765625,False,False,,,7.910937731516416,0.38993391090559776,{},{}
"[1, 1, 1, 1, 0, 0, 1, 0, 0, 1, 1, 1]",111100100111,"[""111100100111""]",4,0.0009765625,False,False,,,10.040166699606406,0.4980820580203874,{},{}
"[0, 0, 0, 0, 0, 0, 0, 1, 0, 0, 0, 1]",000000010001,"[""000000010001""]",3,0.000732421875,False,False,,,1.6452706169370304,0.07168711874041062,{},{}
"[0, 0, 0, 0, 0, 0, 0, 1, 0, 1, 0, 0]",000000010100,"[""000000010100""]",3,0.000732421875,False,False,,,1.560153076889476,0.0673638146800824,{},{}
"[0, 0, 0, 0, 0, 0, 1, 0, 1, 0, 0, 1]",000000101001,"[""000000101001""]",3,0.000732421875,False,False,,,2.9528394129254485,0.13810136757439848,{},{}
"[0, 0, 0, 0, 0, 1, 0, 1, 0, 0, 1, 0]",000001010010,"[""000001010010""]",3,0.000732421875,False,False,,,1.0275928543003703,0.040313928470936344,{},{}
"[0, 0, 0, 0, 0, 1, 1, 0, 1, 0, 0, 0]",000001101000,"[""000001101000""]",3,0.000732421875,False,False,,,3.0949475351801485,0.1453193466373051,{},{}
"[0, 0, 0, 0, 0, 1, 1, 1, 0, 0, 0, 1]",000001110001,"[""000001110001""]",3,0.000732421875,False,False,,,2.23481522590208,0.10163136525246005,{},{}
"[0, 0, 0, 0, 0, 1, 1, 1, 0, 1, 0, 1]",000001110101,"[""000001110101""]",3,0.000732421875,False,False,,,3.569715437344724,0.16943383582478477,{},{}
"[0, 0, 0, 0, 1, 0, 0, 0, 0, 0, 0, 0]",000010000000,"[""000010000000""]",3,0.000732421875,False,False,,,2.402196266247747,0.11013301051786707,{},{}
"[0, 0, 0, 0, 1, 0, 1, 0, 0, 0, 1, 1]",000010100011,"[""000010100011""]",3,0.000732421875,False,False,,,2.2741175561882145,0.10362761566114757,{},{}
"[0, 0, 0, 0, 1, 0, 1, 1, 0, 1, 1, 1]",000010110111,"[""000010110111""]",3,0.000732421875,False,False,,,6.953249681936822,0.3412908623522435,{},{}
"[0, 0, 0, 0, 1, 1, 0, 1, 1, 0, 1, 0]",000011011010,"[""000011011010""]",3,0.000732421875,False,False,,,3.9045175421319196,0.18643915926604304,{},{}
"[0, 0, 0, 1, 0, 0, 0, 1, 0, 0, 1, 1]",000100010011,"[""000100010011""]",3,0.000732421875,False,False,,,2.216409690618917,0.10069650828434566,{},{}
"[0, 0, 0, 1, 0, 0, 0, 1, 0, 1, 1, 0]",000100010110,"[""000100010110""]",3,0.000732421875,False,False,,,2.2162248502276567,0.10068711984086384,{},{}
"[0, 0, 0, 1, 0, 0, 1, 0, 0, 1, 0, 0]",000100100100,"[""000100100100""]",3,0.000732421875,False,False,,,1.0477768025533392,0.04133911488241819,{},{}
"[0, 0, 0, 1, 0, 0, 1, 0, 0, 1, 1, 0]",000100100110,"[""000100100110""]",3,0.000732421875,False,False,,,2.287139203935883,0.10428901333016158,{},{}
"[0, 0, 0, 1, 0, 0, 1, 0, 1, 1, 0, 1]",000100101101,"[""000100101101""]",3,0.000732421875,False,False,,,3.6976604609779984,0.1759324404586063,{},{}
"[0, 0, 0, 1, 0, 0, 1, 1, 0, 0, 1, 1]",000100110011,"[""000100110011""]",3,0.000732421875,False,False,,,3.5214266784941213,0.1669811452619421,{},{}
"[0, 0, 0, 1, 0, 0, 1, 1, 1, 0, 0, 0]",000100111000,"[""000100111000""]",3,0.000732421875,False,False,,,6.229823044001283,0.30454645785713064,{},{}
"[0, 0, 0, 1, 0, 1, 1, 0, 0, 0, 1, 1]",000101100011,"[""000101100011""]",3,0.000732421875,False,False,,,3.6068656099312695,0.17132077348646502,{},{}
"[0, 0, 0, 1, 0, 1, 1, 1, 1, 0, 1, 1]",000101111011,"[""000101111011""]",3,0.000732421875,False,False,,,8.357225733373834,0.41260184432364516,{},{}
"[0, 0, 0, 1, 0, 1, 1, 1, 1, 1, 0, 1]",000101111101,"[""000101111101""]",3,0.000732421875,False,False,,,8.452484953838654,0.4174402662797915,{},{}
"[0, 0, 0, 1, 1, 0, 0, 1, 0, 0, 0, 1]",000110010001,"[""000110010001""]",3,0.000732421875,False,False,,,2.258418863254336,0.10283024507378138,{},{}
"[0, 0, 0, 1, 1, 0, 1, 0, 0, 1, 0, 1]",000110100101,"[""000110100101""]",3,0.000732421875,False,False,,,3.6820683494113493,0.17514048336953247,{},{}
"[0, 0, 0, 1, 1, 0, 1, 1, 1, 0, 1, 0]",000110111010,"[""000110111010""]",3,0.000732421875,False,False,,,6.979562636464294,0.3426273542560778,{},{}
"[0, 0, 0, 1, 1, 1, 0, 1, 0, 1, 0, 0]",000111010100,"[""000111010100""]",3,0.000732421875,False,False,,,5.694218998128549,0.2773419692763267,{},{}
"[0, 0, 0, 1, 1, 1, 1, 0, 1, 0, 0, 1]",000111101001,"[""000111101001""]",3,0.000732421875,False,False,,,7.091591977249271,0.3483175669151959,{},{}
"[0, 0, 0, 1, 1, 1, 1, 0, 1, 0, 1, 0]",000111101010,"[""000111101010""]",3,0.000732421875,False,False,,,7.0989155370556265,0.34868954636654265,{},{}
"[0, 0, 0, 1, 1, 1, 1, 1, 0, 0, 0, 1]",000111110001,"[""000111110001""]",3,0.000732421875,False,False,,,6.9815859053888705,0.34273012046327633,{},{}
"[0, 0, 1, 0, 0, 0, 0, 0, 1, 0, 1, 0]",001000001010,"[""001000001010""]",3,0.000732421875,False,False,,,1.0271487236519248,0.04029137011416677,{},{}
"[0, 0, 1, 0, 0, 0, 0, 0, 1, 1, 0, 1]",001000001101,"[""001000001101""]",3,0.000732421875,False,False,,,2.3682721180183983,0.10840992961466922,{},{}
"[0, 0, 1, 0, 0, 0, 0, 0, 1, 1, 1, 1]",001000001111,"[""001000001111""]",3,0.000732421875,False,False,,,5.643304361413229,0.2747559046941207,{},{}
"[0, 0, 1, 0, 0, 0, 0, 1, 1, 0, 0, 1]",001000011001,"[""001000011001""]",3,0.000732421875,False,False,,,2.4232200731943188,0.11120085516991987,{},{}
"[0, 0, 1, 0, 0, 0, 1, 0, 1, 0, 1, 0]",001000101010,"[""001000101010""]",3,0.000732421875,False,False,,,2.2504879847460613,0.10242741859127687,{},{}
"[0, 0, 1, 0, 0, 0, 1, 1, 0, 0, 1, 0]",001000110010,"[""001000110010""]",3,0.000732421875,False,False,,,2.2368897909724352,0.10173673690191176,{},{}
"[0, 0, 1, 0, 0, 1, 0, 1, 1, 1, 1, 0]",001001011110,"[""001001011110""]",3,0.000732421875,False,False,,,3.0499714655331642,0.14303491472804436,{},{}
"[0, 0, 1, 0, 0, 1, 1, 0, 0, 1, 0, 0]",001001100100,"[""001001100100""]",3,0.000732421875,True,False,"[2, 2, 0, 0]",0.3529693643879629,0.352969364387963,0.00604834147791912,"{""degradation"": 0.33856812933025404, ""nominal"": 0.3474285714285714, ""surge"": 0.37291139240506327}","{""degradation"": 0.6574025420720016, ""nominal"": 0.2566739308090437, ""surge"": 0.3290129507422276}"
"[0, 0, 1, 0, 1, 0, 0, 0, 0, 1, 0, 0]",001010000100,"[""001010000100""]",3,0.000732421875,False,False,,,0.9566086569093559,0.03670848746984236,{},{}
"[0, 0, 1, 0, 1, 0, 1, 0, 0, 0, 0, 0]",001010100000,"[""001010100000""]",3,0.000732421875,False,False,,,0.9566086569093559,0.03670848746984236,{},{}
"[0, 0, 1, 0, 1, 0, 1, 1, 1, 1, 0, 0]",001010111100,"[""001010111100""]",3,0.000732421875,False,False,,,4.913046244570729,0.23766451460144464,{},{}
"[0, 0, 1, 0, 1, 1, 0, 0, 1, 0, 1, 1]",001011001011,"[""001011001011""]",3,0.000732421875,False,False,,,3.284175134060596,0.1549306258884317,{},{}
"[0, 0, 1, 0, 1, 1, 0, 1, 1, 0, 0, 1]",001011011001,"[""001011011001""]",3,0.000732421875,False,False,,,3.2663402130544528,0.15402475165430307,{},{}
"[0, 0, 1, 0, 1, 1, 0, 1, 1, 0, 1, 1]",001011011011,"[""001011011011""]",3,0.000732421875,False,False,,,4.688421757135442,0.2262553507788581,{},{}
"[0, 0, 1, 0, 1, 1, 1, 0, 0, 1, 1, 1]",001011100111,"[""001011100111""]",3,0.000732421875,False,False,,,6.434463094795074,0.3149405688947415,{},{}
"[0, 0, 1, 0, 1, 1, 1, 1, 0, 1, 0, 1]",001011110101,"[""001011110101""]",3,0.000732421875,False,False,,,4.41662817378893,0.21245036649716195,{},{}
"[0, 0, 1, 1, 0, 0, 0, 0, 1, 0, 0, 0]",001100001000,"[""001100001000""]",3,0.000732421875,False,False,,,1.0424891375052163,0.04107054293168473,{},{}
"[0, 0, 1, 1, 0, 0, 0, 0, 1, 1, 0, 0]",001100001100,"[""001100001100""]",3,0.000732421875,True,False,"[2, 0, 2, 0]",0.35076109825564616,0.35076109825564605,0.00593617886219036,"{""degradation"": 0.33856812933025404, ""nominal"": 0.3474285714285714, ""surge"": 0.366286594008113}","{""degradation"": 0.6574025420720016, ""nominal"": 0.2566739308090437, ""surge"": 0.31490823349212194}"
"[0, 0, 1, 1, 0, 0, 1, 0, 1, 1, 1, 1]",001100101111,"[""001100101111""]",3,0.000732421875,False,False,,,6.4319326836661315,0.314812043837486,{},{}
"[0, 0, 1, 1, 0, 1, 1, 0, 0, 0, 1, 1]",001101100011,"[""001101100011""]",3,0.000732421875,False,False,,,3.0661055892245717,0.14385440178589318,{},{}
"[0, 0, 1, 1, 0, 1, 1, 1, 0, 1, 0, 1]",001101110101,"[""001101110101""]",3,0.000732421875,False,False,,,4.5070283942048786,0.21704198932555296,{},{}
"[0, 0, 1, 1, 1, 0, 0, 0, 1, 1, 1, 0]",001110001110,"[""001110001110""]",3,0.000732421875,False,False,,,2.9745412839138687,0.13920365256652276,{},{}
"[0, 0, 1, 1, 1, 0, 0, 1, 0, 0, 1, 1]",001110010011,"[""001110010011""]",3,0.000732421875,False,False,,,3.1429953595038524,0.14775979961412458,{},{}
"[0, 0, 1, 1, 1, 0, 0, 1, 0, 1, 1, 0]",001110010110,"[""001110010110""]",3,0.000732421875,False,False,,,3.037361049705745,0.1423944044181993,{},{}
"[0, 0, 1, 1, 1, 0, 1, 0, 0, 0, 1, 1]",001110100011,"[""001110100011""]",3,0.000732421875,False,False,,,3.061600645310354,0.14362558593542327,{},{}
"[0, 0, 1, 1, 1, 0, 1, 1, 0, 1, 1, 0]",001110110110,"[""001110110110""]",3,0.000732421875,False,False,,,4.415014173041945,0.2123683879063931,{},{}
"[0, 0, 1, 1, 1, 1, 0, 0, 0, 1, 1, 1]",001111000111,"[""001111000111""]",3,0.000732421875,False,False,,,10.521930487332423,0.5225518833752008,{},{}
"[0, 0, 1, 1, 1, 1, 0, 0, 1, 0, 1, 0]",001111001010,"[""001111001010""]",3,0.000732421875,False,False,,,5.168778952948246,0.2506537322864196,{},{}
"[0, 0, 1, 1, 1, 1, 0, 0, 1, 1, 0, 0]",001111001100,"[""001111001100""]",3,0.000732421875,False,False,,,5.16127055275063,0.250272364391591,{},{}
"[0, 0, 1, 1, 1, 1, 0, 0, 1, 1, 1, 1]",001111001111,"[""001111001111""]",3,0.000732421875,False,False,,,9.929881999134725,0.49248045941832586,{},{}
"[0, 0, 1, 1, 1, 1, 0, 1, 0, 0, 1, 0]",001111010010,"[""001111010010""]",3,0.000732421875,False,False,,,5.147239143214645,0.24955967873614135,{},{}
"[0, 0, 1, 1, 1, 1, 0, 1, 1, 0, 0, 0]",001111011000,"[""001111011000""]",3,0.000732421875,False,False,,,7.168778952948246,0.3522380604498704,{},{}
"[0, 0, 1, 1, 1, 1, 0, 1, 1, 1, 0, 0]",001111011100,"[""001111011100""]",3,0.000732421875,False,False,,,6.498140807580047,0.31817489773086477,{},{}
"[0, 0, 1, 1, 1, 1, 1, 0, 0, 1, 0, 1]",001111100101,"[""001111100101""]",3,0.000732421875,False,False,,,6.5805482768453505,0.32236055143134784,{},{}
"[0, 0, 1, 1, 1, 1, 1, 0, 1, 0, 1, 1]",001111101011,"[""001111101011""]",3,0.000732421875,False,False,,,7.9055371323781305,0.38965960278802636,{},{}
"[0, 0, 1, 1, 1, 1, 1, 1, 0, 1, 1, 1]",001111110111,"[""001111110111""]",3,0.000732421875,False,False,,,11.303830233743469,0.5622662635903701,{},{}
"[0, 1, 0, 0, 0, 0, 0, 0, 1, 0, 0, 0]",010000001000,"[""010000001000""]",3,0.000732421875,False,False,,,1.7079532815184293,0.07487090692490879,{},{}
"[0, 1, 0, 0, 0, 0, 0, 0, 1, 1, 1, 0]",010000001110,"[""010000001110""]",3,0.000732421875,False,False,,,2.2292379825544675,0.10134808499322442,{},{}
"[0, 1, 0, 0, 0, 0, 0, 1, 0, 1, 0, 0]",010000010100,"[""010000010100""]",3,0.000732421875,False,False,,,0.9267359401590117,0.03519118753909196,{},{}
"[0, 1, 0, 0, 0, 0, 0, 1, 1, 0, 0, 1]",010000011001,"[""010000011001""]",3,0.000732421875,False,False,,,2.3354454164833918,0.10674259040404134,{},{}
"[0, 1, 0, 0, 0, 1, 0, 1, 1, 0, 1, 0]",010001011010,"[""010001011010""]",3,0.000732421875,False,False,,,1.9045175421319196,0.08485483110259223,{},{}
"[0, 1, 0, 0, 0, 1, 1, 0, 0, 1, 1, 1]",010001100111,"[""010001100111""]",3,0.000732421875,False,False,,,4.959015680933242,0.2399994017559139,{},{}
"[0, 1, 0, 0, 0, 1, 1, 1, 1, 0, 1, 0]",010001111010,"[""010001111010""]",3,0.000732421875,False,False,,,5.127856803226056,0.24857520774315314,{},{}
"[0, 1, 0, 0, 1, 0, 1, 0, 1, 0, 0, 0]",010010101000,"[""010010101000""]",3,0.000732421875,False,False,,,2.3163202521750486,0.10577118192040201,{},{}
"[0, 1, 0, 0, 1, 1, 0, 0, 0, 1, 1, 1]",010011000111,"[""010011000111""]",3,0.000732421875,False,False,,,7.156968252450756,0.35163816941228176,{},{}
"[0, 1, 0, 0, 1, 1, 0, 0, 1, 0, 1, 1]",010011001011,"[""010011001011""]",3,0.000732421875,False,False,,,3.320490609277554,0.15677516746435727,{},{}
"[0, 1, 0, 0, 1, 1, 1, 1, 1, 0, 0, 0]",010011111000,"[""010011111000""]",3,0.000732421875,False,False,,,7.214283175348631,0.354549318380442,{},{}
"[0, 1, 0, 1, 0, 0, 0, 1, 0, 0, 0, 1]",010100010001,"[""010100010001""]",3,0.000732421875,True,True,"[1, 0, 1, 2]",0.25841886325433555,0.2584188632543357,0.0012459169103305585,"{""degradation"": 0.21880812683353107, ""nominal"": 0.28690347490347495, ""surge"": 0.26954498802600063}","{""degradation"": 0.11244053113683199, ""nominal"": 0.12322936529555982, ""surge"": 0.10893773945762117}"
"[0, 1, 0, 1, 0, 0, 1, 1, 0, 0, 0, 1]",010100110001,"[""010100110001""]",3,0.000732421875,False,False,,,1.5634358511295394,0.06753055388792698,{},{}
"[0, 1, 0, 1, 0, 0, 1, 1, 0, 1, 0, 1]",010100110101,"[""010100110101""]",3,0.000732421875,False,False,,,2.9800137893532526,0.13948161296073808,{},{}
"[0, 1, 0, 1, 0, 1, 0, 1, 0, 0, 0, 0]",010101010000,"[""010101010000""]",3,0.000732421875,False,False,,,2.385947037378119,0.10930767701891943,{},{}
"[0, 1, 0, 1, 0, 1, 1, 0, 0, 1, 1, 0]",010101100110,"[""010101100110""]",3,0.000732421875,False,False,,,3.0718721214647493,0.14414729643761884,{},{}
"[0, 1, 0, 1, 0, 1, 1, 0, 1, 0, 0, 1]",010101101001,"[""010101101001""]",3,0.000732421875,False,False,,,3.0705020833679013,0.14407770923780552,{},{}
"[0, 1, 0, 1, 0, 1, 1, 0, 1, 1, 1, 1]",010101101111,"[""010101101111""]",3,0.000732421875,False,False,,,7.841785197427173,0.38642150404746983,{},{}
"[0, 1, 0, 1, 0, 1, 1, 1, 1, 0, 0, 0]",010101111000,"[""010101111000""]",3,0.000732421875,False,False,,,7.0989155370556265,0.34868954636654265,{},{}
"[0, 1, 0, 1, 1, 0, 0, 0, 0, 1, 0, 0]",010110000100,"[""010110000100""]",3,0.000732421875,False,False,,,2.34206131960843,0.1070786264411171,{},{}
"[0, 1, 0, 1, 1, 0, 1, 0, 0, 1, 0, 0]",010110100100,"[""010110100100""]",3,0.000732421875,False,False,,,1.7197144429446296,0.07546828176586003,{},{}
"[0, 1, 0, 1, 1, 0, 1, 0, 1, 1, 1, 1]",010110101111,"[""010110101111""]",3,0.000732421875,False,False,,,7.803976209645575,0.384501103736303,{},{}
"[0, 1, 0, 1, 1, 0, 1, 1, 1, 1, 0, 1]",010110111101,"[""010110111101""]",3,0.000732421875,False,False,,,7.786141288639432,0.38359522950217434,{},{}
"[0, 1, 0, 1, 1, 1, 0, 0, 0, 0, 0, 0]",010111000000,"[""010111000000""]",3,0.000732421875,False,False,,,6.477911766311538,0.3171474209475387,{},{}
"[0, 1, 0, 1, 1, 1, 0, 0, 1, 0, 0, 1]",010111001001,"[""010111001001""]",3,0.000732421875,False,False,,,5.179740131124614,0.25121047424688264,{},{}
"[0, 1, 0, 1, 1, 1, 0, 1, 1, 1, 1, 0]",010111011110,"[""010111011110""]",3,0.000732421875,False,False,,,8.055673166762476,0.3972853368810556,{},{}
"[0, 1, 0, 1, 1, 1, 1, 0, 0, 0, 0, 1]",010111100001,"[""010111100001""]",3,0.000732421875,False,False,,,5.094640528203659,0.24688808125203182,{},{}
"[0, 1, 0, 1, 1, 1, 1, 1, 1, 1, 0, 0]",010111111100,"[""010111111100""]",3,0.000732421875,False,False,,,9.988331549470615,0.49544923856948947,{},{}
"[0, 1, 0, 1, 1, 1, 1, 1, 1, 1, 0, 1]",010111111101,"[""010111111101""]",3,0.000732421875,False,False,,,11.335713165499818,0.5638856666915452,{},{}
"[0, 1, 1, 0, 0, 0, 0, 0, 1, 0, 0, 0]",011000001000,"[""011000001000""]",3,0.000732421875,False,False,,,3.082833685286254,0.14470405798583302,{},{}
"[0, 1, 1, 0, 0, 0, 0, 1, 0, 1, 1, 1]",011000010111,"[""011000010111""]",3,0.000732421875,False,False,,,7.09867934366885,0.34867754959328645,{},{}
"[0, 1, 1, 0, 0, 0, 1, 0, 1, 0, 1, 0]",011000101010,"[""011000101010""]",3,0.000732421875,False,False,,,3.6219533073284356,0.1720871102882773,{},{}
"[0, 1, 1, 0, 0, 0, 1, 1, 1, 0, 0, 1]",011000111001,"[""011000111001""]",3,0.000732421875,False,False,,,7.056949471758342,0.34655799909209856,{},{}
"[0, 1, 1, 0, 0, 1, 0, 0, 0, 0, 0, 1]",011001000001,"[""011001000001""]",3,0.000732421875,False,False,,,2.5442358267417173,0.11734750718057298,{},{}
"[0, 1, 1, 0, 0, 1, 1, 0, 0, 0, 0, 1]",011001100001,"[""011001100001""]",3,0.000732421875,False,False,,,1.7675750878358536,0.07789922749423227,{},{}
"[0, 1, 1, 0, 0, 1, 1, 1, 0, 0, 1, 0]",011001110010,"[""011001110010""]",3,0.000732421875,False,False,,,3.08020574706066,0.144570579316282,{},{}
"[0, 1, 1, 0, 1, 0, 0, 1, 0, 0, 1, 0]",011010010010,"[""011010010010""]",3,0.000732421875,False,False,,,2.0058073864701162,0.08999956149603033,{},{}
"[0, 1, 1, 0, 1, 0, 1, 0, 0, 1, 1, 0]",011010100110,"[""011010100110""]",3,0.000732421875,False,False,,,3.04120248860381,0.14258951941301976,{},{}
"[0, 1, 1, 0, 1, 0, 1, 1, 1, 1, 1, 0]",011010111110,"[""011010111110""]",3,0.000732421875,False,False,,,7.8665489014023535,0.38767930616304846,{},{}
"[0, 1, 1, 0, 1, 1, 0, 0, 0, 0, 1, 1]",011011000011,"[""011011000011""]",3,0.000732421875,False,False,,,5.3717790767685525,0.2609645478841111,{},{}
"[0, 1, 1, 0, 1, 1, 0, 0, 1, 0, 0, 1]",011011001001,"[""011011001001""]",3,0.000732421875,False,False,,,3.3664423741759384,0.15910915704692088,{},{}
"[0, 1, 1, 0, 1, 1, 0, 1, 1, 0, 1, 1]",011011011011,"[""011011011011""]",3,0.000732421875,False,False,,,6.263650144086431,0.3062646094750644,{},{}
"[0, 1, 1, 0, 1, 1, 0, 1, 1, 1, 0, 1]",011011011101,"[""011011011101""]",3,0.000732421875,False,False,,,6.027414716421587,0.2942657008711951,{},{}
"[0, 1, 1, 0, 1, 1, 0, 1, 1, 1, 1, 0]",011011011110,"[""011011011110""]",3,0.000732421875,False,False,,,6.0763381075072544,0.2967506257786527,{},{}
"[0, 1, 1, 0, 1, 1, 1, 0, 0, 1, 1, 1]",011011100111,"[""011011100111""]",3,0.000732421875,False,False,,,7.930018549305334,0.39090306693354604,{},{}
"[0, 1, 1, 0, 1, 1, 1, 1, 0, 0, 0, 0]",011011110000,"[""011011110000""]",3,0.000732421875,False,False,,,5.184467040189379,0.25145056418769957,{},{}
"[0, 1, 1, 1, 0, 0, 0, 1, 0, 0, 0, 1]",011100010001,"[""011100010001""]",3,0.000732421875,False,False,,,1.7647210896232153,0.07775426674872699,{},{}
"[0, 1, 1, 1, 0, 0, 0, 1, 0, 0, 1, 1]",011100010011,"[""011100010011""]",3,0.000732421875,False,False,,,3.147877818816691,0.14800779028866465,{},{}
"[0, 1, 1, 1, 0, 0, 0, 1, 0, 1, 0, 1]",011100010101,"[""011100010101""]",3,0.000732421875,False,False,,,3.090827971379788,0.14511010507681207,{},{}
"[0, 1, 1, 1, 0, 0, 1, 0, 0, 0, 0, 1]",011100100001,"[""011100100001""]",3,0.000732421875,False,False,,,1.7296128497937775,0.07597104327068961,{},{}
"[0, 1, 1, 1, 0, 0, 1, 0, 1, 0, 1, 1]",011100101011,"[""011100101011""]",3,0.000732421875,False,False,,,4.386820068024793,0.2109363482982245,{},{}
"[0, 1, 1, 1, 0, 0, 1, 1, 0, 1, 0, 0]",011100110100,"[""011100110100""]",3,0.000732421875,False,False,,,3.07566471804882,0.14433993062561276,{},{}
"[0, 1, 1, 1, 0, 1, 0, 0, 0, 1, 0, 0]",011101000100,"[""011101000100""]",3,0.000732421875,False,False,,,3.797126315148679,0.18098452644417248,{},{}
"[0, 1, 1, 1, 0, 1, 0, 0, 1, 1, 1, 1]",011101001111,"[""011101001111""]",3,0.000732421875,False,False,,,7.913674564566195,0.39007292057892645,{},{}
"[0, 1, 1, 1, 0, 1, 1, 0, 1, 0, 0, 0]",011101101000,"[""011101101000""]",3,0.000732421875,False,False,,,5.162898039188243,0.250355027949771,{},{}
"[0, 1, 1, 1, 0, 1, 1, 0, 1, 0, 1, 0]",011101101010,"[""011101101010""]",3,0.000732421875,False,False,,,4.47867840013629,0.21560203177510526,{},{}
"[0, 1, 1, 1, 0, 1, 1, 1, 0, 0, 0, 0]",011101110000,"[""011101110000""]",3,0.000732421875,False,False,,,5.095071755090582,0.24690998419882887,{},{}
"[0, 1, 1, 1, 0, 1, 1, 1, 0, 1, 0, 1]",011101110101,"[""011101110101""]",3,0.000732421875,False,False,,,5.925555963862831,0.28909207439807083,{},{}
"[0, 1, 1, 1, 1, 0, 0, 0, 0, 0, 1, 1]",011110000011,"[""011110000011""]",3,0.000732421875,False,False,,,5.226166758751201,0.2535685831350534,{},{}
"[0, 1, 1, 1, 1, 0, 0, 0, 1, 1, 1, 1]",011110001111,"[""011110001111""]",3,0.000732421875,False,False,,,7.8758655767846,0.3881525202677597,{},{}
"[0, 1, 1, 1, 1, 0, 0, 1, 1, 0, 0, 0]",011110011000,"[""011110011000""]",3,0.000732421875,False,False,,,5.1569423183608585,0.25005252400028155,{},{}
"[0, 1, 1, 1, 1, 0, 0, 1, 1, 1, 1, 0]",011110011110,"[""011110011110""]",3,0.000732421875,False,False,,,5.928043940745495,0.28921844412812664,{},{}
"[0, 1, 1, 1, 1, 0, 1, 0, 1, 0, 0, 1]",011110101001,"[""011110101001""]",3,0.000732421875,False,False,,,4.459322389514456,0.21461889810763343,{},{}
"[0, 1, 1, 1, 1, 0, 1, 0, 1, 0, 1, 1]",011110101011,"[""011110101011""]",3,0.000732421875,False,False,,,5.872610603909374,0.28640286498794887,{},{}
"[0, 1, 1, 1, 1, 0, 1, 1, 1, 1, 0, 0]",011110111100,"[""011110111100""]",3,0.000732421875,False,False,,,7.860702323453633,0.38738234581656045,{},{}
"[0, 1, 1, 1, 1, 1, 0, 1, 0, 0, 1, 0]",011111010010,"[""011111010010""]",3,0.000732421875,False,False,,,6.722467530165632,0.32956893743234755,{},{}
"[0, 1, 1, 1, 1, 1, 1, 0, 0, 1, 0, 0]",011111100100,"[""011111100100""]",3,0.000732421875,False,False,,,6.5857795012415705,0.32262625663922895,{},{}
"[0, 1, 1, 1, 1, 1, 1, 0, 1, 1, 0, 0]",011111101100,"[""011111101100""]",3,0.000732421875,False,False,,,7.993731013043874,0.3941391608458049,{},{}
"[1, 0, 0, 0, 0, 0, 0, 1, 0, 0, 0, 0]",100000010000,"[""100000010000""]",3,0.000732421875,False,False,,,1.601214119849253,0.06944939391146218,{},{}
"[1, 0, 0, 0, 0, 0, 0, 1, 0, 1, 0, 1]",100000010101,"[""100000010101""]",3,0.000732421875,False,False,,,2.1968529878600043,0.09970318102891744,{},{}
"[1, 0, 0, 0, 0, 0, 0, 1, 1, 0, 1, 0]",100000011010,"[""100000011010""]",3,0.000732421875,False,False,,,2.270469640641565,0.10344233013614587,{},{}
"[1, 0, 0, 0, 0, 0, 1, 0, 1, 0, 0, 0]",100000101000,"[""100000101000""]",3,0.000732421875,False,False,,,3.0148055093753343,0.1412487597127851,{},{}
"[1, 0, 0, 0, 0, 1, 0, 1, 0, 0, 1, 1]",100001010011,"[""100001010011""]",3,0.000732421875,False,False,,,1.5826150384898305,0.06850470631928503,{},{}
"[1, 0, 0, 0, 0, 1, 1, 1, 1, 0, 1, 1]",100001111011,"[""100001111011""]",3,0.000732421875,False,False,,,6.3734331679423635,0.3118407268361429,{},{}
"[1, 0, 0, 0, 1, 0, 0, 0, 0, 1, 1, 1]",100010000111,"[""100010000111""]",3,0.000732421875,False,False,,,5.602360666017052,0.2726762857994459,{},{}
"[1, 0, 0, 0, 1, 0, 1, 0, 0, 0, 0, 0]",100010100000,"[""100010100000""]",3,0.000732421875,False,False,,,0.9570336100459467,0.03673007175928312,{},{}
"[1, 0, 0, 0, 1, 0, 1, 0, 1, 0, 1, 0]",100010101010,"[""100010101010""]",3,0.000732421875,False,False,,,1.6385856950335569,0.07134757709021587,{},{}
"[1, 0, 0, 0, 1, 0, 1, 1, 1, 1, 1, 1]",100010111111,"[""100010111111""]",3,0.000732421875,False,False,,,9.76461208459858,0.48408604280143325,{},{}
"[1, 0, 0, 0, 1, 1, 0, 0, 1, 0, 0, 1]",100011001001,"[""100011001001""]",3,0.000732421875,False,False,,,1.7638576090550835,0.07771040870202905,{},{}
"[1, 0, 0, 0, 1, 1, 0, 0, 1, 0, 1, 1]",100011001011,"[""100011001011""]",3,0.000732421875,False,False,,,3.118562784890642,0.14651881627543142,{},{}
"[1, 0, 0, 0, 1, 1, 0, 0, 1, 1, 1, 0]",100011001110,"[""100011001110""]",3,0.000732421875,False,False,,,3.0972880506180127,0.1454382264814609,{},{}
"[1, 0, 0, 0, 1, 1, 0, 0, 1, 1, 1, 1]",100011001111,"[""100011001111""]",3,0.000732421875,False,False,,,6.444669666647215,0.3154589827669673,{},{}
"[1, 0, 0, 0, 1, 1, 0, 1, 0, 0, 0, 0]",100011010000,"[""100011010000""]",3,0.000732421875,False,False,,,2.3388847903025414,0.10691728364340199,{},{}
"[1, 0, 0, 0, 1, 1, 0, 1, 0, 1, 0, 0]",100011010100,"[""100011010100""]",3,0.000732421875,False,False,,,1.6471567510529717,0.07178291957390766,{},{}
"[1, 0, 0, 0, 1, 1, 1, 0, 0, 0, 1, 1]",100011100011,"[""100011100011""]",3,0.000732421875,False,False,,,3.0156282609635436,0.14129054904645194,{},{}
"[1, 0, 0, 0, 1, 1, 1, 0, 1, 0, 0, 0]",100011101000,"[""100011101000""]",3,0.000732421875,False,False,,,3.778252716794741,0.18002589553976667,{},{}
"[1, 0, 0, 1, 0, 0, 0, 0, 0, 0, 1, 1]",100100000011,"[""100100000011""]",3,0.000732421875,False,False,,,2.277448770994098,0.10379681527015948,{},{}
"[1, 0, 0, 1, 0, 0, 0, 1, 1, 0, 0, 0]",100100011000,"[""100100011000""]",3,0.000732421875,False,False,,,2.3136738000106027,0.10563676288783105,{},{}
"[1, 0, 0, 1, 0, 0, 0, 1, 1, 0, 0, 1]",100100011001,"[""100100011001""]",3,0.000732421875,False,False,,,1.6042956801461492,0.06960591302768986,{},{}
"[1, 0, 0, 1, 0, 0, 1, 0, 0, 0, 1, 0]",100100100010,"[""100100100010""]",3,0.000732421875,True,False,"[0, 0, 0, 1]",0.358941657383906,0.35894165738390627,0.00635168716371321,"{""degradation"": 0.37393733225142, ""nominal"": 0.32979150579150585, ""surge"": 0.37309613410879217}","{""degradation"": 0.8183483632748703, ""nominal"": 0.21778806864614547, ""surge"": 0.3294062803711863}"
"[1, 0, 0, 1, 0, 1, 0, 0, 1, 1, 1, 1]",100101001111,"[""100101001111""]",3,0.000732421875,False,False,,,6.527542380161902,0.31966826722970315,{},{}
"[1, 0, 0, 1, 0, 1, 0, 1, 1, 1, 1, 0]",100101011110,"[""100101011110""]",3,0.000732421875,False,False,,,4.525824348648186,0.21799667652771007,{},{}
"[1, 0, 0, 1, 0, 1, 1, 1, 1, 0, 1, 0]",100101111010,"[""100101111010""]",3,0.000732421875,False,False,,,6.52256937577296,0.3194156775748008,{},{}
"[1, 0, 0, 1, 1, 0, 0, 0, 1, 1, 0, 1]",100110001101,"[""100110001101""]",3,0.000732421875,False,False,,,3.062882791005281,0.14369070888993668,{},{}
"[1, 0, 0, 1, 1, 0, 0, 0, 1, 1, 1, 1]",100110001111,"[""100110001111""]",3,0.000732421875,False,False,,,6.4175879668408395,0.3140834446267899,{},{}
"[1, 0, 0, 1, 1, 0, 0, 1, 0, 0, 0, 0]",100110010000,"[""100110010000""]",3,0.000732421875,False,False,,,2.314484939240574,0.10567796240469288,{},{}
"[1, 0, 0, 1, 1, 0, 1, 1, 1, 0, 1, 1]",100110111011,"[""100110111011""]",3,0.000732421875,False,False,,,7.818579617040459,0.3852428424008562,{},{}
"[1, 0, 0, 1, 1, 1, 0, 0, 0, 1, 1, 1]",100111000111,"[""100111000111""]",3,0.000732421875,False,False,,,10.512146084823344,0.522054912397518,{},{}
"[1, 0, 0, 1, 1, 1, 0, 1, 1, 0, 0, 1]",100111011001,"[""100111011001""]",3,0.000732421875,False,False,,,6.473388173200492,0.3169176578640035,{},{}
"[1, 0, 0, 1, 1, 1, 1, 0, 0, 1, 0, 1]",100111100101,"[""100111100101""]",3,0.000732421875,False,False,,,6.67353149499871,0.32708337030464013,{},{}
"[1, 0, 0, 1, 1, 1, 1, 1, 1, 0, 1, 0]",100111111010,"[""100111111010""]",3,0.000732421875,False,False,,,9.973707630796063,0.49470645809265384,{},{}
"[1, 0, 1, 0, 0, 0, 0, 0, 0, 1, 1, 1]",101000000111,"[""101000000111""]",3,0.000732421875,False,False,,,7.673927888159449,0.37789566805282665,{},{}
"[1, 0, 1, 0, 0, 0, 0, 0, 1, 0, 1, 0]",101000001010,"[""101000001010""]",3,0.000732421875,False,False,,,2.3207763537752726,0.10599751696404544,{},{}
"[1, 0, 1, 0, 0, 0, 0, 1, 0, 0, 0, 1]",101000010001,"[""101000010001""]",3,0.000732421875,False,False,,,2.3721658731594712,0.10860770186468867,{},{}
"[1, 0, 1, 0, 0, 0, 1, 0, 1, 0, 1, 0]",101000101010,"[""101000101010""]",3,0.000732421875,False,False,,,3.6468832355318463,0.17335335529213056,{},{}
"[1, 0, 1, 0, 0, 1, 0, 0, 1, 1, 1, 1]",101001001111,"[""101001001111""]",3,0.000732421875,False,False,,,6.490264535595404,0.3177748448318685,{},{}
"[1, 0, 1, 0, 0, 1, 1, 0, 0, 1, 0, 0]",101001100100,"[""101001100100""]",3,0.000732421875,False,False,,,1.8099524480734468,0.08005166532877048,{},{}
"[1, 0, 1, 0, 0, 1, 1, 0, 0, 1, 0, 1]",101001100101,"[""101001100101""]",3,0.000732421875,False,False,,,3.2206037457467582,0.15170169750229218,{},{}
"[1, 0, 1, 0, 0, 1, 1, 0, 1, 1, 0, 0]",101001101100,"[""101001101100""]",3,0.000732421875,False,False,,,3.238993853757119,0.15263577088583508,{},{}
"[1, 0, 1, 0, 0, 1, 1, 0, 1, 1, 0, 1]",101001101101,"[""101001101101""]",3,0.000732421875,False,False,,,4.6496451514304304,0.22428580305935678,{},{}
"[1, 0, 1, 0, 1, 0, 0, 0, 0, 1, 0, 1]",101010000101,"[""101010000101""]",3,0.000732421875,False,False,,,3.724730390480939,0.17730738075960037,{},{}
"[1, 0, 1, 0, 1, 0, 0, 1, 0, 1, 1, 0]",101010010110,"[""101010010110""]",3,0.000732421875,False,False,,,3.016271155824376,0.14132320306771065,{},{}
"[1, 0, 1, 0, 1, 0, 0, 1, 1, 0, 1, 1]",101010011011,"[""101010011011""]",3,0.000732421875,False,False,,,4.505512110668191,0.2169649740033631,{},{}
"[1, 0, 1, 0, 1, 1, 0, 0, 1, 1, 0, 1]",101011001101,"[""101011001101""]",3,0.000732421875,False,False,,,4.549204470104959,0.21918420349299314,{},{}
"[1, 0, 1, 0, 1, 1, 0, 1, 0, 0, 1, 1]",101011010011,"[""101011010011""]",3,0.000732421875,False,False,,,4.535173060568974,0.2184715178375435,{},{}
"[1, 0, 1, 1, 0, 0, 0, 0, 0, 0, 1, 0]",101100000010,"[""101100000010""]",3,0.000732421875,False,False,,,2.3698447268144407,0.10848980581867418,{},{}
"[1, 0, 1, 1, 0, 0, 0, 0, 0, 1, 0, 1]",101100000101,"[""101100000101""]",3,0.000732421875,False,False,,,3.9132483896305637,0.18688261790476668,{},{}
"[1, 0, 1, 1, 0, 0, 0, 1, 0, 0, 0, 1]",101100010001,"[""101100010001""]",3,0.000732421875,False,False,,,1.765916076356834,0.07781496271097643,{},{}
"[1, 0, 1, 1, 0, 0, 0, 1, 1, 1, 0, 0]",101100011100,"[""101100011100""]",3,0.000732421875,False,False,,,3.125566138385504,0.14687453175526477,{},{}
"[1, 0, 1, 1, 0, 0, 0, 1, 1, 1, 0, 1]",101100011101,"[""101100011101""]",3,0.000732421875,False,False,,,4.518382515052671,0.21761868969465775,{},{}
"[1, 0, 1, 1, 0, 0, 0, 1, 1, 1, 1, 1]",101100011111,"[""101100011111""]",3,0.000732421875,False,False,,,7.860791126692931,0.3873868563252619,{},{}
"[1, 0, 1, 1, 0, 0, 1, 1, 0, 0, 0, 0]",101100110000,"[""101100110000""]",3,0.000732421875,False,False,,,3.780884308227309,0.18015955976360573,{},{}
"[1, 0, 1, 1, 0, 1, 0, 0, 0, 0, 0, 0]",101101000000,"[""101101000000""]",3,0.000732421875,False,False,,,4.52266002649702,0.2178359537578006,{},{}
"[1, 0, 1, 1, 0, 1, 1, 1, 1, 1, 0, 0]",101101111100,"[""101101111100""]",3,0.000732421875,False,False,,,8.12144897386225,0.40062623246787527,{},{}
"[1, 0, 1, 1, 1, 0, 0, 0, 1, 1, 0, 1]",101110001101,"[""101110001101""]",3,0.000732421875,False,False,,,4.548095123492791,0.2191278573778444,{},{}
"[1, 0, 1, 1, 1, 0, 0, 0, 1, 1, 1, 1]",101110001111,"[""101110001111""]",3,0.000732421875,False,False,,,7.90280029932835,0.3895205931146976,{},{}
"[1, 0, 1, 1, 1, 0, 1, 0, 0, 0, 0, 1]",101110100001,"[""101110100001""]",3,0.000732421875,False,False,,,3.221248214340739,0.15173443145686316,{},{}
"[1, 0, 1, 1, 1, 0, 1, 1, 1, 1, 1, 0]",101110111110,"[""101110111110""]",3,0.000732421875,False,False,,,9.373561395853294,0.4642237320544109,{},{}
"[1, 0, 1, 1, 1, 1, 1, 1, 1, 1, 0, 0]",101111111100,"[""101111111100""]",3,0.000732421875,False,False,,,11.492914296444628,0.5718702523283267,{},{}
"[1, 0, 1, 1, 1, 1, 1, 1, 1, 1, 1, 1]",101111111111,"[""101111111111""]",3,0.000732421875,False,False,,,16.3467370320803,0.818406413140343,{},{}
"[1, 1, 0, 0, 0, 0, 0, 0, 1, 0, 0, 1]",110000001001,"[""110000001001""]",3,0.000732421875,False,False,,,2.266230438583115,0.10322701188961748,{},{}
"[1, 1, 0, 0, 0, 0, 0, 0, 1, 0, 1, 0]",110000001010,"[""110000001010""]",3,0.000732421875,False,False,,,2.291388919395614,0.10450486557509286,{},{}
"[1, 1, 0, 0, 0, 0, 0, 1, 0, 1, 1, 0]",110000010110,"[""110000010110""]",3,0.000732421875,False,False,,,3.620300858175182,0.17200317881974853,{},{}
"[1, 1, 0, 0, 0, 0, 1, 0, 1, 0, 1, 0]",110000101010,"[""110000101010""]",3,0.000732421875,False,False,,,3.6174958011521876,0.171860703903178,{},{}
"[1, 1, 0, 0, 0, 0, 1, 0, 1, 1, 1, 1]",110000101111,"[""110000101111""]",3,0.000732421875,False,False,,,8.339275567642366,0.41169011656051824,{},{}
"[1, 1, 0, 0, 0, 1, 0, 0, 0, 1, 0, 1]",110001000101,"[""110001000101""]",3,0.000732421875,False,False,,,3.6576681122527592,0.17390114252014036,{},{}
"[1, 1, 0, 0, 0, 1, 0, 0, 1, 1, 1, 1]",110001001111,"[""110001001111""]",3,0.000732421875,False,False,,,6.402489878884477,0.31331658006599,{},{}
"[1, 1, 0, 0, 0, 1, 0, 1, 1, 0, 1, 1]",110001011011,"[""110001011011""]",3,0.000732421875,False,False,,,4.480629620202749,0.21570113846488043,{},{}
"[1, 1, 0, 0, 0, 1, 1, 0, 0, 1, 0, 0]",110001100100,"[""110001100100""]",3,0.000732421875,False,False,,,1.7479543283286376,0.07690264665793367,{},{}
"[1, 1, 0, 0, 0, 1, 1, 1, 0, 0, 1, 0]",110001110010,"[""110001110010""]",3,0.000732421875,False,False,,,3.0335684531216733,0.14220177023020533,{},{}
"[1, 1, 0, 0, 0, 1, 1, 1, 0, 1, 1, 1]",110001110111,"[""110001110111""]",3,0.000732421875,False,False,,,7.776438113493219,0.38310238423803417,{},{}
"[1, 1, 0, 0, 1, 0, 0, 0, 0, 1, 0, 0]",110010000100,"[""110010000100""]",3,0.000732421875,False,False,,,2.320971425727061,0.10600742509062841,{},{}
"[1, 1, 0, 0, 1, 0, 0, 1, 0, 1, 1, 0]",110010010110,"[""110010010110""]",3,0.000732421875,False,False,,,3.1435845387377537,0.14778972530244644,{},{}
"[1, 1, 0, 0, 1, 0, 0, 1, 1, 1, 1, 0]",110010011110,"[""110010011110""]",3,0.000732421875,False,False,,,4.506101289902092,0.21699489969168495,{},{}
"[1, 1, 0, 0, 1, 1, 0, 0, 1, 0, 0, 1]",110011001001,"[""110011001001""]",3,0.000732421875,False,False,,,3.1748576718117745,0.14937815540889174,{},{}
"[1, 1, 0, 0, 1, 1, 0, 0, 1, 0, 1, 1]",110011001011,"[""110011001011""]",3,0.000732421875,False,False,,,4.588145886206693,0.22116212228920715,{},{}
"[1, 1, 0, 0, 1, 1, 0, 0, 1, 1, 1, 1]",110011001111,"[""110011001111""]",3,0.000732421875,False,False,,,7.9142527679632675,0.39010228878074316,{},{}
"[1, 1, 0, 0, 1, 1, 1, 0, 0, 1, 0, 0]",110011100100,"[""110011100100""]",3,0.000732421875,False,False,,,3.15895439108533,0.14857039336479644,{},{}
"[1, 1, 0, 0, 1, 1, 1, 1, 0, 1, 1, 1]",110011110111,"[""110011110111""]",3,0.000732421875,False,False,,,9.346784041131368,0.46286365225970033,{},{}
"[1, 1, 0, 0, 1, 1, 1, 1, 1, 0, 0, 0]",110011111000,"[""110011111000""]",3,0.000732421875,False,False,,,8.584706072940207,0.42415606305626696,{},{}
"[1, 1, 0, 0, 1, 1, 1, 1, 1, 1, 0, 0]",110011111100,"[""110011111100""]",3,0.000732421875,False,False,,,7.983449090157776,0.39361691973149854,{},{}
"[1, 1, 0, 1, 0, 0, 1, 0, 0, 0, 1, 1]",110100100011,"[""110100100011""]",3,0.000732421875,False,False,,,3.030726348919906,0.1420574136072518,{},{}
"[1, 1, 0, 1, 0, 1, 1, 1, 0, 0, 1, 1]",110101110011,"[""110101110011""]",3,0.000732421875,False,False,,,5.835288105247939,0.28450717451199725,{},{}
"[1, 1, 0, 1, 0, 1, 1, 1, 1, 0, 0, 0]",110101111000,"[""110101111000""]",3,0.000732421875,False,False,,,8.590550901602587,0.4244529345527161,{},{}
"[1, 1, 0, 1, 1, 0, 0, 0, 0, 1, 1, 1]",110110000111,"[""110110000111""]",3,0.000732421875,False,False,,,8.516516884804487,0.4206925866238778,{},{}
"[1, 1, 0, 1, 1, 0, 0, 1, 0, 0, 0, 0]",110110010000,"[""110110010000""]",3,0.000732421875,False,False,,,3.7791855812437856,0.18007327774392853,{},{}
"[1, 1, 0, 1, 1, 0, 0, 1, 0, 0, 0, 1]",110110010001,"[""110110010001""]",3,0.000732421875,False,False,,,3.0908973552607018,0.14511362923427606,{},{}
"[1, 1, 0, 1, 1, 0, 1, 0, 0, 1, 1, 0]",110110100110,"[""110110100110""]",3,0.000732421875,False,False,,,4.649556012773922,0.22428127551408938,{},{}
"[1, 1, 0, 1, 1, 1, 0, 0, 1, 0, 1, 1]",110111001011,"[""110111001011""]",3,0.000732421875,False,False,,,7.9818960894040565,0.3935380394623966,{},{}
"[1, 1, 0, 1, 1, 1, 1, 1, 1, 1, 1, 0]",110111111110,"[""110111111110""]",3,0.000732421875,False,False,,,13.02447430243285,0.6496614994534888,{},{}
"[1, 1, 1, 0, 0, 0, 0, 0, 0, 0, 1, 0]",111000000010,"[""111000000010""]",3,0.000732421875,False,False,,,6.347559846199452,0.31052656483283764,{},{}
"[1, 1, 1, 0, 0, 0, 0, 0, 0, 0, 1, 1]",111000000011,"[""111000000011""]",3,0.000732421875,False,False,,,7.740376222866619,0.3812707227722307,{},{}
"[1, 1, 1, 0, 0, 0, 1, 0, 0, 0, 1, 0]",111000100010,"[""111000100010""]",3,0.000732421875,False,False,,,5.655831806949882,0.2753922007633433,{},{}
"[1, 1, 1, 0, 0, 0, 1, 0, 1, 1, 0, 1]",111000101101,"[""111000101101""]",3,0.000732421875,False,False,,,8.490872618175686,0.4193900588255123,{},{}
"[1, 1, 1, 0, 0, 1, 0, 0, 0, 0, 0, 1]",111001000001,"[""111001000001""]",3,0.000732421875,False,False,,,5.816773562983696,0.2835667808434138,{},{}
"[1, 1, 1, 0, 0, 1, 0, 1, 0, 0, 0, 0]",111001010000,"[""111001010000""]",3,0.000732421875,False,False,,,5.7819173350273125,0.28179635759378313,{},{}
"[1, 1, 1, 0, 0, 1, 0, 1, 0, 1, 1, 1]",111001010111,"[""111001010111""]",3,0.000732421875,False,False,,,9.866162401638388,0.4892440031670704,{},{}
"[1, 1, 1, 0, 0, 1, 0, 1, 1, 1, 1, 1]",111001011111,"[""111001011111""]",3,0.000732421875,False,False,,,11.313038728328202,0.5627339829582636,{},{}
"[1, 1, 1, 0, 0, 1, 1, 0, 0, 1, 1, 0]",111001100110,"[""111001100110""]",3,0.000732421875,False,False,,,6.446752525232574,0.3155647756619939,{},{}
"[1, 1, 1, 0, 0, 1, 1, 0, 1, 0, 0, 0]",111001101000,"[""111001101000""]",3,0.000732421875,False,False,,,7.179105473756773,0.35276256678917045,{},{}
"[1, 1, 1, 0, 1, 1, 0, 0, 1, 1, 1, 0]",111011001110,"[""111011001110""]",3,0.000732421875,False,False,,,7.9677239088960965,0.3928182037446405,{},{}
"[1, 1, 1, 0, 1, 1, 1, 0, 1, 1, 1, 1]",111011101111,"[""111011101111""]",3,0.000732421875,False,False,,,12.833877959680635,0.6399806987390415,{},{}
"[1, 1, 1, 1, 0, 0, 0, 0, 0, 1, 1, 0]",111100000110,"[""111100000110""]",3,0.000732421875,False,False,,,7.131259736928313,0.3503323782735682,{},{}
"[1, 1, 1, 1, 0, 0, 0, 0, 1, 1, 1, 1]",111100001111,"[""111100001111""]",3,0.000732421875,False,False,,,9.88659286475982,0.4902817106021998,{},{}
"[1, 1, 1, 1, 0, 0, 0, 1, 1, 0, 1, 1]",111100011011,"[""111100011011""]",3,0.000732421875,False,False,,,7.904144773178393,0.3895888818510926,{},{}
"[1, 1, 1, 1, 0, 0, 1, 0, 1, 0, 0, 1]",111100101001,"[""111100101001""]",3,0.000732421875,False,False,,,6.570812503811774,0.32186605044996397,{},{}
"[1, 1, 1, 1, 0, 0, 1, 0, 1, 0, 1, 1]",111100101011,"[""111100101011""]",3,0.000732421875,False,False,,,7.904427785765963,0.3896032566728776,{},{}
"[1, 1, 1, 1, 0, 0, 1, 1, 0, 1, 1, 1]",111100110111,"[""111100110111""]",3,0.000732421875,False,False,,,11.447668295556477,0.5695721100271738,{},{}
"[1, 1, 1, 1, 0, 0, 1, 1, 1, 0, 1, 0]",111100111010,"[""111100111010""]",3,0.000732421875,False,False,,,9.919113005048867,0.49193347890372185,{},{}
"[1, 1, 1, 1, 0, 0, 1, 1, 1, 0, 1, 1]",111100111011,"[""111100111011""]",3,0.000732421875,False,False,,,11.329764302722177,0.5635835110772435,{},{}
"[1, 1, 1, 1, 0, 1, 0, 1, 0, 1, 1, 1]",111101010111,"[""111101010111""]",3,0.000732421875,False,False,,,11.388652578692396,0.5665745740528128,{},{}
"[1, 1, 1, 1, 1, 0, 0, 0, 0, 1, 0, 0]",111110000100,"[""111110000100""]",3,0.000732421875,False,False,,,7.218342006548895,0.35475547520074585,{},{}
"[1, 1, 1, 1, 1, 0, 0, 1, 0, 0, 0, 1]",111110010001,"[""111110010001""]",3,0.000732421875,False,False,,,6.623171934823791,0.3245254992611521,{},{}
"[1, 1, 1, 1, 1, 0, 0, 1, 0, 0, 1, 1]",111110010011,"[""111110010011""]",3,0.000732421875,False,False,,,8.086001596457994,0.3988257834584914,{},{}
"[1, 1, 1, 1, 1, 0, 0, 1, 1, 0, 1, 1]",111110011011,"[""111110011011""]",3,0.000732421875,False,False,,,9.448518347622333,0.46803095784772997,{},{}
"[1, 1, 1, 1, 1, 0, 0, 1, 1, 1, 1, 0]",111110011110,"[""111110011110""]",3,0.000732421875,False,False,,,9.424561764605293,0.466814151152291,{},{}
"[1, 1, 1, 1, 1, 0, 1, 0, 0, 1, 1, 0]",111110100110,"[""111110100110""]",3,0.000732421875,False,False,,,8.076381122930162,0.3983371387885219,{},{}
"[1, 1, 1, 1, 1, 0, 1, 1, 1, 1, 0, 0]",111110111100,"[""111110111100""]",3,0.000732421875,False,False,,,11.45998776797587,0.5701978426916999,{},{}
"[1, 1, 1, 1, 1, 1, 0, 0, 0, 1, 1, 0]",111111000110,"[""111111000110""]",3,0.000732421875,False,False,,,12.061172680266434,0.60073332540022,{},{}
"[1, 1, 1, 1, 1, 1, 0, 1, 1, 1, 0, 1]",111111011101,"[""111111011101""]",3,0.000732421875,False,False,,,12.925210250380012,0.6446196634342041,{},{}
"[1, 1, 1, 1, 1, 1, 1, 1, 0, 1, 0, 0]",111111110100,"[""111111110100""]",3,0.000732421875,False,False,,,11.56268331814644,0.5754139719264266,{},{}
"[1, 1, 1, 1, 1, 1, 1, 1, 1, 0, 0, 1]",111111111001,"[""111111111001""]",3,0.000732421875,False,False,,,14.921955277504786,0.7460386644812949,{},{}
"[1, 1, 1, 1, 1, 1, 1, 1, 1, 0, 1, 0]",111111111010,"[""111111111010""]",3,0.000732421875,False,False,,,14.970878668590451,0.7485235893887524,{},{}
"[0, 0, 0, 0, 0, 0, 0, 0, 0, 0, 0, 1]",000000000001,"[""000000000001""]",2,0.00048828125,False,False,,,2.405908215554487,0.11032154845611805,{},{}
"[0, 0, 0, 0, 0, 0, 0, 0, 1, 1, 0, 0]",000000001100,"[""000000001100""]",2,0.00048828125,False,False,,,1.6265476907776146,0.07073614080283155,{},{}
"[0, 0, 0, 0, 0, 0, 0, 1, 0, 0, 1, 1]",000000010011,"[""000000010011""]",2,0.00048828125,False,False,,,2.9698443075711474,0.13896508297343527,{},{}
"[0, 0, 0, 0, 0, 0, 0, 1, 1, 1, 0, 0]",000000011100,"[""000000011100""]",2,0.00048828125,False,False,,,2.8837450131663016,0.13459191348470356,{},{}
"[0, 0, 0, 0, 0, 0, 1, 0, 0, 1, 0, 0]",000000100100,"[""000000100100""]",2,0.00048828125,False,False,,,1.6167660720620642,0.07023931122004644,{},{}
"[0, 0, 0, 0, 0, 0, 1, 0, 1, 0, 1, 1]",000000101011,"[""000000101011""]",2,0.00048828125,False,False,,,4.2278716563202785,0.20286301449039915,{},{}
"[0, 0, 0, 0, 0, 0, 1, 1, 1, 0, 1, 1]",000000111011,"[""000000111011""]",2,0.00048828125,False,False,,,7.5524453469543955,0.3717253068868746,{},{}
"[0, 0, 0, 0, 0, 0, 1, 1, 1, 1, 0, 1]",000000111101,"[""000000111101""]",2,0.00048828125,False,False,,,7.523847052875411,0.3702727376415574,{},{}
"[0, 0, 0, 0, 0, 1, 0, 0, 0, 0, 1, 1]",000001000011,"[""000001000011""]",2,0.00048828125,False,False,,,3.029310885814087,0.14198551917292943,{},{}
"[0, 0, 0, 0, 0, 1, 0, 0, 0, 1, 0, 1]",000001000101,"[""000001000101""]",2,0.00048828125,False,False,,,3.0165427184009057,0.14133699631865618,{},{}
"[0, 0, 0, 0, 0, 1, 0, 0, 0, 1, 1, 0]",000001000110,"[""000001000110""]",2,0.00048828125,False,False,,,2.947448318641759,0.13782754222896126,{},{}
"[0, 0, 0, 0, 0, 1, 0, 1, 0, 1, 0, 0]",000001010100,"[""000001010100""]",2,0.00048828125,False,False,,,0.9474483186417588,0.036243214065510454,{},{}
"[0, 0, 0, 0, 0, 1, 0, 1, 1, 0, 1, 0]",000001011010,"[""000001011010""]",2,0.00048828125,False,False,,,2.4533792871088167,0.1127327069116409,{},{}
"[0, 0, 0, 0, 0, 1, 0, 1, 1, 1, 0, 0]",000001011100,"[""000001011100""]",2,0.00048828125,False,False,,,2.3553998304440613,0.10775611827208634,{},{}
"[0, 0, 0, 0, 0, 1, 1, 0, 0, 0, 0, 0]",000001100000,"[""000001100000""]",2,0.00048828125,False,False,,,1.686996023377846,0.07380644243072922,{},{}
"[0, 0, 0, 0, 0, 1, 1, 0, 0, 1, 1, 1]",000001100111,"[""000001100111""]",2,0.00048828125,False,False,,,5.587550358350867,0.2719240382223643,{},{}
"[0, 0, 0, 0, 0, 1, 1, 0, 1, 1, 0, 1]",000001101101,"[""000001101101""]",2,0.00048828125,False,False,,,3.738304547764484,0.17799684158361734,{},{}
"[0, 0, 0, 0, 0, 1, 1, 0, 1, 1, 1, 1]",000001101111,"[""000001101111""]",2,0.00048828125,False,False,,,7.013336791159313,0.34434281666306876,{},{}
"[0, 0, 0, 0, 0, 1, 1, 1, 0, 0, 0, 0]",000001110000,"[""000001110000""]",2,0.00048828125,False,False,,,2.9263584247603895,0.13675634087847258,{},{}
"[0, 0, 0, 0, 0, 1, 1, 1, 0, 1, 1, 0]",000001110110,"[""000001110110""]",2,0.00048828125,False,False,,,3.5501624848248636,0.16844069905211384,{},{}
"[0, 0, 0, 0, 0, 1, 1, 1, 1, 0, 1, 1]",000001111011,"[""000001111011""]",2,0.00048828125,False,False,,,7.003010270350786,0.3438183103237687,{},{}
"[0, 0, 0, 0, 1, 0, 0, 0, 0, 1, 0, 0]",000010000100,"[""000010000100""]",2,0.00048828125,False,False,,,1.6077006063357397,0.0697788565973977,{},{}
"[0, 0, 0, 0, 1, 0, 0, 0, 1, 0, 1, 0]",000010001010,"[""000010001010""]",2,0.00048828125,False,False,,,1.0448235363478446,0.0411891121007317,{},{}
"[0, 0, 0, 0, 1, 0, 0, 1, 0, 0, 0, 0]",000010010000,"[""000010010000""]",2,0.00048828125,False,False,,,1.7001417061896495,0.07447414010907266,{},{}
"[0, 0, 0, 0, 1, 0, 0, 1, 0, 1, 1, 1]",000010010111,"[""000010010111""]",2,0.00048828125,False,False,,,5.639439364375548,0.27455959313040745,{},{}
"[0, 0, 0, 0, 1, 0, 0, 1, 1, 0, 0, 1]",000010011001,"[""000010011001""]",2,0.00048828125,False,False,,,2.3354454164833918,0.10674259040404134,{},{}
"[0, 0, 0, 0, 1, 0, 0, 1, 1, 1, 0, 0]",000010011100,"[""000010011100""]",2,0.00048828125,False,False,,,2.229237982554468,0.10134808499322444,{},{}
"[0, 0, 0, 0, 1, 0, 1, 0, 1, 0, 1, 1]",000010101011,"[""000010101011""]",2,0.00048828125,False,False,,,3.6155444134711834,0.17176158869989738,{},{}
"[0, 0, 0, 0, 1, 0, 1, 1, 0, 0, 1, 1]",000010110011,"[""000010110011""]",2,0.00048828125,False,False,,,3.639439364375548,0.17297526496695664,{},{}
"[0, 0, 0, 0, 1, 0, 1, 1, 1, 0, 0, 0]",000010111000,"[""000010111000""]",2,0.00048828125,False,False,,,6.2470729035606105,0.3054226155542547,{},{}
"[0, 0, 0, 0, 1, 0, 1, 1, 1, 0, 1, 1]",000010111011,"[""000010111011""]",2,0.00048828125,False,False,,,6.99870114266466,0.34359944040328594,{},{}
"[0, 0, 0, 0, 1, 1, 0, 0, 1, 0, 1, 1]",000011001011,"[""000011001011""]",2,0.00048828125,False,False,,,3.850907507961503,0.18371618961403233,{},{}
"[0, 0, 0, 0, 1, 1, 0, 1, 0, 1, 0, 1]",000011010101,"[""000011010101""]",2,0.00048828125,False,False,,,3.6484603362471932,0.17343345965043788,{},{}
"[0, 0, 0, 0, 1, 1, 0, 1, 0, 1, 1, 1]",000011010111,"[""000011010111""]",2,0.00048828125,False,False,,,7.052706959322038,0.34634251270431504,{},{}
"[0, 0, 0, 0, 1, 1, 1, 0, 0, 0, 0, 0]",000011100000,"[""000011100000""]",2,0.00048828125,False,False,,,2.9998783074008615,0.14049057482081662,{},{}
"[0, 0, 0, 0, 1, 1, 1, 0, 0, 0, 0, 1]",000011100001,"[""000011100001""]",2,0.00048828125,False,False,,,2.329425002423921,0.10643680054529278,{},{}
"[0, 0, 0, 0, 1, 1, 1, 0, 0, 0, 1, 1]",000011100011,"[""000011100011""]",2,0.00048828125,False,False,,,3.6662952572533363,0.1743393338845665,{},{}
"[0, 0, 0, 0, 1, 1, 1, 0, 1, 0, 0, 1]",000011101001,"[""000011101001""]",2,0.00048828125,False,False,,,3.7373765142262236,0.1779497047518687,{},{}
"[0, 0, 0, 0, 1, 1, 1, 0, 1, 1, 1, 1]",000011101111,"[""000011101111""]",2,0.00048828125,False,False,,,8.426981901504426,0.4161449110610466,{},{}
"[0, 0, 0, 0, 1, 1, 1, 1, 1, 0, 1, 1]",000011111011,"[""000011111011""]",2,0.00048828125,False,False,,,8.475238419255259,0.41859596402865956,{},{}
"[0, 0, 0, 1, 0, 0, 0, 0, 0, 0, 1, 1]",000100000011,"[""000100000011""]",2,0.00048828125,False,False,,,2.9096709209909437,0.13590874644890047,{},{}
"[0, 0, 0, 1, 0, 0, 0, 0, 0, 1, 1, 1]",000100000111,"[""000100000111""]",2,0.00048828125,False,False,,,6.235777802747517,0.3048489129404364,{},{}
"[0, 0, 0, 1, 0, 0, 0, 0, 1, 0, 1, 0]",000100001010,"[""000100001010""]",2,0.00048828125,False,False,,,0.9248060561260785,0.03509316455263252,{},{}
"[0, 0, 0, 1, 0, 0, 0, 0, 1, 1, 0, 0]",000100001100,"[""000100001100""]",2,0.00048828125,False,False,,,0.9758806944878216,0.03768735596471696,{},{}
"[0, 0, 0, 1, 0, 0, 0, 1, 0, 1, 0, 0]",000100010100,"[""000100010100""]",2,0.00048828125,False,False,,,0.9094860805996832,0.03431502984196783,{},{}
"[0, 0, 0, 1, 0, 0, 1, 0, 0, 1, 1, 1]",000100100111,"[""000100100111""]",2,0.00048828125,False,False,,,5.6312658470898596,0.27414444249930797,{},{}
"[0, 0, 0, 1, 0, 0, 1, 0, 1, 0, 0, 1]",000100101001,"[""000100101001""]",2,0.00048828125,False,False,,,2.281082522754286,0.10398138138579521,{},{}
"[0, 0, 0, 1, 0, 0, 1, 0, 1, 0, 1, 1]",000100101011,"[""000100101011""]",2,0.00048828125,False,False,,,3.5561147661491157,0.16874302830179586,{},{}
"[0, 0, 0, 1, 0, 0, 1, 0, 1, 1, 1, 1]",000100101111,"[""000100101111""]",2,0.00048828125,False,False,,,6.972692704372829,0.34227841553805777,{},{}
"[0, 0, 0, 1, 0, 0, 1, 1, 0, 1, 1, 0]",000100110110,"[""000100110110""]",2,0.00048828125,False,False,,,3.593877973563856,0.17066110332905757,{},{}
"[0, 0, 0, 1, 0, 0, 1, 1, 1, 0, 1, 1]",000100111011,"[""000100111011""]",2,0.00048828125,False,False,,,6.880688456783234,0.33760532069827137,{},{}
"[0, 0, 0, 1, 0, 1, 0, 0, 0, 0, 0, 1]",000101000001,"[""000101000001""]",2,0.00048828125,False,False,,,3.0446512996673785,0.1427646919904474,{},{}
"[0, 0, 0, 1, 0, 1, 0, 1, 0, 1, 1, 0]",000101010110,"[""000101010110""]",2,0.00048828125,False,False,,,3.6294924451741477,0.17247003941477146,{},{}
"[0, 0, 0, 1, 0, 1, 0, 1, 1, 1, 0, 0]",000101011100,"[""000101011100""]",2,0.00048828125,False,False,,,3.7307051873484776,0.17761085362245138,{},{}
"[0, 0, 0, 1, 0, 1, 1, 0, 0, 1, 0, 1]",000101100101,"[""000101100101""]",2,0.00048828125,False,False,,,3.787336119647664,0.18048726122789274,{},{}
"[0, 0, 0, 1, 0, 1, 1, 0, 1, 0, 0, 0]",000101101000,"[""000101101000""]",2,0.00048828125,False,False,,,4.449162998203196,0.21410288063718147,{},{}
"[0, 0, 0, 1, 0, 1, 1, 1, 1, 0, 1, 0]",000101111010,"[""000101111010""]",2,0.00048828125,False,False,,,7.030934011225998,0.3452366175520781,{},{}
"[0, 0, 0, 1, 0, 1, 1, 1, 1, 1, 0, 0]",000101111100,"[""000101111100""]",2,0.00048828125,False,False,,,7.12619323169082,0.35007503950822455,{},{}
"[0, 0, 0, 1, 1, 0, 0, 0, 0, 0, 1, 0]",000110000010,"[""000110000010""]",2,0.00048828125,False,False,,,2.967796983118789,0.13886109493392257,{},{}
"[0, 0, 0, 1, 1, 0, 0, 0, 1, 0, 0, 0]",000110001000,"[""000110001000""]",2,0.00048828125,False,False,,,2.9545186645661987,0.13818666039926997,{},{}
"[0, 0, 0, 1, 1, 0, 0, 0, 1, 0, 0, 1]",000110001001,"[""000110001001""]",2,0.00048828125,False,False,,,2.266230438583115,0.10322701188961748,{},{}
"[0, 0, 0, 1, 1, 0, 0, 0, 1, 1, 1, 0]",000110001110,"[""000110001110""]",2,0.00048828125,False,False,,,3.5996608801460446,0.17095482966904937,{},{}
"[0, 0, 0, 1, 1, 0, 0, 0, 1, 1, 1, 1]",000110001111,"[""000110001111""]",2,0.00048828125,False,False,,,6.947042496175248,0.34097558595455585,{},{}
"[0, 0, 0, 1, 1, 0, 0, 1, 0, 0, 0, 0]",000110010000,"[""000110010000""]",2,0.00048828125,False,False,,,2.9467070892374196,0.13778989358343388,{},{}
"[0, 0, 0, 1, 1, 0, 0, 1, 0, 1, 0, 0]",000110010100,"[""000110010100""]",2,0.00048828125,False,False,,,2.2549790499878495,0.10265552951393951,{},{}
"[0, 0, 0, 1, 1, 0, 0, 1, 0, 1, 1, 0]",000110010110,"[""000110010110""]",2,0.00048828125,False,False,,,3.6413907520565516,0.17307438017023724,{},{}
"[0, 0, 0, 1, 1, 0, 0, 1, 1, 0, 0, 0]",000110011000,"[""000110011000""]",2,0.00048828125,False,False,,,4.270299025514245,0.20501799238805501,{},{}
"[0, 0, 0, 1, 1, 0, 0, 1, 1, 0, 1, 1]",000110011011,"[""000110011011""]",2,0.00048828125,False,False,,,5.00409234361215,0.24228894300295756,{},{}
"[0, 0, 0, 1, 1, 0, 1, 0, 1, 0, 0, 0]",000110101000,"[""000110101000""]",2,0.00048828125,False,False,,,4.259535652441403,0.2044712973768664,{},{}
"[0, 0, 0, 1, 1, 0, 1, 0, 1, 0, 1, 0]",000110101010,"[""000110101010""]",2,0.00048828125,False,False,,,3.5964059072708188,0.17078950255268935,{},{}
"[0, 0, 0, 1, 1, 0, 1, 0, 1, 1, 0, 1]",000110101101,"[""000110101101""]",2,0.00048828125,False,False,,,5.005660285688175,0.24236858217415366,{},{}
"[0, 0, 0, 1, 1, 1, 0, 0, 0, 0, 0, 0]",000111000000,"[""000111000000""]",2,0.00048828125,False,False,,,7.066911703554847,0.3470640024041268,{},{}
"[0, 0, 0, 1, 1, 1, 0, 0, 0, 0, 0, 1]",000111000001,"[""000111000001""]",2,0.00048828125,False,False,,,6.378623477571764,0.31210435389447433,{},{}
"[0, 0, 0, 1, 1, 1, 0, 0, 0, 1, 0, 0]",000111000100,"[""000111000100""]",2,0.00048828125,False,False,,,6.396273558186646,0.3130008396851211,{},{}
"[0, 0, 0, 1, 1, 1, 0, 0, 1, 1, 0, 0]",000111001100,"[""000111001100""]",2,0.00048828125,False,False,,,5.786390148982806,0.28202354149411757,{},{}
"[0, 0, 0, 1, 1, 1, 0, 1, 0, 0, 1, 0]",000111010010,"[""000111010010""]",2,0.00048828125,False,False,,,5.751268845565452,0.2802396544881793,{},{}
"[0, 0, 0, 1, 1, 1, 0, 1, 1, 1, 1, 0]",000111011110,"[""000111011110""]",2,0.00048828125,False,False,,,8.506417133005698,0.420179598373329,{},{}
"[0, 0, 0, 1, 1, 1, 1, 1, 0, 0, 1, 0]",000111110010,"[""000111110010""]",2,0.00048828125,False,False,,,7.038450912434513,0.3456184172316471,{},{}
"[0, 0, 0, 1, 1, 1, 1, 1, 0, 1, 1, 0]",000111110110,"[""000111110110""]",2,0.00048828125,False,False,,,8.458283823533451,0.4177348034208182,{},{}
"[0, 0, 0, 1, 1, 1, 1, 1, 1, 1, 1, 1]",000111111111,"[""000111111111""]",2,0.00048828125,False,False,,,15.267121714383387,0.7635704147787373,{},{}
"[0, 0, 1, 0, 0, 0, 0, 0, 0, 1, 0, 1]",001000000101,"[""001000000101""]",2,0.00048828125,False,False,,,3.062515102747716,0.1436720332076275,{},{}
"[0, 0, 1, 0, 0, 0, 0, 1, 0, 0, 0, 1]",001000010001,"[""001000010001""]",2,0.00048828125,False,False,,,1.099628136917493,0.043972756365298696,{},{}
"[0, 0, 1, 0, 0, 0, 0, 1, 0, 1, 0, 1]",001000010101,"[""001000010101""]",2,0.00048828125,False,False,,,2.322967398011629,0.10610880484240878,{},{}
"[0, 0, 1, 0, 0, 0, 0, 1, 0, 1, 1, 0]",001000010110,"[""001000010110""]",2,0.00048828125,False,False,,,2.2368897909724352,0.10173673690191176,{},{}
"[0, 0, 1, 0, 0, 0, 0, 1, 1, 0, 1, 1]",001000011011,"[""001000011011""]",2,0.00048828125,False,False,,,3.765628684834579,0.17938469363707316,{},{}
"[0, 0, 1, 0, 0, 0, 0, 1, 1, 1, 1, 0]",001000011110,"[""001000011110""]",2,0.00048828125,False,False,,,3.5783166482554036,0.16987070994066156,{},{}
"[0, 0, 1, 0, 0, 0, 1, 0, 0, 0, 0, 1]",001000100001,"[""001000100001""]",2,0.00048828125,False,False,,,1.0625151027477158,0.04208770504417669,{},{}
"[0, 0, 1, 0, 0, 0, 1, 0, 0, 1, 1, 0]",001000100110,"[""001000100110""]",2,0.00048828125,False,False,,,2.2050365240182237,0.10011884054023446,{},{}
"[0, 0, 1, 0, 0, 0, 1, 0, 1, 0, 0, 0]",001000101000,"[""001000101000""]",2,0.00048828125,False,False,,,2.9932906623573743,0.14015597407285565,{},{}
"[0, 0, 1, 0, 0, 0, 1, 0, 1, 1, 1, 1]",001000101111,"[""001000101111""]",2,0.00048828125,False,False,,,6.974949599980647,0.3423930481500854,{},{}
"[0, 0, 1, 0, 0, 0, 1, 1, 0, 1, 1, 1]",001000110111,"[""001000110111""]",2,0.00048828125,False,False,,,6.961351406207021,0.34170236646072033,{},{}
"[0, 0, 1, 0, 0, 1, 0, 0, 0, 0, 0, 1]",001001000001,"[""001001000001""]",2,0.00048828125,False,False,,,1.2053811895244935,0.04934418276545681,{},{}
"[0, 0, 1, 0, 0, 1, 0, 0, 0, 1, 1, 0]",001001000110,"[""001001000110""]",2,0.00048828125,False,False,,,2.296356369215375,0.10475717310140592,{},{}
"[0, 0, 1, 0, 0, 1, 0, 0, 1, 0, 0, 1]",001001001001,"[""001001001001""]",2,0.00048828125,True,True,"[2, 2, 2, 2]",0.5954977803206528,0.5954977803206531,0.018366884574453266,"{""degradation"": 0.41385681293302545, ""nominal"": 0.6845714285714287, ""surge"": 0.6880650994575044}","{""degradation"": 1.0, ""nominal"": 1.0, ""surge"": 1.0}"
"[0, 0, 1, 0, 0, 1, 0, 1, 0, 1, 0, 0]",001001010100,"[""001001010100""]",2,0.00048828125,True,True,"[2, 2, 1, 0]",0.31744626309674406,0.31744626309674434,0.00424404628844379,"{""degradation"": 0.2746301728980714, ""nominal"": 0.3103629343629345, ""surge"": 0.3673456820292263}","{""degradation"": 0.3664560107931553, ""nominal"": 0.1749523290656499, ""surge"": 0.31716311525390567}"
"[0, 0, 1, 0, 0, 1, 0, 1, 1, 0, 0, 1]",001001011001,"[""001001011001""]",2,0.00048828125,False,False,,,1.8737849965907092,0.08329385860681397,{},{}
"[0, 0, 1, 0, 0, 1, 0, 1, 1, 0, 1, 0]",001001011010,"[""001001011010""]",2,0.00048828125,False,False,,,1.8233772315638022,0.08073353913457425,{},{}
"[0, 0, 1, 0, 0, 1, 1, 0, 0, 0, 1, 0]",001001100010,"[""001001100010""]",2,0.00048828125,True,True,"[2, 2, 0, 1]",0.27526647533400533,0.2752664753340057,0.0021016435874664165,"{""degradation"": 0.26839460707820983, ""nominal"": 0.2486486486486486, ""surge"": 0.30875617027515756}","{""degradation"": 0.33808137470709354, ""nominal"": 0.038885862162898244, ""surge"": 0.19242143292689257}"
"[0, 0, 1, 0, 0, 1, 1, 0, 1, 0, 0, 0]",001001101000,"[""001001101000""]",2,0.00048828125,False,False,,,2.4438555857537647,0.11224897750974976,{},{}
"[0, 0, 1, 0, 0, 1, 1, 1, 0, 1, 1, 0]",001001110110,"[""001001110110""]",2,0.00048828125,False,False,,,2.92016042927985,0.1364415312750472,{},{}
"[0, 0, 1, 0, 0, 1, 1, 1, 1, 0, 1, 0]",001001111010,"[""001001111010""]",2,0.00048828125,False,False,,,5.046716492657938,0.24445391577513514,{},{}
"[0, 0, 1, 0, 0, 1, 1, 1, 1, 1, 1, 1]",001001111111,"[""001001111111""]",2,0.00048828125,False,False,,,9.792268001773895,0.48549074668443243,{},{}
"[0, 0, 1, 0, 1, 0, 0, 0, 0, 0, 1, 0]",001010000010,"[""001010000010""]",2,0.00048828125,False,False,,,1.0701396506446352,0.042474972332006,{},{}
"[0, 0, 1, 0, 1, 0, 0, 0, 1, 0, 1, 0]",001010001010,"[""001010001010""]",2,0.00048828125,True,True,"[2, 1, 2, 1]",0.39373158692146026,0.3937315869214607,0.00811874297317634,"{""degradation"": 0.29729729729729737, ""nominal"": 0.4447258687258688, ""surge"": 0.43917159474121487}","{""degradation"": 0.46960164737626947, ""nominal"": 0.4711931353854535, ""surge"": 0.4700861371076327}"
"[0, 0, 1, 0, 1, 0, 0, 0, 1, 1, 0, 0]",001010001100,"[""001010001100""]",2,0.00048828125,True,True,"[2, 1, 2, 0]",0.2623656721800377,0.2623656721800378,0.0014463838768840377,"{""degradation"": 0.26839460707821, ""nominal"": 0.24864864864864877, ""surge"": 0.27005376081325444}","{""degradation"": 0.33808137470709426, ""nominal"": 0.03888586216289861, ""surge"": 0.11002095676911952}"
"[0, 0, 1, 0, 1, 0, 0, 1, 0, 1, 1, 0]",001010010110,"[""001010010110""]",2,0.00048828125,False,False,,,1.6620556928013301,0.07253966906783435,{},{}
"[0, 0, 1, 0, 1, 0, 0, 1, 1, 1, 0, 0]",001010011100,"[""001010011100""]",2,0.00048828125,False,False,,,1.5992359270094534,0.06934891721615778,{},{}
"[0, 0, 1, 0, 1, 0, 0, 1, 1, 1, 1, 0]",001010011110,"[""001010011110""]",2,0.00048828125,False,False,,,3.003482550084299,0.14067364210658415,{},{}
"[0, 0, 1, 0, 1, 0, 1, 0, 0, 0, 1, 0]",001010100010,"[""001010100010""]",2,0.00048828125,True,True,"[2, 1, 0, 1]",0.2756439907326276,0.2756439907326279,0.0021208184115366125,"{""degradation"": 0.21880812683353107, ""nominal"": 0.28690347490347495, ""surge"": 0.32122037046087676}","{""degradation"": 0.11244053113683199, ""nominal"": 0.12322936529555982, ""surge"": 0.21895869622674094}"
"[0, 0, 1, 0, 1, 0, 1, 0, 0, 1, 0, 1]",001010100101,"[""001010100101""]",2,0.00048828125,False,False,,,1.6843252450191675,0.07367078781810929,{},{}
"[0, 0, 1, 0, 1, 0, 1, 0, 1, 0, 1, 1]",001010101011,"[""001010101011""]",2,0.00048828125,False,False,,,3.0488120395702767,0.14297602497429676,{},{}
"[0, 0, 1, 0, 1, 0, 1, 0, 1, 1, 1, 0]",001010101110,"[""001010101110""]",2,0.00048828125,False,False,,,2.9130462445707277,0.13608018643799377,{},{}
"[0, 0, 1, 0, 1, 0, 1, 0, 1, 1, 1, 1]",001010101111,"[""001010101111""]",2,0.00048828125,False,False,,,6.362622357131553,0.3112916223595837,{},{}
"[0, 0, 1, 0, 1, 0, 1, 1, 0, 0, 1, 0]",001010110010,"[""001010110010""]",2,0.00048828125,False,False,,,1.6620556928013301,0.07253966906783435,{},{}
"[0, 0, 1, 0, 1, 0, 1, 1, 0, 1, 0, 1]",001010110101,"[""001010110101""]",2,0.00048828125,False,False,,,3.0033605788424396,0.14066744692325436,{},{}
"[0, 0, 1, 0, 1, 0, 1, 1, 1, 0, 1, 1]",001010111011,"[""001010111011""]",2,0.00048828125,False,False,,,6.453058662645122,0.31588507802817395,{},{}
"[0, 0, 1, 0, 1, 0, 1, 1, 1, 1, 0, 1]",001010111101,"[""001010111101""]",2,0.00048828125,False,False,,,6.344787436125408,0.310385748125455,{},{}
"[0, 0, 1, 0, 1, 1, 0, 0, 1, 0, 0, 0]",001011001000,"[""001011001000""]",2,0.00048828125,False,False,,,2.5333986086826443,0.11679706142272711,{},{}
"[0, 0, 1, 0, 1, 1, 0, 0, 1, 1, 1, 0]",001011001110,"[""001011001110""]",2,0.00048828125,False,False,,,3.096863097481422,0.14541664219202016,{},{}
"[0, 0, 1, 0, 1, 1, 0, 0, 1, 1, 1, 1]",001011001111,"[""001011001111""]",2,0.00048828125,False,False,,,6.528604289036101,0.3197222038794813,{},{}
"[0, 0, 1, 0, 1, 1, 0, 1, 0, 0, 0, 0]",001011010000,"[""001011010000""]",2,0.00048828125,False,False,,,2.462317351709757,0.11318669055542492,{},{}
"[0, 0, 1, 0, 1, 1, 0, 1, 0, 1, 1, 1]",001011010111,"[""001011010111""]",2,0.00048828125,False,False,,,6.5070644793025005,0.3186281503292031,{},{}
"[0, 0, 1, 0, 1, 1, 1, 0, 0, 1, 0, 0]",001011100100,"[""001011100100""]",2,0.00048828125,False,False,,,1.6658516484109782,0.07273247386800653,{},{}
"[0, 0, 1, 0, 1, 1, 1, 0, 1, 0, 0, 1]",001011101001,"[""001011101001""]",2,0.00048828125,False,False,,,3.170644140325317,0.14916414102626807,{},{}
"[0, 0, 1, 0, 1, 1, 1, 0, 1, 0, 1, 0]",001011101010,"[""001011101010""]",2,0.00048828125,False,False,,,3.093608124606196,0.1452513150756601,{},{}
"[0, 0, 1, 0, 1, 1, 1, 1, 0, 1, 1, 1]",001011110111,"[""001011110111""]",2,0.00048828125,False,False,,,7.820874796863776,0.38535941955103914,{},{}
"[0, 0, 1, 0, 1, 1, 1, 1, 1, 0, 0, 0]",001011111000,"[""001011111000""]",2,0.00048828125,False,False,,,7.093608124606195,0.3484199714025617,{},{}
"[0, 0, 1, 0, 1, 1, 1, 1, 1, 0, 1, 0]",001011111010,"[""001011111010""]",2,0.00048828125,False,False,,,6.497854747681041,0.31816036812953724,{},{}
"[0, 0, 1, 1, 0, 0, 0, 0, 0, 0, 0, 0]",001100000000,"[""001100000000""]",2,0.00048828125,False,False,,,1.7367321222345342,0.07633264652464304,{},{}
"[0, 0, 1, 1, 0, 0, 0, 0, 0, 1, 0, 0]",001100000100,"[""001100000100""]",2,0.00048828125,False,False,,,1.0450040829849643,0.041198282455148685,{},{}
"[0, 0, 1, 1, 0, 0, 0, 0, 1, 0, 0, 1]",001100001001,"[""001100001001""]",2,0.00048828125,True,True,"[2, 0, 2, 2]",0.41747059316624024,0.41747059316624036,0.009324498473498293,"{""degradation"": 0.3291320766493977, ""nominal"": 0.4650347490347491, ""surge"": 0.458244953814574}","{""degradation"": 0.6144642476745011, ""nominal"": 0.515969763007355, ""surge"": 0.5106948199112198}"
"[0, 0, 1, 1, 0, 0, 0, 0, 1, 0, 1, 1]",001100001011,"[""001100001011""]",2,0.00048828125,False,False,,,1.6925028365610708,0.07408614538949898,{},{}
"[0, 0, 1, 1, 0, 0, 0, 0, 1, 1, 0, 1]",001100001101,"[""001100001101""]",2,0.00048828125,False,False,,,1.7435774749228141,0.07668033680158343,{},{}
"[0, 0, 1, 1, 0, 0, 0, 1, 0, 0, 0, 0]",001100010000,"[""001100010000""]",2,0.00048828125,False,False,,,0.9971844174984468,0.038769418159424265,{},{}
"[0, 0, 1, 1, 0, 0, 1, 0, 0, 0, 0, 1]",001100100001,"[""001100100001""]",2,0.00048828125,True,False,"[2, 0, 0, 2]",0.4167305657707622,0.4167305657707623,0.009286910880602198,"{""degradation"": 0.3348230447537607, ""nominal"": 0.4546409266409267, ""surge"": 0.46072772591759925}","{""degradation"": 0.6403607185968897, ""nominal"": 0.49305366385181143, ""surge"": 0.5159808371469657}"
"[0, 0, 1, 1, 0, 0, 1, 0, 0, 1, 1, 0]",001100100110,"[""001100100110""]",2,0.00048828125,False,False,,,1.6620196077037077,0.072537836227635,{},{}
"[0, 0, 1, 1, 0, 0, 1, 0, 1, 0, 0, 0]",001100101000,"[""001100101000""]",2,0.00048828125,False,False,,,2.3475061253804204,0.10735517990928115,{},{}
"[0, 0, 1, 1, 0, 0, 1, 0, 1, 0, 1, 0]",001100101010,"[""001100101010""]",2,0.00048828125,False,False,,,1.6047034477691073,0.06962662442770236,{},{}
"[0, 0, 1, 1, 0, 0, 1, 0, 1, 0, 1, 1]",001100101011,"[""001100101011""]",2,0.00048828125,False,False,,,3.0153547454424183,0.14127665660122404,{},{}
"[0, 0, 1, 1, 0, 0, 1, 1, 0, 0, 0, 0]",001100110000,"[""001100110000""]",2,0.00048828125,False,False,,,2.2843664843675078,0.10414818090289205,{},{}
"[0, 0, 1, 1, 0, 0, 1, 1, 0, 0, 1, 0]",001100110010,"[""001100110010""]",2,0.00048828125,False,False,,,1.5911052539954813,0.06893594273833725,{},{}
"[0, 0, 1, 1, 0, 0, 1, 1, 0, 1, 0, 1]",001100110101,"[""001100110101""]",2,0.00048828125,False,False,,,3.093760799258387,0.14525906975164532,{},{}
"[0, 0, 1, 1, 0, 0, 1, 1, 1, 0, 0, 0]",001100111000,"[""001100111000""]",2,0.00048828125,False,False,,,5.625793341650477,0.2738664821050927,{},{}
"[0, 0, 1, 1, 0, 0, 1, 1, 1, 0, 1, 1]",001100111011,"[""001100111011""]",2,0.00048828125,False,False,,,6.361018329957905,0.3112101503481882,{},{}
"[0, 0, 1, 1, 0, 1, 0, 0, 0, 1, 0, 1]",001101000101,"[""001101000101""]",2,0.00048828125,False,False,,,3.8510880545986232,0.18372535996844935,{},{}
"[0, 0, 1, 1, 0, 1, 0, 1, 0, 0, 0, 0]",001101010000,"[""001101010000""]",2,0.00048828125,False,False,,,2.389362118563569,0.10948113638284321,{},{}
"[0, 0, 1, 1, 0, 1, 0, 1, 0, 0, 0, 1]",001101010001,"[""001101010001""]",2,0.00048828125,False,False,,,1.764343574224593,0.07773509192465679,{},{}
"[0, 0, 1, 1, 0, 1, 0, 1, 0, 0, 1, 0]",001101010010,"[""001101010010""]",2,0.00048828125,False,False,,,1.6961008881915425,0.07426889821828841,{},{}
"[0, 0, 1, 1, 0, 1, 0, 1, 1, 1, 0, 1]",001101011101,"[""001101011101""]",2,0.00048828125,False,False,,,4.5194918616648385,0.2176750358098065,{},{}
"[0, 0, 1, 1, 0, 1, 1, 0, 0, 1, 0, 1]",001101100101,"[""001101100101""]",2,0.00048828125,False,False,,,3.2465760989409658,0.1530208895273209,{},{}
"[0, 0, 1, 1, 0, 1, 1, 0, 0, 1, 1, 0]",001101100110,"[""001101100110""]",2,0.00048828125,False,False,,,3.075287202650199,0.14432075580154263,{},{}
"[0, 0, 1, 1, 0, 1, 1, 0, 1, 0, 1, 0]",001101101010,"[""001101101010""]",2,0.00048828125,False,False,,,3.0812407243597066,0.14462314805307605,{},{}
"[0, 0, 1, 1, 0, 1, 1, 1, 0, 0, 1, 0]",001101110010,"[""001101110010""]",2,0.00048828125,False,False,,,2.983282955060604,0.1396476609617562,{},{}
"[0, 0, 1, 1, 0, 1, 1, 1, 1, 1, 0, 1]",001101111101,"[""001101111101""]",2,0.00048828125,False,False,,,7.932814827013326,0.3910450959297084,{},{}
"[0, 0, 1, 1, 1, 0, 0, 0, 0, 0, 1, 0]",001110000010,"[""001110000010""]",2,0.00048828125,False,False,,,2.3426773868866135,0.10710991783139596,{},{}
"[0, 0, 1, 1, 1, 0, 0, 0, 0, 0, 1, 1]",001110000011,"[""001110000011""]",2,0.00048828125,False,False,,,3.7565836574351503,0.17892527712127768,{},{}
"[0, 0, 1, 1, 1, 0, 0, 0, 1, 0, 0, 1]",001110001001,"[""001110001001""]",2,0.00048828125,False,False,,,1.7254704178764166,0.07576064018904564,{},{}
"[0, 0, 1, 1, 1, 0, 0, 1, 0, 0, 0, 0]",001110010000,"[""001110010000""]",2,0.00048828125,False,False,,,2.3426773868866135,0.10710991783139596,{},{}
"[0, 0, 1, 1, 1, 0, 1, 0, 0, 0, 1, 0]",001110100010,"[""001110100010""]",2,0.00048828125,False,False,,,1.629859453755674,0.07090435241141294,{},{}
"[0, 0, 1, 1, 1, 0, 1, 0, 1, 0, 0, 0]",001110101000,"[""001110101000""]",2,0.00048828125,False,False,,,3.6344160562092274,0.1727201202743398,{},{}
"[0, 0, 1, 1, 1, 0, 1, 0, 1, 1, 1, 1]",001110101111,"[""001110101111""]",2,0.00048828125,False,False,,,7.8196054408170355,0.385294946210435,{},{}
"[0, 0, 1, 1, 1, 0, 1, 1, 0, 0, 0, 1]",001110110001,"[""001110110001""]",2,0.00048828125,False,False,,,3.043765724304211,0.14271971170129463,{},{}
"[0, 0, 1, 1, 1, 1, 0, 0, 0, 0, 1, 1]",001111000011,"[""001111000011""]",2,0.00048828125,False,False,,,7.174733711694479,0.3525405155331761,{},{}
"[0, 0, 1, 1, 1, 1, 0, 0, 0, 1, 0, 1]",001111000101,"[""001111000101""]",2,0.00048828125,False,False,,,7.185060232503009,0.35306502187247635,{},{}
"[0, 0, 1, 1, 1, 1, 0, 0, 1, 1, 0, 1]",001111001101,"[""001111001101""]",2,0.00048828125,False,False,,,6.575176823299168,0.32208772368147276,{},{}
"[0, 0, 1, 1, 1, 1, 0, 1, 1, 0, 1, 0]",001111011010,"[""001111011010""]",2,0.00048828125,False,False,,,6.573025576023092,0.3219784571768459,{},{}
"[0, 0, 1, 1, 1, 1, 0, 1, 1, 1, 1, 0]",001111011110,"[""001111011110""]",2,0.00048828125,False,False,,,7.9023874306548905,0.38949962262129106,{},{}
"[0, 0, 1, 1, 1, 1, 0, 1, 1, 1, 1, 1]",001111011111,"[""001111011111""]",2,0.00048828125,False,False,,,11.33412862220957,0.5638051843087523,{},{}
"[0, 0, 1, 1, 1, 1, 1, 0, 0, 0, 0, 1]",001111100001,"[""001111100001""]",2,0.00048828125,False,False,,,5.142880444740269,0.24933829100804808,{},{}
"[0, 0, 1, 1, 1, 1, 1, 0, 0, 1, 1, 0]",001111100110,"[""001111100110""]",2,0.00048828125,False,False,,,6.467842419113943,0.3166359770124826,{},{}
"[0, 0, 1, 1, 1, 1, 1, 0, 1, 0, 1, 0]",001111101010,"[""001111101010""]",2,0.00048828125,False,False,,,6.47379594082345,0.316938369264016,{},{}
"[0, 0, 1, 1, 1, 1, 1, 1, 1, 1, 0, 1]",001111111101,"[""001111111101""]",2,0.00048828125,False,False,,,11.325370043477069,0.5633603171406483,{},{}
"[0, 1, 0, 0, 0, 0, 0, 0, 0, 1, 0, 0]",010000000100,"[""010000000100""]",2,0.00048828125,False,False,,,1.6077006063357397,0.0697788565973977,{},{}
"[0, 1, 0, 0, 0, 0, 0, 0, 0, 1, 1, 0]",010000000110,"[""010000000110""]",2,0.00048828125,False,False,,,2.9056460462776426,0.1357043143520541,{},{}
"[0, 1, 0, 0, 0, 0, 0, 0, 1, 1, 0, 0]",010000001100,"[""010000001100""]",2,0.00048828125,False,False,,,0.9134576216064216,0.03451675300443939,{},{}
"[0, 1, 0, 0, 0, 0, 0, 1, 0, 0, 0, 0]",010000010000,"[""010000010000""]",2,0.00048828125,False,False,,,1.721231600071019,0.07554534145956135,{},{}
"[0, 1, 0, 0, 0, 0, 0, 1, 0, 0, 1, 0]",010000010010,"[""010000010010""]",2,0.00048828125,False,False,,,1.0865534082583517,0.043308662601919554,{},{}
"[0, 1, 0, 0, 0, 0, 1, 0, 1, 0, 1, 0]",010000101010,"[""010000101010""]",2,0.00048828125,False,False,,,2.247072903560611,0.10225395922735306,{},{}
"[0, 1, 0, 0, 0, 0, 1, 1, 1, 0, 0, 0]",010000111000,"[""010000111000""]",2,0.00048828125,False,False,,,6.268162797441981,0.3064938169047434,{},{}
"[0, 1, 0, 0, 0, 0, 1, 1, 1, 1, 1, 0]",010000111110,"[""010000111110""]",2,0.00048828125,False,False,,,6.947294923190588,0.34098840726893764,{},{}
"[0, 1, 0, 0, 0, 0, 1, 1, 1, 1, 1, 1]",010000111111,"[""010000111111""]",2,0.00048828125,False,False,,,10.291421566344566,0.5108438364380841,{},{}
"[0, 1, 0, 0, 0, 1, 0, 0, 0, 0, 0, 0]",010001000000,"[""010001000000""]",2,0.00048828125,False,False,,,1.794373967312869,0.0792604005778352,{},{}
"[0, 1, 0, 0, 0, 1, 0, 0, 0, 1, 0, 1]",010001000101,"[""010001000101""]",2,0.00048828125,False,False,,,2.329425002423921,0.10643680054529278,{},{}
"[0, 1, 0, 0, 0, 1, 0, 0, 0, 1, 1, 1]",010001000111,"[""010001000111""]",2,0.00048828125,False,False,,,5.645205363371968,0.27485246069752867,{},{}
"[0, 1, 0, 0, 0, 1, 0, 0, 1, 0, 0, 0]",010001001000,"[""010001001000""]",2,0.00048828125,False,False,,,1.1844905581090281,0.048283102386831644,{},{}
"[0, 1, 0, 0, 0, 1, 0, 0, 1, 0, 1, 0]",010001001010,"[""010001001010""]",2,0.00048828125,True,True,"[1, 2, 2, 1]",0.500270919057074,0.5002709190570741,0.013530106212165858,"{""degradation"": 0.3259846451532365, ""nominal"": 0.5843706563706565, ""surge"": 0.590457455647329}","{""degradation"": 0.6001420151956264, ""nominal"": 0.7790792699536913, ""surge"": 0.7921856432604322}"
"[0, 1, 0, 0, 0, 1, 0, 0, 1, 1, 1, 1]",010001001111,"[""010001001111""]",2,0.00048828125,False,False,,,5.0531568751742695,0.2447810367406537,{},{}
"[0, 1, 0, 0, 0, 1, 0, 1, 0, 0, 1, 0]",010001010010,"[""010001010010""]",2,0.00048828125,True,False,"[1, 2, 1, 1]",0.4787311093234735,0.47873110932347385,0.012436052661887687,"{""degradation"": 0.27258754135197555, ""nominal"": 0.5849111969111971, ""surge"": 0.5786945897072479}","{""degradation"": 0.35716111623943764, ""nominal"": 0.780271043312449, ""surge"": 0.7671415757742247}"
"[0, 1, 0, 0, 0, 1, 0, 1, 0, 0, 1, 1]",010001010011,"[""010001010011""]",2,0.00048828125,False,False,,,1.787187910465164,0.07889540519932597,{},{}
"[0, 1, 0, 0, 0, 1, 1, 0, 0, 0, 0, 0]",010001100000,"[""010001100000""]",2,0.00048828125,False,False,,,0.9998783074008614,0.038906246657365806,{},{}
"[0, 1, 0, 0, 0, 1, 1, 1, 0, 1, 0, 0]",010001110100,"[""010001110100""]",2,0.00048828125,False,False,,,1.6359789316606346,0.07121517393725617,{},{}
"[0, 1, 0, 0, 0, 1, 1, 1, 0, 1, 1, 0]",010001110110,"[""010001110110""]",2,0.00048828125,False,False,,,3.0013007398479665,0.14056282324306515,{},{}
"[0, 1, 0, 0, 1, 0, 0, 0, 0, 1, 1, 1]",010010000111,"[""010010000111""]",2,0.00048828125,False,False,,,5.717728304310057,0.2785360578133454,{},{}
"[0, 1, 0, 0, 1, 0, 0, 0, 1, 0, 1, 0]",010010001010,"[""010010001010""]",2,0.00048828125,True,False,"[1, 1, 2, 1]",0.4884342844696866,0.4884342844696868,0.012928897926027855,"{""degradation"": 0.27258754135197555, ""nominal"": 0.5849111969111971, ""surge"": 0.6078041151458872}","{""degradation"": 0.35716111623943764, ""nominal"": 0.780271043312449, ""surge"": 0.8291180467541981}"
"[0, 1, 0, 0, 1, 0, 0, 0, 1, 1, 1, 1]",010010001111,"[""010010001111""]",2,0.00048828125,False,False,,,5.041320240586883,0.24417982845451575,{},{}
"[0, 1, 0, 0, 1, 0, 0, 1, 0, 1, 0, 0]",010010010100,"[""010010010100""]",2,0.00048828125,True,False,"[1, 1, 1, 0]",0.3703466882808537,0.37034668828085393,0.006930973364388124,"{""degradation"": 0.19409837088820922, ""nominal"": 0.4270888030888031, ""surge"": 0.489852890865549}","{""degradation"": 0.0, ""nominal"": 0.432307273222555, ""surge"": 0.5779906058733062}"
"[0, 1, 0, 0, 1, 0, 0, 1, 0, 1, 1, 0]",010010010110,"[""010010010110""]",2,0.00048828125,False,False,,,1.8153414289089151,0.08032538332759886,{},{}
"[0, 1, 0, 0, 1, 0, 0, 1, 0, 1, 1, 1]",010010010111,"[""010010010111""]",2,0.00048828125,False,False,,,5.162723044938118,0.2503461396131053,{},{}
"[0, 1, 0, 0, 1, 0, 0, 1, 1, 1, 1, 1]",010010011111,"[""010010011111""]",2,0.00048828125,False,False,,,6.504149902221087,0.3184801126518551,{},{}
"[0, 1, 0, 0, 1, 0, 1, 0, 0, 0, 0, 1]",010010100001,"[""010010100001""]",2,0.00048828125,True,True,"[1, 1, 0, 2]",0.32227501092128213,0.3222750109212823,0.004489308840256997,"{""degradation"": 0.22504369265339247, ""nominal"": 0.3486177606177606, ""surge"": 0.3931635794926933}","{""degradation"": 0.14081516722289306, ""nominal"": 0.259295832198311, ""surge"": 0.3721314511782198}"
"[0, 1, 0, 0, 1, 0, 1, 0, 0, 0, 1, 0]",010010100010,"[""010010100010""]",2,0.00048828125,True,False,"[1, 1, 0, 1]",0.3703466882808537,0.37034668828085393,0.006930973364388124,"{""degradation"": 0.1940983708882093, ""nominal"": 0.42708880308880315, ""surge"": 0.48985289086554884}","{""degradation"": 3.7890115197442935e-16, ""nominal"": 0.43230727322255513, ""surge"": 0.5779906058733059}"
"[0, 1, 0, 0, 1, 0, 1, 0, 0, 1, 1, 1]",010010100111,"[""010010100111""]",2,0.00048828125,False,False,,,5.0315386218713325,0.24368299887173064,{},{}
"[0, 1, 0, 0, 1, 0, 1, 1, 0, 0, 1, 1]",010010110011,"[""010010110011""]",2,0.00048828125,False,False,,,3.162723044938118,0.14876181144965447,{},{}
"[0, 1, 0, 0, 1, 0, 1, 1, 1, 1, 0, 0]",010010111100,"[""010010111100""]",2,0.00048828125,False,False,,,5.007748942118955,0.24247466955429617,{},{}
"[0, 1, 0, 0, 1, 0, 1, 1, 1, 1, 0, 1]",010010111101,"[""010010111101""]",2,0.00048828125,False,False,,,6.355130558148158,0.3109110976763518,{},{}
"[0, 1, 0, 0, 1, 1, 0, 0, 0, 1, 0, 0]",010011000100,"[""010011000100""]",2,0.00048828125,False,False,,,2.431968264038922,0.11164519471471722,{},{}
"[0, 1, 0, 0, 1, 1, 0, 0, 0, 1, 1, 0]",010011000110,"[""010011000110""]",2,0.00048828125,False,False,,,3.8095866364215536,0.18161741312677532,{},{}
"[0, 1, 0, 0, 1, 1, 0, 0, 1, 0, 0, 1]",010011001001,"[""010011001001""]",2,0.00048828125,False,False,,,1.9072023948826358,0.08499120058404187,{},{}
"[0, 1, 0, 0, 1, 1, 0, 0, 1, 1, 1, 0]",010011001110,"[""010011001110""]",2,0.00048828125,False,False,,,3.2175381482238556,0.1515459891699004,{},{}
"[0, 1, 0, 0, 1, 1, 0, 1, 0, 0, 0, 1]",010011010001,"[""010011010001""]",2,0.00048828125,False,False,,,1.8947041764691077,0.08435638902365272,{},{}
"[0, 1, 0, 0, 1, 1, 0, 1, 0, 0, 1, 0]",010011010010,"[""010011010010""]",2,0.00048828125,False,False,,,2.027987143080253,0.09112611933306514,{},{}
"[0, 1, 0, 0, 1, 1, 0, 1, 0, 0, 1, 1]",010011010011,"[""010011010011""]",2,0.00048828125,False,False,,,3.357533838103313,0.15865667322099214,{},{}
"[0, 1, 0, 0, 1, 1, 0, 1, 0, 1, 0, 1]",010011010101,"[""010011010101""]",2,0.00048828125,False,False,,,3.1391333314446133,0.14756363885125148,{},{}
"[0, 1, 0, 0, 1, 1, 0, 1, 1, 1, 0, 0]",010011011100,"[""010011011100""]",2,0.00048828125,False,False,,,3.2175381482238556,0.1515459891699004,{},{}
"[0, 1, 0, 0, 1, 1, 1, 0, 0, 0, 1, 0]",010011100010,"[""010011100010""]",2,0.00048828125,False,False,,,1.7884967425401839,0.0789618836128358,{},{}
"[0, 1, 0, 0, 1, 1, 1, 0, 0, 0, 1, 1]",010011100011,"[""010011100011""]",2,0.00048828125,False,False,,,3.1358783585693866,0.1473983117348914,{},{}
"[0, 1, 0, 0, 1, 1, 1, 0, 0, 1, 1, 1]",010011100111,"[""010011100111""]",2,0.00048828125,False,False,,,6.4707785700120315,0.316785110470667,{},{}
"[0, 1, 0, 0, 1, 1, 1, 0, 1, 0, 0, 0]",010011101000,"[""010011101000""]",2,0.00048828125,False,False,,,3.8188298819598563,0.18208689757080448,{},{}
"[0, 1, 0, 0, 1, 1, 1, 0, 1, 1, 0, 1]",010011101101,"[""010011101101""]",2,0.00048828125,False,False,,,4.4832767884255595,0.21583559386760534,{},{}
"[0, 1, 0, 0, 1, 1, 1, 1, 0, 1, 0, 0]",010011110100,"[""010011110100""]",2,0.00048828125,False,False,,,3.1055620329766844,0.14585847995103188,{},{}
"[0, 1, 0, 0, 1, 1, 1, 1, 0, 1, 1, 1]",010011110111,"[""010011110111""]",2,0.00048828125,False,False,,,7.915773310640093,0.39017952043387777,{},{}
"[0, 1, 0, 1, 0, 0, 0, 0, 0, 0, 1, 1]",010100000011,"[""010100000011""]",2,0.00048828125,False,False,,,2.25516389037911,0.10266491795742134,{},{}
"[0, 1, 0, 1, 0, 0, 0, 0, 0, 1, 1, 1]",010100000111,"[""010100000111""]",2,0.00048828125,False,False,,,5.581270772135683,0.27160508444895726,{},{}
"[0, 1, 0, 1, 0, 0, 0, 0, 1, 0, 0, 0]",010100001000,"[""010100001000""]",2,0.00048828125,False,False,,,0.9545186645661987,0.036602332235819164,{},{}
"[0, 1, 0, 1, 0, 0, 0, 1, 0, 0, 0, 0]",010100010000,"[""010100010000""]",2,0.00048828125,False,False,,,0.9677969831187888,0.03727676677047173,{},{}
"[0, 1, 0, 1, 0, 0, 0, 1, 0, 0, 1, 0]",010100010010,"[""010100010010""]",2,0.00048828125,True,False,"[1, 0, 1, 1]",0.33311879130612143,0.3331187913061216,0.00504008791282995,"{""degradation"": 0.1940983708882093, ""nominal"": 0.42708880308880315, ""surge"": 0.3781691999413518}","{""degradation"": 3.7890115197442935e-16, ""nominal"": 0.43230727322255513, ""surge"": 0.34020723684895093}"
"[0, 1, 0, 1, 0, 0, 0, 1, 0, 0, 1, 1]",010100010011,"[""010100010011""]",2,0.00048828125,False,False,,,1.6415755924478121,0.07149944045026825,{},{}
"[0, 1, 0, 1, 0, 0, 0, 1, 1, 1, 0, 1]",010100011101,"[""010100011101""]",2,0.00048828125,False,False,,,2.9081176812877345,0.13582985404303682,{},{}
"[0, 1, 0, 1, 0, 0, 0, 1, 1, 1, 1, 0]",010100011110,"[""010100011110""]",2,0.00048828125,False,False,,,2.982817609339521,0.13962402504553625,{},{}
"[0, 1, 0, 1, 0, 0, 0, 1, 1, 1, 1, 1]",010100011111,"[""010100011111""]",2,0.00048828125,False,False,,,6.309109331487354,0.308573579980554,{},{}
"[0, 1, 0, 1, 0, 0, 1, 0, 0, 0, 0, 1]",010100100001,"[""010100100001""]",2,0.00048828125,True,False,"[1, 0, 0, 2]",0.24440051730626766,0.24440051730626755,0.0005338947827818896,"{""degradation"": 0.2740855751825729, ""nominal"": 0.23825482625482636, ""surge"": 0.2208611504814037}","{""degradation"": 0.36397784562948254, ""nominal"": 0.015969763007355118, ""surge"": 0.005286017235745985}"
"[0, 1, 0, 1, 0, 0, 1, 0, 1, 0, 1, 0]",010100101010,"[""010100101010""]",2,0.00048828125,False,False,,,1.575316013389449,0.06813397303874982,{},{}
"[0, 1, 0, 1, 0, 0, 1, 0, 1, 0, 1, 1]",010100101011,"[""010100101011""]",2,0.00048828125,False,False,,,2.901607735537283,0.13549919981031674,{},{}
"[0, 1, 0, 1, 0, 0, 1, 0, 1, 1, 0, 0]",010100101100,"[""010100101100""]",2,0.00048828125,False,False,,,1.658278669658972,0.07234782588864722,{},{}
"[0, 1, 0, 1, 0, 0, 1, 0, 1, 1, 1, 1]",010100101111,"[""010100101111""]",2,0.00048828125,False,False,,,6.318185673760995,0.30903458704657866,{},{}
"[0, 1, 0, 1, 0, 0, 1, 1, 0, 0, 0, 0]",010100110000,"[""010100110000""]",2,0.00048828125,False,False,,,2.2549790499878495,0.10265552951393951,{},{}
"[0, 1, 0, 1, 0, 0, 1, 1, 1, 0, 1, 0]",010100111010,"[""010100111010""]",2,0.00048828125,False,False,,,4.979562636464295,0.24104302609262704,{},{}
"[0, 1, 0, 1, 0, 0, 1, 1, 1, 1, 0, 0]",010100111100,"[""010100111100""]",2,0.00048828125,False,False,,,4.9951489244883875,0.24183468739137176,{},{}
"[0, 1, 0, 1, 0, 1, 0, 0, 1, 0, 1, 1]",010101001011,"[""010101001011""]",2,0.00048828125,False,False,,,3.0812654564407422,0.1446244042489941,{},{}
"[0, 1, 0, 1, 0, 1, 0, 0, 1, 1, 0, 0]",010101001100,"[""010101001100""]",2,0.00048828125,False,False,,,1.7863901489828056,0.07885488516721595,{},{}
"[0, 1, 0, 1, 0, 1, 0, 0, 1, 1, 0, 1]",010101001101,"[""010101001101""]",2,0.00048828125,False,False,,,3.094846950124497,0.14531423770465426,{},{}
"[0, 1, 0, 1, 0, 1, 0, 1, 0, 0, 1, 0]",010101010010,"[""010101010010""]",2,0.00048828125,False,False,,,1.7512688455654515,0.07707099816127763,{},{}
"[0, 1, 0, 1, 0, 1, 0, 1, 0, 1, 1, 0]",010101010110,"[""010101010110""]",2,0.00048828125,False,False,,,3.0806307001972506,0.14459216360572277,{},{}
"[0, 1, 0, 1, 0, 1, 1, 0, 1, 1, 0, 0]",010101101100,"[""010101101100""]",2,0.00048828125,False,False,,,3.181878193325149,0.14973474288953834,{},{}
"[0, 1, 0, 1, 0, 1, 1, 0, 1, 1, 1, 0]",010101101110,"[""010101101110""]",2,0.00048828125,False,False,,,4.497658554273195,0.21656607487832338,{},{}
"[0, 1, 0, 1, 0, 1, 1, 1, 0, 1, 0, 0]",010101110100,"[""010101110100""]",2,0.00048828125,False,False,,,3.092962015346118,0.1452184977881075,{},{}
"[0, 1, 0, 1, 0, 1, 1, 1, 0, 1, 1, 0]",010101110110,"[""010101110110""]",2,0.00048828125,False,False,,,4.458283823533451,0.21456614709391655,{},{}
"[0, 1, 0, 1, 0, 1, 1, 1, 1, 0, 0, 1]",010101111001,"[""010101111001""]",2,0.00048828125,False,False,,,6.407372338197316,0.31356457074053007,{},{}
"[0, 1, 0, 1, 0, 1, 1, 1, 1, 1, 0, 1]",010101111101,"[""010101111101""]",2,0.00048828125,False,False,,,7.845040170302399,0.38658683116382986,{},{}
"[0, 1, 0, 1, 1, 0, 0, 0, 0, 0, 0, 0]",010110000000,"[""010110000000""]",2,0.00048828125,False,False,,,3.033789358858,0.14221299051061143,{},{}
"[0, 1, 0, 1, 1, 0, 0, 0, 0, 0, 1, 0]",010110000010,"[""010110000010""]",2,0.00048828125,False,False,,,2.4114077312406312,0.11060088075921873,{},{}
"[0, 1, 0, 1, 1, 0, 0, 0, 0, 0, 1, 1]",010110000011,"[""010110000011""]",2,0.00048828125,False,False,,,3.7409544262636905,0.17813143464714568,{},{}
"[0, 1, 0, 1, 1, 0, 0, 0, 1, 1, 0, 0]",010110001100,"[""010110001100""]",2,0.00048828125,False,False,,,1.647818334879112,0.07181652284815879,{},{}
"[0, 1, 0, 1, 1, 0, 0, 0, 1, 1, 1, 1]",010110001111,"[""010110001111""]",2,0.00048828125,False,False,,,6.39065324429709,0.312715371779852,{},{}
"[0, 1, 0, 1, 1, 0, 0, 1, 0, 1, 0, 0]",010110010100,"[""010110010100""]",2,0.00048828125,False,False,,,1.719679691991061,0.07546651668972437,{},{}
"[0, 1, 0, 1, 1, 0, 0, 1, 0, 1, 0, 1]",010110010101,"[""010110010101""]",2,0.00048828125,False,False,,,3.049226387014121,0.14299707057765138,{},{}
"[0, 1, 0, 1, 1, 0, 0, 1, 1, 1, 1, 1]",010110011111,"[""010110011111""]",2,0.00048828125,False,False,,,7.853482905931294,0.38701565597719134,{},{}
"[0, 1, 0, 1, 1, 0, 1, 0, 0, 0, 0, 0]",010110100000,"[""010110100000""]",2,0.00048828125,False,False,,,2.320971425727061,0.10600742509062841,{},{}
"[0, 1, 0, 1, 1, 0, 1, 0, 0, 0, 1, 0]",010110100010,"[""010110100010""]",2,0.00048828125,False,False,,,1.6985897981096914,0.07439531533923566,{},{}
"[0, 1, 0, 1, 1, 0, 1, 0, 0, 1, 1, 0]",010110100110,"[""010110100110""]",2,0.00048828125,False,False,,,3.0973328153272606,0.1454405001779181,{},{}
"[0, 1, 0, 1, 1, 0, 1, 0, 0, 1, 1, 1]",010110100111,"[""010110100111""]",2,0.00048828125,False,False,,,6.462549352362608,0.31636713069755323,{},{}
"[0, 1, 0, 1, 1, 0, 1, 0, 1, 1, 0, 1]",010110101101,"[""010110101101""]",2,0.00048828125,False,False,,,4.390687995250659,0.2111328086925368,{},{}
"[0, 1, 0, 1, 1, 0, 1, 0, 1, 1, 1, 0]",010110101110,"[""010110101110""]",2,0.00048828125,False,False,,,4.43875967261023,0.21357447321666792,{},{}
"[0, 1, 0, 1, 1, 0, 1, 1, 0, 0, 1, 1]",010110110011,"[""010110110011""]",2,0.00048828125,False,False,,,4.490966154766956,0.21622615342450202,{},{}
"[0, 1, 0, 1, 1, 0, 1, 1, 1, 0, 1, 1]",010110111011,"[""010110111011""]",2,0.00048828125,False,False,,,7.850227933056068,0.3868503288608313,{},{}
"[0, 1, 0, 1, 1, 1, 0, 0, 0, 1, 0, 0]",010111000100,"[""010111000100""]",2,0.00048828125,False,False,,,5.807273620943338,0.28308425822853306,{},{}
"[0, 1, 0, 1, 1, 1, 0, 0, 0, 1, 1, 0]",010111000110,"[""010111000110""]",2,0.00048828125,False,False,,,7.1848919933259685,0.35305647664059114,{},{}
"[0, 1, 0, 1, 1, 1, 0, 0, 0, 1, 1, 1]",010111000111,"[""010111000111""]",2,0.00048828125,False,False,,,10.532273609355173,0.5230772329260976,{},{}
"[0, 1, 0, 1, 1, 1, 0, 0, 1, 1, 0, 1]",010111001101,"[""010111001101""]",2,0.00048828125,False,False,,,6.526936906762557,0.3196375139254565,{},{}
"[0, 1, 0, 1, 1, 1, 0, 0, 1, 1, 1, 0]",010111001110,"[""010111001110""]",2,0.00048828125,False,False,,,6.592843505128271,0.3229850526837162,{},{}
"[0, 1, 0, 1, 1, 1, 0, 1, 1, 0, 1, 1]",010111011011,"[""010111011011""]",2,0.00048828125,False,False,,,8.055858007153736,0.3972947253245374,{},{}
"[0, 1, 0, 1, 1, 1, 1, 0, 1, 1, 0, 0]",010111101100,"[""010111101100""]",2,0.00048828125,False,False,,,6.592878256081841,0.32298681775985194,{},{}
"[0, 1, 0, 1, 1, 1, 1, 0, 1, 1, 0, 1]",010111101101,"[""010111101101""]",2,0.00048828125,False,False,,,7.940259872111043,0.3914232458819075,{},{}
"[0, 1, 0, 1, 1, 1, 1, 0, 1, 1, 1, 1]",010111101111,"[""010111101111""]",2,0.00048828125,False,False,,,11.35354808650596,0.5647915409256736,{},{}
"[0, 1, 0, 1, 1, 1, 1, 1, 1, 0, 1, 0]",010111111010,"[""010111111010""]",2,0.00048828125,False,False,,,10.031328300005882,0.49763313657765773,{},{}
"[0, 1, 0, 1, 1, 1, 1, 1, 1, 0, 1, 1]",010111111011,"[""010111111011""]",2,0.00048828125,False,False,,,11.378709916035085,0.5660695646997134,{},{}
"[0, 1, 1, 0, 0, 0, 0, 0, 0, 1, 1, 1]",011000000111,"[""011000000111""]",2,0.00048828125,False,False,,,7.691177747718777,0.3787718257499508,{},{}
"[0, 1, 1, 0, 0, 0, 0, 0, 1, 0, 1, 0]",011000001010,"[""011000001010""]",2,0.00048828125,False,False,,,2.3986140462342997,0.10995106181116722,{},{}
"[0, 1, 1, 0, 0, 0, 0, 0, 1, 1, 1, 1]",011000001111,"[""011000001111""]",2,0.00048828125,False,False,,,7.014769683995603,0.3444155963911211,{},{}
"[0, 1, 1, 0, 0, 0, 0, 1, 1, 0, 0, 0]",011000011000,"[""011000011000""]",2,0.00048828125,False,False,,,4.440793833997039,0.21367779267559545,{},{}
"[0, 1, 1, 0, 0, 0, 0, 1, 1, 0, 1, 0]",011000011010,"[""011000011010""]",2,0.00048828125,False,False,,,3.823950563190515,0.1823469880520823,{},{}
"[0, 1, 1, 0, 0, 0, 0, 1, 1, 1, 0, 1]",011000011101,"[""011000011101""]",2,0.00048828125,False,False,,,5.039114550752198,0.24406779669451906,{},{}
"[0, 1, 1, 0, 0, 0, 1, 0, 0, 0, 0, 0]",011000100000,"[""011000100000""]",2,0.00048828125,False,False,,,2.9825810101035644,0.13961200765832193,{},{}
"[0, 1, 1, 0, 0, 0, 1, 0, 0, 0, 0, 1]",011000100001,"[""011000100001""]",2,0.00048828125,False,False,,,2.375397386770732,0.10877183743426413,{},{}
"[0, 1, 1, 0, 0, 0, 1, 0, 0, 0, 1, 1]",011000100011,"[""011000100011""]",2,0.00048828125,False,False,,,3.6911777477187777,0.17560316942304918,{},{}
"[0, 1, 1, 0, 0, 0, 1, 1, 0, 0, 0, 0]",011000110000,"[""011000110000""]",2,0.00048828125,False,False,,,4.322706237808205,0.20767986811395567,{},{}
"[0, 1, 1, 0, 0, 0, 1, 1, 0, 0, 0, 1]",011000110001,"[""011000110001""]",2,0.00048828125,False,False,,,3.7155226144753732,0.17683969788989792,{},{}
"[0, 1, 1, 0, 0, 0, 1, 1, 0, 0, 1, 0]",011000110010,"[""011000110010""]",2,0.00048828125,False,False,,,3.6880280459955386,0.17544318925631391,{},{}
"[0, 1, 1, 0, 0, 0, 1, 1, 0, 1, 1, 0]",011000110110,"[""011000110110""]",2,0.00048828125,False,False,,,4.98400344255067,0.2412685842440213,{},{}
"[0, 1, 1, 0, 0, 1, 0, 0, 0, 0, 1, 1]",011001000011,"[""011001000011""]",2,0.00048828125,False,False,,,3.860016187689764,0.18417883916935807,{},{}
"[0, 1, 1, 0, 0, 1, 0, 0, 0, 1, 1, 1]",011001000111,"[""011001000111""]",2,0.00048828125,False,False,,,7.104445342665269,0.3489704171604076,{},{}
"[0, 1, 1, 0, 0, 1, 0, 0, 1, 0, 1, 0]",011001001010,"[""011001001010""]",2,0.00048828125,False,False,,,1.8751513228248986,0.08336325727309009,{},{}
"[0, 1, 1, 0, 0, 1, 0, 0, 1, 0, 1, 1]",011001001011,"[""011001001011""]",2,0.00048828125,False,False,,,3.2679676994920657,0.15410741521248308,{},{}
"[0, 1, 1, 0, 0, 1, 0, 1, 0, 0, 0, 1]",011001010001,"[""011001010001""]",2,0.00048828125,False,False,,,1.8843610544463592,0.08383103947275597,{},{}
"[0, 1, 1, 0, 0, 1, 0, 1, 0, 1, 0, 0]",011001010100,"[""011001010100""]",2,0.00048828125,False,False,,,1.7359738327546967,0.07629413136096168,{},{}
"[0, 1, 1, 0, 0, 1, 1, 0, 0, 0, 0, 0]",011001100000,"[""011001100000""]",2,0.00048828125,False,False,,,2.374758711168686,0.10873939771829004,{},{}
"[0, 1, 1, 0, 0, 1, 1, 0, 0, 0, 1, 1]",011001100011,"[""011001100011""]",2,0.00048828125,False,False,,,3.083355448783899,0.14473055948301725,{},{}
"[0, 1, 1, 0, 0, 1, 1, 0, 0, 1, 0, 0]",011001100100,"[""011001100100""]",2,0.00048828125,False,False,,,1.6918240016051866,0.0740516658930353,{},{}
"[0, 1, 1, 0, 0, 1, 1, 0, 1, 0, 1, 1]",011001101011,"[""011001101011""]",2,0.00048828125,False,False,,,4.509141881592345,0.21714933792372185,{},{}
"[0, 1, 1, 0, 0, 1, 1, 0, 1, 1, 1, 1]",011001101111,"[""011001101111""]",2,0.00048828125,False,False,,,7.8440420930349894,0.3865361366594974,{},{}
"[0, 1, 1, 0, 1, 0, 0, 0, 0, 0, 0, 1]",011010000001,"[""011010000001""]",2,0.00048828125,False,False,,,2.5581757291204483,0.11805554498947672,{},{}
"[0, 1, 1, 0, 1, 0, 0, 1, 0, 0, 0, 0]",011010010000,"[""011010010000""]",2,0.00048828125,False,False,,,2.5608126458420557,0.11818947969627044,{},{}
"[0, 1, 1, 0, 1, 0, 0, 1, 0, 1, 1, 1]",011010010111,"[""011010010111""]",2,0.00048828125,False,False,,,6.643052918112788,0.3255352974264729,{},{}
"[0, 1, 1, 0, 1, 0, 0, 1, 1, 1, 1, 0]",011010011110,"[""011010011110""]",2,0.00048828125,False,False,,,4.552738583841078,0.2193637087777616,{},{}
"[0, 1, 1, 0, 1, 0, 1, 0, 0, 0, 0, 1]",011010100001,"[""011010100001""]",2,0.00048828125,False,False,,,1.7815149902145841,0.07860726530313598,{},{}
"[0, 1, 1, 0, 1, 0, 1, 0, 1, 0, 1, 0]",011010101010,"[""011010101010""]",2,0.00048828125,False,False,,,3.086653949331647,0.14489809746406215,{},{}
"[0, 1, 1, 0, 1, 0, 1, 0, 1, 1, 1, 1]",011010101111,"[""011010101111""]",2,0.00048828125,False,False,,,7.8322054584476035,0.38593492837335946,{},{}
"[0, 1, 1, 0, 1, 0, 1, 1, 0, 0, 1, 0]",011010110010,"[""011010110010""]",2,0.00048828125,False,False,,,3.211311726558109,0.15122973573901177,{},{}
"[0, 1, 1, 0, 1, 0, 1, 1, 0, 1, 1, 0]",011010110110,"[""011010110110""]",2,0.00048828125,False,False,,,4.507287123113241,0.2170551307267192,{},{}
"[0, 1, 1, 0, 1, 0, 1, 1, 0, 1, 1, 1]",011010110111,"[""011010110111""]",2,0.00048828125,False,False,,,7.956863235674064,0.392266566648309,{},{}
"[0, 1, 1, 0, 1, 0, 1, 1, 1, 0, 0, 0]",011010111000,"[""011010111000""]",2,0.00048828125,False,False,,,7.107743843213016,0.34913795514145246,{},{}
"[0, 1, 1, 0, 1, 0, 1, 1, 1, 0, 1, 1]",011010111011,"[""011010111011""]",2,0.00048828125,False,False,,,8.002314696401902,0.3945751446993514,{},{}
"[0, 1, 1, 0, 1, 1, 0, 0, 0, 0, 1, 0]",011011000010,"[""011011000010""]",2,0.00048828125,False,False,,,3.957872806220016,0.18914918859422944,{},{}
"[0, 1, 1, 0, 1, 1, 0, 0, 0, 1, 0, 1]",011011000101,"[""011011000101""]",2,0.00048828125,False,False,,,5.2207549383552845,0.25329370506552323,{},{}
"[0, 1, 1, 0, 1, 1, 0, 0, 0, 1, 1, 0]",011011000110,"[""011011000110""]",2,0.00048828125,False,False,,,5.184467040189379,0.25145056418769957,{},{}
"[0, 1, 1, 0, 1, 1, 0, 0, 0, 1, 1, 1]",011011000111,"[""011011000111""]",2,0.00048828125,False,False,,,8.616208231744059,0.42575612587516076,{},{}
"[0, 1, 1, 0, 1, 1, 0, 0, 1, 0, 1, 1]",011011001011,"[""011011001011""]",2,0.00048828125,False,False,,,4.779730588570856,0.23089312392723627,{},{}
"[0, 1, 1, 0, 1, 1, 0, 1, 0, 0, 1, 0]",011011010010,"[""011011010010""]",2,0.00048828125,False,False,,,3.4239574407294464,0.16203047174447802,{},{}
"[0, 1, 1, 0, 1, 1, 0, 1, 0, 1, 0, 0]",011011010100,"[""011011010100""]",2,0.00048828125,False,False,,,3.2055569340707475,0.15093743737473742,{},{}
"[0, 1, 1, 0, 1, 1, 0, 1, 1, 0, 1, 0]",011011011010,"[""011011011010""]",2,0.00048828125,False,False,,,4.849743873537893,0.2344492501851826,{},{}
"[0, 1, 1, 0, 1, 1, 0, 1, 1, 1, 0, 0]",011011011100,"[""011011011100""]",2,0.00048828125,False,False,,,4.61350844587305,0.22245034158131333,{},{}
"[0, 1, 1, 0, 1, 1, 1, 0, 0, 0, 0, 0]",011011100000,"[""011011100000""]",2,0.00048828125,False,False,,,3.7857587739253775,0.18040714442515277,{},{}
"[0, 1, 1, 0, 1, 1, 1, 0, 0, 1, 0, 0]",011011100100,"[""011011100100""]",2,0.00048828125,False,False,,,3.1028240643618785,0.14571941259989804,{},{}
"[0, 1, 1, 0, 1, 1, 1, 0, 1, 1, 1, 1]",011011101111,"[""011011101111""]",2,0.00048828125,False,False,,,9.35580498211378,0.46332184537425053,{},{}
"[0, 1, 1, 0, 1, 1, 1, 1, 0, 1, 0, 0]",011011110100,"[""011011110100""]",2,0.00048828125,False,False,,,4.501532330625879,0.2167628323624448,{},{}
"[0, 1, 1, 0, 1, 1, 1, 1, 1, 0, 1, 0]",011011111010,"[""011011111010""]",2,0.00048828125,False,False,,,8.073083134632029,0.3981696268257435,{},{}
"[0, 1, 1, 0, 1, 1, 1, 1, 1, 1, 1, 1]",011011111111,"[""011011111111""]",2,0.00048828125,False,False,,,12.839724537629355,0.6402776590855295,{},{}
"[0, 1, 1, 1, 0, 0, 0, 0, 0, 0, 0, 0]",011100000000,"[""011100000000""]",2,0.00048828125,False,False,,,3.04961440625755,0.14301677891473047,{},{}
"[0, 1, 1, 1, 0, 0, 0, 0, 0, 0, 0, 1]",011100000001,"[""011100000001""]",2,0.00048828125,False,False,,,2.424595861918574,0.11127073445654402,{},{}
"[0, 1, 1, 1, 0, 0, 0, 0, 1, 0, 1, 0]",011100001010,"[""011100001010""]",2,0.00048828125,False,False,,,1.6711517824762776,0.07300167914710637,{},{}
"[0, 1, 1, 1, 0, 0, 0, 0, 1, 1, 1, 1]",011100001111,"[""011100001111""]",2,0.00048828125,False,False,,,6.390075040900019,0.31268600357803533,{},{}
"[0, 1, 1, 1, 0, 0, 0, 1, 0, 1, 1, 1]",011100010111,"[""011100010111""]",2,0.00048828125,False,False,,,6.473984700573266,0.31694795678020066,{},{}
"[0, 1, 1, 1, 0, 0, 0, 1, 1, 0, 1, 1]",011100011011,"[""011100011011""]",2,0.00048828125,False,False,,,4.48930467609966,0.21614176332741447,{},{}
"[0, 1, 1, 1, 0, 0, 1, 0, 1, 1, 0, 0]",011100101100,"[""011100101100""]",2,0.00048828125,False,False,,,3.059131426621006,0.14350016897460025,{},{}
"[0, 1, 1, 1, 0, 0, 1, 0, 1, 1, 1, 1]",011100101111,"[""011100101111""]",2,0.00048828125,False,False,,,7.803398006248505,0.3844717355344864,{},{}
"[0, 1, 1, 1, 0, 0, 1, 1, 0, 1, 1, 1]",011100110111,"[""011100110111""]",2,0.00048828125,False,False,,,7.869472744915608,0.387827814502523,{},{}
"[0, 1, 1, 1, 0, 0, 1, 1, 1, 0, 0, 0]",011100111000,"[""011100111000""]",2,0.00048828125,False,False,,,7.01834855811422,0.3445973751525818,{},{}
"[0, 1, 1, 1, 0, 1, 0, 0, 0, 1, 1, 0]",011101000110,"[""011101000110""]",2,0.00048828125,False,False,,,5.095071755090582,0.24690998419882887,{},{}
"[0, 1, 1, 1, 0, 1, 0, 0, 0, 1, 1, 1]",011101000111,"[""011101000111""]",2,0.00048828125,False,False,,,8.505723052763893,0.42014434453580135,{},{}
"[0, 1, 1, 1, 0, 1, 0, 0, 1, 0, 0, 0]",011101001000,"[""011101001000""]",2,0.00048828125,False,False,,,3.857881051313039,0.1840703909721746,{},{}
"[0, 1, 1, 1, 0, 1, 0, 0, 1, 0, 1, 1]",011101001011,"[""011101001011""]",2,0.00048828125,False,False,,,4.566477788928252,0.2200615527369018,{},{}
"[0, 1, 1, 1, 0, 1, 0, 1, 0, 0, 0, 0]",011101010000,"[""011101010000""]",2,0.00048828125,False,False,,,3.807889688221521,0.18153122145536107,{},{}
"[0, 1, 1, 1, 0, 1, 0, 1, 1, 0, 1, 0]",011101011010,"[""011101011010""]",2,0.00048828125,False,False,,,4.5989979292173,0.22171332103842387,{},{}
"[0, 1, 1, 1, 0, 1, 0, 1, 1, 1, 0, 1]",011101011101,"[""011101011101""]",2,0.00048828125,False,False,,,5.938019431322791,0.2897251208823244,{},{}
"[0, 1, 1, 1, 0, 1, 1, 0, 0, 0, 0, 0]",011101100000,"[""011101100000""]",2,0.00048828125,False,False,,,3.7549465273859406,0.1788421237431951,{},{}
"[0, 1, 1, 1, 0, 1, 1, 0, 1, 0, 0, 1]",011101101001,"[""011101101001""]",2,0.00048828125,False,False,,,4.5557144158554115,0.21951485772571327,{},{}
"[0, 1, 1, 1, 0, 1, 1, 1, 1, 1, 0, 0]",011101111100,"[""011101111100""]",2,0.00048828125,False,False,,,7.940691098997967,0.3914451488287046,{},{}
"[0, 1, 1, 1, 0, 1, 1, 1, 1, 1, 1, 1]",011101111111,"[""011101111111""]",2,0.00048828125,False,False,,,12.752334046870898,0.6358389069397434,{},{}
"[0, 1, 1, 1, 1, 0, 0, 0, 0, 0, 0, 0]",011110000000,"[""011110000000""]",2,0.00048828125,False,False,,,4.434642115820033,0.21336533359656443,{},{}
"[0, 1, 1, 1, 1, 0, 0, 0, 0, 0, 1, 0]",011110000010,"[""011110000010""]",2,0.00048828125,False,False,,,3.812260488202664,0.1817532238451717,{},{}
"[0, 1, 1, 1, 1, 0, 0, 0, 1, 1, 0, 1]",011110001101,"[""011110001101""]",2,0.00048828125,False,False,,,4.462577362389682,0.2147842252239935,{},{}
"[0, 1, 1, 1, 1, 0, 0, 0, 1, 1, 1, 0]",011110001110,"[""011110001110""]",2,0.00048828125,False,False,,,4.4441243852299195,0.2138469585802985,{},{}
"[0, 1, 1, 1, 1, 0, 0, 1, 0, 0, 0, 0]",011110010000,"[""011110010000""]",2,0.00048828125,False,False,,,3.8333503820840336,0.1828244251956604,{},{}
"[0, 1, 1, 1, 1, 0, 1, 0, 0, 0, 0, 0]",011110100000,"[""011110100000""]",2,0.00048828125,False,False,,,3.721824182689094,0.1771597681765814,{},{}
"[0, 1, 1, 1, 1, 0, 1, 0, 0, 0, 0, 1]",011110100001,"[""011110100001""]",2,0.00048828125,False,False,,,3.13573045323763,0.14739079930301227,{},{}
"[0, 1, 1, 1, 1, 0, 1, 0, 0, 1, 0, 1]",011110100101,"[""011110100101""]",2,0.00048828125,False,False,,,4.552308391461343,0.2193418583758234,{},{}
"[0, 1, 1, 1, 1, 0, 1, 0, 1, 0, 1, 0]",011110101010,"[""011110101010""]",2,0.00048828125,False,False,,,4.440869412354694,0.21368163146393848,{},{}
"[0, 1, 1, 1, 1, 0, 1, 1, 0, 1, 0, 1]",011110110101,"[""011110110101""]",2,0.00048828125,False,False,,,5.951016657725344,0.2903852781383702,{},{}
"[0, 1, 1, 1, 1, 0, 1, 1, 1, 0, 1, 0]",011110111010,"[""011110111010""]",2,0.00048828125,False,False,,,7.924788967870269,0.3906374451752174,{},{}
"[0, 1, 1, 1, 1, 0, 1, 1, 1, 1, 1, 1]",011110111111,"[""011110111111""]",2,0.00048828125,False,False,,,12.77310809764866,0.6368940659354896,{},{}
"[0, 1, 1, 1, 1, 1, 0, 0, 1, 0, 0, 1]",011111001001,"[""011111001001""]",2,0.00048828125,False,False,,,6.664952463612123,0.32664762273479037,{},{}
"[0, 1, 1, 1, 1, 1, 0, 1, 0, 1, 0, 0]",011111010100,"[""011111010100""]",2,0.00048828125,False,False,,,6.60683464416937,0.32369569291358197,{},{}
"[0, 1, 1, 1, 1, 1, 0, 1, 1, 1, 1, 1]",011111011111,"[""011111011111""]",2,0.00048828125,False,False,,,12.90935700916056,0.6438144430049586,{},{}
"[0, 1, 1, 1, 1, 1, 1, 0, 0, 0, 1, 1]",011111100011,"[""011111100011""]",2,0.00048828125,False,False,,,7.975306154079943,0.39320332238612626,{},{}
"[0, 1, 1, 1, 1, 1, 1, 0, 1, 0, 0, 1]",011111101001,"[""011111101001""]",2,0.00048828125,False,False,,,7.987804372493472,0.3938381339465155,{},{}
"[0, 1, 1, 1, 1, 1, 1, 0, 1, 0, 1, 0]",011111101010,"[""011111101010""]",2,0.00048828125,False,False,,,7.969351395333709,0.3929008673028205,{},{}
"[0, 1, 1, 1, 1, 1, 1, 0, 1, 1, 1, 1]",011111101111,"[""011111101111""]",2,0.00048828125,False,False,,,12.838760418993473,0.6402286894135816,{},{}
"[0, 1, 1, 1, 1, 1, 1, 1, 0, 1, 0, 1]",011111110101,"[""011111110101""]",2,0.00048828125,False,False,,,9.416228959060252,0.46639090992578613,{},{}
"[0, 1, 1, 1, 1, 1, 1, 1, 0, 1, 1, 1]",011111110111,"[""011111110111""]",2,0.00048828125,False,False,,,12.879058620694455,0.6422755222865763,{},{}
"[0, 1, 1, 1, 1, 1, 1, 1, 1, 1, 1, 1]",011111111111,"[""011111111111""]",2,0.00048828125,False,False,,,16.322679974509047,0.8171845031248605,{},{}
"[1, 0, 0, 0, 0, 0, 0, 0, 0, 1, 1, 0]",100000000110,"[""100000000110""]",2,0.00048828125,False,False,,,2.888396186718314,0.13482815665492995,{},{}
"[1, 0, 0, 0, 0, 0, 0, 1, 0, 0, 0, 1]",100000010001,"[""100000010001""]",2,0.00048828125,False,False,,,0.8918359999848002,0.03341854405132101,{},{}
"[1, 0, 0, 0, 0, 0, 0, 1, 0, 0, 1, 0]",100000010010,"[""100000010010""]",2,0.00048828125,False,False,,,0.907952889477227,0.03423715574690738,{},{}
"[1, 0, 0, 0, 0, 0, 0, 1, 1, 0, 0, 0]",100000011000,"[""100000011000""]",2,0.00048828125,False,False,,,2.945895950007448,0.13774869406657203,{},{}
"[1, 0, 0, 0, 0, 0, 0, 1, 1, 0, 0, 1]",100000011001,"[""100000011001""]",2,0.00048828125,False,False,,,2.236517830142995,0.10171784420643085,{},{}
"[1, 0, 0, 0, 0, 0, 0, 1, 1, 0, 1, 1]",100000011011,"[""100000011011""]",2,0.00048828125,False,False,,,3.5789264417832554,0.16990168267358416,{},{}
"[1, 0, 0, 0, 0, 0, 1, 0, 0, 0, 0, 1]",100000100001,"[""100000100001""]",2,0.00048828125,False,False,,,0.9785804803588298,0.03782448393166274,{},{}
"[1, 0, 0, 0, 0, 0, 1, 0, 0, 1, 0, 1]",100000100101,"[""100000100101""]",2,0.00048828125,False,False,,,2.3740685247011735,0.10870434165398515,{},{}
"[1, 0, 0, 0, 0, 0, 1, 0, 1, 0, 0, 1]",100000101001,"[""100000101001""]",2,0.00048828125,False,False,,,2.323262310517025,0.1061237840867726,{},{}
"[1, 0, 0, 0, 0, 0, 1, 0, 1, 0, 1, 0]",100000101010,"[""100000101010""]",2,0.00048828125,False,False,,,2.2720028317640217,0.10352020423120634,{},{}
"[1, 0, 0, 0, 0, 0, 1, 0, 1, 1, 0, 0]",100000101100,"[""100000101100""]",2,0.00048828125,False,False,,,2.3924586327115342,0.10963841503752805,{},{}
"[1, 0, 0, 0, 0, 0, 1, 1, 1, 1, 0, 1]",100000111101,"[""100000111101""]",2,0.00048828125,False,False,,,6.975947677248055,0.34244374265441785,{},{}
"[1, 0, 0, 0, 0, 1, 0, 0, 0, 0, 0, 0]",100001000000,"[""100001000000""]",2,0.00048828125,False,False,,,1.7280570663376231,0.07589202166210898,{},{}
"[1, 0, 0, 0, 0, 1, 0, 0, 0, 0, 1, 1]",100001000011,"[""100001000011""]",2,0.00048828125,False,False,,,2.275876268861857,0.10371694448383982,{},{}
"[1, 0, 0, 0, 0, 1, 0, 0, 0, 1, 0, 1]",100001000101,"[""100001000101""]",2,0.00048828125,False,False,,,2.3447858282297434,0.10721701013005291,{},{}
"[1, 0, 0, 0, 0, 1, 0, 0, 1, 0, 1, 1]",100001001011,"[""100001001011""]",2,0.00048828125,False,False,,,1.7049176745455288,0.0747167218774536,{},{}
"[1, 0, 0, 0, 0, 1, 0, 0, 1, 1, 1, 1]",100001001111,"[""100001001111""]",2,0.00048828125,False,False,,,5.031024556302102,0.2436568883689895,{},{}
"[1, 0, 0, 0, 0, 1, 0, 1, 0, 1, 0, 0]",100001010100,"[""100001010100""]",2,0.00048828125,True,False,"[0, 2, 1, 0]",0.27569142847059647,0.27569142847059647,0.0021232278769071776,"{""degradation"": 0.29030179139878914, ""nominal"": 0.2544710424710425, ""surge"": 0.2823014515419578}","{""degradation"": 0.4377689412767168, ""nominal"": 0.05172296377008994, ""surge"": 0.13609725439270093}"
"[1, 0, 0, 0, 0, 1, 0, 1, 0, 1, 0, 1]",100001010101,"[""100001010101""]",2,0.00048828125,False,False,,,1.5841482296122869,0.06858258041434548,{},{}
"[1, 0, 0, 0, 0, 1, 0, 1, 1, 1, 0, 1]",100001011101,"[""100001011101""]",2,0.00048828125,False,False,,,3.0131896352959586,0.14116668597141005,{},{}
"[1, 0, 0, 0, 0, 1, 1, 0, 0, 0, 1, 0]",100001100010,"[""100001100010""]",2,0.00048828125,True,False,"[0, 2, 0, 1]",0.27569142847059647,0.27569142847059647,0.0021232278769071776,"{""degradation"": 0.29030179139878914, ""nominal"": 0.2544710424710425, ""surge"": 0.2823014515419578}","{""degradation"": 0.4377689412767168, ""nominal"": 0.05172296377008994, ""surge"": 0.13609725439270093}"
"[1, 0, 0, 0, 0, 1, 1, 0, 1, 0, 0, 1]",100001101001,"[""100001101001""]",2,0.00048828125,False,False,,,1.7738272339134156,0.0782167875236667,{},{}
"[1, 0, 0, 0, 0, 1, 1, 0, 1, 1, 0, 1]",100001101101,"[""100001101101""]",2,0.00048828125,False,False,,,3.1904051721371287,0.1501678465964778,{},{}
"[1, 0, 0, 0, 0, 1, 1, 1, 0, 0, 0, 0]",100001110000,"[""100001110000""]",2,0.00048828125,False,False,,,2.2756914284705965,0.10370755604035799,{},{}
"[1, 0, 0, 0, 0, 1, 1, 1, 0, 0, 1, 1]",100001110011,"[""100001110011""]",2,0.00048828125,False,False,,,2.9087219202464034,0.1358605446473701,{},{}
"[1, 0, 0, 0, 0, 1, 1, 1, 0, 1, 0, 0]",100001110100,"[""100001110100""]",2,0.00048828125,False,False,,,1.6744344456881657,0.07316841271558963,{},{}
"[1, 0, 0, 0, 0, 1, 1, 1, 1, 1, 0, 1]",100001111101,"[""100001111101""]",2,0.00048828125,False,False,,,6.447602494525816,0.31560794744180065,{},{}
"[1, 0, 0, 0, 1, 0, 0, 0, 0, 0, 0, 0]",100010000000,"[""100010000000""]",2,0.00048828125,False,False,,,1.6487616492955168,0.07186443582877748,{},{}
"[1, 0, 0, 0, 1, 0, 0, 0, 0, 1, 1, 0]",100010000110,"[""100010000110""]",2,0.00048828125,False,False,,,2.2549790499878495,0.10265552951393951,{},{}
"[1, 0, 0, 0, 1, 0, 0, 0, 1, 0, 1, 0]",100010001010,"[""100010001010""]",2,0.00048828125,True,True,"[0, 1, 2, 1]",0.3124788132769833,0.31247881327698324,0.003991738762130746,"{""degradation"": 0.24125990886960874, ""nominal"": 0.3648339768339769, ""surge"": 0.33134255412736424}","{""degradation"": 0.21460626287012755, ""nominal"": 0.295049032961046, ""surge"": 0.24050962200814544}"
"[1, 0, 0, 0, 1, 0, 0, 0, 1, 1, 1, 0]",100010001110,"[""100010001110""]",2,0.00048828125,False,False,,,1.5996608801460441,0.06937050150559854,{},{}
"[1, 0, 0, 0, 1, 0, 0, 0, 1, 1, 1, 1]",100010001111,"[""100010001111""]",2,0.00048828125,False,False,,,4.947042496175247,0.23939125779110498,{},{}
"[1, 0, 0, 0, 1, 0, 1, 0, 0, 1, 0, 1]",100010100101,"[""100010100101""]",2,0.00048828125,False,False,,,1.6820683494113498,0.07355615520608169,{},{}
"[1, 0, 0, 0, 1, 0, 1, 0, 0, 1, 1, 1]",100010100111,"[""100010100111""]",2,0.00048828125,False,False,,,5.018938604240765,0.24304301670880624,{},{}
"[1, 0, 0, 0, 1, 0, 1, 1, 0, 1, 1, 0]",100010110110,"[""100010110110""]",2,0.00048828125,False,False,,,3.019043875392751,0.14146403549498016,{},{}
"[1, 0, 0, 0, 1, 0, 1, 1, 1, 1, 0, 0]",100010111100,"[""100010111100""]",2,0.00048828125,False,False,,,4.9951489244883875,0.24183468739137176,{},{}
"[1, 0, 0, 0, 1, 1, 0, 0, 1, 1, 0, 1]",100011001101,"[""100011001101""]",2,0.00048828125,False,False,,,3.0899644908116572,0.14506624703011417,{},{}
"[1, 0, 0, 0, 1, 1, 0, 1, 0, 1, 1, 1]",100011010111,"[""100011010111""]",2,0.00048828125,False,False,,,6.3809500691508765,0.3122225265157118,{},{}
"[1, 0, 0, 0, 1, 1, 1, 0, 0, 0, 0, 0]",100011100000,"[""100011100000""]",2,0.00048828125,False,False,,,2.3492113111110684,0.10744178998270204,{},{}
"[1, 0, 0, 0, 1, 1, 1, 0, 0, 0, 0, 1]",100011100001,"[""100011100001""]",2,0.00048828125,False,False,,,1.6787580061341285,0.07338801570717823,{},{}
"[1, 0, 0, 0, 1, 1, 1, 0, 0, 1, 1, 0]",100011100110,"[""100011100110""]",2,0.00048828125,False,False,,,3.0669896621519106,0.1438993057630788,{},{}
"[1, 0, 0, 0, 1, 1, 1, 0, 1, 1, 0, 0]",100011101100,"[""100011101100""]",2,0.00048828125,False,False,,,3.1769957340123103,0.1494867522149983,{},{}
"[1, 0, 0, 0, 1, 1, 1, 0, 1, 1, 1, 0]",100011101110,"[""100011101110""]",2,0.00048828125,False,False,,,4.513865988841725,0.21738928555427198,{},{}
"[1, 0, 0, 0, 1, 1, 1, 1, 0, 1, 0, 1]",100011110101,"[""100011110101""]",2,0.00048828125,False,False,,,4.393281384299743,0.21126453253464567,{},{}
"[1, 0, 0, 0, 1, 1, 1, 1, 0, 1, 1, 1]",100011110111,"[""100011110111""]",2,0.00048828125,False,False,,,7.797528007374588,0.3841735855885228,{},{}
"[1, 0, 0, 0, 1, 1, 1, 1, 1, 0, 1, 1]",100011111011,"[""100011111011""]",2,0.00048828125,False,False,,,7.845661316846835,0.38661838054103365,{},{}
"[1, 0, 0, 1, 0, 0, 0, 0, 0, 0, 0, 1]",100100000001,"[""100100000001""]",2,0.00048828125,False,False,,,1.0202514486054113,0.03994104258828747,{},{}
"[1, 0, 0, 1, 0, 0, 0, 0, 1, 1, 1, 1]",100100001111,"[""100100001111""]",2,0.00048828125,False,False,,,5.029915209689935,0.2436005422538408,{},{}
"[1, 0, 0, 1, 0, 0, 0, 1, 0, 0, 1, 0]",100100010010,"[""100100010010""]",2,0.00048828125,True,False,"[0, 0, 1, 1]",0.27573073948038135,0.2757307394803814,0.002125224568166392,"{""degradation"": 0.24071531115411027, ""nominal"": 0.2927258687258687, ""surge"": 0.29375103856116513}","{""degradation"": 0.21212809770645472, ""nominal"": 0.13606646690275115, ""surge"": 0.1604743263969965}"
"[1, 0, 0, 1, 0, 0, 0, 1, 0, 1, 1, 1]",100100010111,"[""100100010111""]",2,0.00048828125,False,False,,,4.9919721491597135,0.24167333209762698,{},{}
"[1, 0, 0, 1, 0, 0, 0, 1, 1, 0, 1, 1]",100100011011,"[""100100011011""]",2,0.00048828125,False,False,,,2.9467042917864106,0.1377897514948432,{},{}
"[1, 0, 0, 1, 0, 0, 1, 0, 1, 0, 0, 0]",100100101000,"[""100100101000""]",2,0.00048828125,False,False,,,2.4642610861595573,0.11328541703453049,{},{}
"[1, 0, 0, 1, 0, 0, 1, 0, 1, 1, 1, 0]",100100101110,"[""100100101110""]",2,0.00048828125,False,False,,,3.2018791525468817,0.15075063489212048,{},{}
"[1, 0, 0, 1, 0, 0, 1, 1, 0, 0, 1, 0]",100100110010,"[""100100110010""]",2,0.00048828125,False,False,,,1.6656804270118792,0.0727237771626092,{},{}
"[1, 0, 0, 1, 0, 0, 1, 1, 1, 1, 0, 0]",100100111100,"[""100100111100""]",2,0.00048828125,False,False,,,5.201879152546882,0.2523349630555713,{},{}
"[1, 0, 0, 1, 0, 1, 0, 0, 0, 1, 0, 1]",100101000101,"[""100101000101""]",2,0.00048828125,False,False,,,3.841303652089544,0.18322838899076654,{},{}
"[1, 0, 0, 1, 0, 1, 0, 0, 1, 1, 0, 0]",100101001100,"[""100101001100""]",2,0.00048828125,False,False,,,1.944053335625382,0.08686293961281338,{},{}
"[1, 0, 0, 1, 0, 1, 0, 1, 1, 0, 1, 0]",100101011010,"[""100101011010""]",2,0.00048828125,False,False,,,3.114784767235318,0.14632692258277855,{},{}
"[1, 0, 0, 1, 0, 1, 0, 1, 1, 0, 1, 1]",100101011011,"[""100101011011""]",2,0.00048828125,False,False,,,4.423241568377009,0.2127862751202169,{},{}
"[1, 0, 0, 1, 0, 1, 0, 1, 1, 1, 1, 1]",100101011111,"[""100101011111""]",2,0.00048828125,False,False,,,7.852116070796021,0.3869462314627279,{},{}
"[1, 0, 0, 1, 0, 1, 1, 0, 0, 0, 0, 1]",100101100001,"[""100101100001""]",2,0.00048828125,False,False,,,1.8202137582081748,0.08057285947682706,{},{}
"[1, 0, 0, 1, 0, 1, 1, 0, 0, 0, 1, 1]",100101100011,"[""100101100011""]",2,0.00048828125,False,False,,,3.0774110805968613,0.14442863215869906,{},{}
"[1, 0, 0, 1, 0, 1, 1, 0, 1, 0, 1, 1]",100101101011,"[""100101101011""]",2,0.00048828125,False,False,,,4.5242874072866766,0.2179186119498923,{},{}
"[1, 0, 0, 1, 0, 1, 1, 0, 1, 1, 0, 1]",100101101101,"[""100101101101""]",2,0.00048828125,False,False,,,4.768600722777997,0.23032781395767776,{},{}
"[1, 0, 0, 1, 0, 1, 1, 1, 0, 0, 0, 0]",100101110000,"[""100101110000""]",2,0.00048828125,False,False,,,3.751119358449028,0.17864773355058294,{},{}
"[1, 0, 0, 1, 0, 1, 1, 1, 0, 0, 1, 0]",100101110010,"[""100101110010""]",2,0.00048828125,False,False,,,3.057858128077001,0.14343549538602812,{},{}
"[1, 0, 0, 1, 0, 1, 1, 1, 1, 0, 0, 1]",100101111001,"[""100101111001""]",2,0.00048828125,False,False,,,6.5064524862805335,0.3185970658792145,{},{}
"[1, 0, 0, 1, 1, 0, 0, 0, 0, 0, 1, 0]",100110000010,"[""100110000010""]",2,0.00048828125,False,False,,,2.3355748331219433,0.10674916375518155,{},{}
"[1, 0, 0, 1, 1, 0, 0, 0, 0, 0, 1, 1]",100110000011,"[""100110000011""]",2,0.00048828125,False,False,,,3.6651215281450034,0.17427971764310857,{},{}
"[1, 0, 0, 1, 1, 0, 0, 0, 0, 1, 0, 0]",100110000100,"[""100110000100""]",2,0.00048828125,False,False,,,2.4064891868301697,0.1103510572444793,{},{}
"[1, 0, 0, 1, 1, 0, 0, 0, 0, 1, 0, 1]",100110000101,"[""100110000101""]",2,0.00048828125,False,False,,,3.7360358818532293,0.17788161113240628,{},{}
"[1, 0, 0, 1, 1, 0, 0, 0, 1, 0, 1, 1]",100110001011,"[""100110001011""]",2,0.00048828125,False,False,,,3.0098033583031976,0.14099468963476755,{},{}
"[1, 0, 0, 1, 1, 0, 0, 1, 0, 1, 1, 1]",100110010111,"[""100110010111""]",2,0.00048828125,False,False,,,6.438227944869977,0.31513179377748907,{},{}
"[1, 0, 0, 1, 1, 0, 1, 0, 0, 0, 0, 0]",100110100000,"[""100110100000""]",2,0.00048828125,False,False,,,2.4064891868301697,0.1103510572444793,{},{}
"[1, 0, 0, 1, 1, 0, 1, 0, 0, 1, 0, 0]",100110100100,"[""100110100100""]",2,0.00048828125,False,False,,,1.886909930828807,0.0839605024201973,{},{}
"[1, 0, 0, 1, 1, 0, 1, 0, 1, 0, 0, 0]",100110101000,"[""100110101000""]",2,0.00048828125,False,False,,,3.7511710169883643,0.17865035739958915,{},{}
"[1, 0, 0, 1, 1, 0, 1, 0, 1, 0, 0, 1]",100110101001,"[""100110101001""]",2,0.00048828125,False,False,,,3.080717712011424,0.14459658312406531,{},{}
"[1, 0, 0, 1, 1, 0, 1, 0, 1, 1, 1, 0]",100110101110,"[""100110101110""]",2,0.00048828125,False,False,,,4.568462015816417,0.22016233591458084,{},{}
"[1, 0, 0, 1, 1, 0, 1, 1, 0, 0, 0, 1]",100110110001,"[""100110110001""]",2,0.00048828125,False,False,,,3.0339813217951317,0.14222274072361185,{},{}
"[1, 0, 0, 1, 1, 0, 1, 1, 0, 1, 0, 1]",100110110101,"[""100110110101""]",2,0.00048828125,False,False,,,4.532236986799913,0.2183223882969093,{},{}
"[1, 0, 0, 1, 1, 0, 1, 1, 1, 0, 0, 1]",100110111001,"[""100110111001""]",2,0.00048828125,False,False,,,6.396498072959471,0.3130122432763012,{},{}
"[1, 0, 0, 1, 1, 0, 1, 1, 1, 0, 1, 0]",100110111010,"[""100110111010""]",2,0.00048828125,False,False,,,6.471198001011256,0.3168064142788006,{},{}
"[1, 0, 0, 1, 1, 0, 1, 1, 1, 1, 0, 0]",100110111100,"[""100110111100""]",2,0.00048828125,False,False,,,6.547372121935049,0.32067546272754305,{},{}
"[1, 0, 0, 1, 1, 0, 1, 1, 1, 1, 1, 0]",100110111110,"[""100110111110""]",2,0.00048828125,False,False,,,7.951618745009893,0.39200018761796934,{},{}
"[1, 0, 0, 1, 1, 1, 0, 0, 0, 0, 0, 1]",100111000001,"[""100111000001""]",2,0.00048828125,False,False,,,5.746401327574918,0.2799924227157333,{},{}
"[1, 0, 0, 1, 1, 1, 0, 1, 0, 0, 0, 0]",100111010000,"[""100111010000""]",2,0.00048828125,False,False,,,5.732634993499905,0.2792932008165914,{},{}
"[1, 0, 0, 1, 1, 1, 0, 1, 0, 0, 1, 0]",100111010010,"[""100111010010""]",2,0.00048828125,False,False,,,5.119046695568606,0.24812772330943828,{},{}
"[1, 0, 0, 1, 1, 1, 0, 1, 1, 0, 0, 0]",100111011000,"[""100111011000""]",2,0.00048828125,False,False,,,7.161676399183577,0.351877306373656,{},{}
"[1, 0, 0, 1, 1, 1, 0, 1, 1, 0, 1, 0]",100111011010,"[""100111011010""]",2,0.00048828125,False,False,,,6.565923022258422,0.3216177031006316,{},{}
"[1, 0, 0, 1, 1, 1, 0, 1, 1, 1, 0, 1]",100111011101,"[""100111011101""]",2,0.00048828125,False,False,,,7.902262675619504,0.38949328604306366,{},{}
"[1, 0, 0, 1, 1, 1, 0, 1, 1, 1, 1, 1]",100111011111,"[""100111011111""]",2,0.00048828125,False,False,,,11.324344219700492,0.5633082133310695,{},{}
"[1, 0, 0, 1, 1, 1, 1, 0, 0, 0, 0, 1]",100111100001,"[""100111100001""]",2,0.00048828125,False,False,,,5.15418593611256,0.249912521380854,{},{}
"[1, 0, 0, 1, 1, 1, 1, 0, 0, 0, 1, 1]",100111100011,"[""100111100011""]",2,0.00048828125,False,False,,,6.4910561909419755,0.3178150547201277,{},{}
"[1, 0, 0, 1, 1, 1, 1, 0, 0, 1, 1, 1]",100111100111,"[""100111100111""]",2,0.00048828125,False,False,,,10.010401749828125,0.49657023180736465,{},{}
"[1, 0, 0, 1, 1, 1, 1, 0, 1, 1, 0, 1]",100111101101,"[""100111101101""]",2,0.00048828125,False,False,,,8.102572900682382,0.39966747586170476,{},{}
"[1, 0, 0, 1, 1, 1, 1, 1, 0, 1, 0, 0]",100111110100,"[""100111110100""]",2,0.00048828125,False,False,,,6.624095318911409,0.32457239993724085,{},{}
"[1, 0, 0, 1, 1, 1, 1, 1, 1, 1, 0, 0]",100111111100,"[""100111111100""]",2,0.00048828125,False,False,,,10.070971645601226,0.49964670789188503,{},{}
"[1, 0, 1, 0, 0, 0, 0, 0, 1, 1, 1, 0]",101000001110,"[""101000001110""]",2,0.00048828125,False,False,,,3.6079584206443336,0.17137627970751323,{},{}
"[1, 0, 1, 0, 0, 0, 0, 1, 0, 0, 1, 0]",101000010010,"[""101000010010""]",2,0.00048828125,False,False,,,2.3039231871264207,0.1051415081583203,{},{}
"[1, 0, 1, 0, 0, 0, 0, 1, 0, 1, 1, 1]",101000010111,"[""101000010111""]",2,0.00048828125,False,False,,,7.001756551668792,0.34375463123876054,{},{}
"[1, 0, 1, 0, 0, 0, 0, 1, 1, 1, 0, 0]",101000011100,"[""101000011100""]",2,0.00048828125,False,False,,,3.6290483145257033,0.17244748105800195,{},{}
"[1, 0, 1, 0, 0, 0, 1, 0, 0, 0, 1, 0]",101000100010,"[""101000100010""]",2,0.00048828125,False,False,,,2.2843664843675078,0.10414818090289205,{},{}
"[1, 0, 1, 0, 0, 0, 1, 0, 0, 1, 1, 1]",101000100111,"[""101000100111""]",2,0.00048828125,False,False,,,7.090505826383161,0.3482623989621869,{},{}
"[1, 0, 1, 0, 0, 0, 1, 0, 1, 1, 1, 0]",101000101110,"[""101000101110""]",2,0.00048828125,False,False,,,5.024536358868046,0.2433273387803243,{},{}
"[1, 0, 1, 0, 0, 0, 1, 1, 0, 0, 0, 0]",101000110000,"[""101000110000""]",2,0.00048828125,False,False,,,4.305456378248877,0.20680371041683157,{},{}
"[1, 0, 1, 0, 0, 0, 1, 1, 0, 0, 0, 1]",101000110001,"[""101000110001""]",2,0.00048828125,False,False,,,3.698272754916044,0.17596354019277374,{},{}
"[1, 0, 1, 0, 0, 0, 1, 1, 0, 1, 1, 1]",101000110111,"[""101000110111""]",2,0.00048828125,False,False,,,8.418334489892505,0.4157056903115717,{},{}
"[1, 0, 1, 0, 0, 1, 0, 0, 0, 1, 0, 1]",101001000101,"[""101001000101""]",2,0.00048828125,False,False,,,3.804025807523045,0.18133496659293188,{},{}
"[1, 0, 1, 0, 0, 1, 0, 0, 0, 1, 1, 0]",101001000110,"[""101001000110""]",2,0.00048828125,False,False,,,3.6505718322384206,0.1735407071012822,{},{}
"[1, 0, 1, 0, 0, 1, 0, 0, 1, 1, 1, 0]",101001001110,"[""101001001110""]",2,0.00048828125,False,False,,,3.079613237922093,0.14454048449489598,{},{}
"[1, 0, 1, 0, 0, 1, 0, 1, 0, 0, 1, 1]",101001010011,"[""101001010011""]",2,0.00048828125,False,False,,,3.062944911664501,0.14369386413265264,{},{}
"[1, 0, 1, 0, 0, 1, 0, 1, 0, 1, 0, 1]",101001010101,"[""101001010101""]",2,0.00048828125,False,False,,,3.0644781027869588,0.14377173822771316,{},{}
"[1, 0, 1, 0, 0, 1, 0, 1, 1, 0, 0, 1]",101001011001,"[""101001011001""]",2,0.00048828125,False,False,,,3.167412626714057,0.14900000545669265,{},{}
"[1, 0, 1, 0, 0, 1, 0, 1, 1, 1, 1, 0]",101001011110,"[""101001011110""]",2,0.00048828125,False,False,,,4.425276822437579,0.21288965007840932,{},{}
"[1, 0, 1, 0, 0, 1, 1, 0, 1, 0, 0, 1]",101001101001,"[""101001101001""]",2,0.00048828125,False,False,,,3.2330672132067173,0.15233474398654567,{},{}
"[1, 0, 1, 0, 0, 1, 1, 0, 1, 1, 1, 1]",101001101111,"[""101001101111""]",2,0.00048828125,False,False,,,7.92467739482526,0.3906317781388082,{},{}
"[1, 0, 1, 0, 0, 1, 1, 1, 0, 1, 0, 0]",101001110100,"[""101001110100""]",2,0.00048828125,False,False,,,3.0704047433373596,0.14407276512700254,{},{}
"[1, 0, 1, 0, 0, 1, 1, 1, 1, 0, 0, 0]",101001111000,"[""101001111000""]",2,0.00048828125,False,False,,,7.1185380528096065,0.349686216406415,{},{}
"[1, 0, 1, 0, 0, 1, 1, 1, 1, 0, 0, 1]",101001111001,"[""101001111001""]",2,0.00048828125,False,False,,,6.511354429476773,0.3188460461823572,{},{}
"[1, 0, 1, 0, 0, 1, 1, 1, 1, 1, 0, 0]",101001111100,"[""101001111100""]",2,0.00048828125,False,False,,,6.517281070027176,0.31914707308164664,{},{}
"[1, 0, 1, 0, 1, 0, 0, 0, 0, 0, 1, 1]",101010000011,"[""101010000011""]",2,0.00048828125,False,False,,,3.7565836574351503,0.17892527712127768,{},{}
"[1, 0, 1, 0, 1, 0, 0, 0, 0, 1, 1, 0]",101010000110,"[""101010000110""]",2,0.00048828125,False,False,,,3.629859453755674,0.17248868057486375,{},{}
"[1, 0, 1, 0, 1, 0, 0, 0, 1, 0, 1, 1]",101010001011,"[""101010001011""]",2,0.00048828125,False,False,,,3.101265487593345,0.14564024911293671,{},{}
"[1, 0, 1, 0, 1, 0, 0, 0, 1, 1, 1, 1]",101010001111,"[""101010001111""]",2,0.00048828125,False,False,,,6.406282475468549,0.313509214253984,{},{}
"[1, 0, 1, 0, 1, 0, 0, 1, 0, 1, 0, 0]",101010010100,"[""101010010100""]",2,0.00048828125,False,False,,,1.629859453755674,0.07090435241141294,{},{}
"[1, 0, 1, 0, 1, 0, 0, 1, 0, 1, 0, 1]",101010010101,"[""101010010101""]",2,0.00048828125,False,False,,,3.043765724304211,0.14271971170129463,{},{}
"[1, 0, 1, 0, 1, 0, 0, 1, 1, 1, 0, 0]",101010011100,"[""101010011100""]",2,0.00048828125,False,False,,,2.9745412839138687,0.13920365256652276,{},{}
"[1, 0, 1, 0, 1, 0, 1, 0, 0, 1, 0, 0]",101010100100,"[""101010100100""]",2,0.00048828125,False,False,,,1.7095671371499712,0.07495287814495029,{},{}
"[1, 0, 1, 0, 1, 0, 1, 0, 1, 0, 0, 0]",101010101000,"[""101010101000""]",2,0.00048828125,False,False,,,3.676595843971967,0.17486252297531724,{},{}
"[1, 0, 1, 0, 1, 0, 1, 0, 1, 0, 1, 0]",101010101010,"[""101010101010""]",2,0.00048828125,False,False,,,3.0134660988013815,0.1411807281511401,{},{}
"[1, 0, 1, 0, 1, 0, 1, 0, 1, 1, 1, 0]",101010101110,"[""101010101110""]",2,0.00048828125,False,False,,,4.391119222137581,0.21115471163933383,{},{}
"[1, 0, 1, 0, 1, 0, 1, 0, 1, 1, 1, 1]",101010101111,"[""101010101111""]",2,0.00048828125,False,False,,,7.840695334698406,0.38636614756092375,{},{}
"[1, 0, 1, 0, 1, 0, 1, 1, 0, 0, 0, 0]",101010110000,"[""101010110000""]",2,0.00048828125,False,False,,,3.650949347637043,0.1735598819253524,{},{}
"[1, 0, 1, 0, 1, 0, 1, 1, 0, 1, 0, 1]",101010110101,"[""101010110101""]",2,0.00048828125,False,False,,,4.460343662527923,0.2146707707741057,{},{}
"[1, 0, 1, 0, 1, 0, 1, 1, 0, 1, 1, 1]",101010110111,"[""101010110111""]",2,0.00048828125,False,False,,,7.864590285602768,0.3875798238279829,{},{}
"[1, 0, 1, 0, 1, 0, 1, 1, 1, 0, 0, 1]",101010111001,"[""101010111001""]",2,0.00048828125,False,False,,,6.427372369349918,0.31458041560447264,{},{}
"[1, 0, 1, 0, 1, 0, 1, 1, 1, 0, 1, 0]",101010111010,"[""101010111010""]",2,0.00048828125,False,False,,,6.417712721876228,0.31408978120501735,{},{}
"[1, 0, 1, 0, 1, 0, 1, 1, 1, 0, 1, 1]",101010111011,"[""101010111011""]",2,0.00048828125,False,False,,,7.8494539134309065,0.3868110147290276,{},{}
"[1, 0, 1, 0, 1, 0, 1, 1, 1, 1, 0, 1]",101010111101,"[""101010111101""]",2,0.00048828125,False,False,,,7.822860413692261,0.38546027332679506,{},{}
"[1, 0, 1, 0, 1, 1, 0, 0, 1, 1, 0, 0]",101011001100,"[""101011001100""]",2,0.00048828125,False,False,,,3.1352981995564217,0.14736884420311142,{},{}
"[1, 0, 1, 0, 1, 1, 0, 0, 1, 1, 1, 0]",101011001110,"[""101011001110""]",2,0.00048828125,False,False,,,4.472168454385837,0.21527137754238515,{},{}
"[1, 0, 1, 0, 1, 1, 0, 0, 1, 1, 1, 1]",101011001111,"[""101011001111""]",2,0.00048828125,False,False,,,7.903909645940518,0.3895769392298463,{},{}
"[1, 0, 1, 0, 1, 1, 0, 1, 0, 0, 0, 1]",101011010001,"[""101011010001""]",2,0.00048828125,False,False,,,3.1309264374941286,0.14714679294711716,{},{}
"[1, 0, 1, 0, 1, 1, 1, 0, 0, 0, 0, 0]",101011100000,"[""101011100000""]",2,0.00048828125,False,False,,,3.7240917148788926,0.17727494104362626,{},{}
"[1, 0, 1, 0, 1, 1, 1, 0, 0, 0, 1, 1]",101011100011,"[""101011100011""]",2,0.00048828125,False,False,,,4.474868240256845,0.2154085055093309,{},{}
"[1, 0, 1, 0, 1, 1, 1, 0, 0, 1, 1, 1]",101011100111,"[""101011100111""]",2,0.00048828125,False,False,,,7.8914461784805585,0.3889438927455929,{},{}
"[1, 0, 1, 0, 1, 1, 1, 0, 1, 0, 0, 0]",101011101000,"[""101011101000""]",2,0.00048828125,False,False,,,5.153133120562566,0.2498590466006909,{},{}
"[1, 0, 1, 0, 1, 1, 1, 0, 1, 0, 0, 1]",101011101001,"[""101011101001""]",2,0.00048828125,False,False,,,4.567039391111102,0.22009007772712177,{},{}
"[1, 0, 1, 0, 1, 1, 1, 0, 1, 1, 1, 1]",101011101111,"[""101011101111""]",2,0.00048828125,False,False,,,9.338322505170373,0.46243387253678603,{},{}
"[1, 0, 1, 0, 1, 1, 1, 1, 0, 0, 0, 0]",101011110000,"[""101011110000""]",2,0.00048828125,False,False,,,5.043127048702165,0.24427160014877136,{},{}
"[1, 0, 1, 0, 1, 1, 1, 1, 0, 1, 0, 1]",101011110101,"[""101011110101""]",2,0.00048828125,False,False,,,5.873611257474414,0.2864536903480133,{},{}
"[1, 0, 1, 1, 0, 0, 0, 1, 0, 0, 1, 0]",101100010010,"[""101100010010""]",2,0.00048828125,False,False,,,1.6976733903237835,0.07434876900460806,{},{}
"[1, 0, 1, 1, 0, 0, 0, 1, 0, 1, 0, 0]",101100010100,"[""101100010100""]",2,0.00048828125,False,False,,,1.7808843082273085,0.07857523160015488,{},{}
"[1, 0, 1, 1, 0, 0, 1, 0, 0, 0, 0, 1]",101100100001,"[""101100100001""]",2,0.00048828125,False,False,,,1.9132483896305632,0.08529828974131586,{},{}
"[1, 0, 1, 1, 0, 0, 1, 0, 0, 1, 0, 1]",101100100101,"[""101100100101""]",2,0.00048828125,False,False,,,3.411504054635344,0.1613979373146133,{},{}
"[1, 0, 1, 1, 0, 0, 1, 0, 0, 1, 1, 0]",101100100110,"[""101100100110""]",2,0.00048828125,False,False,,,3.2402151583445766,0.152697803588835,{},{}
"[1, 0, 1, 1, 0, 0, 1, 0, 0, 1, 1, 1]",101100100111,"[""101100100111""]",2,0.00048828125,False,False,,,6.66870137702403,0.3268380381599361,{},{}
"[1, 0, 1, 1, 0, 0, 1, 0, 1, 0, 0, 0]",101100101000,"[""101100101000""]",2,0.00048828125,False,False,,,3.8651138431215903,0.18443776012048346,{},{}
"[1, 0, 1, 1, 0, 0, 1, 0, 1, 0, 1, 0]",101100101010,"[""101100101010""]",2,0.00048828125,False,False,,,3.1223111655102773,0.1467092046389047,{},{}
"[1, 0, 1, 1, 0, 0, 1, 1, 0, 0, 0, 1]",101100110001,"[""101100110001""]",2,0.00048828125,False,False,,,3.1737006848944755,0.14931938953954788,{},{}
"[1, 0, 1, 1, 0, 0, 1, 1, 0, 1, 0, 0]",101100110100,"[""101100110100""]",2,0.00048828125,False,False,,,3.2613050522259464,0.1537690049393237,{},{}
"[1, 0, 1, 1, 0, 0, 1, 1, 0, 1, 0, 1]",101100110101,"[""101100110101""]",2,0.00048828125,False,False,,,4.671956349899257,0.22541903711284536,{},{}
"[1, 0, 1, 1, 0, 0, 1, 1, 0, 1, 1, 0]",101100110110,"[""101100110110""]",2,0.00048828125,False,False,,,4.568043821853919,0.22014109493821968,{},{}
"[1, 0, 1, 1, 0, 0, 1, 1, 1, 0, 1, 0]",101100111010,"[""101100111010""]",2,0.00048828125,False,False,,,6.467974750025764,0.3166426983858689,{},{}
"[1, 0, 1, 1, 0, 0, 1, 1, 1, 1, 1, 1]",101100111111,"[""101100111111""]",2,0.00048828125,False,False,,,11.376881712703854,0.5659767062961387,{},{}
"[1, 0, 1, 1, 0, 1, 0, 0, 0, 0, 1, 0]",101101000010,"[""101101000010""]",2,0.00048828125,False,False,,,3.762022427879563,0.17920152404209314,{},{}
"[1, 0, 1, 1, 0, 1, 0, 0, 0, 1, 1, 0]",101101000110,"[""101101000110""]",2,0.00048828125,False,False,,,5.173062009292431,0.25087127798702463,{},{}
"[1, 0, 1, 1, 0, 1, 0, 0, 1, 0, 1, 0]",101101001010,"[""101101001010""]",2,0.00048828125,False,False,,,3.191063833563234,0.15020130143570687,{},{}
"[1, 0, 1, 1, 0, 1, 0, 0, 1, 1, 0, 0]",101101001100,"[""101101001100""]",2,0.00048828125,False,False,,,3.344906092587415,0.15801528269876636,{},{}
"[1, 0, 1, 1, 0, 1, 0, 0, 1, 1, 0, 1]",101101001101,"[""101101001101""]",2,0.00048828125,False,False,,,4.737722469254583,0.22875944063815945,{},{}
"[1, 0, 1, 1, 0, 1, 0, 0, 1, 1, 1, 1]",101101001111,"[""101101001111""]",2,0.00048828125,False,False,,,8.012754712649413,0.3951054157176109,{},{}
"[1, 0, 1, 1, 0, 1, 0, 1, 0, 0, 0, 1]",101101010001,"[""101101010001""]",2,0.00048828125,False,False,,,3.158093777421956,0.1485266809343954,{},{}
"[1, 0, 1, 1, 0, 1, 0, 1, 0, 1, 1, 0]",101101010110,"[""101101010110""]",2,0.00048828125,False,False,,,4.500890672801773,0.21673024117295847,{},{}
"[1, 0, 1, 1, 0, 1, 0, 1, 1, 0, 0, 1]",101101011001,"[""101101011001""]",2,0.00048828125,False,False,,,4.5871351831056275,0.22111078649145993,{},{}
"[1, 0, 1, 1, 0, 1, 0, 1, 1, 1, 1, 0]",101101011110,"[""101101011110""]",2,0.00048828125,False,False,,,5.947766999491588,0.29022022096415173,{},{}
"[1, 0, 1, 1, 0, 1, 1, 0, 0, 0, 0, 0]",101101100000,"[""101101100000""]",2,0.00048828125,False,False,,,3.9126097140285174,0.18685017818879257,{},{}
"[1, 0, 1, 1, 0, 1, 1, 0, 1, 1, 0, 0]",101101101100,"[""101101101100""]",2,0.00048828125,False,False,,,4.843161757592196,0.23411493027206384,{},{}
"[1, 0, 1, 1, 0, 1, 1, 0, 1, 1, 1, 0]",101101101110,"[""101101101110""]",2,0.00048828125,False,False,,,6.1003590799808824,0.2979707029539358,{},{}
"[1, 0, 1, 1, 0, 1, 1, 1, 0, 0, 0, 0]",101101110000,"[""101101110000""]",2,0.00048828125,False,False,,,5.173062009292431,0.25087127798702463,{},{}
"[1, 0, 1, 1, 0, 1, 1, 1, 1, 1, 0, 1]",101101111101,"[""101101111101""]",2,0.00048828125,False,False,,,9.532100271535564,0.47227626464139705,{},{}
"[1, 0, 1, 1, 1, 0, 0, 0, 0, 0, 0, 1]",101110000001,"[""101110000001""]",2,0.00048828125,False,False,,,3.8134636058030975,0.18181433279174253,{},{}
"[1, 0, 1, 1, 1, 0, 0, 0, 0, 0, 1, 1]",101110000011,"[""101110000011""]",2,0.00048828125,False,False,,,5.1503338606325135,0.2497168661310163,{},{}
"[1, 0, 1, 1, 1, 0, 0, 0, 0, 1, 0, 1]",101110000101,"[""101110000101""]",2,0.00048828125,False,False,,,5.221248214340739,0.25331875962031397,{},{}
"[1, 0, 1, 1, 1, 0, 0, 1, 1, 0, 0, 0]",101110011000,"[""101110011000""]",2,0.00048828125,False,False,,,5.0811094202421705,0.24620080699624436,{},{}
"[1, 0, 1, 1, 1, 0, 0, 1, 1, 1, 1, 0]",101110011110,"[""101110011110""]",2,0.00048828125,False,False,,,5.875305730848515,0.28653975631766276,{},{}
"[1, 0, 1, 1, 1, 0, 1, 0, 0, 1, 1, 1]",101110100111,"[""101110100111""]",2,0.00048828125,False,False,,,8.056374134174936,0.3973209405328852,{},{}
"[1, 0, 1, 1, 1, 0, 1, 0, 1, 0, 0, 0]",101110101000,"[""101110101000""]",2,0.00048828125,False,False,,,5.152023773950398,0.24980270048554215,{},{}
"[1, 0, 1, 1, 1, 0, 1, 0, 1, 0, 0, 1]",101110101001,"[""101110101001""]",2,0.00048828125,False,False,,,4.565930044498934,0.22003373161197304,{},{}
"[1, 0, 1, 1, 1, 0, 1, 0, 1, 1, 0, 0]",101110101100,"[""101110101100""]",2,0.00048828125,False,False,,,4.632444517949034,0.2234121456612601,{},{}
"[1, 0, 1, 1, 1, 0, 1, 0, 1, 1, 1, 0]",101110101110,"[""101110101110""]",2,0.00048828125,False,False,,,5.969314772778451,0.29131467900053387,{},{}
"[1, 0, 1, 1, 1, 0, 1, 1, 1, 0, 0, 1]",101110111001,"[""101110111001""]",2,0.00048828125,False,False,,,7.90280029932835,0.3895205931146976,{},{}
"[1, 0, 1, 1, 1, 1, 0, 0, 0, 0, 1, 0]",101111000010,"[""101111000010""]",2,0.00048828125,False,False,,,7.154577644343307,0.3515167452530331,{},{}
"[1, 0, 1, 1, 1, 1, 0, 0, 0, 0, 1, 1]",101111000011,"[""101111000011""]",2,0.00048828125,False,False,,,8.568483914891843,0.42333210454291476,{},{}
"[1, 0, 1, 1, 1, 1, 0, 0, 1, 0, 0, 0]",101111001000,"[""101111001000""]",2,0.00048828125,False,False,,,7.246748795197564,0.356198317470824,{},{}
"[1, 0, 1, 1, 1, 1, 0, 0, 1, 0, 0, 1]",101111001001,"[""101111001001""]",2,0.00048828125,False,False,,,6.642820144739957,0.32552347436312623,{},{}
"[1, 0, 1, 1, 1, 1, 0, 0, 1, 0, 1, 0]",101111001010,"[""101111001010""]",2,0.00048828125,False,False,,,6.583619050026979,0.3225165226466469,{},{}
"[1, 0, 1, 1, 1, 1, 0, 0, 1, 1, 1, 0]",101111001110,"[""101111001110""]",2,0.00048828125,False,False,,,7.9946586314398465,0.39418627659157834,{},{}
"[1, 0, 1, 1, 1, 1, 0, 1, 0, 0, 1, 0]",101111010010,"[""101111010010""]",2,0.00048828125,False,False,,,6.540989346412008,0.32035126774587996,{},{}
"[1, 0, 1, 1, 1, 1, 0, 1, 1, 1, 0, 0]",101111011100,"[""101111011100""]",2,0.00048828125,False,False,,,7.9946586314398465,0.39418627659157834,{},{}
"[1, 0, 1, 1, 1, 1, 1, 0, 0, 0, 0, 1]",101111100001,"[""101111100001""]",2,0.00048828125,False,False,,,6.63939826860007,0.32534966986876174,{},{}
"[1, 0, 1, 1, 1, 1, 1, 0, 0, 0, 1, 1]",101111100011,"[""101111100011""]",2,0.00048828125,False,False,,,7.976268523429486,0.3932522032080355,{},{}
"[1, 0, 1, 1, 1, 1, 1, 0, 0, 1, 1, 0]",101111100110,"[""101111100110""]",2,0.00048828125,False,False,,,8.04603796975481,0.3967959443736825,{},{}
"[1, 0, 1, 1, 1, 1, 1, 0, 1, 1, 0, 1]",101111101101,"[""101111101101""]",2,0.00048828125,False,False,,,9.587785233169893,0.4751046243496125,{},{}
"[1, 0, 1, 1, 1, 1, 1, 1, 0, 0, 0, 1]",101111110001,"[""101111110001""]",2,0.00048828125,False,False,,,7.958433602423341,0.39234632897390675,{},{}
"[1, 1, 0, 0, 0, 0, 0, 0, 0, 0, 0, 0]",110000000000,"[""110000000000""]",2,0.00048828125,False,False,,,3.648761649295517,0.17344876399222828,{},{}
"[1, 1, 0, 0, 0, 0, 0, 0, 1, 0, 0, 0]",110000001000,"[""110000001000""]",2,0.00048828125,False,False,,,2.975608558447568,0.13925786174975865,{},{}
"[1, 1, 0, 0, 0, 0, 0, 1, 0, 0, 0, 0]",110000010000,"[""110000010000""]",2,0.00048828125,False,False,,,2.967796983118789,0.13886109493392257,{},{}
"[1, 1, 0, 0, 0, 0, 0, 1, 0, 0, 1, 1]",110000010011,"[""110000010011""]",2,0.00048828125,False,False,,,3.641575592447812,0.17308376861371907,{},{}
"[1, 1, 0, 0, 0, 0, 0, 1, 1, 0, 0, 0]",110000011000,"[""110000011000""]",2,0.00048828125,False,False,,,4.312478813276984,0.20716039508903242,{},{}
"[1, 1, 0, 0, 0, 0, 0, 1, 1, 1, 1, 0]",110000011110,"[""110000011110""]",2,0.00048828125,False,False,,,4.982817609339521,0.24120835320898706,{},{}
"[1, 1, 0, 0, 0, 0, 1, 0, 0, 0, 0, 1]",110000100001,"[""110000100001""]",2,0.00048828125,False,False,,,2.2654904111876366,0.10318942429672137,{},{}
"[1, 1, 0, 0, 0, 0, 1, 0, 0, 1, 0, 0]",110000100100,"[""110000100100""]",2,0.00048828125,False,False,,,2.3346867333821466,0.10670405524747686,{},{}
"[1, 1, 0, 0, 0, 0, 1, 0, 0, 1, 1, 1]",110000100111,"[""110000100111""]",2,0.00048828125,False,False,,,6.976758816478027,0.34248494217127967,{},{}
"[1, 1, 0, 0, 0, 0, 1, 0, 1, 1, 0, 0]",110000101100,"[""110000101100""]",2,0.00048828125,False,False,,,3.6793685635403413,0.1750033554025867,{},{}
"[1, 1, 0, 0, 0, 0, 1, 1, 0, 0, 0, 0]",110000110000,"[""110000110000""]",2,0.00048828125,False,False,,,4.276068943869218,0.20531105902787897,{},{}
"[1, 1, 0, 0, 0, 0, 1, 1, 1, 0, 1, 1]",110000111011,"[""110000111011""]",2,0.00048828125,False,False,,,8.348034146374866,0.4121349837286221,{},{}
"[1, 1, 0, 0, 0, 0, 1, 1, 1, 1, 0, 0]",110000111100,"[""110000111100""]",2,0.00048828125,False,False,,,7.016238818369756,0.34449021690531123,{},{}
"[1, 1, 0, 0, 0, 1, 0, 0, 0, 0, 1, 1]",110001000011,"[""110001000011""]",2,0.00048828125,False,False,,,3.6473415914442318,0.1733766361808403,{},{}
"[1, 1, 0, 0, 0, 1, 0, 0, 0, 1, 1, 1]",110001000111,"[""110001000111""]",2,0.00048828125,False,False,,,6.973448473200804,0.3423168026723762,{},{}
"[1, 1, 0, 0, 0, 1, 0, 0, 1, 0, 1, 0]",110001001010,"[""110001001010""]",2,0.00048828125,False,False,,,1.7679261959862131,0.07791706103701576,{},{}
"[1, 1, 0, 0, 0, 1, 0, 1, 0, 1, 0, 1]",110001010101,"[""110001010101""]",2,0.00048828125,False,False,,,2.976703446076031,0.1393134734618346,{},{}
"[1, 1, 0, 0, 0, 1, 1, 0, 0, 0, 1, 1]",110001100011,"[""110001100011""]",2,0.00048828125,False,False,,,2.973448473200805,0.13914814634547457,{},{}
"[1, 1, 0, 0, 0, 1, 1, 0, 0, 1, 0, 1]",110001100101,"[""110001100101""]",2,0.00048828125,False,False,,,3.0742460504764715,0.14426787342950062,{},{}
"[1, 1, 0, 0, 0, 1, 1, 0, 1, 0, 1, 1]",110001101011,"[""110001101011""]",2,0.00048828125,False,False,,,4.42032479989062,0.2126381261366678,{},{}
"[1, 1, 0, 0, 0, 1, 1, 1, 0, 0, 0, 1]",110001110001,"[""110001110001""]",2,0.00048828125,False,False,,,2.976703446076031,0.1393134734618346,{},{}
"[1, 1, 0, 0, 0, 1, 1, 1, 0, 1, 0, 0]",110001110100,"[""110001110100""]",2,0.00048828125,False,False,,,3.0669896621519097,0.14389930576307874,{},{}
"[1, 1, 0, 0, 0, 1, 1, 1, 1, 0, 0, 0]",110001111000,"[""110001111000""]",2,0.00048828125,False,False,,,7.115122971624157,0.34951275704249124,{},{}
"[1, 1, 0, 0, 1, 0, 0, 0, 0, 1, 1, 1]",110010000111,"[""110010000111""]",2,0.00048828125,False,False,,,7.045971414138895,0.34600039978819297,{},{}
"[1, 1, 0, 0, 1, 0, 0, 0, 1, 0, 1, 0]",110010001010,"[""110010001010""]",2,0.00048828125,False,False,,,1.7560895613988254,0.07731585275087774,{},{}
"[1, 1, 0, 0, 1, 0, 0, 0, 1, 1, 0, 0]",110010001100,"[""110010001100""]",2,0.00048828125,False,False,,,1.647818334879112,0.07181652284815879,{},{}
"[1, 1, 0, 0, 1, 0, 0, 0, 1, 1, 1, 1]",110010001111,"[""110010001111""]",2,0.00048828125,False,False,,,6.39065324429709,0.312715371779852,{},{}
"[1, 1, 0, 0, 1, 0, 0, 1, 0, 0, 0, 1]",110010010001,"[""110010010001""]",2,0.00048828125,False,False,,,1.7231195052575474,0.07564123224956625,{},{}
"[1, 1, 0, 0, 1, 0, 0, 1, 0, 0, 1, 0]",110010010010,"[""110010010010""]",2,0.00048828125,False,False,,,1.8564024718686922,0.08241096255897863,{},{}
"[1, 1, 0, 0, 1, 0, 0, 1, 1, 0, 0, 0]",110010011000,"[""110010011000""]",2,0.00048828125,False,False,,,3.7560895613988254,0.17890018091432855,{},{}
"[1, 1, 0, 0, 1, 0, 0, 1, 1, 0, 0, 1]",110010011001,"[""110010011001""]",2,0.00048828125,False,False,,,3.0678013354157425,0.1439405324046761,{},{}
"[1, 1, 0, 0, 1, 0, 0, 1, 1, 1, 0, 1]",110010011101,"[""110010011101""]",2,0.00048828125,False,False,,,4.3728183232909466,0.2102251693822725,{},{}
"[1, 1, 0, 0, 1, 0, 1, 0, 0, 0, 1, 0]",110010100010,"[""110010100010""]",2,0.00048828125,False,False,,,1.719679691991061,0.07546651668972437,{},{}
"[1, 1, 0, 0, 1, 0, 1, 0, 0, 1, 0, 0]",110010100100,"[""110010100100""]",2,0.00048828125,False,False,,,1.7197144429446296,0.07546828176586003,{},{}
"[1, 1, 0, 0, 1, 0, 1, 0, 0, 1, 0, 1]",110010100101,"[""110010100101""]",2,0.00048828125,False,False,,,3.0670960589738323,0.14390470988791562,{},{}
"[1, 1, 0, 0, 1, 0, 1, 0, 0, 1, 1, 1]",110010100111,"[""110010100111""]",2,0.00048828125,False,False,,,6.462549352362608,0.31636713069755323,{},{}
"[1, 1, 0, 0, 1, 0, 1, 0, 1, 0, 1, 0]",110010101010,"[""110010101010""]",2,0.00048828125,False,False,,,3.082196443155399,0.14467169107896286,{},{}
"[1, 1, 0, 0, 1, 0, 1, 0, 1, 1, 0, 0]",110010101100,"[""110010101100""]",2,0.00048828125,False,False,,,3.0643962731028243,0.14376758192096986,{},{}
"[1, 1, 0, 0, 1, 0, 1, 0, 1, 1, 1, 0]",110010101110,"[""110010101110""]",2,0.00048828125,False,False,,,4.4598495664916,0.21464567456715664,{},{}
"[1, 1, 0, 0, 1, 0, 1, 1, 0, 1, 0, 1]",110010110101,"[""110010110101""]",2,0.00048828125,False,False,,,4.444714431356465,0.2138769282999738,{},{}
"[1, 1, 0, 0, 1, 0, 1, 1, 0, 1, 1, 0]",110010110110,"[""110010110110""]",2,0.00048828125,False,False,,,4.542327555955323,0.21883491014112888,{},{}
"[1, 1, 0, 0, 1, 0, 1, 1, 1, 1, 0, 0]",110010111100,"[""110010111100""]",2,0.00048828125,False,False,,,6.4598495664916,0.3162300027306075,{},{}
"[1, 1, 0, 0, 1, 0, 1, 1, 1, 1, 1, 0]",110010111110,"[""110010111110""]",2,0.00048828125,False,False,,,7.922679228125804,0.39053028692794683,{},{}
"[1, 1, 0, 0, 1, 1, 0, 0, 0, 0, 1, 0]",110011000010,"[""110011000010""]",2,0.00048828125,False,False,,,3.829557785499961,0.18263179100766638,{},{}
"[1, 1, 0, 0, 1, 1, 0, 0, 1, 0, 1, 0]",110011001010,"[""110011001010""]",2,0.00048828125,False,False,,,3.2585991911836327,0.15363156840128014,{},{}
"[1, 1, 0, 0, 1, 1, 0, 1, 0, 1, 1, 0]",110011010110,"[""110011010110""]",2,0.00048828125,False,False,,,4.582824486878453,0.2208918369013828,{},{}
"[1, 1, 0, 0, 1, 1, 0, 1, 1, 0, 1, 0]",110011011010,"[""110011011010""]",2,0.00048828125,False,False,,,4.721428852817838,0.2279318525986196,{},{}
"[1, 1, 0, 0, 1, 1, 0, 1, 1, 1, 1, 1]",110011011111,"[""110011011111""]",2,0.00048828125,False,False,,,9.37708242959747,0.46440257297808246,{},{}
"[1, 1, 0, 0, 1, 1, 1, 0, 0, 0, 0, 0]",110011100000,"[""110011100000""]",2,0.00048828125,False,False,,,3.76021137386776,0.17910953668956475,{},{}
"[1, 1, 0, 0, 1, 1, 1, 0, 0, 0, 1, 0]",110011100010,"[""110011100010""]",2,0.00048828125,False,False,,,3.1378297462503912,0.14749742693817205,{},{}
"[1, 1, 0, 1, 0, 0, 0, 0, 0, 0, 1, 1]",110100000011,"[""110100000011""]",2,0.00048828125,False,False,,,3.622941740382265,0.1721373149421312,{},{}
"[1, 1, 0, 1, 0, 0, 0, 0, 0, 1, 0, 0]",110100000100,"[""110100000100""]",2,0.00048828125,False,False,,,2.4064891868301697,0.1103510572444793,{},{}
"[1, 1, 0, 1, 0, 0, 0, 0, 0, 1, 0, 1]",110100000101,"[""110100000101""]",2,0.00048828125,False,False,,,3.7149459879718605,0.17681040978191762,{},{}
"[1, 1, 0, 1, 0, 0, 0, 1, 0, 0, 1, 1]",110100010011,"[""110100010011""]",2,0.00048828125,False,False,,,3.0093534424509665,0.14097183743497807,{},{}
"[1, 1, 0, 1, 0, 0, 0, 1, 0, 1, 0, 0]",110100010100,"[""110100010100""]",2,0.00048828125,False,False,,,1.7255245206534418,0.07576338818617358,{},{}
"[1, 1, 0, 1, 0, 0, 0, 1, 0, 1, 1, 1]",110100010111,"[""110100010111""]",2,0.00048828125,False,False,,,6.4171380509886085,0.31406059242700035,{},{}
"[1, 1, 0, 1, 0, 0, 0, 1, 1, 1, 0, 1]",110100011101,"[""110100011101""]",2,0.00048828125,False,False,,,4.378663151953328,0.21052204087872176,{},{}
"[1, 1, 0, 1, 0, 0, 1, 0, 1, 0, 0, 1]",110100101001,"[""110100101001""]",2,0.00048828125,False,False,,,3.0596278181300542,0.1435253817735766,{},{}
"[1, 1, 0, 1, 0, 0, 1, 0, 1, 0, 1, 0]",110100101010,"[""110100101010""]",2,0.00048828125,False,False,,,3.0669513779364106,0.1438973612249234,{},{}
"[1, 1, 0, 1, 0, 0, 1, 0, 1, 1, 1, 1]",110100101111,"[""110100101111""]",2,0.00048828125,False,False,,,7.8914987650890245,0.38894656373323855,{},{}
"[1, 1, 0, 1, 0, 0, 1, 1, 0, 0, 0, 0]",110100110000,"[""110100110000""]",2,0.00048828125,False,False,,,3.7255245206534418,0.1773477163496244,{},{}
"[1, 1, 0, 1, 0, 0, 1, 1, 1, 0, 0, 0]",110100111000,"[""110100111000""]",2,0.00048828125,False,False,,,7.08804127181778,0.34813721890231375,{},{}
"[1, 1, 0, 1, 0, 1, 0, 0, 0, 0, 0, 1]",110101000001,"[""110101000001""]",2,0.00048828125,False,False,,,3.725311433693549,0.17733689320179385,{},{}
"[1, 1, 0, 1, 0, 1, 0, 0, 0, 0, 1, 0]",110101000010,"[""110101000010""]",2,0.00048828125,False,False,,,3.7326349934999046,0.1777088726531406,{},{}
"[1, 1, 0, 1, 0, 1, 0, 0, 1, 0, 1, 1]",110101001011,"[""110101001011""]",2,0.00048828125,False,False,,,4.470133200325266,0.2151680025841926,{},{}
"[1, 1, 0, 1, 0, 1, 0, 0, 1, 1, 0, 0]",110101001100,"[""110101001100""]",2,0.00048828125,False,False,,,3.256935619648398,0.15354707200290083,{},{}
"[1, 1, 0, 1, 0, 1, 0, 1, 0, 0, 0, 1]",110101010001,"[""110101010001""]",2,0.00048828125,False,False,,,3.04434676751682,0.14274922414348803,{},{}
"[1, 1, 0, 1, 0, 1, 0, 1, 0, 1, 1, 1]",110101010111,"[""110101010111""]",2,0.00048828125,False,False,,,7.8563779991293075,0.3871627040259367,{},{}
"[1, 1, 0, 1, 0, 1, 1, 1, 0, 0, 1, 0]",110101110010,"[""110101110010""]",2,0.00048828125,False,False,,,4.508996383100104,0.21714194774043027,{},{}
"[1, 1, 0, 1, 0, 1, 1, 1, 0, 1, 0, 1]",110101110101,"[""110101110101""]",2,0.00048828125,False,False,,,5.971476934940613,0.29142449989584573,{},{}
"[1, 1, 0, 1, 0, 1, 1, 1, 1, 0, 1, 1]",110101111011,"[""110101111011""]",2,0.00048828125,False,False,,,9.299999352943896,0.4604873567007699,{},{}
"[1, 1, 0, 1, 0, 1, 1, 1, 1, 1, 1, 0]",110101111110,"[""110101111110""]",2,0.00048828125,False,False,,,9.47521826867607,0.46938710461886046,{},{}
"[1, 1, 0, 1, 1, 0, 0, 0, 0, 0, 0, 1]",110110000001,"[""110110000001""]",2,0.00048828125,False,False,,,3.7132789828780703,0.17672573898566876,{},{}
"[1, 1, 0, 1, 1, 0, 0, 0, 0, 1, 1, 0]",110110000110,"[""110110000110""]",2,0.00048828125,False,False,,,5.169135268775284,0.25067183033837137,{},{}
"[1, 1, 0, 1, 1, 0, 0, 0, 1, 1, 0, 0]",110110001100,"[""110110001100""]",2,0.00048828125,False,False,,,3.1183638055447043,0.14650870968384366,{},{}
"[1, 1, 0, 1, 1, 0, 0, 0, 1, 1, 0, 1]",110110001101,"[""110110001101""]",2,0.00048828125,False,False,,,4.447910500567764,0.21403926357177067,{},{}
"[1, 1, 0, 1, 1, 0, 0, 1, 0, 0, 1, 0]",110110010010,"[""110110010010""]",2,0.00048828125,False,False,,,3.224180321871847,0.15188335954368848,{},{}
"[1, 1, 0, 1, 1, 0, 0, 1, 0, 1, 1, 0]",110110010110,"[""110110010110""]",2,0.00048828125,False,False,,,4.614130009403346,0.22248191213813134,{},{}
"[1, 1, 0, 1, 1, 0, 0, 1, 1, 0, 1, 0]",110110011010,"[""110110011010""]",2,0.00048828125,False,False,,,4.586697073036186,0.22108853393292702,{},{}
"[1, 1, 0, 1, 1, 0, 0, 1, 1, 0, 1, 1]",110110011011,"[""110110011011""]",2,0.00048828125,False,False,,,5.916243768059244,0.28861908782085394,{},{}
"[1, 1, 0, 1, 1, 0, 0, 1, 1, 1, 1, 0]",110110011110,"[""110110011110""]",2,0.00048828125,False,False,,,5.976646760567683,0.2916870865273698,{},{}
"[1, 1, 0, 1, 1, 0, 1, 0, 1, 0, 0, 1]",110110101001,"[""110110101001""]",2,0.00048828125,False,False,,,4.465745421573907,0.2149451378058993,{},{}
"[1, 1, 0, 1, 1, 0, 1, 0, 1, 0, 1, 1]",110110101011,"[""110110101011""]",2,0.00048828125,False,False,,,5.879033635968825,0.28672910468621465,{},{}
"[1, 1, 0, 1, 1, 0, 1, 0, 1, 1, 0, 0]",110110101100,"[""110110101100""]",2,0.00048828125,False,False,,,4.616619470549485,0.2226083572571411,{},{}
"[1, 1, 0, 1, 1, 0, 1, 1, 0, 1, 0, 1]",110110110101,"[""110110110101""]",2,0.00048828125,False,False,,,5.996937628803123,0.2927177036361449,{},{}
"[1, 1, 0, 1, 1, 1, 0, 0, 0, 1, 0, 1]",110111000101,"[""110111000101""]",2,0.00048828125,False,False,,,8.58627589275062,0.42423579760165625,{},{}
"[1, 1, 0, 1, 1, 1, 0, 0, 0, 1, 1, 0]",110111000110,"[""110111000110""]",2,0.00048828125,False,False,,,8.63434757011019,0.4266774621257873,{},{}
"[1, 1, 0, 1, 1, 1, 0, 0, 1, 0, 0, 0]",110111001000,"[""110111001000""]",2,0.00048828125,False,False,,,7.256896100992223,0.3567137210917337,{},{}
"[1, 1, 0, 1, 1, 1, 0, 0, 1, 0, 0, 1]",110111001001,"[""110111001001""]",2,0.00048828125,False,False,,,6.568607875009138,0.3217540725820812,{},{}
"[1, 1, 0, 1, 1, 1, 0, 1, 0, 0, 1, 1]",110111010011,"[""110111010011""]",2,0.00048828125,False,False,,,7.997849424348445,0.39434834386854273,{},{}
"[1, 1, 0, 1, 1, 1, 0, 1, 0, 1, 0, 0]",110111010100,"[""110111010100""]",2,0.00048828125,False,False,,,6.634347570110191,0.32509313396233647,{},{}
"[1, 1, 0, 1, 1, 1, 1, 0, 0, 0, 0, 1]",110111100001,"[""110111100001""]",2,0.00048828125,False,False,,,6.565185998869251,0.3215802680877167,{},{}
"[1, 1, 0, 1, 1, 1, 1, 0, 0, 1, 0, 1]",110111100101,"[""110111100101""]",2,0.00048828125,False,False,,,8.084531557755401,0.39875111701150284,{},{}
"[1, 1, 0, 1, 1, 1, 1, 0, 1, 0, 0, 1]",110111101001,"[""110111101001""]",2,0.00048828125,False,False,,,7.994227404552922,0.39416437364478124,{},{}
"[1, 1, 0, 1, 1, 1, 1, 0, 1, 0, 1, 0]",110111101010,"[""110111101010""]",2,0.00048828125,False,False,,,8.060134002918637,0.39751191240304107,{},{}
"[1, 1, 0, 1, 1, 1, 1, 0, 1, 0, 1, 1]",110111101011,"[""110111101011""]",2,0.00048828125,False,False,,,9.40751561894784,0.4659483405250967,{},{}
"[1, 1, 0, 1, 1, 1, 1, 1, 0, 0, 0, 0]",110111110000,"[""110111110000""]",2,0.00048828125,False,False,,,8.613257676228823,0.4256062607752987,{},{}
"[1, 1, 0, 1, 1, 1, 1, 1, 1, 0, 1, 1]",110111111011,"[""110111111011""]",2,0.00048828125,False,False,,,12.870345280582045,0.6418329528858869,{},{}
"[1, 1, 1, 0, 0, 0, 0, 0, 0, 0, 0, 1]",111000000001,"[""111000000001""]",2,0.00048828125,False,False,,,6.424595861918574,0.3144393907834457,{},{}
"[1, 1, 1, 0, 0, 0, 0, 0, 0, 1, 0, 1]",111000000101,"[""111000000101""]",2,0.00048828125,False,False,,,7.729612849793778,0.3807240277610421,{},{}
"[1, 1, 1, 0, 0, 0, 0, 0, 1, 0, 1, 0]",111000001010,"[""111000001010""]",2,0.00048828125,False,False,,,5.692241676357646,0.27724153682449665,{},{}
"[1, 1, 1, 0, 0, 0, 0, 0, 1, 1, 0, 0]",111000001100,"[""111000001100""]",2,0.00048828125,False,False,,,5.663643382278662,0.2757889675791794,{},{}
"[1, 1, 1, 0, 0, 0, 0, 0, 1, 1, 1, 1]",111000001111,"[""111000001111""]",2,0.00048828125,False,False,,,10.390075040900019,0.515854659904937,{},{}
"[1, 1, 1, 0, 0, 0, 0, 1, 0, 1, 1, 0]",111000010110,"[""111000010110""]",2,0.00048828125,False,False,,,7.042243509018585,0.345811051419641,{},{}
"[1, 1, 1, 0, 0, 0, 0, 1, 1, 0, 0, 1]",111000011001,"[""111000011001""]",2,0.00048828125,False,False,,,7.1094029197814095,0.3492222232307384,{},{}
"[1, 1, 1, 0, 0, 0, 0, 1, 1, 1, 0, 1]",111000011101,"[""111000011101""]",2,0.00048828125,False,False,,,8.414419907656614,0.4155068602083349,{},{}
"[1, 1, 1, 0, 0, 0, 1, 0, 1, 0, 0, 1]",111000101001,"[""111000101001""]",2,0.00048828125,False,False,,,7.095384573833342,0.3485102011031898,{},{}
"[1, 1, 1, 0, 0, 0, 1, 0, 1, 0, 1, 0]",111000101010,"[""111000101010""]",2,0.00048828125,False,False,,,7.01834855811422,0.3445973751525818,{},{}
"[1, 1, 1, 0, 0, 0, 1, 1, 0, 0, 0, 1]",111000110001,"[""111000110001""]",2,0.00048828125,False,False,,,7.090827971379788,0.3482787614037137,{},{}
"[1, 1, 1, 0, 0, 0, 1, 1, 0, 1, 0, 0]",111000110100,"[""111000110100""]",2,0.00048828125,False,False,,,7.075664718048821,0.34750858695251446,{},{}
"[1, 1, 1, 0, 0, 0, 1, 1, 0, 1, 0, 1]",111000110101,"[""111000110101""]",2,0.00048828125,False,False,,,8.486316015722132,0.41915861912603614,{},{}
"[1, 1, 1, 0, 0, 0, 1, 1, 1, 0, 1, 0]",111000111010,"[""111000111010""]",2,0.00048828125,False,False,,,10.443685075070436,0.5185776295569478,{},{}
"[1, 1, 1, 0, 0, 1, 0, 0, 0, 1, 0, 0]",111001000100,"[""111001000100""]",2,0.00048828125,False,False,,,5.750064068073101,0.2801784612321058,{},{}
"[1, 1, 1, 0, 0, 1, 0, 0, 0, 1, 1, 0]",111001000110,"[""111001000110""]",2,0.00048828125,False,False,,,7.048009508015005,0.3461039189867623,{},{}
"[1, 1, 1, 0, 0, 1, 0, 0, 1, 1, 0, 0]",111001001100,"[""111001001100""]",2,0.00048828125,False,False,,,5.16127055275063,0.250272364391591,{},{}
"[1, 1, 1, 0, 0, 1, 0, 0, 1, 1, 1, 0]",111001001110,"[""111001001110""]",2,0.00048828125,False,False,,,6.477050913698676,0.317103696380376,{},{}
"[1, 1, 1, 0, 0, 1, 0, 1, 1, 0, 1, 0]",111001011010,"[""111001011010""]",2,0.00048828125,False,False,,,6.594115469904461,0.3230496585273346,{},{}
"[1, 1, 1, 0, 0, 1, 0, 1, 1, 0, 1, 1]",111001011011,"[""111001011011""]",2,0.00048828125,False,False,,,7.986931846571628,0.3937938164667276,{},{}
"[1, 1, 1, 0, 0, 1, 0, 1, 1, 1, 1, 0]",111001011110,"[""111001011110""]",2,0.00048828125,False,False,,,7.9023874306548905,0.38949962262129106,{},{}
"[1, 1, 1, 0, 0, 1, 1, 0, 0, 0, 0, 0]",111001100000,"[""111001100000""]",2,0.00048828125,False,False,,,5.750064068073101,0.2801784612321058,{},{}
"[1, 1, 1, 0, 0, 1, 1, 0, 0, 0, 1, 1]",111001100011,"[""111001100011""]",2,0.00048828125,False,False,,,6.458660805688314,0.3161696229968331,{},{}
"[1, 1, 1, 0, 0, 1, 1, 0, 1, 0, 0, 1]",111001101001,"[""111001101001""]",2,0.00048828125,False,False,,,6.571921850423941,0.3219223965651127,{},{}
"[1, 1, 1, 0, 0, 1, 1, 1, 0, 1, 0, 1]",111001110101,"[""111001110101""]",2,0.00048828125,False,False,,,7.899583610668623,0.3893572105364929,{},{}
"[1, 1, 1, 0, 0, 1, 1, 1, 1, 0, 0, 0]",111001111000,"[""111001111000""]",2,0.00048828125,False,False,,,10.537065622467559,0.5233206296423837,{},{}
"[1, 1, 1, 0, 0, 1, 1, 1, 1, 1, 0, 0]",111001111100,"[""111001111100""]",2,0.00048828125,False,False,,,9.935808639685128,0.4927814863176153,{},{}
"[1, 1, 1, 0, 1, 0, 0, 0, 0, 0, 0, 0]",111010000000,"[""111010000000""]",2,0.00048828125,False,False,,,6.434642115820033,0.31494966176001526,{},{}
"[1, 1, 1, 0, 1, 0, 0, 0, 0, 1, 0, 1]",111010000101,"[""111010000101""]",2,0.00048828125,False,False,,,7.13573045323763,0.3505594556299139,{},{}
"[1, 1, 1, 0, 1, 0, 0, 1, 0, 1, 1, 0]",111010010110,"[""111010010110""]",2,0.00048828125,False,False,,,6.5655271895811556,0.32159759790233894,{},{}
"[1, 1, 1, 0, 1, 0, 1, 0, 0, 0, 1, 1]",111010100011,"[""111010100011""]",2,0.00048828125,False,False,,,6.552273640507774,0.32092442146313854,{},{}
"[1, 1, 1, 0, 1, 0, 1, 0, 0, 1, 0, 0]",111010100100,"[""111010100100""]",2,0.00048828125,False,False,,,5.120567199906662,0.2482049530152638,{},{}
"[1, 1, 1, 0, 1, 0, 1, 0, 1, 0, 0, 0]",111010101000,"[""111010101000""]",2,0.00048828125,False,False,,,7.087595906728657,0.3481145978456307,{},{}
"[1, 1, 1, 0, 1, 0, 1, 0, 1, 0, 1, 1]",111010101011,"[""111010101011""]",2,0.00048828125,False,False,,,7.914790391672113,0.3901295958523771,{},{}
"[1, 1, 1, 0, 1, 0, 1, 0, 1, 1, 0, 0]",111010101100,"[""111010101100""]",2,0.00048828125,False,False,,,6.465249030064857,0.3165042531703737,{},{}
"[1, 1, 1, 0, 1, 0, 1, 0, 1, 1, 0, 1]",111010101101,"[""111010101101""]",2,0.00048828125,False,False,,,7.8969902216195385,0.38922548669438406,{},{}
"[1, 1, 1, 0, 1, 0, 1, 1, 0, 0, 0, 0]",111010110000,"[""111010110000""]",2,0.00048828125,False,False,,,7.141622342834464,0.3508587174530677,{},{}
"[1, 1, 1, 0, 1, 0, 1, 1, 0, 1, 1, 1]",111010110111,"[""111010110111""]",2,0.00048828125,False,False,,,11.413846319359548,0.5678542186626112,{},{}
"[1, 1, 1, 0, 1, 0, 1, 1, 1, 0, 0, 1]",111010111001,"[""111010111001""]",2,0.00048828125,False,False,,,9.91804536454734,0.49187925113218794,{},{}
"[1, 1, 1, 0, 1, 0, 1, 1, 1, 0, 1, 0]",111010111010,"[""111010111010""]",2,0.00048828125,False,False,,,9.966968755633006,0.49436417603964555,{},{}
"[1, 1, 1, 0, 1, 0, 1, 1, 1, 0, 1, 1]",111010111011,"[""111010111011""]",2,0.00048828125,False,False,,,11.398709947187687,0.5670854095636559,{},{}
"[1, 1, 1, 0, 1, 0, 1, 1, 1, 1, 0, 0]",111010111100,"[""111010111100""]",2,0.00048828125,False,False,,,9.881792217335,0.4900378753304999,{},{}
"[1, 1, 1, 0, 1, 1, 0, 0, 0, 0, 1, 0]",111011000010,"[""111011000010""]",2,0.00048828125,False,False,,,7.230410542461994,0.35536846225707025,{},{}
"[1, 1, 1, 0, 1, 1, 0, 0, 0, 0, 1, 1]",111011000011,"[""111011000011""]",2,0.00048828125,False,False,,,8.644316813010532,0.42718382154695195,{},{}
"[1, 1, 1, 0, 1, 1, 0, 0, 1, 0, 0, 0]",111011001000,"[""111011001000""]",2,0.00048828125,False,False,,,7.263998654756892,0.3570744751679481,{},{}
"[1, 1, 1, 0, 1, 1, 0, 0, 1, 0, 0, 1]",111011001001,"[""111011001001""]",2,0.00048828125,False,False,,,6.660070004299285,0.3263996320602503,{},{}
"[1, 1, 1, 0, 1, 1, 0, 1, 0, 1, 0, 0]",111011010100,"[""111011010100""]",2,0.00048828125,False,False,,,6.559772397093794,0.3213052995380646,{},{}
"[1, 1, 1, 0, 1, 1, 0, 1, 1, 0, 0, 0]",111011011000,"[""111011011000""]",2,0.00048828125,False,False,,,8.680541842027036,0.42902376916462354,{},{}
"[1, 1, 1, 0, 1, 1, 0, 1, 1, 1, 0, 0]",111011011100,"[""111011011100""]",2,0.00048828125,False,False,,,7.988813802777465,0.39388940509512915,{},{}
"[1, 1, 1, 0, 1, 1, 0, 1, 1, 1, 0, 1]",111011011101,"[""111011011101""]",2,0.00048828125,False,False,,,9.402720073326003,0.4657047643850109,{},{}
"[1, 1, 1, 0, 1, 1, 1, 0, 0, 1, 1, 0]",111011100110,"[""111011100110""]",2,0.00048828125,False,False,,,7.937425520429993,0.39127928302625825,{},{}
"[1, 1, 1, 0, 1, 1, 1, 0, 1, 0, 0, 1]",111011101001,"[""111011101001""]",2,0.00048828125,False,False,,,8.004011807062003,0.39466134462246416,{},{}
"[1, 1, 1, 0, 1, 1, 1, 0, 1, 0, 1, 1]",111011101011,"[""111011101011""]",2,0.00048828125,False,False,,,9.41730002145692,0.4664453115027795,{},{}
"[1, 1, 1, 0, 1, 1, 1, 1, 0, 0, 1, 0]",111011110010,"[""111011110010""]",2,0.00048828125,False,False,,,8.004767137721855,0.39469970950127525,{},{}
"[1, 1, 1, 1, 0, 0, 0, 0, 0, 1, 0, 0]",111100000100,"[""111100000100""]",2,0.00048828125,False,False,,,5.833314296986411,0.28440692051891187,{},{}
"[1, 1, 1, 1, 0, 0, 0, 0, 1, 0, 0, 1]",111100001001,"[""111100001001""]",2,0.00048828125,False,False,,,5.145192974267988,0.2494557493872638,{},{}
"[1, 1, 1, 1, 0, 0, 0, 0, 1, 1, 0, 0]",111100001100,"[""111100001100""]",2,0.00048828125,False,False,,,5.160161206138463,0.2502160182764423,{},{}
"[1, 1, 1, 1, 0, 0, 0, 0, 1, 1, 0, 1]",111100001101,"[""111100001101""]",2,0.00048828125,False,False,,,6.552977582805631,0.32096017621583534,{},{}
"[1, 1, 1, 1, 0, 0, 0, 1, 0, 0, 1, 1]",111100010011,"[""111100010011""]",2,0.00048828125,False,False,,,6.541628022014055,0.3203837074618541,{},{}
"[1, 1, 1, 1, 0, 0, 1, 0, 0, 1, 0, 1]",111100100101,"[""111100100101""]",2,0.00048828125,False,False,,,6.72438633865836,0.32966639786815155,{},{}
"[1, 1, 1, 1, 0, 0, 1, 0, 1, 0, 1, 0]",111100101010,"[""111100101010""]",2,0.00048828125,False,False,,,6.493776488092652,0.317953224499356,{},{}
"[1, 1, 1, 1, 0, 0, 1, 0, 1, 1, 0, 0]",111100101100,"[""111100101100""]",2,0.00048828125,False,False,,,6.658416871143244,0.3263156658497397,{},{}
"[1, 1, 1, 1, 0, 0, 1, 0, 1, 1, 1, 1]",111100101111,"[""111100101111""]",2,0.00048828125,False,False,,,11.402683450770745,0.567287232409626,{},{}
"[1, 1, 1, 1, 0, 0, 1, 1, 0, 0, 0, 1]",111100110001,"[""111100110001""]",2,0.00048828125,False,False,,,6.56625590135822,0.3216346107504879,{},{}
"[1, 1, 1, 1, 0, 0, 1, 1, 1, 0, 0, 0]",111100111000,"[""111100111000""]",2,0.00048828125,False,False,,,10.53595627585539,0.523264283527235,{},{}
"[1, 1, 1, 1, 0, 0, 1, 1, 1, 0, 0, 1]",111100111001,"[""111100111001""]",2,0.00048828125,False,False,,,9.928772652522559,0.4924241133031772,{},{}
"[1, 1, 1, 1, 0, 0, 1, 1, 1, 1, 0, 0]",111100111100,"[""111100111100""]",2,0.00048828125,False,False,,,10.01637701985403,0.49687372870295304,{},{}
"[1, 1, 1, 1, 0, 1, 0, 0, 0, 0, 0, 0]",111101000000,"[""111101000000""]",2,0.00048828125,False,False,,,7.861514663714243,0.3874236063363676,{},{}
"[1, 1, 1, 1, 0, 1, 0, 0, 0, 1, 0, 0]",111101000100,"[""111101000100""]",2,0.00048828125,False,False,,,7.27255424512711,0.35750903211784824,{},{}
"[1, 1, 1, 1, 0, 1, 0, 0, 0, 1, 1, 1]",111101000111,"[""111101000111""]",2,0.00048828125,False,False,,,11.981150982742324,0.5966688502094771,{},{}
"[1, 1, 1, 1, 0, 1, 0, 0, 1, 0, 0, 0]",111101001000,"[""111101001000""]",2,0.00048828125,False,False,,,7.2727211483917715,0.3575175094958527,{},{}
"[1, 1, 1, 1, 0, 1, 0, 0, 1, 0, 0, 1]",111101001001,"[""111101001001""]",2,0.00048828125,False,False,,,6.647702604052796,0.3257714650376663,{},{}
"[1, 1, 1, 1, 0, 1, 0, 0, 1, 1, 0, 0]",111101001100,"[""111101001100""]",2,0.00048828125,False,False,,,6.68376072980464,0.3276029352773334,{},{}
"[1, 1, 1, 1, 0, 1, 0, 0, 1, 1, 1, 1]",111101001111,"[""111101001111""]",2,0.00048828125,False,False,,,11.410192388425996,0.5676686276030909,{},{}
"[1, 1, 1, 1, 0, 1, 0, 1, 1, 0, 0, 1]",111101011001,"[""111101011001""]",2,0.00048828125,False,False,,,8.00566275276358,0.39474519972742866,{},{}
"[1, 1, 1, 1, 0, 1, 0, 1, 1, 0, 1, 0]",111101011010,"[""111101011010""]",2,0.00048828125,False,False,,,8.013838026296032,0.39516043956210195,{},{}
"[1, 1, 1, 1, 0, 1, 0, 1, 1, 1, 0, 0]",111101011100,"[""111101011100""]",2,0.00048828125,False,False,,,8.041720878515424,0.3965766699670958,{},{}
"[1, 1, 1, 1, 0, 1, 0, 1, 1, 1, 1, 1]",111101011111,"[""111101011111""]",2,0.00048828125,False,False,,,12.835528905382212,0.6400645538440061,{},{}
"[1, 1, 1, 1, 0, 1, 1, 0, 0, 0, 0, 1]",111101100001,"[""111101100001""]",2,0.00048828125,False,False,,,6.644280727912909,0.3255976605433018,{},{}
"[1, 1, 1, 1, 0, 1, 1, 0, 0, 1, 1, 1]",111101100111,"[""111101100111""]",2,0.00048828125,False,False,,,11.479406647747105,0.5711841696193238,{},{}
"[1, 1, 1, 1, 0, 1, 1, 0, 1, 0, 1, 1]",111101101011,"[""111101101011""]",2,0.00048828125,False,False,,,9.40693741555077,0.46591897232328006,{},{}
"[1, 1, 1, 1, 0, 1, 1, 1, 0, 1, 0, 0]",111101110100,"[""111101110100""]",2,0.00048828125,False,False,,,8.09310021683039,0.39918633774920004,{},{}
"[1, 1, 1, 1, 0, 1, 1, 1, 0, 1, 0, 1]",111101110101,"[""111101110101""]",2,0.00048828125,False,False,,,9.5037515145037,0.47083636992272165,{},{}
"[1, 1, 1, 1, 0, 1, 1, 1, 1, 0, 0, 0]",111101111000,"[""111101111000""]",2,0.00048828125,False,False,,,12.038465905640198,0.5995799991776374,{},{}
"[1, 1, 1, 1, 0, 1, 1, 1, 1, 1, 0, 0]",111101111100,"[""111101111100""]",2,0.00048828125,False,False,,,11.539976543520204,0.574260645703844,{},{}
"[1, 1, 1, 1, 0, 1, 1, 1, 1, 1, 1, 0]",111101111110,"[""111101111110""]",2,0.00048828125,False,False,,,12.923133272713683,0.6445141692437818,{},{}
"[1, 1, 1, 1, 1, 0, 0, 0, 0, 1, 1, 0]",111110000110,"[""111110000110""]",2,0.00048828125,False,False,,,8.595960378931526,0.424727693612804,{},{}
"[1, 1, 1, 1, 1, 0, 0, 0, 1, 1, 0, 0]",111110001100,"[""111110001100""]",2,0.00048828125,False,False,,,6.545188915700946,0.32056457295827623,{},{}
"[1, 1, 1, 1, 1, 0, 0, 0, 1, 1, 1, 0]",111110001110,"[""111110001110""]",2,0.00048828125,False,False,,,7.940642209089721,0.391442665604463,{},{}
"[1, 1, 1, 1, 1, 0, 0, 1, 0, 0, 0, 0]",111110010000,"[""111110010000""]",2,0.00048828125,False,False,,,7.227100585281396,0.3552003423688498,{},{}
"[1, 1, 1, 1, 1, 0, 0, 1, 0, 0, 1, 0]",111110010010,"[""111110010010""]",2,0.00048828125,False,False,,,6.672095325909458,0.32701042416860976,{},{}
"[1, 1, 1, 1, 1, 0, 0, 1, 0, 1, 0, 0]",111110010100,"[""111110010100""]",2,0.00048828125,False,False,,,6.617050272812894,0.3242145667998418,{},{}
"[1, 1, 1, 1, 1, 0, 0, 1, 0, 1, 1, 1]",111110010111,"[""111110010111""]",2,0.00048828125,False,False,,,11.493786204995637,0.5719145384505138,{},{}
"[1, 1, 1, 1, 1, 0, 0, 1, 1, 0, 1, 0]",111110011010,"[""111110011010""]",2,0.00048828125,False,False,,,8.034612077073795,0.3962155985578482,{},{}
"[1, 1, 1, 1, 1, 0, 0, 1, 1, 1, 0, 1]",111110011101,"[""111110011101""]",2,0.00048828125,False,False,,,9.375638373519624,0.4643292262448333,{},{}
"[1, 1, 1, 1, 1, 0, 1, 0, 0, 0, 1, 0]",111110100010,"[""111110100010""]",2,0.00048828125,False,False,,,6.595960378931525,0.3231433654493531,{},{}
"[1, 1, 1, 1, 1, 0, 1, 0, 1, 0, 0, 1]",111110101001,"[""111110101001""]",2,0.00048828125,False,False,,,7.976930107255625,0.39328580648228656,{},{}
"[1, 1, 1, 1, 1, 0, 1, 0, 1, 1, 1, 0]",111110101110,"[""111110101110""]",2,0.00048828125,False,False,,,9.4388978740945,0.4675423131777604,{},{}
"[1, 1, 1, 1, 1, 0, 1, 1, 0, 0, 0, 0]",111110110000,"[""111110110000""]",2,0.00048828125,False,False,,,8.617050272812893,0.42579889496329254,{},{}
"[1, 1, 1, 1, 1, 0, 1, 1, 1, 0, 1, 1]",111110111011,"[""111110111011""]",2,0.00048828125,False,False,,,12.874137877166119,0.6420255870738809,{},{}
"[1, 1, 1, 1, 1, 1, 0, 0, 0, 0, 0, 1]",111111000001,"[""111111000001""]",2,0.00048828125,False,False,,,10.668586076013327,0.5300008380989834,{},{}
"[1, 1, 1, 1, 1, 1, 0, 0, 0, 1, 0, 0]",111111000100,"[""111111000100""]",2,0.00048828125,False,False,,,10.683554307883803,0.5307611069881618,{},{}
"[1, 1, 1, 1, 1, 1, 0, 0, 0, 1, 0, 1]",111111000101,"[""111111000101""]",2,0.00048828125,False,False,,,12.09746057843234,0.6025764662780436,{},{}
"[1, 1, 1, 1, 1, 1, 0, 0, 1, 1, 0, 1]",111111001101,"[""111111001101""]",2,0.00048828125,False,False,,,11.508667063109868,0.5726703694375287,{},{}
"[1, 1, 1, 1, 1, 1, 0, 1, 0, 1, 1, 0]",111111010110,"[""111111010110""]",2,0.00048828125,False,False,,,11.527257314775865,0.5736146085504685,{},{}
"[1, 1, 1, 1, 1, 1, 0, 1, 1, 0, 0, 0]",111111011000,"[""111111011000""]",2,0.00048828125,False,False,,,12.100264398418606,0.6027188783628417,{},{}
"[1, 1, 1, 1, 1, 1, 1, 0, 0, 0, 1, 1]",111111100011,"[""111111100011""]",2,0.00048828125,False,False,,,11.471823977939744,0.5707990294102907,{},{}
"[1, 1, 1, 1, 1, 1, 1, 0, 0, 1, 1, 1]",111111100111,"[""111111100111""]",2,0.00048828125,False,False,,,14.991169536825893,0.7495542064975277,{},{}
"[1, 1, 1, 1, 1, 1, 1, 0, 1, 0, 1, 1]",111111101011,"[""111111101011""]",2,0.00048828125,False,False,,,12.918700304629557,0.6442890092014839,{},{}
"[1, 1, 1, 1, 1, 1, 1, 1, 1, 0, 0, 0]",111111111000,"[""111111111000""]",2,0.00048828125,False,False,,,15.508049006956249,0.775807633354864,{},{}
"[1, 1, 1, 1, 1, 1, 1, 1, 1, 0, 1, 1]",111111111011,"[""111111111011""]",2,0.00048828125,False,False,,,16.402619860145137,0.8212448229127631,{},{}
"[0, 0, 0, 0, 0, 0, 0, 0, 0, 1, 1, 0]",000000000110,"[""000000000110""]",1,0.000244140625,False,False,,,3.560153076889476,0.1689481428435332,{},{}
"[0, 0, 0, 0, 0, 0, 0, 0, 1, 0, 0, 0]",000000001000,"[""000000001000""]",1,0.000244140625,False,False,,,2.4210433506896223,0.11109029472330094,{},{}
"[0, 0, 0, 0, 0, 0, 0, 0, 1, 0, 1, 0]",000000001010,"[""000000001010""]",1,0.000244140625,False,False,,,1.6782406730783088,0.07336173924172214,{},{}
"[0, 0, 0, 0, 0, 0, 0, 0, 1, 1, 1, 1]",000000001111,"[""000000001111""]",1,0.000244140625,False,False,,,6.2100367353141355,0.30354146841972135,{},{}
"[0, 0, 0, 0, 0, 0, 0, 1, 0, 0, 1, 0]",000000010010,"[""000000010010""]",1,0.000244140625,False,False,,,1.661387506429457,0.07250573043599699,{},{}
"[0, 0, 0, 0, 0, 0, 0, 1, 0, 1, 0, 1]",000000010101,"[""000000010101""]",1,0.000244140625,False,False,,,2.8686098780311666,0.13382316721752072,{},{}
"[0, 0, 0, 0, 0, 0, 0, 1, 0, 1, 1, 1]",000000010111,"[""000000010111""]",1,0.000244140625,False,False,,,6.193183568665283,0.3026854596139962,{},{}
"[0, 0, 0, 0, 0, 0, 0, 1, 1, 0, 0, 1]",000000011001,"[""000000011001""]",1,0.000244140625,False,False,,,2.968862553213856,0.1389152175450318,{},{}
"[0, 0, 0, 0, 0, 0, 0, 1, 1, 0, 1, 1]",000000011011,"[""000000011011""]",1,0.000244140625,False,False,,,4.311271164854116,0.20709905601218506,{},{}
"[0, 0, 0, 0, 0, 0, 0, 1, 1, 1, 0, 1]",000000011101,"[""000000011101""]",1,0.000244140625,False,False,,,4.192201814307992,0.20105126602214188,{},{}
"[0, 0, 0, 0, 0, 0, 0, 1, 1, 1, 1, 0]",000000011110,"[""000000011110""]",1,0.000244140625,False,False,,,4.208318703800419,0.20186987771772824,{},{}
"[0, 0, 0, 0, 0, 0, 0, 1, 1, 1, 1, 1]",000000011111,"[""000000011111""]",1,0.000244140625,False,False,,,7.5346104259482525,0.370819432652746,{},{}
"[0, 0, 0, 0, 0, 0, 1, 0, 0, 0, 0, 1]",000000100001,"[""000000100001""]",1,0.000244140625,False,False,,,1.6292474766486227,0.07087326876977731,{},{}
"[0, 0, 0, 0, 0, 0, 1, 0, 0, 0, 1, 1]",000000100011,"[""000000100011""]",1,0.000244140625,False,False,,,2.88644479903731,0.13472904145164935,{},{}
"[0, 0, 0, 0, 0, 0, 1, 0, 0, 1, 1, 1]",000000100111,"[""000000100111""]",1,0.000244140625,False,False,,,6.200255116598585,0.3030446388369362,{},{}
"[0, 0, 0, 0, 0, 0, 1, 0, 1, 0, 0, 0]",000000101000,"[""000000101000""]",1,0.000244140625,False,False,,,3.644382611783758,0.173226343200411,{},{}
"[0, 0, 0, 0, 0, 0, 1, 0, 1, 0, 1, 0]",000000101010,"[""000000101010""]",1,0.000244140625,False,False,,,2.901579934172445,0.13549778771883222,{},{}
"[0, 0, 0, 0, 0, 0, 1, 0, 1, 1, 0, 0]",000000101100,"[""000000101100""]",1,0.000244140625,False,False,,,2.9403580083388894,0.13746741002466759,{},{}
"[0, 0, 0, 0, 0, 0, 1, 0, 1, 1, 1, 1]",000000101111,"[""000000101111""]",1,0.000244140625,False,False,,,7.541681973881554,0.371178611875686,{},{}
"[0, 0, 0, 0, 0, 0, 1, 1, 0, 1, 1, 0]",000000110110,"[""000000110110""]",1,0.000244140625,False,False,,,4.162867243072581,0.19956129966668582,{},{}
"[0, 0, 0, 0, 0, 0, 1, 1, 0, 1, 1, 1]",000000110111,"[""000000110111""]",1,0.000244140625,False,False,,,7.506993886226559,0.36941672883583226,{},{}
"[0, 0, 0, 0, 0, 0, 1, 1, 1, 0, 0, 1]",000000111001,"[""000000111001""]",1,0.000244140625,False,False,,,6.2100367353141355,0.30354146841972135,{},{}
"[0, 0, 0, 0, 0, 0, 1, 1, 1, 0, 1, 0]",000000111010,"[""000000111010""]",1,0.000244140625,False,False,,,6.226153624806562,0.3043600801153077,{},{}
"[0, 0, 0, 0, 0, 0, 1, 1, 1, 1, 0, 0]",000000111100,"[""000000111100""]",1,0.000244140625,False,False,,,6.197555330727577,0.30290751086999046,{},{}
"[0, 0, 0, 0, 0, 0, 1, 1, 1, 1, 1, 0]",000000111110,"[""000000111110""]",1,0.000244140625,False,False,,,7.522129021361694,0.37018547510301514,{},{}
"[0, 0, 0, 0, 0, 1, 0, 0, 0, 0, 0, 0]",000001000000,"[""000001000000""]",1,0.000244140625,False,False,,,2.4814916832898533,0.11416059635119859,{},{}
"[0, 0, 0, 0, 0, 1, 0, 0, 0, 0, 1, 0]",000001000010,"[""000001000010""]",1,0.000244140625,False,False,,,1.7208540846723968,0.07552616663549115,{},{}
"[0, 0, 0, 0, 0, 1, 0, 0, 0, 1, 1, 1]",000001000111,"[""000001000111""]",1,0.000244140625,False,False,,,6.273740040789593,0.30677709716397905,{},{}
"[0, 0, 0, 0, 0, 1, 0, 0, 1, 0, 0, 0]",000001001000,"[""000001001000""]",1,0.000244140625,False,False,,,1.8716082740860127,0.08318329816019504,{},{}
"[0, 0, 0, 0, 0, 1, 0, 0, 1, 0, 0, 1]",000001001001,"[""000001001001""]",1,0.000244140625,False,False,,,1.1622301542215596,0.04715244830005386,{},{}
"[0, 0, 0, 0, 0, 1, 0, 0, 1, 0, 1, 0]",000001001010,"[""000001001010""]",1,0.000244140625,False,False,,,1.1288055964746995,0.04545474267861624,{},{}
"[0, 0, 0, 0, 0, 1, 0, 0, 1, 0, 1, 1]",000001001011,"[""000001001011""]",1,0.000244140625,False,False,,,2.43726239761639,0.11191409521605454,{},{}
"[0, 0, 0, 0, 0, 1, 0, 0, 1, 1, 0, 0]",000001001100,"[""000001001100""]",1,0.000244140625,False,False,,,1.0982025080553743,0.04390034559021433,{},{}
"[0, 0, 0, 0, 0, 1, 0, 0, 1, 1, 1, 0]",000001001110,"[""000001001110""]",1,0.000244140625,False,False,,,2.3553998304440613,0.10775611827208634,{},{}
"[0, 0, 0, 0, 0, 1, 0, 0, 1, 1, 1, 1]",000001001111,"[""000001001111""]",1,0.000244140625,False,False,,,5.681691552591895,0.2767056732071041,{},{}
"[0, 0, 0, 0, 0, 1, 0, 1, 0, 0, 0, 1]",000001010001,"[""000001010001""]",1,0.000244140625,False,False,,,1.0114759648079437,0.039495316775349974,{},{}
"[0, 0, 0, 0, 0, 1, 0, 1, 0, 1, 1, 0]",000001010110,"[""000001010110""]",1,0.000244140625,False,False,,,2.2541870882697324,0.10261530406440646,{},{}
"[0, 0, 0, 0, 0, 1, 0, 1, 0, 1, 1, 1]",000001010111,"[""000001010111""]",1,0.000244140625,False,False,,,5.580478810417567,0.2715648589994243,{},{}
"[0, 0, 0, 0, 0, 1, 0, 1, 1, 0, 0, 1]",000001011001,"[""000001011001""]",1,0.000244140625,False,False,,,2.4194274766102466,0.11100822098192588,{},{}
"[0, 0, 0, 0, 0, 1, 0, 1, 1, 1, 0, 1]",000001011101,"[""000001011101""]",1,0.000244140625,False,False,,,3.663856631585752,0.17421547080952465,{},{}
"[0, 0, 0, 0, 0, 1, 0, 1, 1, 1, 1, 1]",000001011111,"[""000001011111""]",1,0.000244140625,False,False,,,7.006265243226012,0.3439836374401288,{},{}
"[0, 0, 0, 0, 0, 1, 1, 0, 0, 0, 0, 1]",000001100001,"[""000001100001""]",1,0.000244140625,False,False,,,0.9954528245195362,0.03868146680471667,{},{}
"[0, 0, 0, 0, 0, 1, 1, 0, 0, 0, 1, 0]",000001100010,"[""000001100010""]",1,0.000244140625,False,False,,,0.9263584247603895,0.035172012715021767,{},{}
"[0, 0, 0, 0, 0, 1, 1, 0, 0, 1, 0, 0]",000001100100,"[""000001100100""]",1,0.000244140625,False,False,,,1.0040613138143468,0.03911871060547447,{},{}
"[0, 0, 0, 0, 0, 1, 1, 0, 1, 0, 0, 1]",000001101001,"[""000001101001""]",1,0.000244140625,False,False,,,2.403404336321839,0.11019437101129258,{},{}
"[0, 0, 0, 0, 0, 1, 1, 0, 1, 0, 1, 0]",000001101010,"[""000001101010""]",1,0.000244140625,False,False,,,2.3521448575688355,0.10759079115572631,{},{}
"[0, 0, 0, 0, 0, 1, 1, 0, 1, 1, 1, 0]",000001101110,"[""000001101110""]",1,0.000244140625,False,False,,,3.6692101480053365,0.1744873874939224,{},{}
"[0, 0, 0, 0, 0, 1, 1, 1, 0, 0, 1, 1]",000001110011,"[""000001110011""]",1,0.000244140625,False,False,,,3.559388916536197,0.1689093294854847,{},{}
"[0, 0, 0, 0, 0, 1, 1, 1, 0, 1, 0, 0]",000001110100,"[""000001110100""]",1,0.000244140625,False,False,,,2.24342371519689,0.10206860905321782,{},{}
"[0, 0, 0, 0, 0, 1, 1, 1, 0, 1, 1, 1]",000001110111,"[""000001110111""]",1,0.000244140625,False,False,,,6.894289127978841,0.33829612822126026,{},{}
"[0, 0, 0, 0, 0, 1, 1, 1, 1, 0, 0, 1]",000001111001,"[""000001111001""]",1,0.000244140625,False,False,,,5.660601658710526,0.27563447185661544,{},{}
"[0, 0, 0, 0, 0, 1, 1, 1, 1, 1, 1, 0]",000001111110,"[""000001111110""]",1,0.000244140625,False,False,,,6.9937838386394535,0.3433496798903979,{},{}
"[0, 0, 0, 0, 0, 1, 1, 1, 1, 1, 1, 1]",000001111111,"[""000001111111""]",1,0.000244140625,False,False,,,10.337910481793429,0.5132051090595442,{},{}
"[0, 0, 0, 0, 1, 0, 0, 0, 0, 0, 0, 1]",000010000001,"[""000010000001""]",1,0.000244140625,False,False,,,1.7139080402646631,0.07517336200821459,{},{}
"[0, 0, 0, 0, 1, 0, 0, 0, 0, 0, 1, 0]",000010000010,"[""000010000010""]",1,0.000244140625,False,False,,,1.721231600071019,0.07554534145956135,{},{}
"[0, 0, 0, 0, 1, 0, 0, 0, 0, 0, 1, 1]",000010000011,"[""000010000011""]",1,0.000244140625,False,False,,,3.0507782950940787,0.14307589534748832,{},{}
"[0, 0, 0, 0, 1, 0, 0, 0, 0, 1, 1, 0]",000010000110,"[""000010000110""]",1,0.000244140625,False,False,,,2.926735940159012,0.1367755157025428,{},{}
"[0, 0, 0, 0, 1, 0, 0, 0, 0, 1, 1, 1]",000010000111,"[""000010000111""]",1,0.000244140625,False,False,,,6.274117556188214,0.3067962719880492,{},{}
"[0, 0, 0, 0, 1, 0, 0, 0, 1, 0, 0, 1]",000010001001,"[""000010001001""]",1,0.000244140625,False,False,,,1.0196650555353455,0.0399112584152563,{},{}
"[0, 0, 0, 0, 1, 0, 0, 0, 1, 1, 0, 1]",000010001101,"[""000010001101""]",1,0.000244140625,False,False,,,2.2430043166294813,0.10204730689236637,{},{}
"[0, 0, 0, 0, 1, 0, 0, 0, 1, 1, 1, 0]",000010001110,"[""000010001110""]",1,0.000244140625,False,False,,,2.2503278764358368,0.1024192863437131,{},{}
"[0, 0, 0, 0, 1, 0, 0, 0, 1, 1, 1, 1]",000010001111,"[""000010001111""]",1,0.000244140625,False,False,,,5.59770949246504,0.27244004262921956,{},{}
"[0, 0, 0, 0, 1, 0, 0, 1, 0, 0, 0, 1]",000010010001,"[""000010010001""]",1,0.000244140625,False,False,,,1.011853480206566,0.03951449159942017,{},{}
"[0, 0, 0, 0, 1, 0, 0, 1, 0, 0, 1, 0]",000010010010,"[""000010010010""]",1,0.000244140625,False,False,,,1.0865534082583517,0.043308662601919554,{},{}
"[0, 0, 0, 0, 1, 0, 0, 1, 0, 1, 0, 0]",000010010100,"[""000010010100""]",1,0.000244140625,False,False,,,0.9056460462776424,0.03411998618860328,{},{}
"[0, 0, 0, 0, 1, 0, 1, 0, 0, 0, 0, 1]",000010100001,"[""000010100001""]",1,0.000244140625,False,False,,,0.9372473013587992,0.03572508232187385,{},{}
"[0, 0, 0, 0, 1, 0, 1, 0, 0, 0, 1, 0]",000010100010,"[""000010100010""]",1,0.000244140625,False,False,,,0.9267359401590117,0.03519118753909196,{},{}
"[0, 0, 0, 0, 1, 0, 1, 0, 0, 1, 1, 1]",000010100111,"[""000010100111""]",1,0.000244140625,False,False,,,5.587927873749489,0.27194321304643443,{},{}
"[0, 0, 0, 0, 1, 0, 1, 0, 1, 0, 0, 0]",000010101000,"[""000010101000""]",1,0.000244140625,False,False,,,2.931292542612565,0.13700695540201885,{},{}
"[0, 0, 0, 0, 1, 0, 1, 0, 1, 0, 0, 1]",000010101001,"[""000010101001""]",1,0.000244140625,False,False,,,2.2608392376356248,0.10295318112649501,{},{}
"[0, 0, 0, 0, 1, 0, 1, 0, 1, 1, 1, 1]",000010101111,"[""000010101111""]",1,0.000244140625,False,False,,,6.9293547310324595,0.3400771860851843,{},{}
"[0, 0, 0, 0, 1, 0, 1, 1, 0, 0, 1, 0]",000010110010,"[""000010110010""]",1,0.000244140625,False,False,,,2.2920577483463447,0.10453883684490099,{},{}
"[0, 0, 0, 0, 1, 0, 1, 1, 0, 1, 0, 1]",000010110101,"[""000010110101""]",1,0.000244140625,False,False,,,3.5490030588619765,0.16838180929836627,{},{}
"[0, 0, 0, 0, 1, 0, 1, 1, 0, 1, 1, 0]",000010110110,"[""000010110110""]",1,0.000244140625,False,False,,,3.588033144901476,0.17036423183260838,{},{}
"[0, 0, 0, 0, 1, 0, 1, 1, 1, 0, 1, 0]",000010111010,"[""000010111010""]",1,0.000244140625,False,False,,,5.651319526635457,0.2751630122812303,{},{}
"[0, 0, 0, 0, 1, 0, 1, 1, 1, 1, 1, 1]",000010111111,"[""000010111111""]",1,0.000244140625,False,False,,,10.312511460225934,0.5119150377885727,{},{}
"[0, 0, 0, 0, 1, 1, 0, 0, 0, 0, 0, 1]",000011000001,"[""000011000001""]",1,0.000244140625,False,False,,,3.106085741329785,0.14588508023163352,{},{}
"[0, 0, 0, 0, 1, 1, 0, 0, 0, 0, 1, 0]",000011000010,"[""000011000010""]",1,0.000244140625,False,False,,,3.113409301136141,0.14625705968298028,{},{}
"[0, 0, 0, 0, 1, 1, 0, 0, 1, 0, 0, 1]",000011001001,"[""000011001001""]",1,0.000244140625,False,False,,,2.4962023321259443,0.11490778204062996,{},{}
"[0, 0, 0, 0, 1, 1, 0, 0, 1, 1, 0, 0]",000011001100,"[""000011001100""]",1,0.000244140625,False,False,,,2.4110847920783898,0.11058447798030174,{},{}
"[0, 0, 0, 0, 1, 1, 0, 0, 1, 1, 0, 1]",000011001101,"[""000011001101""]",1,0.000244140625,False,False,,,3.7406314871014503,0.17811503186822877,{},{}
"[0, 0, 0, 0, 1, 1, 0, 1, 0, 0, 0, 1]",000011010001,"[""000011010001""]",1,0.000244140625,False,False,,,2.404031181271688,0.11022620982283912,{},{}
"[0, 0, 0, 0, 1, 1, 0, 1, 0, 1, 0, 0]",000011010100,"[""000011010100""]",1,0.000244140625,False,False,,,2.3189136412241336,0.1059029057625109,{},{}
"[0, 0, 0, 0, 1, 1, 0, 1, 1, 1, 0, 0]",000011011100,"[""000011011100""]",1,0.000244140625,False,False,,,3.726865153026436,0.1774158099690868,{},{}
"[0, 0, 0, 0, 1, 1, 0, 1, 1, 1, 1, 1]",000011011111,"[""000011011111""]",1,0.000244140625,False,False,,,8.478493392130485,0.41876129114501964,{},{}
"[0, 0, 0, 0, 1, 1, 1, 0, 0, 0, 1, 0]",000011100010,"[""000011100010""]",1,0.000244140625,False,False,,,2.3189136412241336,0.1059029057625109,{},{}
"[0, 0, 0, 0, 1, 1, 1, 0, 1, 1, 0, 0]",000011101100,"[""000011101100""]",1,0.000244140625,False,False,,,3.7248951096396654,0.17731574720213783,{},{}
"[0, 0, 0, 0, 1, 1, 1, 0, 1, 1, 0, 1]",000011101101,"[""000011101101""]",1,0.000244140625,False,False,,,5.072276725668869,0.24575217532419344,{},{}
"[0, 0, 0, 0, 1, 1, 1, 1, 0, 0, 0, 0]",000011110000,"[""000011110000""]",1,0.000244140625,False,False,,,4.297823747342764,0.206416032575473,{},{}
"[0, 0, 0, 0, 1, 1, 1, 1, 0, 0, 0, 1]",000011110001,"[""000011110001""]",1,0.000244140625,False,False,,,3.6273704423658235,0.17236225829994917,{},{}
"[0, 0, 0, 0, 1, 1, 1, 1, 0, 0, 1, 1]",000011110011,"[""000011110011""]",1,0.000244140625,False,False,,,5.03161706544067,0.24368698319037557,{},{}
"[0, 0, 0, 0, 1, 1, 1, 1, 0, 1, 1, 1]",000011110111,"[""000011110111""]",1,0.000244140625,False,False,,,8.366517276883314,0.41307378192615113,{},{}
"[0, 0, 0, 0, 1, 1, 1, 1, 1, 0, 0, 1]",000011111001,"[""000011111001""]",1,0.000244140625,False,False,,,7.05315687517427,0.3463653649041046,{},{}
"[0, 0, 0, 0, 1, 1, 1, 1, 1, 0, 1, 0]",000011111010,"[""000011111010""]",1,0.000244140625,False,False,,,7.127856803226056,0.350159535906604,{},{}
"[0, 0, 0, 0, 1, 1, 1, 1, 1, 1, 0, 1]",000011111101,"[""000011111101""]",1,0.000244140625,False,False,,,8.388057086616914,0.4141678354764293,{},{}
"[0, 0, 0, 0, 1, 1, 1, 1, 1, 1, 1, 0]",000011111110,"[""000011111110""]",1,0.000244140625,False,False,,,8.444922093662557,0.41705613224480004,{},{}
"[0, 0, 0, 0, 1, 1, 1, 1, 1, 1, 1, 1]",000011111111,"[""000011111111""]",1,0.000244140625,False,False,,,11.810138630697903,0.5879827627644352,{},{}
"[0, 0, 0, 1, 0, 0, 0, 0, 0, 0, 0, 0]",000100000000,"[""000100000000""]",1,0.000244140625,False,False,,,2.36185171846671,0.10808382362716963,{},{}
"[0, 0, 0, 1, 0, 0, 0, 0, 0, 0, 1, 0]",000100000010,"[""000100000010""]",1,0.000244140625,False,False,,,1.601214119849253,0.06944939391146218,{},{}
"[0, 0, 0, 1, 0, 0, 0, 0, 0, 1, 0, 0]",000100000100,"[""000100000100""]",1,0.000244140625,False,False,,,1.6701236792171397,0.07294945955767528,{},{}
"[0, 0, 0, 1, 0, 0, 0, 0, 0, 1, 0, 1]",000100000101,"[""000100000101""]",1,0.000244140625,False,False,,,2.97858048035883,0.13940881209511355,{},{}
"[0, 0, 0, 1, 0, 0, 0, 0, 1, 0, 0, 1]",000100001001,"[""000100001001""]",1,0.000244140625,False,False,,,0.9582306138729386,0.036790870174070144,{},{}
"[0, 0, 0, 1, 0, 0, 0, 1, 0, 0, 0, 0]",000100010000,"[""000100010000""]",1,0.000244140625,False,False,,,1.601214119849253,0.06944939391146218,{},{}
"[0, 0, 0, 1, 0, 0, 0, 1, 0, 0, 0, 1]",000100010001,"[""000100010001""]",1,0.000244140625,False,False,,,0.8918359999848002,0.03341854405132101,{},{}
"[0, 0, 0, 1, 0, 0, 0, 1, 0, 0, 1, 0]",000100010010,"[""000100010010""]",1,0.000244140625,False,False,,,0.907952889477227,0.03423715574690738,{},{}
"[0, 0, 0, 1, 0, 0, 0, 1, 1, 0, 0, 1]",000100011001,"[""000100011001""]",1,0.000244140625,False,False,,,2.2154279362616256,0.10064664285594217,{},{}
"[0, 0, 0, 1, 0, 0, 0, 1, 1, 0, 1, 1]",000100011011,"[""000100011011""]",1,0.000244140625,False,False,,,3.5578365479018856,0.16883048132309544,{},{}
"[0, 0, 0, 1, 0, 0, 0, 1, 1, 1, 0, 0]",000100011100,"[""000100011100""]",1,0.000244140625,False,False,,,2.233078016876509,0.10154312864658901,{},{}
"[0, 0, 0, 1, 0, 0, 1, 0, 0, 0, 1, 0]",000100100010,"[""000100100010""]",1,0.000244140625,False,False,,,0.8883961867183139,0.033243828491479145,{},{}
"[0, 0, 0, 1, 0, 0, 1, 0, 1, 0, 0, 0]",000100101000,"[""000100101000""]",1,0.000244140625,False,False,,,2.9726257216125958,0.13910635701180774,{},{}
"[0, 0, 0, 1, 0, 0, 1, 0, 1, 1, 0, 0]",000100101100,"[""000100101100""]",1,0.000244140625,False,False,,,2.371368738830165,0.10856721368703937,{},{}
"[0, 0, 0, 1, 0, 0, 1, 0, 1, 1, 1, 0]",000100101110,"[""000100101110""]",1,0.000244140625,False,False,,,3.628566061218852,0.1724229863689114,{},{}
"[0, 0, 0, 1, 0, 0, 1, 1, 0, 0, 0, 0]",000100110000,"[""000100110000""]",1,0.000244140625,False,False,,,2.888396186718314,0.13482815665492995,{},{}
"[0, 0, 0, 1, 0, 0, 1, 1, 0, 0, 0, 1]",000100110001,"[""000100110001""]",1,0.000244140625,False,False,,,2.196852987860004,0.09970318102891741,{},{}
"[0, 0, 0, 1, 0, 0, 1, 1, 1, 0, 1, 0]",000100111010,"[""000100111010""]",1,0.000244140625,False,False,,,5.554396734635399,0.2702400939267044,{},{}
"[0, 0, 0, 1, 0, 0, 1, 1, 1, 1, 1, 1]",000100111111,"[""000100111111""]",1,0.000244140625,False,False,,,10.297266395006945,0.5111407079345333,{},{}
"[0, 0, 0, 1, 0, 1, 0, 0, 0, 0, 0, 0]",000101000000,"[""000101000000""]",1,0.000244140625,False,False,,,3.7540294195318316,0.17879554185058855,{},{}
"[0, 0, 0, 1, 0, 1, 0, 0, 0, 0, 1, 1]",000101000011,"[""000101000011""]",1,0.000244140625,False,False,,,4.301848622056066,0.20662046467231943,{},{}
"[0, 0, 0, 1, 0, 1, 0, 0, 0, 1, 0, 1]",000101000101,"[""000101000101""]",1,0.000244140625,False,False,,,4.3918480753053215,0.2111917316690212,{},{}
"[0, 0, 0, 1, 0, 1, 0, 0, 0, 1, 1, 0]",000101000110,"[""000101000110""]",1,0.000244140625,False,False,,,4.322753675546174,0.20768227757932625,{},{}
"[0, 0, 0, 1, 0, 1, 0, 0, 0, 1, 1, 1]",000101000111,"[""000101000111""]",1,0.000244140625,False,False,,,7.6490453976940085,0.37663183251434407,{},{}
"[0, 0, 0, 1, 0, 1, 0, 0, 1, 1, 1, 1]",000101001111,"[""000101001111""]",1,0.000244140625,False,False,,,7.056996909496311,0.3465604085574691,{},{}
"[0, 0, 0, 1, 0, 1, 0, 1, 0, 0, 1, 0]",000101010010,"[""000101010010""]",1,0.000244140625,False,False,,,2.3001305905423486,0.1049488739703263,{},{}
"[0, 0, 0, 1, 0, 1, 0, 1, 0, 0, 1, 1]",000101010011,"[""000101010011""]",1,0.000244140625,False,False,,,3.6085873916840394,0.17140822650776463,{},{}
"[0, 0, 0, 1, 0, 1, 0, 1, 0, 1, 1, 1]",000101010111,"[""000101010111""]",1,0.000244140625,False,False,,,6.9557841673219825,0.34141959434978925,{},{}
"[0, 0, 0, 1, 0, 1, 0, 1, 1, 0, 0, 1]",000101011001,"[""000101011001""]",1,0.000244140625,False,False,,,3.691965212852225,0.17564316648131587,{},{}
"[0, 0, 0, 1, 0, 1, 0, 1, 1, 1, 0, 1]",000101011101,"[""000101011101""]",1,0.000244140625,False,False,,,5.039161988490167,0.24407020615988964,{},{}
"[0, 0, 0, 1, 0, 1, 0, 1, 1, 1, 1, 1]",000101011111,"[""000101011111""]",1,0.000244140625,False,False,,,8.381570600130427,0.41383837279049374,{},{}
"[0, 0, 0, 1, 0, 1, 1, 0, 0, 0, 0, 0]",000101100000,"[""000101100000""]",1,0.000244140625,False,False,,,3.041211486400892,0.1425899764306055,{},{}
"[0, 0, 0, 1, 0, 1, 1, 0, 0, 0, 0, 1]",000101100001,"[""000101100001""]",1,0.000244140625,False,False,,,2.349668287542582,0.10746500080459297,{},{}
"[0, 0, 0, 1, 0, 1, 1, 0, 0, 0, 1, 0]",000101100010,"[""000101100010""]",1,0.000244140625,False,False,,,2.2805738877834356,0.10395554671489807,{},{}
"[0, 0, 0, 1, 0, 1, 1, 0, 0, 1, 0, 0]",000101100100,"[""000101100100""]",1,0.000244140625,False,False,,,2.4610443974998306,0.11312203445632582,{},{}
"[0, 0, 0, 1, 0, 1, 1, 0, 0, 1, 1, 0]",000101100110,"[""000101100110""]",1,0.000244140625,False,False,,,3.7004067988823746,0.17607193290406922,{},{}
"[0, 0, 0, 1, 0, 1, 1, 0, 1, 0, 1, 1]",000101101011,"[""000101101011""]",1,0.000244140625,False,False,,,5.0326520427397154,0.24373955192716956,{},{}
"[0, 0, 0, 1, 0, 1, 1, 0, 1, 1, 0, 0]",000101101100,"[""000101101100""]",1,0.000244140625,False,False,,,3.868995909302133,0.18463493866290173,{},{}
"[0, 0, 0, 1, 0, 1, 1, 1, 0, 0, 1, 0]",000101110010,"[""000101110010""]",1,0.000244140625,False,False,,,3.587312657411409,0.17032763671379408,{},{}
"[0, 0, 0, 1, 0, 1, 1, 1, 0, 0, 1, 1]",000101110011,"[""000101110011""]",1,0.000244140625,False,False,,,4.913604379559243,0.23769286348536103,{},{}
"[0, 0, 0, 1, 0, 1, 1, 1, 0, 1, 1, 0]",000101110110,"[""000101110110""]",1,0.000244140625,False,False,,,5.007145568510348,0.2424440229029652,{},{}
"[0, 0, 0, 1, 0, 1, 1, 1, 0, 1, 1, 1]",000101110111,"[""000101110111""]",1,0.000244140625,False,False,,,8.351272211664327,0.4122994520721117,{},{}
"[0, 0, 0, 1, 0, 1, 1, 1, 1, 0, 0, 0]",000101111000,"[""000101111000""]",1,0.000244140625,False,False,,,7.706360320591882,0.37954298148250426,{},{}
"[0, 0, 0, 1, 1, 0, 0, 0, 0, 0, 0, 0]",000110000000,"[""000110000000""]",1,0.000244140625,False,False,,,3.648761649295517,0.17344876399222828,{},{}
"[0, 0, 0, 1, 1, 0, 0, 0, 0, 0, 0, 1]",000110000001,"[""000110000001""]",1,0.000244140625,False,False,,,2.960473423312433,0.1384891154825758,{},{}
"[0, 0, 0, 1, 1, 0, 0, 0, 0, 1, 0, 1]",000110000101,"[""000110000101""]",1,0.000244140625,False,False,,,4.286580305069007,0.20584495381066095,{},{}
"[0, 0, 0, 1, 1, 0, 0, 0, 0, 1, 1, 1]",000110000111,"[""000110000111""]",1,0.000244140625,False,False,,,7.623450559898421,0.37533181531338544,{},{}
"[0, 0, 0, 1, 1, 0, 0, 0, 1, 0, 1, 1]",000110001011,"[""000110001011""]",1,0.000244140625,False,False,,,3.6209356144186735,0.17203541946301984,{},{}
"[0, 0, 0, 1, 1, 0, 0, 0, 1, 1, 0, 0]",000110001100,"[""000110001100""]",1,0.000244140625,False,False,,,2.262790625316629,0.10305229632977564,{},{}
"[0, 0, 0, 1, 1, 0, 0, 0, 1, 1, 0, 1]",000110001101,"[""000110001101""]",1,0.000244140625,False,False,,,3.592337320339689,0.17058285021770264,{},{}
"[0, 0, 0, 1, 1, 0, 0, 1, 0, 0, 1, 0]",000110010010,"[""000110010010""]",1,0.000244140625,False,False,,,2.3331187913061218,0.10662441607628077,{},{}
"[0, 0, 0, 1, 1, 0, 0, 1, 0, 1, 1, 1]",000110010111,"[""000110010111""]",1,0.000244140625,False,False,,,6.988772368085756,0.34309513645574374,{},{}
"[0, 0, 0, 1, 1, 0, 0, 1, 1, 0, 0, 1]",000110011001,"[""000110011001""]",1,0.000244140625,False,False,,,3.5820107995311607,0.17005834387840252,{},{}
"[0, 0, 0, 1, 1, 0, 0, 1, 1, 0, 1, 0]",000110011010,"[""000110011010""]",1,0.000244140625,False,False,,,3.67454564858909,0.17475838911503055,{},{}
"[0, 0, 0, 1, 1, 0, 0, 1, 1, 1, 0, 0]",000110011100,"[""000110011100""]",1,0.000244140625,False,False,,,3.578570986264675,0.16988362831856066,{},{}
"[0, 0, 0, 1, 1, 0, 0, 1, 1, 1, 1, 0]",000110011110,"[""000110011110""]",1,0.000244140625,False,False,,,4.982817609339521,0.24120835320898706,{},{}
"[0, 0, 0, 1, 1, 0, 1, 0, 0, 0, 0, 1]",000110100001,"[""000110100001""]",1,0.000244140625,False,False,,,2.265490411187637,0.1031894242967214,{},{}
"[0, 0, 0, 1, 1, 0, 1, 0, 0, 1, 0, 0]",000110100100,"[""000110100100""]",1,0.000244140625,False,False,,,2.3346867333821466,0.10670405524747686,{},{}
"[0, 0, 0, 1, 1, 0, 1, 0, 1, 0, 0, 1]",000110101001,"[""000110101001""]",1,0.000244140625,False,False,,,3.5890823474644624,0.17041752310134256,{},{}
"[0, 0, 0, 1, 1, 0, 1, 0, 1, 0, 1, 1]",000110101011,"[""000110101011""]",1,0.000244140625,False,False,,,4.9437875233000215,0.23922593067474496,{},{}
"[0, 0, 0, 1, 1, 0, 1, 0, 1, 1, 0, 0]",000110101100,"[""000110101100""]",1,0.000244140625,False,False,,,3.6582786696589724,0.17393215405209805,{},{}
"[0, 0, 0, 1, 1, 0, 1, 0, 1, 1, 1, 1]",000110101111,"[""000110101111""]",1,0.000244140625,False,False,,,8.360365461523735,0.4127613179110069,{},{}
"[0, 0, 0, 1, 1, 0, 1, 1, 0, 0, 0, 0]",000110110000,"[""000110110000""]",1,0.000244140625,False,False,,,4.23388915610648,0.20316865632690165,{},{}
"[0, 0, 0, 1, 1, 0, 1, 1, 0, 0, 1, 1]",000110110011,"[""000110110011""]",1,0.000244140625,False,False,,,4.967682474204386,0.2404396069418042,{},{}
"[0, 0, 0, 1, 1, 0, 1, 1, 0, 1, 1, 1]",000110110111,"[""000110110111""]",1,0.000244140625,False,False,,,8.384260412428098,0.4139749941780661,{},{}
"[0, 0, 0, 1, 1, 0, 1, 1, 1, 0, 0, 1]",000110111001,"[""000110111001""]",1,0.000244140625,False,False,,,6.904862708412509,0.3388331832535784,{},{}
"[0, 0, 0, 1, 1, 0, 1, 1, 1, 0, 1, 1]",000110111011,"[""000110111011""]",1,0.000244140625,False,False,,,8.326944252493497,0.41106378237813346,{},{}
"[0, 0, 0, 1, 1, 0, 1, 1, 1, 1, 0, 0]",000110111100,"[""000110111100""]",1,0.000244140625,False,False,,,6.974059030607019,0.3423478142043339,{},{}
"[0, 0, 0, 1, 1, 0, 1, 1, 1, 1, 0, 1]",000110111101,"[""000110111101""]",1,0.000244140625,False,False,,,8.321440646636221,0.4107842423263895,{},{}
"[0, 0, 0, 1, 1, 0, 1, 1, 1, 1, 1, 0]",000110111110,"[""000110111110""]",1,0.000244140625,False,False,,,8.378305653681863,0.41367253909476026,{},{}
"[0, 0, 0, 1, 1, 0, 1, 1, 1, 1, 1, 1]",000110111111,"[""000110111111""]",1,0.000244140625,False,False,,,11.74352219071721,0.5845991696143953,{},{}
"[0, 0, 0, 1, 1, 1, 0, 0, 0, 1, 0, 1]",000111000101,"[""000111000101""]",1,0.000244140625,False,False,,,7.725820253209706,0.3805313935730481,{},{}
"[0, 0, 0, 1, 1, 1, 0, 0, 0, 1, 1, 0]",000111000110,"[""000111000110""]",1,0.000244140625,False,False,,,7.715308892009919,0.37999749879026623,{},{}
"[0, 0, 0, 1, 1, 1, 0, 0, 1, 0, 0, 0]",000111001000,"[""000111001000""]",1,0.000244140625,False,False,,,6.457028294351006,0.31608670421312324,{},{}
"[0, 0, 0, 1, 1, 1, 0, 0, 1, 0, 1, 0]",000111001010,"[""000111001010""]",1,0.000244140625,False,False,,,5.793898549180422,0.28240490938894613,{},{}
"[0, 0, 0, 1, 1, 1, 0, 0, 1, 1, 0, 1]",000111001101,"[""000111001101""]",1,0.000244140625,False,False,,,7.115936844005866,0.34955409538204457,{},{}
"[0, 0, 0, 1, 1, 1, 0, 1, 0, 1, 1, 0]",000111010110,"[""000111010110""]",1,0.000244140625,False,False,,,7.080630700197251,0.3477608199326244,{},{}
"[0, 0, 0, 1, 1, 1, 0, 1, 0, 1, 1, 1]",000111010111,"[""000111010111""]",1,0.000244140625,False,False,,,10.428012316226454,0.5177815762181308,{},{}
"[0, 0, 0, 1, 1, 1, 0, 1, 1, 0, 0, 0]",000111011000,"[""000111011000""]",1,0.000244140625,False,False,,,7.772808655299052,0.3829180362019083,{},{}
"[0, 0, 0, 1, 1, 1, 0, 1, 1, 0, 0, 1]",000111011001,"[""000111011001""]",1,0.000244140625,False,False,,,7.084520429315969,0.34795838769225584,{},{}
"[0, 0, 0, 1, 1, 1, 0, 1, 1, 1, 0, 0]",000111011100,"[""000111011100""]",1,0.000244140625,False,False,,,7.102170509930852,0.34885487348290267,{},{}
"[0, 0, 0, 1, 1, 1, 0, 1, 1, 1, 1, 1]",000111011111,"[""000111011111""]",1,0.000244140625,False,False,,,11.8537987490349,0.5902003546588354,{},{}
"[0, 0, 0, 1, 1, 1, 1, 0, 0, 0, 0, 0]",000111100000,"[""000111100000""]",1,0.000244140625,False,False,,,6.3540937704239076,0.3108584369841438,{},{}
"[0, 0, 0, 1, 1, 1, 1, 0, 0, 0, 1, 1]",000111100011,"[""000111100011""]",1,0.000244140625,False,False,,,7.020510720276382,0.3447071960478936,{},{}
"[0, 0, 0, 1, 1, 1, 1, 0, 0, 1, 0, 0]",000111100100,"[""000111100100""]",1,0.000244140625,False,False,,,5.7739266815228465,0.2813904950098641,{},{}
"[0, 0, 0, 1, 1, 1, 1, 0, 0, 1, 0, 1]",000111100101,"[""000111100101""]",1,0.000244140625,False,False,,,7.12130829755205,0.3498269231319197,{},{}
"[0, 0, 0, 1, 1, 1, 1, 0, 1, 0, 0, 0]",000111101000,"[""000111101000""]",1,0.000244140625,False,False,,,7.76204528222621,0.38237134119071964,{},{}
"[0, 0, 0, 1, 1, 1, 1, 0, 1, 0, 1, 1]",000111101011,"[""000111101011""]",1,0.000244140625,False,False,,,8.446297153084828,0.4171259744885982,{},{}
"[0, 0, 0, 1, 1, 1, 1, 0, 1, 1, 0, 1]",000111101101,"[""000111101101""]",1,0.000244140625,False,False,,,8.52925980935435,0.4213398273384955,{},{}
"[0, 0, 0, 1, 1, 1, 1, 0, 1, 1, 1, 1]",000111101111,"[""000111101111""]",1,0.000244140625,False,False,,,11.88396498518991,0.5917325630753488,{},{}
"[0, 0, 0, 1, 1, 1, 1, 1, 0, 0, 0, 0]",000111110000,"[""000111110000""]",1,0.000244140625,False,False,,,7.65203921036581,0.37678389473880014,{},{}
"[0, 0, 0, 1, 1, 1, 1, 1, 0, 0, 1, 1]",000111110011,"[""000111110011""]",1,0.000244140625,False,False,,,8.385832528463716,0.41405484535370274,{},{}
"[0, 0, 0, 1, 1, 1, 1, 1, 0, 1, 0, 0]",000111110100,"[""000111110100""]",1,0.000244140625,False,False,,,7.07187212146475,0.34731595276452054,{},{}
"[0, 0, 0, 1, 1, 1, 1, 1, 0, 1, 0, 1]",000111110101,"[""000111110101""]",1,0.000244140625,False,False,,,8.419253737493952,0.41575238088657607,{},{}
"[0, 0, 0, 1, 1, 1, 1, 1, 1, 0, 0, 0]",000111111000,"[""000111111000""]",1,0.000244140625,False,False,,,11.077825643174258,0.5507870013429556,{},{}
"[0, 0, 0, 1, 1, 1, 1, 1, 1, 0, 1, 1]",000111111011,"[""000111111011""]",1,0.000244140625,False,False,,,11.829453882278305,0.5889638261919867,{},{}
"[0, 0, 0, 1, 1, 1, 1, 1, 1, 1, 0, 0]",000111111100,"[""000111111100""]",1,0.000244140625,False,False,,,10.497658554273194,0.5213190593686758,{},{}
"[0, 0, 0, 1, 1, 1, 1, 1, 1, 1, 1, 0]",000111111110,"[""000111111110""]",1,0.000244140625,False,False,,,11.901905177348041,0.5926437842591022,{},{}
"[0, 0, 1, 0, 0, 0, 0, 0, 0, 0, 1, 0]",001000000010,"[""001000000010""]",1,0.000244140625,False,False,,,1.7035567873750996,0.07464759947299644,{},{}
"[0, 0, 1, 0, 0, 0, 0, 0, 0, 1, 1, 1]",001000000111,"[""001000000111""]",1,0.000244140625,False,False,,,6.319712425136403,0.3091121340529504,{},{}
"[0, 0, 1, 0, 0, 0, 0, 0, 1, 0, 0, 1]",001000001001,"[""001000001001""]",1,0.000244140625,False,False,,,1.144932856924262,0.04627388113755914,{},{}
"[0, 0, 1, 0, 0, 0, 0, 1, 0, 0, 1, 0]",001000010010,"[""001000010010""]",1,0.000244140625,False,False,,,1.0313854508844424,0.04050656265893032,{},{}
"[0, 0, 1, 0, 0, 0, 0, 1, 0, 0, 1, 1]",001000010011,"[""001000010011""]",1,0.000244140625,False,False,,,2.42420182755161,0.11125072059832335,{},{}
"[0, 0, 1, 0, 0, 0, 0, 1, 0, 1, 1, 1]",001000010111,"[""001000010111""]",1,0.000244140625,False,False,,,5.647541088645746,0.27497109723888424,{},{}
"[0, 0, 1, 0, 0, 0, 0, 1, 1, 0, 0, 0]",001000011000,"[""001000011000""]",1,0.000244140625,False,False,,,3.0482386175332943,0.14294689962810628,{},{}
"[0, 0, 1, 0, 0, 0, 0, 1, 1, 0, 1, 0]",001000011010,"[""001000011010""]",1,0.000244140625,False,False,,,2.3728123081674117,0.10864053569768015,{},{}
"[0, 0, 1, 0, 0, 0, 0, 1, 1, 1, 0, 0]",001000011100,"[""001000011100""]",1,0.000244140625,False,False,,,2.253742957621287,0.1025927457076369,{},{}
"[0, 0, 1, 0, 0, 0, 1, 0, 0, 0, 1, 0]",001000100010,"[""001000100010""]",1,0.000244140625,False,False,,,0.909061127463092,0.034293445552527044,{},{}
"[0, 0, 1, 0, 0, 0, 1, 0, 0, 0, 1, 1]",001000100011,"[""001000100011""]",1,0.000244140625,False,False,,,2.3197124251364034,0.10594347772604874,{},{}
"[0, 0, 1, 0, 0, 0, 1, 0, 0, 1, 0, 0]",001000100100,"[""001000100100""]",1,0.000244140625,False,False,,,0.9656741226356804,0.03716894209249109,{},{}
"[0, 0, 1, 0, 0, 0, 1, 0, 1, 0, 0, 1]",001000101001,"[""001000101001""]",1,0.000244140625,False,False,,,2.386107039024542,0.10931580384879787,{},{}
"[0, 0, 1, 0, 0, 0, 1, 0, 1, 1, 0, 0]",001000101100,"[""001000101100""]",1,0.000244140625,False,False,,,2.2892660589125056,0.10439704089711223,{},{}
"[0, 0, 1, 0, 0, 0, 1, 0, 1, 1, 0, 1]",001000101101,"[""001000101101""]",1,0.000244140625,False,False,,,3.699917356585817,0.17604707307063394,{},{}
"[0, 0, 1, 0, 0, 0, 1, 0, 1, 1, 1, 0]",001000101110,"[""001000101110""]",1,0.000244140625,False,False,,,3.5464633813011925,0.16825281357898425,{},{}
"[0, 0, 1, 0, 0, 0, 1, 1, 0, 0, 0, 0]",001000110000,"[""001000110000""]",1,0.000244140625,False,False,,,2.9301510213444613,0.13694897506646656,{},{}
"[0, 0, 1, 0, 0, 0, 1, 1, 0, 0, 0, 1]",001000110001,"[""001000110001""]",1,0.000244140625,False,False,,,2.322967398011629,0.10610880484240878,{},{}
"[0, 0, 1, 0, 0, 0, 1, 1, 0, 0, 1, 1]",001000110011,"[""001000110011""]",1,0.000244140625,False,False,,,3.6475410886457453,0.1733867690754334,{},{}
"[0, 0, 1, 0, 0, 0, 1, 1, 1, 0, 0, 0]",001000111000,"[""001000111000""]",1,0.000244140625,False,False,,,6.271577878627431,0.30666727626866724,{},{}
"[0, 0, 1, 0, 0, 0, 1, 1, 1, 1, 0, 0]",001000111100,"[""001000111100""]",1,0.000244140625,False,False,,,5.567553275182562,0.2709083430929238,{},{}
"[0, 0, 1, 0, 0, 0, 1, 1, 1, 1, 0, 1]",001000111101,"[""001000111101""]",1,0.000244140625,False,False,,,6.978204572855873,0.34255837526644545,{},{}
"[0, 0, 1, 0, 0, 0, 1, 1, 1, 1, 1, 1]",001000111111,"[""001000111111""]",1,0.000244140625,False,False,,,10.320613184496132,0.5123265418970495,{},{}
"[0, 0, 1, 0, 0, 1, 0, 0, 0, 1, 0, 0]",001001000100,"[""001001000100""]",1,0.000244140625,False,False,,,1.0569939678328315,0.041807274653662546,{},{}
"[0, 0, 1, 0, 0, 1, 0, 0, 0, 1, 0, 1]",001001000101,"[""001001000101""]",1,0.000244140625,False,False,,,2.449810344499999,0.11255143259305557,{},{}
"[0, 0, 1, 0, 0, 1, 0, 0, 1, 0, 1, 0]",001001001010,"[""001001001010""]",1,0.000244140625,True,True,"[2, 2, 2, 1]",0.4777136470483153,0.47771364704831576,0.012384373551060892,"{""degradation"": 0.359354909181699, ""nominal"": 0.5298996138996139, ""surge"": 0.5438864180636331}","{""degradation"": 0.7519917631186533, ""nominal"": 0.6589825660582945, ""surge"": 0.6930322384618105}"
"[0, 0, 1, 0, 0, 1, 0, 0, 1, 0, 1, 1]",001001001011,"[""001001001011""]",1,0.000244140625,False,False,,,1.8705300237154834,0.08312853149045393,{},{}
"[0, 0, 1, 0, 0, 1, 0, 1, 0, 0, 0, 0]",001001010000,"[""001001010000""]",1,0.000244140625,False,False,,,1.0908520291273822,0.04352699885842449,{},{}
"[0, 0, 1, 0, 0, 1, 0, 1, 0, 0, 1, 0]",001001010010,"[""001001010010""]",1,0.000244140625,True,True,"[2, 2, 1, 1]",0.39759079875535563,0.39759079875535586,0.00831476069386968,"{""degradation"": 0.29729729729729737, ""nominal"": 0.4447258687258688, ""surge"": 0.450749230242901}","{""degradation"": 0.46960164737626947, ""nominal"": 0.4711931353854535, ""surge"": 0.4947358344103071}"
"[0, 0, 1, 0, 0, 1, 0, 1, 1, 0, 0, 0]",001001011000,"[""001001011000""]",1,0.000244140625,False,False,,,2.498803540929685,0.11503990306500039,{},{}
"[0, 0, 1, 0, 0, 1, 0, 1, 1, 1, 0, 1]",001001011101,"[""001001011101""]",1,0.000244140625,False,False,,,3.1182141515662147,0.14650110843441275,{},{}
"[0, 0, 1, 0, 0, 1, 1, 0, 0, 0, 0, 1]",001001100001,"[""001001100001""]",1,0.000244140625,True,True,"[2, 2, 0, 2]",0.42872045061862935,0.4287204506186296,0.009895903079116069,"{""degradation"": 0.3291320766493977, ""nominal"": 0.4650347490347491, ""surge"": 0.49199452617174133}","{""degradation"": 0.6144642476745011, ""nominal"": 0.515969763007355, ""surge"": 0.5825503160164242}"
"[0, 0, 1, 0, 0, 1, 1, 0, 0, 0, 1, 1]",001001100011,"[""001001100011""]",1,0.000244140625,False,False,,,1.6859177730073167,0.07375167576098811,{},{}
"[0, 0, 1, 0, 0, 1, 1, 0, 0, 1, 0, 1]",001001100101,"[""001001100101""]",1,0.000244140625,False,False,,,1.7636206620612738,0.0776983736514408,{},{}
"[0, 0, 1, 0, 0, 1, 1, 0, 0, 1, 1, 0]",001001100110,"[""001001100110""]",1,0.000244140625,False,False,,,1.5923317657705063,0.0689982399256625,{},{}
"[0, 0, 1, 0, 0, 1, 1, 0, 1, 0, 0, 1]",001001101001,"[""001001101001""]",1,0.000244140625,False,False,,,1.8366719624209322,0.08140880728569198,{},{}
"[0, 0, 1, 0, 0, 1, 1, 0, 1, 1, 0, 1]",001001101101,"[""001001101101""]",1,0.000244140625,False,False,,,3.171572173863577,0.14921127785801674,{},{}
"[0, 0, 1, 0, 0, 1, 1, 0, 1, 1, 1, 1]",001001101111,"[""001001101111""]",1,0.000244140625,False,False,,,6.446604417258406,0.31555725293746817,{},{}
"[0, 0, 1, 0, 0, 1, 1, 1, 0, 0, 0, 1]",001001110001,"[""001001110001""]",1,0.000244140625,False,False,,,1.6891727458825425,0.07391700287734815,{},{}
"[0, 0, 1, 0, 0, 1, 1, 1, 0, 0, 1, 1]",001001110011,"[""001001110011""]",1,0.000244140625,False,False,,,3.0137464365166586,0.14119496711037274,{},{}
"[0, 0, 1, 0, 0, 1, 1, 1, 0, 1, 0, 0]",001001110100,"[""001001110100""]",1,0.000244140625,False,False,,,1.613421659651876,0.0700694412761512,{},{}
"[0, 0, 1, 0, 0, 1, 1, 1, 0, 1, 0, 1]",001001110101,"[""001001110101""]",1,0.000244140625,False,False,,,3.0240729573251874,0.1417194734496729,{},{}
"[0, 0, 1, 0, 0, 1, 1, 1, 0, 1, 1, 1]",001001110111,"[""001001110111""]",1,0.000244140625,False,False,,,6.348646647959304,0.3105817658461483,{},{}
"[0, 0, 1, 0, 0, 1, 1, 1, 1, 0, 0, 0]",001001111000,"[""001001111000""]",1,0.000244140625,False,False,,,5.722142802023821,0.27876027970556133,{},{}
"[0, 0, 1, 0, 0, 1, 1, 1, 1, 1, 0, 0]",001001111100,"[""001001111100""]",1,0.000244140625,False,False,,,5.039208092460322,0.24407254788030658,{},{}
"[0, 0, 1, 0, 0, 1, 1, 1, 1, 1, 1, 0]",001001111110,"[""001001111110""]",1,0.000244140625,False,False,,,6.3637817830944385,0.3113505121133312,{},{}
"[0, 0, 1, 0, 1, 0, 0, 0, 0, 1, 1, 0]",001010000110,"[""001010000110""]",1,0.000244140625,False,False,,,2.275643990732628,0.10370514657498743,{},{}
"[0, 0, 1, 0, 1, 0, 0, 0, 0, 1, 1, 1]",001010000111,"[""001010000111""]",1,0.000244140625,False,False,,,5.707385182287307,0.27801070826244856,{},{}
"[0, 0, 1, 0, 1, 0, 0, 0, 1, 0, 0, 0]",001010001000,"[""001010001000""]",1,0.000244140625,False,False,,,1.0568613320920455,0.041800537797353446,{},{}
"[0, 0, 1, 0, 1, 0, 0, 1, 0, 0, 0, 1]",001010010001,"[""001010010001""]",1,0.000244140625,True,True,"[2, 1, 1, 2]",0.46621100018702843,0.46621100018702855,0.011800129224308247,"{""degradation"": 0.29355221272080395, ""nominal"": 0.551938223938224, ""surge"": 0.5531425639020575}","{""degradation"": 0.45255982390115734, ""nominal"": 0.7075728684282211, ""surge"": 0.7127393015381478}"
"[0, 0, 1, 0, 1, 0, 0, 1, 0, 0, 1, 0]",001010010010,"[""001010010010""]",1,0.000244140625,True,False,"[2, 1, 1, 1]",0.45655135271333713,0.45655135271333724,0.011309494824852894,"{""degradation"": 0.25637132513575933, ""nominal"": 0.5686949806949808, ""surge"": 0.5445877523092713}","{""degradation"": 0.2833700205922034, ""nominal"": 0.744517842549714, ""surge"": 0.6945254342754515}"
"[0, 0, 1, 0, 1, 0, 0, 1, 0, 1, 0, 1]",001010010101,"[""001010010101""]",1,0.000244140625,False,False,,,1.6895502612811648,0.07393617770141835,{},{}
"[0, 0, 1, 0, 1, 0, 0, 1, 0, 1, 1, 1]",001010010111,"[""001010010111""]",1,0.000244140625,False,False,,,5.09379688435601,0.24684523075529552,{},{}
"[0, 0, 1, 0, 1, 0, 0, 1, 1, 0, 0, 1]",001010011001,"[""001010011001""]",1,0.000244140625,False,False,,,1.7898029364638544,0.07902822802892943,{},{}
"[0, 0, 1, 0, 1, 0, 0, 1, 1, 0, 1, 1]",001010011011,"[""001010011011""]",1,0.000244140625,False,False,,,3.2118844805448434,0.15125882715348446,{},{}
"[0, 0, 1, 0, 1, 0, 0, 1, 1, 1, 1, 1]",001010011111,"[""001010011111""]",1,0.000244140625,False,False,,,6.435223741638979,0.3149792037940453,{},{}
"[0, 0, 1, 0, 1, 0, 1, 0, 0, 0, 1, 1]",001010100011,"[""001010100011""]",1,0.000244140625,False,False,,,1.7073851822873083,0.074842051935547,{},{}
"[0, 0, 1, 0, 1, 0, 1, 0, 0, 1, 1, 0]",001010100110,"[""001010100110""]",1,0.000244140625,False,False,,,1.5716193872877593,0.067946213399244,{},{}
"[0, 0, 1, 0, 1, 0, 1, 0, 1, 0, 0, 0]",001010101000,"[""001010101000""]",1,0.000244140625,False,False,,,2.2802005931861813,0.1039365862744635,{},{}
"[0, 0, 1, 0, 1, 0, 1, 0, 1, 0, 0, 1]",001010101001,"[""001010101001""]",1,0.000244140625,False,False,,,1.694106863734718,0.07416761740089442,{},{}
"[0, 0, 1, 0, 1, 0, 1, 1, 0, 0, 0, 0]",001010110000,"[""001010110000""]",1,0.000244140625,False,False,,,2.275643990732628,0.10370514657498743,{},{}
"[0, 0, 1, 0, 1, 0, 1, 1, 0, 1, 0, 0]",001010110100,"[""001010110100""]",1,0.000244140625,False,False,,,1.5716193872877593,0.067946213399244,{},{}
"[0, 0, 1, 0, 1, 0, 1, 1, 0, 1, 1, 1]",001010110111,"[""001010110111""]",1,0.000244140625,False,False,,,6.407607201917286,0.3135764999771316,{},{}
"[0, 0, 1, 0, 1, 0, 1, 1, 1, 0, 1, 0]",001010111010,"[""001010111010""]",1,0.000244140625,False,False,,,5.021317471090442,0.2431638445041636,{},{}
"[0, 0, 1, 0, 1, 0, 1, 1, 1, 1, 1, 0]",001010111110,"[""001010111110""]",1,0.000244140625,False,False,,,6.317292867645573,0.30898923949187096,{},{}
"[0, 0, 1, 0, 1, 1, 0, 0, 0, 1, 1, 0]",001011000110,"[""001011000110""]",1,0.000244140625,False,False,,,3.6889115856791186,0.17548806614889503,{},{}
"[0, 0, 1, 0, 1, 1, 0, 0, 1, 0, 1, 0]",001011001010,"[""001011001010""]",1,0.000244140625,False,False,,,1.8702688635120595,0.08311526659855001,{},{}
"[0, 0, 1, 0, 1, 1, 0, 1, 0, 0, 0, 1]",001011010001,"[""001011010001""]",1,0.000244140625,False,False,,,1.8583887012521507,0.0825118474477272,{},{}
"[0, 0, 1, 0, 1, 1, 0, 1, 0, 1, 0, 0]",001011010100,"[""001011010100""]",1,0.000244140625,False,False,,,1.688911585679119,0.07390373798544424,{},{}
"[0, 0, 1, 0, 1, 1, 0, 1, 0, 1, 0, 1]",001011010101,"[""001011010101""]",1,0.000244140625,False,False,,,3.102817856227656,0.14571909727532595,{},{}
"[0, 0, 1, 0, 1, 1, 0, 1, 1, 1, 0, 1]",001011011101,"[""001011011101""]",1,0.000244140625,False,False,,,4.510769368029958,0.21723200148190186,{},{}
"[0, 0, 1, 0, 1, 1, 0, 1, 1, 1, 1, 0]",001011011110,"[""001011011110""]",1,0.000244140625,False,False,,,4.501109720556267,0.21674136708244648,{},{}
"[0, 0, 1, 0, 1, 1, 1, 0, 0, 0, 1, 1]",001011100011,"[""001011100011""]",1,0.000244140625,False,False,,,3.099562883352429,0.14555377015896587,{},{}
"[0, 0, 1, 0, 1, 1, 1, 0, 0, 1, 0, 1]",001011100101,"[""001011100101""]",1,0.000244140625,False,False,,,3.0975928399656594,0.14545370739201693,{},{}
"[0, 0, 1, 0, 1, 1, 1, 0, 0, 1, 1, 0]",001011100110,"[""001011100110""]",1,0.000244140625,False,False,,,2.9848869822342508,0.13972913297315165,{},{}
"[0, 0, 1, 0, 1, 1, 1, 0, 1, 0, 1, 1]",001011101011,"[""001011101011""]",1,0.000244140625,False,False,,,4.5253493161608755,0.21797254859967044,{},{}
"[0, 0, 1, 0, 1, 1, 1, 0, 1, 1, 0, 1]",001011101101,"[""001011101101""]",1,0.000244140625,False,False,,,4.505544351767962,0.21696661159859285,{},{}
"[0, 0, 1, 0, 1, 1, 1, 0, 1, 1, 1, 0]",001011101110,"[""001011101110""]",1,0.000244140625,False,False,,,4.410673415042697,0.21214791141385622,{},{}
"[0, 0, 1, 0, 1, 1, 1, 0, 1, 1, 1, 1]",001011101111,"[""001011101111""]",1,0.000244140625,False,False,,,7.86024952760352,0.38735934733544597,{},{}
"[0, 0, 1, 0, 1, 1, 1, 1, 0, 0, 0, 1]",001011110001,"[""001011110001""]",1,0.000244140625,False,False,,,3.081727962346286,0.14464789592483723,{},{}
"[0, 0, 1, 0, 1, 1, 1, 1, 0, 0, 1, 0]",001011110010,"[""001011110010""]",1,0.000244140625,False,False,,,3.0542333938664514,0.14325138729125325,{},{}
"[0, 0, 1, 0, 1, 1, 1, 1, 1, 0, 1, 1]",001011111011,"[""001011111011""]",1,0.000244140625,False,False,,,7.929595939235722,0.3908816016535477,{},{}
"[0, 0, 1, 0, 1, 1, 1, 1, 1, 1, 0, 0]",001011111100,"[""001011111100""]",1,0.000244140625,False,False,,,6.410673415042698,0.31373223957730706,{},{}
"[0, 0, 1, 1, 0, 0, 0, 0, 0, 0, 0, 1]",001100000001,"[""001100000001""]",1,0.000244140625,False,False,,,1.111713577895558,0.044586602066456586,{},{}
"[0, 0, 1, 1, 0, 0, 0, 0, 0, 1, 0, 1]",001100000101,"[""001100000101""]",1,0.000244140625,False,False,,,2.437820459652132,0.11194244039454171,{},{}
"[0, 0, 1, 1, 0, 0, 0, 0, 0, 1, 1, 1]",001100000111,"[""001100000111""]",1,0.000244140625,False,False,,,5.695017782040818,0.2773825412398645,{},{}
"[0, 0, 1, 1, 0, 0, 0, 0, 1, 0, 1, 0]",001100001010,"[""001100001010""]",1,0.000244140625,True,True,"[2, 0, 2, 1]",0.29968645989390275,0.299686459893903,0.0033419874501059215,"{""degradation"": 0.27463017289807123, ""nominal"": 0.31036293436293433, ""surge"": 0.3140662724207028}","{""degradation"": 0.3664560107931546, ""nominal"": 0.1749523290656495, ""surge"": 0.20372705837303043}"
"[0, 0, 1, 1, 0, 0, 0, 0, 1, 1, 1, 0]",001100001110,"[""001100001110""]",1,0.000244140625,False,False,,,1.6079584206443331,0.0697919515440624,{},{}
"[0, 0, 1, 1, 0, 0, 0, 1, 0, 0, 1, 0]",001100010010,"[""001100010010""]",1,0.000244140625,True,True,"[2, 0, 1, 1]",0.30392318712642036,0.30392318712642075,0.003557179994869476,"{""degradation"": 0.22504369265339247, ""nominal"": 0.3486177606177606, ""surge"": 0.3381081081081081}","{""degradation"": 0.14081516722289306, ""nominal"": 0.259295832198311, ""surge"": 0.2549140189755532}"
"[0, 0, 1, 1, 0, 0, 0, 1, 0, 1, 1, 1]",001100010111,"[""001100010111""]",1,0.000244140625,False,False,,,5.022846445550162,0.24324150442579845,{},{}
"[0, 0, 1, 1, 0, 0, 0, 1, 1, 0, 0, 0]",001100011000,"[""001100011000""]",1,0.000244140625,False,False,,,2.3207763537752726,0.10599751696404544,{},{}
"[0, 0, 1, 1, 0, 0, 0, 1, 1, 0, 0, 1]",001100011001,"[""001100011001""]",1,0.000244140625,False,False,,,1.6957578094362966,0.074251472505859,{},{}
"[0, 0, 1, 1, 0, 0, 0, 1, 1, 0, 1, 0]",001100011010,"[""001100011010""]",1,0.000244140625,False,False,,,1.6453500444093896,0.07169115303361928,{},{}
"[0, 0, 1, 1, 0, 0, 0, 1, 1, 0, 1, 1]",001100011011,"[""001100011011""]",1,0.000244140625,False,False,,,3.038166421076557,0.14243531097301232,{},{}
"[0, 0, 1, 1, 0, 0, 0, 1, 1, 1, 0, 0]",001100011100,"[""001100011100""]",1,0.000244140625,False,False,,,1.6290483145257029,0.07086315289455111,{},{}
"[0, 0, 1, 1, 0, 0, 0, 1, 1, 1, 0, 1]",001100011101,"[""001100011101""]",1,0.000244140625,False,False,,,3.02186469119287,0.14160731083394412,{},{}
"[0, 0, 1, 1, 0, 0, 1, 0, 0, 0, 0, 0]",001100100000,"[""001100100000""]",1,0.000244140625,False,False,,,1.023914189103595,0.04012708110466,{},{}
"[0, 0, 1, 1, 0, 0, 1, 0, 0, 0, 1, 0]",001100100010,"[""001100100010""]",1,0.000244140625,True,False,"[2, 0, 0, 1]",0.2632765904861382,0.2632765904861384,0.0014926513889525453,"{""degradation"": 0.27408557518257287, ""nominal"": 0.23825482625482625, ""surge"": 0.27748937002101554}","{""degradation"": 0.36397784562948227, ""nominal"": 0.015969763007354875, ""surge"": 0.1258519540574343}"
"[0, 0, 1, 1, 0, 0, 1, 0, 0, 1, 0, 1]",001100100101,"[""001100100101""]",1,0.000244140625,False,False,,,1.8333085039944752,0.08123796995341331,{},{}
"[0, 0, 1, 1, 0, 0, 1, 0, 1, 0, 0, 1]",001100101001,"[""001100101001""]",1,0.000244140625,False,False,,,1.7403225020475879,0.07651500968522337,{},{}
"[0, 0, 1, 1, 0, 0, 1, 0, 1, 1, 0, 0]",001100101100,"[""001100101100""]",1,0.000244140625,False,False,,,1.7462491425979896,0.07681603658451278,{},{}
"[0, 0, 1, 1, 0, 0, 1, 0, 1, 1, 0, 1]",001100101101,"[""001100101101""]",1,0.000244140625,False,False,,,3.1569004402713006,0.14846606875803445,{},{}
"[0, 0, 1, 1, 0, 0, 1, 1, 0, 0, 0, 1]",001100110001,"[""001100110001""]",1,0.000244140625,False,False,,,1.6771828610346753,0.07330801067883427,{},{}
"[0, 0, 1, 1, 0, 0, 1, 1, 0, 1, 0, 0]",001100110100,"[""001100110100""]",1,0.000244140625,False,False,,,1.683109501585077,0.07360903757812369,{},{}
"[0, 0, 1, 1, 0, 0, 1, 1, 0, 1, 1, 0]",001100110110,"[""001100110110""]",1,0.000244140625,False,False,,,2.9898482712130505,0.1399811275770197,{},{}
"[0, 0, 1, 1, 0, 0, 1, 1, 1, 0, 0, 1]",001100111001,"[""001100111001""]",1,0.000244140625,False,False,,,5.018609718317644,0.2430263118810349,{},{}
"[0, 0, 1, 1, 0, 0, 1, 1, 1, 0, 1, 0]",001100111010,"[""001100111010""]",1,0.000244140625,False,False,,,4.950367032284594,0.23956011817466652,{},{}
"[0, 0, 1, 1, 0, 1, 0, 0, 0, 0, 1, 0]",001101000010,"[""001101000010""]",1,0.000244140625,False,False,,,2.3682722246821997,0.10840993503235452,{},{}
"[0, 0, 1, 1, 0, 1, 0, 0, 0, 0, 1, 1]",001101000011,"[""001101000011""]",1,0.000244140625,False,False,,,3.7610886013493676,0.17915409297174759,{},{}
"[0, 0, 1, 1, 0, 1, 0, 0, 0, 1, 0, 0]",001101000100,"[""001101000100""]",1,0.000244140625,False,False,,,2.4582716779314553,0.11298120202905629,{},{}
"[0, 0, 1, 1, 0, 1, 0, 0, 0, 1, 1, 0]",001101000110,"[""001101000110""]",1,0.000244140625,False,False,,,3.697634079313999,0.17593110047679966,{},{}
"[0, 0, 1, 1, 0, 1, 0, 0, 1, 0, 0, 0]",001101001000,"[""001101001000""]",1,0.000244140625,False,False,,,2.519026414095815,0.1160670665570584,{},{}
"[0, 0, 1, 1, 0, 1, 0, 0, 1, 0, 0, 1]",001101001001,"[""001101001001""]",1,0.000244140625,False,False,,,1.8940078697568392,0.08432102209887198,{},{}
"[0, 0, 1, 1, 0, 1, 0, 0, 1, 0, 1, 1]",001101001011,"[""001101001011""]",1,0.000244140625,False,False,,,3.16904011315167,0.14908266901487266,{},{}
"[0, 0, 1, 1, 0, 1, 0, 0, 1, 1, 0, 0]",001101001100,"[""001101001100""]",1,0.000244140625,False,False,,,1.8483882687276147,0.08200390383805276,{},{}
"[0, 0, 1, 1, 0, 1, 0, 0, 1, 1, 1, 0]",001101001110,"[""001101001110""]",1,0.000244140625,False,False,,,3.1055855911163013,0.14585967651992474,{},{}
"[0, 0, 1, 1, 0, 1, 0, 0, 1, 1, 1, 1]",001101001111,"[""001101001111""]",1,0.000244140625,False,False,,,6.516236888789612,0.31909403685689725,{},{}
"[0, 0, 1, 1, 0, 1, 0, 1, 0, 0, 1, 1]",001101010011,"[""001101010011""]",1,0.000244140625,False,False,,,3.0889172648587095,0.14501305615768142,{},{}
"[0, 0, 1, 1, 0, 1, 0, 1, 0, 1, 0, 0]",001101010100,"[""001101010100""]",1,0.000244140625,False,False,,,1.718723973195368,0.07541797366383754,{},{}
"[0, 0, 1, 1, 0, 1, 0, 1, 0, 1, 1, 1]",001101010111,"[""001101010111""]",1,0.000244140625,False,False,,,6.436114040496652,0.31502442399970604,{},{}
"[0, 0, 1, 1, 0, 1, 0, 1, 1, 0, 0, 0]",001101011000,"[""001101011000""]",1,0.000244140625,False,False,,,3.7973136303658714,0.18099404058941912,{},{}
"[0, 0, 1, 1, 0, 1, 0, 1, 1, 0, 0, 1]",001101011001,"[""001101011001""]",1,0.000244140625,False,False,,,3.172295086026896,0.14924799613123269,{},{}
"[0, 0, 1, 1, 0, 1, 1, 0, 0, 0, 0, 1]",001101100001,"[""001101100001""]",1,0.000244140625,False,False,,,1.8089082668358838,0.07999862910402113,{},{}
"[0, 0, 1, 1, 0, 1, 1, 0, 1, 0, 0, 0]",001101101000,"[""001101101000""]",1,0.000244140625,False,False,,,3.824043401971019,0.18235170353465482,{},{}
"[0, 0, 1, 1, 0, 1, 1, 0, 1, 0, 0, 1]",001101101001,"[""001101101001""]",1,0.000244140625,False,False,,,3.216859778638187,0.15151153331059705,{},{}
"[0, 0, 1, 1, 0, 1, 1, 1, 0, 1, 0, 0]",001101110100,"[""001101110100""]",1,0.000244140625,False,False,,,3.096377096531568,0.1453919571520313,{},{}
"[0, 0, 1, 1, 0, 1, 1, 1, 0, 1, 1, 0]",001101110110,"[""001101110110""]",1,0.000244140625,False,False,,,4.403115866159541,0.21176404715092728,{},{}
"[0, 0, 1, 1, 0, 1, 1, 1, 1, 1, 0, 0]",001101111100,"[""001101111100""]",1,0.000244140625,False,False,,,6.522163529340014,0.3193950637561867,{},{}
"[0, 0, 1, 1, 1, 0, 0, 0, 0, 0, 0, 0]",001110000000,"[""001110000000""]",1,0.000244140625,False,False,,,3.0236420530633414,0.1416975868897017,{},{}
"[0, 0, 1, 1, 1, 0, 0, 0, 0, 1, 1, 0]",001110000110,"[""001110000110""]",1,0.000244140625,False,False,,,3.650949347637043,0.1735598819253524,{},{}
"[0, 0, 1, 1, 1, 0, 0, 0, 0, 1, 1, 1]",001110000111,"[""001110000111""]",1,0.000244140625,False,False,,,7.082690539191724,0.34786544361281363,{},{}
"[0, 0, 1, 1, 1, 0, 0, 0, 1, 1, 0, 1]",001110001101,"[""001110001101""]",1,0.000244140625,False,False,,,3.0515772996329904,0.14311647851713077,{},{}
"[0, 0, 1, 1, 1, 0, 0, 0, 1, 1, 1, 1]",001110001111,"[""001110001111""]",1,0.000244140625,False,False,,,6.406282475468549,0.313509214253984,{},{}
"[0, 0, 1, 1, 1, 0, 0, 1, 0, 0, 0, 1]",001110010001,"[""001110010001""]",1,0.000244140625,False,False,,,1.7387487364290068,0.07643507472369823,{},{}
"[0, 0, 1, 1, 1, 0, 0, 1, 0, 1, 0, 0]",001110010100,"[""001110010100""]",1,0.000244140625,False,False,,,1.6509493476370434,0.07197555376190161,{},{}
"[0, 0, 1, 1, 1, 0, 0, 1, 0, 1, 0, 1]",001110010101,"[""001110010101""]",1,0.000244140625,False,False,,,3.0648556181855797,0.1437909130517833,{},{}
"[0, 0, 1, 1, 1, 0, 0, 1, 0, 1, 1, 1]",001110010111,"[""001110010111""]",1,0.000244140625,False,False,,,6.469102241260425,0.3166999661056605,{},{}
"[0, 0, 1, 1, 1, 0, 0, 1, 1, 0, 0, 0]",001110011000,"[""001110011000""]",1,0.000244140625,False,False,,,3.6662693231634385,0.1743380166360171,{},{}
"[0, 0, 1, 1, 1, 0, 1, 0, 0, 0, 0, 0]",001110100000,"[""001110100000""]",1,0.000244140625,False,False,,,2.310824119932402,0.10549202146971866,{},{}
"[0, 0, 1, 1, 1, 0, 1, 0, 1, 1, 0, 0]",001110101100,"[""001110101100""]",1,0.000244140625,False,False,,,3.0331590734267975,0.1421809769495715,{},{}
"[0, 0, 1, 1, 1, 0, 1, 0, 1, 1, 0, 1]",001110101101,"[""001110101101""]",1,0.000244140625,False,False,,,4.464900264981477,0.2149022104735818,{},{}
"[0, 0, 1, 1, 1, 0, 1, 0, 1, 1, 1, 0]",001110101110,"[""001110101110""]",1,0.000244140625,False,False,,,4.370029328256212,0.21008351028884517,{},{}
"[0, 0, 1, 1, 1, 0, 1, 1, 0, 0, 0, 0]",001110110000,"[""001110110000""]",1,0.000244140625,False,False,,,3.629859453755674,0.17248868057486375,{},{}
"[0, 0, 1, 1, 1, 0, 1, 1, 0, 0, 1, 1]",001110110011,"[""001110110011""]",1,0.000244140625,False,False,,,4.4480123473790565,0.214044436591721,{},{}
"[0, 0, 1, 1, 1, 0, 1, 1, 0, 1, 0, 0]",001110110100,"[""001110110100""]",1,0.000244140625,False,False,,,3.028602470973243,0.14194953725009535,{},{}
"[0, 0, 1, 1, 1, 0, 1, 1, 0, 1, 1, 1]",001110110111,"[""001110110111""]",1,0.000244140625,False,False,,,7.864590285602768,0.3875798238279829,{},{}
"[0, 0, 1, 1, 1, 0, 1, 1, 1, 0, 0, 0]",001110111000,"[""001110111000""]",1,0.000244140625,False,False,,,6.971286311038642,0.3422069817770643,{},{}
"[0, 0, 1, 1, 1, 0, 1, 1, 1, 0, 0, 1]",001110111001,"[""001110111001""]",1,0.000244140625,False,False,,,6.38519258158718,0.3124380129034953,{},{}
"[0, 0, 1, 1, 1, 0, 1, 1, 1, 0, 1, 0]",001110111010,"[""001110111010""]",1,0.000244140625,False,False,,,6.3755329341134885,0.3119473785040399,{},{}
"[0, 0, 1, 1, 1, 0, 1, 1, 1, 0, 1, 1]",001110111011,"[""001110111011""]",1,0.000244140625,False,False,,,7.807274125668169,0.3846686120280503,{},{}
"[0, 0, 1, 1, 1, 0, 1, 1, 1, 1, 0, 0]",001110111100,"[""001110111100""]",1,0.000244140625,False,False,,,6.370029328256211,0.31166783845229595,{},{}
"[0, 0, 1, 1, 1, 0, 1, 1, 1, 1, 0, 1]",001110111101,"[""001110111101""]",1,0.000244140625,False,False,,,7.801770519810892,0.3843890719763064,{},{}
"[0, 0, 1, 1, 1, 1, 0, 0, 0, 0, 0, 1]",001111000001,"[""001111000001""]",1,0.000244140625,False,False,,,5.837863456865065,0.28463798219390246,{},{}
"[0, 0, 1, 1, 1, 1, 0, 0, 0, 1, 0, 0]",001111000100,"[""001111000100""]",1,0.000244140625,False,False,,,5.771153961954471,0.28124966258259454,{},{}
"[0, 0, 1, 1, 1, 1, 0, 0, 0, 1, 1, 0]",001111000110,"[""001111000110""]",1,0.000244140625,False,False,,,7.090189295777742,0.3482463216877396,{},{}
"[0, 0, 1, 1, 1, 1, 0, 0, 1, 0, 0, 0]",001111001000,"[""001111001000""]",1,0.000244140625,False,False,,,5.831908698118831,0.2843355271105966,{},{}
"[0, 0, 1, 1, 1, 1, 0, 0, 1, 0, 0, 1]",001111001001,"[""001111001001""]",1,0.000244140625,False,False,,,5.227980047661225,0.25366068400289893,{},{}
"[0, 0, 1, 1, 1, 1, 0, 0, 1, 0, 1, 1]",001111001011,"[""001111001011""]",1,0.000244140625,False,False,,,6.582685223496783,0.3224690915763013,{},{}
"[0, 0, 1, 1, 1, 1, 0, 1, 0, 0, 0, 1]",001111010001,"[""001111010001""]",1,0.000244140625,False,False,,,5.156898790688336,0.25005031313559667,{},{}
"[0, 0, 1, 1, 1, 1, 0, 1, 0, 1, 0, 0]",001111010100,"[""001111010100""]",1,0.000244140625,False,False,,,5.090189295777743,0.24666199352428883,{},{}
"[0, 0, 1, 1, 1, 1, 0, 1, 0, 1, 1, 0]",001111010110,"[""001111010110""]",1,0.000244140625,False,False,,,6.476600997846445,0.3170808441805865,{},{}
"[0, 0, 1, 1, 1, 1, 0, 1, 1, 0, 0, 1]",001111011001,"[""001111011001""]",1,0.000244140625,False,False,,,6.56485030249064,0.3215632173421727,{},{}
"[0, 0, 1, 1, 1, 1, 0, 1, 1, 0, 1, 1]",001111011011,"[""001111011011""]",1,0.000244140625,False,False,,,7.986931846571628,0.3937938164667276,{},{}
"[0, 0, 1, 1, 1, 1, 1, 0, 0, 0, 1, 0]",001111100010,"[""001111100010""]",1,0.000244140625,False,False,,,5.048009508015005,0.24451959082331146,{},{}
"[0, 0, 1, 1, 1, 1, 1, 0, 0, 0, 1, 1]",001111100011,"[""001111100011""]",1,0.000244140625,False,False,,,6.479750699569685,0.3172408243473218,{},{}
"[0, 0, 1, 1, 1, 1, 1, 0, 1, 0, 0, 0]",001111101000,"[""001111101000""]",1,0.000244140625,False,False,,,7.1369256859940355,0.35062016408819313,{},{}
"[0, 0, 1, 1, 1, 1, 1, 0, 1, 0, 0, 1]",001111101001,"[""001111101001""]",1,0.000244140625,False,False,,,6.550831956542572,0.32085119521462396,{},{}
"[0, 0, 1, 1, 1, 1, 1, 0, 1, 1, 1, 0]",001111101110,"[""001111101110""]",1,0.000244140625,False,False,,,7.893628851922389,0.38905475545318713,{},{}
"[0, 0, 1, 1, 1, 1, 1, 0, 1, 1, 1, 1]",001111101111,"[""001111101111""]",1,0.000244140625,False,False,,,11.343204964483213,0.564266191374777,{},{}
"[0, 0, 1, 1, 1, 1, 1, 1, 0, 0, 0, 0]",001111110000,"[""001111110000""]",1,0.000244140625,False,False,,,7.048009508015005,0.3461039189867623,{},{}
"[0, 0, 1, 1, 1, 1, 1, 1, 0, 0, 0, 1]",001111110001,"[""001111110001""]",1,0.000244140625,False,False,,,6.46191577856354,0.3163349501131931,{},{}
"[0, 0, 1, 1, 1, 1, 1, 1, 0, 0, 1, 0]",001111110010,"[""001111110010""]",1,0.000244140625,False,False,,,6.4344212100837055,0.3149384414796091,{},{}
"[0, 0, 1, 1, 1, 1, 1, 1, 0, 1, 0, 0]",001111110100,"[""001111110100""]",1,0.000244140625,False,False,,,6.467842419113943,0.3166359770124826,{},{}
"[0, 0, 1, 1, 1, 1, 1, 1, 1, 1, 0, 0]",001111111100,"[""001111111100""]",1,0.000244140625,False,False,,,9.89362885192239,0.490639083616638,{},{}
"[0, 0, 1, 1, 1, 1, 1, 1, 1, 1, 1, 0]",001111111110,"[""001111111110""]",1,0.000244140625,False,False,,,11.297875474997234,0.5619638085070643,{},{}
"[0, 0, 1, 1, 1, 1, 1, 1, 1, 1, 1, 1]",001111111111,"[""001111111111""]",1,0.000244140625,False,False,,,14.747451587558059,0.7371752444286542,{},{}
"[0, 1, 0, 0, 0, 0, 0, 0, 0, 1, 0, 1]",010000000101,"[""010000000101""]",1,0.000244140625,False,False,,,2.91615740747743,0.136238209134836,{},{}
"[0, 1, 0, 0, 0, 0, 0, 0, 0, 1, 1, 1]",010000000111,"[""010000000111""]",1,0.000244140625,False,False,,,6.231937768425476,0.3046538692870719,{},{}
"[0, 1, 0, 0, 0, 0, 0, 0, 1, 0, 0, 1]",010000001001,"[""010000001001""]",1,0.000244140625,False,False,,,0.9985751616539762,0.03884005706476762,{},{}
"[0, 1, 0, 0, 0, 0, 0, 0, 1, 0, 1, 0]",010000001010,"[""010000001010""]",1,0.000244140625,False,False,,,1.0237336424664751,0.040117910750243,{},{}
"[0, 1, 0, 0, 0, 0, 0, 0, 1, 1, 0, 1]",010000001101,"[""010000001101""]",1,0.000244140625,False,False,,,2.221914422748112,0.10097610554187769,{},{}
"[0, 1, 0, 0, 0, 0, 0, 0, 1, 1, 1, 1]",010000001111,"[""010000001111""]",1,0.000244140625,False,False,,,5.555529704702302,0.2702976399282422,{},{}
"[0, 1, 0, 0, 0, 0, 0, 1, 0, 0, 0, 1]",010000010001,"[""010000010001""]",1,0.000244140625,False,False,,,1.011853480206566,0.03951449159942017,{},{}
"[0, 1, 0, 0, 0, 0, 0, 1, 1, 0, 0, 0]",010000011000,"[""010000011000""]",1,0.000244140625,False,False,,,3.044823536347845,0.1427734402641825,{},{}
"[0, 1, 0, 0, 0, 0, 0, 1, 1, 0, 1, 0]",010000011010,"[""010000011010""]",1,0.000244140625,False,False,,,2.4279802655413207,0.11144263564066936,{},{}
"[0, 1, 0, 0, 0, 0, 0, 1, 1, 0, 1, 1]",010000011011,"[""010000011011""]",1,0.000244140625,False,False,,,3.7364370666830116,0.17790198817810768,{},{}
"[0, 1, 0, 0, 0, 0, 0, 1, 1, 1, 0, 0]",010000011100,"[""010000011100""]",1,0.000244140625,False,False,,,2.250327876435837,0.10241928634371313,{},{}
"[0, 1, 0, 0, 0, 0, 0, 1, 1, 1, 0, 1]",010000011101,"[""010000011101""]",1,0.000244140625,False,False,,,3.5587846775775276,0.16887863888115143,{},{}
"[0, 1, 0, 0, 0, 0, 0, 1, 1, 1, 1, 0]",010000011110,"[""010000011110""]",1,0.000244140625,False,False,,,3.633484605629313,0.17267280988365077,{},{}
"[0, 1, 0, 0, 0, 0, 1, 0, 0, 0, 0, 0]",010000100000,"[""010000100000""]",1,0.000244140625,False,False,,,1.6077006063357397,0.0697788565973977,{},{}
"[0, 1, 0, 0, 0, 0, 1, 0, 0, 0, 1, 1]",010000100011,"[""010000100011""]",1,0.000244140625,False,False,,,2.231937768425476,0.10148521296017021,{},{}
"[0, 1, 0, 0, 0, 0, 1, 0, 0, 1, 0, 0]",010000100100,"[""010000100100""]",1,0.000244140625,False,False,,,0.9036760028908712,0.03401992342165428,{},{}
"[0, 1, 0, 0, 0, 0, 1, 0, 1, 0, 0, 0]",010000101000,"[""010000101000""]",1,0.000244140625,False,False,,,2.931292542612565,0.13700695540201885,{},{}
"[0, 1, 0, 0, 0, 0, 1, 0, 1, 0, 1, 1]",010000101011,"[""010000101011""]",1,0.000244140625,False,False,,,3.573364625708445,0.16961918599892,{},{}
"[0, 1, 0, 0, 0, 0, 1, 0, 1, 1, 0, 0]",010000101100,"[""010000101100""]",1,0.000244140625,False,False,,,2.227267939167697,0.10124802222627545,{},{}
"[0, 1, 0, 0, 0, 0, 1, 0, 1, 1, 0, 1]",010000101101,"[""010000101101""]",1,0.000244140625,False,False,,,3.5535596613155307,0.16861324899784239,{},{}
"[0, 1, 0, 0, 0, 0, 1, 0, 1, 1, 1, 0]",010000101110,"[""010000101110""]",1,0.000244140625,False,False,,,3.543048300115743,0.16807935421506048,{},{}
"[0, 1, 0, 0, 0, 0, 1, 0, 1, 1, 1, 1]",010000101111,"[""010000101111""]",1,0.000244140625,False,False,,,6.88717494326972,0.3379347833842069,{},{}
"[0, 1, 0, 0, 0, 0, 1, 1, 0, 0, 0, 0]",010000110000,"[""010000110000""]",1,0.000244140625,False,False,,,2.926735940159012,0.1367755157025428,{},{}
"[0, 1, 0, 0, 0, 0, 1, 1, 0, 0, 0, 1]",010000110001,"[""010000110001""]",1,0.000244140625,False,False,,,2.235192741300702,0.10165054007653024,{},{}
"[0, 1, 0, 0, 0, 0, 1, 1, 0, 0, 1, 0]",010000110010,"[""010000110010""]",1,0.000244140625,False,False,,,2.2920577483463447,0.10453883684490099,{},{}
"[0, 1, 0, 0, 0, 0, 1, 1, 0, 1, 0, 1]",010000110101,"[""010000110101""]",1,0.000244140625,False,False,,,3.5490030588619765,0.16838180929836627,{},{}
"[0, 1, 0, 0, 0, 0, 1, 1, 0, 1, 1, 0]",010000110110,"[""010000110110""]",1,0.000244140625,False,False,,,3.588033144901476,0.17036423183260838,{},{}
"[0, 1, 0, 0, 0, 0, 1, 1, 0, 1, 1, 1]",010000110111,"[""010000110111""]",1,0.000244140625,False,False,,,6.932159788055453,0.3402196610017548,{},{}
"[0, 1, 0, 0, 0, 0, 1, 1, 1, 0, 1, 0]",010000111010,"[""010000111010""]",1,0.000244140625,False,False,,,5.651319526635457,0.2751630122812303,{},{}
"[0, 1, 0, 0, 0, 0, 1, 1, 1, 0, 1, 1]",010000111011,"[""010000111011""]",1,0.000244140625,False,False,,,6.977611248783291,0.3425282390527972,{},{}
"[0, 1, 0, 0, 0, 0, 1, 1, 1, 1, 0, 1]",010000111101,"[""010000111101""]",1,0.000244140625,False,False,,,6.890429916144946,0.33810011050056693,{},{}
"[0, 1, 0, 0, 0, 1, 0, 0, 0, 0, 0, 1]",010001000001,"[""010001000001""]",1,0.000244140625,False,False,,,1.0849958474484156,0.04322955071769402,{},{}
"[0, 1, 0, 0, 0, 1, 0, 0, 0, 0, 1, 1]",010001000011,"[""010001000011""]",1,0.000244140625,False,False,,,2.4007762083964623,0.11006088270647908,{},{}
"[0, 1, 0, 0, 0, 1, 0, 0, 1, 1, 0, 0]",010001001100,"[""010001001100""]",1,0.000244140625,True,True,"[1, 2, 2, 0]",0.4110847920783898,0.41108479207838977,0.009000149816850924,"{""degradation"": 0.3033175207540103, ""nominal"": 0.450007722007722, ""surge"": 0.47992913347343724}","{""degradation"": 0.49699637861251117, ""nominal"": 0.482838463633887, ""surge"": 0.556862145248932}"
"[0, 1, 0, 0, 0, 1, 0, 0, 1, 1, 0, 1]",010001001101,"[""010001001101""]",1,0.000244140625,False,False,,,1.7195415932200806,0.07545950235428925,{},{}
"[0, 1, 0, 0, 0, 1, 0, 1, 0, 1, 0, 0]",010001010100,"[""010001010100""]",1,0.000244140625,True,True,"[1, 2, 1, 0]",0.3400035351055025,0.3400035351055027,0.005389778949548756,"{""degradation"": 0.24125990886960874, ""nominal"": 0.3648339768339769, ""surge"": 0.4139167196129221}","{""degradation"": 0.21460626287012755, ""nominal"": 0.295049032961046, ""surge"": 0.4163165200525272}"
"[0, 1, 0, 0, 0, 1, 0, 1, 0, 1, 0, 1]",010001010101,"[""010001010101""]",1,0.000244140625,False,False,,,1.6484603362471932,0.07184913148698706,{},{}
"[0, 1, 0, 0, 0, 1, 0, 1, 1, 0, 0, 1]",010001011001,"[""010001011001""]",1,0.000244140625,False,False,,,1.8119826930739906,0.08015478586596421,{},{}
"[0, 1, 0, 0, 0, 1, 0, 1, 1, 0, 1, 1]",010001011011,"[""010001011011""]",1,0.000244140625,False,False,,,3.2129743432736104,0.15131418364003055,{},{}
"[0, 1, 0, 0, 0, 1, 0, 1, 1, 1, 0, 1]",010001011101,"[""010001011101""]",1,0.000244140625,False,False,,,3.0564118480494953,0.14336203569356293,{},{}
"[0, 1, 0, 0, 0, 1, 1, 0, 0, 0, 0, 1]",010001100001,"[""010001100001""]",1,0.000244140625,True,True,"[1, 2, 0, 2]",0.30833510854255153,0.3083351085425516,0.0037812710313532717,"{""degradation"": 0.2746301728980714, ""nominal"": 0.3103629343629345, ""surge"": 0.3400122183666488}","{""degradation"": 0.3664560107931553, ""nominal"": 0.1749523290656499, ""surge"": 0.25896801959572385}"
"[0, 1, 0, 0, 0, 1, 1, 0, 0, 0, 1, 0]",010001100010,"[""010001100010""]",1,0.000244140625,True,True,"[1, 2, 0, 1]",0.29782374734276396,0.29782374734276407,0.003247376248571382,"{""degradation"": 0.23502434304974731, ""nominal"": 0.3031196911196912, ""surge"": 0.3553272078588534}","{""degradation"": 0.18623162678406635, ""nominal"": 0.1589825660582949, ""surge"": 0.2915748377255142}"
"[0, 1, 0, 0, 0, 1, 1, 0, 0, 0, 1, 1]",010001100011,"[""010001100011""]",1,0.000244140625,False,False,,,1.6241154694905977,0.07061260302013832,{},{}
"[0, 1, 0, 0, 0, 1, 1, 0, 0, 1, 0, 0]",010001100100,"[""010001100100""]",1,0.000244140625,True,False,"[1, 2, 0, 0]",0.31694359783736226,0.31694359783736215,0.004218514832111066,"{""degradation"": 0.2965373572186506, ""nominal"": 0.3161853281853282, ""surge"": 0.3381081081081081}","{""degradation"": 0.46614357736277806, ""nominal"": 0.1877894306728411, ""surge"": 0.2549140189755532}"
"[0, 1, 0, 0, 0, 1, 1, 0, 0, 1, 1, 0]",010001100110,"[""010001100110""]",1,0.000244140625,False,False,,,1.6148890377792653,0.0701439725867675,{},{}
"[0, 1, 0, 0, 0, 1, 1, 0, 1, 0, 0, 1]",010001101001,"[""010001101001""]",1,0.000244140625,False,False,,,1.7162866203448548,0.07529417523792921,{},{}
"[0, 1, 0, 0, 0, 1, 1, 0, 1, 1, 0, 1]",010001101101,"[""010001101101""]",1,0.000244140625,False,False,,,3.0511868317874997,0.14309664581025397,{},{}
"[0, 1, 0, 0, 0, 1, 1, 0, 1, 1, 1, 0]",010001101110,"[""010001101110""]",1,0.000244140625,False,False,,,3.0406754705877113,0.14256275102747204,{},{}
"[0, 1, 0, 0, 0, 1, 1, 0, 1, 1, 1, 1]",010001101111,"[""010001101111""]",1,0.000244140625,False,False,,,6.384802113741689,0.31241818019661843,{},{}
"[0, 1, 0, 0, 0, 1, 1, 1, 0, 0, 0, 1]",010001110001,"[""010001110001""]",1,0.000244140625,False,False,,,1.6273704423658235,0.07077793013649836,{},{}
"[0, 1, 0, 0, 0, 1, 1, 1, 0, 0, 1, 1]",010001110011,"[""010001110011""]",1,0.000244140625,False,False,,,3.0105271715593,0.14103145367643602,{},{}
"[0, 1, 0, 0, 0, 1, 1, 1, 0, 1, 0, 1]",010001110101,"[""010001110101""]",1,0.000244140625,False,False,,,2.962270653808468,0.13858040070882308,{},{}
"[0, 1, 0, 0, 0, 1, 1, 1, 1, 0, 0, 0]",010001111000,"[""010001111000""]",1,0.000244140625,False,False,,,5.74470007403258,0.2799060123666663,{},{}
"[0, 1, 0, 0, 0, 1, 1, 1, 1, 1, 0, 1]",010001111101,"[""010001111101""]",1,0.000244140625,False,False,,,6.388057086616914,0.31258350731297846,{},{}
"[0, 1, 0, 0, 0, 1, 1, 1, 1, 1, 1, 0]",010001111110,"[""010001111110""]",1,0.000244140625,False,False,,,6.444922093662557,0.3154718040813492,{},{}
"[0, 1, 0, 0, 1, 0, 0, 0, 0, 0, 0, 0]",010010000000,"[""010010000000""]",1,0.000244140625,False,False,,,1.7872239758102302,0.07889723703625023,{},{}
"[0, 1, 0, 0, 1, 0, 0, 0, 0, 0, 0, 1]",010010000001,"[""010010000001""]",1,0.000244140625,False,False,,,1.0989357498271466,0.04393758852659776,{},{}
"[0, 1, 0, 0, 1, 0, 0, 0, 0, 0, 1, 1]",010010000011,"[""010010000011""]",1,0.000244140625,False,False,,,2.494389043215921,0.11481568117278448,{},{}
"[0, 1, 0, 0, 1, 0, 0, 0, 0, 1, 0, 0]",010010000100,"[""010010000100""]",1,0.000244140625,False,False,,,0.9927283158982227,0.03854308311578085,{},{}
"[0, 1, 0, 0, 1, 0, 0, 0, 0, 1, 0, 1]",010010000101,"[""010010000101""]",1,0.000244140625,False,False,,,2.3222750109212824,0.10607363700370781,{},{}
"[0, 1, 0, 0, 1, 0, 0, 0, 0, 1, 1, 0]",010010000110,"[""010010000110""]",1,0.000244140625,False,False,,,2.370346688280854,0.10851530152783895,{},{}
"[0, 1, 0, 0, 1, 0, 0, 0, 1, 0, 1, 1]",010010001011,"[""010010001011""]",1,0.000244140625,False,False,,,1.8179809794927464,0.08045945181395484,{},{}
"[0, 1, 0, 0, 1, 0, 0, 0, 1, 1, 0, 0]",010010001100,"[""010010001100""]",1,0.000244140625,True,True,"[1, 1, 2, 0]",0.29848533116890474,0.29848533116890513,0.0032809795228225546,"{""degradation"": 0.23502434304974731, ""nominal"": 0.3031196911196912, ""surge"": 0.35731195933727566}","{""degradation"": 0.18623162678406635, ""nominal"": 0.1589825660582949, ""surge"": 0.2958005298503888}"
"[0, 1, 0, 0, 1, 0, 0, 0, 1, 1, 0, 1]",010010001101,"[""010010001101""]",1,0.000244140625,False,False,,,1.6280320261919643,0.07081153341074951,{},{}
"[0, 1, 0, 0, 1, 0, 0, 1, 0, 0, 0, 0]",010010010000,"[""010010010000""]",1,0.000244140625,False,False,,,1.1648423481928616,0.04728512728485753,{},{}
"[0, 1, 0, 0, 1, 0, 0, 1, 0, 0, 0, 1]",010010010001,"[""010010010001""]",1,0.000244140625,True,False,"[1, 1, 1, 2]",0.4765541222097775,0.4765541222097774,0.012325478775205014,"{""degradation"": 0.25637132513575933, ""nominal"": 0.5686949806949808, ""surge"": 0.6045960607985924}","{""degradation"": 0.2833700205922034, ""nominal"": 0.744517842549714, ""surge"": 0.8222878465306871}"
"[0, 1, 0, 0, 1, 0, 0, 1, 0, 0, 1, 0]",010010010010,"[""010010010010""]",1,0.000244140625,True,False,"[1, 1, 1, 1]",0.6098370888209225,0.6098370888209225,0.019095209084617426,"{""degradation"": 0.24032207727357843, ""nominal"": 0.7945945945945946, ""surge"": 0.7945945945945946}","{""degradation"": 0.21033870624156784, ""nominal"": 1.242576954508308, ""surge"": 1.2268096804873128}"
"[0, 1, 0, 0, 1, 0, 0, 1, 1, 0, 0, 0]",010010011000,"[""010010011000""]",1,0.000244140625,False,False,,,2.488434284469687,0.11451322608947868,{},{}
"[0, 1, 0, 0, 1, 0, 0, 1, 1, 0, 0, 1]",010010011001,"[""010010011001""]",1,0.000244140625,False,False,,,1.8001460584866034,0.0795535775798262,{},{}
"[0, 1, 0, 0, 1, 0, 0, 1, 1, 0, 1, 1]",010010011011,"[""010010011011""]",1,0.000244140625,False,False,,,3.2808106411269504,0.15475973601129417,{},{}
"[0, 1, 0, 0, 1, 0, 1, 0, 0, 0, 1, 1]",010010100011,"[""010010100011""]",1,0.000244140625,False,False,,,1.7177283043100569,0.07536740148644375,{},{}
"[0, 1, 0, 0, 1, 0, 1, 0, 0, 1, 0, 0]",010010100100,"[""010010100100""]",1,0.000244140625,True,False,"[1, 1, 0, 0]",0.2887037124533543,0.2887037124533547,0.0027841499400374403,"{""degradation"": 0.24071531115411027, ""nominal"": 0.2927258687258687, ""surge"": 0.332669957480084}","{""degradation"": 0.21212809770645472, ""nominal"": 0.13606646690275115, ""surge"": 0.24333576823103625}"
"[0, 1, 0, 0, 1, 0, 1, 0, 0, 1, 1, 0]",010010100110,"[""010010100110""]",1,0.000244140625,False,False,,,1.6663220848359854,0.07275636835209552,{},{}
"[0, 1, 0, 0, 1, 0, 1, 0, 1, 0, 0, 1]",010010101001,"[""010010101001""]",1,0.000244140625,False,False,,,1.6458669471981078,0.07171740764487816,{},{}
"[0, 1, 0, 0, 1, 0, 1, 0, 1, 0, 1, 1]",010010101011,"[""010010101011""]",1,0.000244140625,False,False,,,3.0591551615930257,0.14350137452519354,{},{}
"[0, 1, 0, 0, 1, 0, 1, 0, 1, 1, 0, 0]",010010101100,"[""010010101100""]",1,0.000244140625,False,False,,,1.6122956487301798,0.07001224874465858,{},{}
"[0, 1, 0, 0, 1, 0, 1, 1, 0, 0, 0, 1]",010010110001,"[""010010110001""]",1,0.000244140625,False,False,,,1.6998933833039134,0.0744615272523151,{},{}
"[0, 1, 0, 0, 1, 0, 1, 1, 0, 0, 1, 0]",010010110010,"[""010010110010""]",1,0.000244140625,False,False,,,1.8153414289089151,0.08032538332759886,{},{}
"[0, 1, 0, 0, 1, 0, 1, 1, 0, 1, 1, 0]",010010110110,"[""010010110110""]",1,0.000244140625,False,False,,,3.111316825464047,0.14615077831530626,{},{}
"[0, 1, 0, 0, 1, 0, 1, 1, 1, 0, 0, 1]",010010111001,"[""010010111001""]",1,0.000244140625,False,False,,,5.041320240586883,0.24417982845451575,{},{}
"[0, 1, 0, 0, 1, 0, 1, 1, 1, 0, 1, 0]",010010111010,"[""010010111010""]",1,0.000244140625,False,False,,,5.174603207198028,0.25094955876392816,{},{}
"[0, 1, 0, 0, 1, 0, 1, 1, 1, 0, 1, 1]",010010111011,"[""010010111011""]",1,0.000244140625,False,False,,,6.52198482322723,0.31938598688598374,{},{}
"[0, 1, 0, 0, 1, 0, 1, 1, 1, 1, 1, 0]",010010111110,"[""010010111110""]",1,0.000244140625,False,False,,,6.470578603753159,0.31677495375163556,{},{}
"[0, 1, 0, 0, 1, 0, 1, 1, 1, 1, 1, 1]",010010111111,"[""010010111111""]",1,0.000244140625,False,False,,,9.835795140788505,0.48770158427127064,{},{}
"[0, 1, 0, 0, 1, 1, 0, 0, 0, 0, 0, 0]",010011000000,"[""010011000000""]",1,0.000244140625,False,False,,,3.2053740300695606,0.15092814728469794,{},{}
"[0, 1, 0, 0, 1, 1, 0, 0, 0, 1, 0, 1]",010011000101,"[""010011000101""]",1,0.000244140625,False,False,,,3.7615149590619823,0.1791757486026442,{},{}
"[0, 1, 0, 0, 1, 1, 0, 0, 1, 0, 0, 0]",010011001000,"[""010011001000""]",1,0.000244140625,False,False,,,2.5954906208657196,0.11995084909369436,{},{}
"[0, 1, 0, 0, 1, 1, 0, 0, 1, 0, 1, 0]",010011001010,"[""010011001010""]",1,0.000244140625,False,False,,,1.990943914254494,0.08924461357643029,{},{}
"[0, 1, 0, 0, 1, 1, 0, 0, 1, 1, 1, 1]",010011001111,"[""010011001111""]",1,0.000244140625,False,False,,,6.564919764253059,0.3215667454554068,{},{}
"[0, 1, 0, 0, 1, 1, 0, 1, 0, 1, 1, 0]",010011010110,"[""010011010110""]",1,0.000244140625,False,False,,,3.2545813770496146,0.15342749492653524,{},{}
"[0, 1, 0, 0, 1, 1, 0, 1, 0, 1, 1, 1]",010011010111,"[""010011010111""]",1,0.000244140625,False,False,,,6.601962993078819,0.32344825121204174,{},{}
"[0, 1, 0, 0, 1, 1, 0, 1, 1, 0, 0, 0]",010011011000,"[""010011011000""]",1,0.000244140625,False,False,,,3.9909439142544945,0.19082894173988113,{},{}
"[0, 1, 0, 0, 1, 1, 0, 1, 1, 1, 0, 1]",010011011101,"[""010011011101""]",1,0.000244140625,False,False,,,4.547084843246916,0.2190765430578274,{},{}
"[0, 1, 0, 0, 1, 1, 1, 0, 0, 0, 0, 0]",010011100000,"[""010011100000""]",1,0.000244140625,False,False,,,2.410878370157553,0.11057399336422853,{},{}
"[0, 1, 0, 0, 1, 1, 1, 0, 0, 0, 0, 1]",010011100001,"[""010011100001""]",1,0.000244140625,False,False,,,1.7404250651806126,0.0765202190887047,{},{}
"[0, 1, 0, 0, 1, 1, 1, 0, 1, 0, 1, 0]",010011101010,"[""010011101010""]",1,0.000244140625,False,False,,,3.21428317534863,0.15138066205354034,{},{}
"[0, 1, 0, 0, 1, 1, 1, 0, 1, 0, 1, 1]",010011101011,"[""010011101011""]",1,0.000244140625,False,False,,,4.561664791377833,0.21981709017559597,{},{}
"[0, 1, 0, 0, 1, 1, 1, 0, 1, 1, 0, 0]",010011101100,"[""010011101100""]",1,0.000244140625,False,False,,,3.1358951723963573,0.14739916574554973,{},{}
"[0, 1, 0, 0, 1, 1, 1, 0, 1, 1, 1, 1]",010011101111,"[""010011101111""]",1,0.000244140625,False,False,,,7.896565002820479,0.3892038889113716,{},{}
"[0, 1, 0, 0, 1, 1, 1, 1, 0, 0, 0, 0]",010011110000,"[""010011110000""]",1,0.000244140625,False,False,,,3.788496742540184,0.18054621177628663,{},{}
"[0, 1, 0, 0, 1, 1, 1, 1, 0, 0, 0, 1]",010011110001,"[""010011110001""]",1,0.000244140625,False,False,,,3.1180434375632435,0.14649243750076277,{},{}
"[0, 1, 0, 0, 1, 1, 1, 1, 0, 1, 0, 1]",010011110101,"[""010011110101""]",1,0.000244140625,False,False,,,4.4529436490058885,0.21429490807308754,{},{}
"[0, 1, 0, 0, 1, 1, 1, 1, 1, 0, 1, 1]",010011111011,"[""010011111011""]",1,0.000244140625,False,False,,,8.024494453012037,0.3957017025363862,{},{}
"[0, 1, 0, 0, 1, 1, 1, 1, 1, 1, 0, 1]",010011111101,"[""010011111101""]",1,0.000244140625,False,False,,,7.878730081814334,0.3882980146772429,{},{}
"[0, 1, 0, 1, 0, 0, 0, 0, 0, 0, 0, 1]",010100000001,"[""010100000001""]",1,0.000244140625,False,False,,,0.9393835294310637,0.035833585968636304,{},{}
"[0, 1, 0, 1, 0, 0, 0, 0, 0, 0, 1, 0]",010100000010,"[""010100000010""]",1,0.000244140625,False,False,,,0.9467070892374195,0.03620556541998305,{},{}
"[0, 1, 0, 1, 0, 0, 0, 0, 0, 1, 0, 0]",010100000100,"[""010100000100""]",1,0.000244140625,False,False,,,0.9570336100459467,0.03673007175928312,{},{}
"[0, 1, 0, 1, 0, 0, 0, 0, 0, 1, 1, 0]",010100000110,"[""010100000110""]",1,0.000244140625,False,False,,,2.2549790499878495,0.10265552951393951,{},{}
"[0, 1, 0, 1, 0, 0, 0, 0, 1, 1, 1, 0]",010100001110,"[""010100001110""]",1,0.000244140625,False,False,,,1.5785709862646748,0.06829930015510985,{},{}
"[0, 1, 0, 1, 0, 0, 0, 1, 0, 1, 0, 1]",010100010101,"[""010100010101""]",1,0.000244140625,False,False,,,1.5845257450109091,0.06860175523841568,{},{}
"[0, 1, 0, 1, 0, 0, 0, 1, 0, 1, 1, 1]",010100010111,"[""010100010111""]",1,0.000244140625,False,False,,,4.967682474204386,0.2404396069418042,{},{}
"[0, 1, 0, 1, 0, 0, 0, 1, 1, 0, 0, 0]",010100011000,"[""010100011000""]",1,0.000244140625,False,False,,,2.2913889193956143,0.10450486557509289,{},{}
"[0, 1, 0, 1, 0, 0, 0, 1, 1, 0, 0, 1]",010100011001,"[""010100011001""]",1,0.000244140625,False,False,,,1.5820107995311612,0.06847401571495172,{},{}
"[0, 1, 0, 1, 0, 0, 0, 1, 1, 1, 0, 0]",010100011100,"[""010100011100""]",1,0.000244140625,False,False,,,1.5996608801460446,0.06937050150559856,{},{}
"[0, 1, 0, 1, 0, 0, 1, 0, 0, 1, 0, 0]",010100100100,"[""010100100100""]",1,0.000244140625,True,False,"[1, 0, 0, 0]",0.3346867333821466,0.3346867333821467,0.005119727084026059,"{""degradation"": 0.37393733225142, ""nominal"": 0.32979150579150585, ""surge"": 0.3003313621035141}","{""degradation"": 0.8183483632748703, ""nominal"": 0.21778806864614547, ""surge"": 0.1744843531808714}"
"[0, 1, 0, 1, 0, 0, 1, 0, 0, 1, 0, 1]",010100100101,"[""010100100101""]",1,0.000244140625,False,False,,,1.6609784555299805,0.072484953855593,{},{}
"[0, 1, 0, 1, 0, 0, 1, 0, 0, 1, 1, 0]",010100100110,"[""010100100110""]",1,0.000244140625,False,False,,,1.6326321733240494,0.07104518483868245,{},{}
"[0, 1, 0, 1, 0, 0, 1, 0, 0, 1, 1, 1]",010100100111,"[""010100100111""]",1,0.000244140625,False,False,,,4.976758816478027,0.24090061400782886,{},{}
"[0, 1, 0, 1, 0, 0, 1, 0, 1, 0, 0, 0]",010100101000,"[""010100101000""]",1,0.000244140625,False,False,,,2.259535652441403,0.1028869692134156,{},{}
"[0, 1, 0, 1, 0, 0, 1, 0, 1, 1, 0, 1]",010100101101,"[""010100101101""]",1,0.000244140625,False,False,,,2.9845703918068054,0.13971305266021414,{},{}
"[0, 1, 0, 1, 0, 0, 1, 0, 1, 1, 1, 0]",010100101110,"[""010100101110""]",1,0.000244140625,False,False,,,2.974059030607018,0.13917915787743224,{},{}
"[0, 1, 0, 1, 0, 0, 1, 1, 0, 0, 1, 1]",010100110011,"[""010100110011""]",1,0.000244140625,False,False,,,2.946592580323016,0.13778407742786467,{},{}
"[0, 1, 0, 1, 0, 0, 1, 1, 1, 0, 0, 1]",010100111001,"[""010100111001""]",1,0.000244140625,False,False,,,4.904862708412509,0.2372488550901276,{},{}
"[0, 1, 0, 1, 0, 0, 1, 1, 1, 1, 0, 1]",010100111101,"[""010100111101""]",1,0.000244140625,False,False,,,6.321440646636221,0.3091999141629387,{},{}
"[0, 1, 0, 1, 0, 0, 1, 1, 1, 1, 1, 1]",010100111111,"[""010100111111""]",1,0.000244140625,False,False,,,9.72243229683584,0.4819436401004559,{},{}
"[0, 1, 0, 1, 0, 1, 0, 0, 0, 0, 0, 1]",010101000001,"[""010101000001""]",1,0.000244140625,False,False,,,2.357533583690394,0.10786449621708398,{},{}
"[0, 1, 0, 1, 0, 1, 0, 0, 0, 0, 1, 0]",010101000010,"[""010101000010""]",1,0.000244140625,False,False,,,2.36485714349675,0.10823647566843074,{},{}
"[0, 1, 0, 1, 0, 1, 0, 0, 0, 1, 0, 0]",010101000100,"[""010101000100""]",1,0.000244140625,False,False,,,2.396273558186646,0.10983218335821948,{},{}
"[0, 1, 0, 1, 0, 1, 0, 0, 0, 1, 0, 1]",010101000101,"[""010101000101""]",1,0.000244140625,False,False,,,3.7047303593283365,0.17629153589565777,{},{}
"[0, 1, 0, 1, 0, 1, 0, 0, 1, 0, 0, 0]",010101001000,"[""010101001000""]",1,0.000244140625,False,False,,,2.457028294351006,0.11291804788622159,{},{}
"[0, 1, 0, 1, 0, 1, 0, 0, 1, 0, 0, 1]",010101001001,"[""010101001001""]",1,0.000244140625,False,False,,,1.7476501744865534,0.07688719802608045,{},{}
"[0, 1, 0, 1, 0, 1, 0, 0, 1, 0, 1, 0]",010101001010,"[""010101001010""]",1,0.000244140625,False,False,,,1.7728086552990523,0.07816505171155583,{},{}
"[0, 1, 0, 1, 0, 1, 0, 1, 1, 0, 0, 0]",010101011000,"[""010101011000""]",1,0.000244140625,False,False,,,3.7938985491804216,0.18082058122549532,{},{}
"[0, 1, 0, 1, 0, 1, 0, 1, 1, 0, 0, 1]",010101011001,"[""010101011001""]",1,0.000244140625,False,False,,,3.084520429315968,0.1447897313653541,{},{}
"[0, 1, 0, 1, 0, 1, 0, 1, 1, 0, 1, 1]",010101011011,"[""010101011011""]",1,0.000244140625,False,False,,,4.485512079515589,0.21594912913942052,{},{}
"[0, 1, 0, 1, 0, 1, 0, 1, 1, 1, 0, 0]",010101011100,"[""010101011100""]",1,0.000244140625,False,False,,,3.123260403812221,0.14675741850648968,{},{}
"[0, 1, 0, 1, 0, 1, 0, 1, 1, 1, 1, 1]",010101011111,"[""010101011111""]",1,0.000244140625,False,False,,,7.83270885515353,0.3859604969814451,{},{}
"[0, 1, 0, 1, 0, 1, 1, 0, 0, 0, 0, 0]",010101100000,"[""010101100000""]",1,0.000244140625,False,False,,,2.3540937704239076,0.1076897806572421,{},{}
"[0, 1, 0, 1, 0, 1, 1, 0, 0, 0, 1, 0]",010101100010,"[""010101100010""]",1,0.000244140625,False,False,,,1.6520392103658104,0.07203091024844771,{},{}
"[0, 1, 0, 1, 0, 1, 1, 0, 0, 0, 1, 1]",010101100011,"[""010101100011""]",1,0.000244140625,False,False,,,2.978330932513644,0.1393961370200146,{},{}
"[0, 1, 0, 1, 0, 1, 1, 0, 0, 1, 0, 1]",010101100101,"[""010101100101""]",1,0.000244140625,False,False,,,3.10021840367068,0.14558706545452937,{},{}
"[0, 1, 0, 1, 0, 1, 1, 0, 0, 1, 1, 1]",010101100111,"[""010101100111""]",1,0.000244140625,False,False,,,6.415998764618726,0.31400272560676523,{},{}
"[0, 1, 0, 1, 0, 1, 1, 0, 1, 0, 1, 0]",010101101010,"[""010101101010""]",1,0.000244140625,False,False,,,3.0778256431742568,0.14444968868915226,{},{}
"[0, 1, 0, 1, 0, 1, 1, 0, 1, 1, 0, 1]",010101101101,"[""010101101101""]",1,0.000244140625,False,False,,,4.508169915472982,0.21709996966110526,{},{}
"[0, 1, 0, 1, 0, 1, 1, 1, 0, 0, 0, 0]",010101110000,"[""010101110000""]",1,0.000244140625,False,False,,,3.67312910424718,0.17468643976238724,{},{}
"[0, 1, 0, 1, 0, 1, 1, 1, 0, 0, 1, 1]",010101110011,"[""010101110011""]",1,0.000244140625,False,False,,,4.364742634582346,0.20981498767631238,{},{}
"[0, 1, 0, 1, 0, 1, 1, 1, 0, 1, 0, 1]",010101110101,"[""010101110101""]",1,0.000244140625,False,False,,,4.419253737493952,0.21258372455967445,{},{}
"[0, 1, 0, 1, 0, 1, 1, 1, 1, 0, 1, 1]",010101111011,"[""010101111011""]",1,0.000244140625,False,False,,,7.808363988396936,0.3847239685145964,{},{}
"[0, 1, 0, 1, 0, 1, 1, 1, 1, 1, 0, 0]",010101111100,"[""010101111100""]",1,0.000244140625,False,False,,,6.518748448154564,0.3192216043922629,{},{}
"[0, 1, 0, 1, 1, 0, 0, 0, 0, 1, 0, 1]",010110000101,"[""010110000101""]",1,0.000244140625,False,False,,,3.67160801463149,0.17460918032904407,{},{}
"[0, 1, 0, 1, 1, 0, 0, 0, 0, 1, 1, 0]",010110000110,"[""010110000110""]",1,0.000244140625,False,False,,,3.719679691991061,0.17705084485317518,{},{}
"[0, 1, 0, 1, 1, 0, 0, 0, 0, 1, 1, 1]",010110000111,"[""010110000111""]",1,0.000244140625,False,False,,,7.067061308020264,0.34707160113868163,{},{}
"[0, 1, 0, 1, 1, 0, 0, 0, 1, 0, 0, 0]",010110001000,"[""010110001000""]",1,0.000244140625,False,False,,,2.339546374128682,0.10695088691765314,{},{}
"[0, 1, 0, 1, 1, 0, 0, 0, 1, 0, 1, 0]",010110001010,"[""010110001010""]",1,0.000244140625,False,False,,,1.7349996675174562,0.07624465140038905,{},{}
"[0, 1, 0, 1, 1, 0, 0, 0, 1, 0, 1, 1]",010110001011,"[""010110001011""]",1,0.000244140625,False,False,,,3.0645463625405167,0.14377520528831605,{},{}
"[0, 1, 0, 1, 1, 0, 0, 0, 1, 1, 0, 1]",010110001101,"[""010110001101""]",1,0.000244140625,False,False,,,2.977365029902172,0.1393470767360858,{},{}
"[0, 1, 0, 1, 1, 0, 0, 0, 1, 1, 1, 0]",010110001110,"[""010110001110""]",1,0.000244140625,False,False,,,3.0432716282678864,0.1426946154943455,{},{}
"[0, 1, 0, 1, 1, 0, 0, 1, 0, 0, 0, 0]",010110010000,"[""010110010000""]",1,0.000244140625,False,False,,,2.4114077312406312,0.11060088075921873,{},{}
"[0, 1, 0, 1, 1, 0, 0, 1, 0, 0, 1, 1]",010110010011,"[""010110010011""]",1,0.000244140625,False,False,,,3.185949166891752,0.14994151644690562,{},{}
"[0, 1, 0, 1, 1, 0, 0, 1, 1, 0, 0, 0]",010110011000,"[""010110011000""]",1,0.000244140625,False,False,,,3.7349996675174566,0.1778289795638399,{},{}
"[0, 1, 0, 1, 1, 0, 1, 0, 0, 0, 0, 1]",010110100001,"[""010110100001""]",1,0.000244140625,False,False,,,1.65051812075012,0.07195365081510455,{},{}
"[0, 1, 0, 1, 1, 0, 1, 0, 0, 1, 0, 1]",010110100101,"[""010110100101""]",1,0.000244140625,False,False,,,3.0670960589738323,0.14390470988791562,{},{}
"[0, 1, 0, 1, 1, 0, 1, 0, 1, 0, 1, 0]",010110101010,"[""010110101010""]",1,0.000244140625,False,False,,,3.0400166553926606,0.14252928837798548,{},{}
"[0, 1, 0, 1, 1, 0, 1, 0, 1, 0, 1, 1]",010110101011,"[""010110101011""]",1,0.000244140625,False,False,,,4.387398271421864,0.21096571650004112,{},{}
"[0, 1, 0, 1, 1, 0, 1, 0, 1, 1, 0, 0]",010110101100,"[""010110101100""]",1,0.000244140625,False,False,,,3.0433063792214554,0.1426963805704812,{},{}
"[0, 1, 0, 1, 1, 0, 1, 1, 0, 0, 0, 0]",010110110000,"[""010110110000""]",1,0.000244140625,False,False,,,3.6985897981096914,0.17597964350268647,{},{}
"[0, 1, 0, 1, 1, 0, 1, 1, 0, 0, 0, 1]",010110110001,"[""010110110001""]",1,0.000244140625,False,False,,,3.0281364931327515,0.14192586922716266,{},{}
"[0, 1, 0, 1, 1, 0, 1, 1, 0, 0, 1, 0]",010110110010,"[""010110110010""]",1,0.000244140625,False,False,,,3.1435845387377537,0.14778972530244644,{},{}
"[0, 1, 0, 1, 1, 1, 0, 0, 0, 0, 0, 1]",010111000001,"[""010111000001""]",1,0.000244140625,False,False,,,5.789623540328455,0.28218777243788623,{},{}
"[0, 1, 0, 1, 1, 1, 0, 1, 0, 0, 0, 1]",010111010001,"[""010111010001""]",1,0.000244140625,False,False,,,5.167241912711086,0.2505756626864935,{},{}
"[0, 1, 0, 1, 1, 1, 0, 1, 0, 0, 1, 1]",010111010011,"[""010111010011""]",1,0.000244140625,False,False,,,6.630071574345291,0.3248759468838329,{},{}
"[0, 1, 0, 1, 1, 1, 0, 1, 0, 1, 0, 0]",010111010100,"[""010111010100""]",1,0.000244140625,False,False,,,5.1848919933259685,0.2514721484771403,{},{}
"[0, 1, 0, 1, 1, 1, 0, 1, 0, 1, 1, 0]",010111010110,"[""010111010110""]",1,0.000244140625,False,False,,,6.629886733954031,0.3248665584403511,{},{}
"[0, 1, 0, 1, 1, 1, 0, 1, 0, 1, 1, 1]",010111010111,"[""010111010111""]",1,0.000244140625,False,False,,,9.977268349983234,0.49488731472585756,{},{}
"[0, 1, 0, 1, 1, 1, 0, 1, 1, 0, 0, 0]",010111011000,"[""010111011000""]",1,0.000244140625,False,False,,,7.263481650496472,0.3570482154027219,{},{}
"[0, 1, 0, 1, 1, 1, 0, 1, 1, 1, 0, 1]",010111011101,"[""010111011101""]",1,0.000244140625,False,False,,,7.922390200151332,0.39051560657164325,{},{}
"[0, 1, 0, 1, 1, 1, 1, 0, 0, 0, 1, 0]",010111100010,"[""010111100010""]",1,0.000244140625,False,False,,,5.14271220556323,0.24932974577616293,{},{}
"[0, 1, 0, 1, 1, 1, 1, 0, 0, 1, 0, 1]",010111100101,"[""010111100101""]",1,0.000244140625,False,False,,,6.532308360308741,0.3199103416753316,{},{}
"[0, 1, 0, 1, 1, 1, 1, 0, 0, 1, 1, 0]",010111100110,"[""010111100110""]",1,0.000244140625,False,False,,,6.562545116662169,0.32144613196533406,{},{}
"[0, 1, 0, 1, 1, 1, 1, 0, 0, 1, 1, 1]",010111100111,"[""010111100111""]",1,0.000244140625,False,False,,,9.927761653697516,0.4923727624849692,{},{}
"[0, 1, 0, 1, 1, 1, 1, 0, 1, 0, 0, 0]",010111101000,"[""010111101000""]",1,0.000244140625,False,False,,,7.173045344982902,0.3524547597341316,{},{}
"[0, 1, 0, 1, 1, 1, 1, 0, 1, 0, 0, 1]",010111101001,"[""010111101001""]",1,0.000244140625,False,False,,,6.502592040005962,0.3184009854586078,{},{}
"[0, 1, 0, 1, 1, 1, 1, 0, 1, 0, 1, 0]",010111101010,"[""010111101010""]",1,0.000244140625,False,False,,,6.568498638371676,0.3217485242168675,{},{}
"[0, 1, 0, 1, 1, 1, 1, 0, 1, 1, 1, 0]",010111101110,"[""010111101110""]",1,0.000244140625,False,False,,,7.988331549470614,0.3938649104060386,{},{}
"[0, 1, 0, 1, 1, 1, 1, 1, 0, 0, 0, 0]",010111110000,"[""010111110000""]",1,0.000244140625,False,False,,,7.142712205563231,0.35091407393961377,{},{}
"[0, 1, 0, 1, 1, 1, 1, 1, 0, 0, 0, 1]",010111110001,"[""010111110001""]",1,0.000244140625,False,False,,,6.47225890058629,0.3168602996640899,{},{}
"[0, 1, 0, 1, 1, 1, 1, 1, 0, 0, 1, 1]",010111110011,"[""010111110011""]",1,0.000244140625,False,False,,,7.9350885622204945,0.3911605838614293,{},{}
"[0, 1, 0, 1, 1, 1, 1, 1, 0, 1, 0, 0]",010111110100,"[""010111110100""]",1,0.000244140625,False,False,,,6.562545116662169,0.32144613196533406,{},{}
"[0, 1, 0, 1, 1, 1, 1, 1, 0, 1, 0, 1]",010111110101,"[""010111110101""]",1,0.000244140625,False,False,,,7.909926732691373,0.38988256008738975,{},{}
"[0, 1, 0, 1, 1, 1, 1, 1, 1, 0, 0, 0]",010111111000,"[""010111111000""]",1,0.000244140625,False,False,,,10.568498638371675,0.5249171805437691,{},{}
"[0, 1, 0, 1, 1, 1, 1, 1, 1, 0, 0, 1]",010111111001,"[""010111111001""]",1,0.000244140625,False,False,,,9.898045333394737,0.4908634062682454,{},{}
"[0, 1, 0, 1, 1, 1, 1, 1, 1, 1, 1, 1]",010111111111,"[""010111111111""]",1,0.000244140625,False,False,,,14.816377748140166,0.740676153286464,{},{}
"[0, 1, 1, 0, 0, 0, 0, 0, 0, 0, 0, 0]",011000000000,"[""011000000000""]",1,0.000244140625,False,False,,,3.7770766700155716,0.1799661615787913,{},{}
"[0, 1, 1, 0, 0, 0, 0, 0, 0, 0, 1, 1]",011000000011,"[""011000000011""]",1,0.000244140625,False,False,,,4.4678384866246414,0.2150514491093899,{},{}
"[0, 1, 1, 0, 0, 0, 0, 0, 0, 1, 0, 0]",011000000100,"[""011000000100""]",1,0.000244140625,False,False,,,2.9825810101035644,0.13961200765832193,{},{}
"[0, 1, 1, 0, 0, 0, 0, 0, 0, 1, 0, 1]",011000000101,"[""011000000101""]",1,0.000244140625,False,False,,,4.375397386770732,0.21035616559771497,{},{}
"[0, 1, 1, 0, 0, 0, 0, 0, 0, 1, 1, 0]",011000000110,"[""011000000110""]",1,0.000244140625,False,False,,,4.280526450045467,0.20553746541297832,{},{}
"[0, 1, 1, 0, 0, 0, 0, 0, 1, 0, 1, 1]",011000001011,"[""011000001011""]",1,0.000244140625,False,False,,,3.7914304229014673,0.18069521975056027,{},{}
"[0, 1, 1, 0, 0, 0, 0, 0, 1, 1, 1, 0]",011000001110,"[""011000001110""]",1,0.000244140625,False,False,,,3.6041183863222925,0.17118123605414867,{},{}
"[0, 1, 1, 0, 0, 0, 0, 1, 0, 1, 0, 1]",011000010101,"[""011000010101""]",1,0.000244140625,False,False,,,3.7155226144753732,0.17683969788989792,{},{}
"[0, 1, 1, 0, 0, 0, 0, 1, 1, 1, 1, 1]",011000011111,"[""011000011111""]",1,0.000244140625,False,False,,,8.440106200951817,0.4168115226320362,{},{}
"[0, 1, 1, 0, 0, 0, 1, 0, 0, 0, 1, 0]",011000100010,"[""011000100010""]",1,0.000244140625,False,False,,,2.280526450045467,0.10395313724952751,{},{}
"[0, 1, 1, 0, 0, 0, 1, 0, 0, 1, 0, 0]",011000100100,"[""011000100100""]",1,0.000244140625,False,False,,,2.2785564066586956,0.1038530744825785,{},{}
"[0, 1, 1, 0, 0, 0, 1, 0, 0, 1, 0, 1]",011000100101,"[""011000100101""]",1,0.000244140625,False,False,,,3.689207704332007,0.1755031066561002,{},{}
"[0, 1, 1, 0, 0, 0, 1, 0, 0, 1, 1, 0]",011000100110,"[""011000100110""]",1,0.000244140625,False,False,,,3.5765018466005984,0.16977853223723488,{},{}
"[0, 1, 1, 0, 0, 0, 1, 0, 1, 0, 1, 1]",011000101011,"[""011000101011""]",1,0.000244140625,False,False,,,5.032604605001747,0.24373714246179898,{},{}
"[0, 1, 1, 0, 0, 0, 1, 0, 1, 1, 0, 0]",011000101100,"[""011000101100""]",1,0.000244140625,False,False,,,3.6021483429355214,0.17108117328719968,{},{}
"[0, 1, 1, 0, 0, 0, 1, 0, 1, 1, 0, 1]",011000101101,"[""011000101101""]",1,0.000244140625,False,False,,,5.012799640608832,0.24273120546072133,{},{}
"[0, 1, 1, 0, 0, 0, 1, 0, 1, 1, 1, 0]",011000101110,"[""011000101110""]",1,0.000244140625,False,False,,,4.917928703883567,0.2379125052759847,{},{}
"[0, 1, 1, 0, 0, 0, 1, 1, 0, 0, 1, 1]",011000110011,"[""011000110011""]",1,0.000244140625,False,False,,,5.09867934366885,0.2470932214298356,{},{}
"[0, 1, 1, 0, 0, 0, 1, 1, 0, 1, 0, 0]",011000110100,"[""011000110100""]",1,0.000244140625,False,False,,,3.618681634363337,0.17192093493821226,{},{}
"[0, 1, 1, 0, 0, 0, 1, 1, 0, 1, 1, 1]",011000110111,"[""011000110111""]",1,0.000244140625,False,False,,,8.412489661230126,0.41540881881512254,{},{}
"[0, 1, 1, 0, 0, 0, 1, 1, 1, 0, 0, 0]",011000111000,"[""011000111000""]",1,0.000244140625,False,False,,,7.6641330950911755,0.3773981693161564,{},{}
"[0, 1, 1, 0, 0, 0, 1, 1, 1, 0, 1, 1]",011000111011,"[""011000111011""]",1,0.000244140625,False,False,,,8.457941121957962,0.4177173968661649,{},{}
"[0, 1, 1, 0, 0, 0, 1, 1, 1, 1, 0, 0]",011000111100,"[""011000111100""]",1,0.000244140625,False,False,,,6.960108491646307,0.3416392361404129,{},{}
"[0, 1, 1, 0, 0, 0, 1, 1, 1, 1, 1, 1]",011000111111,"[""011000111111""]",1,0.000244140625,False,False,,,11.771751439519237,0.5860329942514517,{},{}
"[0, 1, 1, 0, 0, 1, 0, 0, 0, 1, 0, 0]",011001000100,"[""011001000100""]",1,0.000244140625,False,False,,,2.3958486050500554,0.10981059906877873,{},{}
"[0, 1, 1, 0, 0, 1, 0, 0, 0, 1, 1, 0]",011001000110,"[""011001000110""]",1,0.000244140625,False,False,,,3.693794044991958,0.17573605682343513,{},{}
"[0, 1, 1, 0, 0, 1, 0, 0, 1, 0, 0, 0]",011001001000,"[""011001001000""]",1,0.000244140625,False,False,,,2.5593709618768528,0.11811625344775586,{},{}
"[0, 1, 1, 0, 0, 1, 0, 0, 1, 1, 0, 1]",011001001101,"[""011001001101""]",1,0.000244140625,False,False,,,3.1787815725133823,0.14957745881716822,{},{}
"[0, 1, 1, 0, 0, 1, 0, 0, 1, 1, 1, 0]",011001001110,"[""011001001110""]",1,0.000244140625,False,False,,,3.1017455567942607,0.1456646328665602,{},{}
"[0, 1, 1, 0, 0, 1, 0, 0, 1, 1, 1, 1]",011001001111,"[""011001001111""]",1,0.000244140625,False,False,,,6.512396854467571,0.3188989932035327,{},{}
"[0, 1, 1, 0, 0, 1, 0, 1, 0, 0, 1, 0]",011001010010,"[""011001010010""]",1,0.000244140625,False,False,,,1.874701406972668,0.08334040507330062,{},{}
"[0, 1, 1, 0, 0, 1, 0, 1, 0, 0, 1, 1]",011001010011,"[""011001010011""]",1,0.000244140625,False,False,,,3.2675177836398346,0.1540845630126936,{},{}
"[0, 1, 1, 0, 0, 1, 0, 1, 0, 1, 0, 1]",011001010101,"[""011001010101""]",1,0.000244140625,False,False,,,3.1287902094218634,0.14703828930035467,{},{}
"[0, 1, 1, 0, 0, 1, 0, 1, 0, 1, 1, 1]",011001010111,"[""011001010111""]",1,0.000244140625,False,False,,,6.511946938615341,0.31887614100374323,{},{}
"[0, 1, 1, 0, 0, 1, 0, 1, 1, 0, 0, 0]",011001011000,"[""011001011000""]",1,0.000244140625,False,False,,,3.9173311105876376,0.1870899881375183,{},{}
"[0, 1, 1, 0, 0, 1, 0, 1, 1, 0, 0, 1]",011001011001,"[""011001011001""]",1,0.000244140625,False,False,,,3.292312566248661,0.15534394367933183,{},{}
"[0, 1, 1, 0, 0, 1, 0, 1, 1, 0, 1, 0]",011001011010,"[""011001011010""]",1,0.000244140625,False,False,,,3.3004878397811135,0.15575918351400514,{},{}
"[0, 1, 1, 0, 0, 1, 0, 1, 1, 0, 1, 1]",011001011011,"[""011001011011""]",1,0.000244140625,False,False,,,4.693304216448281,0.22650334145339818,{},{}
"[0, 1, 1, 0, 0, 1, 1, 0, 0, 0, 1, 0]",011001100010,"[""011001100010""]",1,0.000244140625,False,False,,,1.672704151110589,0.07308052730949563,{},{}
"[0, 1, 1, 0, 0, 1, 1, 0, 0, 1, 0, 1]",011001100101,"[""011001100101""]",1,0.000244140625,False,False,,,3.102475299278498,0.145701698066557,{},{}
"[0, 1, 1, 0, 0, 1, 1, 0, 0, 1, 1, 1]",011001100111,"[""011001100111""]",1,0.000244140625,False,False,,,6.418255660226544,0.31411735821879283,{},{}
"[0, 1, 1, 0, 0, 1, 1, 0, 1, 0, 1, 0]",011001101010,"[""011001101010""]",1,0.000244140625,False,False,,,3.098490583919035,0.14549930575020018,{},{}
"[0, 1, 1, 0, 0, 1, 1, 0, 1, 1, 0, 1]",011001101101,"[""011001101101""]",1,0.000244140625,False,False,,,4.5104268110808015,0.21721460227313294,{},{}
"[0, 1, 1, 0, 0, 1, 1, 0, 1, 1, 1, 0]",011001101110,"[""011001101110""]",1,0.000244140625,False,False,,,4.415555874355536,0.21239590208839626,{},{}
"[0, 1, 1, 0, 0, 1, 1, 1, 0, 1, 0, 0]",011001110100,"[""011001110100""]",1,0.000244140625,False,False,,,3.031949229309829,0.1421195263486691,{},{}
"[0, 1, 1, 0, 0, 1, 1, 1, 1, 0, 0, 1]",011001111001,"[""011001111001""]",1,0.000244140625,False,False,,,6.53348674834894,0.31997019455402137,{},{}
"[0, 1, 1, 0, 0, 1, 1, 1, 1, 0, 1, 0]",011001111010,"[""011001111010""]",1,0.000244140625,False,False,,,6.52382710087525,0.3194795601545661,{},{}
"[0, 1, 1, 0, 0, 1, 1, 1, 1, 1, 1, 1]",011001111111,"[""011001111111""]",1,0.000244140625,False,False,,,11.269378609991204,0.5605163910638632,{},{}
"[0, 1, 1, 0, 1, 0, 0, 0, 0, 0, 0, 0]",011010000000,"[""011010000000""]",1,0.000244140625,False,False,,,3.1621043795780546,0.14873038809717445,{},{}
"[0, 1, 1, 0, 1, 0, 0, 0, 0, 1, 0, 0]",011010000100,"[""011010000100""]",1,0.000244140625,False,False,,,2.3676087196660474,0.10837623417670507,{},{}
"[0, 1, 1, 0, 1, 0, 0, 0, 0, 1, 1, 1]",011010000111,"[""011010000111""]",1,0.000244140625,False,False,,,7.176968283603358,0.35265401427622434,{},{}
"[0, 1, 1, 0, 1, 0, 0, 0, 1, 0, 1, 1]",011010001011,"[""011010001011""]",1,0.000244140625,False,False,,,3.2772209587860486,0.15457740827683383,{},{}
"[0, 1, 1, 0, 1, 0, 0, 0, 1, 1, 1, 1]",011010001111,"[""011010001111""]",1,0.000244140625,False,False,,,6.500560219880185,0.31829778491739474,{},{}
"[0, 1, 1, 0, 1, 0, 0, 1, 0, 0, 0, 1]",011010010001,"[""011010010001""]",1,0.000244140625,False,False,,,1.9568839953844486,0.08751463658857268,{},{}
"[0, 1, 1, 0, 1, 0, 0, 1, 0, 1, 1, 0]",011010010110,"[""011010010110""]",1,0.000244140625,False,False,,,3.211311726558109,0.15122973573901177,{},{}
"[0, 1, 1, 0, 1, 0, 0, 1, 1, 0, 0, 0]",011010011000,"[""011010011000""]",1,0.000244140625,False,False,,,3.8844045821188806,0.18541757850089158,{},{}
"[0, 1, 1, 0, 1, 0, 0, 1, 1, 0, 0, 1]",011010011001,"[""011010011001""]",1,0.000244140625,False,False,,,3.2804759316612744,0.15474273539319386,{},{}
"[0, 1, 1, 0, 1, 0, 0, 1, 1, 0, 1, 1]",011010011011,"[""011010011011""]",1,0.000244140625,False,False,,,4.761140514301622,0.22994889382466185,{},{}
"[0, 1, 1, 0, 1, 0, 0, 1, 1, 1, 0, 0]",011010011100,"[""011010011100""]",1,0.000244140625,False,False,,,3.089908922206873,0.14506342458042218,{},{}
"[0, 1, 1, 0, 1, 0, 0, 1, 1, 1, 1, 1]",011010011111,"[""011010011111""]",1,0.000244140625,False,False,,,7.984479775395759,0.3936692704652228,{},{}
"[0, 1, 1, 0, 1, 0, 1, 0, 0, 0, 0, 0]",011010100000,"[""011010100000""]",1,0.000244140625,False,False,,,2.3676087196660474,0.10837623417670507,{},{}
"[0, 1, 1, 0, 1, 0, 1, 0, 0, 0, 1, 0]",011010100010,"[""011010100010""]",1,0.000244140625,False,False,,,1.7452270920486788,0.07676412442531237,{},{}
"[0, 1, 1, 0, 1, 0, 1, 0, 0, 0, 1, 1]",011010100011,"[""011010100011""]",1,0.000244140625,False,False,,,3.176968283603359,0.14948535794932274,{},{}
"[0, 1, 1, 0, 1, 0, 1, 0, 0, 1, 0, 0]",011010100100,"[""011010100100""]",1,0.000244140625,False,False,,,1.6635841162211795,0.07261730100096168,{},{}
"[0, 1, 1, 0, 1, 0, 1, 0, 1, 0, 0, 0]",011010101000,"[""011010101000""]",1,0.000244140625,False,False,,,3.6912006559428736,0.17560433298132627,{},{}
"[0, 1, 1, 0, 1, 0, 1, 0, 1, 0, 0, 1]",011010101001,"[""011010101001""]",1,0.000244140625,False,False,,,3.105106926491409,0.1458353641077571,{},{}
"[0, 1, 1, 0, 1, 0, 1, 0, 1, 0, 1, 1]",011010101011,"[""011010101011""]",1,0.000244140625,False,False,,,4.518395140886327,0.2176193309880725,{},{}
"[0, 1, 1, 0, 1, 0, 1, 0, 1, 1, 0, 0]",011010101100,"[""011010101100""]",1,0.000244140625,False,False,,,2.987176052498004,0.13984539980558278,{},{}
"[0, 1, 1, 0, 1, 0, 1, 0, 1, 1, 1, 0]",011010101110,"[""011010101110""]",1,0.000244140625,False,False,,,4.382629345886779,0.21072349245176958,{},{}
"[0, 1, 1, 0, 1, 0, 1, 1, 0, 0, 0, 0]",011010110000,"[""011010110000""]",1,0.000244140625,False,False,,,3.766316985930048,0.17941965393925186,{},{}
"[0, 1, 1, 0, 1, 0, 1, 1, 0, 0, 0, 1]",011010110001,"[""011010110001""]",1,0.000244140625,False,False,,,3.180223256478585,0.14965068506568277,{},{}
"[0, 1, 1, 0, 1, 0, 1, 1, 1, 0, 0, 1]",011010111001,"[""011010111001""]",1,0.000244140625,False,False,,,6.521650113761554,0.3193689862678834,{},{}
"[0, 1, 1, 0, 1, 0, 1, 1, 1, 0, 1, 0]",011010111010,"[""011010111010""]",1,0.000244140625,False,False,,,6.570573504847221,0.32185391117534107,{},{}
"[0, 1, 1, 0, 1, 1, 0, 0, 0, 0, 0, 0]",011011000000,"[""011011000000""]",1,0.000244140625,False,False,,,4.580254433837386,0.2207612983456222,{},{}
"[0, 1, 1, 0, 1, 1, 0, 0, 0, 0, 0, 1]",011011000001,"[""011011000001""]",1,0.000244140625,False,False,,,3.976325783379779,0.19008645523792445,{},{}
"[0, 1, 1, 0, 1, 1, 0, 0, 0, 1, 0, 0]",011011000100,"[""011011000100""]",1,0.000244140625,False,False,,,3.8068486678067464,0.18147834577564143,{},{}
"[0, 1, 1, 0, 1, 1, 0, 0, 1, 0, 0, 0]",011011001000,"[""011011001000""]",1,0.000244140625,False,False,,,3.970371024633544,0.1897840001546186,{},{}
"[0, 1, 1, 0, 1, 1, 0, 0, 1, 1, 0, 0]",011011001100,"[""011011001100""]",1,0.000244140625,False,False,,,3.1969652586029067,0.15050104758463792,{},{}
"[0, 1, 1, 0, 1, 1, 0, 0, 1, 1, 0, 1]",011011001101,"[""011011001101""]",1,0.000244140625,False,False,,,4.610871529151443,0.22231640687451962,{},{}
"[0, 1, 1, 0, 1, 1, 0, 0, 1, 1, 1, 0]",011011001110,"[""011011001110""]",1,0.000244140625,False,False,,,4.59241855199168,0.2213791402308246,{},{}
"[0, 1, 1, 0, 1, 1, 0, 1, 0, 1, 1, 1]",011011010111,"[""011011010111""]",1,0.000244140625,False,False,,,8.08229286625349,0.39863740902540934,{},{}
"[0, 1, 1, 0, 1, 1, 0, 1, 1, 0, 0, 1]",011011011001,"[""011011011001""]",1,0.000244140625,False,False,,,4.782985561446082,0.2310584510435963,{},{}
"[0, 1, 1, 0, 1, 1, 0, 1, 1, 1, 1, 1]",011011011111,"[""011011011111""]",1,0.000244140625,False,False,,,9.508079299061935,0.4710561874661139,{},{}
"[0, 1, 1, 0, 1, 1, 1, 0, 0, 0, 1, 0]",011011100010,"[""011011100010""]",1,0.000244140625,False,False,,,3.163377146308009,0.14879503467376004,{},{}
"[0, 1, 1, 0, 1, 1, 1, 0, 0, 0, 1, 1]",011011100011,"[""011011100011""]",1,0.000244140625,False,False,,,4.595118337862689,0.22151626819777043,{},{}
"[0, 1, 1, 0, 1, 1, 1, 0, 1, 0, 0, 0]",011011101000,"[""011011101000""]",1,0.000244140625,False,False,,,5.193710285727681,0.25192004863172873,{},{}
"[0, 1, 1, 0, 1, 1, 1, 0, 1, 1, 0, 0]",011011101100,"[""011011101100""]",1,0.000244140625,False,False,,,4.510775576164182,0.21723231680647398,{},{}
"[0, 1, 1, 0, 1, 1, 1, 0, 1, 1, 1, 0]",011011101110,"[""011011101110""]",1,0.000244140625,False,False,,,5.9062288695529555,0.2881104094526607,{},{}
"[0, 1, 1, 0, 1, 1, 1, 1, 0, 0, 0, 1]",011011110001,"[""011011110001""]",1,0.000244140625,False,False,,,4.598373310737915,0.22168159531413045,{},{}
"[0, 1, 1, 0, 1, 1, 1, 1, 0, 0, 1, 0]",011011110010,"[""011011110010""]",1,0.000244140625,False,False,,,4.629461780817439,0.22326064598745946,{},{}
"[0, 1, 1, 0, 1, 1, 1, 1, 0, 0, 1, 1]",011011110011,"[""011011110011""]",1,0.000244140625,False,False,,,6.0612029723721195,0.2959818795114698,{},{}
"[0, 1, 1, 0, 1, 1, 1, 1, 0, 1, 0, 1]",011011110101,"[""011011110101""]",1,0.000244140625,False,False,,,5.93327352218056,0.2894840658864552,{},{}
"[0, 1, 1, 0, 1, 1, 1, 1, 1, 0, 0, 0]",011011111000,"[""011011111000""]",1,0.000244140625,False,False,,,8.610253472997822,0.42545367079185487,{},{}
"[0, 1, 1, 0, 1, 1, 1, 1, 1, 0, 0, 1]",011011111001,"[""011011111001""]",1,0.000244140625,False,False,,,8.024159743546361,0.39568470191828586,{},{}
"[0, 1, 1, 0, 1, 1, 1, 1, 1, 0, 1, 1]",011011111011,"[""011011111011""]",1,0.000244140625,False,False,,,9.504824326186709,0.47089086034975386,{},{}
"[0, 1, 1, 1, 0, 0, 0, 0, 0, 0, 1, 1]",011100000011,"[""011100000011""]",1,0.000244140625,False,False,,,3.74037622286662,0.17810206644532908,{},{}
"[0, 1, 1, 1, 0, 0, 0, 0, 0, 1, 0, 0]",011100000100,"[""011100000100""]",1,0.000244140625,False,False,,,2.3578863670079797,0.1078824148452361,{},{}
"[0, 1, 1, 1, 0, 0, 0, 0, 0, 1, 1, 0]",011100000110,"[""011100000110""]",1,0.000244140625,False,False,,,3.6558318069498825,0.1738078725998925,{},{}
"[0, 1, 1, 1, 0, 0, 0, 0, 1, 0, 0, 1]",011100001001,"[""011100001001""]",1,0.000244140625,False,False,,,1.7303528771892558,0.07600863086358572,{},{}
"[0, 1, 1, 1, 0, 0, 0, 0, 1, 0, 1, 1]",011100001011,"[""011100001011""]",1,0.000244140625,False,False,,,3.063968159143445,0.14374583708649938,{},{}
"[0, 1, 1, 1, 0, 0, 0, 0, 1, 1, 0, 1]",011100001101,"[""011100001101""]",1,0.000244140625,False,False,,,3.056459758945829,0.1433644691916708,{},{}
"[0, 1, 1, 1, 0, 0, 0, 1, 0, 0, 1, 0]",011100010010,"[""011100010010""]",1,0.000244140625,False,False,,,1.755061442149524,0.07726363234927164,{},{}
"[0, 1, 1, 1, 0, 0, 0, 1, 1, 0, 1, 0]",011100011010,"[""011100011010""]",1,0.000244140625,False,False,,,3.096488299432493,0.14539760538802143,{},{}
"[0, 1, 1, 1, 0, 0, 1, 0, 0, 1, 0, 0]",011100100100,"[""011100100100""]",1,0.000244140625,False,False,,,1.7355394903441796,0.07627207016997904,{},{}
"[0, 1, 1, 1, 0, 0, 1, 0, 0, 1, 0, 1]",011100100101,"[""011100100101""]",1,0.000244140625,False,False,,,3.14619078801749,0.1479221023435007,{},{}
"[0, 1, 1, 1, 0, 0, 1, 0, 1, 0, 0, 0]",011100101000,"[""011100101000""]",1,0.000244140625,False,False,,,3.660388409403436,0.17403931229936856,{},{}
"[0, 1, 1, 1, 0, 0, 1, 0, 1, 0, 1, 0]",011100101010,"[""011100101010""]",1,0.000244140625,False,False,,,2.9761687703514816,0.13928631612470277,{},{}
"[0, 1, 1, 1, 0, 0, 1, 0, 1, 1, 0, 1]",011100101101,"[""011100101101""]",1,0.000244140625,False,False,,,4.469782724294316,0.21515020114812186,{},{}
"[0, 1, 1, 1, 0, 0, 1, 1, 0, 0, 0, 0]",011100110000,"[""011100110000""]",1,0.000244140625,False,False,,,3.6769217008312514,0.17487907395038116,{},{}
"[0, 1, 1, 1, 0, 0, 1, 1, 0, 0, 1, 1]",011100110011,"[""011100110011""]",1,0.000244140625,False,False,,,4.452894806691896,0.2142924272662611,{},{}
"[0, 1, 1, 1, 0, 0, 1, 1, 1, 0, 1, 0]",011100111010,"[""011100111010""]",1,0.000244140625,False,False,,,6.401505287307698,0.31326657052906876,{},{}
"[0, 1, 1, 1, 0, 0, 1, 1, 1, 0, 1, 1]",011100111011,"[""011100111011""]",1,0.000244140625,False,False,,,7.8121565849810075,0.38491660270259037,{},{}
"[0, 1, 1, 1, 0, 0, 1, 1, 1, 1, 0, 0]",011100111100,"[""011100111100""]",1,0.000244140625,False,False,,,6.417091575331789,0.3140582318278134,{},{}
"[0, 1, 1, 1, 0, 0, 1, 1, 1, 1, 1, 0]",011100111110,"[""011100111110""]",1,0.000244140625,False,False,,,7.800248304525267,0.3843117553677512,{},{}
"[0, 1, 1, 1, 0, 0, 1, 1, 1, 1, 1, 1]",011100111111,"[""011100111111""]",1,0.000244140625,False,False,,,11.22873452320472,0.5584519899388523,{},{}
"[0, 1, 1, 1, 0, 1, 0, 0, 0, 0, 0, 0]",011101000000,"[""011101000000""]",1,0.000244140625,False,False,,,4.4677644605168805,0.21504768916317818,{},{}
"[0, 1, 1, 1, 0, 1, 0, 0, 0, 0, 0, 1]",011101000001,"[""011101000001""]",1,0.000244140625,False,False,,,3.842745916177904,0.18330164470499172,{},{}
"[0, 1, 1, 1, 0, 1, 0, 0, 0, 0, 1, 0]",011101000010,"[""011101000010""]",1,0.000244140625,False,False,,,3.7657099004587824,0.1793888187543837,{},{}
"[0, 1, 1, 1, 0, 1, 0, 0, 0, 0, 1, 1]",011101000011,"[""011101000011""]",1,0.000244140625,False,False,,,5.15852627712595,0.25013297669377677,{},{}
"[0, 1, 1, 1, 0, 1, 0, 0, 0, 1, 0, 1]",011101000101,"[""011101000101""]",1,0.000244140625,False,False,,,5.189942691815847,0.2517286843835655,{},{}
"[0, 1, 1, 1, 0, 1, 0, 0, 1, 0, 1, 0]",011101001010,"[""011101001010""]",1,0.000244140625,False,False,,,3.173661412261086,0.14931739479750883,{},{}
"[0, 1, 1, 1, 0, 1, 0, 1, 0, 0, 1, 0]",011101010010,"[""011101010010""]",1,0.000244140625,False,False,,,3.173211496408854,0.1492945425977193,{},{}
"[0, 1, 1, 1, 0, 1, 0, 1, 0, 0, 1, 1]",011101010011,"[""011101010011""]",1,0.000244140625,False,False,,,4.566027873076021,0.22003870053711233,{},{}
"[0, 1, 1, 1, 0, 1, 0, 1, 1, 0, 1, 1]",011101011011,"[""011101011011""]",1,0.000244140625,False,False,,,5.991814305884469,0.29245747897781693,{},{}
"[0, 1, 1, 1, 0, 1, 0, 1, 1, 1, 0, 0]",011101011100,"[""011101011100""]",1,0.000244140625,False,False,,,4.545203054655624,0.21898096294293137,{},{}
"[0, 1, 1, 1, 0, 1, 1, 0, 0, 0, 0, 1]",011101100001,"[""011101100001""]",1,0.000244140625,False,False,,,3.147762904053108,0.1480019535191373,{},{}
"[0, 1, 1, 1, 0, 1, 1, 0, 0, 0, 1, 1]",011101100011,"[""011101100011""]",1,0.000244140625,False,False,,,4.463543265001154,0.21483328550792236,{},{}
"[0, 1, 1, 1, 0, 1, 1, 0, 0, 1, 0, 0]",011101100100,"[""011101100100""]",1,0.000244140625,False,False,,,3.1747794384848795,0.14937418176891543,{},{}
"[0, 1, 1, 1, 0, 1, 1, 0, 0, 1, 1, 0]",011101100110,"[""011101100110""]",1,0.000244140625,False,False,,,4.472724878426782,0.21529963952357184,{},{}
"[0, 1, 1, 1, 0, 1, 1, 0, 1, 0, 1, 1]",011101101011,"[""011101101011""]",1,0.000244140625,False,False,,,5.8893296978096,0.2872520639486269,{},{}
"[0, 1, 1, 1, 0, 1, 1, 1, 0, 0, 0, 1]",011101110001,"[""011101110001""]",1,0.000244140625,False,False,,,4.4878881317577495,0.2160698139747711,{},{}
"[0, 1, 1, 1, 0, 1, 1, 1, 0, 1, 1, 0]",011101110110,"[""011101110110""]",1,0.000244140625,False,False,,,5.880226474376853,0.2867896915303582,{},{}
"[0, 1, 1, 1, 0, 1, 1, 1, 0, 1, 1, 1]",011101110111,"[""011101110111""]",1,0.000244140625,False,False,,,9.308712693056307,0.4609299261014594,{},{}
"[0, 1, 1, 1, 0, 1, 1, 1, 1, 0, 1, 1]",011101111011,"[""011101111011""]",1,0.000244140625,False,False,,,9.314666214765815,0.4612323183529928,{},{}
"[0, 1, 1, 1, 0, 1, 1, 1, 1, 1, 1, 0]",011101111110,"[""011101111110""]",1,0.000244140625,False,False,,,9.323847828191443,0.46169867236864226,{},{}
"[0, 1, 1, 1, 1, 0, 0, 0, 0, 0, 0, 1]",011110000001,"[""011110000001""]",1,0.000244140625,False,False,,,3.8307134653624266,0.1826904904888667,{},{}
"[0, 1, 1, 1, 1, 0, 0, 0, 0, 1, 0, 1]",011110000101,"[""011110000101""]",1,0.000244140625,False,False,,,5.156820347119,0.2500463288169518,{},{}
"[0, 1, 1, 1, 1, 0, 0, 0, 1, 0, 0, 0]",011110001000,"[""011110001000""]",1,0.000244140625,False,False,,,3.740399131090715,0.17810323000360614,{},{}
"[0, 1, 1, 1, 1, 0, 0, 0, 1, 0, 1, 0]",011110001010,"[""011110001010""]",1,0.000244140625,False,False,,,3.1358524244794888,0.147396994486342,{},{}
"[0, 1, 1, 1, 1, 0, 0, 0, 1, 0, 1, 1]",011110001011,"[""011110001011""]",1,0.000244140625,False,False,,,4.549758695028027,0.2192123537762238,{},{}
"[0, 1, 1, 1, 1, 0, 0, 0, 1, 1, 0, 0]",011110001100,"[""011110001100""]",1,0.000244140625,False,False,,,3.048671091841144,0.14296886593411173,{},{}
"[0, 1, 1, 1, 1, 0, 0, 1, 0, 0, 1, 0]",011110010010,"[""011110010010""]",1,0.000244140625,False,False,,,3.2783451227120946,0.1546345069954203,{},{}
"[0, 1, 1, 1, 1, 0, 0, 1, 0, 1, 0, 1]",011110010101,"[""011110010101""]",1,0.000244140625,False,False,,,4.555528613383,0.21950542041604776,{},{}
"[0, 1, 1, 1, 1, 0, 0, 1, 1, 0, 0, 1]",011110011001,"[""011110011001""]",1,0.000244140625,False,False,,,4.553013667903253,0.21937768089258383,{},{}
"[0, 1, 1, 1, 1, 0, 0, 1, 1, 1, 0, 0]",011110011100,"[""011110011100""]",1,0.000244140625,False,False,,,4.465214279111289,0.21491815993078722,{},{}
"[0, 1, 1, 1, 1, 0, 0, 1, 1, 1, 0, 1]",011110011101,"[""011110011101""]",1,0.000244140625,False,False,,,5.879120549659826,0.2867335192206689,{},{}
"[0, 1, 1, 1, 1, 0, 1, 0, 0, 0, 1, 1]",011110100011,"[""011110100011""]",1,0.000244140625,False,False,,,4.5311837466264056,0.21826889194919907,{},{}
"[0, 1, 1, 1, 1, 0, 1, 0, 0, 1, 1, 0]",011110100110,"[""011110100110""]",1,0.000244140625,False,False,,,4.498185572289294,0.2165928432638711,{},{}
"[0, 1, 1, 1, 1, 0, 1, 0, 1, 0, 0, 0]",011110101000,"[""011110101000""]",1,0.000244140625,False,False,,,5.045416118965918,0.24438786698120252,{},{}
"[0, 1, 1, 1, 1, 0, 1, 0, 1, 1, 0, 0]",011110101100,"[""011110101100""]",1,0.000244140625,False,False,,,4.4441591361834885,0.21384872365643418,{},{}
"[0, 1, 1, 1, 1, 0, 1, 0, 1, 1, 0, 1]",011110101101,"[""011110101101""]",1,0.000244140625,False,False,,,5.87590032773817,0.2865699571804446,{},{}
"[0, 1, 1, 1, 1, 0, 1, 1, 0, 0, 1, 0]",011110110010,"[""011110110010""]",1,0.000244140625,False,False,,,4.5655271895811556,0.2200132697388881,{},{}
"[0, 1, 1, 1, 1, 0, 1, 1, 0, 1, 0, 0]",011110110100,"[""011110110100""]",1,0.000244140625,False,False,,,4.519275466170663,0.2176640446143598,{},{}
"[0, 1, 1, 1, 1, 0, 1, 1, 0, 1, 1, 1]",011110110111,"[""011110110111""]",1,0.000244140625,False,False,,,9.413846319359548,0.4662698904991604,{},{}
"[0, 1, 1, 1, 1, 0, 1, 1, 1, 1, 1, 0]",011110111110,"[""011110111110""]",1,0.000244140625,False,False,,,9.323531985087836,0.4616826300138998,{},{}
"[0, 1, 1, 1, 1, 1, 0, 0, 0, 0, 1, 1]",011111000011,"[""011111000011""]",1,0.000244140625,False,False,,,8.67028916620474,0.4285030135719807,{},{}
"[0, 1, 1, 1, 1, 1, 0, 0, 0, 1, 0, 0]",011111000100,"[""011111000100""]",1,0.000244140625,False,False,,,7.20812637790537,0.354236601314486,{},{}
"[0, 1, 1, 1, 1, 1, 0, 0, 0, 1, 0, 1]",011111000101,"[""011111000101""]",1,0.000244140625,False,False,,,8.622032648453906,0.4260519606043677,{},{}
"[0, 1, 1, 1, 1, 1, 0, 0, 0, 1, 1, 1]",011111000111,"[""011111000111""]",1,0.000244140625,False,False,,,12.017485941842683,0.5985143814140054,{},{}
"[0, 1, 1, 1, 1, 1, 0, 0, 1, 1, 0, 0]",011111001100,"[""011111001100""]",1,0.000244140625,False,False,,,6.59824296870153,0.32325930312348244,{},{}
"[0, 1, 1, 1, 1, 1, 0, 1, 0, 1, 1, 0]",011111010110,"[""011111010110""]",1,0.000244140625,False,False,,,8.051829384797433,0.39709010287679275,{},{}
"[0, 1, 1, 1, 1, 1, 0, 1, 0, 1, 1, 1]",011111010111,"[""011111010111""]",1,0.000244140625,False,False,,,11.483570576352113,0.571395664564254,{},{}
"[0, 1, 1, 1, 1, 1, 0, 1, 1, 1, 0, 1]",011111011101,"[""011111011101""]",1,0.000244140625,False,False,,,9.428692426520211,0.46702395641003963,{},{}
"[0, 1, 1, 1, 1, 1, 0, 1, 1, 1, 1, 0]",011111011110,"[""011111011110""]",1,0.000244140625,False,False,,,9.477615817605878,0.4695088813174973,{},{}
"[0, 1, 1, 1, 1, 1, 1, 0, 0, 1, 0, 1]",011111100101,"[""011111100101""]",1,0.000244140625,False,False,,,8.01752069279625,0.3953474901632393,{},{}
"[0, 1, 1, 1, 1, 1, 1, 0, 1, 0, 1, 1]",011111101011,"[""011111101011""]",1,0.000244140625,False,False,,,9.40109258688839,0.4656221008268309,{},{}
"[0, 1, 1, 1, 1, 1, 1, 1, 0, 0, 0, 1]",011111110001,"[""011111110001""]",1,0.000244140625,False,False,,,7.978561126955169,0.39336864950248634,{},{}
"[0, 1, 1, 1, 1, 1, 1, 1, 0, 1, 1, 0]",011111110110,"[""011111110110""]",1,0.000244140625,False,False,,,9.429482508133633,0.46706408636498653,{},{}
"[0, 1, 1, 1, 1, 1, 1, 1, 1, 0, 0, 0]",011111111000,"[""011111111000""]",1,0.000244140625,False,False,,,11.990441289215077,0.5971407249802108,{},{}
"[0, 1, 1, 1, 1, 1, 1, 1, 1, 0, 0, 1]",011111111001,"[""011111111001""]",1,0.000244140625,False,False,,,11.404347559763616,0.5673717561066418,{},{}
"[0, 1, 1, 1, 1, 1, 1, 1, 1, 0, 1, 1]",011111111011,"[""011111111011""]",1,0.000244140625,False,False,,,12.885012142403964,0.6425779145381098,{},{}
"[0, 1, 1, 1, 1, 1, 1, 1, 1, 1, 1, 0]",011111111110,"[""011111111110""]",1,0.000244140625,False,False,,,12.873103861948223,0.6419730672032706,{},{}
"[1, 0, 0, 0, 0, 0, 0, 0, 0, 0, 0, 0]",100000000000,"[""100000000000""]",1,0.000244140625,False,False,,,2.36185171846671,0.10808382362716963,{},{}
"[1, 0, 0, 0, 0, 0, 0, 0, 0, 0, 1, 0]",100000000010,"[""100000000010""]",1,0.000244140625,False,False,,,1.601214119849253,0.06944939391146218,{},{}
"[1, 0, 0, 0, 0, 0, 0, 0, 0, 0, 1, 1]",100000000011,"[""100000000011""]",1,0.000244140625,False,False,,,2.9096709209909437,0.13590874644890047,{},{}
"[1, 0, 0, 0, 0, 0, 0, 0, 0, 1, 0, 1]",100000000101,"[""100000000101""]",1,0.000244140625,False,False,,,2.9574905864774608,0.13833761074462486,{},{}
"[1, 0, 0, 0, 0, 0, 0, 0, 0, 1, 1, 1]",100000000111,"[""100000000111""]",1,0.000244140625,False,False,,,6.214687908866148,0.30377771158994776,{},{}
"[1, 0, 0, 0, 0, 0, 0, 0, 1, 0, 0, 0]",100000001000,"[""100000001000""]",1,0.000244140625,False,False,,,1.688698627618761,0.07389292138470001,{},{}
"[1, 0, 0, 0, 0, 0, 0, 0, 1, 1, 0, 0]",100000001100,"[""100000001100""]",1,0.000244140625,False,False,,,0.9758806944878216,0.03768735596471696,{},{}
"[1, 0, 0, 0, 0, 0, 0, 0, 1, 1, 0, 1]",100000001101,"[""100000001101""]",1,0.000244140625,False,False,,,2.2843374956295124,0.10414670850215527,{},{}
"[1, 0, 0, 0, 0, 0, 0, 1, 0, 0, 1, 1]",100000010011,"[""100000010011""]",1,0.000244140625,False,False,,,2.216409690618917,0.10069650828434566,{},{}
"[1, 0, 0, 0, 0, 0, 0, 1, 0, 1, 0, 0]",100000010100,"[""100000010100""]",1,0.000244140625,False,False,,,0.8883961867183139,0.033243828491479145,{},{}
"[1, 0, 0, 0, 0, 0, 0, 1, 0, 1, 1, 0]",100000010110,"[""100000010110""]",1,0.000244140625,False,False,,,2.1951349563462874,0.09961591849037515,{},{}
"[1, 0, 0, 0, 0, 0, 0, 1, 1, 1, 1, 0]",100000011110,"[""100000011110""]",1,0.000244140625,False,False,,,3.557651707510625,0.1688210928796136,{},{}
"[1, 0, 0, 0, 0, 0, 0, 1, 1, 1, 1, 1]",100000011111,"[""100000011111""]",1,0.000244140625,False,False,,,6.883943429658459,0.3377706478146314,{},{}
"[1, 0, 0, 0, 0, 0, 1, 0, 0, 1, 0, 0]",100000100100,"[""100000100100""]",1,0.000244140625,False,False,,,1.0477768025533392,0.04133911488241819,{},{}
"[1, 0, 0, 0, 0, 0, 1, 0, 1, 0, 1, 1]",100000101011,"[""100000101011""]",1,0.000244140625,False,False,,,3.598294553911855,0.17088543100277326,{},{}
"[1, 0, 0, 0, 0, 0, 1, 0, 1, 1, 1, 1]",100000101111,"[""100000101111""]",1,0.000244140625,False,False,,,6.993782598254198,0.3433496168885464,{},{}
"[1, 0, 0, 0, 0, 0, 1, 1, 0, 0, 0, 0]",100000110000,"[""100000110000""]",1,0.000244140625,False,False,,,2.909486080599683,0.13589935800541864,{},{}
"[1, 0, 0, 0, 0, 0, 1, 1, 0, 0, 1, 1]",100000110011,"[""100000110011""]",1,0.000244140625,False,False,,,3.54251657237549,0.16805234661243076,{},{}
"[1, 0, 0, 0, 0, 0, 1, 1, 1, 0, 0, 0]",100000111000,"[""100000111000""]",1,0.000244140625,False,False,,,6.272002831764022,0.30668886055810796,{},{}
"[1, 0, 0, 0, 0, 0, 1, 1, 1, 1, 1, 1]",100000111111,"[""100000111111""]",1,0.000244140625,False,False,,,10.318356288888316,0.512211909285022,{},{}
"[1, 0, 0, 0, 0, 1, 0, 0, 0, 0, 1, 0]",100001000010,"[""100001000010""]",1,0.000244140625,False,False,,,0.9674194677201666,0.03725759194640154,{},{}
"[1, 0, 0, 0, 0, 1, 0, 0, 0, 1, 1, 1]",100001000111,"[""100001000111""]",1,0.000244140625,False,False,,,5.60198315061843,0.27265711097537576,{},{}
"[1, 0, 0, 0, 0, 1, 0, 0, 1, 1, 0, 0]",100001001100,"[""100001001100""]",1,0.000244140625,True,False,"[0, 2, 2, 0]",0.4475355117655817,0.4475355117655818,0.010851560752099762,"{""degradation"": 0.3672554771861932, ""nominal"": 0.48707335907335925, ""surge"": 0.48827769903719265}","{""degradation"": 0.7879429098913586, ""nominal"": 0.5645600653772815, ""surge"": 0.5746368984814146}"
"[1, 0, 0, 0, 0, 1, 0, 0, 1, 1, 1, 0]",100001001110,"[""100001001110""]",1,0.000244140625,False,False,,,1.7047328341542687,0.07470733343397179,{},{}
"[1, 0, 0, 0, 0, 1, 0, 1, 0, 0, 0, 0]",100001010000,"[""100001010000""]",1,0.000244140625,False,False,,,0.9674194677201666,0.03725759194640154,{},{}
"[1, 0, 0, 0, 0, 1, 0, 1, 0, 0, 0, 1]",100001010001,"[""100001010001""]",1,0.000244140625,True,True,"[0, 2, 1, 2]",0.2580413478557134,0.25804134785571353,0.0012267420862603624,"{""degradation"": 0.26839460707821, ""nominal"": 0.24864864864864877, ""surge"": 0.2570807878402816}","{""degradation"": 0.33808137470709426, ""nominal"": 0.03888586216289861, ""surge"": 0.08240047615777317}"
"[1, 0, 0, 0, 0, 1, 0, 1, 0, 1, 1, 1]",100001010111,"[""100001010111""]",1,0.000244140625,False,False,,,4.908721920246404,0.23744487281082097,{},{}
"[1, 0, 0, 0, 0, 1, 0, 1, 1, 1, 1, 0]",100001011110,"[""100001011110""]",1,0.000244140625,False,False,,,3.0293065247883852,0.1419852976669964,{},{}
"[1, 0, 0, 0, 0, 1, 0, 1, 1, 1, 1, 1]",100001011111,"[""100001011111""]",1,0.000244140625,False,False,,,6.355598246936219,0.31093485260201414,{},{}
"[1, 0, 0, 0, 0, 1, 1, 0, 0, 0, 0, 0]",100001100000,"[""100001100000""]",1,0.000244140625,False,False,,,1.036329027088053,0.04075765759261463,{},{}
"[1, 0, 0, 0, 0, 1, 1, 0, 0, 1, 0, 0]",100001100100,"[""100001100100""]",1,0.000244140625,True,False,"[0, 2, 0, 0]",0.43507204430562224,0.43507204430562235,0.010218514267846255,"{""degradation"": 0.43841988639910123, ""nominal"": 0.4389652509652511, ""surge"": 0.4278309955525145}","{""degradation"": 1.1117730597173898, ""nominal"": 0.45849223644783443, ""surge"": 0.4459411087733319}"
"[1, 0, 0, 0, 0, 1, 1, 0, 0, 1, 1, 0]",100001100110,"[""100001100110""]",1,0.000244140625,False,False,,,1.6744344456881657,0.07316841271558963,{},{}
"[1, 0, 0, 0, 0, 1, 1, 0, 0, 1, 1, 1]",100001100111,"[""100001100111""]",1,0.000244140625,False,False,,,5.018561088842143,0.24302384188473602,{},{}
"[1, 0, 0, 0, 0, 1, 1, 0, 1, 0, 0, 0]",100001101000,"[""100001101000""]",1,0.000244140625,False,False,,,2.465370432771725,0.11334176314967923,{},{}
"[1, 0, 0, 0, 0, 1, 1, 1, 1, 0, 0, 1]",100001111001,"[""100001111001""]",1,0.000244140625,False,False,,,5.031024556302102,0.2436568883689895,{},{}
"[1, 0, 0, 0, 0, 1, 1, 1, 1, 0, 1, 0]",100001111010,"[""100001111010""]",1,0.000244140625,False,False,,,5.047141445794528,0.24447550006457586,{},{}
"[1, 0, 0, 0, 0, 1, 1, 1, 1, 1, 0, 0]",100001111100,"[""100001111100""]",1,0.000244140625,False,False,,,5.121310772377981,0.2482427206702337,{},{}
"[1, 0, 0, 0, 1, 0, 0, 0, 1, 0, 0, 0]",100010001000,"[""100010001000""]",1,0.000244140625,False,False,,,0.975608558447568,0.03767353358630785,{},{}
"[1, 0, 0, 0, 1, 0, 0, 1, 0, 0, 0, 0]",100010010000,"[""100010010000""]",1,0.000244140625,False,False,,,0.9467070892374195,0.03620556541998305,{},{}
"[1, 0, 0, 0, 1, 0, 0, 1, 0, 0, 1, 1]",100010010011,"[""100010010011""]",1,0.000244140625,False,False,,,1.6626654863291814,0.07257064180075694,{},{}
"[1, 0, 0, 0, 1, 0, 0, 1, 0, 1, 0, 0]",100010010100,"[""100010010100""]",1,0.000244140625,True,False,"[0, 1, 1, 0]",0.23388915610648003,0.23388915610648003,0.0,"{""degradation"": 0.23447974533424884, ""nominal"": 0.23101158301158303, ""surge"": 0.2361761399736083}","{""degradation"": 0.18375346162039355, ""nominal"": 0.0, ""surge"": 0.0378928353655363}"
"[1, 0, 0, 0, 1, 0, 0, 1, 1, 0, 0, 1]",100010011001,"[""100010011001""]",1,0.000244140625,False,False,,,1.6031006934125305,0.06954521706544041,{},{}
"[1, 0, 0, 0, 1, 0, 0, 1, 1, 1, 0, 1]",100010011101,"[""100010011101""]",1,0.000244140625,False,False,,,2.9081176812877345,0.13582985404303682,{},{}
"[1, 0, 0, 0, 1, 0, 0, 1, 1, 1, 1, 0]",100010011110,"[""100010011110""]",1,0.000244140625,False,False,,,2.982817609339521,0.13962402504553625,{},{}
"[1, 0, 0, 0, 1, 0, 0, 1, 1, 1, 1, 1]",100010011111,"[""100010011111""]",1,0.000244140625,False,False,,,6.330199225368723,0.3096447813310427,{},{}
"[1, 0, 0, 0, 1, 0, 1, 0, 0, 0, 0, 1]",100010100001,"[""100010100001""]",1,0.000244140625,True,False,"[0, 1, 0, 2]",0.2865803050690062,0.2865803050690061,0.0026762974837592603,"{""degradation"": 0.2803211410024344, ""nominal"": 0.299969111969112, ""surge"": 0.2794506622354724}","{""degradation"": 0.3923524817155438, ""nominal"": 0.15203622991010626, ""surge"": 0.13002769956275897}"
"[1, 0, 0, 0, 1, 0, 1, 0, 0, 1, 0, 0]",100010100100,"[""100010100100""]",1,0.000244140625,True,False,"[0, 1, 0, 0]",0.3346867333821466,0.3346867333821467,0.005119727084026059,"{""degradation"": 0.37393733225142, ""nominal"": 0.32979150579150585, ""surge"": 0.3003313621035141}","{""degradation"": 0.8183483632748703, ""nominal"": 0.21778806864614547, ""surge"": 0.1744843531808714}"
"[1, 0, 0, 0, 1, 0, 1, 0, 1, 0, 0, 1]",100010101001,"[""100010101001""]",1,0.000244140625,False,False,,,1.6312621352272014,0.07097559763886914,{},{}
"[1, 0, 0, 0, 1, 0, 1, 0, 1, 1, 0, 0]",100010101100,"[""100010101100""]",1,0.000244140625,False,False,,,1.6793685635403413,0.0734190272391359,{},{}
"[1, 0, 0, 0, 1, 0, 1, 0, 1, 1, 1, 0]",100010101110,"[""100010101110""]",1,0.000244140625,False,False,,,3.0162388183697564,0.1413215605784096,{},{}
"[1, 0, 0, 0, 1, 0, 1, 1, 0, 0, 0, 0]",100010110000,"[""100010110000""]",1,0.000244140625,False,False,,,2.2549790499878495,0.10265552951393951,{},{}
"[1, 0, 0, 0, 1, 0, 1, 1, 0, 0, 1, 0]",100010110010,"[""100010110010""]",1,0.000244140625,False,False,,,1.6413907520565516,0.07149005200678642,{},{}
"[1, 0, 0, 0, 1, 0, 1, 1, 0, 0, 1, 1]",100010110011,"[""100010110011""]",1,0.000244140625,False,False,,,2.9887723680857547,0.13992648012884204,{},{}
"[1, 0, 0, 0, 1, 0, 1, 1, 0, 1, 1, 1]",100010110111,"[""100010110111""]",1,0.000244140625,False,False,,,6.384260412428098,0.3123906660146153,{},{}
"[1, 0, 0, 0, 1, 1, 0, 0, 0, 0, 0, 0]",100011000000,"[""100011000000""]",1,0.000244140625,False,False,,,3.0409393503606386,0.1425761540521964,{},{}
"[1, 0, 0, 0, 1, 1, 0, 0, 0, 0, 0, 1]",100011000001,"[""100011000001""]",1,0.000244140625,False,False,,,2.3526511243775547,0.10761650554254391,{},{}
"[1, 0, 0, 0, 1, 1, 0, 0, 0, 0, 1, 0]",100011000010,"[""100011000010""]",1,0.000244140625,False,False,,,2.3599746841839107,0.10798848499389066,{},{}
"[1, 0, 0, 0, 1, 1, 0, 0, 0, 1, 0, 0]",100011000100,"[""100011000100""]",1,0.000244140625,False,False,,,2.3492113111110684,0.10744178998270204,{},{}
"[1, 0, 0, 0, 1, 1, 0, 0, 0, 1, 0, 1]",100011000101,"[""100011000101""]",1,0.000244140625,False,False,,,3.678758006134129,0.17497234387062907,{},{}
"[1, 0, 0, 0, 1, 1, 0, 0, 0, 1, 1, 0]",100011000110,"[""100011000110""]",1,0.000244140625,False,False,,,3.6682466449343405,0.17443844908784711,{},{}
"[1, 0, 0, 0, 1, 1, 0, 0, 1, 1, 0, 0]",100011001100,"[""100011001100""]",1,0.000244140625,False,False,,,1.7604177957885971,0.07753569314218718,{},{}
"[1, 0, 0, 0, 1, 1, 0, 1, 0, 0, 0, 1]",100011010001,"[""100011010001""]",1,0.000244140625,False,False,,,1.6505965643194576,0.0719576351337495,{},{}
"[1, 0, 0, 0, 1, 1, 0, 1, 0, 0, 1, 0]",100011010010,"[""100011010010""]",1,0.000244140625,False,False,,,1.7252964923712435,0.07575180613624889,{},{}
"[1, 0, 0, 0, 1, 1, 0, 1, 0, 0, 1, 1]",100011010011,"[""100011010011""]",1,0.000244140625,False,False,,,3.0548431873943027,0.14328236002417585,{},{}
"[1, 0, 0, 0, 1, 1, 0, 1, 1, 0, 0, 1]",100011011001,"[""100011011001""]",1,0.000244140625,False,False,,,3.0796379700031293,0.14454174069081407,{},{}
"[1, 0, 0, 0, 1, 1, 0, 1, 1, 0, 1, 0]",100011011010,"[""100011011010""]",1,0.000244140625,False,False,,,3.1721728190610587,0.1492417859274421,{},{}
"[1, 0, 0, 0, 1, 1, 0, 1, 1, 1, 0, 0]",100011011100,"[""100011011100""]",1,0.000244140625,False,False,,,3.076198156736644,0.14436702513097224,{},{}
"[1, 0, 0, 0, 1, 1, 0, 1, 1, 1, 1, 0]",100011011110,"[""100011011110""]",1,0.000244140625,False,False,,,4.480444779811489,0.21569175002139857,{},{}
"[1, 0, 0, 0, 1, 1, 1, 0, 0, 0, 1, 0]",100011100010,"[""100011100010""]",1,0.000244140625,False,False,,,1.668246644934341,0.07285412092439633,{},{}
"[1, 0, 0, 0, 1, 1, 1, 0, 0, 1, 0, 0]",100011100100,"[""100011100100""]",1,0.000244140625,False,False,,,1.7479543283286376,0.07690264665793367,{},{}
"[1, 0, 0, 0, 1, 1, 1, 0, 0, 1, 0, 1]",100011100101,"[""100011100101""]",1,0.000244140625,False,False,,,3.095335944357841,0.1453390747799893,{},{}
"[1, 0, 0, 0, 1, 1, 1, 0, 1, 0, 1, 0]",100011101010,"[""100011101010""]",1,0.000244140625,False,False,,,3.1151229716241566,0.1463441007155896,{},{}
"[1, 0, 0, 0, 1, 1, 1, 0, 1, 0, 1, 1]",100011101011,"[""100011101011""]",1,0.000244140625,False,False,,,4.462504587653359,0.21478052883764517,{},{}
"[1, 0, 0, 0, 1, 1, 1, 0, 1, 1, 0, 1]",100011101101,"[""100011101101""]",1,0.000244140625,False,False,,,4.5243773500415125,0.21792318033705388,{},{}
"[1, 0, 0, 0, 1, 1, 1, 1, 0, 0, 0, 0]",100011110000,"[""100011110000""]",1,0.000244140625,False,False,,,3.6471567510529717,0.17336724773735845,{},{}
"[1, 0, 0, 0, 1, 1, 1, 1, 0, 1, 0, 0]",100011110100,"[""100011110100""]",1,0.000244140625,False,False,,,3.045899768270541,0.14282810441259008,{},{}
"[1, 0, 0, 0, 1, 1, 1, 1, 1, 0, 0, 1]",100011111001,"[""100011111001""]",1,0.000244140625,False,False,,,6.423579772765846,0.31438778141647866,{},{}
"[1, 0, 0, 0, 1, 1, 1, 1, 1, 1, 1, 0]",100011111110,"[""100011111110""]",1,0.000244140625,False,False,,,7.897022718035201,0.3892271372576605,{},{}
"[1, 0, 0, 1, 0, 0, 0, 0, 0, 0, 1, 0]",100100000010,"[""100100000010""]",1,0.000244140625,False,False,,,0.9689919698524078,0.03733746273272119,{},{}
"[1, 0, 0, 1, 0, 0, 0, 0, 0, 1, 0, 0]",100100000100,"[""100100000100""]",1,0.000244140625,False,False,,,1.1195792560013622,0.044986116879420626,{},{}
"[1, 0, 0, 1, 0, 0, 0, 0, 0, 1, 1, 1]",100100000111,"[""100100000111""]",1,0.000244140625,False,False,,,5.68523337953174,0.27688557026218175,{},{}
"[1, 0, 0, 1, 0, 0, 0, 0, 1, 0, 1, 1]",100100001011,"[""100100001011""]",1,0.000244140625,False,False,,,1.6221306011522927,0.0705117872618185,{},{}
"[1, 0, 0, 1, 0, 0, 0, 0, 1, 1, 0, 0]",100100001100,"[""100100001100""]",1,0.000244140625,True,False,"[0, 0, 2, 0]",0.44642616515341393,0.44642616515341393,0.010795214636951024,"{""degradation"": 0.43841988639910123, ""nominal"": 0.4389652509652511, ""surge"": 0.46189335809588966}","{""degradation"": 1.1117730597173898, ""nominal"": 0.45849223644783443, ""surge"": 0.5184625598058741}"
"[1, 0, 0, 1, 0, 0, 0, 0, 1, 1, 0, 1]",100100001101,"[""100100001101""]",1,0.000244140625,False,False,,,1.7548829662951042,0.07725456717438932,{},{}
"[1, 0, 0, 1, 0, 0, 0, 0, 1, 1, 1, 0]",100100001110,"[""100100001110""]",1,0.000244140625,False,False,,,1.7036234875421008,0.07465098731882305,{},{}
"[1, 0, 0, 1, 0, 0, 0, 1, 0, 0, 1, 1]",100100010011,"[""100100010011""]",1,0.000244140625,False,False,,,1.5841875406220716,0.06858457710560469,{},{}
"[1, 0, 0, 1, 0, 0, 0, 1, 0, 1, 1, 0]",100100010110,"[""100100010110""]",1,0.000244140625,False,False,,,1.6656804270118792,0.0727237771626092,{},{}
"[1, 0, 0, 1, 0, 0, 0, 1, 1, 1, 0, 0]",100100011100,"[""100100011100""]",1,0.000244140625,False,False,,,1.7036234875421008,0.07465098731882305,{},{}
"[1, 0, 0, 1, 0, 0, 0, 1, 1, 1, 0, 1]",100100011101,"[""100100011101""]",1,0.000244140625,False,False,,,3.0120802886837916,0.14111033985626137,{},{}
"[1, 0, 0, 1, 0, 0, 0, 1, 1, 1, 1, 0]",100100011110,"[""100100011110""]",1,0.000244140625,False,False,,,3.0281971781762174,0.14192895155184768,{},{}
"[1, 0, 0, 1, 0, 0, 0, 1, 1, 1, 1, 1]",100100011111,"[""100100011111""]",1,0.000244140625,False,False,,,6.354488900324052,0.3108785064868655,{},{}
"[1, 0, 0, 1, 0, 0, 1, 0, 0, 0, 0, 0]",100100100000,"[""100100100000""]",1,0.000244140625,False,False,,,1.1195792560013622,0.044986116879420626,{},{}
"[1, 0, 0, 1, 0, 0, 1, 0, 0, 0, 0, 1]",100100100001,"[""100100100001""]",1,0.000244140625,True,False,"[0, 0, 0, 2]",0.4280360571430527,0.42803605714305293,0.009861141253408116,"{""degradation"": 0.42220367018288496, ""nominal"": 0.42274903474903486, ""surge"": 0.4391554664972385}","{""degradation"": 1.0379819640701553, ""nominal"": 0.4227390356850995, ""surge"": 0.47005179880669185}"
"[1, 0, 0, 1, 0, 0, 1, 0, 0, 1, 1, 0]",100100100110,"[""100100100110""]",1,0.000244140625,False,False,,,1.8393624013825436,0.08154546050288201,{},{}
"[1, 0, 0, 1, 0, 0, 1, 0, 1, 1, 1, 1]",100100101111,"[""100100101111""]",1,0.000244140625,False,False,,,6.546005795700859,0.3206060640612669,{},{}
"[1, 0, 0, 1, 0, 0, 1, 1, 0, 0, 1, 1]",100100110011,"[""100100110011""]",1,0.000244140625,False,False,,,2.9919721491597135,0.14008900393417614,{},{}
"[1, 0, 0, 1, 0, 0, 1, 1, 0, 1, 1, 0]",100100110110,"[""100100110110""]",1,0.000244140625,False,False,,,3.1461011710105167,0.147917550501778,{},{}
"[1, 0, 0, 1, 0, 0, 1, 1, 1, 0, 0, 1]",100100111001,"[""100100111001""]",1,0.000244140625,False,False,,,5.029915209689935,0.2436005422538408,{},{}
"[1, 0, 0, 1, 0, 0, 1, 1, 1, 0, 1, 0]",100100111010,"[""100100111010""]",1,0.000244140625,False,False,,,5.046032099182361,0.24441915394942718,{},{}
"[1, 0, 0, 1, 0, 0, 1, 1, 1, 1, 0, 1]",100100111101,"[""100100111101""]",1,0.000244140625,False,False,,,6.528170874694716,0.31970018982713827,{},{}
"[1, 0, 0, 1, 0, 1, 0, 0, 0, 0, 0, 0]",100101000000,"[""100101000000""]",1,0.000244140625,False,False,,,3.121807269534986,0.14668361067184757,{},{}
"[1, 0, 0, 1, 0, 1, 0, 0, 0, 0, 1, 0]",100101000010,"[""100101000010""]",1,0.000244140625,False,False,,,2.3611696709175294,0.10804918095614012,{},{}
"[1, 0, 0, 1, 0, 1, 0, 0, 0, 1, 1, 0]",100101000110,"[""100101000110""]",1,0.000244140625,False,False,,,3.7722092523303976,0.17971893490107166,{},{}
"[1, 0, 0, 1, 0, 1, 0, 0, 0, 1, 1, 1]",100101000111,"[""100101000111""]",1,0.000244140625,False,False,,,7.098500974478231,0.3486684898360894,{},{}
"[1, 0, 0, 1, 0, 1, 0, 0, 1, 0, 0, 0]",100101001000,"[""100101001000""]",1,0.000244140625,False,False,,,2.533013754212515,0.11677751383133271,{},{}
"[1, 0, 0, 1, 0, 1, 0, 0, 1, 0, 0, 1]",100101001001,"[""100101001001""]",1,0.000244140625,False,False,,,1.823635634348062,0.08074666397119155,{},{}
"[1, 0, 0, 1, 0, 1, 0, 0, 1, 0, 1, 1]",100101001011,"[""100101001011""]",1,0.000244140625,False,False,,,3.0986678777428915,0.14550831088719218,{},{}
"[1, 0, 0, 1, 0, 1, 0, 1, 0, 0, 0, 0]",100101010000,"[""100101010000""]",1,0.000244140625,False,False,,,2.3611696709175294,0.10804918095614012,{},{}
"[1, 0, 0, 1, 0, 1, 0, 1, 0, 0, 0, 1]",100101010001,"[""100101010001""]",1,0.000244140625,False,False,,,1.6517915510530763,0.07201833109599895,{},{}
"[1, 0, 0, 1, 0, 1, 0, 1, 0, 0, 1, 1]",100101010011,"[""100101010011""]",1,0.000244140625,False,False,,,2.9763652416871933,0.1392962953290236,{},{}
"[1, 0, 0, 1, 0, 1, 0, 1, 0, 1, 1, 0]",100101010110,"[""100101010110""]",1,0.000244140625,False,False,,,3.0789480219583707,0.14450669673651684,{},{}
"[1, 0, 0, 1, 0, 1, 0, 1, 1, 0, 0, 0]",100101011000,"[""100101011000""]",1,0.000244140625,False,False,,,3.790211076601202,0.18063328651320473,{},{}
"[1, 0, 0, 1, 0, 1, 1, 0, 0, 1, 0, 0]",100101100100,"[""100101100100""]",1,0.000244140625,False,False,,,2.013267594946491,0.09037848162904626,{},{}
"[1, 0, 0, 1, 0, 1, 1, 0, 0, 1, 1, 0]",100101100110,"[""100101100110""]",1,0.000244140625,False,False,,,3.252629996329035,0.15332838007678964,{},{}
"[1, 0, 0, 1, 0, 1, 1, 0, 1, 0, 0, 0]",100101101000,"[""100101101000""]",1,0.000244140625,False,False,,,3.940798362750156,0.18828194065990417,{},{}
"[1, 0, 0, 1, 0, 1, 1, 1, 0, 0, 0, 1]",100101110001,"[""100101110001""]",1,0.000244140625,False,False,,,3.0595761595907174,0.14352275792457037,{},{}
"[1, 0, 0, 1, 0, 1, 1, 1, 0, 1, 1, 0]",100101110110,"[""100101110110""]",1,0.000244140625,False,False,,,4.559368765957008,0.21970047007568563,{},{}
"[1, 0, 0, 1, 0, 1, 1, 1, 1, 0, 0, 0]",100101111000,"[""100101111000""]",1,0.000244140625,False,False,,,7.197995685138844,0.35372204150522707,{},{}
"[1, 0, 0, 1, 0, 1, 1, 1, 1, 1, 0, 0]",100101111100,"[""100101111100""]",1,0.000244140625,False,False,,,6.699506323018849,0.32840268803143363,{},{}
"[1, 0, 0, 1, 0, 1, 1, 1, 1, 1, 1, 0]",100101111110,"[""100101111110""]",1,0.000244140625,False,False,,,8.024080013652966,0.3956806522644583,{},{}
"[1, 0, 0, 1, 1, 0, 0, 0, 0, 0, 0, 0]",100110000000,"[""100110000000""]",1,0.000244140625,False,False,,,3.016539499298671,0.1413368328134873,{},{}
"[1, 0, 0, 1, 1, 0, 0, 0, 0, 0, 0, 1]",100110000001,"[""100110000001""]",1,0.000244140625,False,False,,,2.3282512733155873,0.1063771843038348,{},{}
"[1, 0, 0, 1, 1, 0, 0, 0, 0, 1, 1, 1]",100110000111,"[""100110000111""]",1,0.000244140625,False,False,,,7.072906136682645,0.3473684726351309,{},{}
"[1, 0, 0, 1, 1, 0, 0, 0, 1, 1, 1, 0]",100110001110,"[""100110001110""]",1,0.000244140625,False,False,,,3.0702063508116364,0.1440626883412834,{},{}
"[1, 0, 0, 1, 1, 0, 0, 1, 0, 0, 1, 1]",100110010011,"[""100110010011""]",1,0.000244140625,False,False,,,3.030443336332336,0.14204303878546679,{},{}
"[1, 0, 0, 1, 1, 0, 0, 1, 0, 1, 1, 0]",100110010110,"[""100110010110""]",1,0.000244140625,False,False,,,3.090846328840774,0.1451110374919826,{},{}
"[1, 0, 0, 1, 1, 0, 0, 1, 1, 0, 0, 0]",100110011000,"[""100110011000""]",1,0.000244140625,False,False,,,3.659166769398769,0.17397726255980273,{},{}
"[1, 0, 0, 1, 1, 0, 0, 1, 1, 0, 1, 1]",100110011011,"[""100110011011""]",1,0.000244140625,False,False,,,4.392960087496673,0.2112482131747052,{},{}
"[1, 0, 0, 1, 1, 0, 0, 1, 1, 1, 1, 0]",100110011110,"[""100110011110""]",1,0.000244140625,False,False,,,4.453363080005113,0.21431621188122113,{},{}
"[1, 0, 0, 1, 1, 0, 0, 1, 1, 1, 1, 1]",100110011111,"[""100110011111""]",1,0.000244140625,False,False,,,7.800744696034316,0.3843369681667276,{},{}
"[1, 0, 0, 1, 1, 0, 1, 0, 0, 0, 0, 1]",100110100001,"[""100110100001""]",1,0.000244140625,False,False,,,1.7360358818532293,0.07629728296895548,{},{}
"[1, 0, 0, 1, 1, 0, 1, 0, 0, 0, 1, 1]",100110100011,"[""100110100011""]",1,0.000244140625,False,False,,,3.0729061366826445,0.14419981630822917,{},{}
"[1, 0, 0, 1, 1, 0, 1, 0, 0, 1, 0, 1]",100110100101,"[""100110100101""]",1,0.000244140625,False,False,,,3.2342915468580102,0.15239693054225292,{},{}
"[1, 0, 0, 1, 1, 0, 1, 0, 0, 1, 1, 0]",100110100110,"[""100110100110""]",1,0.000244140625,False,False,,,3.2059452646520787,0.15095716152534236,{},{}
"[1, 0, 0, 1, 1, 0, 1, 0, 1, 1, 1, 1]",100110101111,"[""100110101111""]",1,0.000244140625,False,False,,,7.933678552851764,0.391088966434216,{},{}
"[1, 0, 0, 1, 1, 0, 1, 1, 0, 0, 0, 0]",100110110000,"[""100110110000""]",1,0.000244140625,False,False,,,3.704434626772072,0.17627651499913569,{},{}
"[1, 0, 0, 1, 1, 0, 1, 1, 0, 0, 1, 1]",100110110011,"[""100110110011""]",1,0.000244140625,False,False,,,4.438227944869977,0.21354746561403823,{},{}
"[1, 0, 0, 1, 1, 1, 0, 0, 0, 0, 1, 1]",100111000011,"[""100111000011""]",1,0.000244140625,False,False,,,7.083271582404333,0.34789495605500703,{},{}
"[1, 0, 0, 1, 1, 1, 0, 0, 0, 1, 0, 0]",100111000100,"[""100111000100""]",1,0.000244140625,False,False,,,5.8457291349708695,0.28503749700686654,{},{}
"[1, 0, 0, 1, 1, 1, 0, 0, 0, 1, 1, 0]",100111000110,"[""100111000110""]",1,0.000244140625,False,False,,,7.164764468794141,0.3520341561120116,{},{}
"[1, 0, 0, 1, 1, 1, 0, 0, 1, 0, 0, 0]",100111001000,"[""100111001000""]",1,0.000244140625,False,False,,,5.84589603823553,0.28504597438487095,{},{}
"[1, 0, 0, 1, 1, 1, 0, 1, 0, 0, 1, 1]",100111010011,"[""100111010011""]",1,0.000244140625,False,False,,,6.448593390591667,0.31565827719736533,{},{}
"[1, 0, 0, 1, 1, 1, 0, 1, 0, 1, 0, 0]",100111010100,"[""100111010100""]",1,0.000244140625,False,False,,,5.143674574912772,0.2493786265980721,{},{}
"[1, 0, 0, 1, 1, 1, 0, 1, 0, 1, 1, 0]",100111010110,"[""100111010110""]",1,0.000244140625,False,False,,,6.530086276981473,0.31979747725436974,{},{}
"[1, 0, 0, 1, 1, 1, 0, 1, 1, 1, 1, 0]",100111011110,"[""100111011110""]",1,0.000244140625,False,False,,,7.976962603671289,0.39328745704556306,{},{}
"[1, 0, 0, 1, 1, 1, 1, 0, 0, 0, 0, 0]",100111100000,"[""100111100000""]",1,0.000244140625,False,False,,,5.8246392410895,0.2839662956563778,{},{}
"[1, 0, 0, 1, 1, 1, 1, 0, 0, 0, 1, 0]",100111100010,"[""100111100010""]",1,0.000244140625,False,False,,,5.143674574912772,0.2493786265980721,{},{}
"[1, 0, 0, 1, 1, 1, 1, 0, 1, 0, 0, 1]",100111101001,"[""100111101001""]",1,0.000244140625,False,False,,,6.583227341796232,0.3224966269379186,{},{}
"[1, 0, 0, 1, 1, 1, 1, 0, 1, 1, 0, 0]",100111101100,"[""100111101100""]",1,0.000244140625,False,False,,,6.755191284653177,0.331231047739649,{},{}
"[1, 0, 0, 1, 1, 1, 1, 0, 1, 1, 1, 1]",100111101111,"[""100111101111""]",1,0.000244140625,False,False,,,11.457278076517941,0.5700602115985579,{},{}
"[1, 0, 0, 1, 1, 1, 1, 1, 0, 0, 0, 0]",100111110000,"[""100111110000""]",1,0.000244140625,False,False,,,7.1225846810314035,0.3498917534110343,{},{}
"[1, 0, 0, 1, 1, 1, 1, 1, 0, 0, 0, 1]",100111110001,"[""100111110001""]",1,0.000244140625,False,False,,,6.452131376054462,0.31583797913551037,{},{}
"[1, 0, 0, 1, 1, 1, 1, 1, 0, 0, 1, 1]",100111110011,"[""100111110011""]",1,0.000244140625,False,False,,,7.8563779991293075,0.3871627040259367,{},{}
"[1, 0, 0, 1, 1, 1, 1, 1, 1, 0, 0, 0]",100111111000,"[""100111111000""]",1,0.000244140625,False,False,,,10.56946100772122,0.5249660613656784,{},{}
"[1, 0, 0, 1, 1, 1, 1, 1, 1, 0, 1, 1]",100111111011,"[""100111111011""]",1,0.000244140625,False,False,,,11.321089246825267,0.5631428862147094,{},{}
"[1, 0, 0, 1, 1, 1, 1, 1, 1, 1, 1, 0]",100111111110,"[""100111111110""]",1,0.000244140625,False,False,,,11.47521826867607,0.5709714327823113,{},{}
"[1, 0, 0, 1, 1, 1, 1, 1, 1, 1, 1, 1]",100111111111,"[""100111111111""]",1,0.000244140625,False,False,,,14.840434805711416,0.7418980633019464,{},{}
"[1, 0, 1, 0, 0, 0, 0, 0, 0, 0, 0, 0]",101000000000,"[""101000000000""]",1,0.000244140625,False,False,,,3.7367321222345344,0.17791697468809387,{},{}
"[1, 0, 1, 0, 0, 0, 0, 0, 0, 0, 1, 0]",101000000010,"[""101000000010""]",1,0.000244140625,False,False,,,2.9760945236170775,0.1392825449723864,{},{}
"[1, 0, 1, 0, 0, 0, 0, 0, 0, 1, 0, 0]",101000000100,"[""101000000100""]",1,0.000244140625,False,False,,,3.023914189103595,0.14171140926811082,{},{}
"[1, 0, 1, 0, 0, 0, 0, 0, 1, 0, 0, 1]",101000001001,"[""101000001001""]",1,0.000244140625,False,False,,,2.4385604870476096,0.1119800279874378,{},{}
"[1, 0, 1, 0, 0, 0, 0, 0, 1, 0, 1, 1]",101000001011,"[""101000001011""]",1,0.000244140625,False,False,,,3.7135927304424396,0.17674167490343845,{},{}
"[1, 0, 1, 0, 0, 0, 0, 1, 0, 0, 0, 0]",101000010000,"[""101000010000""]",1,0.000244140625,False,False,,,2.9971844174984468,0.1403537463228751,{},{}
"[1, 0, 1, 0, 0, 0, 0, 1, 1, 0, 0, 0]",101000011000,"[""101000011000""]",1,0.000244140625,False,False,,,4.341866247656642,0.20865304647798497,{},{}
"[1, 0, 1, 0, 0, 0, 0, 1, 1, 0, 0, 1]",101000011001,"[""101000011001""]",1,0.000244140625,False,False,,,3.7168477033176663,0.17690700201979853,{},{}
"[1, 0, 1, 0, 0, 0, 0, 1, 1, 0, 1, 0]",101000011010,"[""101000011010""]",1,0.000244140625,False,False,,,3.666439938290759,0.17434668254755878,{},{}
"[1, 0, 1, 0, 0, 0, 0, 1, 1, 1, 0, 1]",101000011101,"[""101000011101""]",1,0.000244140625,False,False,,,5.02186469119287,0.24319163899739493,{},{}
"[1, 0, 1, 0, 0, 0, 1, 0, 0, 0, 0, 1]",101000100001,"[""101000100001""]",1,0.000244140625,False,False,,,2.437820459652132,0.11194244039454171,{},{}
"[1, 0, 1, 0, 0, 0, 1, 0, 0, 1, 0, 1]",101000100101,"[""101000100101""]",1,0.000244140625,False,False,,,3.833308503994475,0.18282229811686412,{},{}
"[1, 0, 1, 0, 0, 0, 1, 0, 1, 0, 0, 0]",101000101000,"[""101000101000""]",1,0.000244140625,False,False,,,4.389685913143159,0.21108191077370936,{},{}
"[1, 0, 1, 0, 0, 0, 1, 0, 1, 0, 1, 1]",101000101011,"[""101000101011""]",1,0.000244140625,False,False,,,5.057534533205157,0.24500338746565223,{},{}
"[1, 0, 1, 0, 0, 0, 1, 0, 1, 1, 0, 0]",101000101100,"[""101000101100""]",1,0.000244140625,False,False,,,3.767339036479359,0.17947156609845227,{},{}
"[1, 0, 1, 0, 0, 0, 1, 0, 1, 1, 1, 1]",101000101111,"[""101000101111""]",1,0.000244140625,False,False,,,8.4530225775475,0.4174675733514255,{},{}
"[1, 0, 1, 0, 0, 0, 1, 1, 0, 1, 0, 0]",101000110100,"[""101000110100""]",1,0.000244140625,False,False,,,3.6831095015850774,0.1751933657415745,{},{}
"[1, 0, 1, 0, 0, 0, 1, 1, 1, 0, 0, 0]",101000111000,"[""101000111000""]",1,0.000244140625,False,False,,,7.667973129413216,0.3775932129695209,{},{}
"[1, 0, 1, 0, 0, 0, 1, 1, 1, 1, 0, 0]",101000111100,"[""101000111100""]",1,0.000244140625,False,False,,,7.0456262527494165,0.3459828682942639,{},{}
"[1, 0, 1, 0, 0, 0, 1, 1, 1, 1, 1, 0]",101000111110,"[""101000111110""]",1,0.000244140625,False,False,,,8.370199943383533,0.4132608325272885,{},{}
"[1, 0, 1, 0, 0, 1, 0, 0, 0, 0, 0, 0]",101001000000,"[""101001000000""]",1,0.000244140625,False,False,,,3.1029374701054477,0.1457251727230332,{},{}
"[1, 0, 1, 0, 0, 1, 0, 0, 0, 0, 1, 1]",101001000011,"[""101001000011""]",1,0.000244140625,False,False,,,3.735116248155159,0.17783490094671883,{},{}
"[1, 0, 1, 0, 0, 1, 0, 0, 0, 1, 1, 1]",101001000111,"[""101001000111""]",1,0.000244140625,False,False,,,7.061223129911732,0.34677506743825476,{},{}
"[1, 0, 1, 0, 0, 1, 0, 0, 1, 0, 0, 1]",101001001001,"[""101001001001""]",1,0.000244140625,False,False,,,1.889125410444,0.0840730314243319,{},{}
"[1, 0, 1, 0, 0, 1, 0, 0, 1, 0, 1, 1]",101001001011,"[""101001001011""]",1,0.000244140625,False,False,,,3.1641576538388305,0.14883467834033257,{},{}
"[1, 0, 1, 0, 0, 1, 0, 0, 1, 1, 0, 0]",101001001100,"[""101001001100""]",1,0.000244140625,False,False,,,1.8224159155334063,0.08068471181302399,{},{}
"[1, 0, 1, 0, 0, 1, 0, 0, 1, 1, 0, 1]",101001001101,"[""101001001101""]",1,0.000244140625,False,False,,,3.2152322922005743,0.15142886975241704,{},{}
"[1, 0, 1, 0, 0, 1, 0, 1, 0, 0, 0, 1]",101001010001,"[""101001010001""]",1,0.000244140625,False,False,,,1.7383712210303846,0.07641589989962802,{},{}
"[1, 0, 1, 0, 0, 1, 0, 1, 0, 1, 0, 0]",101001010100,"[""101001010100""]",1,0.000244140625,False,False,,,1.6716617261197904,0.0730275802883201,{},{}
"[1, 0, 1, 0, 0, 1, 0, 1, 1, 1, 1, 1]",101001011111,"[""101001011111""]",1,0.000244140625,False,False,,,7.83592812011089,0.38612401041538186,{},{}
"[1, 0, 1, 0, 0, 1, 1, 0, 0, 0, 0, 0]",101001100000,"[""101001100000""]",1,0.000244140625,False,False,,,2.4112094308558776,0.11059080865353885,{},{}
"[1, 0, 1, 0, 0, 1, 1, 0, 0, 0, 0, 1]",101001100001,"[""101001100001""]",1,0.000244140625,False,False,,,1.804025807523045,0.07975063842948107,{},{}
"[1, 0, 1, 0, 0, 1, 1, 0, 0, 0, 1, 0]",101001100010,"[""101001100010""]",1,0.000244140625,False,False,,,1.650571832238421,0.07195637893783141,{},{}
"[1, 0, 1, 0, 0, 1, 1, 0, 0, 1, 1, 0]",101001100110,"[""101001100110""]",1,0.000244140625,False,False,,,3.0493148494559907,0.14300156377651388,{},{}
"[1, 0, 1, 0, 0, 1, 1, 1, 0, 0, 1, 1]",101001110011,"[""101001110011""]",1,0.000244140625,False,False,,,4.389051793421075,0.2110497024607378,{},{}
"[1, 0, 1, 0, 0, 1, 1, 1, 1, 0, 1, 0]",101001111010,"[""101001111010""]",1,0.000244140625,False,False,,,6.443111743443723,0.3153798524759888,{},{}
"[1, 0, 1, 0, 0, 1, 1, 1, 1, 0, 1, 1]",101001111011,"[""101001111011""]",1,0.000244140625,False,False,,,7.853763041117033,0.3870298846495105,{},{}
"[1, 0, 1, 0, 0, 1, 1, 1, 1, 1, 0, 1]",101001111101,"[""101001111101""]",1,0.000244140625,False,False,,,7.927932367700485,0.39079710525516825,{},{}
"[1, 0, 1, 0, 0, 1, 1, 1, 1, 1, 1, 1]",101001111111,"[""101001111111""]",1,0.000244140625,False,False,,,11.270340979340748,0.5605652718857725,{},{}
"[1, 0, 1, 0, 1, 0, 0, 0, 0, 0, 0, 1]",101010000001,"[""101010000001""]",1,0.000244140625,False,False,,,2.4197134026057348,0.11102274378200395,{},{}
"[1, 0, 1, 0, 1, 0, 0, 0, 1, 0, 0, 1]",101010001001,"[""101010001001""]",1,0.000244140625,False,False,,,1.746560311757786,0.07683184153953433,{},{}
"[1, 0, 1, 0, 1, 0, 0, 0, 1, 0, 1, 0]",101010001010,"[""101010001010""]",1,0.000244140625,False,False,,,1.6873592170448077,0.07382488982305498,{},{}
"[1, 0, 1, 0, 1, 0, 0, 0, 1, 1, 0, 0]",101010001100,"[""101010001100""]",1,0.000244140625,False,False,,,1.6376710290844536,0.07130111922724906,{},{}
"[1, 0, 1, 0, 1, 0, 0, 0, 1, 1, 0, 1]",101010001101,"[""101010001101""]",1,0.000244140625,False,False,,,3.0515772996329904,0.14311647851713077,{},{}
"[1, 0, 1, 0, 1, 0, 0, 0, 1, 1, 1, 0]",101010001110,"[""101010001110""]",1,0.000244140625,False,False,,,2.9745412839138687,0.13920365256652276,{},{}
"[1, 0, 1, 0, 1, 0, 0, 1, 0, 1, 1, 1]",101010010111,"[""101010010111""]",1,0.000244140625,False,False,,,6.4480123473790565,0.3156287647551718,{},{}
"[1, 0, 1, 0, 1, 0, 0, 1, 1, 0, 1, 0]",101010011010,"[""101010011010""]",1,0.000244140625,False,False,,,3.0916058401196533,0.14514961471348134,{},{}
"[1, 0, 1, 0, 1, 0, 0, 1, 1, 1, 1, 0]",101010011110,"[""101010011110""]",1,0.000244140625,False,False,,,4.378787906988714,0.21052837745694913,{},{}
"[1, 0, 1, 0, 1, 0, 1, 0, 0, 0, 0, 0]",101010100000,"[""101010100000""]",1,0.000244140625,False,False,,,2.3319140138137713,0.10656322282020733,{},{}
"[1, 0, 1, 0, 1, 0, 1, 0, 0, 0, 0, 1]",101010100001,"[""101010100001""]",1,0.000244140625,False,False,,,1.745820284362308,0.07679425394663825,{},{}
"[1, 0, 1, 0, 1, 0, 1, 0, 0, 1, 0, 1]",101010100101,"[""101010100101""]",1,0.000244140625,False,False,,,3.1413083287046515,0.14767411166896066,{},{}
"[1, 0, 1, 0, 1, 0, 1, 0, 0, 1, 1, 0]",101010100110,"[""101010100110""]",1,0.000244140625,False,False,,,3.028602470973243,0.14194953725009535,{},{}
"[1, 0, 1, 0, 1, 0, 1, 0, 0, 1, 1, 1]",101010100111,"[""101010100111""]",1,0.000244140625,False,False,,,6.478178583534067,0.31716097317168523,{},{}
"[1, 0, 1, 0, 1, 0, 1, 0, 1, 0, 0, 1]",101010101001,"[""101010101001""]",1,0.000244140625,False,False,,,3.0905021145205023,0.14509355410174807,{},{}
"[1, 0, 1, 0, 1, 0, 1, 0, 1, 0, 1, 1]",101010101011,"[""101010101011""]",1,0.000244140625,False,False,,,4.445207290356062,0.21390196167515046,{},{}
"[1, 0, 1, 0, 1, 0, 1, 0, 1, 1, 0, 1]",101010101101,"[""101010101101""]",1,0.000244140625,False,False,,,4.485990158862847,0.2159734118240705,{},{}
"[1, 0, 1, 0, 1, 0, 1, 1, 1, 1, 1, 0]",101010111110,"[""101010111110""]",1,0.000244140625,False,False,,,7.795365845212427,0.384063764693211,{},{}
"[1, 0, 1, 0, 1, 0, 1, 1, 1, 1, 1, 1]",101010111111,"[""101010111111""]",1,0.000244140625,False,False,,,11.24494195777325,0.5592752006148008,{},{}
"[1, 0, 1, 0, 1, 1, 0, 0, 0, 0, 0, 1]",101011000001,"[""101011000001""]",1,0.000244140625,False,False,,,3.811891103670857,0.1817344620054229,{},{}
"[1, 0, 1, 0, 1, 1, 0, 0, 0, 0, 1, 0]",101011000010,"[""101011000010""]",1,0.000244140625,False,False,,,3.7348550879517353,0.1778216360548149,{},{}
"[1, 0, 1, 0, 1, 1, 0, 0, 0, 1, 0, 0]",101011000100,"[""101011000100""]",1,0.000244140625,False,False,,,3.7240917148788926,0.17727494104362626,{},{}
"[1, 0, 1, 0, 1, 1, 0, 0, 0, 1, 0, 1]",101011000101,"[""101011000101""]",1,0.000244140625,False,False,,,5.137997985427431,0.24909030033350804,{},{}
"[1, 0, 1, 0, 1, 1, 0, 0, 0, 1, 1, 1]",101011000111,"[""101011000111""]",1,0.000244140625,False,False,,,8.474868240256844,0.4185771618362325,{},{}
"[1, 0, 1, 0, 1, 1, 0, 0, 1, 0, 0, 0]",101011001000,"[""101011001000""]",1,0.000244140625,False,False,,,3.827026238805992,0.18250320827260577,{},{}
"[1, 0, 1, 0, 1, 1, 0, 0, 1, 0, 1, 0]",101011001010,"[""101011001010""]",1,0.000244140625,False,False,,,3.1638964936354075,0.1488214134484287,{},{}
"[1, 0, 1, 0, 1, 1, 0, 1, 0, 0, 0, 0]",101011010000,"[""101011010000""]",1,0.000244140625,False,False,,,3.7348550879517353,0.1778216360548149,{},{}
"[1, 0, 1, 0, 1, 1, 0, 1, 0, 1, 0, 0]",101011010100,"[""101011010100""]",1,0.000244140625,False,False,,,3.043127048702165,0.14268727198532052,{},{}
"[1, 0, 1, 0, 1, 1, 0, 1, 0, 1, 1, 0]",101011010110,"[""101011010110""]",1,0.000244140625,False,False,,,4.429538750770867,0.21310612264161824,{},{}
"[1, 0, 1, 0, 1, 1, 0, 1, 0, 1, 1, 1]",101011010111,"[""101011010111""]",1,0.000244140625,False,False,,,7.861279942325548,0.38741168432907946,{},{}
"[1, 0, 1, 0, 1, 1, 0, 1, 1, 0, 1, 0]",101011011010,"[""101011011010""]",1,0.000244140625,False,False,,,4.568143116710252,0.22014613833885502,{},{}
"[1, 0, 1, 0, 1, 1, 0, 1, 1, 1, 0, 0]",101011011100,"[""101011011100""]",1,0.000244140625,False,False,,,4.472168454385837,0.21527137754238515,{},{}
"[1, 0, 1, 0, 1, 1, 0, 1, 1, 1, 1, 0]",101011011110,"[""101011011110""]",1,0.000244140625,False,False,,,5.876415077460683,0.28659610243281153,{},{}
"[1, 0, 1, 0, 1, 1, 1, 0, 0, 0, 0, 1]",101011100001,"[""101011100001""]",1,0.000244140625,False,False,,,3.13799798542743,0.14750597217005718,{},{}
"[1, 0, 1, 0, 1, 1, 1, 0, 0, 0, 1, 0]",101011100010,"[""101011100010""]",1,0.000244140625,False,False,,,3.043127048702165,0.14268727198532052,{},{}
"[1, 0, 1, 0, 1, 1, 1, 0, 0, 1, 1, 0]",101011100110,"[""101011100110""]",1,0.000244140625,False,False,,,4.441870065919735,0.21373245682400302,{},{}
"[1, 0, 1, 0, 1, 1, 1, 0, 1, 0, 1, 0]",101011101010,"[""101011101010""]",1,0.000244140625,False,False,,,4.490003375391981,0.2161772517765138,{},{}
"[1, 0, 1, 0, 1, 1, 1, 0, 1, 0, 1, 1]",101011101011,"[""101011101011""]",1,0.000244140625,False,False,,,5.921744566946661,0.28889848530052414,{},{}
"[1, 0, 1, 0, 1, 1, 1, 0, 1, 1, 0, 0]",101011101100,"[""101011101100""]",1,0.000244140625,False,False,,,4.551876137780135,0.21931990327592252,{},{}
"[1, 0, 1, 0, 1, 1, 1, 1, 0, 0, 0, 1]",101011110001,"[""101011110001""]",1,0.000244140625,False,False,,,4.4570333192507015,0.21450263127520225,{},{}
"[1, 0, 1, 0, 1, 1, 1, 1, 0, 1, 0, 0]",101011110100,"[""101011110100""]",1,0.000244140625,False,False,,,4.441870065919735,0.21373245682400302,{},{}
"[1, 0, 1, 0, 1, 1, 1, 1, 0, 1, 1, 0]",101011110110,"[""101011110110""]",1,0.000244140625,False,False,,,5.828281767988436,0.2841513074803007,{},{}
"[1, 0, 1, 0, 1, 1, 1, 1, 1, 0, 0, 1]",101011111001,"[""101011111001""]",1,0.000244140625,False,False,,,7.903909645940518,0.3895769392298463,{},{}
"[1, 0, 1, 0, 1, 1, 1, 1, 1, 0, 1, 0]",101011111010,"[""101011111010""]",1,0.000244140625,False,False,,,7.894249998466826,0.38908630483039097,{},{}
"[1, 0, 1, 0, 1, 1, 1, 1, 1, 1, 0, 0]",101011111100,"[""101011111100""]",1,0.000244140625,False,False,,,7.8887463926095505,0.38880676477864706,{},{}
"[1, 0, 1, 0, 1, 1, 1, 1, 1, 1, 0, 1]",101011111101,"[""101011111101""]",1,0.000244140625,False,False,,,9.32048758416423,0.4615279983026574,{},{}
"[1, 0, 1, 0, 1, 1, 1, 1, 1, 1, 1, 0]",101011111110,"[""101011111110""]",1,0.000244140625,False,False,,,9.292993015684395,0.4601314896690734,{},{}
"[1, 0, 1, 0, 1, 1, 1, 1, 1, 1, 1, 1]",101011111111,"[""101011111111""]",1,0.000244140625,False,False,,,12.74256912824522,0.6353429255906633,{},{}
"[1, 0, 1, 1, 0, 0, 0, 0, 0, 1, 0, 0]",101100000100,"[""101100000100""]",1,0.000244140625,False,False,,,2.5204320129633953,0.11613845996537361,{},{}
"[1, 0, 1, 1, 0, 0, 0, 0, 0, 1, 1, 1]",101100000111,"[""101100000111""]",1,0.000244140625,False,False,,,7.17044571201925,0.3523227187500895,{},{}
"[1, 0, 1, 1, 0, 0, 0, 0, 1, 0, 0, 0]",101100001000,"[""101100001000""]",1,0.000244140625,False,False,,,2.4573292345839484,0.11293333329191199,{},{}
"[1, 0, 1, 1, 0, 0, 0, 0, 1, 0, 1, 0]",101100001010,"[""101100001010""]",1,0.000244140625,False,False,,,1.7145265569726358,0.07520477781033323,{},{}
"[1, 0, 1, 1, 0, 0, 0, 0, 1, 1, 0, 0]",101100001100,"[""101100001100""]",1,0.000244140625,False,False,,,1.8472789221154469,0.08194755772290402,{},{}
"[1, 0, 1, 1, 0, 0, 0, 0, 1, 1, 1, 0]",101100001110,"[""101100001110""]",1,0.000244140625,False,False,,,3.1044762445041343,0.14580333040477605,{},{}
"[1, 0, 1, 1, 0, 0, 0, 0, 1, 1, 1, 1]",101100001111,"[""101100001111""]",1,0.000244140625,False,False,,,6.515127542177444,0.3190376907417485,{},{}
"[1, 0, 1, 1, 0, 0, 0, 1, 0, 0, 0, 0]",101100010000,"[""101100010000""]",1,0.000244140625,False,False,,,2.39093462069581,0.10956100716916285,{},{}
"[1, 0, 1, 1, 0, 0, 0, 1, 0, 0, 1, 1]",101100010011,"[""101100010011""]",1,0.000244140625,False,False,,,3.0904897669909515,0.1450929269440011,{},{}
"[1, 0, 1, 1, 0, 0, 0, 1, 1, 0, 0, 0]",101100011000,"[""101100011000""]",1,0.000244140625,False,False,,,3.735616450854005,0.17786030732427272,{},{}
"[1, 0, 1, 1, 0, 0, 0, 1, 1, 0, 0, 1]",101100011001,"[""101100011001""]",1,0.000244140625,False,False,,,3.1105979065150287,0.14611426286608625,{},{}
"[1, 0, 1, 1, 0, 0, 0, 1, 1, 0, 1, 0]",101100011010,"[""101100011010""]",1,0.000244140625,False,False,,,3.060190141488121,0.14355394339384653,{},{}
"[1, 0, 1, 1, 0, 0, 0, 1, 1, 0, 1, 1]",101100011011,"[""101100011011""]",1,0.000244140625,False,False,,,4.45300651815529,0.2142981013332396,{},{}
"[1, 0, 1, 1, 0, 0, 0, 1, 1, 1, 1, 0]",101100011110,"[""101100011110""]",1,0.000244140625,False,False,,,4.45013982901962,0.2141524959882894,{},{}
"[1, 0, 1, 1, 0, 0, 1, 0, 0, 0, 1, 1]",101100100011,"[""101100100011""]",1,0.000244140625,False,False,,,3.1704457120192497,0.14915406242318785,{},{}
"[1, 0, 1, 1, 0, 0, 1, 0, 1, 0, 1, 1]",101100101011,"[""101100101011""]",1,0.000244140625,False,False,,,4.532962463183588,0.21835923681242636,{},{}
"[1, 0, 1, 1, 0, 0, 1, 0, 1, 1, 0, 0]",101100101100,"[""101100101100""]",1,0.000244140625,False,False,,,3.3455345871202278,0.15804720529620145,{},{}
"[1, 0, 1, 1, 0, 0, 1, 0, 1, 1, 0, 1]",101100101101,"[""101100101101""]",1,0.000244140625,False,False,,,4.756185884793538,0.22969723746972312,{},{}
"[1, 0, 1, 1, 0, 0, 1, 0, 1, 1, 1, 1]",101100101111,"[""101100101111""]",1,0.000244140625,False,False,,,8.03121812818837,0.39604321254917463,{},{}
"[1, 0, 1, 1, 0, 0, 1, 1, 1, 0, 0, 0]",101100111000,"[""101100111000""]",1,0.000244140625,False,False,,,7.143401059391648,0.3509490623162951,{},{}
"[1, 0, 1, 1, 0, 1, 0, 0, 0, 0, 0, 1]",101101000001,"[""101101000001""]",1,0.000244140625,False,False,,,3.8976414821580434,0.18608990929961414,{},{}
"[1, 0, 1, 1, 0, 1, 0, 0, 0, 0, 1, 1]",101101000011,"[""101101000011""]",1,0.000244140625,False,False,,,5.15483880454673,0.24994568198148617,{},{}
"[1, 0, 1, 1, 0, 1, 0, 0, 0, 1, 1, 1]",101101000111,"[""101101000111""]",1,0.000244140625,False,False,,,8.583713306965741,0.4241056383239971,{},{}
"[1, 0, 1, 1, 0, 1, 0, 0, 1, 0, 0, 1]",101101001001,"[""101101001001""]",1,0.000244140625,False,False,,,3.3088479668355717,0.15618381245909924,{},{}
"[1, 0, 1, 1, 0, 1, 0, 0, 1, 1, 1, 0]",101101001110,"[""101101001110""]",1,0.000244140625,False,False,,,4.602103414976102,0.2218710553806384,{},{}
"[1, 0, 1, 1, 0, 1, 0, 1, 0, 0, 1, 0]",101101010010,"[""101101010010""]",1,0.000244140625,False,False,,,3.0898510913889057,0.145060487228027,{},{}
"[1, 0, 1, 1, 0, 1, 0, 1, 0, 1, 0, 1]",101101010101,"[""101101010101""]",1,0.000244140625,False,False,,,4.586968279840967,0.22110230911345552,{},{}
"[1, 0, 1, 1, 0, 1, 0, 1, 1, 0, 0, 0]",101101011000,"[""101101011000""]",1,0.000244140625,False,False,,,5.212153727444604,0.2528568309496464,{},{}
"[1, 0, 1, 1, 0, 1, 0, 1, 1, 1, 0, 0]",101101011100,"[""101101011100""]",1,0.000244140625,False,False,,,4.623193308857472,0.2229422567311271,{},{}
"[1, 0, 1, 1, 0, 1, 0, 1, 1, 1, 1, 1]",101101011111,"[""101101011111""]",1,0.000244140625,False,False,,,9.3584182971649,0.46345458130112427,{},{}
"[1, 0, 1, 1, 0, 1, 1, 0, 0, 0, 0, 1]",101101100001,"[""101101100001""]",1,0.000244140625,False,False,,,3.3054260906956845,0.15601000796473474,{},{}
"[1, 0, 1, 1, 0, 1, 1, 0, 0, 0, 1, 0]",101101100010,"[""101101100010""]",1,0.000244140625,False,False,,,3.151972115411061,0.1482157484730851,{},{}
"[1, 0, 1, 1, 0, 1, 1, 0, 0, 1, 0, 0]",101101100100,"[""101101100100""]",1,0.000244140625,False,False,,,3.414120351908524,0.16153082471499924,{},{}
"[1, 0, 1, 1, 0, 1, 1, 0, 0, 1, 1, 0]",101101100110,"[""101101100110""]",1,0.000244140625,False,False,,,4.653482753291068,0.22448072316274262,{},{}
"[1, 0, 1, 1, 0, 1, 1, 0, 0, 1, 1, 1]",101101100111,"[""101101100111""]",1,0.000244140625,False,False,,,8.081968971970522,0.39862095773384376,{},{}
"[1, 0, 1, 1, 0, 1, 1, 0, 1, 0, 0, 1]",101101101001,"[""101101101001""]",1,0.000244140625,False,False,,,4.734467496379358,0.2285941135217994,{},{}
"[1, 0, 1, 1, 0, 1, 1, 0, 1, 0, 1, 0]",101101101010,"[""101101101010""]",1,0.000244140625,False,False,,,4.598848442100876,0.22170572826427837,{},{}
"[1, 0, 1, 1, 0, 1, 1, 0, 1, 0, 1, 1]",101101101011,"[""101101101011""]",1,0.000244140625,False,False,,,6.009499739774187,0.29335576043780004,{},{}
"[1, 0, 1, 1, 0, 1, 1, 1, 0, 0, 0, 1]",101101110001,"[""101101110001""]",1,0.000244140625,False,False,,,4.565878385959597,0.22003110776296683,{},{}
"[1, 0, 1, 1, 0, 1, 1, 1, 0, 0, 1, 0]",101101110010,"[""101101110010""]",1,0.000244140625,False,False,,,4.479800778920404,0.2156590398224698,{},{}
"[1, 0, 1, 1, 0, 1, 1, 1, 0, 0, 1, 1]",101101110011,"[""101101110011""]",1,0.000244140625,False,False,,,5.890452076593715,0.28730907199599154,{},{}
"[1, 0, 1, 1, 0, 1, 1, 1, 0, 1, 0, 0]",101101110100,"[""101101110100""]",1,0.000244140625,False,False,,,4.674572647172437,0.2255519245132313,{},{}
"[1, 0, 1, 1, 0, 1, 1, 1, 0, 1, 0, 1]",101101110101,"[""101101110101""]",1,0.000244140625,False,False,,,6.0852239448457475,0.297201956686753,{},{}
"[1, 0, 1, 1, 0, 1, 1, 1, 0, 1, 1, 0]",101101110110,"[""101101110110""]",1,0.000244140625,False,False,,,5.981311416800411,0.29192401451212735,{},{}
"[1, 0, 1, 1, 0, 1, 1, 1, 0, 1, 1, 1]",101101110111,"[""101101110111""]",1,0.000244140625,False,False,,,9.409797635479865,0.46606424908322847,{},{}
"[1, 0, 1, 1, 0, 1, 1, 1, 1, 0, 0, 0]",101101111000,"[""101101111000""]",1,0.000244140625,False,False,,,8.619938335982246,0.4259455859416687,{},{}
"[1, 0, 1, 1, 0, 1, 1, 1, 1, 0, 1, 0]",101101111010,"[""101101111010""]",1,0.000244140625,False,False,,,7.944512026616362,0.3916392220112425,{},{}
"[1, 0, 1, 1, 0, 1, 1, 1, 1, 1, 1, 0]",101101111110,"[""101101111110""]",1,0.000244140625,False,False,,,9.44602266449637,0.46790419670090005,{},{}
"[1, 0, 1, 1, 1, 0, 0, 0, 0, 1, 0, 0]",101110000100,"[""101110000100""]",1,0.000244140625,False,False,,,3.8073419437922027,0.1815034003304323,{},{}
"[1, 0, 1, 1, 1, 0, 0, 0, 0, 1, 1, 0]",101110000110,"[""101110000110""]",1,0.000244140625,False,False,,,5.126377277615474,0.24850005943557738,{},{}
"[1, 0, 1, 1, 1, 0, 0, 0, 0, 1, 1, 1]",101110000111,"[""101110000111""]",1,0.000244140625,False,False,,,8.558118469170156,0.4228056211230386,{},{}
"[1, 0, 1, 1, 1, 0, 0, 0, 1, 0, 0, 1]",101110001001,"[""101110001001""]",1,0.000244140625,False,False,,,3.140310514955149,0.14762343054927293,{},{}
"[1, 0, 1, 1, 1, 0, 0, 0, 1, 1, 1, 0]",101110001110,"[""101110001110""]",1,0.000244140625,False,False,,,4.471059107773669,0.21521503142723641,{},{}
"[1, 0, 1, 1, 1, 0, 0, 1, 0, 0, 1, 0]",101110010010,"[""101110010010""]",1,0.000244140625,False,False,,,3.122839292152678,0.14673602933398142,{},{}
"[1, 0, 1, 1, 1, 0, 0, 1, 0, 0, 1, 1]",101110010011,"[""101110010011""]",1,0.000244140625,False,False,,,4.536745562701216,0.21855138862386322,{},{}
"[1, 0, 1, 1, 1, 0, 0, 1, 0, 1, 0, 0]",101110010100,"[""101110010100""]",1,0.000244140625,False,False,,,3.1263772776154743,0.14691573127212654,{},{}
"[1, 0, 1, 1, 1, 0, 0, 1, 0, 1, 0, 1]",101110010101,"[""101110010101""]",1,0.000244140625,False,False,,,4.540283548164012,0.2187310905620083,{},{}
"[1, 0, 1, 1, 1, 0, 0, 1, 0, 1, 1, 0]",101110010110,"[""101110010110""]",1,0.000244140625,False,False,,,4.512788979684177,0.21733458192842428,{},{}
"[1, 0, 1, 1, 1, 0, 0, 1, 1, 1, 0, 0]",101110011100,"[""101110011100""]",1,0.000244140625,False,False,,,4.471059107773669,0.21521503142723641,{},{}
"[1, 0, 1, 1, 1, 0, 1, 0, 0, 0, 0, 0]",101110100000,"[""101110100000""]",1,0.000244140625,False,False,,,3.8073419437922027,0.1815034003304323,{},{}
"[1, 0, 1, 1, 1, 0, 1, 0, 0, 1, 1, 0]",101110100110,"[""101110100110""]",1,0.000244140625,False,False,,,4.606798021614112,0.22210950461129533,{},{}
"[1, 0, 1, 1, 1, 0, 1, 0, 1, 0, 1, 0]",101110101010,"[""101110101010""]",1,0.000244140625,False,False,,,4.4888940287798125,0.21612090566136505,{},{}
"[1, 0, 1, 1, 1, 0, 1, 0, 1, 1, 0, 1]",101110101101,"[""101110101101""]",1,0.000244140625,False,False,,,6.0641857095037155,0.2961333791852705,{},{}
"[1, 0, 1, 1, 1, 0, 1, 1, 0, 0, 0, 1]",101110110001,"[""101110110001""]",1,0.000244140625,False,False,,,4.540283548164012,0.2187310905620083,{},{}
"[1, 0, 1, 1, 1, 0, 1, 1, 0, 1, 0, 0]",101110110100,"[""101110110100""]",1,0.000244140625,False,False,,,4.606798021614112,0.22210950461129533,{},{}
"[1, 0, 1, 1, 1, 0, 1, 1, 0, 1, 0, 1]",101110110101,"[""101110110101""]",1,0.000244140625,False,False,,,6.038539213168793,0.29483073813530575,{},{}
"[1, 0, 1, 1, 1, 0, 1, 1, 0, 1, 1, 1]",101110110111,"[""101110110111""]",1,0.000244140625,False,False,,,9.442785836243637,0.46773979118918285,{},{}
"[1, 0, 1, 1, 1, 0, 1, 1, 1, 0, 0, 0]",101110111000,"[""101110111000""]",1,0.000244140625,False,False,,,8.488894028779814,0.4192895619882668,{},{}
"[1, 0, 1, 1, 1, 0, 1, 1, 1, 1, 0, 1]",101110111101,"[""101110111101""]",1,0.000244140625,False,False,,,9.401055964333128,0.46562024068799496,{},{}
"[1, 0, 1, 1, 1, 0, 1, 1, 1, 1, 1, 1]",101110111111,"[""101110111111""]",1,0.000244140625,False,False,,,12.823137508414119,0.6394351679760009,{},{}
"[1, 0, 1, 1, 1, 1, 0, 0, 0, 0, 0, 1]",101111000001,"[""101111000001""]",1,0.000244140625,False,False,,,7.231613660062429,0.3554295712036411,{},{}
"[1, 0, 1, 1, 1, 1, 0, 0, 0, 1, 0, 0]",101111000100,"[""101111000100""]",1,0.000244140625,False,False,,,7.246581891932903,0.3561898400928195,{},{}
"[1, 0, 1, 1, 1, 1, 0, 0, 0, 1, 0, 1]",101111000101,"[""101111000101""]",1,0.000244140625,False,False,,,8.660488162481439,0.4280051993827012,{},{}
"[1, 0, 1, 1, 1, 1, 0, 0, 0, 1, 1, 0]",101111000110,"[""101111000110""]",1,0.000244140625,False,False,,,8.565617225756174,0.4231864991979646,{},{}
"[1, 0, 1, 1, 1, 1, 0, 0, 1, 1, 0, 0]",101111001100,"[""101111001100""]",1,0.000244140625,False,False,,,6.657788376610431,0.32628374325230464,{},{}
"[1, 0, 1, 1, 1, 1, 0, 1, 0, 0, 0, 1]",101111010001,"[""101111010001""]",1,0.000244140625,False,False,,,6.5506489938857,0.3208419021453353,{},{}
"[1, 0, 1, 1, 1, 1, 0, 1, 0, 1, 0, 0]",101111010100,"[""101111010100""]",1,0.000244140625,False,False,,,6.565617225756174,0.3216021710345138,{},{}
"[1, 0, 1, 1, 1, 1, 0, 1, 0, 1, 0, 1]",101111010101,"[""101111010101""]",1,0.000244140625,False,False,,,7.9795234963047115,0.3934175303243955,{},{}
"[1, 0, 1, 1, 1, 1, 0, 1, 1, 0, 0, 1]",101111011001,"[""101111011001""]",1,0.000244140625,False,False,,,7.979690399569373,0.39342600770239994,{},{}
"[1, 0, 1, 1, 1, 1, 0, 1, 1, 0, 1, 1]",101111011011,"[""101111011011""]",1,0.000244140625,False,False,,,9.40177194365036,0.46565660682695487,{},{}
"[1, 0, 1, 1, 1, 1, 0, 1, 1, 1, 0, 1]",101111011101,"[""101111011101""]",1,0.000244140625,False,False,,,9.408564901988383,0.4660016358814601,{},{}
"[1, 0, 1, 1, 1, 1, 0, 1, 1, 1, 1, 0]",101111011110,"[""101111011110""]",1,0.000244140625,False,False,,,9.398905254514691,0.4655110014820047,{},{}
"[1, 0, 1, 1, 1, 1, 1, 0, 0, 0, 0, 0]",101111100000,"[""101111100000""]",1,0.000244140625,False,False,,,7.225491998051534,0.35511863874233085,{},{}
"[1, 0, 1, 1, 1, 1, 1, 0, 0, 0, 1, 0]",101111100010,"[""101111100010""]",1,0.000244140625,False,False,,,6.544527331874805,0.3205309696840251,{},{}
"[1, 0, 1, 1, 1, 1, 1, 0, 0, 1, 0, 1]",101111100101,"[""101111100101""]",1,0.000244140625,False,False,,,8.15874382748622,0.40252051879254785,{},{}
"[1, 0, 1, 1, 1, 1, 1, 0, 0, 1, 1, 1]",101111100111,"[""101111100111""]",1,0.000244140625,False,False,,,11.495614082315635,0.5720073802952724,{},{}
"[1, 0, 1, 1, 1, 1, 1, 0, 1, 0, 0, 0]",101111101000,"[""101111101000""]",1,0.000244140625,False,False,,,8.654533403735204,0.42770274429939537,{},{}
"[1, 0, 1, 1, 1, 1, 1, 0, 1, 0, 0, 1]",101111101001,"[""101111101001""]",1,0.000244140625,False,False,,,8.068439674283741,0.3979337754258263,{},{}
"[1, 0, 1, 1, 1, 1, 1, 0, 1, 0, 1, 1]",101111101011,"[""101111101011""]",1,0.000244140625,False,False,,,9.4231448501193,0.46674218299922865,{},{}
"[1, 0, 1, 1, 1, 1, 1, 1, 0, 0, 1, 0]",101111110010,"[""101111110010""]",1,0.000244140625,False,False,,,7.930939033943506,0.3909498203403228,{},{}
"[1, 0, 1, 1, 1, 1, 1, 1, 0, 0, 1, 1]",101111110011,"[""101111110011""]",1,0.000244140625,False,False,,,9.362680225498186,0.4636710538643331,{},{}
"[1, 0, 1, 1, 1, 1, 1, 1, 0, 1, 0, 0]",101111110100,"[""101111110100""]",1,0.000244140625,False,False,,,8.04603796975481,0.3967959443736825,{},{}
"[1, 0, 1, 1, 1, 1, 1, 1, 0, 1, 1, 0]",101111110110,"[""101111110110""]",1,0.000244140625,False,False,,,9.432449671823514,0.4672147950299803,{},{}
"[1, 0, 1, 1, 1, 1, 1, 1, 0, 1, 1, 1]",101111110111,"[""101111110111""]",1,0.000244140625,False,False,,,12.882025784384338,0.6424262309515701,{},{}
"[1, 0, 1, 1, 1, 1, 1, 1, 1, 0, 0, 1]",101111111001,"[""101111111001""]",1,0.000244140625,False,False,,,11.405309929113157,0.5674206369285508,{},{}
"[1, 0, 1, 1, 1, 1, 1, 1, 1, 0, 1, 0]",101111111010,"[""101111111010""]",1,0.000244140625,False,False,,,11.395650281639465,0.5669300025290955,{},{}
"[1, 0, 1, 1, 1, 1, 1, 1, 1, 0, 1, 1]",101111111011,"[""101111111011""]",1,0.000244140625,False,False,,,12.827391473194147,0.6396512360531059,{},{}
"[1, 1, 0, 0, 0, 0, 0, 0, 0, 0, 0, 1]",110000000001,"[""110000000001""]",1,0.000244140625,False,False,,,2.9393835294310637,0.13741791413208712,{},{}
"[1, 1, 0, 0, 0, 0, 0, 0, 0, 0, 1, 1]",110000000011,"[""110000000011""]",1,0.000244140625,False,False,,,4.2551638903791105,0.2042492461208722,{},{}
"[1, 1, 0, 0, 0, 0, 0, 0, 0, 1, 1, 0]",110000000110,"[""110000000110""]",1,0.000244140625,False,False,,,4.23388915610648,0.20316865632690165,{},{}
"[1, 1, 0, 0, 0, 0, 0, 0, 0, 1, 1, 1]",110000000111,"[""110000000111""]",1,0.000244140625,False,False,,,7.5601808782543145,0.37211821126191946,{},{}
"[1, 1, 0, 0, 0, 0, 0, 0, 1, 0, 1, 1]",110000001011,"[""110000001011""]",1,0.000244140625,False,False,,,3.5998457205373047,0.17096421811253118,{},{}
"[1, 1, 0, 0, 0, 0, 0, 1, 0, 0, 1, 0]",110000010010,"[""110000010010""]",1,0.000244140625,False,False,,,2.3331187913061218,0.10662441607628077,{},{}
"[1, 1, 0, 0, 0, 0, 0, 1, 0, 1, 0, 0]",110000010100,"[""110000010100""]",1,0.000244140625,False,False,,,2.2549790499878495,0.10265552951393951,{},{}
"[1, 1, 0, 0, 0, 0, 0, 1, 0, 1, 1, 1]",110000010111,"[""110000010111""]",1,0.000244140625,False,False,,,6.946592580323016,0.3409527337547663,{},{}
"[1, 1, 0, 0, 0, 0, 0, 1, 1, 0, 1, 0]",110000011010,"[""110000011010""]",1,0.000244140625,False,False,,,3.69563554247046,0.17582959046551927,{},{}
"[1, 1, 0, 0, 0, 0, 0, 1, 1, 0, 1, 1]",110000011011,"[""110000011011""]",1,0.000244140625,False,False,,,5.00409234361215,0.24228894300295756,{},{}
"[1, 1, 0, 0, 0, 0, 0, 1, 1, 1, 0, 0]",110000011100,"[""110000011100""]",1,0.000244140625,False,False,,,3.5996608801460446,0.17095482966904937,{},{}
"[1, 1, 0, 0, 0, 0, 0, 1, 1, 1, 1, 1]",110000011111,"[""110000011111""]",1,0.000244140625,False,False,,,8.309109331487354,0.4101579081440048,{},{}
"[1, 1, 0, 0, 0, 0, 1, 0, 0, 0, 1, 0]",110000100010,"[""110000100010""]",1,0.000244140625,False,False,,,2.2549790499878495,0.10265552951393951,{},{}
"[1, 1, 0, 0, 0, 0, 1, 0, 0, 0, 1, 1]",110000100011,"[""110000100011""]",1,0.000244140625,False,False,,,3.5812707721356833,0.17002075628550645,{},{}
"[1, 1, 0, 0, 0, 0, 1, 0, 1, 0, 0, 0]",110000101000,"[""110000101000""]",1,0.000244140625,False,False,,,4.301715440204142,0.20661370007784383,{},{}
"[1, 1, 0, 0, 0, 0, 1, 0, 1, 0, 0, 1]",110000101001,"[""110000101001""]",1,0.000244140625,False,False,,,3.610172241345832,0.17148872445183128,{},{}
"[1, 1, 0, 0, 0, 0, 1, 0, 1, 0, 1, 1]",110000101011,"[""110000101011""]",1,0.000244140625,False,False,,,4.9437875233000215,0.23922593067474496,{},{}
"[1, 1, 0, 0, 0, 0, 1, 0, 1, 1, 1, 0]",110000101110,"[""110000101110""]",1,0.000244140625,False,False,,,4.9951489244883875,0.24183468739137176,{},{}
"[1, 1, 0, 0, 0, 0, 1, 1, 0, 1, 0, 0]",110000110100,"[""110000110100""]",1,0.000244140625,False,False,,,3.6537220672054187,0.17370071435262197,{},{}
"[1, 1, 0, 0, 0, 0, 1, 1, 0, 1, 1, 0]",110000110110,"[""110000110110""]",1,0.000244140625,False,False,,,5.019043875392751,0.24304836365843097,{},{}
"[1, 1, 0, 0, 0, 0, 1, 1, 0, 1, 1, 1]",110000110111,"[""110000110111""]",1,0.000244140625,False,False,,,8.363170518546728,0.41290379282757733,{},{}
"[1, 1, 0, 0, 0, 0, 1, 1, 1, 0, 0, 1]",110000111001,"[""110000111001""]",1,0.000244140625,False,False,,,6.947042496175248,0.34097558595455585,{},{}
"[1, 1, 0, 0, 0, 0, 1, 1, 1, 1, 0, 1]",110000111101,"[""110000111101""]",1,0.000244140625,False,False,,,8.342530540517592,0.41185544367687826,{},{}
"[1, 1, 0, 0, 0, 0, 1, 1, 1, 1, 1, 1]",110000111111,"[""110000111111""]",1,0.000244140625,False,False,,,11.74352219071721,0.5845991696143953,{},{}
"[1, 1, 0, 0, 0, 1, 0, 0, 0, 0, 0, 0]",110001000000,"[""110001000000""]",1,0.000244140625,False,False,,,3.0409393503606386,0.1425761540521964,{},{}
"[1, 1, 0, 0, 0, 1, 0, 0, 0, 0, 0, 1]",110001000001,"[""110001000001""]",1,0.000244140625,False,False,,,2.3315612304961855,0.10654530419205523,{},{}
"[1, 1, 0, 0, 0, 1, 0, 0, 0, 1, 0, 0]",110001000100,"[""110001000100""]",1,0.000244140625,False,False,,,2.3492113111110684,0.10744178998270204,{},{}
"[1, 1, 0, 0, 0, 1, 0, 0, 0, 1, 1, 0]",110001000110,"[""110001000110""]",1,0.000244140625,False,False,,,3.6471567510529717,0.17336724773735845,{},{}
"[1, 1, 0, 0, 0, 1, 0, 0, 1, 0, 0, 0]",110001001000,"[""110001001000""]",1,0.000244140625,False,False,,,2.452145835038167,0.11267005721168151,{},{}
"[1, 1, 0, 0, 0, 1, 0, 0, 1, 0, 1, 1]",110001001011,"[""110001001011""]",1,0.000244140625,False,False,,,3.0763829971279035,0.14437641357445405,{},{}
"[1, 1, 0, 0, 0, 1, 0, 0, 1, 1, 0, 0]",110001001100,"[""110001001100""]",1,0.000244140625,False,False,,,1.7604177957885971,0.07753569314218718,{},{}
"[1, 1, 0, 0, 0, 1, 0, 0, 1, 1, 1, 0]",110001001110,"[""110001001110""]",1,0.000244140625,False,False,,,3.076198156736644,0.14436702513097224,{},{}
"[1, 1, 0, 0, 0, 1, 0, 1, 0, 0, 0, 0]",110001010000,"[""110001010000""]",1,0.000244140625,False,False,,,2.3599746841839107,0.10798848499389066,{},{}
"[1, 1, 0, 0, 0, 1, 0, 1, 0, 1, 0, 0]",110001010100,"[""110001010100""]",1,0.000244140625,False,False,,,1.668246644934341,0.07285412092439633,{},{}
"[1, 1, 0, 0, 0, 1, 0, 1, 0, 1, 1, 0]",110001010110,"[""110001010110""]",1,0.000244140625,False,False,,,3.0335684531216733,0.14220177023020533,{},{}
"[1, 1, 0, 0, 0, 1, 0, 1, 1, 0, 1, 0]",110001011010,"[""110001011010""]",1,0.000244140625,False,False,,,3.1721728190610587,0.1492417859274421,{},{}
"[1, 1, 0, 0, 0, 1, 0, 1, 1, 1, 0, 1]",110001011101,"[""110001011101""]",1,0.000244140625,False,False,,,4.405744851759703,0.21189757901889922,{},{}
"[1, 1, 0, 0, 0, 1, 1, 0, 0, 0, 0, 0]",110001100000,"[""110001100000""]",1,0.000244140625,False,False,,,2.3492113111110684,0.10744178998270204,{},{}
"[1, 1, 0, 0, 0, 1, 1, 0, 0, 1, 1, 1]",110001100111,"[""110001100111""]",1,0.000244140625,False,False,,,6.390026411424518,0.3126835335817365,{},{}
"[1, 1, 0, 0, 0, 1, 1, 0, 1, 0, 0, 1]",110001101001,"[""110001101001""]",1,0.000244140625,False,False,,,3.0867095179364314,0.14490091991375414,{},{}
"[1, 1, 0, 0, 0, 1, 1, 0, 1, 1, 1, 0]",110001101110,"[""110001101110""]",1,0.000244140625,False,False,,,4.492776094960355,0.2163180842037833,{},{}
"[1, 1, 0, 0, 0, 1, 1, 1, 0, 0, 0, 0]",110001110000,"[""110001110000""]",1,0.000244140625,False,False,,,3.6682466449343405,0.17443844908784711,{},{}
"[1, 1, 0, 0, 0, 1, 1, 1, 1, 0, 1, 0]",110001111010,"[""110001111010""]",1,0.000244140625,False,False,,,6.498279700817632,0.318181952418978,{},{}
"[1, 1, 0, 0, 0, 1, 1, 1, 1, 0, 1, 1]",110001111011,"[""110001111011""]",1,0.000244140625,False,False,,,7.824571422965466,0.385547179190545,{},{}
"[1, 1, 0, 0, 0, 1, 1, 1, 1, 1, 1, 1]",110001111111,"[""110001111111""]",1,0.000244140625,False,False,,,11.241149361189178,0.5590825664268069,{},{}
"[1, 1, 0, 0, 1, 0, 0, 0, 0, 0, 0, 1]",110010000001,"[""110010000001""]",1,0.000244140625,False,False,,,2.345501132874916,0.10725334200095894,{},{}
"[1, 1, 0, 0, 1, 0, 0, 0, 0, 0, 1, 0]",110010000010,"[""110010000010""]",1,0.000244140625,False,False,,,2.4114077312406312,0.11060088075921873,{},{}
"[1, 1, 0, 0, 1, 0, 0, 0, 0, 1, 0, 1]",110010000101,"[""110010000101""]",1,0.000244140625,False,False,,,3.65051812075012,0.17353797897855536,{},{}
"[1, 1, 0, 0, 1, 0, 0, 0, 1, 0, 0, 1]",110010001001,"[""110010001001""]",1,0.000244140625,False,False,,,1.6723480420269672,0.07306243975848932,{},{}
"[1, 1, 0, 0, 1, 0, 0, 1, 0, 0, 0, 0]",110010010000,"[""110010010000""]",1,0.000244140625,False,False,,,2.4114077312406312,0.11060088075921873,{},{}
"[1, 1, 0, 0, 1, 0, 0, 1, 1, 0, 1, 0]",110010011010,"[""110010011010""]",1,0.000244140625,False,False,,,3.218919223033031,0.15161613694821716,{},{}
"[1, 1, 0, 0, 1, 0, 0, 1, 1, 0, 1, 1]",110010011011,"[""110010011011""]",1,0.000244140625,False,False,,,4.54846591805609,0.2191466908361441,{},{}
"[1, 1, 0, 0, 1, 0, 0, 1, 1, 1, 1, 1]",110010011111,"[""110010011111""]",1,0.000244140625,False,False,,,7.853482905931294,0.38701565597719134,{},{}
"[1, 1, 0, 0, 1, 0, 1, 0, 0, 0, 1, 1]",110010100011,"[""110010100011""]",1,0.000244140625,False,False,,,3.067061308020264,0.14390294481177998,{},{}
"[1, 1, 0, 0, 1, 0, 1, 0, 1, 0, 0, 0]",110010101000,"[""110010101000""]",1,0.000244140625,False,False,,,3.686743149766625,0.17537792659622695,{},{}
"[1, 1, 0, 0, 1, 0, 1, 0, 1, 1, 0, 1]",110010101101,"[""110010101101""]",1,0.000244140625,False,False,,,4.411777889132028,0.21220401004302553,{},{}
"[1, 1, 0, 0, 1, 0, 1, 1, 0, 0, 1, 0]",110010110010,"[""110010110010""]",1,0.000244140625,False,False,,,3.1646744326191225,0.1488609266529351,{},{}
"[1, 1, 0, 0, 1, 0, 1, 1, 0, 0, 1, 1]",110010110011,"[""110010110011""]",1,0.000244140625,False,False,,,4.512056048648325,0.2172973547749907,{},{}
"[1, 1, 0, 0, 1, 0, 1, 1, 1, 0, 0, 0]",110010111000,"[""110010111000""]",1,0.000244140625,False,False,,,7.082196443155399,0.3478403474058645,{},{}
"[1, 1, 0, 0, 1, 0, 1, 1, 1, 1, 0, 1]",110010111101,"[""110010111101""]",1,0.000244140625,False,False,,,7.807231182520803,0.3846664308526631,{},{}
"[1, 1, 0, 0, 1, 1, 0, 0, 0, 1, 0, 0]",110011000100,"[""110011000100""]",1,0.000244140625,False,False,,,3.76021137386776,0.17910953668956475,{},{}
"[1, 1, 0, 0, 1, 1, 0, 0, 0, 1, 1, 1]",110011000111,"[""110011000111""]",1,0.000244140625,False,False,,,8.485211362279594,0.41910251138712934,{},{}
"[1, 1, 0, 0, 1, 1, 0, 0, 1, 0, 0, 0]",110011001000,"[""110011001000""]",1,0.000244140625,False,False,,,3.863145897794859,0.1843378039185443,{},{}
"[1, 1, 0, 0, 1, 1, 0, 1, 0, 0, 0, 0]",110011010000,"[""110011010000""]",1,0.000244140625,False,False,,,3.829557785499961,0.18263179100766638,{},{}
"[1, 1, 0, 0, 1, 1, 0, 1, 0, 0, 0, 1]",110011010001,"[""110011010001""]",1,0.000244140625,False,False,,,3.1412695595168776,0.14767214249801391,{},{}
"[1, 1, 0, 0, 1, 1, 0, 1, 0, 0, 1, 0]",110011010010,"[""110011010010""]",1,0.000244140625,False,False,,,3.274552526128023,0.15444187280742633,{},{}
"[1, 1, 0, 0, 1, 1, 0, 1, 0, 1, 0, 1]",110011010101,"[""110011010101""]",1,0.000244140625,False,False,,,4.467376441273451,0.21502798082609906,{},{}
"[1, 1, 0, 0, 1, 1, 0, 1, 0, 1, 1, 1]",110011010111,"[""110011010111""]",1,0.000244140625,False,False,,,7.930206102907656,0.39091259318688926,{},{}
"[1, 1, 0, 0, 1, 1, 0, 1, 1, 0, 1, 1]",110011011011,"[""110011011011""]",1,0.000244140625,False,False,,,6.050975547840897,0.29546240648654654,{},{}
"[1, 1, 0, 0, 1, 1, 0, 1, 1, 1, 0, 0]",110011011100,"[""110011011100""]",1,0.000244140625,False,False,,,4.5668711519340635,0.22008153249523665,{},{}
"[1, 1, 0, 0, 1, 1, 0, 1, 1, 1, 0, 1]",110011011101,"[""110011011101""]",1,0.000244140625,False,False,,,5.896417846957123,0.2876120863831636,{},{}
"[1, 1, 0, 0, 1, 1, 0, 1, 1, 1, 1, 0]",110011011110,"[""110011011110""]",1,0.000244140625,False,False,,,6.029700813568269,0.29438181669257607,{},{}
"[1, 1, 0, 0, 1, 1, 1, 0, 0, 1, 1, 0]",110011100110,"[""110011100110""]",1,0.000244140625,False,False,,,4.5365727634679605,0.2185426117768545,{},{}
"[1, 1, 0, 0, 1, 1, 1, 0, 0, 1, 1, 1]",110011100111,"[""110011100111""]",1,0.000244140625,False,False,,,7.901789300503307,0.3894692422964896,{},{}
"[1, 1, 0, 0, 1, 1, 1, 0, 1, 0, 0, 1]",110011101001,"[""110011101001""]",1,0.000244140625,False,False,,,4.518799474574491,0.21763986797110552,{},{}
"[1, 1, 0, 0, 1, 1, 1, 0, 1, 1, 1, 0]",110011101110,"[""110011101110""]",1,0.000244140625,False,False,,,5.983449090157776,0.29203259156804773,{},{}
"[1, 1, 0, 0, 1, 1, 1, 1, 0, 0, 0, 0]",110011110000,"[""110011110000""]",1,0.000244140625,False,False,,,5.137829746250391,0.24908175510162286,{},{}
"[1, 1, 0, 0, 1, 1, 1, 1, 0, 0, 0, 1]",110011110001,"[""110011110001""]",1,0.000244140625,False,False,,,4.4673764412734505,0.215027980826099,{},{}
"[1, 1, 0, 0, 1, 1, 1, 1, 1, 0, 0, 1]",110011111001,"[""110011111001""]",1,0.000244140625,False,False,,,7.9142527679632675,0.39010228878074316,{},{}
"[1, 1, 0, 0, 1, 1, 1, 1, 1, 0, 1, 1]",110011111011,"[""110011111011""]",1,0.000244140625,False,False,,,9.394917350603615,0.46530844721221115,{},{}
"[1, 1, 0, 0, 1, 1, 1, 1, 1, 1, 0, 1]",110011111101,"[""110011111101""]",1,0.000244140625,False,False,,,9.33083070618698,0.46205334785355423,{},{}
"[1, 1, 0, 1, 0, 0, 0, 0, 0, 0, 0, 1]",110100000001,"[""110100000001""]",1,0.000244140625,False,False,,,2.307161379434218,0.10530598295334612,{},{}
"[1, 1, 0, 1, 0, 0, 0, 0, 0, 1, 1, 1]",110100000111,"[""110100000111""]",1,0.000244140625,False,False,,,7.030726348919906,0.34522606993415345,{},{}
"[1, 1, 0, 1, 0, 0, 0, 0, 1, 0, 0, 0]",110100001000,"[""110100001000""]",1,0.000244140625,False,False,,,2.3433864084507228,0.10714593057101768,{},{}
"[1, 1, 0, 1, 0, 0, 0, 0, 1, 1, 0, 0]",110100001100,"[""110100001100""]",1,0.000244140625,False,False,,,1.7333360959822208,0.07616015500200969,{},{}
"[1, 1, 0, 1, 0, 0, 0, 0, 1, 1, 0, 1]",110100001101,"[""110100001101""]",1,0.000244140625,False,False,,,3.041792897123911,0.14261950753944796,{},{}
"[1, 1, 0, 1, 0, 0, 0, 0, 1, 1, 1, 1]",110100001111,"[""110100001111""]",1,0.000244140625,False,False,,,6.375408179078102,0.31194104192581257,{},{}
"[1, 1, 0, 1, 0, 0, 0, 1, 0, 0, 0, 1]",110100010001,"[""110100010001""]",1,0.000244140625,False,False,,,1.6261967132574902,0.0707183138950404,{},{}
"[1, 1, 0, 1, 0, 0, 0, 1, 0, 1, 0, 1]",110100010101,"[""110100010101""]",1,0.000244140625,False,False,,,3.0339813217951317,0.14222274072361185,{},{}
"[1, 1, 0, 1, 0, 0, 0, 1, 0, 1, 1, 0]",110100010110,"[""110100010110""]",1,0.000244140625,False,False,,,3.090846328840774,0.1451110374919826,{},{}
"[1, 1, 0, 1, 0, 0, 0, 1, 1, 0, 1, 0]",110100011010,"[""110100011010""]",1,0.000244140625,False,False,,,3.063413392473614,0.14371765928677827,{},{}
"[1, 1, 0, 1, 0, 0, 0, 1, 1, 1, 0, 0]",110100011100,"[""110100011100""]",1,0.000244140625,False,False,,,3.0702063508116364,0.1440626883412834,{},{}
"[1, 1, 0, 1, 0, 0, 1, 0, 0, 0, 0, 0]",110100100000,"[""110100100000""]",1,0.000244140625,False,False,,,2.4064891868301697,0.1103510572444793,{},{}
"[1, 1, 0, 1, 0, 0, 1, 0, 0, 0, 0, 1]",110100100001,"[""110100100001""]",1,0.000244140625,False,False,,,1.71494598797186,0.07522608161846679,{},{}
"[1, 1, 0, 1, 0, 0, 1, 0, 0, 1, 1, 1]",110100100111,"[""110100100111""]",1,0.000244140625,False,False,,,6.528982013924686,0.31974138934400004,{},{}
"[1, 1, 0, 1, 0, 0, 1, 0, 1, 0, 0, 0]",110100101000,"[""110100101000""]",1,0.000244140625,False,False,,,3.7511710169883643,0.17865035739958915,{},{}
"[1, 1, 0, 1, 0, 0, 1, 0, 1, 0, 1, 1]",110100101011,"[""110100101011""]",1,0.000244140625,False,False,,,4.393243100084245,0.21126258799649034,{},{}
"[1, 1, 0, 1, 0, 0, 1, 0, 1, 1, 0, 0]",110100101100,"[""110100101100""]",1,0.000244140625,False,False,,,3.2315917609870013,0.1522598025753071,{},{}
"[1, 1, 0, 1, 0, 0, 1, 1, 0, 0, 1, 1]",110100110011,"[""110100110011""]",1,0.000244140625,False,False,,,4.417138050988608,0.2124762642635495,{},{}
"[1, 1, 0, 1, 0, 0, 1, 1, 0, 1, 0, 1]",110100110101,"[""110100110101""]",1,0.000244140625,False,False,,,4.532236986799913,0.2183223882969093,{},{}
"[1, 1, 0, 1, 0, 0, 1, 1, 1, 0, 1, 0]",110100111010,"[""110100111010""]",1,0.000244140625,False,False,,,6.471198001011256,0.3168064142788006,{},{}
"[1, 1, 0, 1, 0, 0, 1, 1, 1, 1, 1, 0]",110100111110,"[""110100111110""]",1,0.000244140625,False,False,,,7.951618745009893,0.39200018761796934,{},{}
"[1, 1, 0, 1, 0, 1, 0, 0, 0, 0, 0, 0]",110101000000,"[""110101000000""]",1,0.000244140625,False,False,,,4.434689553558002,0.213367743061935,{},{}
"[1, 1, 0, 1, 0, 1, 0, 0, 0, 1, 0, 1]",110101000101,"[""110101000101""]",1,0.000244140625,False,False,,,5.15418593611256,0.249912521380854,{},{}
"[1, 1, 0, 1, 0, 1, 0, 0, 0, 1, 1, 0]",110101000110,"[""110101000110""]",1,0.000244140625,False,False,,,5.143674574912772,0.2493786265980721,{},{}
"[1, 1, 0, 1, 0, 1, 0, 0, 0, 1, 1, 1]",110101000111,"[""110101000111""]",1,0.000244140625,False,False,,,8.469966297060605,0.4183281815330898,{},{}
"[1, 1, 0, 1, 0, 1, 0, 0, 1, 0, 0, 0]",110101001000,"[""110101001000""]",1,0.000244140625,False,False,,,3.84589603823553,0.1834616462214201,{},{}
"[1, 1, 0, 1, 0, 1, 0, 0, 1, 1, 0, 1]",110101001101,"[""110101001101""]",1,0.000244140625,False,False,,,4.565392420790088,0.2200064245403391,{},{}
"[1, 1, 0, 1, 0, 1, 0, 0, 1, 1, 1, 0]",110101001110,"[""110101001110""]",1,0.000244140625,False,False,,,4.572715980596444,0.22037840399168585,{},{}
"[1, 1, 0, 1, 0, 1, 0, 0, 1, 1, 1, 1]",110101001111,"[""110101001111""]",1,0.000244140625,False,False,,,7.899007702744278,0.38932795892670363,{},{}
"[1, 1, 0, 1, 0, 1, 0, 1, 0, 1, 0, 0]",110101010100,"[""110101010100""]",1,0.000244140625,False,False,,,3.164764468794141,0.14886549978510996,{},{}
"[1, 1, 0, 1, 0, 1, 0, 1, 1, 0, 1, 0]",110101011010,"[""110101011010""]",1,0.000244140625,False,False,,,4.5659230222584215,0.2200333749371807,{},{}
"[1, 1, 0, 1, 0, 1, 0, 1, 1, 1, 0, 0]",110101011100,"[""110101011100""]",1,0.000244140625,False,False,,,4.593805874477813,0.22144960534217456,{},{}
"[1, 1, 0, 1, 0, 1, 1, 0, 0, 0, 0, 0]",110101100000,"[""110101100000""]",1,0.000244140625,False,False,,,3.8246392410895,0.182381967492927,{},{}
"[1, 1, 0, 1, 0, 1, 1, 0, 0, 0, 0, 1]",110101100001,"[""110101100001""]",1,0.000244140625,False,False,,,3.13309604223119,0.14725699186691446,{},{}
"[1, 1, 0, 1, 0, 1, 1, 0, 0, 1, 0, 0]",110101100100,"[""110101100100""]",1,0.000244140625,False,False,,,3.326149878969507,0.15706261401913368,{},{}
"[1, 1, 0, 1, 0, 1, 1, 0, 0, 1, 0, 1]",110101100101,"[""110101100101""]",1,0.000244140625,False,False,,,4.6524416011173395,0.22442784079070055,{},{}
"[1, 1, 0, 1, 0, 1, 1, 0, 0, 1, 1, 0]",110101100110,"[""110101100110""]",1,0.000244140625,False,False,,,4.624095318911409,0.22298807177379004,{},{}
"[1, 1, 0, 1, 0, 1, 1, 0, 0, 1, 1, 1]",110101100111,"[""110101100111""]",1,0.000244140625,False,False,,,7.968221962065387,0.3928435009429365,{},{}
"[1, 1, 0, 1, 0, 1, 1, 0, 1, 0, 0, 0]",110101101000,"[""110101101000""]",1,0.000244140625,False,False,,,5.253680646773172,0.2549660730499916,{},{}
"[1, 1, 0, 1, 0, 1, 1, 0, 1, 0, 0, 1]",110101101001,"[""110101101001""]",1,0.000244140625,False,False,,,4.5621374479148615,0.21984109742397903,{},{}
"[1, 1, 0, 1, 0, 1, 1, 0, 1, 1, 0, 1]",110101101101,"[""110101101101""]",1,0.000244140625,False,False,,,6.081483006801013,0.29701194634776523,{},{}
"[1, 1, 0, 1, 0, 1, 1, 0, 1, 1, 1, 0]",110101101110,"[""110101101110""]",1,0.000244140625,False,False,,,6.070971645601225,0.2964780515649833,{},{}
"[1, 1, 0, 1, 0, 1, 1, 1, 0, 0, 0, 0]",110101110000,"[""110101110000""]",1,0.000244140625,False,False,,,5.143674574912772,0.2493786265980721,{},{}
"[1, 1, 0, 1, 0, 1, 1, 1, 0, 1, 0, 0]",110101110100,"[""110101110100""]",1,0.000244140625,False,False,,,4.645185212792779,0.22405927312427876,{},{}
"[1, 1, 0, 1, 0, 1, 1, 1, 0, 1, 1, 0]",110101110110,"[""110101110110""]",1,0.000244140625,False,False,,,6.010507020980112,0.2934069224300878,{},{}
"[1, 1, 0, 1, 0, 1, 1, 1, 1, 0, 0, 1]",110101111001,"[""110101111001""]",1,0.000244140625,False,False,,,7.899007702744278,0.38932795892670363,{},{}
"[1, 1, 0, 1, 0, 1, 1, 1, 1, 1, 0, 0]",110101111100,"[""110101111100""]",1,0.000244140625,False,False,,,8.092061539482593,0.3991335810789228,{},{}
"[1, 1, 0, 1, 0, 1, 1, 1, 1, 1, 1, 1]",110101111111,"[""110101111111""]",1,0.000244140625,False,False,,,12.819344911830049,0.639242533788007,{},{}
"[1, 1, 0, 1, 1, 0, 0, 0, 0, 0, 1, 0]",110110000010,"[""110110000010""]",1,0.000244140625,False,False,,,3.7791855812437856,0.18007327774392853,{},{}
"[1, 1, 0, 1, 1, 0, 0, 0, 0, 0, 1, 1]",110110000011,"[""110110000011""]",1,0.000244140625,False,False,,,5.108732276266846,0.24760383163185554,{},{}
"[1, 1, 0, 1, 1, 0, 0, 0, 0, 1, 0, 0]",110110000100,"[""110110000100""]",1,0.000244140625,False,False,,,3.7915168963926527,0.18069961192631326,{},{}
"[1, 1, 0, 1, 1, 0, 0, 0, 1, 0, 0, 0]",110110001000,"[""110110001000""]",1,0.000244140625,False,False,,,3.7284141180132058,0.17749448525285164,{},{}
"[1, 1, 0, 1, 1, 0, 0, 0, 1, 0, 1, 0]",110110001010,"[""110110001010""]",1,0.000244140625,False,False,,,3.1238674114019807,0.1467882497355876,{},{}
"[1, 1, 0, 1, 1, 0, 0, 0, 1, 0, 1, 1]",110110001011,"[""110110001011""]",1,0.000244140625,False,False,,,4.453414106425041,0.2143188036235146,{},{}
"[1, 1, 0, 1, 1, 0, 0, 0, 1, 1, 1, 0]",110110001110,"[""110110001110""]",1,0.000244140625,False,False,,,4.513817098933479,0.2173868023300304,{},{}
"[1, 1, 0, 1, 1, 0, 0, 1, 0, 0, 1, 1]",110110010011,"[""110110010011""]",1,0.000244140625,False,False,,,4.553727016894906,0.21941391343161543,{},{}
"[1, 1, 0, 1, 1, 0, 0, 1, 0, 1, 0, 1]",110110010101,"[""110110010101""]",1,0.000244140625,False,False,,,4.498681963798344,0.21661805606284754,{},{}
"[1, 1, 0, 1, 1, 0, 0, 1, 1, 0, 0, 1]",110110011001,"[""110110011001""]",1,0.000244140625,False,False,,,4.435579185418897,0.2134129293893859,{},{}
"[1, 1, 0, 1, 1, 0, 0, 1, 1, 1, 1, 1]",110110011111,"[""110110011111""]",1,0.000244140625,False,False,,,9.324028376596887,0.4617078428128763,{},{}
"[1, 1, 0, 1, 1, 0, 1, 0, 0, 0, 1, 0]",110110100010,"[""110110100010""]",1,0.000244140625,False,False,,,3.1691352687752836,0.14908750217492053,{},{}
"[1, 1, 0, 1, 1, 0, 1, 0, 0, 1, 0, 0]",110110100100,"[""110110100100""]",1,0.000244140625,False,False,,,3.2719376403912896,0.15430905710203122,{},{}
"[1, 1, 0, 1, 1, 0, 1, 0, 0, 1, 0, 1]",110110100101,"[""110110100101""]",1,0.000244140625,False,False,,,4.619319256420494,0.2227454852240869,{},{}
"[1, 1, 0, 1, 1, 0, 1, 0, 0, 1, 1, 1]",110110100111,"[""110110100111""]",1,0.000244140625,False,False,,,8.014772549809269,0.3952079060337245,{},{}
"[1, 1, 0, 1, 1, 0, 1, 0, 1, 1, 0, 1]",110110101101,"[""110110101101""]",1,0.000244140625,False,False,,,5.964001086578687,0.2910447853791967,{},{}
"[1, 1, 0, 1, 1, 0, 1, 0, 1, 1, 1, 0]",110110101110,"[""110110101110""]",1,0.000244140625,False,False,,,6.012072763938258,0.2934864499033278,{},{}
"[1, 1, 0, 1, 1, 0, 1, 1, 0, 0, 0, 1]",110110110001,"[""110110110001""]",1,0.000244140625,False,False,,,4.498681963798344,0.21661805606284754,{},{}
"[1, 1, 0, 1, 1, 0, 1, 1, 0, 0, 1, 1]",110110110011,"[""110110110011""]",1,0.000244140625,False,False,,,5.961511625432548,0.2909183402601869,{},{}
"[1, 1, 0, 1, 1, 0, 1, 1, 0, 1, 0, 0]",110110110100,"[""110110110100""]",1,0.000244140625,False,False,,,4.649556012773922,0.22428127551408938,{},{}
"[1, 1, 0, 1, 1, 0, 1, 1, 1, 0, 1, 0]",110110111010,"[""110110111010""]",1,0.000244140625,False,False,,,7.994481681573826,0.39417728892494924,{},{}
"[1, 1, 0, 1, 1, 0, 1, 1, 1, 0, 1, 1]",110110111011,"[""110110111011""]",1,0.000244140625,False,False,,,9.34186329760303,0.46261371704700494,{},{}
"[1, 1, 0, 1, 1, 0, 1, 1, 1, 1, 0, 1]",110110111101,"[""110110111101""]",1,0.000244140625,False,False,,,9.359454379967463,0.46350720618883434,{},{}
"[1, 1, 0, 1, 1, 1, 0, 0, 0, 0, 0, 0]",110111000000,"[""110111000000""]",1,0.000244140625,False,False,,,7.845689616314693,0.38661981793224853,{},{}
"[1, 1, 0, 1, 1, 1, 0, 0, 0, 0, 0, 1]",110111000001,"[""110111000001""]",1,0.000244140625,False,False,,,7.15740139033161,0.3516601694225961,{},{}
"[1, 1, 0, 1, 1, 1, 0, 0, 0, 0, 1, 0]",110111000010,"[""110111000010""]",1,0.000244140625,False,False,,,7.223307988697324,0.3550077081808558,{},{}
"[1, 1, 0, 1, 1, 1, 0, 0, 0, 0, 1, 1]",110111000011,"[""110111000011""]",1,0.000244140625,False,False,,,8.552854683720383,0.42253826206878276,{},{}
"[1, 1, 0, 1, 1, 1, 0, 0, 0, 1, 0, 0]",110111000100,"[""110111000100""]",1,0.000244140625,False,False,,,7.256729197727561,0.35670524371372925,{},{}
"[1, 1, 0, 1, 1, 1, 0, 0, 1, 1, 0, 0]",110111001100,"[""110111001100""]",1,0.000244140625,False,False,,,6.667935682405089,0.3267991468732143,{},{}
"[1, 1, 0, 1, 1, 1, 0, 0, 1, 1, 1, 0]",110111001110,"[""110111001110""]",1,0.000244140625,False,False,,,8.063388975793863,0.3976772395194011,{},{}
"[1, 1, 0, 1, 1, 1, 0, 1, 0, 0, 0, 0]",110111010000,"[""110111010000""]",1,0.000244140625,False,False,,,7.223307988697324,0.3550077081808558,{},{}
"[1, 1, 0, 1, 1, 1, 0, 1, 0, 0, 0, 1]",110111010001,"[""110111010001""]",1,0.000244140625,False,False,,,6.53501976271424,0.3200480596712033,{},{}
"[1, 1, 0, 1, 1, 1, 0, 1, 1, 0, 0, 0]",110111011000,"[""110111011000""]",1,0.000244140625,False,False,,,8.652349394380995,0.4275918137379203,{},{}
"[1, 1, 0, 1, 1, 1, 0, 1, 1, 0, 0, 1]",110111011001,"[""110111011001""]",1,0.000244140625,False,False,,,7.9640611683979134,0.392632165228268,{},{}
"[1, 1, 0, 1, 1, 1, 0, 1, 1, 1, 1, 1]",110111011111,"[""110111011111""]",1,0.000244140625,False,False,,,12.87360025345727,0.6419982800022469,{},{}
"[1, 1, 0, 1, 1, 1, 1, 0, 0, 0, 1, 0]",110111100010,"[""110111100010""]",1,0.000244140625,False,False,,,6.613257676228822,0.3240219326118478,{},{}
"[1, 1, 0, 1, 1, 1, 1, 0, 0, 0, 1, 1]",110111100011,"[""110111100011""]",1,0.000244140625,False,False,,,7.960639292258026,0.3924583607339035,{},{}
"[1, 1, 0, 1, 1, 1, 1, 0, 1, 1, 0, 1]",110111101101,"[""110111101101""]",1,0.000244140625,False,False,,,9.513572963439074,0.47133522256856747,{},{}
"[1, 1, 0, 1, 1, 1, 1, 0, 1, 1, 1, 0]",110111101110,"[""110111101110""]",1,0.000244140625,False,False,,,9.561644640798644,0.4737768870926985,{},{}
"[1, 1, 0, 1, 1, 1, 1, 1, 0, 0, 0, 1]",110111110001,"[""110111110001""]",1,0.000244140625,False,False,,,7.942804371251883,0.39155248649977487,{},{}
"[1, 1, 0, 1, 1, 1, 1, 1, 0, 1, 0, 1]",110111110101,"[""110111110101""]",1,0.000244140625,False,False,,,9.462149930138033,0.4687233354235609,{},{}
"[1, 1, 0, 1, 1, 1, 1, 1, 0, 1, 1, 0]",110111110110,"[""110111110110""]",1,0.000244140625,False,False,,,9.55976305473689,0.4736813172647161,{},{}
"[1, 1, 0, 1, 1, 1, 1, 1, 1, 0, 1, 0]",110111111010,"[""110111111010""]",1,0.000244140625,False,False,,,11.522963664552844,0.5733965247638313,{},{}
"[1, 1, 0, 1, 1, 1, 1, 1, 1, 1, 0, 0]",110111111100,"[""110111111100""]",1,0.000244140625,False,False,,,11.561644640798644,0.5753612152561494,{},{}
"[1, 1, 0, 1, 1, 1, 1, 1, 1, 1, 0, 1]",110111111101,"[""110111111101""]",1,0.000244140625,False,False,,,12.909026256827847,0.643797643378205,{},{}
"[1, 1, 0, 1, 1, 1, 1, 1, 1, 1, 1, 1]",110111111111,"[""110111111111""]",1,0.000244140625,False,False,,,16.389690839468194,0.8205881299731239,{},{}
"[1, 1, 1, 0, 0, 0, 0, 0, 0, 1, 1, 0]",111000000110,"[""111000000110""]",1,0.000244140625,False,False,,,7.634741913068513,0.37590532757630546,{},{}
"[1, 1, 1, 0, 0, 0, 0, 0, 1, 0, 0, 0]",111000001000,"[""111000001000""]",1,0.000244140625,False,False,,,6.3764613154096015,0.3119945329991625,{},{}
"[1, 1, 1, 0, 0, 0, 0, 0, 1, 0, 0, 1]",111000001001,"[""111000001001""]",1,0.000244140625,False,False,,,5.751442771070625,0.28024848854097606,{},{}
"[1, 1, 1, 0, 0, 0, 0, 0, 1, 0, 1, 1]",111000001011,"[""111000001011""]",1,0.000244140625,False,False,,,7.085058053024815,0.34798569476388974,{},{}
"[1, 1, 1, 0, 0, 0, 0, 0, 1, 1, 0, 1]",111000001101,"[""111000001101""]",1,0.000244140625,False,False,,,7.05645975894583,0.3465331255185725,{},{}
"[1, 1, 1, 0, 0, 0, 0, 0, 1, 1, 1, 0]",111000001110,"[""111000001110""]",1,0.000244140625,False,False,,,6.979423743226708,0.3426202995679645,{},{}
"[1, 1, 1, 0, 0, 0, 0, 1, 0, 0, 0, 1]",111000010001,"[""111000010001""]",1,0.000244140625,False,False,,,5.764721089623215,0.2809229230756286,{},{}
"[1, 1, 1, 0, 0, 0, 0, 1, 0, 0, 1, 0]",111000010010,"[""111000010010""]",1,0.000244140625,False,False,,,5.755061442149524,0.28043228867617326,{},{}
"[1, 1, 1, 0, 0, 0, 0, 1, 0, 0, 1, 1]",111000010011,"[""111000010011""]",1,0.000244140625,False,False,,,7.147877818816691,0.3511764466155663,{},{}
"[1, 1, 1, 0, 0, 0, 0, 1, 0, 1, 0, 0]",111000010100,"[""111000010100""]",1,0.000244140625,False,False,,,5.676921700831251,0.27646340211383197,{},{}
"[1, 1, 1, 0, 0, 0, 0, 1, 0, 1, 0, 1]",111000010101,"[""111000010101""]",1,0.000244140625,False,False,,,7.069738077498419,0.34720756005322506,{},{}
"[1, 1, 1, 0, 0, 0, 0, 1, 0, 1, 1, 1]",111000010111,"[""111000010111""]",1,0.000244140625,False,False,,,10.452894806691894,0.5190454117566135,{},{}
"[1, 1, 1, 0, 0, 0, 0, 1, 1, 0, 0, 0]",111000011000,"[""111000011000""]",1,0.000244140625,False,False,,,7.734421464120386,0.3809682676889249,{},{}
"[1, 1, 1, 0, 0, 0, 0, 1, 1, 0, 1, 0]",111000011010,"[""111000011010""]",1,0.000244140625,False,False,,,7.117578193313863,0.34963746306541177,{},{}
"[1, 1, 1, 0, 0, 0, 0, 1, 1, 0, 1, 1]",111000011011,"[""111000011011""]",1,0.000244140625,False,False,,,8.510394569981031,0.42038162100480486,{},{}
"[1, 1, 1, 0, 0, 0, 1, 0, 0, 0, 0, 1]",111000100001,"[""111000100001""]",1,0.000244140625,False,False,,,5.750702743675147,0.28021090094807993,{},{}
"[1, 1, 1, 0, 0, 0, 1, 0, 0, 0, 1, 1]",111000100011,"[""111000100011""]",1,0.000244140625,False,False,,,7.0664831046231935,0.34704223293686504,{},{}
"[1, 1, 1, 0, 0, 0, 1, 0, 0, 1, 0, 0]",111000100100,"[""111000100100""]",1,0.000244140625,False,False,,,5.73553949034418,0.2794407264968807,{},{}
"[1, 1, 1, 0, 0, 0, 1, 0, 1, 1, 0, 0]",111000101100,"[""111000101100""]",1,0.000244140625,False,False,,,7.080221320502376,0.3477400266519906,{},{}
"[1, 1, 1, 0, 0, 0, 1, 0, 1, 1, 1, 0]",111000101110,"[""111000101110""]",1,0.000244140625,False,False,,,8.396001681450421,0.4145713586407756,{},{}
"[1, 1, 1, 0, 0, 0, 1, 0, 1, 1, 1, 1]",111000101111,"[""111000101111""]",1,0.000244140625,False,False,,,11.824487900129876,0.5887115932118768,{},{}
"[1, 1, 1, 0, 0, 0, 1, 1, 0, 0, 1, 0]",111000110010,"[""111000110010""]",1,0.000244140625,False,False,,,7.0633334028999535,0.3468822527701297,{},{}
"[1, 1, 1, 0, 0, 0, 1, 1, 0, 1, 1, 0]",111000110110,"[""111000110110""]",1,0.000244140625,False,False,,,8.440986526236154,0.4168562362583235,{},{}
"[1, 1, 1, 0, 0, 0, 1, 1, 1, 0, 0, 0]",111000111000,"[""111000111000""]",1,0.000244140625,False,False,,,11.06052834587696,0.5499084341804609,{},{}
"[1, 1, 1, 0, 0, 0, 1, 1, 1, 0, 0, 1]",111000111001,"[""111000111001""]",1,0.000244140625,False,False,,,10.453344722544127,0.519068263956403,{},{}
"[1, 1, 1, 0, 0, 0, 1, 1, 1, 0, 1, 1]",111000111011,"[""111000111011""]",1,0.000244140625,False,False,,,11.854336372743745,0.5902276617304694,{},{}
"[1, 1, 1, 0, 0, 0, 1, 1, 1, 1, 0, 1]",111000111101,"[""111000111101""]",1,0.000244140625,False,False,,,11.84883276688647,0.5899481216787255,{},{}
"[1, 1, 1, 0, 0, 0, 1, 1, 1, 1, 1, 1]",111000111111,"[""111000111111""]",1,0.000244140625,False,False,,,15.24982441708609,0.7626918476162426,{},{}
"[1, 1, 1, 0, 0, 1, 0, 0, 0, 0, 0, 0]",111001000000,"[""111001000000""]",1,0.000244140625,False,False,,,6.441792107322671,0.3153128253016002,{},{}
"[1, 1, 1, 0, 0, 1, 0, 0, 0, 1, 0, 1]",111001000101,"[""111001000101""]",1,0.000244140625,False,False,,,7.142880444740269,0.3509226191714989,{},{}
"[1, 1, 1, 0, 0, 1, 0, 0, 0, 1, 1, 1]",111001000111,"[""111001000111""]",1,0.000244140625,False,False,,,10.458660805688314,0.5193382793237348,{},{}
"[1, 1, 1, 0, 0, 1, 0, 0, 1, 0, 0, 0]",111001001000,"[""111001001000""]",1,0.000244140625,False,False,,,5.8529985920002,0.28540672846108534,{},{}
"[1, 1, 1, 0, 0, 1, 0, 0, 1, 1, 1, 1]",111001001111,"[""111001001111""]",1,0.000244140625,False,False,,,9.887702211371987,0.49033805671734854,{},{}
"[1, 1, 1, 0, 0, 1, 0, 1, 0, 0, 1, 0]",111001010010,"[""111001010010""]",1,0.000244140625,False,False,,,5.147239143214645,0.24955967873614135,{},{}
"[1, 1, 1, 0, 0, 1, 0, 1, 0, 1, 0, 0]",111001010100,"[""111001010100""]",1,0.000244140625,False,False,,,5.090189295777743,0.24666199352428883,{},{}
"[1, 1, 1, 0, 0, 1, 0, 1, 0, 1, 1, 0]",111001010110,"[""111001010110""]",1,0.000244140625,False,False,,,6.455511103965076,0.31600964283009786,{},{}
"[1, 1, 1, 0, 0, 1, 0, 1, 1, 0, 0, 1]",111001011001,"[""111001011001""]",1,0.000244140625,False,False,,,6.585940196372009,0.32263441869266135,{},{}
"[1, 1, 1, 0, 0, 1, 0, 1, 1, 1, 0, 0]",111001011100,"[""111001011100""]",1,0.000244140625,False,False,,,6.5192307014614155,0.31924609908135343,{},{}
"[1, 1, 1, 0, 0, 1, 1, 0, 0, 1, 0, 1]",111001100101,"[""111001100101""]",1,0.000244140625,False,False,,,6.559458382963982,0.3212893500808592,{},{}
"[1, 1, 1, 0, 0, 1, 1, 0, 0, 1, 1, 1]",111001100111,"[""111001100111""]",1,0.000244140625,False,False,,,9.875238743912028,0.48970501023309504,{},{}
"[1, 1, 1, 0, 0, 1, 1, 0, 1, 0, 1, 0]",111001101010,"[""111001101010""]",1,0.000244140625,False,False,,,6.494885834704821,0.31800957061450474,{},{}
"[1, 1, 1, 0, 0, 1, 1, 0, 1, 0, 1, 1]",111001101011,"[""111001101011""]",1,0.000244140625,False,False,,,7.9055371323781305,0.38965960278802636,{},{}
"[1, 1, 1, 0, 0, 1, 1, 0, 1, 1, 1, 0]",111001101110,"[""111001101110""]",1,0.000244140625,False,False,,,7.893628851922389,0.38905475545318713,{},{}
"[1, 1, 1, 0, 0, 1, 1, 0, 1, 1, 1, 1]",111001101111,"[""111001101111""]",1,0.000244140625,False,False,,,11.322115070601843,0.5631949900242883,{},{}
"[1, 1, 1, 0, 0, 1, 1, 1, 0, 0, 0, 1]",111001110001,"[""111001110001""]",1,0.000244140625,False,False,,,6.483005672444911,0.31740615146368184,{},{}
"[1, 1, 1, 0, 0, 1, 1, 1, 0, 0, 1, 0]",111001110010,"[""111001110010""]",1,0.000244140625,False,False,,,6.455511103965076,0.31600964283009786,{},{}
"[1, 1, 1, 0, 0, 1, 1, 1, 0, 0, 1, 1]",111001110011,"[""111001110011""]",1,0.000244140625,False,False,,,7.866162401638387,0.38765967500361953,{},{}
"[1, 1, 1, 0, 0, 1, 1, 1, 0, 1, 1, 0]",111001110110,"[""111001110110""]",1,0.000244140625,False,False,,,7.854254121182645,0.3870548276687803,{},{}
"[1, 1, 1, 0, 0, 1, 1, 1, 1, 0, 0, 1]",111001111001,"[""111001111001""]",1,0.000244140625,False,False,,,9.929881999134725,0.49248045941832586,{},{}
"[1, 1, 1, 0, 0, 1, 1, 1, 1, 0, 1, 1]",111001111011,"[""111001111011""]",1,0.000244140625,False,False,,,11.330873649334345,0.5636398571923922,{},{}
"[1, 1, 1, 0, 0, 1, 1, 1, 1, 1, 0, 1]",111001111101,"[""111001111101""]",1,0.000244140625,False,False,,,11.34645993735844,0.564431518491137,{},{}
"[1, 1, 1, 0, 1, 0, 0, 0, 0, 0, 1, 1]",111010000011,"[""111010000011""]",1,0.000244140625,False,False,,,7.2261667587512015,0.3551529112985043,{},{}
"[1, 1, 1, 0, 1, 0, 0, 0, 0, 1, 0, 0]",111010000100,"[""111010000100""]",1,0.000244140625,False,False,,,5.721824182689094,0.2787440963400322,{},{}
"[1, 1, 1, 0, 1, 0, 0, 0, 0, 1, 1, 0]",111010000110,"[""111010000110""]",1,0.000244140625,False,False,,,7.099442555071724,0.3487163147520903,{},{}
"[1, 1, 1, 0, 1, 0, 0, 0, 0, 1, 1, 1]",111010000111,"[""111010000111""]",1,0.000244140625,False,False,,,10.531183746626406,0.5230218764395516,{},{}
"[1, 1, 1, 0, 1, 0, 0, 0, 1, 0, 0, 0]",111010001000,"[""111010001000""]",1,0.000244140625,False,False,,,5.761489024972085,0.28075875951754564,{},{}
"[1, 1, 1, 0, 1, 0, 0, 0, 1, 0, 0, 1]",111010001001,"[""111010001001""]",1,0.000244140625,False,False,,,5.157560374514477,0.25008391640984784,{},{}
"[1, 1, 1, 0, 1, 0, 0, 0, 1, 0, 1, 0]",111010001010,"[""111010001010""]",1,0.000244140625,False,False,,,5.1569423183608585,0.25005252400028155,{},{}
"[1, 1, 1, 0, 1, 0, 0, 0, 1, 1, 0, 0]",111010001100,"[""111010001100""]",1,0.000244140625,False,False,,,5.048671091841145,0.2445531940975626,{},{}
"[1, 1, 1, 0, 1, 0, 0, 1, 0, 0, 0, 0]",111010010000,"[""111010010000""]",1,0.000244140625,False,False,,,5.833350382084033,0.2844087533591112,{},{}
"[1, 1, 1, 0, 1, 0, 0, 1, 0, 0, 1, 1]",111010010011,"[""111010010011""]",1,0.000244140625,False,False,,,6.692251393260632,0.32803419444875287,{},{}
"[1, 1, 1, 0, 1, 0, 0, 1, 0, 1, 0, 0]",111010010100,"[""111010010100""]",1,0.000244140625,False,False,,,5.120532448953094,0.24820318793912818,{},{}
"[1, 1, 1, 0, 1, 0, 0, 1, 0, 1, 0, 1]",111010010101,"[""111010010101""]",1,0.000244140625,False,False,,,6.534438719501631,0.3200185472290099,{},{}
"[1, 1, 1, 0, 1, 0, 0, 1, 0, 1, 1, 1]",111010010111,"[""111010010111""]",1,0.000244140625,False,False,,,9.997268381135836,0.49590315958980014,{},{}
"[1, 1, 1, 0, 1, 0, 1, 0, 0, 1, 1, 0]",111010100110,"[""111010100110""]",1,0.000244140625,False,False,,,6.498185572289294,0.31817717142732194,{},{}
"[1, 1, 1, 0, 1, 0, 1, 0, 1, 1, 1, 0]",111010101110,"[""111010101110""]",1,0.000244140625,False,False,,,7.860702323453633,0.38738234581656045,{},{}
"[1, 1, 1, 0, 1, 0, 1, 0, 1, 1, 1, 1]",111010101111,"[""111010101111""]",1,0.000244140625,False,False,,,11.310278436014457,0.5625937817381503,{},{}
"[1, 1, 1, 0, 1, 0, 1, 1, 0, 0, 0, 1]",111010110001,"[""111010110001""]",1,0.000244140625,False,False,,,6.555528613383,0.32108974857949857,{},{}
"[1, 1, 1, 0, 1, 0, 1, 1, 0, 1, 0, 1]",111010110101,"[""111010110101""]",1,0.000244140625,False,False,,,7.951016657725344,0.391969606301821,{},{}
"[1, 1, 1, 0, 1, 0, 1, 1, 0, 1, 1, 0]",111010110110,"[""111010110110""]",1,0.000244140625,False,False,,,7.964270206798725,0.3926427827410214,{},{}
"[1, 1, 1, 0, 1, 0, 1, 1, 1, 0, 0, 0]",111010111000,"[""111010111000""]",1,0.000244140625,False,False,,,10.504139093998802,0.5216482200057571,{},{}
"[1, 1, 1, 0, 1, 1, 0, 0, 0, 0, 0, 0]",111011000000,"[""111011000000""]",1,0.000244140625,False,False,,,7.852792170079362,0.3869805720084629,{},{}
"[1, 1, 1, 0, 1, 1, 0, 0, 0, 1, 0, 0]",111011000100,"[""111011000100""]",1,0.000244140625,False,False,,,7.161064130829794,0.35184620793896865,{},{}
"[1, 1, 1, 0, 1, 1, 0, 0, 0, 1, 1, 1]",111011000111,"[""111011000111""]",1,0.000244140625,False,False,,,11.970423694767105,0.5961239880384879,{},{}
"[1, 1, 1, 0, 1, 1, 0, 0, 1, 1, 0, 0]",111011001100,"[""111011001100""]",1,0.000244140625,False,False,,,6.572270615507322,0.3219401110984537,{},{}
"[1, 1, 1, 0, 1, 1, 0, 0, 1, 1, 1, 1]",111011001111,"[""111011001111""]",1,0.000244140625,False,False,,,11.399465100450778,0.5671237654321017,{},{}
"[1, 1, 1, 0, 1, 1, 0, 1, 0, 0, 1, 0]",111011010010,"[""111011010010""]",1,0.000244140625,False,False,,,6.696495176971425,0.3282497454073188,{},{}
"[1, 1, 1, 0, 1, 1, 0, 1, 0, 1, 1, 0]",111011010110,"[""111011010110""]",1,0.000244140625,False,False,,,8.004767137721855,0.39469970950127525,{},{}
"[1, 1, 1, 0, 1, 1, 0, 1, 1, 0, 0, 1]",111011011001,"[""111011011001""]",1,0.000244140625,False,False,,,8.076613191569429,0.39834892605692573,{},{}
"[1, 1, 1, 0, 1, 1, 0, 1, 1, 0, 1, 1]",111011011011,"[""111011011011""]",1,0.000244140625,False,False,,,9.557277774209776,0.47355508448839373,{},{}
"[1, 1, 1, 0, 1, 1, 0, 1, 1, 1, 1, 0]",111011011110,"[""111011011110""]",1,0.000244140625,False,False,,,9.45164346441167,0.46818968929246857,{},{}
"[1, 1, 1, 0, 1, 1, 0, 1, 1, 1, 1, 1]",111011011111,"[""111011011111""]",1,0.000244140625,False,False,,,12.883384655966351,0.6424952509799298,{},{}
"[1, 1, 1, 0, 1, 1, 1, 0, 0, 0, 1, 0]",111011100010,"[""111011100010""]",1,0.000244140625,False,False,,,6.538682503212423,0.3202340981875758,{},{}
"[1, 1, 1, 0, 1, 1, 1, 0, 0, 0, 1, 1]",111011100011,"[""111011100011""]",1,0.000244140625,False,False,,,7.9704236947671045,0.39295533171158625,{},{}
"[1, 1, 1, 0, 1, 1, 1, 0, 0, 1, 0, 0]",111011100100,"[""111011100100""]",1,0.000244140625,False,False,,,6.559807148047363,0.3213070646142002,{},{}
"[1, 1, 1, 0, 1, 1, 1, 0, 1, 0, 0, 0]",111011101000,"[""111011101000""]",1,0.000244140625,False,False,,,8.590105536513466,0.4244303134960332,{},{}
"[1, 1, 1, 0, 1, 1, 1, 0, 1, 0, 1, 0]",111011101010,"[""111011101010""]",1,0.000244140625,False,False,,,7.9855588299022395,0.3937240779787691,{},{}
"[1, 1, 1, 0, 1, 1, 1, 0, 1, 1, 0, 0]",111011101100,"[""111011101100""]",1,0.000244140625,False,False,,,7.988848553731033,0.39389117017126474,{},{}
"[1, 1, 1, 0, 1, 1, 1, 0, 1, 1, 1, 0]",111011101110,"[""111011101110""]",1,0.000244140625,False,False,,,9.384301847119808,0.4647692628174515,{},{}
"[1, 1, 1, 0, 1, 1, 1, 1, 0, 0, 1, 1]",111011110011,"[""111011110011""]",1,0.000244140625,False,False,,,9.436508329276535,0.46742094302528564,{},{}
"[1, 1, 1, 0, 1, 1, 1, 1, 0, 1, 0, 1]",111011110101,"[""111011110101""]",1,0.000244140625,False,False,,,9.390256605866043,0.46507171790075735,{},{}
"[1, 1, 1, 0, 1, 1, 1, 1, 1, 0, 0, 1]",111011111001,"[""111011111001""]",1,0.000244140625,False,False,,,11.420554994332146,0.5681949667825904,{},{}
"[1, 1, 1, 0, 1, 1, 1, 1, 1, 1, 0, 0]",111011111100,"[""111011111100""]",1,0.000244140625,False,False,,,11.405391741001178,0.5674247923313911,{},{}
"[1, 1, 1, 0, 1, 1, 1, 1, 1, 1, 1, 1]",111011111111,"[""111011111111""]",1,0.000244140625,False,False,,,16.317797515196208,0.8169365124503205,{},{}
"[1, 1, 1, 1, 0, 0, 0, 0, 0, 0, 0, 0]",111100000000,"[""111100000000""]",1,0.000244140625,False,False,,,6.443364609454913,0.31539269608791987,{},{}
"[1, 1, 1, 1, 0, 0, 0, 0, 0, 0, 0, 1]",111100000001,"[""111100000001""]",1,0.000244140625,False,False,,,5.8183460651159375,0.28364665162973346,{},{}
"[1, 1, 1, 1, 0, 0, 0, 0, 0, 0, 1, 1]",111100000011,"[""111100000011""]",1,0.000244140625,False,False,,,7.1341264260639825,0.35047798361851845,{},{}
"[1, 1, 1, 1, 0, 0, 0, 0, 0, 1, 1, 1]",111100000111,"[""111100000111""]",1,0.000244140625,False,False,,,10.541911034601625,0.5235667386105408,{},{}
"[1, 1, 1, 1, 0, 0, 0, 0, 1, 0, 0, 0]",111100001000,"[""111100001000""]",1,0.000244140625,False,False,,,5.770211518606964,0.28120179384545024,{},{}
"[1, 1, 1, 1, 0, 0, 0, 0, 1, 0, 1, 0]",111100001010,"[""111100001010""]",1,0.000244140625,False,False,,,5.08599187955501,0.24644879767078445,{},{}
"[1, 1, 1, 1, 0, 0, 0, 1, 0, 1, 1, 0]",111100010110,"[""111100010110""]",1,0.000244140625,False,False,,,6.538761332878385,0.32023810211690384,{},{}
"[1, 1, 1, 1, 0, 0, 0, 1, 1, 0, 0, 0]",111100011000,"[""111100011000""]",1,0.000244140625,False,False,,,7.128171667317749,0.35017552853521267,{},{}
"[1, 1, 1, 1, 0, 0, 0, 1, 1, 1, 1, 0]",111100011110,"[""111100011110""]",1,0.000244140625,False,False,,,7.901278084042724,0.3894432765061424,{},{}
"[1, 1, 1, 1, 0, 0, 0, 1, 1, 1, 1, 1]",111100011111,"[""111100011111""]",1,0.000244140625,False,False,,,11.311929381716034,0.5626776368431149,{},{}
"[1, 1, 1, 1, 0, 0, 1, 0, 0, 1, 1, 0]",111100100110,"[""111100100110""]",1,0.000244140625,False,False,,,6.6116804809269505,0.32394182344928624,{},{}
"[1, 1, 1, 1, 0, 0, 1, 0, 1, 0, 0, 0]",111100101000,"[""111100101000""]",1,0.000244140625,False,False,,,7.177996127144607,0.3527062206740218,{},{}
"[1, 1, 1, 1, 0, 0, 1, 0, 1, 1, 1, 0]",111100101110,"[""111100101110""]",1,0.000244140625,False,False,,,7.9741972320912895,0.39314699783852475,{},{}
"[1, 1, 1, 1, 0, 0, 1, 1, 1, 1, 0, 1]",111100111101,"[""111100111101""]",1,0.000244140625,False,False,,,11.427028317527338,0.5685237608764746,{},{}
"[1, 1, 1, 1, 0, 0, 1, 1, 1, 1, 1, 0]",111100111110,"[""111100111110""]",1,0.000244140625,False,False,,,11.399533749047503,0.5671272522428906,{},{}
"[1, 1, 1, 1, 0, 1, 0, 0, 0, 0, 0, 1]",111101000001,"[""111101000001""]",1,0.000244140625,False,False,,,7.236496119375268,0.35567756187818117,{},{}
"[1, 1, 1, 1, 0, 1, 0, 0, 0, 0, 1, 0]",111101000010,"[""111101000010""]",1,0.000244140625,False,False,,,7.159460103656146,0.3517647359275732,{},{}
"[1, 1, 1, 1, 0, 1, 0, 0, 0, 0, 1, 1]",111101000011,"[""111101000011""]",1,0.000244140625,False,False,,,8.552276480323313,0.42250889386696616,{},{}
"[1, 1, 1, 1, 0, 1, 0, 0, 0, 1, 1, 0]",111101000110,"[""111101000110""]",1,0.000244140625,False,False,,,8.570499685069013,0.42343448987250465,{},{}
"[1, 1, 1, 1, 0, 1, 0, 0, 1, 0, 1, 0]",111101001010,"[""111101001010""]",1,0.000244140625,False,False,,,6.588501509339817,0.3227645133211869,{},{}
"[1, 1, 1, 1, 0, 1, 0, 0, 1, 1, 0, 1]",111101001101,"[""111101001101""]",1,0.000244140625,False,False,,,8.076577106471806,0.3983470932167264,{},{}
"[1, 1, 1, 1, 0, 1, 0, 1, 0, 0, 0, 1]",111101010001,"[""111101010001""]",1,0.000244140625,False,False,,,6.576621347079907,0.32216109417036404,{},{}
"[1, 1, 1, 1, 0, 1, 0, 1, 0, 0, 1, 1]",111101010011,"[""111101010011""]",1,0.000244140625,False,False,,,7.959778076273385,0.3924146177103018,{},{}
"[1, 1, 1, 1, 0, 1, 0, 1, 0, 1, 0, 1]",111101010101,"[""111101010101""]",1,0.000244140625,False,False,,,8.005495849498919,0.3947367223494242,{},{}
"[1, 1, 1, 1, 0, 1, 0, 1, 0, 1, 1, 0]",111101010110,"[""111101010110""]",1,0.000244140625,False,False,,,7.978001281019084,0.3933402137158402,{},{}
"[1, 1, 1, 1, 0, 1, 0, 1, 1, 0, 1, 1]",111101011011,"[""111101011011""]",1,0.000244140625,False,False,,,9.4066544029632,0.46590459750149504,{},{}
"[1, 1, 1, 1, 0, 1, 1, 0, 0, 0, 1, 0]",111101100010,"[""111101100010""]",1,0.000244140625,False,False,,,6.549409791187644,0.3207789603585652,{},{}
"[1, 1, 1, 1, 0, 1, 1, 0, 0, 1, 0, 0]",111101100100,"[""111101100100""]",1,0.000244140625,False,False,,,6.752974989125748,0.3311184772935662,{},{}
"[1, 1, 1, 1, 0, 1, 1, 0, 1, 0, 0, 0]",111101101000,"[""111101101000""]",1,0.000244140625,False,False,,,8.680505756929414,0.4290219363244242,{},{}
"[1, 1, 1, 1, 0, 1, 1, 0, 1, 1, 1, 1]",111101101111,"[""111101101111""]",1,0.000244140625,False,False,,,12.926282974436921,0.644674149410517,{},{}
"[1, 1, 1, 1, 0, 1, 1, 1, 0, 0, 1, 0]",111101110010,"[""111101110010""]",1,0.000244140625,False,False,,,7.9569113871377155,0.39226901236535155,{},{}
"[1, 1, 1, 1, 0, 1, 1, 1, 0, 0, 1, 1]",111101110011,"[""111101110011""]",1,0.000244140625,False,False,,,9.367562684811025,0.46391904453887317,{},{}
"[1, 1, 1, 1, 0, 1, 1, 1, 1, 0, 0, 1]",111101111001,"[""111101111001""]",1,0.000244140625,False,False,,,11.431282282307366,0.5687398289535797,{},{}
"[1, 1, 1, 1, 0, 1, 1, 1, 1, 0, 1, 0]",111101111010,"[""111101111010""]",1,0.000244140625,False,False,,,11.421622634833675,0.5682491945541243,{},{}
"[1, 1, 1, 1, 0, 1, 1, 1, 1, 1, 1, 1]",111101111111,"[""111101111111""]",1,0.000244140625,False,False,,,16.351619491393137,0.8186544038148831,{},{}
"[1, 1, 1, 1, 1, 0, 0, 0, 0, 0, 0, 0]",111110000000,"[""111110000000""]",1,0.000244140625,False,False,,,7.828392319017396,0.38574125076975385,{},{}
"[1, 1, 1, 1, 1, 0, 0, 0, 0, 0, 0, 1]",111110000001,"[""111110000001""]",1,0.000244140625,False,False,,,7.22446366855979,0.3550664076620561,{},{}
"[1, 1, 1, 1, 1, 0, 0, 0, 0, 1, 0, 1]",111110000101,"[""111110000101""]",1,0.000244140625,False,False,,,8.632248277097432,0.4265708344906276,{},{}
"[1, 1, 1, 1, 1, 0, 0, 0, 1, 0, 0, 0]",111110001000,"[""111110001000""]",1,0.000244140625,False,False,,,7.155239228169448,0.35155034852728423,{},{}
"[1, 1, 1, 1, 1, 0, 0, 0, 1, 0, 0, 1]",111110001001,"[""111110001001""]",1,0.000244140625,False,False,,,6.551310577711841,0.3208755054195865,{},{}
"[1, 1, 1, 1, 1, 0, 0, 0, 1, 0, 1, 0]",111110001010,"[""111110001010""]",1,0.000244140625,False,False,,,6.550692521558221,0.32084411301002014,{},{}
"[1, 1, 1, 1, 1, 0, 0, 0, 1, 0, 1, 1]",111110001011,"[""111110001011""]",1,0.000244140625,False,False,,,7.964598792106759,0.3926594722999019,{},{}
"[1, 1, 1, 1, 1, 0, 0, 1, 0, 1, 0, 1]",111110010101,"[""111110010101""]",1,0.000244140625,False,False,,,8.030956543361432,0.39602992608972354,{},{}
"[1, 1, 1, 1, 1, 0, 0, 1, 0, 1, 1, 0]",111110010110,"[""111110010110""]",1,0.000244140625,False,False,,,8.062045013440956,0.39760897676305257,{},{}
"[1, 1, 1, 1, 1, 0, 0, 1, 1, 0, 0, 0]",111110011000,"[""111110011000""]",1,0.000244140625,False,False,,,8.571782415439593,0.4234996425239597,{},{}
"[1, 1, 1, 1, 1, 0, 1, 0, 0, 0, 0, 0]",111110100000,"[""111110100000""]",1,0.000244140625,False,False,,,7.218342006548895,0.35475547520074585,{},{}
"[1, 1, 1, 1, 1, 0, 1, 0, 0, 0, 1, 1]",111110100011,"[""111110100011""]",1,0.000244140625,False,False,,,8.027701570486206,0.3958645989733635,{},{}
"[1, 1, 1, 1, 1, 0, 1, 0, 1, 0, 1, 0]",111110101010,"[""111110101010""]",1,0.000244140625,False,False,,,7.958477130095864,0.39234853983859164,{},{}
"[1, 1, 1, 1, 1, 0, 1, 0, 1, 0, 1, 1]",111110101011,"[""111110101011""]",1,0.000244140625,False,False,,,9.390218321650543,0.46506977336260197,{},{}
"[1, 1, 1, 1, 1, 0, 1, 0, 1, 1, 0, 1]",111110101101,"[""111110101101""]",1,0.000244140625,False,False,,,9.475185772260406,0.469385454055584,{},{}
"[1, 1, 1, 1, 1, 0, 1, 1, 0, 0, 0, 1]",111110110001,"[""111110110001""]",1,0.000244140625,False,False,,,8.030956543361432,0.39602992608972354,{},{}
"[1, 1, 1, 1, 1, 0, 1, 1, 0, 1, 0, 0]",111110110100,"[""111110110100""]",1,0.000244140625,False,False,,,8.097471016811532,0.3994083401390106,{},{}
"[1, 1, 1, 1, 1, 0, 1, 1, 0, 1, 1, 0]",111110110110,"[""111110110110""]",1,0.000244140625,False,False,,,9.542465757439594,0.4728027501022214,{},{}
"[1, 1, 1, 1, 1, 0, 1, 1, 1, 0, 0, 1]",111110111001,"[""111110111001""]",1,0.000244140625,False,False,,,11.39347329452577,0.5668194286424129,{},{}
"[1, 1, 1, 1, 1, 0, 1, 1, 1, 1, 0, 1]",111110111101,"[""111110111101""]",1,0.000244140625,False,False,,,12.89172895953055,0.6429190762157103,{},{}
"[1, 1, 1, 1, 1, 1, 0, 0, 1, 0, 0, 0]",111111001000,"[""111111001000""]",1,0.000244140625,False,False,,,10.683721211148463,0.5307695843661662,{},{}
"[1, 1, 1, 1, 1, 1, 0, 0, 1, 0, 0, 1]",111111001001,"[""111111001001""]",1,0.000244140625,False,False,,,10.079792560690855,0.5000947412584684,{},{}
"[1, 1, 1, 1, 1, 1, 0, 0, 1, 1, 0, 0]",111111001100,"[""111111001100""]",1,0.000244140625,False,False,,,10.094760792561331,0.500855010147647,{},{}
"[1, 1, 1, 1, 1, 1, 0, 0, 1, 1, 1, 0]",111111001110,"[""111111001110""]",1,0.000244140625,False,False,,,11.490214085950104,0.5717331027938336,{},{}
"[1, 1, 1, 1, 1, 1, 0, 1, 0, 1, 0, 0]",111111010100,"[""111111010100""]",1,0.000244140625,False,False,,,10.082262574147801,0.5002201985872577,{},{}
"[1, 1, 1, 1, 1, 1, 0, 1, 0, 1, 0, 1]",111111010101,"[""111111010101""]",1,0.000244140625,False,False,,,11.49616884469634,0.5720355578771396,{},{}
"[1, 1, 1, 1, 1, 1, 0, 1, 0, 1, 1, 1]",111111010111,"[""111111010111""]",1,0.000244140625,False,False,,,14.958998506330543,0.7479201702379297,{},{}
"[1, 1, 1, 1, 1, 1, 0, 1, 1, 0, 0, 1]",111111011001,"[""111111011001""]",1,0.000244140625,False,False,,,11.496335747961002,0.572044035255144,{},{}
"[1, 1, 1, 1, 1, 1, 0, 1, 1, 0, 1, 0]",111111011010,"[""111111011010""]",1,0.000244140625,False,False,,,11.563094060052812,0.5754348343967303,{},{}
"[1, 1, 1, 1, 1, 1, 0, 1, 1, 0, 1, 1]",111111011011,"[""111111011011""]",1,0.000244140625,False,False,,,12.97700033060135,0.647250193686612,{},{}
"[1, 1, 1, 1, 1, 1, 0, 1, 1, 1, 0, 0]",111111011100,"[""111111011100""]",1,0.000244140625,False,False,,,11.511303979831474,0.5728043041443224,{},{}
"[1, 1, 1, 1, 1, 1, 0, 1, 1, 1, 1, 1]",111111011111,"[""111111011111""]",1,0.000244140625,False,False,,,16.405874833020363,0.8214101500291232,{},{}
"[1, 1, 1, 1, 1, 1, 1, 0, 0, 1, 0, 0]",111111100100,"[""111111100100""]",1,0.000244140625,False,False,,,10.163975051882439,0.5043705521638797,{},{}
"[1, 1, 1, 1, 1, 1, 1, 0, 0, 1, 0, 1]",111111100101,"[""111111100101""]",1,0.000244140625,False,False,,,11.59571624343712,0.5770917856878902,{},{}
"[1, 1, 1, 1, 1, 1, 1, 0, 1, 1, 0, 1]",111111101101,"[""111111101101""]",1,0.000244140625,False,False,,,13.024757649120794,0.6496758912449548,{},{}
"[1, 1, 1, 1, 1, 1, 1, 0, 1, 1, 1, 1]",111111101111,"[""111111101111""]",1,0.000244140625,False,False,,,16.43804586351571,0.8230441862887211,{},{}
"[1, 1, 1, 1, 1, 1, 1, 1, 0, 0, 0, 0]",111111110000,"[""111111110000""]",1,0.000244140625,False,False,,,12.061172680266434,0.60073332540022,{},{}
"[1, 1, 1, 1, 1, 1, 1, 1, 0, 1, 0, 1]",111111110101,"[""111111110101""]",1,0.000244140625,False,False,,,12.994424509701119,0.6481352054504369,{},{}
"[1, 1, 1, 1, 1, 1, 1, 1, 1, 1, 0, 0]",111111111100,"[""111111111100""]",1,0.000244140625,False,False,,,15.009559644836258,0.7504882798810708,{},{}
"[1, 1, 1, 1, 1, 1, 1, 1, 1, 1, 0, 1]",111111111101,"[""111111111101""]",1,0.000244140625,False,False,,,16.441300836390937,0.8232095134050812,{},{}
